x,y,gene
769.6600114841668,600.6946808567604,Gene 8
766.2252769706329,597.1982780149676,Gene 13
764.4038873416017,597.6802780434136,Gene 13
766.6230403499243,607.0997494444439,Gene 16
771.245531103445,603.5150604307124,Gene 16
771.6207920083878,601.7352317547294,Gene 16
769.2286722636281,606.9616843081981,Gene 16
763.9963123430781,601.3144558390039,Gene 19
769.3650620146713,603.1496671920985,Gene 19
771.8393078920666,597.2171813803301,Gene 19
770.1633523207119,605.2854117425534,Gene 19
765.8626012191198,596.2612190870149,Gene 20
770.8194956595435,597.9553200483506,Gene 20
766.0691173738675,606.19160903811,Gene 20
767.5088189041095,600.4731172599621,Gene 20
766.3174572487627,606.5969027510101,Gene 20
770.6935369350405,604.4420374747776,Gene 20
764.3837746185976,599.5688324844301,Gene 20
771.9058178274252,604.2610117498458,Gene 20
769.4154509062281,604.2637077481936,Gene 21
771.8666542737878,599.7340301140828,Gene 21
766.1451477058264,598.2535963590508,Gene 21
762.7990225037945,600.5304124442002,Gene 21
764.6004140510366,605.8412338466463,Gene 21
769.1503665571615,603.7015086206418,Gene 21
763.2070314692792,603.1294272934626,Gene 22
763.0522178042895,599.8813582429906,Gene 23
762.4340327413346,601.9727626087704,Gene 23
765.7178031231383,605.0939824693069,Gene 24
762.2060562702753,603.9223041308782,Gene 24
772.1684949672264,602.704170411268,Gene 24
768.470468633052,604.8274576617778,Gene 24
771.2207625860002,600.6796599045243,Gene 24
767.5621488078287,606.3534936007957,Gene 25
771.428660315344,603.1368683564626,Gene 25
763.0081508983554,603.2765369312432,Gene 25
771.3124982233535,599.1683343735041,Gene 25
762.9669191356096,598.8335564975224,Gene 25
767.1487413743058,599.4812722986162,Gene 25
770.6346528515568,605.5857893722872,Gene 25
771.7812568895674,598.6687480240548,Gene 27
769.5078093426378,606.9692935003363,Gene 31
765.5851779614721,606.1338928307356,Gene 31
768.8005618792724,606.9197692371039,Gene 40
769.3261273758385,600.6769960548452,Gene 43
770.827280055596,603.7210616032304,Gene 43
771.2579838282079,600.3391813254283,Gene 43
766.6502993090883,605.8397443553768,Gene 43
778.1302910406603,595.1248497943859,Gene 2
779.2168918811883,606.5974692714731,Gene 6
779.6007193330129,597.2106897437756,Gene 13
777.895160779769,611.5015160158994,Gene 13
778.273059317702,610.5643328767725,Gene 13
777.8786201330628,609.7978526060743,Gene 13
777.3158008445401,605.9123627815843,Gene 13
777.4944316059665,604.3918567176867,Gene 16
776.7770579712414,607.4870964775383,Gene 16
779.3565308106618,599.5486383958781,Gene 19
776.8135580305103,605.4863170492613,Gene 19
776.482340751778,603.0617894834238,Gene 19
777.2737492233208,596.4143615548707,Gene 20
778.6037665610725,596.9211186573114,Gene 20
778.4802020603332,595.2334440140753,Gene 20
779.0490815472681,609.412715758656,Gene 20
777.1397166593327,600.0786064177898,Gene 20
779.4153243723971,601.2397804894446,Gene 20
778.3793578057638,606.3848258938442,Gene 21
777.8468286481658,607.1939745170756,Gene 21
778.3209113161872,594.6247804562677,Gene 21
779.0281596923464,601.8795244293825,Gene 21
778.9457584322454,592.864956857107,Gene 21
779.6253149330865,604.9388655462825,Gene 21
778.3766873502993,608.7833448265416,Gene 21
778.5723219668334,591.8277028861286,Gene 21
778.1115465077152,607.1772185437408,Gene 21
777.9547679178619,594.1672132152177,Gene 21
779.4459588737374,594.8929331048641,Gene 23
777.6152530780131,607.7093203154668,Gene 23
777.2329854554424,602.2102517050026,Gene 24
778.1972102001738,606.4910593372229,Gene 24
777.444027347387,611.6850662522919,Gene 24
777.6740450038466,592.5897004802222,Gene 24
778.4457556693488,595.2216773335156,Gene 24
777.3508126397181,607.9597740529973,Gene 24
778.4370322539588,599.490122865068,Gene 24
778.4835559776807,602.6292883954939,Gene 25
776.6424987212081,606.1929504948973,Gene 25
779.5057502919635,597.0157620710481,Gene 25
778.1746771583508,594.3905157274746,Gene 25
777.9838691017294,592.6996819358417,Gene 25
779.4337994813598,602.7091523863756,Gene 25
779.4678501600791,601.4433656396543,Gene 25
777.3176676309289,596.2209930003394,Gene 25
777.1492760446336,594.2097246937309,Gene 25
778.2451280377279,604.538450294331,Gene 27
776.9132177141931,600.7676539635935,Gene 31
777.6338699587039,598.0885019604381,Gene 31
778.9778353496772,609.3007930664,Gene 40
779.3039201760433,606.5968860011998,Gene 43
778.9356469344574,609.064963788232,Gene 43
778.9924910878573,606.9442049860947,Gene 43
784.08417383166,604.2377940679444,Gene 5
787.6650892903931,604.741854788187,Gene 6
788.3278226159418,602.0870831394428,Gene 6
782.9375791001057,609.2729926922036,Gene 6
783.4827823208584,602.2938236609843,Gene 6
782.11574105286,606.2327368853066,Gene 6
785.0064047255006,604.2178968718846,Gene 6
790.2156237912982,605.1936623504371,Gene 8
789.1891985777182,604.225502627072,Gene 8
785.3018322553384,603.3868453269336,Gene 12
781.2243265402832,608.0604512265692,Gene 13
789.0558593131187,606.542589373998,Gene 13
782.7936954663285,603.0646252490051,Gene 13
787.9902112968907,606.5507190142215,Gene 16
781.1148780391298,607.3157607951256,Gene 16
786.6503255162506,610.5904361522641,Gene 19
788.8859345143346,603.6813712197135,Gene 19
786.6117349399493,612.2156271049888,Gene 19
785.3649740758843,600.7359319965611,Gene 19
785.6556193795424,603.4822717117347,Gene 19
781.7998215161967,609.4505073797433,Gene 20
785.8476322672915,611.0779166652906,Gene 20
783.1319744855855,604.5030459027479,Gene 20
789.5562205849334,609.5666125396123,Gene 20
781.2051087041488,609.8133485295676,Gene 20
786.0681147742307,603.3633459162828,Gene 20
786.1216192601089,606.2719578101078,Gene 20
788.099059051889,602.3841623694509,Gene 21
788.7434104583036,606.8966486689178,Gene 21
789.0445226826022,610.3705941232062,Gene 21
785.8775305199816,611.7472901205603,Gene 21
789.7169437739225,610.6707026997732,Gene 21
782.1946331225055,610.3567207894024,Gene 21
786.3340056146072,602.9697411646466,Gene 21
783.5735198768057,611.7847794171918,Gene 21
783.6677535577521,611.7645308459387,Gene 21
783.4525115462167,603.0539368518599,Gene 22
786.5234619369278,612.5635252602679,Gene 22
782.3484863149783,608.4603719289329,Gene 22
789.4239923510718,605.2594195433546,Gene 23
783.6600277021596,601.6136883964596,Gene 23
781.6625202537601,603.5616250444983,Gene 23
789.671330328193,604.4378664532808,Gene 23
786.0367611348063,602.2664528030866,Gene 23
782.2779926119757,610.0193303948332,Gene 23
786.7214100162589,601.5964205793621,Gene 23
783.9761172846831,606.5702117379623,Gene 24
787.8180758097152,608.5956700151238,Gene 24
785.1800015334154,603.3100987866351,Gene 25
788.1138062040568,611.1015775870192,Gene 25
783.9159066892073,603.1344246050664,Gene 25
784.9681360837538,611.8680267644731,Gene 25
787.7046898138218,602.2595756946475,Gene 25
784.471149469332,608.8733248997983,Gene 25
781.2893285736396,605.9146286457616,Gene 25
787.7320948169125,605.6319992503943,Gene 25
783.4673215890563,603.2368010931162,Gene 25
788.0326917310791,603.2543525962757,Gene 27
787.8488971200902,604.4067308560794,Gene 40
782.5428952956893,608.566210205023,Gene 40
790.3989437963289,608.9713427692028,Gene 40
785.336246436642,610.6087913015048,Gene 43
792.5164495465402,602.2704900973575,Gene 3
794.3236395239179,609.0793394507704,Gene 6
795.9577806569633,610.9467113252696,Gene 6
792.4129541871195,601.8781606676347,Gene 6
791.687562307718,605.8564573310837,Gene 8
792.7837988363356,612.3181488015072,Gene 8
795.3609137413056,603.3443738790816,Gene 13
796.6721711011612,605.4680449841231,Gene 13
796.1781953229868,600.2646180535082,Gene 13
791.34680542601,601.2876701017007,Gene 13
795.3074821089406,610.2700876362346,Gene 16
795.5216054741718,611.9092986545821,Gene 19
793.9660206165446,611.4360981360046,Gene 19
793.2660649646598,603.7433374897676,Gene 19
795.6844141424116,601.4013615946938,Gene 19
796.65613948518,603.5350743319527,Gene 20
797.0066755626221,603.1889667269495,Gene 20
797.115534147034,606.1494028474481,Gene 20
796.896263203343,602.9408683455825,Gene 20
793.7440367446621,604.0270511333196,Gene 20
795.3908695237092,607.1012786321712,Gene 21
796.1676669111324,607.8777439647755,Gene 21
793.4141517094533,603.2265534023325,Gene 21
795.4598716331163,601.2898396803721,Gene 21
790.6452555522385,604.9832708913557,Gene 21
797.3407083525952,604.3249293627813,Gene 21
795.1909238034427,598.765944923004,Gene 22
793.6085775611016,601.9301068863788,Gene 22
795.7797588853207,599.8393928741776,Gene 22
795.5197521581381,606.8623053266097,Gene 22
792.4089081665483,602.3636844873081,Gene 23
791.9815730891588,602.2530895970702,Gene 23
797.2080027250435,610.3962432487106,Gene 23
794.8378918994445,601.4694327249094,Gene 24
791.1703050549845,612.089291121713,Gene 24
795.8383057296547,604.3312074352464,Gene 24
795.193909923378,599.4760174220539,Gene 24
795.3797176938364,610.0174824322394,Gene 24
795.1709927232189,610.1489074818902,Gene 25
797.0652621497023,602.9596236611158,Gene 25
795.907964057755,607.4405975739625,Gene 25
790.5199183449176,606.8455801626317,Gene 25
795.0312508450739,608.6614026080933,Gene 25
793.4146455355111,600.431175883417,Gene 25
795.9303520290287,610.3321493164104,Gene 31
793.8333876138867,601.7666237704705,Gene 40
795.6126126303346,601.2519687600819,Gene 43
795.5734316546807,603.9897286982391,Gene 43
790.20197034903,607.1135839874993,Gene 6
785.8688730430663,612.9062969489012,Gene 8
788.34553821738,608.5380168523214,Gene 12
791.1719747844456,609.6063381826872,Gene 13
785.8586820378712,608.279400573799,Gene 16
791.5109934842484,616.362754306744,Gene 16
792.4004539398127,614.6278161473406,Gene 16
791.5339346587585,617.3522547331029,Gene 19
791.3657887558649,609.5686436693128,Gene 19
787.2987263502245,606.087500539866,Gene 19
790.0529682556145,605.661357642225,Gene 19
790.3653500972781,620.0251132807787,Gene 20
790.241347995884,605.8409983330856,Gene 20
787.2365106765346,616.7465484256023,Gene 20
791.6805313163541,612.2067080859335,Gene 20
791.1655036737731,612.7524101647068,Gene 20
790.8143677484518,605.8145167446472,Gene 20
784.9624787826816,610.4309059716552,Gene 21
787.0605423759965,609.7138356553442,Gene 21
791.364922389747,612.2882906451656,Gene 21
792.5322243718485,614.3655508452064,Gene 21
789.2243768754341,607.2734360320558,Gene 21
788.893906769895,619.4507319073327,Gene 23
789.0264182952014,606.8889809544772,Gene 23
790.9700256648176,610.8156171128619,Gene 23
786.3979281381692,607.1830287866758,Gene 24
786.7993978882178,612.4278178163539,Gene 24
785.6609616431971,617.811050853954,Gene 24
788.9219978688506,619.7202912929525,Gene 25
786.5857282142908,607.1191877614062,Gene 25
790.093410423364,619.4613270088221,Gene 25
790.2168960934481,606.5503703915476,Gene 25
787.6402886817766,618.9280065869258,Gene 25
788.9306640584622,618.6288307095906,Gene 25
785.512706763347,611.3232167324596,Gene 31
791.8011473421219,608.8730696584718,Gene 31
790.0326661381191,619.2047335119746,Gene 31
785.4716949148867,615.824281010148,Gene 31
787.5778872446255,613.6043212314662,Gene 40
792.1036317071485,612.9267805440155,Gene 40
785.9688813596855,615.1581452898428,Gene 40
788.2031129723314,608.6826685970542,Gene 43
784.8245876157642,614.9278208094346,Gene 43
704.3972501222364,596.8247939372342,Gene 1
704.7759765314889,611.6980778417616,Gene 9
705.3050001415596,613.1617963221211,Gene 11
704.5340537435085,605.3803122654869,Gene 11
705.2670933582101,603.4881020977601,Gene 12
704.0192439968727,610.9651161591712,Gene 12
703.1376251519467,605.3905359805756,Gene 14
706.1866743970392,613.5287941128244,Gene 14
706.8017154869855,610.3468753319522,Gene 14
707.0654554496837,609.3127851890068,Gene 14
704.2472911267307,601.078035047744,Gene 14
705.042642235881,611.731783892988,Gene 14
703.4864473698998,607.6007532913193,Gene 15
705.8536347238454,602.0983801319463,Gene 15
705.1825953525082,603.9627235860812,Gene 15
704.8399690373064,598.0981907162231,Gene 15
705.5197260676691,598.3820586614975,Gene 15
704.423503912725,601.3036463542294,Gene 16
703.1968372271169,609.8303186723596,Gene 16
704.4128402893375,599.810272048085,Gene 16
706.7107559330244,608.0622773748353,Gene 17
704.284448206761,611.8401514930985,Gene 17
705.0054586463634,615.6196951837494,Gene 17
704.7238668975814,613.2601520985942,Gene 17
703.9705072546371,601.5423534470602,Gene 18
705.8153671130973,608.3486148760719,Gene 18
704.2546560879009,600.7491135812527,Gene 18
703.9547010709416,600.0533492092031,Gene 18
705.1511526574953,612.4316361627386,Gene 18
706.5009472329031,600.4571285512171,Gene 20
704.9790158184773,604.0716689206919,Gene 20
706.3315622701241,604.5026026705331,Gene 20
705.5880850516614,612.3759597190028,Gene 20
706.3163513354546,598.01371967015,Gene 20
706.397705071754,610.4304858228044,Gene 20
704.8046819093915,599.0069332845158,Gene 20
707.3256285057693,602.2627935034232,Gene 22
706.2059920517466,613.3755225803375,Gene 22
706.9444179028421,604.6535168436264,Gene 22
706.7957427656224,600.4468883718399,Gene 23
705.2418484441101,611.6933189999738,Gene 31
706.039349403677,611.9600595473175,Gene 31
705.8000673332862,612.470144908922,Gene 31
706.0153599346531,612.2030088418377,Gene 34
704.9058501172009,612.1799032344189,Gene 34
704.5770366765673,599.2482756861396,Gene 34
706.5076702287652,608.5716998538358,Gene 34
703.694291153019,605.918715698099,Gene 34
703.6115742149283,601.8557547164704,Gene 40
713.4576210385943,594.2843590150609,Gene 1
713.7296171695676,596.5363773396781,Gene 1
713.4206678330959,597.0259947822871,Gene 9
713.7923372628223,595.1073708377971,Gene 11
713.5679114390924,599.7639414026346,Gene 11
713.7003241878787,596.8770128123836,Gene 11
713.8497635278815,597.6400273988824,Gene 11
713.5885031482068,593.0297991512252,Gene 11
713.5712908941122,611.5330779651722,Gene 11
713.5396976898159,609.9780884393738,Gene 14
713.6860638324902,606.2199446223334,Gene 14
713.6771930436005,592.439034516596,Gene 14
713.4772208031737,602.2063818122967,Gene 14
713.427846401979,610.8179402596651,Gene 14
713.5748137365099,608.5899509512684,Gene 14
713.6505667715243,594.5493595400168,Gene 14
713.5434817855233,611.8717040096413,Gene 14
713.4901203819561,604.5148892791923,Gene 14
713.8241498891497,600.6331462350079,Gene 15
713.6529002261245,608.9176454459306,Gene 15
713.7167660276303,598.8271954732996,Gene 15
713.6940535732948,594.7576736514693,Gene 15
713.5361879325845,613.3087519436018,Gene 15
713.5656529023195,596.3469335275042,Gene 16
713.4236089410197,605.6549524647171,Gene 16
713.701061264994,610.9888459845454,Gene 16
713.6046104437098,591.1899704419949,Gene 16
713.7528508176092,606.3064682142829,Gene 16
713.8384596290953,604.8161040257529,Gene 17
713.8299378542306,605.9934577101991,Gene 17
713.6349639987931,606.2145142121412,Gene 17
713.5107837470655,594.8390420111858,Gene 17
713.4198034209721,606.177168238169,Gene 18
713.5251455431146,611.4203549151175,Gene 18
713.3645918494517,601.199806865876,Gene 18
713.5489861001164,599.6631888862732,Gene 19
713.4801991982289,610.8132888268146,Gene 20
713.7815482423142,604.4657629597039,Gene 23
713.8123793771525,608.623587564638,Gene 31
713.4023608247821,598.9553586083227,Gene 31
713.7746176317937,610.7954878815904,Gene 31
713.6804836712055,595.5910260140244,Gene 31
713.5373073032611,610.8516755879634,Gene 31
713.728518134196,612.0202005503945,Gene 31
713.7602697125122,607.2556504754555,Gene 34
713.5416588976217,604.5304243664153,Gene 34
713.4795704368049,603.0189507312913,Gene 34
713.4826473214554,596.014099753093,Gene 46
718.4532637506068,603.9078297779203,Gene 1
727.736337408646,601.247142921522,Gene 11
722.1290459655609,602.4272308439752,Gene 11
721.297167796772,608.2041786016312,Gene 11
731.1578089796667,606.4837260857178,Gene 11
731.412297166788,605.2375476628786,Gene 14
717.374768283023,603.4636812301216,Gene 14
725.5205882831328,606.9147323263603,Gene 15
719.8319384572728,602.2881355404313,Gene 15
728.8870141469963,605.7126997919054,Gene 15
718.5452661820161,603.848071055705,Gene 15
729.9758136774349,606.6950108326165,Gene 15
723.5878411663748,600.8849133020558,Gene 15
723.8980620012738,602.1360263917735,Gene 15
719.3301548152012,605.1314304702943,Gene 15
729.1612888965554,604.8134154522514,Gene 16
719.2859044087793,603.2482878148553,Gene 16
721.5320262543496,604.5728213718404,Gene 16
721.6023045419106,604.3180688675666,Gene 16
722.387660080077,602.0773325578307,Gene 16
730.864159527794,606.8745268807852,Gene 16
722.8877896551037,607.7671081196501,Gene 16
724.0139459323235,602.3138993815941,Gene 16
728.0661696647443,606.6660797915162,Gene 16
718.4545479480474,605.4145986646118,Gene 16
727.9828104852004,600.8850737385893,Gene 16
721.8458829838934,604.4475337733736,Gene 16
725.3189113143719,606.9109564297115,Gene 16
727.6174987334815,606.8851298106002,Gene 17
727.0390291961995,603.5119047565402,Gene 17
720.8848066957079,602.2335133581278,Gene 17
719.4550692610316,602.5128799793646,Gene 17
720.0265639719468,603.2656260400489,Gene 17
720.8841740089821,607.6091250095512,Gene 17
722.0689923818909,602.3432223549588,Gene 18
723.1313616536069,608.4394712359106,Gene 18
726.4423098416743,604.6748815224402,Gene 18
731.3365222656503,603.9387314301484,Gene 18
728.3082212154828,601.9411263209545,Gene 18
730.9788205960563,605.5012885395745,Gene 18
727.1479366094838,602.2114808065279,Gene 18
723.2283999430597,607.0084259939754,Gene 19
728.347208019134,603.3867341609533,Gene 19
729.5577359652887,603.9112098764041,Gene 20
718.8178654748458,606.697243549971,Gene 20
729.6857204931345,604.7292532043462,Gene 20
729.0227849381043,606.539516632076,Gene 23
721.2511427144868,605.8554420127399,Gene 23
722.7168315188989,601.3965670276184,Gene 23
724.4533437894327,601.02906466105,Gene 23
721.0750147806157,602.0977986857321,Gene 23
728.8066162432109,601.7935705721951,Gene 23
725.9298692435028,601.0976679128022,Gene 23
724.3336215364604,606.0202344212231,Gene 31
723.7681461126452,608.4560369302116,Gene 31
718.8104158898389,604.690601810489,Gene 34
727.59277950117,608.206137345549,Gene 34
727.7021001717657,602.734318259846,Gene 34
717.8371329201136,605.4191033150942,Gene 46
735.6144830718026,610.9665283782027,Gene 9
734.6157142111842,609.1755890251222,Gene 9
737.1740616053715,598.7626973544119,Gene 9
733.7596868857167,611.4258158687842,Gene 9
734.409115674025,612.8333264098297,Gene 9
736.7755438227567,602.0002482911403,Gene 11
735.5711752463783,607.6985149377338,Gene 12
733.659965623507,602.8761295169187,Gene 14
737.0383125398023,597.7163887998347,Gene 14
732.1512395342309,602.1070748313676,Gene 14
737.7702578321595,603.2527213770437,Gene 14
735.9663318883635,600.288460684533,Gene 14
733.3376087492943,609.9755550244737,Gene 14
735.7930686775076,599.9767889709744,Gene 14
734.6106251615728,598.2538784970915,Gene 14
733.5070002880572,609.0405602465034,Gene 15
733.5982285335729,604.1551426348494,Gene 15
736.6624713750379,602.4696301710225,Gene 15
734.0387332194541,596.259733350967,Gene 16
732.7128950663852,608.4321830207467,Gene 16
736.7977773972459,610.6536172637911,Gene 16
732.938599229565,601.2502945103823,Gene 16
735.0194978060138,611.390774432803,Gene 16
736.2990591803434,606.9756043578302,Gene 17
732.9679989035493,609.7698954697963,Gene 17
734.1429511693843,610.9724779907843,Gene 17
733.0520510698027,600.3930366442388,Gene 17
735.3525224337703,596.5893621190908,Gene 17
733.3604096103388,609.4604805075105,Gene 17
733.2884241683961,601.0149599864401,Gene 17
734.7561131799049,598.4379478561445,Gene 17
737.2634654674813,598.6793110418089,Gene 18
732.1866030533745,606.1905636406661,Gene 18
735.5764253185952,608.149349009665,Gene 18
737.4016187885836,603.1781547486355,Gene 18
733.5865591890853,607.4935862350005,Gene 18
735.1130481121613,598.4879739262333,Gene 18
734.0652007034013,597.5821350323507,Gene 18
737.5061566506946,606.9364668309402,Gene 19
735.6013861255973,612.9455987459996,Gene 19
733.0441122281316,605.3867224937856,Gene 20
737.3564702731795,607.4210938587063,Gene 20
735.8726273873117,608.2514909093769,Gene 20
735.1013618405646,609.2773952395843,Gene 20
736.9435756738467,599.9400496654999,Gene 22
735.427171211334,600.377625556685,Gene 23
736.6076620331619,601.3082511085546,Gene 23
736.9674278003263,601.0109004321001,Gene 31
733.6592215773961,612.4489009081008,Gene 31
732.0605579648505,606.5885768009547,Gene 34
734.7757130439967,610.6797675001685,Gene 34
735.497828124773,609.473654918469,Gene 34
734.786341149629,607.3745152308886,Gene 34
737.7717844355932,601.2973135669871,Gene 46
741.7886224531042,609.7409548564126,Gene 9
742.0995559961967,613.7198859076256,Gene 11
740.6431968456458,613.6410696270958,Gene 11
745.7913286975502,609.6097864351134,Gene 11
741.4982289671461,616.1714683878208,Gene 11
745.7857019930733,608.0776931621002,Gene 11
743.1316506541426,613.5936607859263,Gene 14
742.9983105491159,601.8018873747229,Gene 14
741.8164746656761,602.6457217448242,Gene 14
739.3731534434312,611.425948047622,Gene 14
741.1146683997717,603.506291748896,Gene 14
742.864580058699,603.757695562189,Gene 14
744.5042309462052,603.5081086714645,Gene 14
741.1362764415869,604.0940772084479,Gene 14
745.4207583587508,613.9173094082322,Gene 14
744.7987240429588,610.1274580728358,Gene 14
744.1423799919044,606.8007409287262,Gene 14
745.8277062107744,607.3903832482385,Gene 14
740.1674619446907,610.5529565452927,Gene 15
742.7671504389341,603.4226208880817,Gene 15
739.7829536234317,608.6910879453237,Gene 15
742.2673812459959,602.7005436557455,Gene 15
741.2048754264297,603.8565691240624,Gene 15
744.4941568692759,605.983884143747,Gene 15
739.6017865267822,611.0522372147119,Gene 15
741.4469988747644,602.997560308058,Gene 16
743.7210738549745,614.1284694937327,Gene 16
744.4591170300497,612.4355928247805,Gene 17
745.5540433372829,610.0367395812821,Gene 17
741.8382681026474,615.3742539414426,Gene 17
739.6948589812433,607.4616587232202,Gene 17
740.1727826675715,610.0070486092447,Gene 17
744.8704153772762,611.5878760729063,Gene 17
745.1146102145859,613.8597640957759,Gene 17
743.8536330195368,603.9007870668221,Gene 17
740.4483650876227,610.783248598225,Gene 18
740.3199006262977,603.9503210553661,Gene 18
742.137169266349,603.2329862317832,Gene 18
743.8013208619461,610.9490568164584,Gene 18
742.880179114902,611.4016228429256,Gene 18
739.211644312456,607.6611987284706,Gene 18
740.1355460919532,612.6260446864044,Gene 18
739.3871492430455,611.3445476598625,Gene 18
742.6848509451667,603.6419344648544,Gene 18
742.6772976765877,613.300196165371,Gene 18
740.8313211868121,604.5357416237075,Gene 19
741.8668148853229,601.3323599015023,Gene 19
743.0977308723183,612.2686034466042,Gene 20
744.1649993530654,610.5984758131971,Gene 20
740.5982871313755,611.3590595325312,Gene 20
740.7504165217446,607.8255731839894,Gene 20
744.6136834559032,605.8186489500212,Gene 20
740.7587625276954,608.9265310253973,Gene 22
740.1969891278445,611.3399852129775,Gene 23
739.1045451339018,608.1120845483015,Gene 23
744.9150484229556,614.537050537278,Gene 31
740.8626666361514,613.2171771322385,Gene 34
742.6695454228317,603.3348858758623,Gene 37
754.4203300013396,608.7758018239551,Gene 0
755.9964999671932,615.4499315918855,Gene 1
755.9376450466812,606.9871815579392,Gene 1
753.3782049089576,604.961713577812,Gene 1
755.0011372717609,603.1243567180207,Gene 11
757.4375836018075,602.6541473311995,Gene 11
756.2475299288169,600.5445836162598,Gene 14
753.7314842347021,603.7593562172935,Gene 14
757.7955715570786,602.1177897343028,Gene 14
755.7908537706713,598.4420518731841,Gene 14
757.6617266464691,608.2103518504015,Gene 14
756.1168065226526,613.3544322378665,Gene 14
756.8737963923755,611.9758616134359,Gene 14
754.6659313630149,611.579466263433,Gene 14
755.1514791772566,612.68057798021,Gene 14
753.9759004956269,602.9220331362017,Gene 14
754.9959755995119,602.768420777386,Gene 15
756.4542256764295,611.6145811200123,Gene 15
757.452901265807,609.7206944039132,Gene 15
756.2036757969597,598.9043703067784,Gene 16
753.9704948426792,608.9242869199023,Gene 16
755.477670791299,599.3281809785809,Gene 16
757.1644375026907,610.011658432419,Gene 16
754.4178475539073,603.2763888396902,Gene 17
757.6536377224338,605.2435653740044,Gene 17
755.2272980960489,610.4092646523183,Gene 17
754.2213531244176,605.3389669618415,Gene 17
756.4762114178784,613.6883659513054,Gene 17
755.6031368831236,602.2294954634102,Gene 17
756.7948212963402,609.2612756121151,Gene 17
755.6702292228642,615.1838549245642,Gene 18
756.5857791326334,610.117235834941,Gene 18
757.0628759744899,612.4964200628427,Gene 18
756.4543299501051,611.1780269589915,Gene 18
754.5782819490743,611.0783123404088,Gene 18
755.6151721460308,611.2580899149156,Gene 18
753.9608970627114,601.0426820153799,Gene 18
754.3143121183747,604.3981223065616,Gene 18
757.3766502622042,603.0204513119266,Gene 20
753.606137235187,609.6384118052468,Gene 20
754.9065476302206,604.1856686696377,Gene 23
754.0121505889866,604.8163771239772,Gene 23
754.7723319991635,607.7594192198209,Gene 31
754.795307478074,601.5244953963131,Gene 31
756.9522695800393,610.3021754983233,Gene 34
757.4176477909601,601.0335967345042,Gene 34
766.5421732758107,607.0931878634581,Gene 1
760.8646231922568,604.8950873499973,Gene 9
764.8655867586048,607.9959921267106,Gene 11
763.8695266924886,598.8753533457048,Gene 11
759.6072139045028,604.1381480925575,Gene 11
763.0090189010632,599.7040089915473,Gene 11
765.2703977432719,605.7314901800022,Gene 14
766.7455905137138,599.3595859216452,Gene 14
765.295019958178,602.8579305153263,Gene 14
763.9257579888096,608.3334941076291,Gene 14
760.3049799282832,601.0921291173502,Gene 14
767.173148803043,605.8891325171973,Gene 14
767.551133957393,599.9829986287992,Gene 14
767.2678526662307,604.0706741846298,Gene 14
763.8649009561082,600.4068256394193,Gene 14
768.6247449729907,603.1729187545315,Gene 15
760.4529684851566,601.8558828941835,Gene 15
760.2219675608667,603.3600804260559,Gene 15
763.3964763836726,600.1538838577102,Gene 15
762.2388850108296,603.144269895241,Gene 15
760.0456776671506,600.6834525745737,Gene 15
764.8864018084173,608.0022105658132,Gene 16
761.9705856473768,597.6890213764312,Gene 16
765.736547749067,602.8913702047995,Gene 16
766.8814192047558,607.6479737185122,Gene 17
767.5471872988419,603.1711098099804,Gene 17
768.9118191463115,601.633124786274,Gene 17
768.8220954504877,604.6787452063284,Gene 17
766.8927510705789,600.9805400537515,Gene 17
761.2361472171349,607.8680905956234,Gene 17
762.582807595531,607.1334421988369,Gene 17
765.052145711709,603.1944700805628,Gene 18
763.2758124048964,606.7837026797589,Gene 18
763.6436480783871,608.8164997272448,Gene 18
767.0675192779365,598.66531306227,Gene 18
761.31155795518,601.4892720367158,Gene 20
764.3484563109573,598.1269078503938,Gene 20
760.8068066805262,598.3273469619064,Gene 20
764.9625938869899,609.3402790376439,Gene 20
766.1536535186341,600.5697290911129,Gene 23
766.0809643783481,607.2411389593194,Gene 23
766.388987036106,608.8426823748479,Gene 23
768.5131937258942,605.4998473395437,Gene 31
765.9108562920751,601.418579984801,Gene 31
762.2672484070393,597.6921935267147,Gene 31
765.8740049778149,604.2527562034488,Gene 31
763.6723627441573,598.4194449115495,Gene 31
764.9714071142382,606.8489939055066,Gene 34
763.065203537502,598.747039834786,Gene 34
762.7141066253512,606.5962066492697,Gene 40
763.2448703762756,608.614943325236,Gene 40
760.2653236467048,606.4907430636598,Gene 40
767.8428914858245,603.0520138921654,Gene 40
772.7521679500265,613.033536233827,Gene 1
769.2218087705165,608.4741926838484,Gene 11
773.5456065185792,609.7807386529189,Gene 11
767.9413648929204,604.1830781893942,Gene 12
769.4218934569014,605.8686728959727,Gene 14
768.0699457476763,608.4610060414658,Gene 14
767.1660654089877,608.1765764511819,Gene 14
773.7063618517425,609.8098656731979,Gene 14
768.4054890355362,605.3002128276386,Gene 15
768.0361777931947,605.2183164979772,Gene 15
769.7333405542148,603.9921554293214,Gene 15
774.6678254056905,606.796959096181,Gene 15
767.7597720130826,606.6307804002132,Gene 15
775.4283959356367,608.0809426112899,Gene 15
775.1189451887892,604.8070185691961,Gene 15
772.7690014748349,611.9501726828215,Gene 16
774.8391767141902,612.040989668688,Gene 16
772.153307711784,605.4727811367319,Gene 16
767.7978708107318,607.0127667995447,Gene 17
769.8076891784132,605.7810035127059,Gene 17
767.5546225106186,611.4266600505117,Gene 17
773.8404742366398,602.9923535176703,Gene 17
769.8736508437548,611.051750326547,Gene 18
775.7555613385805,608.2457290833953,Gene 18
767.7335732486326,608.7456623880336,Gene 18
768.7894858726278,613.124299617887,Gene 18
772.3312618542122,610.3442851062415,Gene 18
767.7233121521374,607.1276208641673,Gene 18
768.5514836999894,611.5373431846793,Gene 18
774.8414400898082,610.6440087457846,Gene 18
769.1822370492667,610.0088323158893,Gene 18
769.0388055823406,611.105582761125,Gene 18
775.119537228905,604.512458104137,Gene 18
771.6541035686818,612.3962309940408,Gene 18
767.7492350187547,610.0348925806745,Gene 19
775.126414082312,605.9363977262476,Gene 20
768.46370973947,606.1745844038124,Gene 20
772.5167668034273,609.4911338086749,Gene 20
773.3422070120025,608.6596865282627,Gene 20
773.8183696548381,612.6065538735188,Gene 20
769.2950225303889,602.3391490473003,Gene 20
769.6006399515968,612.9451011415689,Gene 20
774.2526346610247,603.980428362877,Gene 20
768.9132406451192,603.2842730190306,Gene 20
768.583874825744,609.0187803181594,Gene 20
772.5115308173097,604.61547449657,Gene 22
770.9283928392308,604.2675293931302,Gene 23
775.2643510457725,604.6867188581499,Gene 23
769.2800006075772,605.3648809485143,Gene 23
772.5879780500264,611.4955741477768,Gene 31
767.518453885748,607.3806853511802,Gene 31
772.4979771929248,609.4564116893404,Gene 34
708.8635421352258,623.3749822354783,Gene 1
708.951044352579,620.6167391243936,Gene 9
705.9076040407892,609.2196676259871,Gene 11
707.6451055071503,613.1811972780258,Gene 14
704.9490000130312,619.1466320711645,Gene 14
710.7747698463752,616.8288262200108,Gene 14
704.1465066530716,613.055156009984,Gene 14
704.8771461574212,615.7090454077447,Gene 14
707.360639510652,610.9186787383094,Gene 14
705.5371965940543,616.7191544210762,Gene 15
710.4559861990786,615.8456064461583,Gene 15
704.0297360540611,613.3913995716207,Gene 15
703.9747132597661,613.9238494159313,Gene 15
704.8035575905263,611.3640206800245,Gene 15
708.9273960403755,622.7159702771557,Gene 15
707.3655174694875,622.0272105085589,Gene 15
709.8092547192314,619.0028195605538,Gene 15
710.8062430475766,618.7028476027314,Gene 16
709.6098493312464,619.0416271600773,Gene 16
706.1077087254399,623.7337407963223,Gene 16
704.7845290322306,612.1202107220109,Gene 16
709.3178290287203,619.3042994813944,Gene 17
706.8300070842303,622.7976530044795,Gene 17
707.4701843812906,624.9464625042191,Gene 18
709.0257617106237,623.1989242971719,Gene 18
704.7580719391225,610.984943454646,Gene 18
706.5992810525174,610.4679549837841,Gene 18
703.6600059650049,614.5866004270522,Gene 18
704.1815542387748,615.8288523806626,Gene 18
708.3322656110778,610.5930372940679,Gene 18
705.3620645109966,616.6044274446721,Gene 19
708.6687438110291,617.2013563931627,Gene 20
703.9345202493719,617.8486424881702,Gene 20
705.8551321952103,619.1393799564581,Gene 20
705.1067624401405,614.5574255899669,Gene 20
704.4705788112094,616.5089208475528,Gene 20
704.462497921991,619.1215201982424,Gene 22
705.8964620956715,620.2075737773314,Gene 23
703.8332203994556,619.4853814131179,Gene 23
708.1174877898014,622.8436199036707,Gene 23
709.7426567748695,610.7807735974734,Gene 23
706.9824302382066,611.2729708922682,Gene 31
705.3608937334965,611.6241214712725,Gene 31
705.1912837585352,613.9254276036435,Gene 31
707.911220610754,619.9535386446574,Gene 31
709.3718266993874,620.8426981021088,Gene 31
709.5238104677459,613.0715685523137,Gene 34
705.6011754838725,609.6771314162362,Gene 34
706.4708805467766,610.2423362645479,Gene 34
707.3340273592378,609.4573727584709,Gene 40
722.1396925586563,617.817765691787,Gene 0
719.0441515846342,612.9782316210551,Gene 1
725.9214983146688,614.5889213246999,Gene 1
720.375352359304,619.7816543342498,Gene 9
722.4207676214749,620.2423083761194,Gene 9
725.9362056841533,613.337735080085,Gene 11
718.8174052062694,611.9558730028956,Gene 11
723.2801240057737,610.7648207824183,Gene 14
726.6308049346087,617.7468548101698,Gene 14
719.6381824208871,612.5533668933759,Gene 14
725.4362659271037,610.9649822989197,Gene 14
725.7108109822118,613.7850543906251,Gene 14
718.7437747591188,615.707397203988,Gene 14
721.2194324269747,618.6994260889336,Gene 14
723.0909399956396,620.6918474402981,Gene 14
719.6899448276033,616.8148615929076,Gene 14
721.8298493127116,612.1866607754524,Gene 14
720.5609513992994,616.8313975188838,Gene 14
727.699503814562,615.5566069395311,Gene 14
718.6296031480953,615.5610180578724,Gene 15
718.2529072718598,619.2326407360176,Gene 15
720.6732930282352,613.5566646917692,Gene 15
726.4475167217139,617.0853565041266,Gene 16
727.8327819871917,617.1478017288493,Gene 16
719.7859278767412,614.474094823595,Gene 16
725.536805883262,612.0031128800855,Gene 16
723.7967107807023,612.9272339652838,Gene 16
719.1273591384687,619.639642835345,Gene 16
727.8792682582055,616.6419014189028,Gene 16
727.0623084952041,619.301692805217,Gene 17
718.5087699041025,615.6646341112726,Gene 17
726.6960658701987,618.5212460941725,Gene 17
725.1680091811749,614.1577685728747,Gene 17
719.1289399716528,617.4616804387332,Gene 17
724.8211005817383,615.6838217513795,Gene 17
724.0244030415772,620.5365502112887,Gene 17
724.4987615343754,614.1006649469535,Gene 17
724.0393790069095,621.1864531900833,Gene 17
724.1895725967202,613.257127694499,Gene 17
726.7156346746931,612.8104379512419,Gene 18
722.9393781505569,611.0023975928548,Gene 18
727.4174784604268,616.3184075056878,Gene 18
726.8796792568274,618.6630646943436,Gene 18
727.6339479095402,614.4566766190807,Gene 18
725.6820265601568,616.6157620776189,Gene 18
718.665918093494,619.0260771730711,Gene 18
722.8801871690829,611.5716241947209,Gene 18
718.6973523810439,612.2265342481547,Gene 18
720.205825436422,611.6752860781395,Gene 18
721.9476903894589,611.3901317199185,Gene 20
726.7386232548942,615.5714459063804,Gene 20
720.9687691133311,619.2520468113146,Gene 20
726.6161169461581,616.3320952164719,Gene 20
723.1998265574481,609.8338825307828,Gene 20
724.6968437170938,615.9077419495765,Gene 20
723.600506436399,610.3136385847461,Gene 22
726.9951395448655,618.3916730272742,Gene 23
723.0108193399718,609.649949305485,Gene 23
720.967993110897,612.9368149995698,Gene 31
725.3829639854819,610.7229062332744,Gene 34
720.9068112117403,620.2164263290762,Gene 46
732.2151101820289,608.6647679372102,Gene 0
729.5988302242619,612.3354936871608,Gene 1
732.8972651075454,615.3696109996171,Gene 1
729.8422958958926,617.0258695054516,Gene 1
731.9985862330857,614.4705275975181,Gene 11
733.6554741733705,609.6338316834584,Gene 11
733.3184226912484,617.2262446082264,Gene 11
730.5773668678916,605.3560342606739,Gene 11
730.9562321014411,620.4507609179452,Gene 14
732.9674863994393,619.3777107941422,Gene 14
731.219703202134,609.0691609261612,Gene 14
731.6553069749651,606.2721230897373,Gene 14
729.4142287890412,608.1486587066066,Gene 14
730.7183591109538,619.2502676910364,Gene 14
728.978973393768,611.151760423832,Gene 14
730.4322066738523,607.4021467178944,Gene 15
729.2951280084347,616.6086756778186,Gene 15
731.2672563756078,608.3305616525967,Gene 15
730.526393632282,609.6261264575959,Gene 15
730.7207140209255,609.6225282335241,Gene 15
730.3613713055572,606.4634148497036,Gene 15
730.4596202923921,621.1753526175655,Gene 15
729.2172917960719,609.4830723847097,Gene 15
732.6277915330868,619.2509292458512,Gene 16
730.7052662283526,609.1477243097584,Gene 16
732.2580319865466,608.0188450538478,Gene 16
731.5620443360139,619.4734181924641,Gene 17
732.6526181319367,605.5706661784578,Gene 17
732.9474196705668,615.5466366908636,Gene 17
730.9399953643047,610.3689155301448,Gene 17
730.5533170943113,607.3580077789433,Gene 18
732.8536820784227,619.3652660310704,Gene 18
732.7800074214745,610.4287442184768,Gene 18
729.3616144703605,616.0696799058938,Gene 18
732.1572932466436,613.9869476816891,Gene 18
733.1952601383312,611.5370262611117,Gene 18
730.074775091814,618.540391204436,Gene 18
730.6155091335182,606.4526545779497,Gene 18
733.024887571491,617.2801606565873,Gene 18
732.1994268515765,616.6208450047536,Gene 19
731.1427887005112,615.5196594928094,Gene 20
733.1433283068214,618.8331265655657,Gene 20
730.1121508285264,607.9213952889847,Gene 22
732.1303263123597,613.5209208063869,Gene 22
732.3462770750289,608.1363797555294,Gene 23
730.1364641609679,615.9631238118619,Gene 23
732.5748293707244,607.9186131440476,Gene 31
729.6694792613062,619.9013354680786,Gene 31
732.882834699446,619.6105059753859,Gene 31
729.3001199552234,617.4444103723691,Gene 31
730.804414429975,619.1802839563595,Gene 34
729.4589593844952,610.841142874786,Gene 34
732.6968697455641,611.6679938942735,Gene 46
738.6805859288587,610.8935662179507,Gene 9
742.5608943881318,621.0731124714468,Gene 9
745.837635558648,618.2833266030229,Gene 12
738.1086921586261,614.1781915695042,Gene 14
742.8139048451784,610.0371234721149,Gene 14
743.308210240891,610.7675578793476,Gene 14
737.7996912652961,612.7729048870732,Gene 14
739.843851645127,612.6357482774725,Gene 14
739.4234891511016,616.9840061805737,Gene 14
741.138247628358,609.4798933858036,Gene 14
740.6461222542843,610.3128159461547,Gene 14
739.0699154186443,613.2324160917416,Gene 14
746.624681637764,614.3162132705252,Gene 15
745.7408543442558,616.3935374781375,Gene 15
740.4274375115091,620.8463472715977,Gene 15
739.710582641853,620.992841266769,Gene 15
743.3643868483755,620.8096349624542,Gene 16
736.1828406685495,615.0355807975051,Gene 16
737.4329240903412,617.8749432187624,Gene 16
745.0275791415279,618.9332545810597,Gene 17
738.8382387005089,613.1579325956859,Gene 17
743.3214377777479,619.4972290585804,Gene 17
737.9387038042773,619.5211149324967,Gene 17
736.5329334517178,616.589809414661,Gene 17
741.4446361067222,610.071032420213,Gene 17
745.272512830789,611.9077548273947,Gene 17
738.3646270177358,617.3066096060762,Gene 17
738.2317314369541,618.7840142547474,Gene 18
738.1458017177181,615.4107659801504,Gene 18
738.905652981066,620.1799313509122,Gene 18
741.9202922586466,612.8426515387115,Gene 18
743.9066621854498,617.4874869519925,Gene 18
743.359465794115,619.489766436113,Gene 18
742.5681354735976,619.7396017059714,Gene 18
745.1038637948864,616.0398180325043,Gene 18
743.8660157501209,610.7164117610657,Gene 18
743.6017291905914,618.3017671148704,Gene 18
739.3529939213429,617.2729411970931,Gene 18
741.1847936207494,619.039592712529,Gene 18
745.6080994960822,617.9193453082408,Gene 20
741.5647787944658,618.1668234497213,Gene 20
738.6889015663462,620.416086391843,Gene 20
738.1755827208955,612.7088565451616,Gene 20
739.1007358056006,611.9344495215814,Gene 22
742.2270903867206,610.2456921390549,Gene 23
744.7134413223988,610.8914264160879,Gene 23
743.5409126008193,613.5430913630107,Gene 23
738.1001076970563,614.524580767963,Gene 31
739.5703074776915,612.3685096630686,Gene 31
741.9734148928668,619.4093922442793,Gene 46
748.4748010617963,609.7585303561066,Gene 0
749.3367217563872,611.4304955042114,Gene 9
749.133523919686,618.1341456779599,Gene 9
747.5683203252589,606.6216443854279,Gene 11
746.6929296762536,615.6859515373475,Gene 11
747.5107078375936,611.010407230988,Gene 11
748.9867156138658,608.6888796276571,Gene 11
748.161431935516,620.2785461631183,Gene 14
749.4208523167356,615.7092700934861,Gene 14
747.1411018345209,611.932129306689,Gene 14
747.8831674736309,602.6613854953134,Gene 14
748.0265197817855,620.7455273430976,Gene 14
746.7888660568631,615.2604214921272,Gene 14
747.4243346342776,615.8912744687083,Gene 14
746.6752274832318,607.9900924044101,Gene 14
748.1661657592061,606.7243404770223,Gene 14
747.489264207108,605.005149129739,Gene 14
747.6315156386989,616.3048448381176,Gene 15
748.5571621579668,621.6566870858586,Gene 15
747.1249858195814,614.4035812198807,Gene 15
748.4271464915821,606.4227700032025,Gene 15
748.6586053822468,620.7779977740826,Gene 15
746.6631869101095,609.2841467152483,Gene 15
748.2079075722987,620.2002059656324,Gene 15
748.778238894799,606.3622153751166,Gene 15
747.6823203082695,609.2623756518574,Gene 15
748.4359437728218,618.496964167042,Gene 15
748.3342671138406,603.0759922319266,Gene 15
747.8516591773589,606.9297327655304,Gene 16
748.2782444187444,619.2465925133946,Gene 16
748.9162425628817,618.3935676339079,Gene 16
748.164099020339,605.999088843704,Gene 16
747.4806992831134,606.6669366064589,Gene 16
748.467314365999,611.2950607623252,Gene 16
748.9274970221885,605.9729603625054,Gene 17
746.7811837744359,612.4660344449442,Gene 17
748.300785435408,603.3568191652344,Gene 17
749.2293204660533,613.9841064810935,Gene 17
747.9122397612964,620.8148656018451,Gene 17
746.8520651921806,606.2097215406909,Gene 17
747.0899502843562,615.3731341253078,Gene 17
748.1015481671164,606.8119158620248,Gene 17
747.212096018007,613.3672539364127,Gene 18
746.5631825266622,613.052494750461,Gene 18
748.1232062103009,620.324187793484,Gene 18
746.6850978792141,614.5800055021981,Gene 18
747.5703323887295,603.0762812046114,Gene 18
748.0705290020826,603.1647278185042,Gene 18
746.7892164253672,616.6615033381698,Gene 19
749.3295210796304,616.9298821066458,Gene 22
747.0345873721975,608.3455485237423,Gene 23
747.4111532200732,607.8025957439276,Gene 23
748.8935967701295,619.4561396741713,Gene 23
747.4396028739943,608.2435803407469,Gene 31
747.2446586741593,610.5713471652882,Gene 31
747.4717878109993,606.7915378877934,Gene 34
764.7739918113969,626.6146192197625,Gene 0
764.261847405366,606.2924963073385,Gene 0
763.6504935851962,611.5858629193463,Gene 1
764.2448519252604,624.7999977766636,Gene 1
765.091089527615,613.5197197734357,Gene 9
764.201812253674,604.0823310908739,Gene 11
764.3830823868693,602.8404007347639,Gene 14
764.3987588282062,602.5793857530751,Gene 14
765.4204632311324,620.7604531897806,Gene 14
764.9963178357887,621.7184367555378,Gene 14
765.3718624814423,612.6415959303577,Gene 15
765.2812884460968,603.4763791516008,Gene 15
765.4455083277237,615.4761014375597,Gene 15
765.4345089837315,619.7756568090279,Gene 16
764.4229719941176,603.0113017497283,Gene 16
763.5726048522226,609.6390921963349,Gene 16
764.0787255914496,618.8105681914271,Gene 16
763.9748485680784,605.5491804547285,Gene 16
764.2944791889768,607.322717800614,Gene 16
764.2814549972394,601.8538393777682,Gene 16
763.7974077019696,612.6646826169435,Gene 16
765.1887171931993,606.1128721027592,Gene 16
763.6945828012426,619.0514312011836,Gene 16
764.3181864070607,625.9587919627929,Gene 17
764.0231486597903,616.8587793891184,Gene 17
764.2661485486087,608.1203832084329,Gene 17
764.6619995597054,602.9233456335758,Gene 17
764.7618085682122,604.5950479498193,Gene 17
765.2978110096032,607.0610718304932,Gene 17
764.6560918261475,626.2331627893852,Gene 17
765.3615038002936,606.7549243951116,Gene 17
764.7697072177602,601.0557693590783,Gene 18
765.3561075868115,613.11663281078,Gene 18
765.2449329273027,610.5196497556195,Gene 18
763.7279340273569,615.617613986855,Gene 18
764.9231709115661,610.5776506440504,Gene 18
764.8238905486346,603.1977852311682,Gene 18
765.0763564116545,604.2284641685877,Gene 20
764.2841636656766,622.1964437534476,Gene 20
764.0468713926642,623.4729977195394,Gene 20
765.3733594923364,617.7019417490089,Gene 20
765.4012112464862,607.642330103371,Gene 22
764.7309489505919,620.8899670693986,Gene 23
764.4019449479579,623.2877836469829,Gene 23
764.8656231603557,601.1098594142617,Gene 31
764.0703721957094,620.8917076792127,Gene 32
765.7449412493548,609.4907694575795,Gene 32
764.7789223040704,604.6464310488672,Gene 34
764.1334439775145,608.801964067879,Gene 34
763.5778832009969,615.2411226408686,Gene 40
768.5484782753244,618.7010043679303,Gene 9
768.3129739893037,618.8365776698731,Gene 9
774.7466300559961,611.1595391011563,Gene 11
768.1472974867645,610.6056218507044,Gene 11
769.5854990372919,617.455782585452,Gene 14
772.0695534284695,618.1862764793485,Gene 14
774.4926418578283,619.8318453397868,Gene 14
774.6153721820584,616.9589554800098,Gene 14
768.6125555269052,611.5517011544332,Gene 14
773.853767832709,610.1788192340832,Gene 14
773.8785748549689,618.2623925661642,Gene 14
770.3661651713629,611.5781035637893,Gene 14
766.6858530799722,617.7853683599711,Gene 15
768.792628297885,615.7791906771083,Gene 15
771.0039056991845,609.3626694482978,Gene 15
766.9143272674305,615.0007896288815,Gene 15
767.9794967690918,613.4606279500609,Gene 15
770.2057511622809,619.4129468138445,Gene 16
767.8923451928672,618.735778045538,Gene 17
774.9649642252393,617.5626160085629,Gene 17
768.1489584798561,617.615735657075,Gene 17
768.513064234143,614.8596151557493,Gene 17
772.6777431405301,616.5134638822549,Gene 17
766.6536115071494,613.6335254112819,Gene 17
770.2376546289324,611.4135918297562,Gene 18
774.6072263454541,611.7163847501994,Gene 18
770.5182696424497,609.9581825173144,Gene 18
770.8657656574804,618.4216654671525,Gene 18
773.8606135754264,618.7173993204104,Gene 18
768.0700779686877,613.2414484565185,Gene 18
773.6568924279009,612.8499175787542,Gene 18
775.408845460876,615.5724117062421,Gene 18
771.0485644056458,616.1685828821196,Gene 19
772.4210684005335,620.2607356469467,Gene 19
768.2206542638351,617.0283747463113,Gene 20
769.2399074926319,619.2562408779371,Gene 20
772.741589985649,616.431703823906,Gene 23
772.0514440443193,609.4266185460349,Gene 23
775.1412269651723,618.0438847092023,Gene 31
772.9992182710145,617.160698402614,Gene 32
768.7909151030702,612.7904847497722,Gene 46
777.7430973238706,605.1194762196798,Gene 1
776.9413893531047,622.0461507637467,Gene 1
779.524249267113,610.1869245044503,Gene 9
777.2942002622764,610.7953420877601,Gene 9
777.6661347680598,620.1489337774822,Gene 9
778.5252009308641,608.0432634150184,Gene 14
779.2872854880073,611.3735692493789,Gene 14
777.7664765350554,617.4855093203112,Gene 14
776.5434235712986,619.7575521965903,Gene 14
775.9649887164264,617.0348055347526,Gene 15
778.7156611630892,611.0076754103546,Gene 15
776.0841827819111,617.0497764231663,Gene 15
777.0534900951504,608.2761058937012,Gene 15
775.6069583044725,618.104851378114,Gene 15
775.8992246047252,613.7599984670412,Gene 15
777.0439758186927,607.0740545893013,Gene 15
777.0298497511465,620.1951689561841,Gene 16
777.2458568861916,617.9451090099411,Gene 16
779.634773907432,616.9412858327782,Gene 16
774.7074659959019,610.0280937951065,Gene 16
774.6538600977235,612.6409925356683,Gene 16
777.4236912370768,607.41840795849,Gene 17
777.2924659915765,604.8361318228118,Gene 17
777.9232051531667,608.004951240883,Gene 17
778.2383966625767,618.1636475184138,Gene 18
776.966950849399,616.5189363454083,Gene 18
779.1322771495975,617.7980191143779,Gene 18
778.0730472414682,608.3067902891613,Gene 18
775.2231935938989,612.7700287786392,Gene 18
774.8344023777038,616.650377270556,Gene 18
775.4180989293437,613.5019987974254,Gene 20
775.2358278303029,612.3291909440603,Gene 20
775.7242909644876,617.2851452762525,Gene 20
776.7214455050419,605.9996784351658,Gene 20
775.5736993360739,606.881218706614,Gene 22
776.3385257699296,604.7188725015153,Gene 22
776.4814236719632,619.7780582766244,Gene 23
776.5689825718099,606.6280177652575,Gene 23
777.3981615531447,621.5246474839877,Gene 31
779.3431336539714,614.6792572028284,Gene 31
778.2765442022436,616.3513832384745,Gene 34
775.9212261872512,607.4860550740291,Gene 34
778.5740153100592,606.401285437044,Gene 34
775.9094212386582,619.5824568183399,Gene 46
705.0724087499758,619.7138843049055,Gene 1
702.4304017347433,621.0005523632906,Gene 9
704.8895706252426,623.9651658556936,Gene 9
702.2777366255203,626.9575080741274,Gene 11
701.7673902164221,623.629193951849,Gene 11
702.1141525935301,621.0860965251852,Gene 11
703.1807129683189,625.0787675774596,Gene 11
702.6621508087442,620.6079439787106,Gene 14
704.1899708710089,623.0400167405005,Gene 14
704.6088247363539,621.3202567933806,Gene 14
704.8860099900993,614.820082816356,Gene 14
704.0860556388941,622.0564005984396,Gene 14
704.9909395324099,619.0304274358072,Gene 14
703.0807400944256,614.1157438244231,Gene 14
701.8553009255147,621.4922935102763,Gene 14
704.3555978563487,623.7295395760926,Gene 14
701.5342772301487,618.9391062822572,Gene 15
703.7560312600673,613.2363536855099,Gene 15
701.4148240048773,623.2369124800433,Gene 15
702.6092192652129,612.455245957972,Gene 15
702.1175069204824,615.2783772088696,Gene 15
704.0318607718181,611.1984757844856,Gene 16
701.2338745220463,619.0346283727912,Gene 16
703.6006507322528,626.2685122712774,Gene 16
703.5583011704589,627.1551717935187,Gene 17
704.5416873925124,624.928958875066,Gene 17
704.869352046126,613.8688054985699,Gene 17
705.2656190497272,614.2614612123609,Gene 17
704.189007792472,623.6246623789842,Gene 17
701.2722419558729,613.8264978962095,Gene 17
701.0591195196836,618.2856284259244,Gene 17
701.4681128190778,615.0369538775735,Gene 17
705.4249913314533,618.9837850292506,Gene 17
702.5420419459597,614.7699331847697,Gene 17
702.9167628491352,615.3229870900171,Gene 17
704.3676645816654,620.4132280739652,Gene 18
702.975947984412,609.5804698014014,Gene 18
701.0125055656163,620.1658768955461,Gene 18
702.2657691025141,619.4633118272317,Gene 18
703.1247617410867,612.454032594861,Gene 18
704.0935147331638,612.8435280882263,Gene 18
701.9433046723209,620.2139008419008,Gene 18
705.4142718441283,622.0285355565762,Gene 18
701.4525704699856,621.9272815788933,Gene 18
704.5178649922567,613.2013817081105,Gene 18
701.0538724030074,616.5692770246035,Gene 18
704.7631659379912,624.5055068929294,Gene 20
702.0683295965513,626.2007311002609,Gene 20
702.7493839335483,611.8984346531897,Gene 20
705.6320870146641,615.5276640411257,Gene 20
704.3156820904071,626.2712826617716,Gene 20
705.0050133143885,620.6002393721167,Gene 20
701.6713421559338,621.3433277960644,Gene 20
702.28820188315,625.6587870511358,Gene 22
704.140368411078,626.0820582640478,Gene 23
705.2959033649058,624.0365183917993,Gene 23
702.0917202088135,614.5451470005488,Gene 23
701.9708584131222,612.0987373822011,Gene 31
704.7669467077585,616.367690911396,Gene 31
705.1720574645644,612.9131053829475,Gene 46
714.6075500120298,623.4794657639983,Gene 11
714.6473655362882,629.0072926209784,Gene 11
714.5741974074052,629.3918193205035,Gene 11
714.8736985203534,622.9354789496584,Gene 12
714.8277928558904,631.8765925922887,Gene 12
714.6286318663786,618.5171910587009,Gene 14
714.6102966240599,632.604655417553,Gene 14
714.4599457884547,624.8908726678936,Gene 14
714.5075723478232,629.1234138026018,Gene 14
714.6047590785746,630.15179016109,Gene 14
714.9153974690562,630.701522305468,Gene 14
714.5264916364794,622.3618434714967,Gene 14
714.8376405315826,631.7700852791447,Gene 14
714.7918444212453,616.2878191875792,Gene 14
714.9000702045632,623.7894782171813,Gene 15
714.5104376299515,629.6150486859132,Gene 15
714.6482549482829,634.5753403460421,Gene 15
714.7917621513676,619.650750038318,Gene 15
714.7729323323648,634.5706149342684,Gene 15
714.8324863353795,617.8899265977657,Gene 16
714.6142998348005,631.8779083125038,Gene 17
714.7501833442981,630.3208322481653,Gene 17
714.7196733672902,633.5379099173241,Gene 17
714.7202792810564,617.7865558530096,Gene 17
714.8626079153074,625.4367809608775,Gene 18
714.7937143590065,631.3469902429995,Gene 18
714.7417422666244,614.0174756121854,Gene 18
714.8908388382589,624.9319722520686,Gene 18
714.533659542011,627.1107471993989,Gene 18
714.6252960500691,629.7917003096983,Gene 18
714.5805984672875,615.9661401400654,Gene 18
714.6857404917796,614.0956046506885,Gene 18
714.7393827608316,619.2426230570647,Gene 18
714.535898904956,626.1803125057385,Gene 19
714.4902970062922,625.896016883231,Gene 19
714.5711378734292,616.5094309157582,Gene 20
714.5928271426717,620.7930275102466,Gene 20
714.7907121097426,633.4997134027836,Gene 22
714.8756133469485,619.5670889359515,Gene 23
714.5721073466399,620.0144245861308,Gene 31
714.7796814331999,631.8788935011733,Gene 31
714.7253082257486,617.3413824360337,Gene 31
714.8055232573086,624.9695970475689,Gene 31
714.7737291965311,615.5603990415209,Gene 34
714.7838570415105,616.2478934835088,Gene 34
714.734811272193,633.412829046287,Gene 34
714.5755727711548,627.8831546152159,Gene 40
714.6256610203402,633.7964928439062,Gene 46
730.186406530134,621.6150990620656,Gene 1
722.7963010611851,619.2771798496632,Gene 1
729.2761823172942,627.1763056566583,Gene 9
729.169162915271,624.3119001784661,Gene 9
724.8795038395765,624.5763537868995,Gene 14
723.4927988640025,625.3563348587513,Gene 14
726.3630047419717,618.8923052637169,Gene 14
727.4381833965095,629.3060652491233,Gene 14
722.8161421342464,626.7279524336955,Gene 14
725.8621124838977,619.0922967816391,Gene 14
729.9281650202391,620.8329376673399,Gene 15
725.1526557958285,628.2380020423034,Gene 15
723.8410429265642,621.9212433665052,Gene 16
724.7990318533713,617.6343307940934,Gene 16
723.4173165065489,619.8454004088167,Gene 16
723.8540525050028,618.600568886978,Gene 16
723.9188219936896,617.4820715025929,Gene 16
724.2062320413206,628.8942320722533,Gene 16
729.46319891204,623.5100385903922,Gene 17
730.1485256329074,625.7022629822081,Gene 17
725.197571434768,627.886242149846,Gene 17
728.6987495256622,620.3577634329739,Gene 17
723.7271022340576,625.3094976538713,Gene 17
729.5771366028673,618.9068540524654,Gene 18
725.3275082889224,619.7132349976907,Gene 18
728.5690036266274,622.0860604977219,Gene 18
725.5017747135611,630.4959121359644,Gene 18
729.8168533329582,626.1916477421853,Gene 18
728.1953644493261,624.2691716985244,Gene 18
727.2466700652648,628.8127732000914,Gene 18
724.4331056556415,630.0296935416192,Gene 18
722.9277883910788,623.3042528831985,Gene 18
726.4860305063602,629.6179238046071,Gene 18
721.9155485783022,625.3909162630762,Gene 18
723.9471035991396,621.2218260633462,Gene 18
727.7657786095613,620.0801576710707,Gene 20
729.653885144902,619.2897353409969,Gene 20
730.2016291501981,625.2717980808904,Gene 22
728.8827590932465,622.6447295073573,Gene 31
721.866423652244,624.6045979258515,Gene 34
732.1419186191155,625.275742190527,Gene 1
730.2300452669971,618.7860931803679,Gene 9
731.333806425691,623.7571472577421,Gene 9
732.040108597057,621.4814070630375,Gene 14
731.0672686183152,616.1017468774191,Gene 14
730.4914541464244,628.2599034314464,Gene 14
730.0241804244354,622.640109108688,Gene 14
730.9723192311222,615.8743123105993,Gene 14
732.2379260954024,628.6034488264045,Gene 14
732.3055279476596,624.5287404195144,Gene 14
731.0582905670097,615.6588461128905,Gene 14
731.3705570367637,631.2619539936729,Gene 15
729.9766657441374,619.3570752681852,Gene 15
731.297293106621,620.6654422906121,Gene 15
731.8942467966876,629.1087459278045,Gene 15
731.3160227060929,618.8512575322292,Gene 16
732.3295985045281,625.0922614682603,Gene 16
730.6919561228584,630.5572774938552,Gene 16
732.0079719774169,622.5083865246665,Gene 16
731.0166836875544,632.425839996428,Gene 16
729.7011338677056,623.1939356753278,Gene 16
730.0626094755808,629.6804199334917,Gene 17
730.8358230715663,615.6038953225882,Gene 18
731.8256164355831,617.6175459032437,Gene 18
731.4098949415823,617.5383647206069,Gene 18
730.301306664627,625.0338444140029,Gene 18
731.0034272592663,632.2397607671179,Gene 18
731.3872388003111,615.7173476645634,Gene 18
730.5566789855621,614.5338208218687,Gene 18
731.335977525657,629.9867254316491,Gene 18
731.1063822812182,634.2279999363217,Gene 18
732.3654188605673,619.8905391659129,Gene 18
731.6854614194395,631.4530839378842,Gene 18
731.6663310220846,630.6528527661359,Gene 18
731.6656507516835,629.056911979191,Gene 18
731.6670590431185,624.3508898329449,Gene 19
731.839926912831,618.1300513219595,Gene 19
732.1826934995153,622.9119846250488,Gene 20
732.0243018322154,630.7848902727089,Gene 20
731.7895448908708,632.129959055086,Gene 20
730.6780094772811,631.7219294442707,Gene 20
731.5776598440469,629.5550736081409,Gene 20
731.869704168389,628.0272588371831,Gene 23
732.1767333776634,621.8987023367454,Gene 23
732.1432208610707,628.1268266724729,Gene 23
731.5290913911313,628.1219931424102,Gene 23
731.438167699537,618.270264107669,Gene 31
730.7893232567772,629.0786866798801,Gene 31
729.840395083288,620.647057934199,Gene 31
731.889862103506,620.7802283377149,Gene 34
731.6403662811736,632.2850544272129,Gene 34
729.7216618331101,629.7322509752616,Gene 34
730.1917723460673,626.4713874537448,Gene 34
731.509903754508,626.6632146639195,Gene 46
730.7490201534778,618.3341700425184,Gene 46
747.4207887699315,622.8543091250137,Gene 9
741.3640762050666,615.3672853203432,Gene 9
740.6600228608004,618.6846505140924,Gene 9
745.7931880113647,621.7033817301149,Gene 11
742.4329620483803,624.2627924457238,Gene 12
741.9541929849603,621.5025836768192,Gene 12
740.5136065260747,617.6126389402016,Gene 14
746.2289897453356,623.9343195122948,Gene 14
744.087471911894,621.8535924502253,Gene 14
744.7208215496468,614.222735373378,Gene 14
741.6195257422218,616.1763380742025,Gene 14
744.305067875111,612.9716863962528,Gene 14
748.8274402356467,620.8766081079962,Gene 14
742.5266702188947,623.3331707269007,Gene 14
745.2225692338444,615.1961091866767,Gene 14
745.9046121726736,616.4558061160654,Gene 14
745.8583926965571,619.389009323809,Gene 15
747.6797111598572,616.6955691920398,Gene 15
747.1275803174683,623.2983618570948,Gene 15
744.9160388154089,613.8204506478468,Gene 15
747.5796566441932,618.7992384938896,Gene 15
742.3967263866161,622.9938598002439,Gene 16
742.7423252677153,615.4230174068646,Gene 16
745.1739538206324,623.3592035593083,Gene 16
740.4799105725562,619.8528979707833,Gene 16
741.9966243531095,614.2480527937753,Gene 16
746.6157876338209,614.2540294455422,Gene 16
740.8069621249949,616.2220642312101,Gene 16
747.6210475753282,618.3867538960438,Gene 16
742.127850545309,615.9887256468216,Gene 17
748.0937156944882,614.9202856000437,Gene 17
748.1811491135177,615.9840623741035,Gene 17
740.3458850334562,615.7861991418919,Gene 17
747.2421360757423,622.5231072803825,Gene 17
740.282454024554,620.976617676388,Gene 17
743.4604399049381,623.9218023979469,Gene 17
741.46441085907,614.5701789276004,Gene 18
745.9212737395765,620.6965167821864,Gene 18
740.7813533404778,619.6797071833042,Gene 18
748.8110907451161,617.5812721230714,Gene 18
745.6207808508416,622.5264802446213,Gene 18
742.6937559785923,616.7334122403912,Gene 18
744.1404900999249,616.4555456435692,Gene 18
742.5912819913414,623.1808436237809,Gene 18
746.108719783315,622.8985014009955,Gene 18
744.1350485747982,623.4277720479155,Gene 18
744.8045476016478,614.5839643318228,Gene 20
744.866032636343,614.5792827513079,Gene 23
743.904325524364,614.9565993590851,Gene 23
744.9454856551523,615.9638970691784,Gene 23
744.3373524529361,625.7372337296567,Gene 31
745.2143071903796,623.5692925289702,Gene 31
744.7809196485172,621.364491515476,Gene 31
743.9610685475997,620.5522644999327,Gene 31
745.1958362101659,625.0203976808523,Gene 34
742.3201693617116,623.2569911132899,Gene 34
747.8439383762769,618.7695230830055,Gene 34
756.6206288173732,617.2809929218189,Gene 1
754.081108241593,621.5619104775695,Gene 9
756.0966071951409,626.9760772029995,Gene 9
756.3782335489741,627.9570942322084,Gene 14
753.1810983011743,621.0454866801313,Gene 14
754.4504565330432,626.7953923375037,Gene 14
753.9371199494689,628.930317715946,Gene 14
756.9493790355615,631.0252622575177,Gene 14
754.7330647823856,627.7103059806685,Gene 14
757.0905728774129,619.7786884108126,Gene 15
754.7862494813504,615.7003537772911,Gene 15
756.8519330249526,629.7520143585964,Gene 15
756.9349033348906,616.975999506032,Gene 15
754.7011944023893,617.9657012405498,Gene 15
752.9507736127237,619.771363783923,Gene 16
753.1149638145757,625.301383003795,Gene 16
754.1300565229985,625.0431838654439,Gene 16
753.8904219524119,621.3659500486707,Gene 16
756.4011106824473,617.0563268437717,Gene 16
754.1267194750992,629.6523380497298,Gene 17
758.7307736200404,623.1452440131671,Gene 17
754.3531403995984,615.6617281718809,Gene 17
757.2273522843176,616.3029434997461,Gene 17
755.1294242628239,615.876057364441,Gene 18
753.5221444814457,623.1460358742868,Gene 18
755.4555694732345,617.6686924699461,Gene 18
754.6790452249292,630.5442728450387,Gene 18
756.2535592088338,615.1397809380885,Gene 18
754.8129786272101,624.6487180105265,Gene 18
752.8124158400022,620.8296510559795,Gene 18
756.4737731762687,616.2273519093688,Gene 18
757.9847042525789,622.3683868822828,Gene 18
757.7028073312199,619.0203493782427,Gene 18
756.6607804130294,615.5771153544812,Gene 18
753.0135336914974,624.2212545892248,Gene 18
756.2689824093189,616.5117722132808,Gene 19
756.076160134901,629.80299860096,Gene 20
756.721474476037,616.3485170504459,Gene 20
756.1739519906944,631.4939756207916,Gene 20
757.9321641029655,622.18641607242,Gene 20
757.5998370052669,619.5888669946474,Gene 23
754.0749962376896,627.4592009109233,Gene 31
753.3993428190632,624.358261499877,Gene 31
754.9224434117647,617.7518601690864,Gene 32
755.3228236515998,614.1725616351167,Gene 34
754.7450792727587,626.8969833555182,Gene 34
753.1613742030283,625.3870432798522,Gene 34
769.6324730448625,626.088395270564,Gene 9
765.5161033557204,621.2228167103569,Gene 11
765.3389449994476,620.1993997589807,Gene 14
766.8359815847621,619.0686817730065,Gene 14
765.3804794215316,624.8072760083659,Gene 14
766.2732299980855,616.2721464381503,Gene 14
769.5162562541087,624.15829081304,Gene 14
768.9470706745877,617.3966210905469,Gene 14
767.1711712970514,617.1936325315278,Gene 14
765.1410372544823,624.7819648591376,Gene 14
766.9644069352769,627.9817398088247,Gene 14
767.0980645792965,614.301511008929,Gene 14
767.6573474813725,618.0926617275192,Gene 15
769.3554425933005,627.5096108727989,Gene 15
768.665131572408,615.4812453266059,Gene 15
768.0114239944376,615.9250312506097,Gene 15
765.0848251048465,627.9706293200381,Gene 15
768.5547112491668,629.0292333345976,Gene 15
768.9563912737773,623.7224233463361,Gene 16
765.5961476533549,626.2146837378885,Gene 16
765.2728930075964,626.7171096983483,Gene 16
767.1188586327268,626.7189107795141,Gene 16
766.7127876407593,619.5416897395901,Gene 16
765.743376802053,620.0979916610797,Gene 16
764.3357235737644,620.9970979890213,Gene 17
768.2135862878098,629.2522224584641,Gene 17
765.0726695879699,626.3800877217384,Gene 17
764.2920519347181,623.3580630264096,Gene 17
768.8185352787609,616.0789524575623,Gene 17
765.6480417524957,630.4384484697687,Gene 17
765.3625238239657,624.6539759543778,Gene 17
769.2311639097356,616.1953726836261,Gene 17
766.4514652902136,629.7525294179197,Gene 17
769.7151944169974,621.9536539546463,Gene 18
766.5690197998076,618.4809667430571,Gene 18
767.3180372150252,629.8261279462832,Gene 18
765.7489538777947,627.8129303614363,Gene 18
767.5809316717011,625.9229565791591,Gene 18
766.6269707797317,627.2006955420333,Gene 18
770.6857044099665,621.3219105172684,Gene 18
767.5098432916773,618.6109158676594,Gene 18
770.3161629064444,624.1704564648196,Gene 18
765.0460607430606,623.7018438436401,Gene 18
769.7689225496715,621.3348752363487,Gene 18
765.2299209551993,627.2987384609334,Gene 18
765.8783296314435,615.7757531052742,Gene 18
768.7181917881343,617.6759378628876,Gene 19
765.40766099458,625.0503419267085,Gene 20
769.570295128344,621.6182983769746,Gene 20
767.970264107382,625.898687307953,Gene 20
765.4680620355329,625.3933284408549,Gene 20
765.3442565302188,619.2766187972588,Gene 22
770.1163311059505,628.4657908758443,Gene 31
765.9418360371174,619.7307433234274,Gene 31
765.6284640204478,625.5107754865804,Gene 34
765.2470463167316,625.2438972583507,Gene 48
771.4938356088302,625.2509097888912,Gene 9
772.4576146650296,613.1513576163179,Gene 9
770.2049678807185,620.4875131142331,Gene 9
772.2284599243279,627.4630462785515,Gene 9
771.9778975497468,628.7680327763311,Gene 11
770.7380245653652,618.4825854727544,Gene 11
770.7282685631811,629.9284843248952,Gene 11
771.7787603406362,627.5659754692831,Gene 12
771.5832527328153,613.9796881793773,Gene 14
770.7727907269219,628.0651405140261,Gene 14
770.8079211392991,625.1866561352086,Gene 14
773.0994260765235,617.3555034403659,Gene 15
772.757605179772,618.9345310342107,Gene 15
773.114557708489,622.2334377962186,Gene 15
770.2488535751993,617.0336676228403,Gene 15
772.3331029601338,612.5005828019836,Gene 15
771.1711481479923,625.7615012641229,Gene 15
771.7489868948846,628.2474653779934,Gene 15
771.3333944240032,626.5913119666321,Gene 15
771.437778808011,630.419605351085,Gene 16
770.8935124832024,615.8766304975225,Gene 16
771.7987340090267,615.0202935639537,Gene 16
772.2910513763077,626.2480821055401,Gene 16
772.1972350963543,614.9709769228191,Gene 17
772.3457360787619,625.4536936193804,Gene 17
771.2043038849813,618.5498157602184,Gene 17
772.2939936146371,626.5794693677348,Gene 17
772.7726190676523,615.7497939592425,Gene 17
771.0094855799292,615.2943653037092,Gene 17
771.0887134213272,624.6519033596703,Gene 17
771.9333844906048,625.907552311888,Gene 18
771.3625152904785,618.3923434432828,Gene 18
770.918466049663,626.9441166904091,Gene 19
771.9071211319068,616.1681769432207,Gene 19
772.4090314146391,612.9469263503964,Gene 20
772.1527109949157,621.7326832998474,Gene 20
772.5199043283187,627.2620230188796,Gene 20
770.9059338288017,629.1695297982275,Gene 22
772.154105890358,619.63229102166,Gene 22
773.5342486878965,624.177568051504,Gene 23
770.6048613509605,620.7909411544606,Gene 31
771.3017826039961,616.253945431517,Gene 31
770.936164641899,620.2728946686661,Gene 31
773.2627822987655,620.7182643223845,Gene 34
783.384792928915,626.2295117402564,Gene 0
783.7472646699981,615.3345584935571,Gene 1
785.5135724879498,629.0423819350958,Gene 1
783.7902260489827,616.2117373497845,Gene 9
786.9926904842214,625.3157956168386,Gene 11
783.6133338607816,626.3080976081244,Gene 12
783.9430511896433,624.8310572395504,Gene 14
784.5501221459342,617.5671776253525,Gene 14
786.8709285787658,623.5564575960075,Gene 14
786.0258409948572,625.9431983565981,Gene 14
785.0376181496493,615.118256047743,Gene 14
783.6260427926406,617.4330209858374,Gene 14
785.0036885958322,627.4934557180337,Gene 14
786.6551212073676,619.1565541396319,Gene 14
786.4126771393497,616.2400540042933,Gene 15
786.5217882565404,628.3656548436678,Gene 15
785.6800872746669,629.5185445236561,Gene 15
784.8762666343534,619.2416868614955,Gene 15
785.2938607150651,617.213165095471,Gene 15
783.8566722880125,617.8172555159517,Gene 15
784.3340057859633,613.4131003736723,Gene 15
783.5413042176147,622.9634927747403,Gene 16
786.2319769272933,629.3290072061949,Gene 16
782.8660459342072,620.7801401076221,Gene 16
783.9664141540467,629.6626732375651,Gene 16
784.0832289659642,617.5543967613426,Gene 16
785.7866322626918,616.1608270177595,Gene 16
783.9959240776103,626.6354505935482,Gene 16
784.8548664320186,627.4383430164532,Gene 16
783.2892809954069,624.931388566244,Gene 17
785.5541238170657,613.857585364363,Gene 17
785.9265038267362,621.439055919905,Gene 17
783.4683235163474,621.4373794935909,Gene 17
784.6636287189508,616.167840945046,Gene 17
786.4739523820464,617.358797792986,Gene 17
786.8471203655463,624.8879046766787,Gene 17
785.2920824132007,630.9331612619903,Gene 17
785.919144560714,616.1324768257981,Gene 17
784.1761675103792,625.9447414906053,Gene 17
786.6462861374226,626.2438946516395,Gene 17
785.1875774253683,628.3753838132035,Gene 18
786.2059185322291,626.2106333140974,Gene 18
786.683285007793,618.7557903992933,Gene 18
786.3111743319864,621.1129095123885,Gene 18
785.3075301972558,618.0439521467375,Gene 18
784.1397765982047,626.9851762692585,Gene 18
786.8186004199935,622.5012730259534,Gene 18
786.7133626661839,618.9323742904659,Gene 18
786.8138767156423,621.2006379288849,Gene 20
784.2372960583089,627.1047190613658,Gene 22
785.4735616144295,615.3353500395049,Gene 22
785.2698781974551,629.8591790906014,Gene 22
785.8072224441794,631.1880313754483,Gene 22
784.5846371992154,613.7726294093717,Gene 23
786.0169816260097,616.8235791622628,Gene 31
784.095136167816,629.4441333109897,Gene 31
783.7843755588556,619.054742504555,Gene 34
786.0063255498928,625.049024687184,Gene 34
785.1606262485924,616.8082814766017,Gene 34
784.5745540379045,619.8747985590074,Gene 34
785.145356227339,628.0384724718135,Gene 34
786.5844588471108,628.488530974513,Gene 34
785.992750401429,629.3475494492886,Gene 46
791.2862520784092,623.0503494511323,Gene 1
797.2688091138897,620.3845582427614,Gene 1
795.9307754012888,628.7872136770666,Gene 9
790.425354064339,620.9242181237174,Gene 9
796.5686007203151,620.1433226874823,Gene 11
790.1084605474279,620.5577726693859,Gene 11
791.4645144526214,627.3633946499273,Gene 12
792.1458051016914,617.6464677340833,Gene 12
797.9163082019442,624.332645897634,Gene 14
793.5699372602694,619.2937509542712,Gene 14
796.7465474072666,620.2568387478117,Gene 14
790.5832975084777,619.0574974857826,Gene 14
790.1748594853722,624.9474342758621,Gene 14
790.7805028870124,624.1605030867449,Gene 14
792.693045647674,627.6820901617283,Gene 15
792.0923262569017,625.7251571184034,Gene 15
796.1277836399322,621.6844572978603,Gene 15
790.3480023675943,622.7745214060394,Gene 16
796.0793768805922,621.0300515196652,Gene 16
791.2656560331346,619.9789326595653,Gene 16
792.2016003560836,616.6705604269323,Gene 16
794.7305852240648,619.8056306678401,Gene 16
793.2749915991897,617.5564940128535,Gene 17
794.6689252708633,628.0828373357157,Gene 17
792.004392987402,617.783835958972,Gene 17
797.2066222949559,627.1563925703716,Gene 17
795.2536699522383,624.4698754653988,Gene 17
791.1562413600474,617.6327694220088,Gene 18
793.3294052181799,620.433698326924,Gene 18
797.2994635742843,624.6713658611042,Gene 18
792.9166879348138,628.3044908251541,Gene 18
789.5019516165568,622.0917621621608,Gene 18
797.770249823522,625.5333395608917,Gene 18
789.4326145432066,622.8603897431848,Gene 18
797.4697506264209,621.6758517784492,Gene 18
794.4331024680174,629.0580900154097,Gene 18
792.8390137156705,619.6029747105757,Gene 18
797.578482060064,624.4831470218726,Gene 18
793.9609468418714,628.1682034527764,Gene 20
794.9873853017941,629.308618874099,Gene 20
794.8908788139886,627.6937833381684,Gene 20
794.8669576998237,628.4636190800543,Gene 20
797.10972485063,623.8439193669286,Gene 20
796.2424856537325,625.6302953631608,Gene 22
791.7587171032005,629.7300305356615,Gene 23
796.4813127999682,626.8777829918015,Gene 23
790.7079035662223,624.0120965726585,Gene 23
792.6194024642767,617.3099245203945,Gene 23
790.8994716191444,623.235947060208,Gene 31
791.5491425198022,620.0050342569143,Gene 31
791.546969713073,629.3297237285826,Gene 34
701.5018210663362,619.4640413610202,Gene 1
701.8782371049782,629.8021593930266,Gene 9
701.4854142552394,620.5772953752543,Gene 11
700.8625509948554,632.5567356190709,Gene 14
700.9951938813143,631.820388814074,Gene 14
701.3359013623275,635.7569646839239,Gene 14
700.9891315157057,638.6637027560539,Gene 14
701.0723821380311,624.3955930184916,Gene 14
700.9928587056994,635.6018605722292,Gene 14
700.7901500304332,631.3575352945504,Gene 15
701.79355570296,630.5703103168697,Gene 15
700.9851088963395,627.7072582254317,Gene 15
701.6189435920008,624.6809528556652,Gene 15
701.2887881241469,621.3312362005387,Gene 16
701.5391815834212,639.8834262762789,Gene 16
700.9654058483442,627.3670103517763,Gene 16
701.2736791742118,637.8273184242843,Gene 16
700.995380597741,627.2348354056713,Gene 16
700.9747578904469,631.8537730101083,Gene 17
701.4540474965117,641.0414190024283,Gene 17
701.3269070177372,641.5631933344491,Gene 17
701.3321417973413,624.0866292822781,Gene 17
700.8614522315141,629.41640521931,Gene 17
701.8357557073797,627.4951569149687,Gene 18
701.7044247074049,625.233150264544,Gene 18
701.53979858351,627.1843751569301,Gene 18
701.2519007482149,622.4288005906371,Gene 19
701.9099798671881,634.18968627708,Gene 20
701.5194921040326,635.8868146246081,Gene 20
701.4185252740814,639.1949669641282,Gene 20
701.7835233108007,625.1902975633791,Gene 20
701.5818265524036,625.5473266634834,Gene 20
701.8318073566597,637.1372770103347,Gene 20
701.4923971656424,631.0155987149041,Gene 22
701.1570012751733,636.2836906981632,Gene 22
701.1145683958293,626.0838119863218,Gene 23
701.2664410696955,624.0256543673479,Gene 31
701.3311187470341,641.2876757713004,Gene 31
701.9009561389436,628.3643602398231,Gene 31
701.5061258177137,624.9178348614525,Gene 32
701.2404103052856,639.9600672555482,Gene 34
701.585175224505,623.6574121486096,Gene 34
701.5474850942303,627.4219298563308,Gene 34
701.0633828767752,634.8134453524199,Gene 46
701.4467610069828,627.8342294561821,Gene 46
709.296179338425,628.9346846523524,Gene 1
710.2680447658546,634.4291863153919,Gene 9
708.1245197463555,635.3577208227518,Gene 11
706.2684042345953,635.4083594039454,Gene 11
711.0177875080219,630.1543953967857,Gene 12
706.210169890241,634.7264029040876,Gene 14
705.5205954367426,630.3569859083614,Gene 14
707.7961436728988,627.6822383062727,Gene 15
711.4099779308486,631.2641220430252,Gene 15
707.4640184318329,633.2404975522713,Gene 15
711.8540169794054,633.2305587584063,Gene 15
708.256631473143,636.9789948903609,Gene 15
710.133255635548,631.6551436266351,Gene 15
704.6213700333703,632.9169436995011,Gene 16
710.6252095949883,630.2576555794659,Gene 16
710.9386909399808,636.5783886084374,Gene 16
705.3329693370033,629.1869134987953,Gene 16
704.8734369193523,629.7074846362052,Gene 17
707.341160565561,637.6137786282359,Gene 17
711.4761173394957,630.9351545118848,Gene 17
705.6521138539351,627.5866890535169,Gene 17
705.5147865379835,637.4549458949224,Gene 17
705.946603796152,629.3280117165256,Gene 17
708.7959379067728,639.162969642257,Gene 17
707.3891261548983,639.9084100710144,Gene 17
706.8037781399435,627.1994987825664,Gene 17
709.1681701918127,627.2238091445184,Gene 18
709.2710681986888,628.3505287702147,Gene 18
709.0741524462577,625.6402368139229,Gene 18
710.1908204903708,632.2394765659861,Gene 18
709.9520174391779,630.9292747513039,Gene 18
708.9887778255492,629.6250947560334,Gene 18
706.197149933219,627.5891606962172,Gene 18
708.5962073416429,635.1379072710197,Gene 18
705.7800575342312,635.1299284038848,Gene 20
707.9332967655924,627.3885206682424,Gene 20
707.7148797804128,628.5109971731661,Gene 20
705.4875771748275,634.3480466841274,Gene 20
708.8683299616195,639.5409376537135,Gene 20
709.4291760736534,627.7960979067916,Gene 22
707.9831201898243,630.0538631165066,Gene 22
710.393960012989,634.8643362952399,Gene 22
707.9871471204364,640.3700486829227,Gene 22
705.3120783915695,633.0339314223941,Gene 23
710.9274130291452,632.0831452445252,Gene 31
708.9777427481685,638.2754013438556,Gene 31
705.1209894536845,629.03378503625,Gene 34
705.4079314574674,629.5052606227066,Gene 45
722.8798203766465,637.8058601015249,Gene 0
724.3679504366638,634.1427950980717,Gene 1
719.9880281153443,627.446184239422,Gene 1
725.243941736129,629.9883115437254,Gene 1
717.300379028985,632.8604210886654,Gene 9
718.238924263593,636.5526491624038,Gene 9
723.9830731030407,636.5467632749823,Gene 11
720.9180722154069,639.1377833569534,Gene 12
723.1213775512829,633.6986833741771,Gene 14
720.7389633200366,638.4116703577467,Gene 14
724.4436691198752,629.3319258280645,Gene 14
717.88740187602,629.2950570478762,Gene 14
718.217708374241,631.7026675289063,Gene 14
725.6747605810624,630.0080108822875,Gene 14
716.5866701158503,630.208057319587,Gene 14
724.6972810438624,632.3687124358013,Gene 14
718.607209363312,638.1997698240668,Gene 15
723.6050185900284,631.1314422313588,Gene 15
724.364454281772,634.346028969324,Gene 15
718.7297161403782,636.6841033141753,Gene 15
718.2934976225021,632.2196812228102,Gene 16
720.4169087513962,627.8318752607967,Gene 16
725.890150144359,632.636899733635,Gene 17
718.6556920374375,630.4826212117416,Gene 17
719.9772928744125,636.3738108357694,Gene 17
720.8267712929237,630.3158093829246,Gene 17
717.8222043431476,635.783856695606,Gene 17
719.3579851090935,628.0624854307092,Gene 17
718.3943309534972,631.7254350865298,Gene 18
723.7824294422522,635.6472214341994,Gene 18
724.6599766219399,637.0945483197455,Gene 18
718.4701012127351,636.3919576925508,Gene 18
724.2312279957833,635.2442492276654,Gene 18
723.459212266191,629.5494834314097,Gene 18
717.7440966941664,637.1169111431011,Gene 18
718.2743800194049,631.8343342958559,Gene 18
721.6962508569568,626.6438437706742,Gene 18
721.5474086405843,626.6770265674165,Gene 18
717.2432466625631,629.4281387460143,Gene 18
723.109266649989,635.2402143760102,Gene 20
718.9693259934884,629.7518555718306,Gene 20
724.9254674639245,630.775217681829,Gene 20
720.1417171130832,627.9359931901969,Gene 20
725.1026111564044,632.8474939506651,Gene 22
719.1445374364114,635.7909582189678,Gene 23
721.0995919026223,630.4017077083538,Gene 31
717.3315159515961,636.8416587488267,Gene 31
721.9114551885035,627.9017447799133,Gene 31
717.9983377225541,628.9076476574413,Gene 31
718.9823678252058,630.1980487126801,Gene 31
724.2247448527138,633.2819936099862,Gene 32
721.6856339371664,636.8613738935965,Gene 34
724.6576393544503,633.0548119125514,Gene 34
721.8680605177092,629.64781470216,Gene 40
732.7182220088727,628.6260903788558,Gene 0
732.8734808920221,634.8757921789064,Gene 1
732.5047104917884,636.7095904525067,Gene 1
732.8192759799067,622.6946092187457,Gene 9
732.6449789165873,641.0616268669851,Gene 9
732.7688561591382,629.6505650559465,Gene 9
732.6709748186316,620.2972024874844,Gene 11
732.8011405829956,636.8756782735342,Gene 11
732.5489305432229,635.4632478829645,Gene 11
732.7857742070431,638.4653524486196,Gene 14
732.7332533937849,640.5695277054099,Gene 14
732.7007928988047,622.6204700556682,Gene 14
732.583243366294,637.5982346121215,Gene 14
732.7229509050167,624.9568927236452,Gene 14
732.8128045596995,632.6146779954886,Gene 14
732.8408565445873,626.4916648375888,Gene 14
732.6185869132967,626.8430678509293,Gene 15
732.7830882850969,630.3196059518466,Gene 15
732.5181802715338,621.5838378374854,Gene 15
732.8271362309697,625.0571860076236,Gene 15
732.8822373304675,628.4940960695444,Gene 15
732.450088986604,637.6200228480637,Gene 16
732.52915994335,631.1742653007137,Gene 16
732.7463753272231,622.4932689173813,Gene 16
732.732439728352,641.0312321630504,Gene 16
732.5651869774032,625.8296210078387,Gene 16
732.7626399191478,628.3045329425006,Gene 17
732.6347997818688,620.8401345051835,Gene 17
732.5370879674192,625.3092732373617,Gene 17
732.6614073326605,637.1067346758894,Gene 18
732.7488982339529,624.9052427877303,Gene 18
732.4893152897242,624.1079225275191,Gene 18
732.8478376023038,626.7885141224076,Gene 18
732.4570068834604,632.7413197750425,Gene 18
732.5176873511849,632.5817552264608,Gene 18
732.4827331193512,630.3036394522902,Gene 18
732.817395705599,627.2854689551801,Gene 18
732.4398873492065,635.6054171850357,Gene 18
732.4097184532586,631.5925301426952,Gene 18
732.6037857217397,639.4631431210548,Gene 18
732.846431448562,629.2035809593165,Gene 19
732.6037797650197,639.4089383939428,Gene 19
732.7885016396059,640.0741143904385,Gene 20
732.746774211085,620.6646902613953,Gene 20
732.8331783056802,625.0189862749302,Gene 20
732.6381152329335,640.823590464165,Gene 20
732.5980975999868,635.564926661653,Gene 20
732.842204517149,628.8229275823884,Gene 20
732.74261326187,640.385954598821,Gene 23
732.4758559599211,623.2954590320111,Gene 23
732.8951787982875,627.4897798515759,Gene 31
732.5087574778352,629.8338075185746,Gene 34
732.9118181086831,630.4665515153894,Gene 34
732.4681937515018,636.6437279811811,Gene 34
732.5492823839371,641.2311535635457,Gene 34
732.7680433352331,641.5263810194183,Gene 34
732.4674623852744,632.8310621855534,Gene 48
744.6578076060405,638.3292962987151,Gene 0
744.6961264598026,621.0805459055541,Gene 1
744.2062733377562,637.1347568781097,Gene 1
744.8631041995616,638.4493147844952,Gene 9
744.857382406172,620.2002919493035,Gene 9
744.136011067563,636.274491277764,Gene 9
743.5050247249917,628.5420164603626,Gene 11
745.0632449418015,627.1108270723532,Gene 11
744.8661457258702,620.9634618374561,Gene 14
745.0634295346752,623.4160050636415,Gene 14
745.2316229063556,621.9116864212974,Gene 14
745.1806798845963,636.4234527481386,Gene 14
745.0498982012751,636.9414108910445,Gene 14
744.2777917631516,623.3522181748763,Gene 14
744.0618523178637,625.8923655633472,Gene 15
744.0133344841815,631.5202669402561,Gene 15
743.8797849534575,636.3336748012954,Gene 15
743.6619207768223,626.583631904308,Gene 15
744.5737105111939,620.2352608581614,Gene 15
745.2056605405926,631.0131235467694,Gene 16
744.0331601165907,636.3621642862395,Gene 16
744.7801100476843,624.7608580588984,Gene 16
745.4513384470386,621.2342742515578,Gene 16
744.1640955001899,623.7589527889953,Gene 16
743.839193595422,621.992379386066,Gene 17
743.746353942418,625.8520904853162,Gene 17
744.4545126960644,620.6504079375594,Gene 17
745.7540537691244,625.8893088974243,Gene 17
743.537965370247,631.317666319136,Gene 18
745.941522818189,629.3911014722618,Gene 20
744.2534862907908,637.2306923493544,Gene 20
744.9239268687593,622.8832694940834,Gene 20
743.6938092351,632.4655554857637,Gene 22
745.4532149959932,633.7204166940278,Gene 22
744.770056294376,623.4132874783724,Gene 23
745.5249701618658,622.1525361255451,Gene 23
743.9096596749606,634.3090942098071,Gene 31
745.5486360424957,622.9912433884767,Gene 31
745.4563766560594,631.2495120286059,Gene 31
743.9711824462212,621.1387517554093,Gene 31
744.4600101647545,621.6945810155405,Gene 31
744.8184848941859,632.4940009502548,Gene 34
745.4666260202905,626.6980877424575,Gene 34
750.2959180820106,637.7790903287245,Gene 0
751.6622441291867,626.0877955162753,Gene 1
751.2172067873428,637.0420573306806,Gene 9
751.395890103469,637.0406055459168,Gene 9
753.0235740597028,635.0918934911962,Gene 11
752.3172625675908,631.7818406507089,Gene 11
750.7477127579185,640.0390989285127,Gene 11
752.3579239726096,626.6847927441731,Gene 14
749.4466778242199,636.3727556889105,Gene 14
751.6562162359096,641.2787500763435,Gene 14
752.8215973004617,632.918966364571,Gene 14
749.9818395472254,629.7438618094257,Gene 14
751.0828247743533,637.665489197018,Gene 14
750.7747494309835,635.9525447592919,Gene 15
750.8125418263274,628.2290733692187,Gene 15
749.830791012486,632.6043570776992,Gene 15
749.7664717735282,628.3712455533902,Gene 15
749.5633288291524,635.9452589901806,Gene 15
753.2034793843941,633.9608126183653,Gene 16
750.9424653873181,627.668585022916,Gene 16
752.4384621780634,630.2801025415235,Gene 16
751.9309696233697,626.931168960655,Gene 16
752.3322265203303,634.0080162629629,Gene 16
750.0471736759954,632.438740083805,Gene 16
752.3267894399346,629.9385595508522,Gene 16
752.5993714946367,635.4783634072769,Gene 17
749.1107103751173,634.158369620591,Gene 17
752.0968686464702,628.3007819926729,Gene 17
751.7160364186736,629.2828269699695,Gene 17
751.6839458021835,637.9631138622702,Gene 17
753.2656872092973,633.6203523548804,Gene 17
750.4753351769454,638.0374242253826,Gene 17
751.6747452283382,636.6908328745255,Gene 17
750.324242714289,641.167080825198,Gene 18
751.5819388336619,627.4988398471011,Gene 18
752.9935804603147,633.4521795931237,Gene 18
752.9724450615937,637.3042786822826,Gene 18
750.0982326986256,627.1605782055884,Gene 18
752.1876257008989,639.1381246031976,Gene 19
751.9034518081446,633.8645019009135,Gene 19
749.9386620416968,633.140472830154,Gene 20
751.6550687693255,624.6249951145725,Gene 20
753.1289218850967,633.1599295090946,Gene 20
750.3557411093151,626.0790313958755,Gene 20
753.3471742091352,632.221609502048,Gene 23
750.3095725681507,640.6516885408925,Gene 23
750.598951198697,640.356887396056,Gene 31
751.5858774289858,625.9227994930412,Gene 31
752.9135584250647,637.3539175616522,Gene 31
751.7175155400674,637.9343725308142,Gene 34
752.4014650088194,627.2412188855768,Gene 40
757.8250265119391,631.1192554575674,Gene 1
757.9783213873516,636.3747382581937,Gene 1
758.7218679653115,626.5876938021305,Gene 1
758.0567589740774,633.3083718787683,Gene 9
758.3368886384868,646.5920440162379,Gene 9
758.1232131654226,626.7701573134318,Gene 11
757.869751916566,638.9624791794477,Gene 11
758.8004882977606,641.7559916549849,Gene 11
758.9428211513607,640.7377598423794,Gene 12
757.9583202919354,643.2782727997705,Gene 14
758.7348809799387,643.4534091825489,Gene 14
758.4590783282944,638.8965223175157,Gene 14
758.0397666900972,640.1540820451348,Gene 14
758.0415178104528,638.6730258437777,Gene 14
758.947136902132,626.363140865748,Gene 15
757.7515876667611,636.9688548444703,Gene 15
758.5493078964079,627.5179303256792,Gene 15
758.8837022641571,631.5177373216485,Gene 15
757.9929185291779,630.2699034811272,Gene 15
757.9859666303443,629.7978637374633,Gene 15
758.3674273434461,639.976310171512,Gene 15
758.1317335726434,628.6767274740702,Gene 16
758.3435920204532,625.6867292338414,Gene 16
757.66862192797,636.9036363961262,Gene 16
758.6031842686181,639.4197621367033,Gene 17
758.1200373086141,626.2872661985629,Gene 17
759.084715203692,638.6335476485242,Gene 17
758.0654905883431,627.419461854581,Gene 17
759.1371406191455,637.9786317949969,Gene 18
758.4270059937352,622.620140748901,Gene 18
758.9560098903635,629.6177279552932,Gene 18
758.6939933191649,636.4738557959067,Gene 18
758.1149944368606,640.6923923530372,Gene 20
757.7310649597333,635.9655809668474,Gene 20
759.0566441574123,634.4994603691337,Gene 20
758.9965238344231,632.7289756633645,Gene 22
759.0169245183898,635.4472264953939,Gene 22
758.7462971574488,625.8578032056186,Gene 23
758.9219472713759,632.8656547474677,Gene 23
758.0406792847635,622.8274749937124,Gene 31
758.7190237654976,625.4169597960229,Gene 31
758.3231486902373,646.1753998863592,Gene 31
758.880420796127,641.0156570662035,Gene 31
758.3122253922054,627.0615201755827,Gene 31
758.1424661963621,627.1893946169365,Gene 34
758.3799837475414,624.0027940031948,Gene 34
758.7222086548071,626.2705238556568,Gene 34
758.5827656989306,629.7661770523707,Gene 34
775.6174144115287,630.1698165302287,Gene 9
775.767521837742,630.0448313369063,Gene 9
775.3969649859291,621.2715664816492,Gene 9
774.9276791390629,631.8204739268342,Gene 9
774.9703473604203,620.7647075009479,Gene 11
772.9923147537033,624.9856854806252,Gene 11
774.6124724603577,633.0509057863504,Gene 12
773.0895997147406,620.2736863676951,Gene 14
774.6497917659434,633.0957212899092,Gene 14
772.4190678979209,625.3850311875392,Gene 14
772.7416352816455,620.1762835891444,Gene 14
775.0325406492846,622.9127360840762,Gene 14
775.2806538293302,630.5916448194992,Gene 14
774.8905767620416,627.5019945798261,Gene 14
773.5014716570893,620.1950917273853,Gene 14
774.7593385129791,617.590053431461,Gene 15
773.6865333678862,617.8904266850708,Gene 15
773.9160642822034,631.1579158513636,Gene 15
774.8925313141566,624.1990576424257,Gene 15
772.332621123389,623.0875782702169,Gene 15
775.155694984553,631.4720059449984,Gene 16
773.7745928831771,619.6110725115708,Gene 16
773.0352154251686,624.5275986714748,Gene 17
775.3463383589979,629.1255782177934,Gene 17
772.6299092079206,622.5994320738586,Gene 17
773.6876593976505,634.5854858760943,Gene 17
772.2896184730807,625.5956354374745,Gene 17
774.9985091571149,633.1741766095698,Gene 18
772.4983401379573,621.292115801918,Gene 18
774.7690425530313,628.3797875702692,Gene 18
774.0261762894303,633.7857941370382,Gene 18
774.0164226479592,618.7134321256943,Gene 18
774.4332508023164,622.1278151288708,Gene 18
772.3774068728779,625.5952119273239,Gene 18
775.8196683695302,625.4036941865597,Gene 19
772.0572618228807,625.8487213683521,Gene 20
774.3133248065856,634.023959086258,Gene 20
773.0460771476145,634.1107664517497,Gene 20
773.908920161296,633.4010166736451,Gene 20
775.0808052763819,621.4205478809698,Gene 23
775.064743013538,632.8477874164992,Gene 23
774.8658900193249,629.5979812017716,Gene 23
775.2893652520021,623.7544851992061,Gene 23
774.8973890450385,619.3554374660648,Gene 31
772.5965672369275,628.7840875118522,Gene 32
773.7143179827196,619.1454682034281,Gene 32
773.406791831735,622.0124363764851,Gene 40
780.1145695783783,640.7000872997467,Gene 0
780.8012132494471,640.776812681434,Gene 1
783.1556927410467,631.1058869274734,Gene 9
781.8444304097515,629.6819730103637,Gene 9
782.0548221961667,635.0642973969492,Gene 9
783.5044417699555,633.4845476237168,Gene 11
783.5485242540354,639.120244355018,Gene 14
782.7794991416129,641.3745223737302,Gene 14
782.2633468935403,629.2415364238653,Gene 14
779.1436032777588,634.6765169756395,Gene 14
782.5371399453905,640.1056047185592,Gene 14
779.5632663953573,638.3955315680975,Gene 14
783.3632087805044,633.342970966873,Gene 14
781.5015260661522,642.0015722383489,Gene 14
780.8383598881411,641.5504739158698,Gene 14
781.2977218885364,640.5494968598927,Gene 15
782.1672079536962,626.8315839943159,Gene 15
783.1223577756684,638.253602580887,Gene 15
781.7112049017945,628.0849487560679,Gene 15
782.9711865609767,628.8396620452663,Gene 16
781.5509354586568,629.3086134438338,Gene 16
781.9952170889444,624.8960731398184,Gene 16
782.7442245751628,631.3045116684543,Gene 16
782.9155546335875,636.8016563183004,Gene 16
783.3029360028222,638.9686118867844,Gene 16
782.2017561813282,630.7494556684323,Gene 16
779.8511016977579,637.7741606836587,Gene 16
783.0790624503454,636.9409836443381,Gene 16
782.0298804270741,640.0109720996087,Gene 17
782.5031225930913,641.5090269129576,Gene 17
783.4181877876352,633.6318398117675,Gene 17
779.9357265317365,638.6847291605927,Gene 17
783.2531132491348,631.9532789757751,Gene 18
781.5004406225644,631.1064020990991,Gene 18
779.6823454897543,638.6764587665881,Gene 20
781.5402854008339,627.071790339901,Gene 20
782.1643131339362,632.1530134909679,Gene 20
780.3216927712203,639.9687399695769,Gene 20
780.8839709533287,634.8571500023951,Gene 20
780.2414722489857,636.7120946232694,Gene 20
783.1106667559774,631.2326902092643,Gene 20
780.5652242937184,641.0347348773671,Gene 22
781.7438436997116,641.1858362056064,Gene 22
780.7593300617215,630.4740187288533,Gene 22
782.9532995004038,637.3680226233993,Gene 23
782.0069776838022,627.0767842235932,Gene 23
781.6796181849329,631.9006823553225,Gene 31
780.4561516292539,630.6632656095162,Gene 31
783.3626111730866,635.7078446561393,Gene 34
780.2217867672956,630.6728562522553,Gene 34
780.0638589873365,642.6024377567901,Gene 34
783.6929920626854,635.7455782410109,Gene 34
782.714795724735,630.9724775236405,Gene 48
789.3785136342926,628.1390871824658,Gene 1
785.2571339119703,635.4755331976786,Gene 1
787.5884945583372,638.9018472655491,Gene 11
784.0183936074064,629.8950468434173,Gene 11
788.9722522490214,628.1456508602303,Gene 11
786.1232136595388,639.2852892136416,Gene 14
786.9257195906604,630.3350706155883,Gene 14
789.9867328074545,637.1294732976072,Gene 14
783.6941025710968,632.3210835120508,Gene 14
784.7184647041285,636.0911360045509,Gene 14
792.5213965896693,635.9702611366273,Gene 14
791.9502406378225,634.1105383793987,Gene 14
791.8097318153765,631.4273276747555,Gene 14
784.650240921773,629.5999825879734,Gene 15
784.0417495075263,635.4955178838576,Gene 15
789.8480332990765,627.9647735988576,Gene 15
784.8734430400237,638.4102782131529,Gene 15
786.4517803711494,638.3238295439947,Gene 15
787.5008832561416,628.9812939568743,Gene 15
791.0387568635341,629.2715110847095,Gene 16
790.6138525538756,635.7769655341571,Gene 16
785.28965947143,629.9082812541776,Gene 17
792.2950680027051,636.8872642895024,Gene 17
787.4785630010139,629.53553292809,Gene 17
784.9180453375828,632.6494090960181,Gene 17
791.8970329021787,636.676809237575,Gene 17
784.8783397218822,630.1253824889113,Gene 17
792.119635546136,631.932563585677,Gene 18
791.3976092132773,633.972908290631,Gene 18
785.9836064931037,629.3853269368014,Gene 18
786.431947650443,630.399255600724,Gene 18
785.6993142236425,637.5003443837279,Gene 18
790.5172219684844,632.103164179997,Gene 18
789.4741756670411,629.0335964226981,Gene 18
790.9271970908236,630.1190986595949,Gene 18
784.8266354429361,632.9590022009828,Gene 18
784.5914328815608,631.9571307886185,Gene 18
789.8399134059139,634.9853007987066,Gene 20
788.9852551143573,629.4457194952527,Gene 20
791.4478306847647,634.422643898962,Gene 20
787.2846924759706,626.726570836518,Gene 20
786.6972774074607,636.969692583334,Gene 20
789.8001731820073,636.4326798566877,Gene 20
786.6080242974349,628.1776631178825,Gene 20
789.3188400940081,629.6729063329745,Gene 20
791.2548892116699,636.777073314842,Gene 22
790.9390298585414,630.1791568169448,Gene 22
786.0706069014204,635.952096047478,Gene 23
786.0019829589921,634.0910207986504,Gene 23
788.4895137861635,635.9190984632719,Gene 31
785.6127925577289,632.1081600463104,Gene 31
787.24530182961,638.8704502516953,Gene 31
790.2686981561548,637.6506317740606,Gene 34
783.778338156965,635.8742294681722,Gene 40
703.9270646997297,647.3747729744643,Gene 1
700.9849090028309,643.8589759764836,Gene 9
702.5418482275509,643.6030725464186,Gene 11
700.3489045599,640.084563293092,Gene 11
706.0587387262776,639.337310316134,Gene 11
700.6929607216836,643.3559218700051,Gene 11
701.2813566400968,636.5418548968861,Gene 12
703.1797683845767,634.7595832797551,Gene 12
704.5231718158591,640.3038857997427,Gene 12
703.6083976801498,635.2694387926474,Gene 14
702.0010772351907,646.3615063225036,Gene 14
707.0340754540149,645.9521496915202,Gene 14
704.9057527226925,646.6258839939869,Gene 14
705.8090478328152,643.4878610455637,Gene 14
705.1267529444626,646.4777690188316,Gene 14
702.2278223954423,638.6237823798057,Gene 14
702.0111863518282,642.021055304699,Gene 15
705.2892947729184,637.5118706603043,Gene 15
705.8624496881406,639.7520180456671,Gene 15
704.8974146259575,640.8498002799915,Gene 15
707.4009155845899,642.8924599844142,Gene 15
703.4085136857209,644.6287681018387,Gene 15
706.2243858207951,642.6455574960629,Gene 15
702.5990892176225,634.0454790450284,Gene 15
702.3495348209876,636.012484037284,Gene 15
703.2022210204545,644.5239000311298,Gene 16
704.6215334746101,647.0746251674719,Gene 16
701.5249619549237,640.2893140790246,Gene 16
702.8272261661896,639.1236561862081,Gene 16
705.5400947045757,635.670256842471,Gene 16
707.495699443163,637.747264275168,Gene 16
706.9670309394949,641.5187563007338,Gene 16
706.9632522202808,641.936948392529,Gene 17
704.3561536189204,635.0414915496659,Gene 17
708.6259069877526,639.2131023196097,Gene 17
702.7676640238044,643.7743386703355,Gene 17
707.1501933162148,639.8486197899922,Gene 17
705.3944297574308,635.7496124614282,Gene 18
706.3817847715892,637.2824601267462,Gene 18
707.6216839094641,637.2510437192008,Gene 18
706.241577784743,636.6729449640615,Gene 18
707.1600559503762,637.8151975770282,Gene 18
708.2124878098824,641.625367559745,Gene 18
701.7864212002245,640.8072694894759,Gene 18
702.2184019045887,639.4060180806689,Gene 18
706.8171148701931,635.1441022149065,Gene 18
702.6819607288257,636.4719403931688,Gene 18
709.0977338332652,639.8342907526253,Gene 18
706.7759060824947,638.7318484699108,Gene 18
703.7228305788288,637.9835091872714,Gene 18
700.9235961641689,638.3909148129172,Gene 19
702.6267863599552,643.7363358515813,Gene 20
703.0486445374967,638.1812164304805,Gene 20
701.2535684079656,641.0436741557814,Gene 20
703.4070792894034,638.1608782116709,Gene 22
708.4331545526805,640.8967629477045,Gene 22
705.3560156937991,638.8306545422017,Gene 23
702.1028525170763,637.6217037891787,Gene 31
702.0412625784252,643.641249181721,Gene 31
707.4697510909886,638.7683191452114,Gene 31
707.3513405850783,645.3036621006625,Gene 34
703.7835102853902,644.1481221888802,Gene 34
704.44805190844,646.1184767713372,Gene 34
707.8384701738285,640.2746336998855,Gene 34
708.4438881621882,645.1030293005605,Gene 34
713.9855769941968,635.285191564735,Gene 1
714.4754492021681,638.3767977623406,Gene 1
713.9116784780075,650.0274440895993,Gene 9
713.3209048244942,646.0369008546032,Gene 9
713.6950884418368,651.1058215755841,Gene 9
714.643103197921,644.5140771651685,Gene 9
713.0782136132633,640.7511314976614,Gene 9
714.3687286496898,642.3502972046737,Gene 11
712.8501646349736,640.6853161719703,Gene 11
714.510243645506,640.1976478677715,Gene 12
713.8956864485177,649.350917420533,Gene 14
713.1762477155199,634.4608020836214,Gene 14
713.2626450694353,643.2782925119582,Gene 14
713.1937813166319,637.8955213355106,Gene 14
713.2577784891971,639.4797911178811,Gene 14
714.3712800480505,636.8325970586433,Gene 16
713.2590933685208,644.3778741151857,Gene 16
714.515221629557,634.6333137070534,Gene 16
713.2279617935808,632.8600469041604,Gene 17
713.991818908104,635.6279232479033,Gene 17
714.6708487676684,645.6528625225084,Gene 18
713.1707830905914,647.4220547271773,Gene 18
714.6029077445311,647.1964294671146,Gene 18
713.9161138121322,650.8503263722647,Gene 18
714.2002554243069,642.711153894453,Gene 18
713.653613095045,634.7685350941576,Gene 18
714.29291362362,637.4967997710742,Gene 18
713.398803611263,645.6767123071628,Gene 20
713.5238596111772,631.3749344572528,Gene 20
713.6299450943145,650.3969512130019,Gene 20
713.9723838953923,632.8627143484248,Gene 20
713.5203114997871,646.4424761870363,Gene 20
713.2748703819955,646.6278020243138,Gene 20
713.4025510588399,634.3154969276619,Gene 23
713.5643907703073,646.5014416419727,Gene 23
714.5340018928607,640.6418400727049,Gene 23
714.4350203701582,635.4293504712738,Gene 23
714.7399349171365,646.5792446659391,Gene 31
714.4330682783452,638.8955049702588,Gene 31
714.1750570104646,633.7316961171838,Gene 40
713.794769098223,647.8622317415455,Gene 46
712.9790254920066,643.0654065976627,Gene 46
726.5322258767459,651.8453948571868,Gene 0
726.588042587502,649.4243307031509,Gene 1
726.3270776858465,632.6366711420857,Gene 1
726.3314632667872,634.5135414221505,Gene 9
726.3463196483025,653.0795817015995,Gene 9
726.5300092056139,636.4365928057233,Gene 11
726.1315250563259,641.457995758022,Gene 14
726.473424143274,647.1423749519245,Gene 14
726.4911808627841,641.0223688812746,Gene 14
726.3096691456425,634.5324568330146,Gene 14
726.6746008776909,639.938627328257,Gene 14
726.2800135717051,637.8026986606021,Gene 14
726.2960955052714,642.0224101597364,Gene 14
726.6323957163908,649.9691593572484,Gene 14
726.2431412075817,632.1021833310904,Gene 14
726.1978001360767,646.0852260221643,Gene 14
726.5806161908245,644.2700279223201,Gene 14
726.4080111727162,634.5727482261041,Gene 14
726.4076702814303,647.6150137978502,Gene 14
726.0965788344104,639.0419197562376,Gene 14
726.5420298277834,648.5115222215882,Gene 14
726.3360434816882,644.8168460287015,Gene 14
726.0596785096836,645.0317057345004,Gene 14
726.1224615432162,640.4423221033244,Gene 14
726.0434598481637,644.3309371596704,Gene 14
726.2391937396252,650.758855409677,Gene 15
726.4630491766131,639.0645500590477,Gene 15
726.0911084773701,642.7097427503297,Gene 15
726.4652792592784,635.2362014619162,Gene 15
726.3447599695617,633.6121463606402,Gene 16
726.5691030807772,636.626278321143,Gene 16
726.0998066923711,639.3309169529088,Gene 16
726.3306470070777,648.639448891065,Gene 16
726.0569729249563,647.0552228505372,Gene 16
726.6351887150379,637.4063016905828,Gene 16
726.0909619263932,642.3901500943334,Gene 17
726.5070794905283,648.4402120744633,Gene 17
726.5755059829968,644.7946033540592,Gene 17
726.4386277992767,653.8299516716319,Gene 17
726.2100968968574,651.2836745437874,Gene 17
726.2274742169901,635.1563915716577,Gene 18
726.1885067084698,636.3046225476662,Gene 18
726.2147419434477,641.9135496009753,Gene 18
726.2841044247951,633.570228374397,Gene 18
726.5853082061894,647.1399090322678,Gene 18
726.6205203960601,638.8747585740064,Gene 18
726.185703254855,639.6519499619092,Gene 18
726.5923088545032,638.6833610372307,Gene 18
726.1091721567922,637.3874513427276,Gene 19
726.6317300109713,643.389081327761,Gene 20
726.3808510306275,653.6050996892545,Gene 20
726.6174682919637,650.7338055451291,Gene 20
726.0944545665242,642.7791602997551,Gene 20
726.5359154231089,632.9709150012729,Gene 20
726.1522409436833,648.7436074605911,Gene 22
726.213079263092,652.3055473554158,Gene 22
726.6204291925181,642.4585441747768,Gene 23
726.5955413579384,636.1640277329558,Gene 23
726.608680169239,648.8510934594735,Gene 23
726.637851135691,646.7031842946408,Gene 23
726.1075203097513,641.2392888017737,Gene 31
726.1067198774283,648.2803650572182,Gene 31
726.6937037387993,641.5588178499007,Gene 31
726.2154203212101,637.2654159270817,Gene 31
726.1262846165031,650.0686020819237,Gene 34
726.5290936948866,648.0927401916505,Gene 34
726.1641830205728,637.0521658728278,Gene 34
726.5793174953938,639.5431152856238,Gene 34
726.1887405223301,635.4695219737279,Gene 34
726.5730468896285,637.7349127998391,Gene 34
726.1470793180388,638.3106977346204,Gene 34
726.5863266793542,648.6969047889517,Gene 34
726.099719069673,642.1353222612114,Gene 46
734.2299585326401,641.9018822405466,Gene 0
732.9164722671268,641.1459534236513,Gene 1
734.4884888792989,629.3730685888903,Gene 1
732.1864767867927,637.1984874450628,Gene 9
732.6175638437944,636.5978131270105,Gene 9
733.7690934030835,644.5575735475411,Gene 12
733.4311305344079,644.6786942281354,Gene 12
735.9430225431703,642.693495634709,Gene 14
732.3842125784779,641.5869017052156,Gene 14
735.1967146205096,629.9125768656837,Gene 14
731.9497106508651,636.1817372997576,Gene 14
732.8808986199425,639.5718473171976,Gene 14
734.028776473808,628.588003474788,Gene 14
734.0629205095701,627.5293895553333,Gene 14
735.6061067865296,638.5681383613655,Gene 14
735.9133269740311,642.5072577869886,Gene 14
734.8162038839736,628.55082683749,Gene 14
736.0651286604766,631.4830895945327,Gene 15
731.9440593164775,632.8218434925845,Gene 15
735.2400162226356,644.9712109854161,Gene 15
736.4859415437454,636.2356787318014,Gene 15
733.4687766677827,642.8233182253578,Gene 15
735.3677842311268,630.409222841073,Gene 15
733.5063159856853,631.9876724736874,Gene 16
733.8238588528882,641.5566350183669,Gene 16
732.6723103576746,639.7332264224763,Gene 16
734.5319388098352,632.2207015269431,Gene 16
735.1102880103749,631.1169214758528,Gene 17
732.3841970800593,630.2262859407667,Gene 17
734.3800261489433,639.6883503846657,Gene 17
735.0905390916439,630.2416414449218,Gene 17
735.2464227086991,637.7216029180074,Gene 17
732.782008665441,637.464376139495,Gene 18
732.3183644286048,636.720639491385,Gene 18
733.1627992888532,637.4799930154998,Gene 18
734.4062126520686,642.6393909283506,Gene 18
732.3804064473688,636.3702333010699,Gene 18
736.1729026991757,638.6941328672028,Gene 18
735.7099856455235,640.3768355465792,Gene 18
735.7770319871449,629.4440254378746,Gene 18
735.8145866415057,640.5959408961297,Gene 18
733.8873190422636,629.3672706282541,Gene 18
732.5181398697003,638.9599900395358,Gene 18
733.9161502144384,631.896800335799,Gene 20
733.9253701761575,627.5504891775522,Gene 20
734.0060417728431,640.0544315464964,Gene 20
734.446671763123,631.5403699362545,Gene 20
733.2928836464118,631.4512302611226,Gene 20
732.6419855868687,635.1710064453314,Gene 22
735.112826183997,641.5705485750532,Gene 22
733.0656727678546,630.6657924219246,Gene 23
733.1901961182757,633.3032893941237,Gene 23
734.0092675004418,631.4635150578928,Gene 23
734.3825875091015,627.7809755884247,Gene 23
733.4933371833453,645.8029307376596,Gene 23
733.176648934002,643.6541824104809,Gene 31
735.791683129307,629.9827789715526,Gene 34
732.6510753802335,634.6414983093165,Gene 34
736.0576412159637,638.1136224283225,Gene 34
734.8676227047613,640.7870306849618,Gene 34
733.2785237062916,633.266566848238,Gene 40
746.8602628390358,642.4513655222036,Gene 11
749.3950338123868,635.5386833826793,Gene 11
749.8911716441729,636.2037743319355,Gene 12
748.6530263067042,644.6745481411351,Gene 14
749.925944141561,642.7072756395628,Gene 14
748.445505360219,638.5127378942678,Gene 14
750.1882360893349,640.9742310061547,Gene 14
749.2580553216578,642.9106841441637,Gene 14
746.9433434290861,641.4532220565759,Gene 14
746.2525757652027,645.3928596846645,Gene 14
746.2374749434449,643.5788302508512,Gene 14
746.7916232639383,644.101256625612,Gene 14
748.0763459160448,645.7377742589412,Gene 15
746.9944002702599,636.7252456888411,Gene 16
749.3169158331292,642.5375314950944,Gene 16
749.830308366742,635.6395312333626,Gene 16
745.7794139608973,640.6709410111364,Gene 16
749.5623539926447,633.885239181384,Gene 16
748.5207138753683,631.4013996674743,Gene 16
747.071182448032,634.2786114120237,Gene 16
748.2288832263007,648.6109467831458,Gene 17
746.3821461430435,639.9195302538417,Gene 17
746.7511688691981,644.7120906472057,Gene 17
747.7141075461363,646.1967567538796,Gene 17
749.6037073062096,633.7475199303426,Gene 17
749.6154094683629,633.3059121173859,Gene 17
748.2512277465215,644.6316565766922,Gene 17
747.2025486788268,645.9469477159407,Gene 17
748.7229421731704,632.3829526289977,Gene 18
749.3526958608328,632.7676112224913,Gene 18
747.6093387447052,641.4879391368667,Gene 18
747.9300172088244,632.4788680568064,Gene 18
749.1961761050369,645.7389433509361,Gene 18
749.6001598041885,645.590334743252,Gene 18
746.7574865473478,641.1804866857608,Gene 19
748.2267265490243,631.9847213381761,Gene 19
750.0490675484068,635.30268950612,Gene 20
746.749623084575,638.6589142767996,Gene 20
747.6008048504171,644.3761356259707,Gene 20
746.5407185982419,643.7225637786914,Gene 20
746.4176370807038,642.283332870907,Gene 22
748.0149420186812,646.1246980008152,Gene 22
746.5750240144843,640.7697493897342,Gene 22
746.7064680833463,642.9062034238349,Gene 23
745.8426457114927,640.7116865665629,Gene 23
748.3810552620444,635.6411342618662,Gene 23
747.6229952684603,634.7472702044445,Gene 31
748.4026231892559,645.8708471773459,Gene 31
749.0396901711873,632.816816406842,Gene 31
748.2424350134229,636.9161821848521,Gene 34
749.3080315041383,635.6459303339565,Gene 34
760.6038301632325,637.1309487470326,Gene 0
760.7029586964671,640.4384405248827,Gene 0
759.8278495970997,642.1606939692302,Gene 9
760.8203845213651,637.9676065884312,Gene 9
753.7036254754089,643.7885268056904,Gene 9
758.7825675088441,646.3910868533247,Gene 9
755.0563084809448,645.4303507582181,Gene 11
761.3974343233036,641.6396180005463,Gene 12
755.3195607649059,645.3973285750928,Gene 12
756.2445483793031,645.1263737197119,Gene 14
759.3752033326379,644.5803213653654,Gene 14
759.1445667238512,640.3628766428086,Gene 14
759.0896679017142,635.955180413955,Gene 14
754.4206670402605,647.3371757205056,Gene 14
756.4698991567593,648.0027650840168,Gene 14
753.6851156503086,642.7864166683828,Gene 14
756.2112697258419,641.685735386761,Gene 15
755.7100445931443,645.6910308391119,Gene 15
759.8448083722375,642.9373448647215,Gene 15
759.6075322565166,643.0854042953935,Gene 15
757.7914915042332,636.3135605949154,Gene 15
760.1693285118603,643.7850957936226,Gene 15
754.6906569586988,637.5784224939354,Gene 15
756.8110297566899,647.515065143363,Gene 15
756.4164513884915,646.5180815903565,Gene 15
753.0978991727291,640.0267071668005,Gene 16
754.8532177159728,635.9367747074248,Gene 16
754.024948545989,644.841513710455,Gene 16
760.632571632259,642.726590419802,Gene 16
756.5442583340626,637.2871590973402,Gene 17
754.6430197014269,646.245524208601,Gene 17
761.0282883928082,639.9222389635538,Gene 17
756.3074648841736,637.9611948610992,Gene 17
758.800494573075,640.8097115613677,Gene 18
756.3392995720444,645.4060477908841,Gene 18
756.2620424905645,638.2187643936833,Gene 18
759.3708550596729,644.5079283168196,Gene 18
755.1280383168306,643.0486187772145,Gene 18
760.8794301588347,644.086832096227,Gene 18
758.246883270719,644.8479132635426,Gene 18
760.4034416325039,639.5483795383815,Gene 18
756.3628740956083,636.5568313962906,Gene 18
754.4989312242707,636.5493151358239,Gene 18
755.7945573138599,635.7262312143479,Gene 20
759.4174108084812,637.5326082276789,Gene 20
760.733101418243,644.8228754189379,Gene 20
756.472267075987,647.1949839539016,Gene 20
757.2071751881882,638.6454314687026,Gene 20
757.7742335622916,645.6677363140873,Gene 23
755.1062401987313,646.8853942314853,Gene 23
761.1653459913995,638.572155787816,Gene 23
753.3654006111273,644.104880508159,Gene 23
757.1169194536404,646.2323135809386,Gene 23
758.0468067702799,643.4164796276208,Gene 31
756.4362911324919,646.2587913922846,Gene 31
754.4754535750898,637.5823729934241,Gene 31
753.3527605497414,636.9840630023658,Gene 31
758.9889087684467,645.952146162835,Gene 34
754.5014803667875,640.3923807061735,Gene 40
765.8266854690919,648.4035201480972,Gene 1
762.5441200295901,634.5581652394187,Gene 1
763.8391032484287,649.1926438492602,Gene 9
765.3708682651426,640.5322151792313,Gene 9
762.6496325114125,638.5315797995748,Gene 11
765.0350920185342,647.578314249218,Gene 11
765.2324743732459,647.4762095541133,Gene 14
762.7811749529844,637.8215296136927,Gene 14
766.3624702619661,637.7798269513935,Gene 14
766.4611447755453,644.7073627816951,Gene 14
764.2970167921103,648.873995156923,Gene 14
764.383822917405,643.6201471141649,Gene 14
762.5357832464148,649.338315506415,Gene 14
761.7811886953601,643.5661698911867,Gene 14
761.4509200492819,640.5811040751292,Gene 14
767.3959955199393,643.3608600961344,Gene 15
763.4136249638252,636.7330729672819,Gene 15
766.8214815548617,637.9993344452952,Gene 15
761.3183286373301,639.5192711100016,Gene 15
760.7928344283287,645.2957530116455,Gene 15
763.9064128910119,636.3180173443666,Gene 15
760.4655076391156,642.4244541684646,Gene 16
763.1286579768646,646.6481328939886,Gene 16
765.3684962160175,649.5564570476658,Gene 16
763.0030037244072,646.9892977225534,Gene 16
761.6744525917766,646.5082662933297,Gene 16
765.8142263996062,635.3631128790133,Gene 17
760.9196042618977,639.0997153420179,Gene 17
763.9882817975655,647.3560223615895,Gene 17
765.8357318246575,648.2960326485265,Gene 17
762.6513895512471,644.1763250076551,Gene 17
767.9989187702757,642.8407120242301,Gene 17
763.0866017333834,639.4500870222474,Gene 17
763.9665105615194,648.6315437401729,Gene 17
761.1466427466819,638.8949801309403,Gene 17
764.8842165867608,647.0754168946563,Gene 17
764.9360403609869,645.6360248748945,Gene 17
761.5444302156541,638.8975415808467,Gene 17
760.598752885678,640.985968025698,Gene 17
762.790176436653,646.9069048635873,Gene 17
764.1945132435402,634.7460054387913,Gene 17
762.023761869674,636.4861586336856,Gene 17
766.4218445043367,638.3568611059495,Gene 17
764.6797296552874,645.9428450025944,Gene 18
761.5222774425429,643.5519318653083,Gene 18
762.4580278091456,636.5037433322307,Gene 18
766.2279263798476,635.3502345479537,Gene 18
762.0363878401075,638.881507226658,Gene 18
765.9101246905436,645.1829161007319,Gene 18
766.9366238494838,644.9063367307267,Gene 18
763.8308149056121,636.1420956378187,Gene 18
761.811765627537,648.8891856936025,Gene 18
763.8975584158691,634.9544384624431,Gene 18
761.6423246707304,643.1590543032644,Gene 18
765.3309923705772,644.2944427863151,Gene 18
767.0217617296972,637.7644991236195,Gene 20
761.5519300884816,641.2356001932626,Gene 20
763.066747023515,635.3886013570836,Gene 20
762.6381392469613,641.6105105413236,Gene 20
766.4380886496313,641.3125138766951,Gene 22
762.487345278099,637.5114897410282,Gene 22
765.8349580206722,636.6599433870997,Gene 23
765.344449709263,636.5520658177098,Gene 31
763.2607264324323,634.6916603651949,Gene 31
761.6452980013598,639.8628287480813,Gene 31
761.2088413169391,641.2824211657003,Gene 34
761.8955082824855,638.3796776192104,Gene 34
760.7892219342442,644.6889635037604,Gene 40
772.5405182401935,641.137524059436,Gene 1
776.3279364253495,641.8521063063691,Gene 1
774.5484978212384,646.9150955295548,Gene 9
775.6381993489892,635.6228944455341,Gene 9
772.5628554856531,643.6489129953374,Gene 11
777.8607928826156,645.0124113269075,Gene 14
774.5472245838546,642.7455170333061,Gene 14
773.4351900354905,638.8725500924496,Gene 14
775.4031687044609,635.1600407321104,Gene 14
777.1585160340859,645.0652876757905,Gene 14
773.0980447615877,641.4380076842895,Gene 14
777.2902245716141,642.9908430071864,Gene 14
776.1989783423314,646.1163163674009,Gene 14
773.7299386132742,643.7950238660421,Gene 14
777.6912103449332,639.4106858759062,Gene 14
773.4396913413793,642.2748334742845,Gene 14
775.5923515013853,647.6637722913165,Gene 14
772.4413154896861,642.2016311964563,Gene 14
774.4892958385543,638.996056028894,Gene 15
776.8979219950508,642.7065429724554,Gene 15
774.9666298441808,637.0681221271534,Gene 15
774.9311452958653,635.4017187336465,Gene 15
775.2017622456376,648.8111168979422,Gene 15
774.5511301560215,647.3695796413361,Gene 15
773.8132837868221,643.4516035061796,Gene 16
775.7676787486308,641.4262872834846,Gene 16
774.5612811270645,647.062539513494,Gene 16
774.5571049531904,633.6205076911469,Gene 16
775.6293916444499,648.4481169648183,Gene 16
774.597036181504,643.0220395666088,Gene 16
775.5507061038501,648.4619917985129,Gene 16
774.3856982627032,637.4625791412403,Gene 16
777.3031203662282,639.2044659701381,Gene 16
774.8682523428301,642.6201213772059,Gene 17
775.1104672252587,633.1571019553916,Gene 17
776.12535175069,647.6604478806178,Gene 17
775.5067182928519,647.8092545299575,Gene 17
777.3586631613085,642.0738166828882,Gene 17
777.3313609289025,639.3284817537264,Gene 18
775.5927564455276,631.6193200763349,Gene 18
775.0318785363081,633.0025080734177,Gene 18
772.7318474918993,640.8846695570259,Gene 18
776.9166674574117,638.397474545809,Gene 18
777.2433707488891,636.7149065083323,Gene 18
776.7710704882572,638.7366605566142,Gene 18
775.165984962344,634.6682642483923,Gene 20
773.4158551503475,645.6142373521812,Gene 20
777.4140236648234,636.4038446023675,Gene 22
776.2236159887833,635.5567163120164,Gene 22
777.5708545992196,641.2599929621884,Gene 22
774.5697049680333,637.7677965363464,Gene 23
775.8373740502108,633.8737710959824,Gene 23
777.7904977365727,639.4255717613137,Gene 31
775.9813619600932,635.345755163704,Gene 31
775.8188374478195,646.1976340259462,Gene 31
774.2521151724831,640.0006839525911,Gene 34
776.4028231610849,638.0358920058737,Gene 40
776.9843535614829,643.8048091516577,Gene 46
782.548788195666,646.0278436907896,Gene 0
781.3141512123098,640.2711204970714,Gene 9
781.82201436136,638.5890710483628,Gene 11
781.0864714981051,639.0224736107737,Gene 11
784.264541638063,635.6472358135622,Gene 11
781.6137985549,641.6820454438964,Gene 11
784.5782100908851,645.6273745094225,Gene 11
784.6906468871871,642.6574304493561,Gene 12
781.264083919404,642.2013433315116,Gene 14
781.9926370889362,633.181084476453,Gene 14
783.9452834127658,633.1580429929348,Gene 14
782.3267561811559,647.5694971466496,Gene 14
784.5536715458657,633.3128694491425,Gene 14
784.1622252088611,636.6966793910053,Gene 15
781.3677558530782,640.7581260514005,Gene 15
782.9589365872832,633.6990721493966,Gene 15
781.4961662074262,646.1924994409901,Gene 15
780.7478209798572,638.0259413576879,Gene 15
784.6332144922493,639.4799533965744,Gene 15
783.9532669970994,634.6275287620635,Gene 15
785.0712072529058,644.496753489156,Gene 16
782.2430061482622,638.1279796718496,Gene 16
782.2595914840965,645.2216194546651,Gene 16
781.650730312778,635.0138193483684,Gene 16
782.9982339798473,632.7733856068093,Gene 16
783.1582297999983,644.8314761886645,Gene 17
784.3428733641492,646.0280654293408,Gene 17
782.3298503878898,637.9572209183533,Gene 17
782.6261673543333,643.1456601933143,Gene 17
783.2621250308291,633.3069263115509,Gene 18
784.110523196636,642.7303811968022,Gene 18
782.6347234007568,642.3662662758705,Gene 18
782.2847407246195,642.90612239117,Gene 18
781.3363769591236,636.4392899461532,Gene 18
781.5562329186201,638.9005227490591,Gene 18
781.5491035184332,640.8225660489229,Gene 18
781.9534600450838,642.4757138464313,Gene 18
784.7209466741732,637.1386424631472,Gene 18
783.9116116257899,639.5098186662553,Gene 20
783.2891771717858,637.3399731255638,Gene 20
780.9832387145364,639.9877907580048,Gene 20
784.0712384942813,638.1169879323211,Gene 20
782.8877770001919,633.7738545127172,Gene 20
781.0570792673404,642.7455820770416,Gene 20
782.5030914278915,639.323147309904,Gene 20
783.4933550511342,643.7582620192048,Gene 22
781.2928348445398,638.6575649872294,Gene 22
782.191977826494,632.3964284889886,Gene 23
784.4972086664077,641.0405612927213,Gene 23
782.7662371827655,646.6054026086906,Gene 31
780.8828564396167,637.9407257586488,Gene 31
783.2491372693,633.4295120773367,Gene 40
784.9313035903257,637.861456975277,Gene 46
781.8295599909021,641.6020565440836,Gene 46
784.4216173427769,645.5079441274266,Gene 46
792.8514484440032,640.1444185416242,Gene 9
789.1993459446787,646.7562489649426,Gene 9
788.1690703022274,632.7388112125254,Gene 11
790.730123844042,642.3726340856332,Gene 14
788.4596806293472,640.7386586474181,Gene 14
788.9936199176558,634.5561905624746,Gene 14
792.3962691370785,640.8498592846016,Gene 14
791.3109790555445,633.0725547989347,Gene 14
788.3210991873691,644.7817499317495,Gene 15
791.1992764130624,631.6647702372421,Gene 15
788.4535140169818,643.2330450443387,Gene 15
789.8200985778252,646.1811536194506,Gene 15
789.8282271076494,635.7884877871951,Gene 15
788.4060619457011,638.2474680236104,Gene 15
792.5735785402622,636.4489724289124,Gene 15
792.5969192800973,638.7846388202425,Gene 16
789.7657092322229,635.8404082965847,Gene 16
788.4316052919643,640.6860554132955,Gene 16
791.212368271804,645.6035884263068,Gene 16
791.4356340280943,635.9036701683441,Gene 16
790.8518495640504,646.3094109457035,Gene 17
788.417682808561,645.3407167341874,Gene 17
790.6724122801719,639.2298331398063,Gene 17
790.5430418724911,646.3005292608025,Gene 17
791.8681143380303,640.2491512798327,Gene 17
790.9491754378602,639.8357806817883,Gene 17
788.3529839155539,641.9526769724813,Gene 17
790.8176696568586,635.4605567572589,Gene 18
789.3455048313833,645.636164006363,Gene 18
792.3720059223281,640.6683276048661,Gene 18
789.3588278213232,642.3649887953728,Gene 18
788.509204859322,642.4912299087953,Gene 18
791.2157805922299,638.3678879807811,Gene 18
792.1370615438785,638.3741141539697,Gene 18
786.7828726046416,640.8718662070864,Gene 18
792.0744244359915,640.6079004782059,Gene 19
790.8845397854916,643.1248700520633,Gene 20
790.5348250431634,631.7040581265417,Gene 20
788.0407052917179,636.1893076763893,Gene 20
788.4020334941011,638.9134152214067,Gene 22
791.7410627994742,634.4826181026152,Gene 23
789.0141603411721,631.8731001013178,Gene 23
788.1755752325414,642.740218185351,Gene 23
787.8226164876174,640.1986849666507,Gene 23
787.6019716072855,642.3021039847473,Gene 23
789.2302904883564,645.4263304005758,Gene 34
792.0680416402263,638.2146063758586,Gene 40
722.8818461799447,650.4806491950702,Gene 0
722.4725488509544,644.6131501212527,Gene 0
722.4793798983097,658.9758165871682,Gene 1
722.7229338684749,659.7430396374475,Gene 1
722.3129619649791,649.9231047809463,Gene 1
722.471621950051,652.2012771157378,Gene 11
722.9616544553793,649.5480300777492,Gene 14
722.2269201031444,647.9910844257897,Gene 14
722.5234183386119,642.5174316348133,Gene 14
722.4096277496809,648.5726762500851,Gene 14
722.6533049009319,643.9235143673637,Gene 14
722.3536140186275,645.1024702282833,Gene 14
722.591674697569,651.5735839871068,Gene 15
722.3582029254977,645.4219328062679,Gene 15
722.6085393750635,655.9391593528266,Gene 15
722.5697349836622,660.4135950595005,Gene 15
722.4213956504805,642.268571785646,Gene 16
722.8771568466123,659.1985999816638,Gene 16
722.6920446824986,646.5945890654496,Gene 16
722.2894672393899,649.3653551638582,Gene 17
722.576138260127,649.9524859308377,Gene 17
722.3779901329457,657.3707028403683,Gene 17
722.9079683170368,654.38370341456,Gene 17
722.9965602337957,645.5579582907967,Gene 17
722.9130153623584,656.7664639335826,Gene 17
722.5851042056448,642.5188922076426,Gene 17
722.7019726456896,642.0594464096524,Gene 18
722.4180200445074,657.6507005579147,Gene 18
722.5907191678833,659.2503723192077,Gene 18
722.5895622246859,642.3011084044583,Gene 18
722.4973278290145,642.2348124399547,Gene 18
722.3898467439843,645.8808032975311,Gene 18
722.9692629280814,650.3719941803151,Gene 19
722.9372789644523,655.734246559118,Gene 19
722.3986807256151,641.6645256411387,Gene 20
722.7343192505671,655.2848869975362,Gene 20
722.6665948701279,641.2179749193075,Gene 20
722.8945130421195,643.810623346319,Gene 20
723.0384283428057,647.6905114747386,Gene 20
722.5148881652866,655.5631428537652,Gene 23
722.3093480942435,648.2000075771407,Gene 23
722.9596274448644,645.9154411717357,Gene 31
722.6571436442409,642.4931980542739,Gene 31
723.0484933428259,654.7489726235646,Gene 34
722.8785084490908,641.0862022579288,Gene 48
726.0486452040244,656.0809375955425,Gene 9
728.0893095211344,653.3192524859459,Gene 11
728.4966845411401,647.4888585835961,Gene 11
729.0847812233433,645.6786403265371,Gene 14
727.4803033568198,640.6095613559854,Gene 14
726.614023022044,654.1718360469955,Gene 14
725.5277706979376,646.7317785905364,Gene 14
729.5047342851622,649.8711937401893,Gene 14
725.9295202476147,649.6807699814786,Gene 14
728.016904790617,644.8362171833079,Gene 15
728.9001281415249,646.3841763073938,Gene 15
726.3424599506428,643.0918312380792,Gene 15
727.1070781387089,658.2341018281237,Gene 15
725.5168009638821,647.3332511987231,Gene 15
727.2784868088054,645.7520381209135,Gene 15
727.1826640116614,641.7744666545129,Gene 16
726.8984072632644,657.5777243401282,Gene 16
725.7202558488956,646.9634666017325,Gene 17
727.5492601567998,657.2909135927915,Gene 17
726.6726073400811,644.9628003305615,Gene 17
727.0789922848937,654.114695731854,Gene 17
729.1256757440352,643.5608629154976,Gene 17
727.922540645035,656.2155365830314,Gene 17
729.4679860611865,647.2433609838675,Gene 17
728.8897738860798,645.216962613147,Gene 17
726.3656889550277,649.436437099862,Gene 17
728.73274733436,650.3157439551093,Gene 18
727.2500718359678,639.3014155483521,Gene 18
729.0227971841861,651.1578447946079,Gene 18
729.2582903072018,651.0084297185347,Gene 18
727.4098497397514,656.1503568665529,Gene 18
726.4901122878653,641.8831465470423,Gene 18
729.111526392743,647.7259858725628,Gene 18
728.1197997163989,642.7050526224226,Gene 18
725.8484811569331,650.3384823532283,Gene 18
725.7793402115694,649.5662429336161,Gene 19
725.6386698146438,649.7822792182027,Gene 20
726.0732883854232,642.8919590426412,Gene 20
725.3555453693834,648.1935381634539,Gene 22
726.6336479605758,652.0081717146926,Gene 23
727.4328995062807,656.7436078477363,Gene 23
725.6685812186906,645.6977136437589,Gene 31
725.874056768626,654.3084892408365,Gene 31
725.6892106934386,646.3337929936077,Gene 34
728.4601282297033,643.7497386166184,Gene 34
726.3272419172213,641.8000885895541,Gene 34
725.9847992404189,643.7156322807564,Gene 40
728.2790897728834,644.7220441330727,Gene 40
729.7395437463986,647.5566207240853,Gene 46
728.5079420880622,642.2464356369566,Gene 46
744.9669060731856,649.6508585570109,Gene 0
742.0297890417132,656.8130637585075,Gene 1
744.4938809553339,652.2450391554751,Gene 9
744.2728426819494,646.7582689709559,Gene 9
745.1959271802788,649.4569464666649,Gene 11
738.702875836919,646.9174388435624,Gene 12
738.1953691388225,651.6079862125547,Gene 14
742.4223469055623,647.9501001473582,Gene 14
745.429474978255,650.0580046341798,Gene 14
737.8033403534145,653.4660571626546,Gene 14
743.2594364294398,646.136187819973,Gene 14
742.1122212622582,652.9377793081737,Gene 15
745.3385656190023,648.385328584205,Gene 15
744.0478692432729,653.3547959969327,Gene 15
742.5062981462407,648.4648524966249,Gene 15
744.5043168874262,654.3546404127296,Gene 15
739.5578731165112,650.7924772136283,Gene 16
738.7955183917946,656.5396234179252,Gene 16
740.6561047062644,646.4812969385528,Gene 16
737.9276237650253,648.5142651465184,Gene 16
737.8047044997724,648.5066154587996,Gene 16
743.5181714607393,652.5666532330786,Gene 16
741.101868970089,651.7873646728839,Gene 17
740.5216609225215,645.588951475811,Gene 17
737.8970749440491,655.3504154784277,Gene 17
742.9921187420784,654.4077445753461,Gene 18
741.7281562446361,648.9928923433393,Gene 18
740.6850484943081,655.3260844565201,Gene 18
745.1450962392973,653.3825398368597,Gene 18
741.8342474419077,647.2467007374867,Gene 18
737.1008565259327,654.6932140130014,Gene 18
743.8130421428652,648.0203325788364,Gene 20
741.6017623230913,655.3281418027157,Gene 20
746.1744490053281,651.8872520591977,Gene 20
744.072048523347,652.1274969585352,Gene 20
744.9430036124825,648.353283242029,Gene 20
737.7651441963922,649.58030387303,Gene 23
739.0154645499916,655.0708139627226,Gene 31
742.1643223616123,654.7982777775205,Gene 31
738.2526498309899,649.178373458762,Gene 31
745.6881033394142,649.6286886489361,Gene 34
742.435533719602,648.4282448421199,Gene 34
748.974276575898,654.3427262751679,Gene 1
746.1418351455065,647.6110041401291,Gene 1
754.5518453056737,649.1934262591833,Gene 9
751.6020315694118,649.0571356801257,Gene 11
750.4261342251516,654.6114528841814,Gene 11
751.8572951249995,654.2028550298404,Gene 11
754.5218993987598,651.9394862857254,Gene 11
752.6623533743832,646.9446067597233,Gene 11
746.8819367269213,648.236339552094,Gene 12
747.602763900447,653.889024360229,Gene 14
753.4056602744934,648.4793303798198,Gene 14
750.1694560781251,648.7943825584905,Gene 14
747.9909015778254,654.2424280741094,Gene 14
746.1420730581351,650.0700278373944,Gene 14
755.1429671051376,651.979928295315,Gene 14
749.5216222601589,653.9293623331871,Gene 14
750.2237372308497,654.210730004145,Gene 14
747.6841741931881,649.8058188111256,Gene 14
753.3281767982121,652.8751052568332,Gene 14
748.1305502384238,652.9380742392427,Gene 14
746.750321166608,647.9606525120595,Gene 14
744.0821311862609,651.9406743523267,Gene 15
754.1026104880596,648.3273309887888,Gene 15
744.2869113625784,651.3320434530391,Gene 15
754.4448415236066,652.8520616127976,Gene 15
753.0572170643294,647.5980285231542,Gene 15
753.9824118361794,651.7083969770277,Gene 16
753.6065084143834,648.2059536487409,Gene 16
753.5366265625497,648.4635229430104,Gene 16
749.1950547736753,652.130471025683,Gene 16
751.3207741987609,656.1312243638484,Gene 17
753.2406221596817,651.1120242197311,Gene 17
752.0465200824185,653.7693547365132,Gene 17
753.4334308916084,648.1564546287451,Gene 17
748.9068303013689,654.7535274830633,Gene 17
751.6469066346849,646.9425275726832,Gene 17
749.9716893256228,646.1575279590921,Gene 17
753.3043124124864,651.6603093649312,Gene 18
746.6176614285823,648.1801159665487,Gene 18
752.7212112891084,649.4965952346206,Gene 18
750.865747949127,646.5788781518787,Gene 18
746.5639207955101,650.4314628842354,Gene 18
754.1032549802145,651.5471190695813,Gene 18
749.7014299109368,654.7972643852245,Gene 20
753.6921202691727,647.7629250515712,Gene 20
753.4920789144516,650.5806820779942,Gene 20
752.1812416394839,648.5606852302838,Gene 20
749.7058181334318,646.6980981015955,Gene 23
754.0663623109253,650.7905040361111,Gene 23
752.5193245764152,653.9396194309763,Gene 23
747.8607242258917,648.9202753129769,Gene 31
751.4331064466719,646.1504626120267,Gene 31
748.4972597453477,654.1432013267205,Gene 31
746.7297359949533,651.6394120118673,Gene 31
746.1837192737623,647.6678365505104,Gene 31
747.297213376714,653.1958501302482,Gene 45
747.6311568934124,655.9055240057976,Gene 46
760.5752420374333,646.0511875523177,Gene 1
757.3102983824289,650.6662835749823,Gene 9
759.248729526221,653.8683528910859,Gene 11
757.7320248449554,649.4806298955359,Gene 11
765.2734800246794,649.4101888586537,Gene 14
765.9708394717429,650.1371249488068,Gene 14
760.5308699386659,646.6732933646063,Gene 14
765.7369495828518,650.8327166705757,Gene 14
761.9107881171958,647.142618421603,Gene 15
766.2974584423288,649.2081444255091,Gene 15
758.5387301883342,646.0153659759716,Gene 15
757.4496175157567,652.3074282112085,Gene 15
762.7202868522944,648.2438168338338,Gene 15
762.3990955447293,655.2003176778345,Gene 15
758.954684885508,647.6760988265672,Gene 15
763.080818699256,654.3015075296229,Gene 15
761.1877454504645,645.8275394182391,Gene 16
764.1902691646796,652.2593003028637,Gene 16
756.7456293436575,651.663587115343,Gene 16
764.7679564597406,650.058452841762,Gene 16
758.4486967238897,651.1486887569588,Gene 16
758.9180499589569,653.0423677243228,Gene 17
757.5294644844367,646.6159920423587,Gene 17
758.858964040234,646.6824957261756,Gene 17
762.8291947138185,645.6338164810456,Gene 17
763.2479281816038,655.0166866759884,Gene 17
762.7790427669265,646.0329835464828,Gene 17
765.6710988401661,652.1158951871188,Gene 17
756.9831188400617,652.1267322335532,Gene 18
760.2421884019238,649.506270200407,Gene 18
763.2500978339139,647.5384600445806,Gene 18
758.332646499692,653.3187244151885,Gene 18
758.7406599954978,654.5635300026779,Gene 18
765.9965293760052,652.6589201296625,Gene 18
758.5134266731287,650.3473432876992,Gene 18
758.4563566938211,653.3802093249022,Gene 18
761.3525691087216,645.0886356078385,Gene 18
763.3119714363485,645.8833219346003,Gene 20
757.2381038271882,653.1119290179454,Gene 20
757.9562515920437,653.8002257288778,Gene 22
766.0080656640861,650.9159017072382,Gene 23
759.7846043093165,651.9878963917425,Gene 23
761.499052625337,652.939849573219,Gene 23
765.3305042913569,652.7877512615479,Gene 31
763.3428433362227,652.9927969103343,Gene 31
763.5873197414047,654.1877518558731,Gene 31
759.4956782529706,653.628514059409,Gene 34
756.8365004592191,652.6288500992758,Gene 34
764.5762888597685,649.2189208056144,Gene 40
765.8597615348095,654.250540010418,Gene 1
770.8278873016942,652.0660853602603,Gene 9
770.2111119206918,643.7226735441014,Gene 9
769.3226433856671,642.5194550087057,Gene 11
768.046719358535,654.5129852098029,Gene 12
771.2728202748232,643.5557940137459,Gene 14
768.7748981388926,643.0482089944453,Gene 14
769.2479178932623,643.5734498873758,Gene 14
768.0420019232915,648.3839426839502,Gene 14
767.1123693195184,655.4726043842844,Gene 14
771.6256858557166,651.5571983723066,Gene 14
766.5745962909648,645.5611867436469,Gene 14
767.997798005422,653.0073351288585,Gene 14
767.8658887070347,653.8407092474685,Gene 14
766.6728201778502,644.8269427135288,Gene 14
772.2176057106027,646.7895695879373,Gene 14
767.4022801135491,650.5852446325528,Gene 15
765.2435153542403,648.3713473053082,Gene 15
766.512737562585,654.1898242786388,Gene 15
772.0502548442121,650.7802978889789,Gene 15
771.2018875488927,644.9739163048246,Gene 15
765.6589806502554,648.6307652218871,Gene 15
767.3633422765893,655.1720016891031,Gene 16
770.666314070025,650.4681595244491,Gene 16
768.2423009928109,644.596818962565,Gene 16
767.1682632122793,648.6901294798633,Gene 16
770.911069577191,644.6449435420102,Gene 17
771.333053278476,646.5422073689336,Gene 17
766.3079719898889,653.2897859813658,Gene 17
766.4603820749771,654.2991895872448,Gene 17
767.9286544206661,654.822903617527,Gene 17
770.6919669412375,654.2330374090906,Gene 18
767.4208139773013,645.5746516613585,Gene 18
770.6630666916974,653.3652840726209,Gene 18
770.1740936410729,651.8095242153588,Gene 18
772.1494032280768,648.6824716716615,Gene 18
767.2964536518186,655.5196107998212,Gene 18
770.6727157558022,653.0878416449845,Gene 18
771.1404394879484,644.6599210719066,Gene 18
768.9771391063384,644.90387977573,Gene 18
766.7463867298231,645.4268571869055,Gene 18
767.9051690888707,643.5090833829581,Gene 18
769.7458642578034,655.226351682278,Gene 18
768.3181943509676,643.4085612971603,Gene 18
769.7608707852124,651.4479091919293,Gene 18
766.562250868524,644.0322399194096,Gene 19
767.7089718688702,651.2408358213079,Gene 20
770.3477733040091,654.0397861590923,Gene 20
769.2599718712308,655.0857116005541,Gene 20
766.5778314122822,654.2800336879276,Gene 20
770.9505439102966,645.0572946844321,Gene 20
768.3881391721006,652.6542209401704,Gene 22
771.2786776097421,653.873363734081,Gene 22
771.1300443240465,655.3251274051872,Gene 22
771.0912869378999,651.3273510204267,Gene 23
768.4597937780704,642.4329751682682,Gene 23
769.6100422778442,652.2370206652724,Gene 23
771.5814992915808,648.2190347011168,Gene 23
766.070260883337,654.2675812842397,Gene 23
767.0098677355954,654.2667612705204,Gene 31
771.7795779964457,647.3490506941758,Gene 31
768.7602356082256,643.2885463351239,Gene 31
767.6414979971972,644.5665477628323,Gene 32
766.2805604448034,645.2428857338755,Gene 34
766.3591571644358,647.6708947507065,Gene 34
766.5562923617449,644.3564131623828,Gene 40
785.3007751178948,649.3458325769062,Gene 1
780.2219727972941,650.4986763192613,Gene 9
787.650223891334,648.408528523629,Gene 9
787.2970659865546,649.3967098324072,Gene 9
781.9370796735067,647.7823606022916,Gene 11
774.7384891259792,649.5442155912161,Gene 14
787.0284465508005,647.6360405009959,Gene 14
774.241258185048,648.6201425597624,Gene 14
785.9840847905622,650.8350754529238,Gene 14
773.1688307938817,650.8542645525064,Gene 14
781.1736436597179,648.4720098599126,Gene 14
784.0169212618956,648.520258349975,Gene 14
774.4166213052888,648.3994067440589,Gene 14
772.9570328507983,651.1553278869716,Gene 14
779.4008852186294,652.2305588536403,Gene 14
784.5857738320226,646.4122923231364,Gene 14
779.036928646352,652.0129683259104,Gene 14
772.8047168374949,649.2538133258228,Gene 14
786.5574213237005,647.8096405855179,Gene 14
784.8225049895615,651.6877597674513,Gene 14
785.5690901109073,649.589247824984,Gene 14
774.6352221987746,649.7457695983918,Gene 14
787.3383818703983,650.0711713230742,Gene 14
780.7433043356095,648.0625827017673,Gene 15
779.4898411796402,650.2784510106175,Gene 15
782.4925181613746,651.2422351474589,Gene 15
774.2170071776163,651.068610899823,Gene 15
774.781640976469,647.7327827056894,Gene 15
778.8435263137841,652.2113278196209,Gene 15
775.1791167775897,649.0449688413742,Gene 15
782.0485426665073,651.0934277012267,Gene 16
781.5517060710262,647.3211146536903,Gene 16
784.1160447686044,651.8201335091103,Gene 17
773.472429199178,651.7176174719986,Gene 17
774.2645997286966,647.5305994006271,Gene 17
774.6257650147277,648.1040880638814,Gene 17
786.7684822117131,650.6287304603378,Gene 17
788.0013078911203,647.8939051656101,Gene 17
779.3081766137778,647.8454683339431,Gene 17
778.6899555835482,647.7070725228078,Gene 18
775.8579792703994,649.7089827136778,Gene 18
786.7268440157543,650.565188046173,Gene 18
779.5005616071905,646.5682630832946,Gene 18
781.2526033440862,647.2758324177727,Gene 18
786.0073198391807,651.363371701442,Gene 18
780.5809060027071,648.2874610869909,Gene 18
777.5878659902371,647.4472357578791,Gene 18
779.5412939200545,652.0044485908222,Gene 18
774.1924829174221,649.0987747414442,Gene 20
774.563639196044,648.8651844937493,Gene 20
774.5363016987889,649.350154151017,Gene 20
780.4152832583617,651.6689891638912,Gene 22
787.589996878129,647.52110667597,Gene 22
783.3887894296402,650.7348831981737,Gene 23
784.458405177462,651.0081058986967,Gene 23
784.3417639370007,647.5740764351456,Gene 31
786.0799798670338,650.6948958460359,Gene 31
775.5967209149363,651.2733993386912,Gene 31
780.5450317149623,652.2486629098053,Gene 31
780.410846322928,646.2197316441698,Gene 31
785.9086611098351,650.4070493860053,Gene 34
777.4262388198437,646.7251905004325,Gene 34
774.3028163453748,649.3758622766402,Gene 34
789.1226626294538,656.3837160067212,Gene 1
795.7941814134263,654.3539754492217,Gene 1
790.4348182567462,650.5762803046194,Gene 1
792.1156584514034,647.4126458441299,Gene 9
794.9755599200006,651.9304732858532,Gene 12
794.1768523184736,656.4474478053745,Gene 14
787.9348630364045,656.7829149802895,Gene 14
792.3073222596774,652.6459724675542,Gene 14
789.262692993758,658.3519796608265,Gene 14
794.5177677633227,656.8491694543723,Gene 14
792.0834712717557,654.6108646986422,Gene 14
790.1907604577011,658.1895673416506,Gene 14
792.3722060662221,650.3118821399308,Gene 14
793.355912016176,654.5661828686796,Gene 14
790.4286566610908,647.3911066012869,Gene 14
793.0715514760946,658.2173570759629,Gene 14
794.8620599046886,654.8843564065153,Gene 15
787.1627225390032,655.2696798606603,Gene 15
793.7102540210981,650.4684261762504,Gene 15
794.9462867071013,654.5894721522454,Gene 15
786.8456592476751,652.5724582682586,Gene 15
791.8447024024797,658.242556643364,Gene 15
796.2332417832017,653.7684899412194,Gene 15
789.3769705086862,648.6443403419445,Gene 16
791.1428602761775,648.4802332682605,Gene 16
788.3523958033762,653.827738300809,Gene 16
795.9641917188025,652.8591234697759,Gene 17
788.502076186561,658.3716926340838,Gene 17
795.6215201711007,655.9843135832941,Gene 17
789.8862892653476,654.9187548895775,Gene 17
786.9250637848888,654.852620940869,Gene 17
788.048763805774,652.8145851695957,Gene 17
789.2465290969376,658.1091065306055,Gene 18
794.1326013233796,648.4742371753428,Gene 18
794.7692791473272,656.532047059567,Gene 18
795.2092432200437,653.2331316269747,Gene 18
789.5966307012548,654.0881107755396,Gene 18
793.5571144788029,648.659138049175,Gene 18
787.6283728278278,655.5266079976725,Gene 18
792.9107262223829,658.0340538094601,Gene 18
789.8955149683311,658.8382564587558,Gene 18
795.6444788216006,651.6164479135492,Gene 18
792.5376411893833,658.5160362439501,Gene 18
788.965822933199,650.3889017315596,Gene 20
788.8353978632422,650.5725410886467,Gene 20
790.4478750471196,649.7068992452954,Gene 20
790.4726120367671,648.3556126425182,Gene 20
791.9640947979211,648.1551152708181,Gene 20
794.6732723203343,652.3154219611494,Gene 23
786.867467943195,655.951237867875,Gene 23
795.6185807828793,655.2657586056764,Gene 23
792.1447222514108,648.5820992657847,Gene 23
792.3879855514353,647.5613432172578,Gene 31
793.3354627651664,647.4090911096291,Gene 31
795.587247067971,649.8043104507972,Gene 31
790.5928413500695,650.1829424635245,Gene 31
788.2324469864159,649.6968754118842,Gene 34
748.3309231122855,650.6401524388082,Gene 1
748.8122184756679,648.7755824013974,Gene 9
748.4429068442016,651.791915959134,Gene 9
749.0758843663201,664.4691723548959,Gene 10
748.6170742054042,653.9765321342753,Gene 11
749.7657817608282,654.4351973565792,Gene 11
746.9776474203834,655.2538067918691,Gene 11
746.4695229423926,658.1858606483104,Gene 14
747.1482391164651,650.0298360154649,Gene 14
746.1113740187994,656.1077692731176,Gene 14
747.0177709906184,653.3322181167588,Gene 14
749.4080651988401,661.1119568101836,Gene 14
748.2495551780979,652.7638975023668,Gene 14
747.0308218894799,649.1374993565427,Gene 14
748.0619770496501,648.1029123624478,Gene 15
749.1632036434132,660.5901351286852,Gene 15
748.6663389238573,662.7010865712385,Gene 15
748.798160367752,658.8466424006034,Gene 15
747.2110046716243,662.0689488058591,Gene 16
746.5535580882342,654.0809888067635,Gene 16
746.2173504698526,657.0302896249474,Gene 16
747.3577928087315,653.185481960867,Gene 16
746.662632838097,659.6504572123638,Gene 16
749.8166863282811,654.8728818394961,Gene 17
746.1830820177153,658.9479024624819,Gene 17
749.6203952190955,651.9092940728924,Gene 17
749.4492093089992,652.254995706999,Gene 17
746.6619262620036,657.7264443577384,Gene 17
746.729074369026,660.6302223542083,Gene 17
746.9666136571278,659.9840339832276,Gene 18
747.9129218905966,660.8224302445242,Gene 18
747.8653922004735,665.724139622799,Gene 18
746.5256030955798,654.0973461051676,Gene 18
747.95888775725,648.8118588495419,Gene 18
749.1024501007954,660.4559631843235,Gene 20
746.4828134775624,655.4958793077869,Gene 22
747.9302075400426,648.5730917401692,Gene 22
748.7223410030057,650.4135467718636,Gene 23
749.1826931431056,658.949558236974,Gene 23
747.3897314459548,664.5240525747229,Gene 31
748.3976790987805,662.5914710741262,Gene 34
747.2574406029046,664.0967218881289,Gene 34
749.2928052372921,658.9587361282196,Gene 34
748.5016564841578,655.6536156952767,Gene 45
746.3360214179775,656.6895864540462,Gene 46
755.3350712761651,660.2775117069417,Gene 9
758.2325768705009,649.9488121836619,Gene 11
756.250321324091,652.1414914254987,Gene 11
758.3377377836108,660.422815622897,Gene 14
755.7145440870936,648.1540593220013,Gene 14
756.1023191264323,654.8727381226142,Gene 14
758.6757762613771,652.1043024864873,Gene 15
755.0324494499143,652.80834517951,Gene 15
756.7199284167654,661.2046678471471,Gene 15
757.9808330636126,661.5728330254648,Gene 15
758.4876760161056,662.0433228316746,Gene 15
758.6507970743446,654.6423524172213,Gene 15
758.4643676132149,651.8849551845252,Gene 16
755.436150046422,650.3215329580469,Gene 16
757.8995712108263,659.0889526685498,Gene 16
757.8101975158515,650.2186012730099,Gene 16
755.9960593161094,663.9260618622773,Gene 16
759.1260557919283,653.6870365452572,Gene 16
755.142776453292,652.3637560766477,Gene 17
755.1722509493064,653.9378792541454,Gene 17
755.6154867829669,659.2494491230863,Gene 17
754.3842856255424,654.3683130106233,Gene 17
755.2526673740283,659.3342007067437,Gene 18
758.6139418209742,653.282637719151,Gene 18
755.5650758066251,660.9230744068889,Gene 18
756.6660004791696,648.7853979921243,Gene 18
758.1986315294043,662.6569419520324,Gene 18
758.6671766049132,653.1871597069253,Gene 18
756.7454263793384,659.4347087693533,Gene 18
756.7012453449877,657.6727131214216,Gene 18
758.9829199811478,651.4439065889702,Gene 18
756.953418822714,647.5047134564202,Gene 19
754.8970758223533,650.1755776385199,Gene 20
754.8019494484223,654.0972588015266,Gene 20
759.4080065362776,657.7229486579247,Gene 20
758.6129724823111,648.3276540891729,Gene 20
757.5786986370408,657.3997702562787,Gene 20
758.4823540140791,659.141064935979,Gene 20
758.7107034704865,652.9342087555016,Gene 23
757.7928869990482,657.7914452488658,Gene 23
756.6154628739254,646.9922944764662,Gene 31
755.6459583911234,651.0628594841972,Gene 31
755.4002505084276,657.740570180727,Gene 31
758.0864223275239,649.4657357428057,Gene 31
754.6946540194168,659.3836266316387,Gene 31
758.4485734869302,662.1837535906423,Gene 31
758.881932429176,649.0525467371892,Gene 31
755.8330212887807,663.8401798834308,Gene 34
755.4372219718422,661.8010082456291,Gene 34
761.6332983314376,666.5555476451623,Gene 9
763.0958301543858,651.5337023354775,Gene 11
763.1361406391026,660.2938305966114,Gene 11
764.115450934915,657.8681003529242,Gene 12
762.1990483568666,653.9524829536657,Gene 14
762.4296994335075,654.7274605863158,Gene 14
763.3663374579986,656.1833841645476,Gene 14
759.6551084636984,655.8758421335214,Gene 14
761.4395740843914,663.3543627835804,Gene 14
762.1271739702214,656.3110888765823,Gene 14
760.9794231282428,652.746048978451,Gene 14
763.5500295843942,658.4289653868383,Gene 14
759.7252802659561,659.4453837360059,Gene 14
762.5091244440337,655.8454607367783,Gene 15
762.9386453951072,652.9825257874995,Gene 15
761.2966344324235,657.7244105609886,Gene 15
760.3369764114569,663.7509815875418,Gene 15
763.7562564132851,656.0879959199943,Gene 16
760.5561078219891,652.5643541170787,Gene 16
760.6098555217745,658.5411388686475,Gene 16
762.6510924382117,666.9172479503757,Gene 16
761.949454962221,665.8598981353172,Gene 16
761.2495865774409,653.407926093948,Gene 16
761.4389287848769,656.6674024071577,Gene 16
763.1585519313384,651.9434566363374,Gene 16
761.6536271166273,651.2483891586331,Gene 17
763.3048727890614,654.335373731799,Gene 17
762.9881572052165,654.3146788168089,Gene 17
762.7941644506753,651.8429529102619,Gene 18
760.3065575905769,658.0937858847625,Gene 18
762.1088525794261,650.305502660551,Gene 18
763.3047041717386,661.5309778284798,Gene 18
759.8734153969691,653.6599598052029,Gene 18
763.7729003305175,659.0748489774116,Gene 18
762.0990293204205,661.6629777711863,Gene 18
761.1130997248692,665.995557882278,Gene 18
761.453100221291,655.2121995812381,Gene 18
762.9890502529765,661.5612525634509,Gene 18
760.1127067513078,656.4946608493501,Gene 19
761.7861113880213,665.4190169486365,Gene 19
762.5487449514237,651.7040138486641,Gene 20
760.9542504040855,664.7211665547965,Gene 20
762.1114293022324,652.1892217007626,Gene 20
762.2531411870941,663.508361965361,Gene 20
761.5052339677742,664.6625387716812,Gene 20
762.4416306753187,653.420556333017,Gene 20
760.8803118833919,657.1951012257063,Gene 20
761.8210119960573,649.7441343665663,Gene 20
762.4486415056042,649.5221131507774,Gene 20
762.2216839631328,651.9156402212695,Gene 23
760.3038860785762,654.8348148147847,Gene 23
760.375232684109,662.7795203410542,Gene 31
759.456667776995,656.4470471513321,Gene 31
763.9451572399297,657.0592187043987,Gene 31
759.8052301333562,659.8228535850071,Gene 31
759.9550863983844,657.3475131322102,Gene 34
762.3670033074754,655.3110548417998,Gene 34
761.9825608916183,664.4260639605844,Gene 46
771.4277475504495,655.9862421562199,Gene 1
772.290089534015,655.7189734196629,Gene 1
783.150027869681,657.5308769015695,Gene 9
774.8608409018901,652.936544941429,Gene 9
784.8292142183458,656.1644899710269,Gene 9
771.6494221431611,656.6774846699119,Gene 9
774.1548121663579,656.6491439734626,Gene 11
781.712816848685,659.2232397898849,Gene 14
784.6787973808549,657.1685460751714,Gene 14
780.8290042191109,657.2846675908805,Gene 14
771.7620561899625,654.4779513422775,Gene 14
773.4742334183833,653.3223452253483,Gene 14
779.4223663181821,653.5447051992545,Gene 14
774.6196272076975,653.9955026197598,Gene 15
772.7170969376285,653.8674981282612,Gene 15
782.9651742111475,658.5463956393684,Gene 15
776.6446510968569,653.5769476760519,Gene 15
780.4180899481868,658.0162190376088,Gene 15
774.3139192002221,656.0976938776333,Gene 16
776.482667833188,654.6601896938776,Gene 16
771.5462359184676,658.3445527966514,Gene 16
779.9811136929527,654.7624294885725,Gene 16
779.9739893399909,652.776871292696,Gene 16
778.7449847504263,655.0931550487315,Gene 17
773.9764280704745,654.441070203981,Gene 17
777.3817750825417,658.8334735201774,Gene 17
775.4545573000694,654.6543163493726,Gene 17
778.6333247426098,659.3089684060545,Gene 18
770.6283639722608,657.6603885562633,Gene 18
780.4174478404947,654.6299897638537,Gene 18
779.2709420077784,658.1017624493221,Gene 18
778.9207986374317,658.6859680283691,Gene 18
776.9956233497732,653.1437068017204,Gene 18
774.9286028342759,657.3956116770036,Gene 18
785.1331120684046,657.3987859953389,Gene 18
779.423504009606,653.026664247515,Gene 18
773.0178699576215,654.6861043900354,Gene 18
776.6797695040264,655.7759706203153,Gene 18
782.1579123920959,653.9533022982719,Gene 19
777.3613595515629,657.9998260016002,Gene 19
772.6069525258702,657.4713306135001,Gene 20
771.028767748095,656.4228665546333,Gene 20
782.902779873062,656.9088034177055,Gene 20
782.9116256603726,658.1459329720032,Gene 20
771.4324989701776,655.8450529916471,Gene 20
772.8519336594118,656.1765747173629,Gene 20
781.1079537987388,655.7794627951197,Gene 22
782.4995202161022,656.6040913334335,Gene 22
781.9597507961744,657.523336473497,Gene 22
773.7696419405951,658.0345331280206,Gene 23
783.3395860143875,656.9501071119947,Gene 23
781.8457001143922,655.7489975335849,Gene 23
784.4311569375236,657.6356644121605,Gene 23
782.4904974794795,653.6753976320055,Gene 23
784.3849119217244,655.6922067802475,Gene 31
781.4756681985407,658.8195848394653,Gene 31
771.7827234260963,656.7832983166128,Gene 31
778.2475344094872,659.8400761708122,Gene 31
780.9326401092189,654.2177292877022,Gene 31
782.0314951075106,657.7691853310895,Gene 32
776.5475542396489,658.6452407488839,Gene 34
771.9629749465686,655.5334048954486,Gene 34
783.7323485374143,655.8562284783519,Gene 34
784.7775631836585,655.6397466667711,Gene 34
774.1993168487868,656.9464051188394,Gene 46
780.9545499079896,656.4321774313335,Gene 0
784.2036037725204,651.7817063646271,Gene 1
779.2496823653042,657.2628760474339,Gene 9
786.1329402697563,653.1823989427146,Gene 9
780.8860704356899,661.4722207946579,Gene 9
781.5513332153079,651.1872624786074,Gene 9
779.4049031925048,656.6455888535332,Gene 9
783.3620263750538,651.5940600281717,Gene 11
782.3212179462554,662.2487974375117,Gene 14
782.9619230275663,653.461597989843,Gene 14
783.0523557381582,663.2553321721919,Gene 14
785.7143903124512,652.0862789840821,Gene 14
785.3429809826138,653.3976028198338,Gene 14
785.4013828926077,663.1783867222741,Gene 14
780.0578405260085,659.123063910939,Gene 14
783.6931042945941,652.2528571041147,Gene 14
784.8285696059143,652.0301306773536,Gene 14
783.2229440673868,651.0041692560503,Gene 15
780.4477095325649,661.2187541773923,Gene 15
779.8242805886877,655.7758050026167,Gene 16
785.0630691596034,654.6411025510301,Gene 16
783.1062006527253,661.8041395704852,Gene 16
782.8329628675891,651.3685469378787,Gene 16
784.1810498717712,654.7732947979347,Gene 17
784.6335501954272,657.3599013365148,Gene 17
784.5760419874953,663.9335830053781,Gene 17
780.2860159279692,654.1884676814421,Gene 17
781.9345813657447,664.0666201941256,Gene 17
784.1477663542187,656.3861348623046,Gene 18
782.8502170286667,650.3240530414924,Gene 18
780.6270539250582,661.3393408775933,Gene 18
781.6138803488918,652.6453564174748,Gene 18
780.3903637686407,660.7147867996761,Gene 18
780.4040371901517,653.9398880071383,Gene 18
781.1643090321646,655.4091363358792,Gene 18
785.7569225310491,662.3059042314524,Gene 18
780.371743150813,655.1810983129412,Gene 18
782.153791119907,662.7265272704964,Gene 18
785.8425369536615,658.902311352883,Gene 18
780.2932719137924,661.0170453915736,Gene 20
782.0215913442333,661.0180089680699,Gene 20
786.4713819113549,655.5554979781672,Gene 20
781.4280349805792,656.3580445878243,Gene 20
785.3575199498022,656.0644122838286,Gene 22
780.1794487418491,656.3377681406043,Gene 22
785.5308189014511,653.9644766193475,Gene 22
783.9878877797312,661.8665246737797,Gene 23
782.0096598004744,655.554323105143,Gene 31
784.8855332240021,652.0969065772854,Gene 34
780.9376957584659,650.8651491066744,Gene 34
796.2112371402741,654.9408328016732,Gene 0
793.7106852479212,654.4965174647543,Gene 1
797.5467019023006,661.5276592623281,Gene 1
794.2048707528858,664.8348194638462,Gene 9
795.0440772054844,650.481913771948,Gene 11
795.1717730770032,650.9921273874605,Gene 14
797.5827114109999,652.3968887696933,Gene 14
796.8031511261192,663.7798042113631,Gene 14
791.8401414680314,655.8340638489987,Gene 14
793.7880769896236,657.9955016461789,Gene 14
797.9228591273853,652.7411788571052,Gene 14
793.9610393722771,653.3863740844497,Gene 14
794.8664124448409,663.4010263539634,Gene 14
793.1210921031922,659.4706881075733,Gene 14
798.3024164383006,660.1870001344946,Gene 14
794.2622547287443,663.7435974975723,Gene 14
795.1024153147205,664.6929751774975,Gene 15
792.2426662725045,657.1643174091729,Gene 15
797.8403822151961,661.1042155665326,Gene 15
797.7292162650596,663.0084488498098,Gene 16
797.8756012192315,658.0621692327923,Gene 16
796.8760214566203,653.8921504823716,Gene 17
795.8865997068792,664.5999227505982,Gene 17
797.4870138831628,659.0134347102835,Gene 17
796.4393115279235,660.4772176058885,Gene 17
792.7821239628395,660.902356817275,Gene 17
793.2714741061741,660.0634225371869,Gene 17
793.2690015395267,655.2138771003445,Gene 17
791.9445027386171,656.7696782622016,Gene 17
797.4291952008798,659.9630462218306,Gene 18
792.1852205668853,658.2447547158854,Gene 18
797.3401352559813,652.2354860649118,Gene 18
797.2562259636412,652.3934934765737,Gene 18
795.9885754993304,652.0270229737441,Gene 18
797.287988599813,660.284198618458,Gene 20
792.0858143162499,658.4541018485152,Gene 20
793.973811353067,655.3453816253713,Gene 22
796.5574631315136,661.2055204865619,Gene 23
797.2644986374557,653.8463863464339,Gene 23
796.0823498571287,661.3262067776261,Gene 23
792.4904993186663,661.9983362588094,Gene 23
797.0883085836904,655.0192930854611,Gene 31
793.0268418027235,653.522872852405,Gene 31
795.8039448435654,652.2625199513577,Gene 31
793.8375283055029,654.089957823239,Gene 31
796.743547459344,653.5950551585638,Gene 31
794.7540866973197,663.9816273914981,Gene 31
797.6366451528162,656.2857100531105,Gene 34
798.0367045981284,653.573518043066,Gene 34
795.6096839176951,665.0498635766528,Gene 34
794.0227980726006,652.4914189232428,Gene 40
751.2751339584629,673.6639906744543,Gene 9
750.6287880301448,668.3205967336075,Gene 9
751.3929608469412,659.7918945623389,Gene 12
750.633927659306,674.4685778041548,Gene 12
751.2703499391594,670.9352647031817,Gene 14
751.0684099774346,662.4167277291787,Gene 14
750.7498018867394,655.3682759601359,Gene 14
750.4612898582938,664.8870463079961,Gene 14
750.2659698221781,662.7617906188121,Gene 14
750.3293867149706,662.6893728337552,Gene 14
751.6734716578941,661.3320064473496,Gene 14
750.721954936157,663.6169953624109,Gene 15
750.0405693882494,660.3686823852412,Gene 15
751.0535741151555,673.2392527792751,Gene 15
751.4027606337693,656.7219686865012,Gene 15
751.3038498656282,674.0764212732282,Gene 16
750.8793046267419,656.1778059024176,Gene 16
750.1179134328045,663.960480805604,Gene 16
750.0411043887096,662.53971496383,Gene 16
750.6343360492557,658.7755445912621,Gene 17
751.6632138854791,667.5538718662393,Gene 17
750.9325681701189,673.6270471549826,Gene 17
750.3221347983142,658.3316092536627,Gene 17
751.4820336044651,662.6643725458978,Gene 17
751.4143622870857,674.3761227299093,Gene 17
750.2922145950761,671.6824073699107,Gene 17
751.1249569846806,673.365468792409,Gene 18
750.6687639586734,661.6722072007175,Gene 18
750.8627346441872,657.1221018756485,Gene 18
751.1799431452184,655.7797354609702,Gene 18
751.4933291178401,671.6440629359446,Gene 18
750.8760416874144,653.5671172654188,Gene 18
751.6069348377981,661.1586773940958,Gene 18
750.8741724674846,658.3407775806446,Gene 18
750.8472234504653,675.5392107504953,Gene 18
751.4974693133516,673.9999163522402,Gene 18
751.9266382788777,670.5928777725358,Gene 18
750.4419940358387,662.9426729850978,Gene 18
751.5319484131987,658.5597993699707,Gene 18
750.7265266954564,660.4465787595507,Gene 18
750.4287373645758,669.5430192462456,Gene 18
751.6216265665738,664.6129292915504,Gene 18
751.8878341455916,661.5384818206471,Gene 19
750.5400539244123,660.1927717535956,Gene 19
750.3079808977183,671.1064492979663,Gene 20
751.3471391594368,673.2606896814317,Gene 20
751.3096256601544,655.1172787848313,Gene 20
751.7149096869056,671.246129786999,Gene 20
751.72791768616,671.2765229262525,Gene 22
750.627738876937,655.2235557362316,Gene 22
751.8072291782432,661.2709175894521,Gene 23
752.1299244089197,667.3026954674544,Gene 23
750.4912695172687,665.893116979372,Gene 23
751.1998182134761,672.9541028000514,Gene 23
751.3316531536911,662.6927698605398,Gene 31
751.8569441883675,664.0803091160723,Gene 31
751.8529895702045,666.5603633777935,Gene 32
750.3189756105988,665.6492157902558,Gene 34
751.7800679720087,661.6679002465614,Gene 34
750.2284570371237,667.647618221392,Gene 34
751.1588792036392,655.3158332657076,Gene 40
760.2088179709502,670.5672190815532,Gene 0
761.6005115534672,658.9500514089016,Gene 1
763.4026093371402,663.2882564756819,Gene 9
759.8816523599443,656.5674966991309,Gene 11
761.8672891526435,671.4190672348466,Gene 11
759.1157760203278,670.7003120084565,Gene 11
760.4587407349389,661.0983459708481,Gene 11
758.3410653775597,657.8693765526808,Gene 12
757.6692919874992,660.7280137851169,Gene 14
758.4248595538621,659.4133253543923,Gene 14
761.3706357507294,661.0693525823358,Gene 14
759.4413102761233,660.0443871251313,Gene 14
757.8250150450314,661.3744799185106,Gene 14
759.4474782932522,663.0694258434985,Gene 14
761.1532864247863,665.8556926631273,Gene 14
762.3427613910098,665.4578144979873,Gene 14
762.9784693435274,662.3874329950179,Gene 15
761.1208285450872,672.2310236115195,Gene 15
760.9546655952055,667.5036815967002,Gene 15
760.0210787284703,661.7618954625441,Gene 15
761.7540058753502,667.5919149548705,Gene 16
758.4979663321175,670.7380504523478,Gene 16
762.1891643072897,660.7000849955916,Gene 16
758.4154865184602,659.2393460747569,Gene 17
760.0545520654862,669.0051162190268,Gene 17
758.2260719560729,668.5056863180588,Gene 18
761.4112093469548,666.6536520572686,Gene 18
758.4738255948092,660.4890160033802,Gene 18
757.8762000155758,664.5689006925429,Gene 18
759.8663021798569,672.5160384849937,Gene 18
763.3811557464278,661.0683571064683,Gene 18
759.1512848878119,671.7497155104714,Gene 18
762.5765492449308,663.8151662721076,Gene 18
762.4023009064761,659.7300392313314,Gene 18
762.4003224204516,662.6355876027236,Gene 20
760.1150621089577,666.6970288078204,Gene 20
759.7953284360842,661.0022905423715,Gene 20
761.2748982867055,661.9789453866622,Gene 20
763.0696164236457,667.7870825659702,Gene 20
761.9927653016756,660.1933617736793,Gene 20
759.2649793872963,659.2396661883038,Gene 20
759.1281952399104,661.9763492030005,Gene 20
762.0549902747192,670.5112368418669,Gene 20
763.6682726476482,668.8917871648129,Gene 22
762.903768160793,665.7235525332887,Gene 22
760.804720428908,660.4011648026666,Gene 22
757.1041159379477,667.8315695719667,Gene 23
762.873042573528,660.1984262804012,Gene 23
760.0422486999444,668.3870046578083,Gene 31
761.8954078406962,665.4653580796213,Gene 31
762.3640793997168,665.8942707350083,Gene 31
762.6243601470326,659.3861327419664,Gene 31
757.824519992267,666.1514925924314,Gene 34
761.671813944324,669.0291918886454,Gene 40
758.88938466539,661.1174441111002,Gene 40
758.9126558840735,660.1022466776974,Gene 46
769.4976982017563,671.3435180511224,Gene 0
771.8065275149846,665.2131215397126,Gene 1
769.5924416955329,669.4801305174393,Gene 12
772.0464097087054,670.2203953026958,Gene 14
769.8006037444695,673.0544919562826,Gene 14
771.4700473131443,670.8822390130564,Gene 14
770.8541725031944,668.5509958799671,Gene 14
769.6992797426324,666.1701664937829,Gene 14
772.0866801012148,664.6074897650822,Gene 14
769.0104188405379,665.1537458991604,Gene 14
772.0788593662913,667.0940603047,Gene 14
771.5319366897779,672.1317262052008,Gene 14
770.1316626353225,657.836481368294,Gene 15
771.8210314156844,665.8327230080645,Gene 15
771.1350868384042,660.9189326439173,Gene 15
771.5047820030062,671.3087930389881,Gene 15
771.1041287302526,666.0008865762228,Gene 16
770.0138206892634,662.9442703838255,Gene 16
772.2286999916186,664.7476281326253,Gene 16
770.5027260157227,656.996432969186,Gene 16
770.8513190569232,658.8259721054733,Gene 16
769.584095437696,669.3256467877096,Gene 17
770.1220577806483,659.0984269520128,Gene 17
771.6716741761096,665.8554993710692,Gene 17
770.3019102662556,657.1274514305811,Gene 17
769.5819404685833,664.560778055672,Gene 17
771.5107834704676,659.926363836192,Gene 17
771.0884415958744,660.246860635659,Gene 17
771.5452836980794,673.9763214897537,Gene 18
771.57611873296,665.1618119976625,Gene 18
772.0235427037204,664.0629259635912,Gene 18
770.8328270339061,657.2763532196724,Gene 18
771.3685843398939,663.4421831138167,Gene 18
770.9978392286238,670.4309423257947,Gene 18
771.8643226695946,665.9658924345166,Gene 18
770.5921795562056,659.2746311229595,Gene 18
770.0932116583548,664.9715736731191,Gene 18
770.0387296812926,670.9528818281382,Gene 19
770.6120099712995,656.1853628945792,Gene 20
771.4701383379124,659.8122426829515,Gene 20
769.2732760019384,664.537585319014,Gene 20
771.563866849147,659.9806306403585,Gene 20
771.3652849957485,673.5261056635507,Gene 20
770.9446706868839,674.642105979738,Gene 22
770.0997668898764,667.432314907007,Gene 23
770.4799230102362,671.6831833081499,Gene 23
769.7481661424657,661.9080242032129,Gene 23
770.1937890076364,669.8203842415847,Gene 31
769.9053204231072,661.1766336634099,Gene 34
769.6459682557028,669.2361153541908,Gene 34
769.4623003713422,665.9474841034782,Gene 34
771.6438702739904,663.8066968666117,Gene 34
779.4522969203585,662.6810475286512,Gene 1
774.4256821927507,668.5974522885568,Gene 11
778.7426172306467,666.4338020228226,Gene 12
776.79081273864,657.5885063072408,Gene 14
773.0528307593648,663.4690669889901,Gene 14
779.4515272328554,667.7684976121388,Gene 14
779.238160869297,661.6519190061616,Gene 14
774.3860682288257,667.9794633762954,Gene 15
777.3711534182713,671.8135130432354,Gene 15
778.6577610636708,658.2475689770204,Gene 15
776.6650438896432,660.7009605322586,Gene 15
779.2737125881525,659.5982708119327,Gene 15
776.3116604178151,661.2304819426932,Gene 15
773.3180164836439,661.4127968678594,Gene 15
779.4397900611089,658.2896605078339,Gene 16
776.6983327022724,669.6462713561767,Gene 16
778.7792808762641,670.2514476623061,Gene 16
780.6273386170022,666.9950132842407,Gene 16
779.3504897812251,667.8959742508911,Gene 16
778.7313296310833,669.4041495462892,Gene 17
777.6259020205514,657.3432792434421,Gene 17
780.2754230694051,664.4427092127665,Gene 17
775.70385341405,665.1557052891012,Gene 17
776.1612887118072,661.0544983775518,Gene 17
773.5710635915037,663.7443191611645,Gene 17
780.7458414193246,661.5609451752903,Gene 18
774.7400740925287,660.0513310175419,Gene 18
776.9250457118129,663.503033648518,Gene 18
778.9355106571446,659.3302913310783,Gene 18
777.2265698547533,671.7811155871204,Gene 18
780.2305071163239,664.6343964971003,Gene 18
773.878088334462,667.0806388079072,Gene 19
778.357804919098,660.2464151488265,Gene 20
777.7173024713295,671.8537822028427,Gene 20
777.1502359447115,657.5121693670728,Gene 20
778.0983485724497,670.6089897873486,Gene 20
780.7592696288648,660.7536359651622,Gene 20
776.8117172734247,662.811149478892,Gene 22
775.1740032756842,664.783430989675,Gene 22
775.2048670655021,663.1695478220383,Gene 23
778.5324289634203,661.8185688096195,Gene 23
775.7849354462294,662.5870314967527,Gene 31
792.4838367510711,666.8473026382925,Gene 1
792.6630815872243,656.6042045484132,Gene 1
793.5160450986103,663.8564182410937,Gene 11
792.7561956755745,665.10697978943,Gene 11
790.3172388203305,657.9856817796461,Gene 11
790.9267971549365,668.0194479695487,Gene 12
791.7975288653665,655.9124353339412,Gene 12
792.1184080720899,671.3439439082191,Gene 12
790.2333058784911,658.4273433210369,Gene 14
792.2329388319781,671.5434164333042,Gene 14
790.6352523642695,659.2623440072831,Gene 14
789.8625286420806,661.8340364447224,Gene 14
791.5362166445121,653.6893611360564,Gene 14
790.7263189569852,658.9554796156475,Gene 14
792.4258346493418,657.5679057855987,Gene 15
791.2128376277556,660.7015093259075,Gene 15
790.8763772369226,666.2298771215441,Gene 15
792.3315445514131,667.5144803092438,Gene 15
792.5601197725458,655.4044725571259,Gene 15
791.0436297832205,670.7600103648824,Gene 16
790.7954758981699,655.2922331073423,Gene 16
790.0185729644057,665.0887567429365,Gene 16
792.9924713988763,660.1489400696705,Gene 17
789.9831282226274,660.1712289522671,Gene 17
791.9877769596116,672.5978592456646,Gene 17
791.5986771620679,670.8218003833375,Gene 17
791.5036905293211,661.0462283391436,Gene 18
790.3603640022827,657.3942422903057,Gene 18
792.4676083244246,659.7590554410928,Gene 18
790.7001330718265,664.3569558114751,Gene 18
789.8761265215907,666.0702215570209,Gene 18
792.8649275418672,665.8845831282456,Gene 18
791.083929987816,668.7026943170098,Gene 18
792.3643365556334,666.1851403166013,Gene 18
791.0596156559797,672.1998530356394,Gene 18
792.9593107480208,656.5563036241059,Gene 20
789.8399227509944,662.2467271884833,Gene 20
792.66316975951,662.5470605196139,Gene 20
791.7288089942216,658.4763983140342,Gene 20
791.7879773152083,668.1733223791488,Gene 20
792.5966490653734,660.417698159477,Gene 20
792.8654338090874,667.46774053299,Gene 22
792.0738311486842,658.4734727336491,Gene 22
791.4917320671605,672.1331687610907,Gene 22
790.8007045156832,659.2854614877389,Gene 23
791.7053802422791,672.3544658860496,Gene 23
791.4416781091722,653.0784993717745,Gene 23
791.3693579719264,663.7370395477138,Gene 31
791.1393002693884,670.3208557942379,Gene 32
790.5326781476033,662.6138567342963,Gene 34
791.0505706228073,656.4582531993876,Gene 34
791.2816711549414,670.7991734668329,Gene 34
768.4557713428546,672.2235570025248,Gene 0
768.2671378110151,678.4721436530791,Gene 0
768.4445997327938,667.90626820071,Gene 1
766.3831804038292,673.9614291661389,Gene 9
768.1698363628773,666.6960932911719,Gene 9
767.5557044222653,681.3473353890873,Gene 9
768.539925711249,669.9785290904198,Gene 9
768.2821851950503,672.3262374668695,Gene 11
766.8232630668201,678.4368770512714,Gene 12
768.0146767319815,682.141355579581,Gene 12
767.4086900453894,669.4963023290985,Gene 14
766.7556874793937,669.4522059757276,Gene 14
768.4778898825236,669.2076782000516,Gene 14
767.9352036482832,667.8040004904122,Gene 14
767.1186168802243,680.3219093666693,Gene 14
766.5051684010299,673.0141811436806,Gene 14
767.0611866635138,668.8293144915979,Gene 15
766.5364559664313,678.2733902891723,Gene 15
767.0542309972385,681.9429598998238,Gene 15
768.4861285746236,676.034107018514,Gene 15
767.3128581545285,680.7181753912987,Gene 15
767.6811169661689,668.2375831976904,Gene 16
768.1261733465017,679.5246059558294,Gene 16
768.7599813362177,675.4065118409366,Gene 17
766.695667947591,670.0251195859898,Gene 17
766.844895803411,673.1594105782669,Gene 17
768.087380925908,680.9209157682076,Gene 17
766.6736135886661,670.4525625934717,Gene 17
766.82299893656,667.4375252964275,Gene 17
767.2169943251666,665.4155497051337,Gene 17
768.35834359687,680.2235999873441,Gene 17
766.782617249519,678.3749931209985,Gene 17
767.3448432712357,665.3291377865603,Gene 17
767.726980981391,681.7862019875779,Gene 17
767.6695786794087,682.7300016522023,Gene 17
768.0813563362962,672.5779058385294,Gene 17
766.2802896904604,672.2822187650254,Gene 17
766.5187598908474,676.0048036709287,Gene 18
767.2371237245939,665.9810178137858,Gene 18
768.1602764908896,679.0994373233617,Gene 18
767.8078302765077,667.7205794926778,Gene 18
768.2584017545497,672.6781757598479,Gene 18
766.8612442390241,678.6939343051182,Gene 18
768.2417072152202,674.2122487217675,Gene 18
766.774379212372,675.2643722393525,Gene 18
768.6187940464084,677.5042863175767,Gene 18
767.6705612270104,665.4066822199833,Gene 18
767.5949751925531,682.2119265923856,Gene 19
768.4340502000869,672.0618379326729,Gene 20
767.0905179297208,665.6367296170617,Gene 20
767.6128922528253,668.2572954631033,Gene 20
766.5037654524366,681.1347497447205,Gene 22
766.391610778601,679.7230524620165,Gene 23
767.8025584017199,668.2540641293316,Gene 31
767.969994439544,670.0175108655607,Gene 31
768.7678100925576,673.6964607782601,Gene 31
768.1015528374036,667.6872845715702,Gene 34
767.6228982359901,679.7428723887061,Gene 34
767.0386258018966,669.1956720852122,Gene 45
774.1416741996376,676.5019924032432,Gene 1
775.9405846229574,686.5756634720227,Gene 9
776.5117324220124,684.0793267544167,Gene 11
774.3631597494788,676.8102543307756,Gene 14
774.8969992825503,680.0297004126617,Gene 14
775.5660170941262,686.4958902266666,Gene 14
773.7884282505407,677.9376588076044,Gene 14
774.6918000763185,670.675320978809,Gene 14
776.4684307221136,686.6762212251389,Gene 14
773.6732858852153,681.5455705965867,Gene 15
775.9520885539862,685.8341374448137,Gene 15
776.0902566925541,680.0163337683033,Gene 15
774.8060082015478,683.2428067093132,Gene 15
775.7941021064925,686.6284723064784,Gene 15
776.3205914838574,681.141079055488,Gene 15
773.8298825402758,671.4784383072151,Gene 16
773.6912492355116,680.5393345104375,Gene 16
774.3711671062965,685.4313689745726,Gene 17
775.909749782534,675.0855278626327,Gene 17
776.5103571808611,679.7030243975584,Gene 17
773.6970686117562,681.4147666888938,Gene 17
776.4712777366461,682.7414333365627,Gene 17
775.8756249105132,669.6279091888156,Gene 17
774.3329284529005,680.5973997751121,Gene 18
775.7697104936259,684.0760929531964,Gene 18
776.3447634554616,675.969851543512,Gene 18
777.0864662072113,675.5005196834139,Gene 18
773.3623141054377,681.1968065328987,Gene 18
773.5352913148098,679.7630521139085,Gene 18
773.3008215528349,676.3718752305281,Gene 19
776.3674863652207,679.4257139470535,Gene 20
775.3159215774392,669.9095894909221,Gene 20
774.3809543321349,677.5796193129373,Gene 23
775.251416480959,671.551493571689,Gene 23
775.1235234282107,682.0894662647386,Gene 29
776.6700710317971,677.1038911413011,Gene 31
775.5103909124654,668.9292210079134,Gene 31
774.5682825716705,682.5790558254439,Gene 31
773.8349123251517,674.5261518742016,Gene 31
777.0962625524165,676.0528786337599,Gene 31
774.3823745204473,683.393864808791,Gene 31
775.3826113344987,685.2871551148803,Gene 34
773.62172598623,682.5256600622996,Gene 34
776.2396346696,673.5287925277423,Gene 40
776.1001098536491,676.4847748003655,Gene 46
783.5797433198092,674.8676994773838,Gene 1
783.2779817826697,684.5097492679694,Gene 9
783.3977061813423,673.2610656490868,Gene 9
782.7817708143541,670.2764481604,Gene 11
783.7343994199981,685.3234023584795,Gene 14
784.7369165869766,671.7162284182236,Gene 14
782.2872498635029,681.7516555947464,Gene 14
784.8237181373645,677.0535232085621,Gene 14
781.7803273610302,674.8897151687966,Gene 14
782.7343289130775,678.460596025687,Gene 14
784.021957237032,668.6187367089395,Gene 14
784.3708532316381,684.1638314819048,Gene 14
785.6170347265626,678.3379658264938,Gene 14
783.9775821614819,684.0467905922187,Gene 15
782.6248440418,682.0839529587935,Gene 15
784.0091774369989,683.9143403454906,Gene 15
782.7912661854884,679.7622145625876,Gene 16
782.8475716856839,684.9360642187061,Gene 16
782.0380482473797,676.4634302611497,Gene 16
785.7462599702332,675.7395878283281,Gene 17
782.5548292807163,671.834273236661,Gene 17
783.1306528035818,683.9676291394817,Gene 17
785.8586673201755,675.9830775853594,Gene 17
783.700532955141,669.3833473812424,Gene 17
783.9919194922263,681.0383523713188,Gene 18
783.512120915769,673.5338457132287,Gene 18
783.1224311401534,683.0944868067897,Gene 18
781.9068038924114,677.1620730267385,Gene 18
783.4625328005143,683.0282871153628,Gene 18
782.7311811796486,682.327778462898,Gene 18
783.9169826631443,670.912076774131,Gene 18
783.4578140470998,670.4557815962163,Gene 18
785.4712859061657,679.5990474812323,Gene 19
783.817037717385,673.768859578062,Gene 20
785.0385479893747,673.5838402541788,Gene 20
784.8874762280501,680.8141840227148,Gene 20
784.1056060860117,672.1156322579418,Gene 20
783.1133083982857,678.4134449766854,Gene 20
782.5689370282932,681.7554541630733,Gene 20
784.5847827126391,673.9085486024452,Gene 20
783.6200048357177,672.1958145743671,Gene 20
784.363684942072,675.4807511849175,Gene 22
782.6236661419248,683.0456401346237,Gene 23
785.0923801523895,681.1211292717039,Gene 23
784.0801010109014,684.3214571676616,Gene 23
784.6332076747581,681.3623298384213,Gene 23
785.2499354566953,680.3381418291228,Gene 23
782.6510672192392,675.744896169973,Gene 23
783.9810571534151,685.9417743725924,Gene 31
782.1549576837923,672.5158767701072,Gene 31
781.9969641813431,681.2105027618521,Gene 31
782.1482252436086,670.9167881385365,Gene 31
784.6944495570574,678.4005732084023,Gene 34
781.6466125680604,680.4616747830089,Gene 34
785.3454628862881,675.8370757382754,Gene 46
797.511974254573,671.9901729922202,Gene 9
792.6019710618649,671.8894645069649,Gene 9
794.3269069818008,667.6697628008051,Gene 11
793.697271829677,679.4320250254575,Gene 11
795.7784879408898,673.3539166539324,Gene 14
792.1465854152665,677.5585402331761,Gene 14
793.8051923609413,678.8577001332708,Gene 14
796.0064598952699,679.2494779403954,Gene 14
795.328475835495,679.6724301725646,Gene 14
795.4304330432791,667.6865240056999,Gene 14
792.9810087372514,672.4254608183223,Gene 14
793.6426210078407,678.2306636901634,Gene 14
796.9133245160571,681.5387745393255,Gene 14
794.5381189341745,679.617468551007,Gene 14
797.6794654093518,674.0522240363026,Gene 14
798.0342614178338,678.1601395826833,Gene 15
796.9647527410596,673.2935956691925,Gene 15
798.4131050995626,673.196811261158,Gene 15
795.8503315567278,680.4816336949776,Gene 15
798.1374842074683,674.0854655278466,Gene 16
796.06013661458,667.2899439488405,Gene 16
794.4723084796454,680.3816346249068,Gene 16
795.9148929870354,681.2360527547048,Gene 16
794.8884469660248,679.608715655227,Gene 17
797.4583245130264,679.3924457198442,Gene 17
792.1716973436269,675.3074232726383,Gene 17
795.9224431349445,678.882690880279,Gene 17
795.4336576818829,678.111746162155,Gene 18
793.9510350236444,673.5655832613239,Gene 18
793.2673050708581,669.3077832094319,Gene 18
793.8608626784575,670.0834601591342,Gene 18
793.7747498904943,678.2558124612116,Gene 18
793.6109584599939,681.2325129095599,Gene 18
792.1359768859734,677.2726153567748,Gene 18
791.7625457863445,675.0858177906824,Gene 18
796.5316018842758,680.1062167581009,Gene 18
795.0129520261313,668.3604974235133,Gene 18
794.2623845124167,680.3862295555577,Gene 18
793.913728840854,678.6935032075478,Gene 18
793.5405559369246,674.5794042205575,Gene 18
793.5318232363037,679.3801438730729,Gene 19
796.4817494658924,678.1384968609373,Gene 20
795.0934370307497,669.9350550353878,Gene 20
793.1415986716074,677.9468289839928,Gene 20
797.9153332063821,675.9410062469393,Gene 20
797.0765922019636,673.3988168092656,Gene 20
791.9957833135768,675.1394944755441,Gene 20
797.2377338709141,677.7741238970725,Gene 22
797.8643318036239,674.2453323309942,Gene 23
794.162914106115,668.3160009317091,Gene 23
793.859046331492,680.5853755395397,Gene 23
796.4099028012572,680.4050054145779,Gene 31
794.9671332759389,670.7076655939538,Gene 31
795.9751174087216,679.4991566246139,Gene 31
796.3264120157443,680.1817696695211,Gene 34
792.848981677264,680.8434477873175,Gene 34
797.1006998711644,678.6656927090731,Gene 34
792.0644437094088,677.8734489452371,Gene 34
791.5223722629149,674.5870709031125,Gene 40
781.3011232761021,677.3771520702736,Gene 1
779.0507887426116,682.3800096171068,Gene 1
779.0610662090464,674.767016456343,Gene 1
781.5157588939956,680.342791048443,Gene 1
781.5405681574873,676.7760612692394,Gene 9
777.4196203194904,678.2605142702575,Gene 9
780.4238882817616,681.2858001783616,Gene 11
777.7075868541979,678.9631269056997,Gene 11
780.5505358533102,678.5906628846669,Gene 11
778.7126741706289,684.7554894407931,Gene 14
780.580853962005,672.0177515667011,Gene 14
779.3437822031601,685.0207909890985,Gene 14
779.1648663682208,684.3805559934326,Gene 14
778.0123581112771,681.3114040693223,Gene 14
780.2242476146561,682.385023983846,Gene 14
779.5083456018234,675.2678621116241,Gene 14
779.2625064744308,673.4188989849686,Gene 15
777.5135368074856,674.8895323216585,Gene 15
778.2804774804978,673.4774324992057,Gene 15
779.2571661109953,677.2122348355119,Gene 15
780.7818849003203,683.7591215698654,Gene 15
781.2014808749972,675.5274135035684,Gene 16
778.7674858803845,672.4218804029767,Gene 16
778.8171612406635,671.6387554277641,Gene 16
780.0567173469736,685.6614796838448,Gene 16
779.5533149651053,687.8091521920882,Gene 16
778.4935882004326,677.4302820398174,Gene 17
780.0897194868103,687.46529032019,Gene 17
779.9206323473866,685.3003208931209,Gene 17
779.561064274137,672.7666270793155,Gene 17
777.6069941553918,679.7502462150385,Gene 18
778.9253277657215,673.1141894901285,Gene 18
779.931062048091,671.5681528667056,Gene 18
779.5408361766422,669.8415530740759,Gene 18
780.7894814511844,675.5903085185373,Gene 18
777.5243081361384,676.3617375451294,Gene 18
779.376996984307,669.4351931477752,Gene 18
780.5410018131687,680.8588464690064,Gene 18
777.562484496532,675.0939291457832,Gene 18
777.9446099599104,682.6705942621486,Gene 20
778.2562177153807,681.7642346269679,Gene 20
778.511089461681,686.2545712644715,Gene 20
779.880199413843,676.939560389737,Gene 20
779.362199947904,681.5514608336784,Gene 20
781.2412291409886,682.208314043859,Gene 22
779.0172837461902,674.0644570605824,Gene 22
781.2629298045226,679.0628522546508,Gene 23
779.6997641738594,670.6611384550687,Gene 23
781.2705669518946,681.9876154106626,Gene 31
778.437503063044,683.5519058412608,Gene 31
780.2788785900618,681.7783417292342,Gene 31
778.2136651804092,680.7181482970425,Gene 31
781.4135025607532,680.9120490580382,Gene 31
780.4724443325896,677.4833115457197,Gene 32
778.18467148564,675.884891239686,Gene 34
777.8130932837261,685.61098148402,Gene 34
778.9883206349419,676.7869979889336,Gene 34
780.4286099737052,685.859488494314,Gene 34
779.3455951950951,684.589002845935,Gene 34
795.0825371066622,684.0369164064277,Gene 0
795.0863645699287,691.0069062066158,Gene 1
795.0946524155001,686.8945002544946,Gene 9
795.1829572979037,693.4855098861775,Gene 9
795.1502570542874,681.6788656704065,Gene 11
795.2634986929629,691.1382654346233,Gene 11
795.2997425138109,689.8261434422149,Gene 12
795.1503883407045,694.9091541742661,Gene 14
795.0634493835529,679.2133835467305,Gene 14
795.1317022586261,691.4466349130502,Gene 14
795.3041538372527,681.4275993975865,Gene 14
795.1347972550008,693.7696366119924,Gene 14
795.2420430835015,692.0700352146557,Gene 14
795.2421423942322,673.617636357221,Gene 14
795.1183255351762,675.1849039997411,Gene 14
795.0924890359921,679.2792045049129,Gene 14
795.2805746910244,679.9426121904623,Gene 15
795.2338216340144,691.6397481753515,Gene 15
795.1318770107457,674.1336158993513,Gene 15
795.1089169159295,689.7853958594626,Gene 15
795.3157129849993,683.8176640618459,Gene 15
795.2263043918928,675.2137185932397,Gene 15
795.1190355959011,680.4817225872965,Gene 15
795.1617773633993,693.3889622687656,Gene 16
795.3068982112375,689.0650895568511,Gene 16
795.1098612942359,677.7013932301836,Gene 16
795.3099173315235,680.422342246539,Gene 16
795.1289280672426,675.6157682423647,Gene 16
795.1038368025488,679.0424562373003,Gene 16
795.1101964341178,692.9874817755876,Gene 16
795.2219520683157,692.0552078001601,Gene 16
795.1285978981167,690.7469742150962,Gene 17
795.2027227913068,672.902652243316,Gene 17
795.1677124900043,691.7371277246583,Gene 17
795.1872434377163,684.2074090223933,Gene 17
795.0815721498901,689.4532495067466,Gene 18
795.0985066818614,682.3096751363504,Gene 18
795.0708539160474,681.2948662193787,Gene 18
795.1618914294993,675.6445401973511,Gene 18
795.1994880002334,677.1929017554494,Gene 18
795.298365583504,688.1119376253913,Gene 18
795.1616841310541,679.3825875521895,Gene 18
795.22410809959,689.6961655643569,Gene 18
795.222725337865,693.7236689569372,Gene 18
795.1142630259573,683.0156044506359,Gene 18
795.1041240806002,676.6078845979163,Gene 19
795.2055404988864,689.8887035107005,Gene 20
795.1500819831243,688.2200432980221,Gene 20
795.2455194090952,674.6281461313448,Gene 20
795.2860022817525,688.9690619300433,Gene 22
795.184044342288,690.5392404234916,Gene 22
795.2513417738403,686.2396906517487,Gene 23
795.2012217773834,694.3289507702775,Gene 23
795.2941927954872,684.3034151859393,Gene 23
795.082666559216,676.0354861974681,Gene 34
795.1087508538449,680.9927574603438,Gene 34
795.1300314355416,691.4129712458094,Gene 34
795.1816527156278,672.8881552312765,Gene 34
795.0925612475926,680.2445771614869,Gene 46
790.0330743381961,692.9643323741228,Gene 1
789.6979282209286,686.4977045178607,Gene 1
785.4864362737887,691.5183089540095,Gene 1
788.7284215957576,685.7850317584464,Gene 12
785.1637543533312,694.4099033394871,Gene 14
789.533121975618,698.2608363038879,Gene 14
785.4460547408413,691.0714665066167,Gene 14
789.6174980891941,697.9983806472177,Gene 14
790.68603283959,694.8215138218333,Gene 14
787.987391966154,685.9896119815447,Gene 14
787.6205465096209,685.6187310049697,Gene 14
787.6287844680431,698.5996368639949,Gene 15
784.3197707831683,690.8816226130816,Gene 15
789.9975036552238,686.6932373901473,Gene 15
787.3339033907947,694.3632948048974,Gene 16
786.6593866668026,687.3266996357082,Gene 16
787.9503251304375,700.8961439447229,Gene 16
786.453369923611,699.6072702779683,Gene 16
787.6712801966207,686.7259137864245,Gene 16
786.0417573785547,694.8924942194917,Gene 17
788.5886165912351,686.3884905510471,Gene 17
785.0155241953197,692.4312795140842,Gene 17
788.3469176859707,686.3361536879429,Gene 17
787.8521706863346,696.6334839514986,Gene 17
788.4644933009472,696.6097582368784,Gene 17
786.8606262706153,691.4639140258793,Gene 17
789.7612376796683,689.0812868036969,Gene 18
785.6632303108038,688.6252499539264,Gene 18
785.3732485707868,695.9809153886829,Gene 18
789.376783280555,691.01484599812,Gene 18
785.271802460535,695.6081002628678,Gene 18
790.1146151572801,696.8099802590364,Gene 18
789.860392012364,688.9043070610661,Gene 18
789.2760045405186,698.5249246240178,Gene 18
787.7899988816894,684.850450593548,Gene 18
788.3868764639903,687.1123669008654,Gene 20
787.8414529811103,699.5910057931328,Gene 20
786.3250494718337,700.524203862745,Gene 20
787.4041250359526,687.1751497348483,Gene 20
791.135461502685,691.0749344755217,Gene 20
788.1915748528746,684.1894965662585,Gene 23
786.0876927141738,696.3038767018393,Gene 31
786.1514049013019,693.4417275075593,Gene 31
789.4983309834951,688.8842924549826,Gene 31
790.7538025729621,691.3009172447798,Gene 31
790.759204017963,689.0943563971989,Gene 31
787.4793515051997,686.7806560910467,Gene 34
791.7775718375269,697.9069510946316,Gene 1
789.3629468375943,691.8648873985654,Gene 11
794.3518373774538,695.1432969113542,Gene 11
791.5869510889876,694.5129295065755,Gene 11
790.0306289209774,695.1904237765579,Gene 14
794.6655432498593,690.9937432895601,Gene 14
795.3112951914866,691.5818858499367,Gene 14
789.5198740985393,691.9115650409651,Gene 14
790.6073160053087,687.4046451456113,Gene 14
793.7052355437721,693.4984500080265,Gene 14
790.1851748958182,688.8376660638651,Gene 14
789.6030391997384,690.9489888896695,Gene 15
789.4528410261119,689.4937483754766,Gene 15
793.6403468485267,685.6953648348682,Gene 15
794.4573714642173,691.6027028524901,Gene 16
793.7515256067887,697.7811692919457,Gene 16
793.2077482704032,692.0039908753669,Gene 16
789.2873542980203,690.468806561171,Gene 16
789.9581737511945,688.7962100441403,Gene 17
794.6841645702906,691.4332859878024,Gene 17
792.7234498369871,696.7282721429299,Gene 18
789.2112919409636,693.3152498256361,Gene 18
794.1254553810551,693.751394710751,Gene 18
794.9729118870175,691.324054086503,Gene 18
791.4765237925767,698.8094840677402,Gene 18
793.0290695255388,686.8720838272001,Gene 18
790.1882089745205,696.534999919642,Gene 18
792.6553213538156,697.6303100737225,Gene 19
789.4346406984339,689.2898144494355,Gene 20
793.1201894042748,698.1387509572854,Gene 20
789.6733913071586,694.6839160425527,Gene 20
794.3426491562975,688.5503901540768,Gene 20
791.1717002231939,684.2269059330451,Gene 20
790.0095666326987,686.4690489747579,Gene 20
793.956960565977,695.5766195671072,Gene 22
793.3643620691687,686.6745284857997,Gene 23
790.2199972705795,696.9613329192368,Gene 23
790.5629239745152,694.4199876373324,Gene 25
791.6847990696247,696.1874706888763,Gene 31
790.4291064671953,697.018207071183,Gene 31
792.5221532897568,685.8833529256368,Gene 31
791.6712405962161,697.769262077009,Gene 46
794.375386071077,695.097686744959,Gene 46
703.0807061093172,641.4943885578981,Gene 0
706.0443218650719,650.5105987262539,Gene 0
704.3911839527854,644.997959132495,Gene 0
703.7852663869899,639.4799583748069,Gene 0
704.8031880101614,633.8245451835661,Gene 0
706.2960836098647,635.9779805529466,Gene 0
707.3369168885063,644.5208514694685,Gene 0
705.347487552244,635.5684951544418,Gene 1
704.5173264657166,643.5212899149967,Gene 1
707.1464934358042,639.1569327196489,Gene 1
706.4566113934791,649.1216539161715,Gene 2
704.2104058805995,645.4659668158338,Gene 2
704.8402326932755,646.2760569784087,Gene 2
706.8169915310201,647.9416077448701,Gene 2
707.4837045279195,644.7615424586099,Gene 3
704.3120791291552,647.2562876283787,Gene 3
704.125724702371,645.2905361180995,Gene 3
704.5434011326594,634.4891032490327,Gene 3
706.0291169819735,645.9959653183723,Gene 3
705.5323038082423,650.7567891306686,Gene 3
704.3303241289717,648.8878106096731,Gene 4
704.1171986053226,638.1880977386601,Gene 4
705.8806714445706,633.2024447151412,Gene 4
707.0703571679911,641.0454578268443,Gene 4
705.4597007590509,636.5214453256225,Gene 4
703.9051135639866,648.5421986320891,Gene 4
706.4327995036034,649.1837266795264,Gene 4
705.4479658165337,644.5827733461938,Gene 5
704.2409296049047,643.6582226060242,Gene 5
705.431799179584,648.8604965954077,Gene 5
706.6752054934177,645.4176103114851,Gene 5
703.7544190002793,639.7726716675627,Gene 5
703.7653403419051,636.4401097087894,Gene 5
706.6271537191316,648.196807845573,Gene 5
705.9832374999933,634.8872236656036,Gene 5
706.8153281163437,635.8941888095723,Gene 5
704.2082090886626,635.2069031846833,Gene 8
704.4212247901129,636.7350116379863,Gene 12
704.7205950949033,634.0536447675215,Gene 12
703.3974189425381,644.9829753124952,Gene 23
704.26030418683,648.8518114640253,Gene 23
707.0078628956176,647.407948007896,Gene 25
703.6745124692728,635.4027817294165,Gene 32
706.5860481540265,639.2307798164157,Gene 32
706.2376309786164,651.111317047309,Gene 32
705.3862441828711,646.2324888589056,Gene 35
703.4988709532676,642.9147407600123,Gene 35
705.2494014111529,647.7530699883721,Gene 35
707.2376273731828,644.5283573859579,Gene 36
706.5390471003911,645.1270579496369,Gene 37
707.7026749569878,640.1310930996848,Gene 40
706.6412870715471,648.0619902984749,Gene 48
705.0467533371583,649.791722222896,Gene 48
702.3569365118879,650.4881902511205,Gene 1
701.859469114571,653.8406731324019,Gene 1
698.1096511834689,641.0705731263727,Gene 3
696.1111604862579,646.8129373015246,Gene 3
698.0869205902,642.8141210037478,Gene 3
702.2731347296075,646.448300153023,Gene 6
698.788074273534,645.9424255189282,Gene 6
703.7452785489647,648.8125557845377,Gene 7
699.4740397487554,651.4745173884872,Gene 7
697.636130852593,647.9661567079282,Gene 7
702.9834353843922,651.5760970655572,Gene 7
699.0567077057742,650.4629316948023,Gene 7
696.8395799826795,645.8280324874361,Gene 7
704.0633984409654,643.7081539022385,Gene 7
703.5316719744184,643.1378467445522,Gene 7
697.3313587847913,651.9426485133738,Gene 8
700.8101843376633,640.803726686899,Gene 8
700.5705973882701,653.4886459421174,Gene 8
704.4008068971737,646.3280824724573,Gene 9
703.5450174696277,644.3021548500287,Gene 9
699.1752666509219,642.1894666203564,Gene 9
701.71032755245,646.0289909213541,Gene 9
702.5707220000166,642.4938132735787,Gene 10
702.146208987533,646.7926098958432,Gene 10
697.561001987664,650.856643541772,Gene 10
703.8876670861065,647.8804022462882,Gene 10
704.3272453484624,650.3313863307627,Gene 10
700.4539613650718,644.0699541793796,Gene 10
703.8621269907685,644.905493902923,Gene 11
703.3273252762272,648.3718359231702,Gene 11
702.0413278523015,649.5305382068713,Gene 11
701.4084111515554,652.4768864498297,Gene 11
696.6864062381843,647.3257359497759,Gene 11
701.8355461420566,651.3207159390914,Gene 11
699.8322587847857,643.4175106653219,Gene 12
702.1532833187322,643.8036066492839,Gene 12
699.1788573090316,650.3761918883985,Gene 12
697.4912542874446,645.9489454315185,Gene 12
700.9371616019313,651.539069472407,Gene 13
698.8793710954563,644.2573048665711,Gene 13
698.0866432795085,645.1777903376735,Gene 13
702.3957483329808,642.6186915145923,Gene 13
699.4814114524266,642.0438800951973,Gene 17
699.1372521019865,642.928407701749,Gene 17
700.0803086352697,641.6967432138493,Gene 22
698.3528516535647,643.9001042959782,Gene 22
700.0376711602614,644.0817744240187,Gene 22
698.8289265914837,647.6773653158317,Gene 22
703.2001973370444,643.2410993777438,Gene 36
700.1674900723167,643.1640862667808,Gene 36
703.9409703329248,650.5431454762709,Gene 36
698.380484690119,650.7086599349717,Gene 36
697.5059431709487,649.0955524468241,Gene 36
699.5207630272599,642.0890399935705,Gene 36
699.4600839603542,642.7660184782263,Gene 43
699.5186101014872,642.4568555462452,Gene 43
698.0587530229476,651.7657410584451,Gene 48
713.8343418465182,656.3177502257782,Gene 0
710.0790879828608,646.0609675299589,Gene 0
706.9409891815454,649.4649104828158,Gene 0
714.7714194232154,654.0675205918972,Gene 0
711.200602304058,644.9094360937067,Gene 0
714.7988046409515,649.2520237909021,Gene 1
710.2375184700205,648.4177286662385,Gene 1
712.6538820032277,647.9378282013573,Gene 1
712.131712621149,647.59657633014,Gene 1
714.2164280777412,654.3541829093799,Gene 1
714.1003592130731,649.8321633937421,Gene 1
709.1745200860264,646.4768521269199,Gene 1
709.3696646437455,646.9017715697106,Gene 1
713.7649570538314,651.4322733924757,Gene 2
713.5014204177385,655.2760089286165,Gene 2
712.9051397648769,646.4098253577715,Gene 2
713.6441830059962,647.2518510828679,Gene 3
706.716625781471,653.0956988142108,Gene 3
706.9444291373558,652.8695383717107,Gene 3
709.2967035878961,646.4487892978541,Gene 3
712.1183286490756,651.7945166702449,Gene 4
715.5557013710512,649.647882378319,Gene 4
708.3115206936945,646.0569796926814,Gene 4
710.3621756841518,645.7946345730458,Gene 4
713.3307544159042,648.5239935207894,Gene 5
712.8934552231547,647.8848387893627,Gene 5
707.1255165664032,652.7998312450661,Gene 5
710.0943361832037,656.660407494928,Gene 5
713.6990489705203,653.7458408814986,Gene 5
709.1207334302121,651.8587131620443,Gene 8
709.4491876418871,653.998773412491,Gene 12
708.8988858859057,655.9977744916672,Gene 14
714.5472724943093,651.4113343813033,Gene 23
714.5322318380474,654.7944163412458,Gene 28
709.8455324117735,647.5189769182069,Gene 32
710.0462037253848,646.1125096726533,Gene 32
711.4740855926473,647.7837777979361,Gene 35
713.3556269384486,648.7366091308933,Gene 35
712.5086621868649,646.1428588611767,Gene 35
708.4716173345779,651.2800565346363,Gene 35
714.9770261455645,649.5210295752444,Gene 37
707.8023295476014,650.3082040407105,Gene 40
709.0683360197405,655.9384381177265,Gene 40
712.9869362408583,649.8223681676309,Gene 41
712.8384229442765,646.6867625660673,Gene 48
708.0388256567148,653.8456954593559,Gene 0
708.5812019116814,653.0018390267444,Gene 0
710.8894619182804,663.8691637965555,Gene 0
706.3314175986778,663.6885128725974,Gene 0
709.5332809352577,666.6296374826381,Gene 0
708.5602105769775,655.0922653057842,Gene 0
706.2597903445504,658.4410715886047,Gene 1
707.013470953673,655.2692226321641,Gene 1
705.4400126135473,658.1318270953146,Gene 1
711.1473377903279,653.9448838762625,Gene 1
710.1536201655138,664.1371280896647,Gene 1
710.8192452756737,659.4078452766679,Gene 2
708.0074569689187,654.9376098051749,Gene 2
710.7895228996014,656.4105789338099,Gene 2
707.8347937012472,666.177992394191,Gene 2
708.8318430888838,663.5053961548049,Gene 2
705.3815982830421,659.6495677628518,Gene 2
709.431622200129,660.2843721035845,Gene 3
706.5377615841163,660.2818249543354,Gene 3
706.0535185703932,661.2042525197368,Gene 3
710.5254488932623,655.3997142220226,Gene 3
708.0732280702167,650.8812198772199,Gene 4
708.2588366243992,652.8636519080623,Gene 4
708.9804267047374,666.6972212254319,Gene 4
705.5442482795237,658.7460071436819,Gene 4
706.622754540319,659.9270274254181,Gene 4
712.4358526020961,659.2306652946203,Gene 5
708.5408816883636,652.4113572382659,Gene 5
708.2071494959391,662.6595511994784,Gene 5
710.7035502400313,664.5047662386698,Gene 5
709.3277328637342,667.3359933024817,Gene 5
712.2983613520862,661.208952863859,Gene 5
707.7771997478068,665.4421038397986,Gene 5
707.6859760663082,653.2894726559402,Gene 5
707.2328216438317,659.3734497626582,Gene 5
710.1196701299923,666.061261892632,Gene 5
709.5319749876871,652.5156551646762,Gene 5
707.9332117376999,663.4885492974877,Gene 12
708.320282233953,660.5696729572849,Gene 12
706.1570457695789,664.5097396950408,Gene 12
708.4045328462659,652.5768308689435,Gene 23
709.6406453762155,652.690605097287,Gene 23
708.4497197211808,658.0578171790773,Gene 35
707.0980824236423,660.5352843780522,Gene 35
712.1874685181717,659.8078602039553,Gene 35
708.8186135800535,655.312763345645,Gene 35
711.8093313774297,660.546777526685,Gene 37
712.348132339199,660.202884801187,Gene 40
707.0803263211353,660.1112243387881,Gene 40
706.2400130098688,662.0493845866549,Gene 41
710.3217862647089,653.2210529951419,Gene 42
706.5237112123556,663.6531456999934,Gene 48
706.0273944630642,660.4977776705693,Gene 48
716.7292898315724,667.4844928297223,Gene 0
716.7913501246397,663.5118365477324,Gene 0
716.9386437549666,663.2601176551501,Gene 0
717.2333771948348,654.7341129262468,Gene 0
716.6797824078527,661.5028962116529,Gene 0
716.620685883103,665.853282598358,Gene 0
716.5818483896409,654.8152547809453,Gene 0
716.7869722478298,649.4069863975832,Gene 0
717.0137451045221,670.2386267443109,Gene 0
716.7981085098806,652.8475137043719,Gene 1
717.2918047706956,663.807534312195,Gene 1
717.059165700838,650.9061854000138,Gene 1
716.5302860977235,661.9096800431435,Gene 1
717.133283003453,670.7887989671755,Gene 1
717.2156394752227,664.3087072428638,Gene 2
717.2372143645357,656.9836215164526,Gene 2
717.0386733371898,668.7533490368916,Gene 2
716.995565581149,670.7046386670161,Gene 2
717.2553034272672,658.785911985958,Gene 2
716.6197117470418,667.6051298397957,Gene 2
716.9566556474055,651.9420631224974,Gene 2
716.618924177867,652.660479385407,Gene 2
717.0240244205202,649.2847290003194,Gene 3
716.6136221003762,665.3253928409438,Gene 3
717.2841913206324,657.036319406124,Gene 3
716.7830713904199,661.3818949270722,Gene 4
716.5483607913399,664.7764687649221,Gene 4
717.314083276362,654.1010219051008,Gene 5
716.6371139420094,662.372890927678,Gene 5
717.116277517135,649.8696895001574,Gene 5
717.2067525237077,661.5635123480882,Gene 5
716.6683506310552,668.7420415109625,Gene 5
716.963243276461,648.0823705009507,Gene 12
716.7061711286422,668.14858973541,Gene 12
716.7772738781222,664.1668890353033,Gene 32
717.0116808724027,648.5851643834466,Gene 35
716.9303455830069,669.3462502724365,Gene 35
717.1597607568273,666.0605296077792,Gene 35
717.0723765455991,668.3713915230551,Gene 35
716.7589895495273,668.3591149872683,Gene 36
716.7421056464437,662.3243338145099,Gene 37
717.3556921539912,655.9218610962364,Gene 37
716.8182609621707,648.8351914579488,Gene 37
717.0918744003544,670.4390623261165,Gene 48
729.1866746449398,657.7024108707348,Gene 0
727.1674620683535,663.0448623464183,Gene 0
724.9998696458905,664.8041635825491,Gene 0
720.9251809912131,661.1257783468966,Gene 0
725.1625389045186,655.2896524318163,Gene 0
730.2793506335139,657.7787010036467,Gene 0
728.9962385750656,659.3950781028286,Gene 0
724.5821092172375,663.9372783014912,Gene 0
723.2242340990942,662.6671577727257,Gene 1
728.7915941205176,663.2924193727818,Gene 1
727.4865672572437,657.9088740639759,Gene 1
723.3766417231135,654.6031135176887,Gene 1
729.8854544314195,658.7582331578675,Gene 1
728.8896794998124,660.3335829191154,Gene 1
726.703829489377,661.8305669494116,Gene 2
728.3753375741314,663.5240181538711,Gene 2
722.6423526523733,659.9197992483978,Gene 2
727.6912725858841,654.2086927736075,Gene 2
721.2386246018126,657.7844465556805,Gene 2
728.3292831771561,653.9643710841442,Gene 3
727.9651654363169,664.3947905676984,Gene 3
725.4904391014974,653.7379428270926,Gene 3
723.7926762002306,654.8900299140728,Gene 4
722.9392369503889,662.753067058498,Gene 4
724.285447137478,652.2347553260946,Gene 4
722.5101211293961,662.2416054199005,Gene 4
721.7275874731785,658.3557317196845,Gene 4
722.5702942417843,655.4754499089578,Gene 5
726.6452865756074,665.776368665057,Gene 5
729.1930757960058,657.7020076105002,Gene 5
726.695220420154,664.8658748480761,Gene 5
729.0017934291728,658.1613474813915,Gene 5
725.3474020864656,663.7571302427635,Gene 5
729.7809182199792,659.6334223485479,Gene 5
728.3725333020099,654.5227482940661,Gene 5
728.456226344638,658.9962028233084,Gene 12
724.0195223362019,663.871516990304,Gene 25
728.8110885795571,663.9592279994397,Gene 28
722.2334094848845,657.03753619021,Gene 35
726.0120933868328,664.7567700710563,Gene 35
722.1237629285552,656.996004490347,Gene 37
722.3999673368525,656.0461703247532,Gene 37
732.3110118098606,663.0913823027885,Gene 0
730.9728488075413,658.4081480738186,Gene 0
731.4857443789248,662.9651339696072,Gene 0
732.9363960175627,665.502989760233,Gene 0
736.3188485223641,660.5103473654575,Gene 0
736.1246652683338,656.0856841887924,Gene 1
731.2111398686709,662.6098866453168,Gene 1
730.1037539885275,661.2354216940557,Gene 1
736.3229112929879,659.9679009884327,Gene 1
730.7717325948227,663.1857785519279,Gene 1
736.3891141156959,654.3876764492057,Gene 1
736.2527443714268,655.3234103979748,Gene 1
735.62479136354,665.0180688821224,Gene 2
730.7727841074498,658.8530005485726,Gene 2
736.124839161512,664.2332402580399,Gene 2
735.2525894949825,653.2332160101431,Gene 2
734.9436294540216,663.8160351814619,Gene 2
731.4551293971506,663.861155675249,Gene 2
733.9385032369005,652.0489730939124,Gene 2
731.6263897239071,664.9940242417825,Gene 2
735.3944046970812,659.0398878586554,Gene 3
731.2823248127727,665.1462617569402,Gene 3
733.972928956243,656.3633153589851,Gene 3
736.3958582750711,658.2510827858537,Gene 3
736.7684153849717,661.0970869716213,Gene 4
736.4003815689476,657.3449050996807,Gene 4
734.7493991606052,664.1755528906571,Gene 4
734.6318118412013,662.3753450948445,Gene 4
733.9834490200756,666.1359231533753,Gene 4
732.0790834669024,654.9343090584579,Gene 4
732.3247351510792,665.0718575760994,Gene 5
736.4566100212163,658.4617795436475,Gene 5
731.3935407600368,663.2387039768398,Gene 5
732.141423315475,653.3375732737621,Gene 5
735.6273388862256,658.6240605590475,Gene 5
730.7486694540893,663.5536615500079,Gene 5
731.899392522547,656.5625774987254,Gene 8
734.4257113872718,655.6687901584514,Gene 12
731.4282609582116,656.106409339611,Gene 25
736.3750136219006,656.7624014369833,Gene 35
732.5975819747729,657.2965939652097,Gene 35
730.7136414486858,657.3120172002735,Gene 37
732.1791915149519,660.93787096269,Gene 37
732.4005478665448,655.6116206656918,Gene 37
734.9886175096873,655.3118227061642,Gene 40
730.7408433607022,664.2376469559318,Gene 48
732.6884934146426,666.0547491233799,Gene 48
730.1665377204289,657.4078689653123,Gene 48
733.4347045586102,664.6883460162654,Gene 48
708.9067551897322,665.7327075108145,Gene 0
710.487930554912,672.916364594609,Gene 0
716.6930022923915,667.6589499885108,Gene 1
708.311229097256,671.0288395019446,Gene 1
712.4791083750416,670.3026352794561,Gene 1
709.9666033430916,667.6800049255038,Gene 1
710.3049575506358,669.6551572488922,Gene 1
714.7023559960609,665.4540806767161,Gene 1
711.4898410205024,674.3953821566705,Gene 1
715.2631220993173,664.1373220232164,Gene 1
715.5041889643246,672.2261109488198,Gene 2
713.896129627535,662.8179145700875,Gene 2
713.5928630489127,667.7631237324251,Gene 2
712.1347719142375,672.3414373149916,Gene 2
713.0052148987955,674.4092301446575,Gene 2
715.6887702769546,665.569552092875,Gene 3
715.2263688044624,671.2317826086271,Gene 3
711.1556984427094,666.6412539161811,Gene 3
708.3495692890393,668.0027818033427,Gene 3
708.8346405689701,668.2141749256481,Gene 3
716.2473983006668,670.2167845804984,Gene 4
715.0569607981593,667.7705634874193,Gene 4
713.8881212785799,671.1200796265535,Gene 4
713.6559814977506,665.1502045074993,Gene 5
710.5511161000829,664.4658967396834,Gene 5
713.0423528025691,673.1684797400328,Gene 5
715.9648863789971,668.1272327402087,Gene 5
710.2724540732232,668.6662039567238,Gene 5
711.7384735693028,663.1687972321824,Gene 5
716.1256095639843,669.3394221900023,Gene 5
713.0032644105864,671.8586154084463,Gene 8
715.3016338125888,673.51473200937,Gene 12
711.0457966535163,661.8924782140571,Gene 23
710.2757438294466,662.6253278431702,Gene 28
714.0099597167307,664.3113258526649,Gene 35
713.7638488521646,670.6987252447168,Gene 35
712.028461378924,665.7155206809873,Gene 35
712.2741167148769,661.6935915798557,Gene 35
712.1066133650426,665.5961779070932,Gene 35
710.2908778972862,669.3807564847604,Gene 35
713.214640960748,666.5841811853476,Gene 36
714.1072833372679,664.1360320087337,Gene 36
715.6014001086598,668.8090557718745,Gene 37
714.6363439795924,664.6307351242682,Gene 37
712.7771293324744,675.4580751915712,Gene 40
710.5731154681214,663.5009926257976,Gene 42
715.5101923777314,666.2629073981485,Gene 48
721.3418833277527,660.2116516356574,Gene 1
717.64468115066,669.3318239824949,Gene 2
718.5187041866876,668.3787313995227,Gene 2
720.7281470650079,660.7548115797657,Gene 6
717.7446502469585,665.2806825045036,Gene 6
721.5945409517432,666.6658562051091,Gene 6
720.4228381618027,672.3914154281379,Gene 6
717.9963296226033,666.7283621879187,Gene 6
721.6404817318905,669.0334158750168,Gene 6
719.8522363886306,672.7447509403364,Gene 7
719.2645169302318,661.57133174452,Gene 7
718.3376610517264,669.1399363928717,Gene 7
720.4294767575452,665.9617192909582,Gene 7
720.1660415609175,658.6239001918296,Gene 8
722.3772022869093,664.619474683738,Gene 8
718.9022450141098,673.6911620105268,Gene 8
719.8755034208582,659.1618151755022,Gene 8
719.7716708063228,660.5203039386839,Gene 8
721.3475168893203,666.1334273343558,Gene 8
721.414643163653,659.0755059263846,Gene 8
720.8454999573077,663.8930301871349,Gene 9
720.8793162292446,657.1115364370244,Gene 9
717.1109700444854,665.9090913053994,Gene 9
717.77254961628,659.9251537463012,Gene 10
716.9070634218951,666.8972251690917,Gene 10
716.7912382836831,665.6790214629144,Gene 10
717.9862043743709,666.0811272405685,Gene 10
717.1332926925334,663.357952555835,Gene 10
716.9256773100187,660.7548232423651,Gene 11
720.4248882452265,657.4746123399076,Gene 11
718.4501387495934,660.3172297488604,Gene 11
720.4012129051813,664.7225332941418,Gene 12
719.7790774693394,670.1794658971794,Gene 12
718.4279598804844,671.5957535847408,Gene 12
717.8308707662063,658.6652038295642,Gene 13
718.688935203866,671.298522481026,Gene 13
721.6395169361977,666.3223216160828,Gene 13
720.5456436807748,671.5135828053374,Gene 13
717.7184652819234,669.9338255969024,Gene 13
719.4394323198126,660.8969671849566,Gene 13
717.0696511915257,669.3198516883778,Gene 13
720.3956653600337,672.2678864410052,Gene 13
721.3349599152009,659.2222552747686,Gene 13
720.7001352990978,664.656914850056,Gene 14
720.0235065912383,668.8814039401004,Gene 17
720.3045047074019,669.3890359749245,Gene 17
719.7080803241058,657.2782602734976,Gene 22
721.4586225782703,667.3212156779244,Gene 22
721.5295824834517,665.2844042127208,Gene 30
718.3993535015497,657.1423979213974,Gene 30
720.4263431683985,670.4305327567611,Gene 30
716.4443457141101,664.1374011732278,Gene 36
717.3011006897613,658.9656247055088,Gene 36
718.7165009140737,664.0657964034151,Gene 36
720.5366458911768,668.0814526071027,Gene 36
718.6515413828196,668.7360465239832,Gene 36
716.4228147058963,666.5721304357398,Gene 44
729.9549843766852,659.107274539786,Gene 0
729.772704422999,664.8188776345833,Gene 0
728.7664077067608,661.3853324717556,Gene 0
728.6418714785593,659.6476037214717,Gene 1
733.2317483216325,665.9989942933315,Gene 1
730.0927330223358,656.6250740443829,Gene 1
729.5211268273987,666.3632711713965,Gene 1
731.6796903248484,669.4342337385506,Gene 2
729.952010037872,669.5137979642113,Gene 2
730.2238748351148,658.9871488662629,Gene 2
730.227663343444,654.7713451584129,Gene 2
729.3651890343199,663.2626415886467,Gene 3
730.6933832290451,668.7809554516953,Gene 3
728.9235718975367,669.0330220839438,Gene 3
729.9264594940838,671.1293294830297,Gene 3
730.2711347030745,660.9534436612229,Gene 3
732.7896801758243,665.5587690850299,Gene 4
733.2169783982963,661.9891840859876,Gene 4
732.6884391919665,659.5596138106662,Gene 4
731.4596975312,672.0629090020977,Gene 4
731.2719515259078,660.339790767241,Gene 4
733.2255911729201,665.4652285354194,Gene 5
728.8617731327118,667.5018563680723,Gene 5
730.72863368792,670.2640787379887,Gene 5
729.1889689992776,668.3552590664475,Gene 5
732.1871890368743,664.6945369498308,Gene 5
729.361849701844,661.8960978679427,Gene 5
730.4994865350352,659.1224822161956,Gene 8
729.4035298960769,669.0656027812701,Gene 32
731.8768882828368,671.439071351754,Gene 35
731.4998576346502,656.7119677904029,Gene 35
730.3072803614841,657.064240263681,Gene 35
729.1837188850809,666.2612155323095,Gene 35
728.3607539447112,665.8917921728329,Gene 35
730.5746004501323,659.279070999501,Gene 35
731.4173020505506,669.1810216629868,Gene 37
730.5605700425757,657.9063134268675,Gene 37
728.9472617082604,658.9299051401857,Gene 48
739.411619418949,656.8016612058119,Gene 0
737.9154567017664,670.0334466585044,Gene 0
740.4665280174304,666.7674169105217,Gene 0
738.8541070719848,670.1229130391047,Gene 0
739.7755632488473,663.6400566470533,Gene 1
738.7266857682114,670.7687433251737,Gene 1
740.2447253518537,659.8184918216168,Gene 1
737.6143182820922,657.8896809956888,Gene 2
739.9056792625217,667.1278786921056,Gene 2
741.426319719443,664.2765141771863,Gene 2
739.0031358913534,656.8064602921338,Gene 3
739.998013886984,671.391156831117,Gene 3
742.0958077729182,665.5617761034173,Gene 4
741.7381840050289,664.125691850998,Gene 4
741.6403831165164,666.7313513526414,Gene 5
741.7999289286479,659.8097574499885,Gene 5
737.3511006757096,669.3874252420513,Gene 5
738.6502747822286,656.8045006491586,Gene 5
737.2531563382164,669.2849017513116,Gene 5
736.5169951746061,662.3184442501748,Gene 5
741.0079298788696,659.1378044068084,Gene 5
736.7307188212434,663.656641114292,Gene 8
739.7704272689742,667.4604937714292,Gene 12
737.3686259240557,666.8764331002444,Gene 12
735.9626484446353,664.1966637477528,Gene 12
736.5833269321439,659.6985745070594,Gene 12
736.8935299592354,663.2232114643582,Gene 25
737.6214839440837,670.1809506904991,Gene 32
740.449672553207,660.7017756306929,Gene 32
737.3980367473263,667.8042900100248,Gene 32
741.4498318780896,662.2864645955502,Gene 35
738.4899302974992,668.3660680394902,Gene 36
736.2927189146876,666.0654946323318,Gene 37
741.4986847354713,661.9799851842819,Gene 37
738.6486632657209,660.1959171595017,Gene 37
740.062518383368,662.5663998412285,Gene 40
737.2323713906083,659.4366832510652,Gene 40
740.954088222897,665.1844136313288,Gene 42
744.9195399177365,664.5911590404428,Gene 0
746.1332541952185,661.0798183348406,Gene 0
748.2038406360149,665.8390629880997,Gene 0
747.5571461574167,666.9996641434126,Gene 0
746.2795309040115,660.8572673079012,Gene 0
745.6866600358651,673.224321750016,Gene 0
745.6639736432655,673.0728331325167,Gene 0
746.8746962115349,667.3421613883769,Gene 0
747.9048587909344,672.9252105793104,Gene 1
744.8845934145077,671.5112087155842,Gene 1
748.3854503422208,672.3510245245145,Gene 1
748.1586898564749,674.7159722083658,Gene 1
744.57389282554,666.2684213432791,Gene 2
745.4712020988336,661.9121144166211,Gene 2
748.2234723769267,672.9867667815589,Gene 2
749.75267520348,669.6248517497373,Gene 2
746.9787558810509,673.8637405387688,Gene 2
745.1507015346053,671.6985372885237,Gene 2
747.9653205328834,665.594900851511,Gene 3
745.6814366682389,659.8229697880506,Gene 3
748.5303600175697,663.5392915058604,Gene 3
749.2053641188998,667.3676595567016,Gene 4
748.7165769393276,671.2053081554928,Gene 4
746.2602862182907,661.2529885166099,Gene 5
747.3614108460966,659.809671338906,Gene 5
746.48308734899,662.7358445849096,Gene 5
747.8921060169762,662.5900071027828,Gene 5
744.5361677533151,661.571169787113,Gene 12
744.556591059996,664.5328653728428,Gene 14
744.4558851507732,668.31074719088,Gene 23
747.4847933901756,675.4606616771342,Gene 25
747.1085764619263,661.9422019463665,Gene 28
748.6032080893151,665.7180047855385,Gene 35
745.3296999977048,662.2407519728856,Gene 35
745.1497810372246,667.1927180385115,Gene 35
747.4719089631243,662.5175751050675,Gene 35
746.9134348477285,673.951222848095,Gene 35
748.5315382839874,668.1658642046445,Gene 35
745.814072842261,674.169277375885,Gene 37
745.5248795689113,660.878389967356,Gene 37
748.810467266777,661.8681329453829,Gene 37
748.5433498023293,661.2815831177898,Gene 48
701.0414792755473,679.9335043951438,Gene 0
703.1482603678384,680.8848425114586,Gene 0
705.1026018704126,672.1263279243667,Gene 0
705.8351343005028,670.4474345208703,Gene 0
703.7487429739743,678.898106098706,Gene 1
706.0668724351964,671.3656869256862,Gene 1
704.1567871759369,676.7095350610026,Gene 1
704.6509878441243,680.2770021295445,Gene 1
699.6730522983999,672.4223147055579,Gene 1
699.0110181414707,672.6268540992572,Gene 1
704.4561811474272,670.1098758995835,Gene 1
702.233170574379,666.805071327014,Gene 1
703.8555995014252,677.5403247117707,Gene 1
699.5545322348122,671.6284022760748,Gene 1
700.7608763654458,668.7758220795546,Gene 2
702.6027206566482,679.2883165268082,Gene 2
699.2445565123292,670.8370844727099,Gene 2
701.5899509821638,667.2217303146673,Gene 2
701.2165011102891,677.6688447495254,Gene 2
700.9824627365758,674.8078390449573,Gene 2
698.9886159896105,671.2065699564599,Gene 3
706.4296601309067,674.0611133203337,Gene 3
700.3307473294922,669.7100934265181,Gene 4
701.0680700834776,668.2314549009208,Gene 4
701.6167158814795,675.1558799422955,Gene 4
704.645341899967,673.0553824570455,Gene 4
700.4665278461124,679.2196014730408,Gene 4
702.5156557098898,679.9043769986513,Gene 5
700.971383416396,678.3707528504983,Gene 5
701.8402597873074,666.4083694662534,Gene 5
703.3213946917841,669.4760294247185,Gene 5
702.7554440765607,667.0633784110944,Gene 5
701.931918150585,678.688659709227,Gene 5
705.8416129462242,669.4495527894809,Gene 12
702.4212073880407,669.0838144588149,Gene 14
702.0258560663978,668.4420720867523,Gene 23
705.3549499581591,668.1877387715184,Gene 28
702.1606709208702,667.9342036021479,Gene 35
705.3820371087542,669.8584798021998,Gene 35
704.7125971536685,673.0635641265761,Gene 35
702.0803799220574,675.9971344340879,Gene 35
702.6756954983924,669.2123655655136,Gene 35
701.3501279326313,681.0028649753194,Gene 35
702.4257701610136,670.4326473648581,Gene 36
703.1378942468461,670.2632816781583,Gene 37
700.86997043631,673.3003100896135,Gene 37
700.9116196604203,678.7950480819995,Gene 42
706.5065588730689,676.3764999731775,Gene 48
700.6891992379497,671.6601321073771,Gene 48
702.9202058129595,667.0647842736089,Gene 48
705.7499008540163,671.9505730660538,Gene 48
704.0275646235611,666.8357614662445,Gene 48
721.3219536448057,675.813784762493,Gene 3
718.6453300181367,670.2214656929559,Gene 6
714.5220813893782,676.3263237743951,Gene 6
717.724008919956,674.6013274039275,Gene 6
712.3538692884482,670.7033091335916,Gene 6
722.1272908743986,673.5014582171093,Gene 6
718.5682291265092,675.9828039563545,Gene 6
720.809497557508,676.6653548444955,Gene 7
712.0912479096554,674.7183463423611,Gene 7
713.8943598103417,672.4749753563724,Gene 7
712.2989721437444,675.9155818323125,Gene 7
717.0642276751129,668.9475781210214,Gene 7
715.8806439834524,671.5957941714096,Gene 7
713.974886827809,675.7229872674643,Gene 7
717.352549049339,670.3179803181406,Gene 7
722.3740568303206,674.2738547339055,Gene 8
717.7348723087214,676.9452070830132,Gene 8
723.5906142970399,673.0780200789112,Gene 8
722.2994082395851,671.6052557945941,Gene 9
722.5246114101955,671.7298930675845,Gene 9
722.8473999406192,674.3180952515651,Gene 9
722.3420738843442,675.1866689118395,Gene 10
719.9328276941545,677.4293643803187,Gene 10
716.5785738262482,670.9594004233602,Gene 10
721.3243445984458,675.5049658131401,Gene 10
716.2031837675124,669.6985851290863,Gene 10
713.0428471931108,670.2478020139812,Gene 10
713.7479977630824,669.8564384087812,Gene 10
720.8400510758324,676.6511910671383,Gene 10
720.8187290335835,671.0530433627852,Gene 10
721.2326717845201,674.3691477160404,Gene 10
715.8364893869019,677.1235533527097,Gene 11
715.9763502349563,677.1816366933765,Gene 11
723.7175139533574,673.4729041694433,Gene 11
722.7044877374686,674.4174591823017,Gene 11
714.4814195913797,671.3685937717465,Gene 12
716.9628554831819,677.0459006147622,Gene 13
720.7007033649647,676.3790360513293,Gene 13
720.4150351446211,671.0459802428678,Gene 13
717.5944759944663,677.9973062713754,Gene 22
710.5540775860782,672.5427989369616,Gene 22
715.347838511128,670.7833919532683,Gene 22
720.7618938769717,677.0641320059553,Gene 30
714.2623811855962,676.5901827689046,Gene 30
719.3386473467001,674.8704402070188,Gene 30
715.4811180781445,675.4729456531111,Gene 30
717.3959794686073,671.4327869453606,Gene 36
722.4636935007009,674.1041848007442,Gene 43
721.957359010031,682.1964985409247,Gene 0
727.8420513478787,679.0497792513851,Gene 0
720.793667650581,682.0480606702207,Gene 0
728.8219172098198,677.5803586192135,Gene 0
726.815815097538,684.6988871328703,Gene 0
727.0199310238816,682.1170010483755,Gene 1
725.9647618383711,677.9002356891967,Gene 1
726.7496323972732,685.488896842664,Gene 2
725.1557184297114,685.0130773226971,Gene 2
726.1756356165237,674.7200189223842,Gene 2
724.3794931696531,676.0552402772767,Gene 2
727.8373936941659,682.4748098448453,Gene 2
728.3246068563608,683.6841854033269,Gene 2
725.5548644205807,683.8897734731979,Gene 3
728.7990592254723,682.8833307115303,Gene 3
725.9180503327648,681.6945025555483,Gene 3
727.2557826328208,674.0195540715563,Gene 3
722.9876837218461,683.0779267021223,Gene 3
725.8675487180559,674.2509403938212,Gene 4
720.560729749233,677.4389470023045,Gene 4
726.2677462468293,682.6460639223251,Gene 4
729.2619129566989,678.9189462798952,Gene 4
723.5566349833601,683.4411963037975,Gene 4
722.1645528887947,675.0540664283315,Gene 4
724.1268035879414,683.2281270409088,Gene 5
720.9147356856174,681.3079361758857,Gene 5
728.1962978368047,679.1682788027665,Gene 5
727.815236380197,681.6502287294448,Gene 5
721.3612526340089,675.3765914429474,Gene 5
727.0359155826108,677.5567235143815,Gene 5
724.0211192283807,684.1207714572092,Gene 5
721.4328992239571,681.8759845374876,Gene 5
728.5211958319147,676.0156271460571,Gene 5
729.7289749296123,679.5813009220703,Gene 5
721.7984660965545,681.5156255025488,Gene 5
729.2417811229266,677.9009902567202,Gene 5
725.6866901128767,685.2792463835161,Gene 5
728.6360702112033,681.0365468076611,Gene 5
721.7936792241472,682.2174744469813,Gene 5
726.124506374903,675.1629947309307,Gene 5
728.3619661036128,682.6225440918573,Gene 5
725.070478296122,683.1951612222382,Gene 8
724.0117456668015,683.2884823792226,Gene 23
721.7988123961615,679.9918212380577,Gene 25
720.5233541282361,676.3552337515113,Gene 28
730.0604470552889,679.0535701371921,Gene 35
723.5694688107939,674.1295745729956,Gene 36
724.5731492022711,674.4497788253813,Gene 36
726.4661271270145,683.4905805243806,Gene 37
726.7691330684446,676.7789286747976,Gene 40
728.5979699546,675.939895963236,Gene 42
730.0231053503031,679.3028545866412,Gene 48
726.791918795265,680.7927714333526,Gene 48
725.0328803968055,673.7149299263825,Gene 48
729.3333526893202,680.9991982355389,Gene 48
731.6256961983195,674.0037568058679,Gene 2
732.9126225933948,673.468302748852,Gene 3
735.5913793446991,679.6725998092245,Gene 3
730.9394992251885,672.4217027012246,Gene 6
736.9230332516734,679.9999005245339,Gene 6
737.9262518852914,674.1724160929061,Gene 6
737.334424076982,670.6244887343146,Gene 6
738.7411732749613,675.9505444712753,Gene 6
734.9526191988991,680.2115994127458,Gene 6
731.468378282836,674.8535563345474,Gene 6
730.780364034946,675.7162918270911,Gene 6
733.438672311481,669.70081213302,Gene 6
737.1611306159567,669.9324291369805,Gene 7
731.0007101081873,680.1705883835978,Gene 7
735.1493149154579,671.6215366612012,Gene 7
738.202658655334,672.9778270896524,Gene 8
734.6412338453475,682.009761345445,Gene 9
735.8119544198278,670.374257228465,Gene 9
738.0333405004836,674.0402343250736,Gene 9
733.1366861986202,682.0160661819617,Gene 9
732.4723929654526,679.0046679361726,Gene 10
732.9006136701435,672.4278195238498,Gene 10
736.6631462016021,673.4935868744518,Gene 10
735.3070160039947,679.5719609662582,Gene 10
730.9474377552815,674.9631446975402,Gene 11
732.1401842717567,675.985686043732,Gene 11
734.1913542337128,681.6546885439266,Gene 11
737.6535651134011,677.3945809881515,Gene 11
732.7173070566806,674.568901501448,Gene 11
735.2906765256032,669.7482845277316,Gene 11
737.7752441044086,671.3472626267618,Gene 12
736.2242788438733,671.4590741356282,Gene 12
735.9242405853256,669.773593586677,Gene 12
738.4108934810957,677.5665215141149,Gene 13
738.7491018951653,679.5176103767305,Gene 13
730.5556760724052,678.3351539355889,Gene 13
733.1833438922563,672.6120584481705,Gene 13
732.3462112866882,677.8728334388462,Gene 13
730.846502242332,673.905539505975,Gene 20
734.0462931781816,679.0402245880858,Gene 20
732.8034044616269,673.6819191607942,Gene 30
736.41382312483,675.4781759706811,Gene 30
738.9198873300861,673.7742325173638,Gene 30
737.1346392106003,673.6480239301245,Gene 30
733.5462887909999,679.3006737052898,Gene 36
739.1308173342486,677.5125506787159,Gene 36
738.3922161485077,676.867872861922,Gene 36
734.0036042426609,671.207753990484,Gene 43
730.7435253590929,672.4413531932707,Gene 43
739.0247813832814,675.9548925027514,Gene 44
738.6188611793335,671.7701166714068,Gene 44
744.5845379278157,680.5734262858023,Gene 0
744.2291095082485,685.5194810400913,Gene 0
743.309237672855,671.5363095804294,Gene 0
742.6766682337715,672.4762050880648,Gene 0
743.6705706001715,669.5329039081553,Gene 1
742.1801622887988,682.3758865538725,Gene 1
742.7189402134048,677.7887644500984,Gene 1
744.8166543665656,679.9952689485534,Gene 1
743.1644255896535,687.2716738944616,Gene 1
743.0268260723136,674.0854845530985,Gene 1
744.7699846307537,682.5843270249777,Gene 2
744.2816427249096,675.6890641976842,Gene 2
744.8458422583074,676.3929881224975,Gene 2
742.4436572646555,682.3391272513943,Gene 2
741.9778772909203,677.762987314688,Gene 2
741.8712979157218,675.7238135479948,Gene 2
742.7525275794666,673.3777010875469,Gene 2
742.0242095547151,679.83014562038,Gene 2
743.7664303644942,674.989098025372,Gene 3
743.9350130663563,675.326132718807,Gene 3
743.7406165024308,674.730701254571,Gene 3
742.3821285868456,672.8086724881146,Gene 3
742.0714363993185,684.3102231177978,Gene 3
743.9872927243998,677.2358827331313,Gene 3
744.007783043684,679.3863375833879,Gene 4
743.9877783876374,669.4013280173731,Gene 4
742.1984976151444,674.5938204921702,Gene 4
742.5768295722393,678.091035313716,Gene 4
742.6116744213334,684.0175242989061,Gene 4
742.4946902121486,671.1768265788061,Gene 5
742.2220233474644,679.3140345884293,Gene 5
743.1217039422073,670.410252864674,Gene 5
743.4622978829692,684.7875578295559,Gene 5
744.3034043990326,673.7217967448095,Gene 5
742.6625973676928,680.0271450468683,Gene 5
742.5314597859818,684.1021790797387,Gene 5
742.2649865114734,672.4179546236402,Gene 5
743.404457790669,670.6770669127601,Gene 5
742.0933699684244,681.7714600684542,Gene 5
743.3882344419791,684.6169574876616,Gene 5
744.4391825201111,674.0577527624907,Gene 8
744.7210516703941,680.203505373897,Gene 12
743.0280381165055,671.2566005369539,Gene 12
743.8815025583829,675.8493245192586,Gene 12
743.6804089096099,670.0280990836484,Gene 14
742.1710433312855,680.977415886999,Gene 25
743.0278507207574,671.4636815916052,Gene 25
743.2603731509993,672.4847974728033,Gene 28
743.0518398703393,672.2273457724976,Gene 32
744.2282384692583,678.4733455024823,Gene 37
743.4039689852906,675.5348913339105,Gene 37
742.8837574771062,672.1722773563821,Gene 42
754.5371701520653,668.9719821439155,Gene 0
756.1569269479227,680.3683526649601,Gene 0
756.0443373144037,677.5093154160801,Gene 0
754.779078574108,678.0754857766261,Gene 0
759.3375226343123,672.4495744135841,Gene 0
756.2139435599238,680.3462307405571,Gene 0
755.6996740425872,665.3586531380628,Gene 0
757.2814238154264,668.6428018550781,Gene 0
756.4338994664223,667.3828925925446,Gene 0
757.3324330397855,667.3852133919446,Gene 1
758.5907025443322,668.8402712004528,Gene 1
757.6688883770801,679.3434185422274,Gene 1
755.425312283398,668.1732715848807,Gene 1
755.6805660444909,665.622244781575,Gene 1
757.1930284617831,667.1201624228408,Gene 2
756.2817360288035,669.6987929598695,Gene 2
756.8453200338968,669.8974218533428,Gene 2
758.7505627165563,669.3104632277549,Gene 2
755.765643257291,675.2232602308293,Gene 2
757.420304269346,680.6256581337497,Gene 3
755.6453376954394,669.2397422936277,Gene 3
756.0066003533484,667.0360462257142,Gene 3
754.7740053113276,675.0817423428305,Gene 4
755.7647398653818,670.474836951311,Gene 4
759.4405522812477,673.0003176806114,Gene 4
754.8625040874759,667.6744841153924,Gene 5
756.5673544122418,673.3977017691766,Gene 5
757.9789033052543,668.9383044360417,Gene 5
757.1065315922956,665.638868658683,Gene 5
755.6099537597928,672.4214111629302,Gene 5
757.478512551833,677.0497744285808,Gene 5
758.884381509074,670.1864932006979,Gene 5
759.1589192887527,676.366358321107,Gene 8
758.0549761472078,674.3191142564135,Gene 8
757.4981241545704,664.6152686368989,Gene 12
759.5065426859641,670.595217745701,Gene 12
756.5468410359995,668.8304588893693,Gene 23
756.7376853533424,667.2623638374782,Gene 25
757.752183799258,679.6131106729944,Gene 25
757.3199357794905,665.7657151854806,Gene 28
759.0608432922604,670.5888389538189,Gene 35
757.3080341203537,673.4728933948126,Gene 35
755.4135394737835,668.5995106501178,Gene 35
754.2934178669358,670.6328071896796,Gene 35
758.0742338271489,675.8472108298164,Gene 36
757.4651548701962,666.2771398936092,Gene 37
758.1413687904757,673.49360851898,Gene 37
755.8191461906644,673.9298796144602,Gene 48
758.8346212648179,670.0094121177714,Gene 48
754.6400869489125,672.5711918834284,Gene 48
765.275999767241,684.188959359,Gene 0
766.0566216257374,673.5395062568697,Gene 0
765.2128462811285,671.9912584559002,Gene 0
763.9292721364429,672.2426760849451,Gene 0
766.1481378271872,669.8630427552619,Gene 0
766.8152847747858,672.2923546910532,Gene 0
763.9782493984915,681.9251791803661,Gene 0
763.5249894591514,679.5397383528007,Gene 0
766.6260524844317,680.240346966214,Gene 1
765.5936517757327,681.7154740676997,Gene 1
766.8202018969683,673.6374278720349,Gene 1
765.0537880016232,672.8697308790728,Gene 1
766.0767361927468,672.208419687187,Gene 1
766.2241387727136,683.2643285949072,Gene 1
766.1621251919622,672.757459283559,Gene 2
763.090530097083,679.6142904890684,Gene 2
764.8996142223099,673.2052845409421,Gene 2
764.8261433427482,669.6073053305925,Gene 3
763.8361734154548,673.4555056756333,Gene 3
766.860265461579,676.7721549685302,Gene 3
763.7827888198788,675.7719823377677,Gene 3
764.3226639820089,680.8419730611064,Gene 3
764.4428271235715,674.8090051247566,Gene 3
765.8302469711099,670.0111649455445,Gene 3
764.8208523396462,677.3760525985448,Gene 4
766.3326894546233,673.4842896035592,Gene 4
764.7716180430748,672.4307730623916,Gene 5
763.1239878793342,680.1474553831549,Gene 5
764.7525790960838,675.336932285945,Gene 5
767.4054111956336,681.8816137898783,Gene 5
763.6406468075453,674.0135413042018,Gene 5
766.2864402991487,671.2782597148506,Gene 5
763.6386026327157,680.3937877519337,Gene 5
765.924828097975,680.7696490023325,Gene 32
765.0447249949978,684.1086569429314,Gene 32
764.8123915105192,681.9327518746542,Gene 35
764.235080168502,685.7279459709727,Gene 35
766.3443568189771,673.4495309878274,Gene 48
710.7767744580677,694.8347533616923,Gene 1
711.169385662107,684.1273396059287,Gene 1
708.6172866414165,690.4877916771381,Gene 3
710.3708252718089,697.5055136533829,Gene 3
711.3197137501353,686.2841299827808,Gene 3
711.4598840266923,684.674982177719,Gene 6
708.5402580891472,692.0431261430805,Gene 6
710.9875972009552,685.4477228145307,Gene 6
709.2264390168843,696.2707444512641,Gene 6
710.146414032653,698.1452265536287,Gene 6
709.5933535110195,697.7079539608906,Gene 6
709.2587142701146,683.1423464916177,Gene 6
709.8231280714313,684.0926079082807,Gene 7
711.3297899603397,688.3887624257776,Gene 7
708.9634959495813,691.3936367933404,Gene 7
709.9218318699752,681.5967387995662,Gene 7
711.4807985008273,688.5323546512824,Gene 7
709.9552160788055,697.1655791658283,Gene 8
709.9569892078097,697.9843879318704,Gene 9
708.8963211538281,692.1985446050957,Gene 9
709.7156528291856,683.7226420919338,Gene 9
710.9660039896946,681.888586007113,Gene 9
710.8149304795155,691.618433843598,Gene 10
708.7569466694662,691.1056064025266,Gene 10
710.4949626263095,681.7807879267168,Gene 10
708.6930205723467,682.7311027630535,Gene 10
709.4037612288856,687.8637648177007,Gene 10
710.4947728460784,683.7752808103915,Gene 10
711.25695686933,691.9663722210834,Gene 10
711.6615837136707,687.9642579324901,Gene 10
710.3182169517479,696.915256943053,Gene 10
709.6592711225445,685.3100396792395,Gene 10
709.9782820922563,681.447033198742,Gene 10
710.5231942330676,691.6884785668633,Gene 11
708.8993452046057,686.8622963548356,Gene 11
711.5701275774909,688.6854407583169,Gene 11
710.3419951627761,681.3732509217257,Gene 11
710.506862880982,693.1146527883213,Gene 11
711.6589764988146,686.043700424492,Gene 11
709.2334526797209,682.983649136815,Gene 11
709.3401269660618,698.2230942033387,Gene 11
708.4009049713461,692.4371148199521,Gene 11
710.36147779604,694.5069099875274,Gene 11
708.5300157939456,696.7644048687733,Gene 11
711.036104146735,692.2847063334885,Gene 12
709.4019687299498,695.3600534215932,Gene 12
710.0670106502744,696.0687773116194,Gene 12
709.3803939945063,683.7069258510983,Gene 12
711.306236600541,685.7053173564249,Gene 12
708.5712973489391,691.333450656265,Gene 13
710.4991872744637,687.2252223540103,Gene 13
710.8755729047109,685.1021920496482,Gene 13
710.071581589658,698.559789212836,Gene 14
711.0265766038709,690.3785886109475,Gene 17
710.9516319132603,693.0793408543996,Gene 17
707.8402993663585,690.3307607104671,Gene 17
710.9255258027464,681.7618094795896,Gene 20
711.6733288800064,690.5658232221089,Gene 22
710.2862462362633,696.8545857948941,Gene 22
708.4764776005305,695.203556985492,Gene 30
708.5040239006908,687.5908125703978,Gene 30
709.8309211673329,680.806481673296,Gene 30
708.9907638216348,693.0535467292443,Gene 30
710.3797672621854,690.48458684764,Gene 30
708.3662695351982,682.5467195115009,Gene 36
708.2088803628027,690.9557836232451,Gene 43
708.9613372023703,691.4670917754773,Gene 43
709.7365756995455,698.519265757673,Gene 43
708.6025123895431,695.2755928549535,Gene 44
708.5428359879661,696.3117119748166,Gene 44
709.0307500895248,684.2450303686684,Gene 44
710.4821436686941,690.0746915350344,Gene 44
723.3414365173118,689.1823898834087,Gene 0
719.7682210139752,692.3264446124031,Gene 0
720.1601948221371,679.5412998590294,Gene 0
723.3006011528702,690.7146103411632,Gene 0
720.6445979747499,681.5204447753194,Gene 0
717.4040317181851,682.9531012456664,Gene 0
720.4081734201401,681.8966870201859,Gene 0
717.4345350745712,689.5298815838389,Gene 1
723.4246863045777,686.1794586420382,Gene 1
722.3308884388539,682.3009706355316,Gene 1
718.808129401973,679.3468597935027,Gene 1
721.0071045348265,686.1554151665123,Gene 1
717.8700687392519,680.5192989420322,Gene 1
721.6416685726783,688.2534708547641,Gene 1
722.4211433951249,688.9614610435609,Gene 2
718.151795246153,688.418592331756,Gene 2
717.0833921905472,685.0302769381709,Gene 2
722.3640801920817,681.5467082869307,Gene 2
720.6697888398903,681.6395823656356,Gene 2
720.1788795802513,688.646942503393,Gene 3
723.9058858675203,686.5571669065821,Gene 3
720.1587820327453,691.4826039427492,Gene 3
722.6166818969726,690.060549164945,Gene 3
719.035857382893,684.4755576274638,Gene 3
717.394587351359,687.1097906266004,Gene 4
720.1475374818917,679.8767243124771,Gene 4
720.4461866553979,690.9097016095534,Gene 4
724.0212343270655,682.7237098029908,Gene 5
722.5966141571006,686.5096463541397,Gene 5
723.0232275501427,688.7120880374218,Gene 5
720.0724952385366,677.9748935873095,Gene 5
719.4397527508878,686.7697412280085,Gene 5
723.5630441487305,683.7809844088814,Gene 5
716.8355382150451,684.693416429692,Gene 5
722.9044830383401,685.2257299150829,Gene 5
724.3435643556174,685.1572275843643,Gene 8
719.7586979953644,683.717919452731,Gene 12
721.6868192482949,691.4831491900875,Gene 12
716.7065243022575,687.0782538270715,Gene 12
724.1182963379839,688.022544521166,Gene 17
722.1759069251755,681.9438839641082,Gene 23
721.1806801163901,681.8495119610998,Gene 23
718.6949965842311,683.0102891466491,Gene 23
723.2630087373182,685.4920123727493,Gene 25
720.6796638031348,691.4959574060941,Gene 35
722.1326662855514,684.318541244014,Gene 35
719.0993874982257,680.8049887473487,Gene 35
722.8526545098955,681.6498559176034,Gene 35
720.8695564354642,680.5163706192415,Gene 35
716.1627546603537,685.5323457262116,Gene 36
721.2255784751641,678.5796141330574,Gene 37
716.266063106482,684.74143688656,Gene 37
717.9697896387838,689.9941463830457,Gene 42
724.2068213305884,688.1715453243016,Gene 42
729.6407875610414,692.4668775976513,Gene 0
733.6813770330131,688.3697063429998,Gene 0
734.7851591613216,689.9460874046132,Gene 0
736.1029381769307,688.3062695298152,Gene 0
729.1044833035353,688.6254835073457,Gene 0
733.3133234855225,688.4789334420301,Gene 1
733.5473268156213,682.2745547127231,Gene 1
733.207983404646,685.9885959410661,Gene 1
735.3173012998059,692.876559479045,Gene 1
731.5030879650068,684.1333531095092,Gene 1
732.6882013740959,693.3305927299484,Gene 1
730.3734412827035,683.7558941367186,Gene 2
727.4794158739562,690.3054468491626,Gene 2
727.0047556911916,687.5710497902655,Gene 2
732.7515502500531,683.307475986229,Gene 2
736.1579798936306,687.6654819526659,Gene 2
735.3171676219429,692.240607489627,Gene 2
727.3179614192425,688.5804927273995,Gene 2
734.9102981379742,689.4856955672459,Gene 2
727.261316247287,686.7768868059657,Gene 2
726.1418975191212,689.5062587545339,Gene 3
733.9579514671545,689.1691758621567,Gene 3
735.8113891940388,684.271100726485,Gene 4
731.845587696526,683.0784359160565,Gene 4
733.79097545626,687.4297507562104,Gene 4
729.8208928049202,684.7814496309934,Gene 4
727.9604834352034,686.0106799272017,Gene 5
728.8705472815558,688.745927859975,Gene 5
735.5019863465596,685.8546105507078,Gene 5
734.2918475329202,690.7183110640276,Gene 5
731.50369572969,683.3335096466307,Gene 5
726.7276085964178,690.2855341483626,Gene 5
729.0085507907663,685.4927639288468,Gene 5
729.2360484501471,684.2553815477961,Gene 5
728.8025895000089,693.6460085059763,Gene 5
728.7626914031171,690.6986570360524,Gene 5
730.9895044645369,686.5366883777602,Gene 5
728.6728146501483,685.0100075171404,Gene 8
732.3613105771828,694.0701436352425,Gene 8
728.3025614492075,689.3533004283743,Gene 12
734.547350903485,682.925378669392,Gene 14
735.0027876139716,688.6278012501136,Gene 35
726.702091911442,684.3594132326674,Gene 35
729.8284464458002,683.4653263946475,Gene 35
732.966955729167,683.6174874727417,Gene 41
727.9190265993666,685.7925124483178,Gene 48
732.1113942545096,683.1020748298196,Gene 48
740.9823290037322,677.4890608553914,Gene 0
742.1163684843825,681.8773322344526,Gene 0
742.0505004914737,684.2372729041925,Gene 0
742.2273983796222,687.0090936287116,Gene 0
739.6972071002617,688.2721975459162,Gene 0
741.0488780137161,677.3029064683135,Gene 0
741.1731155705806,693.6696550069265,Gene 1
740.1502576070645,693.0839441133347,Gene 1
739.3916015330483,687.3921461754238,Gene 1
740.9908109644053,693.8701210770527,Gene 1
739.6278197731139,688.5181020187366,Gene 1
741.2121121387822,693.079636410428,Gene 2
740.5894240424645,689.0949383196021,Gene 2
740.5045467703876,679.4869840764176,Gene 2
740.0346003935339,679.2088871315917,Gene 2
739.9798842265957,683.6216619899469,Gene 2
740.6423217302895,690.0965570564398,Gene 3
741.4852085984526,691.5341856967179,Gene 3
739.4138460738357,691.2500575313294,Gene 3
739.9147202376998,687.2199375468773,Gene 4
741.7733649370125,682.15611250294,Gene 4
742.2022158081071,686.6383504537123,Gene 4
740.4189416692299,678.9217962755117,Gene 4
741.8483517971237,695.3619974897272,Gene 4
741.1692344311534,680.7877918777016,Gene 4
741.2051081302843,695.8398117412781,Gene 5
741.39934739134,679.9949203317144,Gene 5
740.3296819370631,691.9964112552377,Gene 5
740.418884778291,694.2724697368742,Gene 5
740.8094352730537,678.2052698233007,Gene 5
741.064769530409,687.8279989122499,Gene 5
740.3837627937331,692.7597960645543,Gene 8
741.8004994153679,681.1579852151991,Gene 12
740.7697852850126,677.3821287354468,Gene 14
740.1020418286274,692.5501412061877,Gene 25
741.0668856569824,688.8851068227225,Gene 25
740.0262437476414,694.031472649001,Gene 28
739.6509845476029,689.6934506412077,Gene 33
741.0444498533407,695.5111680730174,Gene 33
740.6861268785735,695.5951508301424,Gene 35
740.229184288741,680.3566851237081,Gene 35
740.5532591246792,688.7035826172272,Gene 37
741.5195890802709,693.3233682861513,Gene 37
740.8510981449208,691.9433384736357,Gene 37
741.6458158290615,686.401818212793,Gene 37
740.5161325783694,678.1782852425106,Gene 48
739.4208632426621,685.8960239214158,Gene 48
748.3665413591743,686.1558775768488,Gene 0
748.1752959219895,682.4249180529791,Gene 0
749.4344734364886,689.5904722178925,Gene 0
748.7603336022212,689.6006704798821,Gene 0
748.7092965035888,685.778873212371,Gene 0
750.6126047793279,692.3267294731147,Gene 1
752.0557953853955,677.8114195871408,Gene 1
748.1012628148959,688.6413475131662,Gene 1
749.2323118559319,680.7626899671357,Gene 1
747.4067806673288,682.681776240055,Gene 1
748.4416294558035,681.483394482606,Gene 1
749.5178653466927,692.1567118001748,Gene 1
752.730653884142,684.4091668816953,Gene 2
753.2353131741355,687.107902816391,Gene 2
753.3116427207989,687.2156775426345,Gene 2
748.4576158276637,685.5393131876333,Gene 2
748.369677214676,681.0495962466449,Gene 2
752.3032327593176,690.5035452470999,Gene 2
749.41382663839,679.7273824178978,Gene 2
752.5962659908756,689.0938710540971,Gene 2
752.4985244807208,688.9123787827199,Gene 3
748.9979232110999,681.3429823115245,Gene 3
751.4499780132932,683.1297652140221,Gene 3
751.7729278712959,687.6389153022287,Gene 3
752.3681331192377,678.5948557655615,Gene 3
749.1295739011559,689.0775081429005,Gene 3
750.2593977313047,680.879361171379,Gene 4
749.1860873406946,680.4612616693452,Gene 4
748.7033391560178,689.5599147828123,Gene 4
750.2616111080615,686.1635075289931,Gene 4
750.9071953106051,678.606818762528,Gene 4
749.1312833096468,684.3960279628212,Gene 5
750.1512965106112,684.3640890734151,Gene 5
751.1531929504632,689.9763237495331,Gene 5
751.9022439196757,685.6389324627169,Gene 5
752.3323905161677,682.986758199675,Gene 5
748.5522504585758,690.959472365353,Gene 12
752.5132375956551,683.346966638196,Gene 12
751.6346366009017,689.7733234724301,Gene 12
749.2817091625036,679.1068185248437,Gene 25
750.5946867012455,681.6836396491717,Gene 32
752.7492462310731,678.0271352628912,Gene 35
751.6243829690846,682.697137604794,Gene 35
748.3041276050714,689.9334279601671,Gene 35
748.2169116664969,684.4566924594609,Gene 35
749.2999149062472,689.3008748546566,Gene 37
748.3187099662733,686.829550869531,Gene 37
749.1133138226306,677.9191833733294,Gene 37
751.1276874008114,685.5220697054749,Gene 37
751.1202790356909,682.065673333585,Gene 37
749.1073162829867,679.841652286963,Gene 42
756.5223859171103,685.645353231009,Gene 0
760.702933625141,683.5907902977376,Gene 0
759.6430576167514,679.8193084403057,Gene 0
758.7825561365626,680.1037933573514,Gene 0
759.7567675817124,686.1116610448242,Gene 0
760.2981944583516,688.2413092633254,Gene 0
755.7275011378493,685.1440916039571,Gene 0
758.254994387667,677.8248123812057,Gene 0
759.2102241281682,678.8608857433073,Gene 0
759.152127456983,685.719628798152,Gene 1
758.2065372530859,677.3350159347158,Gene 1
756.6162890515953,688.3958924980292,Gene 1
757.7794873989329,676.2923950205522,Gene 1
754.7833639165926,685.9606854266688,Gene 1
758.9138705007138,681.3427484336308,Gene 1
759.5186378748141,689.1364825565944,Gene 2
753.7639248375646,682.0042502855117,Gene 2
756.5141798726479,677.8669257351196,Gene 2
759.7879026787971,685.7668163067775,Gene 2
759.8398280846513,688.4868590320698,Gene 2
760.526529727013,687.9303918891868,Gene 3
755.3517724107774,679.0751034153049,Gene 3
756.7664936385812,678.6556113390956,Gene 3
755.8708736634716,679.3408557791128,Gene 3
760.5879492475299,688.9011656541154,Gene 3
760.8053305334868,678.1514682227025,Gene 4
755.3469289580262,678.6170795520608,Gene 4
756.6788237540793,685.9422988978496,Gene 4
758.4502045263472,677.8072831623695,Gene 4
757.6223369054412,676.4926773257516,Gene 5
759.5999496794029,678.4143702993667,Gene 5
754.6864346084956,687.745546043542,Gene 5
757.5203952645395,689.5846766156235,Gene 5
754.3278595856319,680.8908350462422,Gene 5
759.9756620419062,683.8873041528839,Gene 5
759.147148327473,680.8767520557268,Gene 8
760.0699557927009,678.5065077899346,Gene 12
756.0676670368694,677.3775404848697,Gene 12
761.09947211042,687.297783134329,Gene 12
758.1927923448707,678.8497645562528,Gene 14
754.162444949846,680.1846697713661,Gene 17
759.8444417905419,689.1674715567203,Gene 23
760.7288648459692,680.6610225027885,Gene 35
758.8557577501226,678.6577794423946,Gene 35
756.2109285249642,687.3407119764274,Gene 35
761.2204954359951,685.1935989832316,Gene 35
760.3007786765672,688.0079726876883,Gene 35
760.8381306218184,682.2057205500168,Gene 35
756.7271724358225,681.0825497273053,Gene 35
757.6203070746,678.4257309919594,Gene 36
761.1586280919203,684.0371794262622,Gene 37
761.1236853556909,679.4557290080562,Gene 37
753.8296981927041,681.5426875723621,Gene 37
755.5448461569723,689.5011071279977,Gene 40
758.4228357803771,689.3479184110423,Gene 40
757.4175630518395,677.4363534062662,Gene 40
760.0002496644996,689.2280397008332,Gene 48
753.8406572303653,685.1110601208336,Gene 48
757.0853708943218,677.4043296479349,Gene 48
757.7924977146221,678.5612278233978,Gene 48
773.0703329587577,683.169170863474,Gene 0
772.722574958608,685.6232977270424,Gene 0
772.8571621835929,684.7466884311135,Gene 0
772.3044176721537,688.9795844040754,Gene 1
769.7681844342353,683.2875217963445,Gene 1
773.2932924207345,682.5124362159589,Gene 1
773.6050602205231,679.2260328845672,Gene 1
770.1034534275409,680.5892392219952,Gene 2
771.7911941214161,690.5079598063124,Gene 2
772.1950599240382,687.7704427083945,Gene 2
772.5239081470231,687.1788653511053,Gene 2
771.6100610005783,676.4238334170221,Gene 2
770.2641136733381,680.150528801192,Gene 2
772.9699377205673,680.2304247889269,Gene 2
769.8952201427702,680.5560946683817,Gene 3
772.7352350755956,678.5213021378318,Gene 3
771.7494398367852,690.0533232328781,Gene 3
773.2154670069608,687.9603631536631,Gene 4
772.8958722423151,678.0978817566499,Gene 4
772.000192227347,690.9389459314244,Gene 4
772.7860352178378,678.781956885423,Gene 4
773.2222470414379,677.1710695381117,Gene 4
769.9423094627265,679.6722015181324,Gene 4
772.1807887979302,676.7412964870896,Gene 5
770.4555099827157,680.0072530253241,Gene 5
770.3668619581001,676.3991206380068,Gene 5
770.3648701506935,686.3928213095038,Gene 8
772.8931355013888,685.882679177165,Gene 8
771.8923196895744,688.9052084619922,Gene 12
770.4224018769621,684.5134964170784,Gene 14
770.5981148742945,676.196165100438,Gene 14
771.7621164650562,688.9999685498249,Gene 23
771.9099022301101,686.4288067497669,Gene 23
770.1508014042832,677.7863775676772,Gene 32
771.3269904953835,689.2639473472062,Gene 32
772.4543915778008,680.2725916599838,Gene 32
771.7869127997753,690.7280415310855,Gene 35
773.008273632039,681.9584094649648,Gene 35
769.7591129191526,680.6185146785263,Gene 35
771.6947029135561,675.2677905519046,Gene 37
772.5696356950556,675.9959050732313,Gene 41
772.2153952036705,677.307847338892,Gene 48
707.9281951241741,694.4390194691714,Gene 3
707.6242293425033,687.0160849494321,Gene 3
705.2985330424527,690.214579723117,Gene 3
707.7665120511269,698.9257548560821,Gene 6
706.5200846800864,696.9508872030663,Gene 6
705.9588387859529,699.4258030344661,Gene 7
706.9883442208007,703.0326492037713,Gene 7
706.5664045243923,701.0166783382539,Gene 7
705.8507146456955,700.6002850626257,Gene 7
707.7893216436453,696.2260951853356,Gene 8
707.400526835785,696.1922902256393,Gene 8
706.1130153806089,702.4870548907904,Gene 8
705.8448783447024,688.9544718031441,Gene 8
704.8098242029985,696.9486612890873,Gene 8
707.5166023360177,688.4233844893183,Gene 8
705.6781575155627,696.3528109743236,Gene 8
705.0204222077034,697.2627232649336,Gene 9
706.6046313261376,685.9895065410466,Gene 9
708.5180895012049,693.1547597008392,Gene 9
705.1733153824621,695.9141974575485,Gene 9
705.3609417938065,698.5577677912399,Gene 9
707.6366005869365,686.2482666076226,Gene 10
705.2840272868277,690.6732588627582,Gene 10
706.8833750564332,697.1927787113889,Gene 10
704.8366868543873,695.0075204559138,Gene 10
706.7912375755562,698.9146751832002,Gene 10
708.1074024615046,696.4909196040459,Gene 10
708.2488769745103,691.5195349416741,Gene 10
708.046887633804,695.7221472964411,Gene 11
708.0600151156219,696.6105846800122,Gene 11
705.3337381604939,691.9524770885159,Gene 11
704.817636010803,692.1049598422809,Gene 12
708.3232224219247,696.3666723271338,Gene 12
706.1311256208729,701.5450489844355,Gene 13
707.3513791782112,692.7628309044036,Gene 13
705.1862361467214,697.9901000823371,Gene 13
704.6968176219424,690.424769965806,Gene 13
705.1438859826692,698.6018586385434,Gene 13
708.4260958218085,693.2190563835392,Gene 13
707.5695806752497,685.3547733034526,Gene 17
705.6308684270465,697.0021214755005,Gene 17
705.9424924627288,697.7923678795913,Gene 30
705.5270612027706,695.4984968381868,Gene 30
705.3470005155607,688.2796753153416,Gene 36
707.3890733193989,697.618576784352,Gene 43
717.8091032734461,692.3703057316692,Gene 3
717.7857322041225,690.9509975166292,Gene 3
717.7697658645473,690.1248670389954,Gene 6
718.1504588525376,692.0868538304269,Gene 6
717.7191468210664,697.689132450443,Gene 6
717.9864655738558,702.5323917333995,Gene 6
718.0810606277311,697.5421482319275,Gene 6
717.8025422929385,689.0184794876577,Gene 6
717.8501438878916,704.7937506542768,Gene 6
718.0676612209979,703.6755915034562,Gene 7
718.1438042405431,701.266449189958,Gene 7
718.0652098732503,688.5773144770949,Gene 7
718.1623039117108,701.2319066538389,Gene 7
717.7838456264886,698.3709223972363,Gene 7
718.0878017905026,701.2610885703244,Gene 7
717.6341558916522,700.481630967906,Gene 8
718.0000687562509,704.688830599264,Gene 8
717.9462561373024,688.8415022465902,Gene 8
718.1478700713427,698.7817678540448,Gene 8
718.0154930748735,702.2441302914054,Gene 8
717.6993692011337,701.8827971816951,Gene 8
717.8256592976268,690.6889680287796,Gene 9
717.6185091108997,692.0475582086029,Gene 9
718.1624174594299,695.4520617034441,Gene 9
717.7161980571973,692.3135917461146,Gene 10
718.13449984145,687.7888301119249,Gene 10
717.6513251286162,693.5159626733929,Gene 10
717.9020218773559,700.3771991387458,Gene 10
717.9122146100001,704.8070250985784,Gene 10
717.6824833089823,702.530200291993,Gene 11
718.083345394439,688.3202799756588,Gene 11
717.6441553830724,695.1268605326999,Gene 11
717.8712473238262,687.348870405615,Gene 11
718.1106302807306,690.4965573497391,Gene 12
717.9604290231584,703.9954406384145,Gene 13
718.0353888622075,685.5135496238908,Gene 13
717.7061085622065,702.319178943647,Gene 13
717.8785496411589,702.7945290865588,Gene 13
718.049780129832,706.4591476925034,Gene 13
718.0087890872361,705.848829531793,Gene 13
717.8059528387823,689.7140548281609,Gene 17
717.9537619794293,702.4557008191277,Gene 22
717.698199398276,703.8408736461033,Gene 22
717.6583370973727,695.6728304259283,Gene 30
717.9189010036321,688.212403713633,Gene 30
718.1104635232886,702.2733257304451,Gene 30
718.0246815173559,702.4304888994672,Gene 36
718.0235472436607,706.3892861514377,Gene 43
718.170461834975,693.4181950888446,Gene 43
717.8802277150498,706.8531563007807,Gene 44
718.0913708529067,691.1267897799247,Gene 44
717.9542227290455,706.7715160281492,Gene 44
725.2658047801318,683.5636975453849,Gene 6
725.3581277534406,700.9734224412733,Gene 6
725.3230868046741,680.2531369003425,Gene 6
725.8115791037394,688.8985614431251,Gene 6
725.4346223929809,701.3846433153368,Gene 6
725.060222152742,689.434479331336,Gene 6
725.3253132187031,698.3019625410756,Gene 6
725.739661643258,694.5744618240897,Gene 6
725.4401376965966,683.4923480069426,Gene 6
725.736569740293,700.1066677284302,Gene 6
725.1599968638799,683.505086117059,Gene 7
725.0760683987464,697.4601284519722,Gene 7
724.9777211641281,695.3597436232518,Gene 7
725.2039199040953,687.354024441454,Gene 7
725.7313761226682,694.6421607816523,Gene 7
725.6612753196204,681.951684316586,Gene 8
725.6830954275393,696.1355076268975,Gene 8
725.3014360794479,701.9183579970633,Gene 9
724.962063325356,696.7084624907384,Gene 9
725.5196435497433,682.6853600446642,Gene 9
725.3872200419689,699.6124355307072,Gene 9
725.2585434222625,684.5906910995955,Gene 10
725.6535681093301,681.7461132695872,Gene 10
725.1590009730503,691.7744680238218,Gene 10
725.5166600559935,698.549783059504,Gene 10
725.3259325012382,700.3942834049811,Gene 10
725.1859439047689,696.0897903999152,Gene 10
725.4126253132295,679.6029505597572,Gene 10
725.1207790665381,696.9290220938523,Gene 10
725.1204992235014,681.8713223944619,Gene 11
725.8169911944152,698.1404502155432,Gene 11
725.1528995974967,698.6617869462198,Gene 11
724.9528805222873,691.9531128295715,Gene 11
725.9676705579088,686.3949524384503,Gene 11
725.2214746739339,686.4469703037018,Gene 11
725.8947457281948,687.1955455925838,Gene 11
725.0374382862806,696.2265913813119,Gene 11
724.9445450154726,694.1992786239812,Gene 11
725.2559931113428,694.5354932741305,Gene 12
725.0428365221417,698.3099042080785,Gene 12
725.6735111756801,684.8130379476132,Gene 12
725.2491680284767,696.0629510394317,Gene 12
725.0408792359932,688.9572059745319,Gene 12
725.3716664867285,682.7499994929016,Gene 13
725.2418549866733,692.6499004023972,Gene 14
725.965231255222,693.5512507768196,Gene 22
725.1014547220038,694.5999628953449,Gene 22
725.0603644435317,699.0962254380132,Gene 30
725.4129746593553,680.691224749761,Gene 30
725.9635500212675,692.1407005196496,Gene 36
725.3881937929142,679.9460542084179,Gene 36
725.8822683712752,691.0143828968089,Gene 36
725.2869832976036,685.1302851457635,Gene 36
725.0239507618534,684.7169521745835,Gene 36
725.6851028113497,695.1437830451533,Gene 43
725.9379653352718,687.4975226066944,Gene 48
736.3253087596637,686.9474478492172,Gene 0
736.3982243083362,684.1911061960063,Gene 0
736.8125485806078,699.7239755835551,Gene 0
736.8746726239503,692.5684801284917,Gene 0
735.4337850277469,687.2794258097864,Gene 0
734.5172989815599,694.4216965011155,Gene 0
734.7750095988276,685.615947194392,Gene 0
736.2505054168822,698.9204441110166,Gene 1
734.3905520609429,691.0483503611772,Gene 1
736.088531888337,700.7016689028524,Gene 1
735.9097381820974,685.3107117665821,Gene 1
736.133925633291,687.9429249787144,Gene 1
735.5631788665245,701.2972546437497,Gene 2
736.3217500965156,699.7091004817057,Gene 2
735.447345315141,683.5213523847597,Gene 2
734.9808321838797,690.1217519956988,Gene 2
734.5550653672431,686.0826997213088,Gene 2
734.4181217496799,685.7026773796061,Gene 2
734.8125434502853,688.5830772399277,Gene 2
735.6490125844141,684.7082464829186,Gene 3
735.6648515670843,683.2823952297456,Gene 3
735.7212394683734,690.4247359255023,Gene 3
735.052245254491,693.1824977579587,Gene 3
736.4883386375549,692.476081159836,Gene 3
734.0333596164418,698.503302742708,Gene 3
734.159935456929,692.1602238269437,Gene 3
734.5313050630124,696.0138578591301,Gene 3
734.0106278989457,692.297372593459,Gene 4
736.3015423675974,691.0343637439283,Gene 4
735.5668824570134,699.3133972791384,Gene 4
734.5056345753496,695.6675249377433,Gene 4
735.4700023845274,698.0721576776854,Gene 4
733.898340555312,694.8802375851006,Gene 4
733.8845352946969,690.4585133689033,Gene 4
735.2372014294793,700.6105694468458,Gene 5
736.7399079534762,686.0164404550994,Gene 5
733.9340320185746,690.0843743550654,Gene 5
734.3527490782668,689.2353421625851,Gene 5
734.2141518151664,686.8326545910464,Gene 5
735.8897450064601,686.1799508738894,Gene 5
735.0038329524525,702.927192110224,Gene 5
734.438319340677,693.5303186595092,Gene 8
736.3572058910614,691.1839802235414,Gene 12
735.6121470195379,696.306857418384,Gene 14
735.171681079894,687.9388796538469,Gene 25
735.6537078169893,698.6183470482869,Gene 25
735.1010253139043,685.6064970154682,Gene 36
733.7958617947239,690.8658483272412,Gene 48
736.0764687239325,690.2571574434428,Gene 48
733.7316743670116,697.3509381872852,Gene 48
745.4025522327613,687.3156788813153,Gene 0
743.9586849942418,687.141060406021,Gene 0
743.2567262704324,688.2918912052086,Gene 0
744.1771123947264,696.8788118930003,Gene 0
745.2413638507568,693.4253311232235,Gene 0
746.7431143528576,694.5324198914476,Gene 0
743.0735031787748,688.883538135949,Gene 0
742.551916936334,692.2947884877467,Gene 0
746.9739148126124,690.4918520337418,Gene 0
745.4559920050211,686.7574116244409,Gene 0
744.230079260736,701.6157984167478,Gene 0
743.240534793612,698.5931218243512,Gene 0
745.5397425900202,697.7163548808837,Gene 1
742.7943011313193,693.4484486162785,Gene 1
746.569987784561,692.3265603334505,Gene 1
743.6215777958471,699.0700204574205,Gene 2
744.9810185619024,700.2426635175095,Gene 2
742.836461836084,693.9097983350675,Gene 2
743.7711324226553,698.3184234038569,Gene 2
742.9411438853354,695.2807425372846,Gene 2
744.702632130094,700.5079206741416,Gene 2
742.6577187277511,690.932699474148,Gene 3
745.7823177982602,690.6532077776094,Gene 3
743.8918660622135,698.9139028529069,Gene 3
742.9299757339159,689.6010012171175,Gene 4
743.4687452226564,698.6718525008009,Gene 4
745.5250393700885,698.8288750070278,Gene 4
745.5972313846156,695.3305027977989,Gene 4
745.0409522843715,688.1448654742832,Gene 4
743.9096222637069,688.282664915799,Gene 4
743.5920025697845,694.516922557578,Gene 5
746.1691683834791,688.5200476246849,Gene 5
744.1758775661588,687.3933538263461,Gene 5
744.9431574438463,686.1378386706098,Gene 5
744.1351261976628,693.7404081138442,Gene 5
745.608649258331,688.6779465814574,Gene 5
746.0617031224998,695.6742209675376,Gene 8
746.6279528535873,693.104260387997,Gene 8
745.5238952742482,692.3614913743536,Gene 12
745.302032618415,689.0373378941038,Gene 14
745.3679485132617,686.7591088153785,Gene 28
745.9800803476976,690.9690445162163,Gene 32
743.5555962602832,696.1574895227669,Gene 32
744.0567716543517,697.5623148663159,Gene 35
745.4554315076094,687.470937952556,Gene 35
746.5019591583643,698.824513682519,Gene 35
745.4094182220665,701.0862439609485,Gene 35
743.8527571879874,699.843477332754,Gene 40
747.3800531808826,697.5011638002271,Gene 41
743.7782097504954,697.5096988864287,Gene 42
743.1181455856995,693.7120238614943,Gene 48
759.3134838160939,701.4497922737955,Gene 0
760.2057424108209,697.3205626920536,Gene 0
756.5569331697874,700.731981389763,Gene 0
758.4443158294233,693.8881788288056,Gene 0
753.2456416240934,695.7757935093393,Gene 0
754.1580636352791,700.8385981371035,Gene 0
758.703264427057,702.8300504847807,Gene 0
756.1554335684835,701.3970852982908,Gene 0
756.285147285941,689.7654816261382,Gene 0
757.6621684165684,692.8875497923488,Gene 0
759.0966639151501,696.7212453210827,Gene 1
759.02743889654,701.1731289810336,Gene 1
757.1066133460193,704.0878953368681,Gene 1
759.0105612109694,702.8601021183565,Gene 1
756.1672017278547,692.5766988359729,Gene 1
755.8069697080359,697.6873066212803,Gene 2
757.4806003972592,688.9264175584012,Gene 2
755.5167345213359,700.7136851358197,Gene 2
758.3057782134784,702.8439152887582,Gene 2
756.8542143669144,694.0452610400688,Gene 2
753.9837866770154,699.130802774255,Gene 2
758.843779457597,693.5485911729597,Gene 3
757.5261065147205,690.4014194402005,Gene 3
755.6088051912794,702.3777485852147,Gene 3
754.4074392169263,698.9773774880272,Gene 4
758.379168289223,689.918499841055,Gene 4
754.3790512926248,696.1588973853972,Gene 4
755.6238145731621,703.8713069742564,Gene 4
756.2147044560865,694.2538432566978,Gene 4
759.0140536148474,701.7811534095979,Gene 5
754.2968441912573,700.6202084485628,Gene 5
756.7902926100303,689.8810920425639,Gene 5
757.0865122933359,702.1094930381315,Gene 8
759.000861712693,701.1578694305006,Gene 12
756.1931738945202,699.8253329854231,Gene 12
757.8906928289713,702.1862598248283,Gene 12
756.3169838311786,692.3004247356752,Gene 14
753.9569607591271,697.0047657482709,Gene 14
755.713804834752,691.8515261726006,Gene 32
756.768145926975,698.7438311007451,Gene 35
758.0292452116968,697.7822668582991,Gene 37
755.3619546901257,696.4838209724956,Gene 37
754.4712772148268,698.5087177490133,Gene 40
756.7809734247651,702.8474329303467,Gene 41
756.986811696504,690.1166973395707,Gene 42
766.2304608392681,691.7567917614549,Gene 0
765.135970130083,699.3283944612971,Gene 0
768.3898175803592,696.4300421695879,Gene 0
764.4171696005191,697.2852452326529,Gene 0
763.3617507210839,688.9878285372389,Gene 0
767.1654100199636,696.6484613561285,Gene 0
766.4751601224813,687.9534082510687,Gene 0
767.9769513994254,693.8837610636548,Gene 0
767.7176276658477,691.4425713630702,Gene 0
766.6915833589597,693.7978254190792,Gene 1
765.2191939100735,685.8786254891537,Gene 1
763.2695887567764,695.1795525471587,Gene 2
765.1794351171734,699.034615163656,Gene 2
766.6518134617837,699.60739570558,Gene 2
765.8029975332406,686.2038399717932,Gene 2
763.3694510668587,691.1974198314336,Gene 2
765.4400630015344,686.3631435531869,Gene 2
766.8278095862545,689.0205499827933,Gene 2
764.4472391191662,685.9253486230848,Gene 3
767.2877797467975,689.8294065825262,Gene 3
768.4318604230605,694.2607681717999,Gene 3
764.4326674007357,686.8068912859209,Gene 4
763.9211354369428,694.7590018322118,Gene 4
764.5426191521915,686.7349651161788,Gene 4
762.9462196163881,696.4966227750745,Gene 4
764.4785090564748,699.4904834953202,Gene 5
765.0608713346504,699.0779729775346,Gene 5
764.3985695194225,687.6643709383646,Gene 5
763.8053436986315,692.9075164053984,Gene 5
767.5963185754031,694.4762118583976,Gene 5
764.6478391427262,686.1707825583043,Gene 5
767.3414740918652,688.6876771791015,Gene 5
766.5543868775914,685.3328143429205,Gene 5
764.1986624216103,696.1075355124373,Gene 5
763.5995484947226,690.3701861374012,Gene 5
764.3812272743884,696.5136422549964,Gene 5
766.6453045321375,698.3908917875548,Gene 8
762.699526586331,691.5149448268816,Gene 12
762.9494222652871,697.0241987545215,Gene 12
766.5765284589013,695.7501064268482,Gene 12
766.8062398623202,693.9338069303842,Gene 23
766.4691376364636,696.1006438710493,Gene 23
762.77469584621,692.0953799752295,Gene 25
767.9013872575487,693.6812324053801,Gene 32
766.259807492249,693.9862436091178,Gene 32
767.1053805470548,686.1074288228098,Gene 35
767.1957428117614,686.2118288063721,Gene 35
767.2520239634752,695.1251100218759,Gene 36
765.8726116055626,695.5481978378032,Gene 37
766.1364332138746,694.9032474142816,Gene 37
766.6503807494429,685.6854611957359,Gene 40
776.9350229957936,691.497293358083,Gene 0
775.4061402621342,699.1889993160615,Gene 0
776.9371593703598,695.5102680294457,Gene 0
775.4535488377271,699.5522053781984,Gene 0
777.4231562533134,694.7270734250551,Gene 0
775.3394080401206,696.2033185001037,Gene 0
777.0438662852551,700.3091110947802,Gene 0
777.9362740746142,692.1596079554828,Gene 1
775.5413167684327,690.8352495727912,Gene 1
775.3140399040409,693.7983532799312,Gene 1
777.5466010388564,696.0796069097665,Gene 2
777.136703173036,685.4429376555296,Gene 2
775.290174085441,693.2005943348831,Gene 2
776.5055490351695,687.4521483609943,Gene 2
777.7614038340412,695.1986069278754,Gene 3
775.9821295044426,685.3657213642041,Gene 3
777.5364106323082,696.1679846854613,Gene 3
776.002044243334,684.3601338411078,Gene 3
777.1257055390919,686.5169466413306,Gene 4
775.4020110690183,694.2530004200445,Gene 4
775.881086153167,687.3820061553389,Gene 4
775.4494020645807,687.5776470572849,Gene 4
777.0313857592332,685.3087270357454,Gene 4
777.2366373345833,698.9248870143502,Gene 5
774.8858255741858,689.6758963135708,Gene 5
776.3592805766683,701.7067394277201,Gene 5
776.9531904727088,685.4612716758578,Gene 5
777.2920230513206,699.5620924299061,Gene 5
776.7830071220934,699.4947506699294,Gene 5
777.3680597694246,693.6772468539202,Gene 8
776.9309981530006,699.0436366856716,Gene 14
776.1344060563466,689.7314819825125,Gene 14
776.3501979808253,683.964632496839,Gene 23
775.6237245111878,699.2832463560873,Gene 23
778.0368148153026,696.9186699610188,Gene 23
778.0914940083363,695.1715440642215,Gene 25
775.9600455557992,684.3787598119716,Gene 28
776.0306508351674,683.4663188246329,Gene 28
776.0513681738228,684.3717972857544,Gene 35
775.7502359650855,697.8742735788456,Gene 35
777.8223599868699,695.2917665509486,Gene 35
776.2388609220374,688.1515249946698,Gene 35
776.9351345732601,701.6137295954655,Gene 35
777.504918328921,687.440251452074,Gene 42
776.2119799434093,701.7318460854866,Gene 42
777.7861155033635,698.7466153745562,Gene 48
784.9671382981002,697.3204231877013,Gene 0
782.6673685331326,688.0271733835887,Gene 0
783.8119304674864,699.0246395054004,Gene 0
785.7283401056114,688.2343721169829,Gene 0
784.2916898937864,687.6747294292092,Gene 0
783.5044156264294,691.601866992742,Gene 1
783.707181733972,694.3542654856816,Gene 1
785.5455102843661,694.2930834030198,Gene 1
786.2457505864245,692.5551583940264,Gene 1
785.6125298347281,691.731149914948,Gene 1
783.2325707106917,695.3040405964609,Gene 1
782.8070588747385,699.2508412075904,Gene 1
782.6519900025087,693.5477834065417,Gene 1
783.153890790485,687.9049680943166,Gene 2
781.9703925584695,686.716226634207,Gene 2
783.2751968951826,699.3921238227942,Gene 2
785.6152763717961,692.9298779422621,Gene 2
784.225700909669,698.5298244751211,Gene 2
783.8017864011088,687.9782846439342,Gene 2
784.854130001083,697.677450447153,Gene 2
783.5432032185012,697.8463016152747,Gene 2
781.9801910299418,692.454884871833,Gene 2
782.7956535256668,688.1412812715323,Gene 2
783.7336961466884,699.273026589333,Gene 3
782.2090199952129,693.2490606145869,Gene 3
781.6862378094784,689.8991820010028,Gene 3
784.3992748514709,697.3691700557466,Gene 3
781.8721678136408,690.0705416544185,Gene 4
782.6736361614848,695.375604288138,Gene 4
781.8098418742597,692.3225217568164,Gene 4
782.8925711463233,683.6524747478456,Gene 4
782.360774865028,686.8777764735474,Gene 4
785.3561915895896,692.2176413399009,Gene 4
783.6655267638645,684.7626097018904,Gene 5
786.1198412815057,694.965244900152,Gene 5
783.9249226049176,700.6831727593762,Gene 5
781.8694752383861,691.655403761174,Gene 5
781.7248173565281,693.4505361612843,Gene 5
783.9843066775674,683.6142848312187,Gene 5
782.2592171706134,685.4915758614152,Gene 5
782.1876992462055,691.4253995745812,Gene 14
782.9338520672151,699.9705054309276,Gene 23
783.9899898296477,695.9091091413579,Gene 25
782.1098633637973,692.4780965608627,Gene 25
784.8706291957421,693.6433847225874,Gene 28
784.6752827549576,697.3627724748453,Gene 28
785.0771427378708,695.4916325292694,Gene 32
784.4719937847724,687.94681632194,Gene 35
784.78020744102,683.8899678051046,Gene 35
782.4483938502702,696.1455660422611,Gene 35
781.7882067383473,687.7022552227058,Gene 35
783.3494662661748,700.6992568389746,Gene 36
785.3936025605101,698.5376368647344,Gene 37
783.8681272462139,686.4397379968962,Gene 40
784.5962294489258,691.9370525486605,Gene 40
783.7149777934876,684.1798254804418,Gene 48
711.9739046898246,697.4242847311721,Gene 0
713.492571367175,695.1786590520112,Gene 0
712.5002178273597,709.4114330230731,Gene 0
711.5808725152954,697.260590400601,Gene 0
712.6612996921463,691.3418305883922,Gene 0
713.1955228604083,700.3228203655069,Gene 0
712.3261337154113,692.1095085790124,Gene 0
712.6302200928875,695.8940292444775,Gene 0
712.7768250771327,707.5007523022298,Gene 1
711.3891233762804,700.1648963560327,Gene 1
712.8810826270461,706.9670677747915,Gene 1
711.6861357178827,704.1335868521757,Gene 2
712.3810272614646,704.1293335752679,Gene 2
712.3145193291174,703.2043001212518,Gene 2
711.4610178839766,694.9739342314505,Gene 2
712.4394947931288,702.543716625775,Gene 2
711.5916661335717,706.0559779837901,Gene 3
711.9839147985938,708.0855806536179,Gene 3
711.1417163822417,701.1296707769907,Gene 3
713.6036799357153,702.4664585790587,Gene 3
712.0557165563871,704.5987022932657,Gene 3
711.5290013266006,705.8971819851932,Gene 3
713.578205817224,698.2104586052491,Gene 4
712.920795704215,707.6998572366723,Gene 4
711.7016185906626,705.2149644616387,Gene 4
712.3474382489262,709.0829752352797,Gene 4
712.3319348651647,692.5792644523693,Gene 4
711.9872685966906,708.0882413845865,Gene 5
713.1989853874975,699.437801961085,Gene 5
712.8288884528149,699.3494994394582,Gene 5
711.5805924552241,706.054352525261,Gene 5
712.0857059590861,706.363314385007,Gene 5
711.9699701216639,708.4151060413643,Gene 5
712.872308633584,691.7940584780465,Gene 5
711.4659632939612,702.6625995545206,Gene 5
711.3891321610541,695.2406421195778,Gene 5
713.053920794123,701.8312455277952,Gene 5
712.5559204408838,698.5390618240259,Gene 8
711.4651668261793,691.9616942822015,Gene 23
713.0120252956846,693.448306203087,Gene 28
713.2680564965123,694.8688472660338,Gene 35
713.3040008374849,699.5242570155752,Gene 35
711.2268289541906,705.0216286702171,Gene 35
713.0655331210401,692.9954363747942,Gene 35
712.9357137928333,698.8544153176612,Gene 35
713.2317487231215,706.2760211884704,Gene 37
711.6408517151954,697.8312286836338,Gene 37
712.3656155810031,706.4850533842764,Gene 37
712.3415041347552,708.360543303419,Gene 37
711.3055744291156,701.500221855653,Gene 37
710.8344620478939,698.3916471754214,Gene 42
712.0829659585819,705.6297496873847,Gene 48
711.4103583899408,690.8732142437779,Gene 48
713.7167138599201,698.1964500727628,Gene 48
778.805141326511,696.8081082233563,Gene 0
782.0625663997927,690.1612498631271,Gene 0
780.5368381159858,705.4727848647068,Gene 0
779.1461017204093,697.5465304964416,Gene 1
779.857747969094,702.9655989541209,Gene 1
779.1718279981685,696.94426346293,Gene 1
781.3113969463466,700.1293021789622,Gene 1
783.0268773583333,700.1913955945465,Gene 2
781.8912765239985,696.955421858631,Gene 2
778.8548684683351,703.1372974256681,Gene 2
779.0391442119499,693.7119760343793,Gene 2
779.4382796802689,704.1316173027631,Gene 2
780.7919667290794,704.6270579091043,Gene 3
780.8445950321711,704.1186889521,Gene 3
779.0082891839828,693.5770641415287,Gene 3
780.0295109834877,697.3906960650794,Gene 3
779.3176290069778,704.6260276897412,Gene 3
782.0183865131265,696.2258349796363,Gene 3
781.2731467403291,701.9905477595665,Gene 3
781.6246759951307,705.4358599009422,Gene 3
781.2744541867776,705.7600917665358,Gene 4
781.8229855453636,692.2522719562871,Gene 4
782.4089811860257,706.4164013942717,Gene 4
782.0065162446914,697.8112801942423,Gene 4
782.4617847448517,698.3449653378258,Gene 4
782.713488410616,702.164525543098,Gene 4
779.6505528019572,700.4330482483577,Gene 5
780.4422902319303,692.4898012595526,Gene 5
781.0722466397577,691.0576339099979,Gene 5
779.9433383622628,703.1186583666428,Gene 5
780.5941877182503,695.5819855816361,Gene 5
783.0202427257791,693.7563011719277,Gene 5
781.8798018169919,705.3071281562175,Gene 5
780.3133766844068,703.0858512804575,Gene 5
780.2768824003747,705.2518772027795,Gene 12
781.8236573248191,694.3905761418553,Gene 12
781.1867260180081,706.3672358048188,Gene 12
782.9269669461984,703.9116447723651,Gene 14
782.257476531775,703.5906193310021,Gene 32
781.9329097595506,691.2760529485232,Gene 35
781.271305485599,689.2207704774341,Gene 35
779.0547507358496,695.8345930038461,Gene 35
781.6844815826183,693.4762067963389,Gene 36
780.3469050838129,690.9643547299471,Gene 37
