x,y,gene
498.4197899357165,309.50197239701583,Gene 0
501.1989948478671,311.38750499121545,Gene 0
498.84970136962227,306.3954902689041,Gene 0
504.89103610508687,302.4631539919395,Gene 0
501.4603328874782,300.93701209768574,Gene 0
498.6428515149403,301.64065748090707,Gene 0
506.0736281279987,305.82541475901576,Gene 9
502.94055834084617,300.7651997679534,Gene 19
502.4087509594044,310.7963733347104,Gene 33
497.88420937204904,303.7382593621081,Gene 33
501.85144701747566,308.93956718143824,Gene 33
499.4409767439126,299.45331615564027,Gene 33
505.17043919765666,302.45129000657045,Gene 33
500.2194568771755,300.2122076996463,Gene 33
499.1794879386176,308.61269305615764,Gene 33
505.66831974362236,303.2275935250379,Gene 33
504.6501496007331,306.43735271803905,Gene 33
497.86926783770093,303.5975194449095,Gene 33
501.1002541329756,301.2494600712023,Gene 33
501.6960182946624,310.09086459569164,Gene 33
504.33796483922106,302.6878947788434,Gene 33
504.9569271713707,305.7170233511573,Gene 33
498.1748128500997,306.3317748604648,Gene 33
504.9405349064711,310.5366928958927,Gene 34
500.1058666568207,310.2882540577837,Gene 34
502.9784957234206,298.70578358014257,Gene 34
504.2565043188074,309.9443122203851,Gene 34
504.81788059428544,308.3261186381055,Gene 34
499.23935251291545,301.91224154598785,Gene 34
498.60393355398776,309.89374676916435,Gene 34
504.1800865069112,304.78739277757643,Gene 34
502.98926185935414,312.16486887622153,Gene 34
502.3024604903745,300.2509675976009,Gene 34
499.9200141320441,304.57311602467394,Gene 34
499.75127960994354,299.4878597747911,Gene 34
502.4843023467568,312.766023458693,Gene 34
503.5635397996787,300.7979129076452,Gene 34
502.2121530167932,306.23495096141744,Gene 35
503.77792151663084,307.16927082398587,Gene 35
498.9127802508821,306.16352143152864,Gene 35
503.10890460119487,299.6418972121439,Gene 35
498.0922598420351,305.0858731283966,Gene 36
500.63379999233183,309.8794217689194,Gene 36
505.44084543699415,305.7453660252143,Gene 36
503.8798718947969,301.449033688856,Gene 36
504.0490861899887,307.5807324720489,Gene 36
501.91107643534724,307.42994470359685,Gene 39
499.5651741407501,309.7037652010856,Gene 39
499.0254534225858,301.9233715200526,Gene 39
498.6428116930671,310.1473378023014,Gene 39
498.46110255137853,309.068674372537,Gene 39
502.64060309231587,301.6933723441319,Gene 39
500.3602429458021,302.4897177762589,Gene 39
505.31122551170915,302.8162490556937,Gene 40
502.7920408935243,300.7228046105874,Gene 47
501.14448905371125,307.1432737072976,Gene 47
501.1597655870375,311.61356620073366,Gene 47
501.8129855407475,312.25985228798226,Gene 48
498.92402611439024,308.400742136484,Gene 48
498.32148178132474,304.3082716777881,Gene 48
514.1346177605163,304.16169668842605,Gene 0
510.1910834470309,312.17679874955235,Gene 0
510.92608019931185,310.08276620429587,Gene 0
513.2930081900624,309.57698434922133,Gene 0
509.9586300433573,302.3776234001135,Gene 0
508.7084298133695,298.38171664270396,Gene 1
514.0776935453853,308.99533571890106,Gene 33
509.96508429433857,310.9094916467005,Gene 33
512.4822850156111,300.0146043402863,Gene 33
510.1812195177882,309.1705609154778,Gene 33
509.3656805434954,304.5670282025311,Gene 33
510.8267412454143,310.3380937426798,Gene 33
509.18483441641973,301.2304711087674,Gene 33
512.9867901621294,304.3435890008078,Gene 33
509.0291056159713,303.5087645788978,Gene 33
511.74894597023393,310.1779160056418,Gene 33
510.9599031232332,297.95369414238354,Gene 33
513.4080480205557,301.31611420098403,Gene 33
512.5625057950673,303.1614736503054,Gene 34
507.696706133368,304.1017357261596,Gene 34
508.7888044671084,304.8604179606628,Gene 34
508.8640125694032,303.22173903526345,Gene 34
510.1928590524691,310.9504334185135,Gene 34
508.893286188216,300.0875347817526,Gene 34
509.34200536954813,297.8397355302023,Gene 34
512.6777282862184,307.47204809288115,Gene 34
510.19139304309687,312.3898049195831,Gene 34
512.8186632770216,301.38980866897657,Gene 34
509.2001470606386,300.7149277008425,Gene 35
508.3884038727344,311.60116666303765,Gene 35
512.8506490580702,302.9181503357429,Gene 35
507.4458400844824,306.1818916360212,Gene 35
510.60700176953304,305.19997583809237,Gene 35
509.87508111851184,300.4180838499165,Gene 35
508.3205740633216,300.7116846566427,Gene 35
509.209144756291,310.2223601743251,Gene 35
509.7173878044612,310.4835869527052,Gene 35
512.9061967867787,311.37183333835964,Gene 35
510.6885227628473,305.43244074619867,Gene 35
508.6965515608028,303.2908417512354,Gene 35
509.7874246720331,301.4011028040454,Gene 35
513.1300160824464,310.61318183172125,Gene 36
514.2504574968497,303.97112514478897,Gene 36
513.4897058622233,310.6060824011927,Gene 36
507.6845211266524,305.3998777894966,Gene 36
511.3535356593983,303.7718388302936,Gene 36
511.2068732479827,301.1885220403277,Gene 36
507.2506515136563,303.94649293237234,Gene 36
508.7518693720631,305.3003919308488,Gene 39
513.3404959772889,305.4142593294484,Gene 41
508.6216303137271,300.53138559584806,Gene 47
513.3972846908723,307.01934436119456,Gene 47
508.4290355972385,301.3101342373607,Gene 47
510.06671979880673,310.5058198540799,Gene 48
512.9186460442432,307.40068538686404,Gene 48
516.5095121475786,305.93367636861046,Gene 0
520.715571567671,298.9459244297254,Gene 0
516.3142812151165,296.96637756170435,Gene 0
517.9912520810552,306.12098849838225,Gene 19
517.99558013393,295.63408141191496,Gene 33
520.3705065448389,305.20309470738147,Gene 33
512.461348272011,301.61489313349637,Gene 33
515.161337935593,302.28130331473074,Gene 33
519.5928923785535,297.41928992080057,Gene 33
519.7928657606,299.9811523078774,Gene 33
513.446200603438,298.3916836562693,Gene 33
519.3838082596662,304.1599122848738,Gene 33
517.9359306453298,304.2837496348447,Gene 33
513.6376773131991,304.82685346498204,Gene 33
512.4887832775547,301.11956258893554,Gene 34
517.8622733718048,296.4195331168688,Gene 34
520.8151828484813,304.34325048309637,Gene 34
519.3117287037181,297.4691555161394,Gene 34
513.9224027865182,303.4103333226957,Gene 34
513.0279427816139,301.52498109618705,Gene 34
512.874884246833,305.0711689197745,Gene 35
511.9383949706345,299.94924842316857,Gene 35
519.5498396866818,295.79868425651836,Gene 35
515.898411734005,303.57978652474543,Gene 35
518.4356955412333,297.317802788634,Gene 36
516.866318368722,297.40675870196014,Gene 39
519.3866726134637,297.77521781851436,Gene 39
516.7651778954656,296.11190953658104,Gene 39
512.4010990055313,301.8268442723925,Gene 39
518.2448174553116,297.56962644960356,Gene 39
512.6933563544698,303.0901376126959,Gene 39
512.924933120536,298.7756308358582,Gene 39
517.0936239988825,296.1814236031186,Gene 47
517.1648853898042,304.968029356307,Gene 47
519.8409523920341,302.9421198461834,Gene 47
515.5428984254062,296.75940908904767,Gene 48
530.1413126514395,294.52464744035444,Gene 0
530.7517439035098,300.9804029630464,Gene 0
530.4500052279046,298.4872201110401,Gene 0
530.6665854280151,308.5228019828584,Gene 32
530.5088218735301,294.52445766486335,Gene 32
530.5330419865451,295.7767532401921,Gene 33
530.639723490814,296.20392726804255,Gene 33
530.6683908826349,310.93242833513284,Gene 33
530.0164314970309,309.2599730697986,Gene 33
529.889669322426,298.439749628472,Gene 33
530.0999964948074,299.138710884741,Gene 33
529.871437261174,301.9935622120925,Gene 33
530.2566497518434,296.6961930909609,Gene 33
530.1434959611865,311.88648420963926,Gene 33
529.9267380535491,311.02231990247896,Gene 33
530.4186007797917,313.56238628862883,Gene 33
530.7048210376447,310.2286728134976,Gene 33
530.1389483289616,295.13956097436943,Gene 34
530.751543802443,298.1049742633367,Gene 34
530.6611207552237,312.51815774278623,Gene 34
529.9816159724822,300.38216608694523,Gene 34
529.9374227828094,296.6800783331731,Gene 34
530.5690316016604,308.2668979044863,Gene 34
530.488337793894,294.03885456349724,Gene 34
530.1160643218402,299.36608493337764,Gene 34
530.7362820099901,306.2298825425508,Gene 34
530.6624349531942,312.5498166593655,Gene 34
530.6576261260574,309.9033249272577,Gene 35
530.3855367227346,301.161434608357,Gene 35
529.914224643286,308.35733418169474,Gene 35
529.9496052576684,301.2608107029572,Gene 35
530.6233254478926,311.2086546241668,Gene 35
530.0655491619417,293.2461120817739,Gene 35
529.8833665666434,304.5364885672549,Gene 35
530.1005583504659,304.0786576064826,Gene 35
530.1107300466634,294.74917708665464,Gene 35
530.7641540313257,305.21104349353675,Gene 35
530.0360227636472,299.5241586851164,Gene 35
530.140106838656,301.21174063926856,Gene 36
530.4643008102228,308.69892002945636,Gene 36
530.4105005720602,300.44641905725376,Gene 36
530.2491809626194,292.49336078285825,Gene 36
530.4402357907734,294.8995670655111,Gene 39
530.0250308325404,303.12532711849093,Gene 47
529.9935117011098,300.0489161235718,Gene 47
539.7659045621949,306.0659179344758,Gene 0
537.8058672948979,308.0393898231295,Gene 0
539.113660137176,302.20172969919037,Gene 0
539.6276868379473,297.91411696146463,Gene 0
536.3187320993434,298.52415322429994,Gene 0
534.4068181529702,305.92689664492775,Gene 1
540.0956675586693,302.64175974522465,Gene 3
538.3350904729009,299.92649797466294,Gene 9
541.5327812576371,306.5908462950818,Gene 19
537.4303007158279,297.0623989419747,Gene 32
542.3930710256801,302.67166825522395,Gene 33
535.9054126994303,306.2188209244153,Gene 33
539.2039208023624,307.5920659505881,Gene 33
537.7337555362162,309.4598181339913,Gene 33
535.1307974075645,306.57441924062243,Gene 33
541.1773334035589,298.8948873078991,Gene 33
541.113720210197,299.3486959711096,Gene 33
541.8218856252512,303.9348499879545,Gene 33
536.2374377979904,303.12654849997045,Gene 33
535.3070802117387,302.19114352159727,Gene 33
538.7069976016513,311.03313650614575,Gene 33
536.6014961467669,300.35493487031385,Gene 33
537.4287811300087,299.07269797135865,Gene 33
535.6835217329144,301.3214298552544,Gene 33
535.9887888230417,299.2831931224918,Gene 33
539.6444695411049,298.1838071121673,Gene 34
535.5501535501883,308.15209389398206,Gene 34
537.5994608408505,300.6155752796203,Gene 34
540.2886283155997,308.2413228309066,Gene 34
540.718380858233,302.53973516468983,Gene 34
535.9616451908612,306.37645382265856,Gene 34
538.4046843179857,298.9422925969148,Gene 34
536.1354849814007,306.3886852335722,Gene 34
535.8074916983724,302.2754250071514,Gene 34
539.6617906085319,302.9071177529289,Gene 34
538.0386385932354,302.1535045405894,Gene 34
536.4202376296071,308.14913174306275,Gene 34
539.206558333562,308.05877001211576,Gene 34
541.6803095472965,302.5045265575784,Gene 34
535.8981282232215,308.1921740611964,Gene 35
535.9929001252556,301.8359285589202,Gene 35
536.8711498919322,299.2495265051776,Gene 35
537.0560792379912,299.6730304527955,Gene 35
535.6898580469192,299.9778579655591,Gene 35
537.7875789812939,309.3868150488525,Gene 35
541.174137849203,304.7880634801187,Gene 35
537.0539226818441,299.8288962429332,Gene 36
539.452070970476,300.1241983997456,Gene 36
539.848335640777,306.278946805451,Gene 39
539.1399509898968,299.8730819290891,Gene 39
542.0420159042777,304.16456981163697,Gene 48
541.0755480648779,304.4013583419245,Gene 48
541.7014591818742,301.90882789621094,Gene 48
550.1067469207275,306.4285276212723,Gene 0
554.4577158013551,297.82974831196714,Gene 0
554.5342892710831,301.0214583108722,Gene 0
553.4003796944245,307.15562664177423,Gene 0
553.5214091474336,304.61710624068553,Gene 0
551.9684772128255,306.20349753647764,Gene 0
553.3032487483603,306.12154978641723,Gene 0
554.4599616478865,303.15635294619005,Gene 19
551.8620290970953,295.11679304823764,Gene 32
555.0852428245225,300.78011114903364,Gene 32
551.569111675953,294.11584863642406,Gene 33
552.0387883362822,306.8969322114171,Gene 33
554.4040694068289,297.38428900590645,Gene 33
554.2573003177674,303.1986227469023,Gene 33
551.5655537402794,295.746947788824,Gene 33
553.5076747633278,294.44911883545734,Gene 33
549.8163903731245,303.1050139191138,Gene 33
553.0632550293278,306.31426031223094,Gene 33
550.516558421652,294.4805119946386,Gene 33
551.604540042394,305.44190768019655,Gene 34
553.7986103511652,303.6640956621035,Gene 34
550.7597856123086,302.340025408351,Gene 34
551.4335343223009,305.5966366784909,Gene 34
552.2824257367988,294.2156991014369,Gene 34
553.5530066656208,297.06963867257565,Gene 34
552.9373787287493,297.04034132447435,Gene 34
550.9608013716761,294.22776794679635,Gene 34
550.3035711801494,307.07640588193163,Gene 35
554.8544775379858,298.01761496265306,Gene 35
554.3398244796817,298.94425539034665,Gene 35
554.0003098187108,298.7404821842512,Gene 35
549.3041959980767,305.05113036178625,Gene 35
552.6687922295512,293.2980983190891,Gene 36
553.8021786675496,304.01413176777714,Gene 36
553.3755746624425,296.7102362825324,Gene 36
553.6210023531524,304.84050922558987,Gene 36
552.938428248065,293.1844776785748,Gene 36
552.5996587448378,294.54372695731695,Gene 36
553.267020936925,305.7897125693251,Gene 36
554.3559138635188,296.88453416569035,Gene 36
553.0154549602868,304.1895688788505,Gene 36
549.4163741657507,302.6784037221517,Gene 39
554.9595119056155,300.14732360111685,Gene 39
553.2999820527951,294.59797675842157,Gene 39
551.0053427472945,298.77740652253414,Gene 39
553.0579007095203,302.99689719806184,Gene 40
553.4644817423613,304.3930774032329,Gene 47
554.7821629404618,305.3733469717473,Gene 47
554.0029781535246,295.91889425762025,Gene 47
550.5837527725283,296.5402481542744,Gene 47
551.1658543744858,305.3730751783442,Gene 48
553.9293533065432,304.76729416918204,Gene 48
554.6392959497583,300.81456393293723,Gene 0
563.8249104382053,301.97055656849494,Gene 0
554.2225876490344,304.5681865982668,Gene 0
552.8288869657289,305.8677184008195,Gene 0
562.9482941157787,302.5585902272623,Gene 0
559.632487586058,307.499230523186,Gene 0
560.4434631138828,301.32895605119063,Gene 1
566.1509245162753,304.60071354129525,Gene 1
566.6736799586993,303.732580594581,Gene 1
559.8560465501466,304.39947749787837,Gene 33
558.4519606072159,306.7953342225699,Gene 33
556.1678261080511,305.5477617078183,Gene 33
555.8687124861791,305.9974672072694,Gene 33
564.5838124444031,302.62849136264015,Gene 33
554.8262232912122,307.3480999445097,Gene 33
556.4647083798321,300.87044110098174,Gene 33
553.5459489796184,302.5073459260424,Gene 33
557.844439212815,300.89278097664834,Gene 33
554.5332141759911,305.35431223415776,Gene 33
553.0192454724923,302.1599281325303,Gene 33
558.5507793456436,307.59985676194236,Gene 33
562.4183832564165,306.34015019388056,Gene 33
560.3275420199338,305.5701254959275,Gene 33
562.7159954963912,301.8801932238216,Gene 33
562.5055733979978,307.01202007007646,Gene 34
556.2965236165813,301.6580382629173,Gene 34
555.4004269194521,306.71829090389156,Gene 34
564.7107574726745,306.796012486218,Gene 34
558.481063776153,301.4127235256959,Gene 34
557.0375931646022,303.4988291331132,Gene 34
561.4065630582863,301.9975542741068,Gene 34
557.1298566749883,301.86617263457043,Gene 34
554.238321328909,301.6787021533556,Gene 34
555.5727099229554,301.5502798436225,Gene 34
558.8335497350731,307.69449459249125,Gene 34
562.3573342883465,302.4249994653849,Gene 35
562.8456361874113,301.19671039993995,Gene 35
552.9536366007851,306.665920607762,Gene 35
564.8156797226742,305.9105567964146,Gene 35
562.4096484228138,301.4031621537317,Gene 35
553.7202788025738,305.7215153948788,Gene 36
552.1845162552579,302.1292064018324,Gene 36
564.3962168611106,304.19012690323507,Gene 36
561.5296719941523,306.2754471184473,Gene 36
564.4279274646025,306.8189362539649,Gene 36
554.0442215207756,300.9823517607219,Gene 36
554.4058594382644,306.4023995535169,Gene 36
556.4932218883134,301.53911093473425,Gene 39
561.1434863141686,302.3904592292044,Gene 39
552.4133353835025,306.265083530243,Gene 39
562.4974111172066,301.0061711718591,Gene 39
562.7099963559084,307.485215962281,Gene 39
556.421324431646,306.98775748443154,Gene 39
560.1551051628036,305.92743848901466,Gene 39
564.1177315724722,303.49958516077197,Gene 39
563.6189332075402,303.4053659696077,Gene 39
555.8071308856164,306.2779562570336,Gene 39
555.2890621675583,302.21888502792984,Gene 41
553.2103356751442,303.31567614315327,Gene 47
560.4007202135168,307.92588014952156,Gene 48
568.2297130894472,295.7489273970522,Gene 0
566.5708560230827,299.95979047972077,Gene 0
573.320098812849,303.9355661557,Gene 0
571.0854267956925,300.9510237761255,Gene 0
573.8722252676181,304.8045909069528,Gene 0
568.969642871503,306.57866538321383,Gene 0
568.6513116335501,300.9811900452304,Gene 1
573.681673494789,301.28506336690344,Gene 19
570.3325179094062,294.83860288940434,Gene 33
574.2124635647925,304.8870585479107,Gene 33
568.3908295459051,306.6963815299899,Gene 33
567.4169873664114,305.078460558046,Gene 33
567.9867573200665,297.49878575648086,Gene 33
570.2510699229758,308.0424078875604,Gene 33
568.5859924866854,305.9688609652015,Gene 33
572.9348840560175,306.0879230246484,Gene 33
567.812127343932,307.34231673570616,Gene 33
569.2000421917924,304.1822706616154,Gene 33
567.7464908489192,297.66750068077863,Gene 33
573.6115294035492,306.26824754568236,Gene 33
570.4014958499263,304.51946486251177,Gene 33
568.354661205811,300.9747131514397,Gene 33
570.7997650287092,307.06672537044653,Gene 33
574.4601564567782,301.3502902604368,Gene 33
567.6055584061228,300.1762387343515,Gene 33
572.6973437287329,296.91369377197594,Gene 33
568.6193512584804,301.6734712142333,Gene 33
573.9989424547058,301.58150337954186,Gene 33
573.4880810052746,301.5861921273651,Gene 33
569.2645169323054,303.61157348626114,Gene 34
572.260941867878,296.3933651374119,Gene 34
569.0255082910144,306.29338263995686,Gene 34
572.7256932096078,303.3944283116129,Gene 34
572.9140270304805,297.9720039380533,Gene 34
571.3250840431981,305.7177171906761,Gene 34
569.2140428525036,308.0576628718149,Gene 34
568.3301037902708,305.550761489625,Gene 34
568.4865095768475,301.460708571394,Gene 35
572.8765783857433,304.1801761460429,Gene 35
572.0367528034677,305.9544053231575,Gene 35
566.7671666406171,305.99189943717374,Gene 35
569.1043773229819,305.1344919775851,Gene 35
568.4216245289776,307.30447637453864,Gene 35
568.543106589709,302.4433032191351,Gene 35
573.6720663348812,297.3189446916429,Gene 35
574.8212381410351,300.2195357457303,Gene 35
570.3091994563144,296.0384460864077,Gene 35
571.9553191197379,302.4083875765525,Gene 35
573.4962849690767,304.31506180248357,Gene 35
572.8972256218811,297.8648855890744,Gene 35
572.28884448281,307.649417133526,Gene 35
572.8511757820918,300.38127651712114,Gene 35
572.4219096891019,303.26323765632714,Gene 36
568.637432198287,296.8525345730209,Gene 36
567.1331501770637,305.5648472098905,Gene 36
572.5542209468185,303.15333488074197,Gene 36
569.5771597556077,307.83926680655185,Gene 36
568.4394018646167,297.7929687719073,Gene 36
573.4427069179751,302.325400110135,Gene 39
571.7635080087641,305.18133330577024,Gene 39
569.8349746878574,305.243879873516,Gene 39
573.3995458696597,302.43461283392674,Gene 39
567.6393641339461,301.13498207134,Gene 39
567.2596681120767,301.99908428486555,Gene 39
568.5530492742121,306.12386935188215,Gene 39
571.7185756163068,296.10417871562044,Gene 47
574.3097572952706,303.9228959499536,Gene 47
569.8092663104735,304.2301476492236,Gene 47
571.5550929835044,297.5423939319514,Gene 47
569.4400599768868,305.99334256289836,Gene 47
582.9325834824292,297.25627117832664,Gene 0
583.1117334717819,304.72234627840146,Gene 0
582.5323404683127,304.65531726031656,Gene 1
580.6968746730529,297.5187133923291,Gene 9
580.5556821359462,296.7979192092046,Gene 9
582.2894208957811,296.34354455670876,Gene 33
583.2324884614661,302.6982016741249,Gene 33
580.9838712454413,295.0727888661353,Gene 33
582.7441050102937,296.80727745333553,Gene 33
580.6584126112972,297.71488399941893,Gene 33
581.9667004105838,295.1552681589015,Gene 33
582.2641754410263,304.7189237400187,Gene 33
580.8863849447289,295.74102153268893,Gene 33
581.5734445959602,295.61109573792885,Gene 33
581.4948068460343,303.2622457632593,Gene 33
579.2352284122827,303.7075152984792,Gene 33
583.4169165358081,304.16384890244444,Gene 33
580.0616674612487,305.0357986954035,Gene 33
580.664562619636,297.3712558602669,Gene 34
582.9718965067688,303.84934279149405,Gene 34
579.7868250168792,306.4429237765045,Gene 34
582.991317596387,302.67591692562166,Gene 34
581.7737946124066,303.8507964034459,Gene 34
581.1050554073107,308.4381050771756,Gene 34
580.6922356889145,307.7109933935774,Gene 34
580.0884840208645,299.1749323896896,Gene 34
579.2984275232159,299.05348631649053,Gene 34
579.4690523516394,298.7862423623881,Gene 34
582.3693739217317,308.53950371432813,Gene 35
582.1324859907439,305.8124347859871,Gene 35
579.3786432665852,299.7519692021431,Gene 35
581.8887112142737,295.06558672162754,Gene 35
580.11510214285,296.2442478993574,Gene 35
580.7117274539689,304.50588794104186,Gene 36
580.2837338649019,309.09595783760346,Gene 36
580.1547886825806,295.97303887690987,Gene 36
581.5773372608099,299.94980040964816,Gene 39
582.4245259911387,298.8532900417374,Gene 39
581.9969308515299,299.78477338098895,Gene 39
580.9046907351672,293.63120318040654,Gene 39
581.0407284408318,306.4873752523818,Gene 41
580.8488972155661,295.7520591543913,Gene 43
579.6356143560743,300.57634988196753,Gene 47
580.0159157341927,295.8025448922506,Gene 47
579.3555253941332,306.0921459533003,Gene 47
582.9638347557542,298.153079619628,Gene 47
580.4619222873818,294.30349714559736,Gene 47
579.4835084348252,306.51005228754417,Gene 48
578.9532807626866,301.5918177493192,Gene 48
582.4355509784144,296.65639604400053,Gene 48
594.5025290854021,295.8706016108131,Gene 0
591.8124710881441,299.08526963393933,Gene 0
591.4439010171781,294.6579144988997,Gene 1
594.1681429435769,306.6116583850083,Gene 4
594.6129884566566,299.63608241769185,Gene 19
595.7886862305145,301.97213359816243,Gene 28
593.0499120336431,296.81138051372403,Gene 33
594.7915676583093,299.33176535849617,Gene 33
592.8726664336714,296.4881093219432,Gene 33
591.6305033209643,305.61589778873486,Gene 33
592.5480126369234,307.6764449428247,Gene 33
591.4116689579043,299.6843935594445,Gene 33
595.432602503949,304.0596540052532,Gene 33
593.6728500434539,308.4528782685975,Gene 33
592.8709567729024,294.96673674077783,Gene 33
591.577999641802,302.76879454514665,Gene 33
590.5547695807041,299.2765019531293,Gene 33
590.2877049386784,301.00124302606577,Gene 33
593.6517122986427,301.45570624869345,Gene 34
594.2257952677757,295.84676292676494,Gene 34
592.7855552632936,309.5769502384644,Gene 34
594.8369976860948,299.95065354247185,Gene 34
591.2294691570463,297.0418628452957,Gene 34
593.9183985347984,303.9079754873319,Gene 34
594.9430850578472,297.7256322879259,Gene 34
594.693672293018,306.5070406715572,Gene 34
594.2298601129079,299.5452485967568,Gene 35
590.9212615396432,306.7193599146433,Gene 35
595.3653836789854,302.13672593258025,Gene 35
590.5078919440458,307.96126496540046,Gene 35
590.0611135896542,303.4475421599747,Gene 35
593.2737934390574,298.9923361084362,Gene 35
590.1283036375474,303.812915074102,Gene 35
592.1946673363145,298.28205864930743,Gene 35
594.6978089098521,298.84199950403047,Gene 35
594.7322506151522,306.2886429471309,Gene 36
592.448889643891,296.9999509394025,Gene 36
591.8318671691992,294.4644127578682,Gene 36
593.6028028291386,297.9638977000939,Gene 36
589.0766281000728,300.9104084432284,Gene 36
590.0603809690982,305.1912863077,Gene 36
590.4096692080477,298.9996335159024,Gene 39
591.248535067214,296.6714571677822,Gene 39
592.0246340698621,308.55889080450453,Gene 43
592.8775498104742,305.729084898395,Gene 47
589.7002383334949,304.3081166261843,Gene 47
591.7287564585844,301.97461244739856,Gene 47
596.7962333772302,310.1030018601131,Gene 0
596.0420980623461,309.98638322087834,Gene 0
600.6714927271889,301.6563018011445,Gene 0
596.2835662999182,310.3851765200992,Gene 0
595.1947893206518,301.6322521537418,Gene 0
597.414683913841,298.72752285339277,Gene 0
600.571937038034,304.2336539016618,Gene 1
600.4494586748905,306.4407173164299,Gene 16
596.7641760196593,301.195169133062,Gene 19
595.825294384647,306.0911966782452,Gene 33
593.6493370126515,305.08085603743154,Gene 33
598.8916375167746,308.50112907550505,Gene 33
597.1048990150122,308.85928216259475,Gene 33
596.7263369763431,311.9134644991321,Gene 33
593.2371929934802,309.4037358884006,Gene 33
599.7917782436234,305.6893220312478,Gene 33
600.2110657821785,301.1257193377141,Gene 33
600.4892150670461,304.93225823722906,Gene 33
596.1863874610121,310.3546153682301,Gene 33
601.6198001606405,305.7514609651987,Gene 33
594.7083363012748,302.44321701350214,Gene 33
602.8295687484942,306.6463244037642,Gene 33
597.7019379000966,299.81114504219033,Gene 33
601.8941415092554,306.19787105705285,Gene 33
599.8620200505601,307.96122074300206,Gene 33
600.3062240787519,306.927841164443,Gene 33
595.0616129767158,307.92595893776667,Gene 33
595.0489688803221,306.2901793827336,Gene 33
600.0867873915372,308.75241072946216,Gene 33
597.7212673727443,300.28019002206406,Gene 33
595.4273243721497,303.08311427446773,Gene 34
596.3551084929229,311.2774931363442,Gene 34
602.4444936632502,302.1210540221305,Gene 34
596.5320436055093,301.4908642180228,Gene 34
601.6053718546461,305.3475228252932,Gene 34
597.9903522984367,300.40430569111663,Gene 34
596.3913658407732,301.2968746937762,Gene 34
593.9008942786684,305.82857394257513,Gene 35
596.0949437246665,298.9113162710928,Gene 35
596.1662223437365,301.0366973888128,Gene 35
598.7631662266293,311.5512107819652,Gene 35
600.418038393495,302.7481414799614,Gene 35
600.6914374317647,308.30778052089363,Gene 35
595.7170592112707,309.69179125510055,Gene 36
600.3675555993785,307.15938636872755,Gene 36
596.5892567436745,299.71769830317277,Gene 36
596.7739974102658,308.3895150967622,Gene 39
598.6718104727775,300.94125125369976,Gene 39
600.7396497472848,308.58676989720647,Gene 39
601.1868803270645,306.3170865423868,Gene 43
602.1302177487801,308.2784144149049,Gene 47
596.5630057916684,311.120184600344,Gene 47
596.4929276053897,303.52577948588475,Gene 47
601.2664598116501,303.75951704833847,Gene 47
598.3425143411637,301.1029515194619,Gene 47
599.0877873478131,310.19610107541126,Gene 47
594.5674892110997,310.01017283081535,Gene 48
503.185445585481,307.53782344055764,Gene 0
503.5596023023225,313.96164587814474,Gene 0
503.998005186121,315.60920837846413,Gene 0
503.3933618039021,306.83763304142013,Gene 0
503.37810453362493,307.000991201408,Gene 0
503.72315259341605,318.1679783791325,Gene 1
502.98826206561523,309.4889610625513,Gene 9
506.3442776635704,306.9025058172358,Gene 32
504.54363393459727,316.68666660135733,Gene 33
503.8977579035147,304.4218578278712,Gene 33
503.20154290730295,309.3525468666088,Gene 33
505.48318995988865,317.3251071672543,Gene 33
506.3458583361951,313.0408127229215,Gene 33
505.95243254352863,315.9255128182359,Gene 33
504.6471696565825,309.1460592367308,Gene 33
505.3924911313889,319.65714662366963,Gene 33
504.3028479522411,316.0447064935909,Gene 33
504.77466642534847,305.81631151503683,Gene 33
506.15926789619687,304.00857017628925,Gene 33
506.8500705265349,308.9306246543475,Gene 33
505.887749192869,304.85825645218165,Gene 33
505.91758604957175,316.481020284068,Gene 33
503.7615604568428,314.66002805981896,Gene 33
506.91884428278814,308.4290112417652,Gene 34
503.73659179925716,315.3507391787498,Gene 34
506.2072557325609,317.14424817318906,Gene 34
504.27980161056666,316.26178686881656,Gene 34
507.0541606353519,315.06795565508736,Gene 34
506.3499812459657,313.5192418165362,Gene 35
505.3863882329792,313.83205956093906,Gene 35
503.4043685725012,310.13950407366525,Gene 35
504.8301451622197,303.68669575403516,Gene 35
502.7013799658624,313.2336416978621,Gene 35
504.62219028003216,305.216237385277,Gene 35
505.8779059494995,316.6378298127068,Gene 35
503.31551273661796,315.31862874913094,Gene 35
503.31853131031187,312.4622445612314,Gene 36
503.3107665272472,315.5493672170183,Gene 36
504.06448842911954,319.52054813806325,Gene 36
505.7225431857656,317.6912718396363,Gene 36
505.20298535499523,307.6186186570796,Gene 36
506.5604842141361,316.8751714237615,Gene 39
505.7204151192549,316.71842830405734,Gene 39
502.70626084982774,311.81988910316346,Gene 39
504.346413233335,312.2147876761128,Gene 43
505.4120840435737,318.96940320178334,Gene 47
505.4034081978165,318.49111646798355,Gene 47
507.2131975732444,312.98481304125573,Gene 48
504.3645502056511,319.7513724300978,Gene 48
505.91658332757453,318.6686380014029,Gene 48
513.3443744263594,312.76591080676434,Gene 0
515.8070465421557,314.7488315264477,Gene 0
513.8867237924786,318.65118574890516,Gene 0
514.0524721879425,304.2436805449513,Gene 0
517.2997652655181,310.7114502036573,Gene 0
515.7656114279916,314.6901080514284,Gene 0
513.2863625252851,307.1747294912511,Gene 0
512.9146533204747,307.339894694386,Gene 3
517.190039458283,306.99805676641927,Gene 32
516.6793166204641,310.3539858595482,Gene 33
514.9879906864447,309.37142825539036,Gene 33
517.1348137684045,309.452923984754,Gene 33
512.2733200513017,308.0505861962985,Gene 33
511.8770222877656,312.6113369130972,Gene 33
516.9891743180037,313.8804128638737,Gene 33
512.9022034090991,308.92184151577504,Gene 33
512.3696788664806,311.09549898182775,Gene 33
514.1035684435349,315.2310652419014,Gene 33
516.969451203677,314.6119243118381,Gene 33
513.0034426989362,318.0066127749097,Gene 33
516.7439160715765,311.978148599776,Gene 33
514.5138371253669,307.93283777600544,Gene 33
517.7652380108811,311.13939401370976,Gene 33
518.223392927203,312.0392672375103,Gene 33
513.4783612928431,319.4448023352357,Gene 34
513.6593390286822,314.7404537190279,Gene 34
516.825874133059,306.8234865300709,Gene 34
512.9695610340784,316.9888870763678,Gene 34
511.75955802477444,311.2799457660534,Gene 34
512.9440717593366,311.54393201060316,Gene 34
516.5082766803688,309.76624711397517,Gene 34
515.8756255122062,319.82581917279197,Gene 34
513.6947328497938,317.33379591529786,Gene 34
512.73833524449,312.17594046625294,Gene 34
517.5922681303285,308.4334493624141,Gene 34
517.9057155796693,309.7018224731581,Gene 34
514.2958532209897,315.0966493684845,Gene 34
512.654452485206,314.42812842186555,Gene 34
514.0045280167177,317.05540874292984,Gene 35
516.2186449770403,317.73262650700116,Gene 35
512.8781928794125,308.998330496257,Gene 35
513.8853341200262,308.1227472924508,Gene 35
514.8114636246869,317.22868404247953,Gene 35
512.8005391832816,313.7865648700161,Gene 35
515.9887666172295,305.9257343040244,Gene 35
513.3413237838549,315.9822815383164,Gene 35
513.8096568898192,308.5356500520123,Gene 36
516.8144858607023,316.9230418549323,Gene 36
512.1993887630366,313.88760380958945,Gene 36
514.9198169785523,318.4527280076307,Gene 36
513.4831153938213,309.1493993457207,Gene 36
517.7376435554951,312.48983052204113,Gene 41
515.843889719097,307.4650971777566,Gene 47
517.0921938687773,315.7653230794435,Gene 47
512.0632211487128,311.2179425083532,Gene 47
512.8497346675607,313.6489859917189,Gene 47
516.8842255875693,318.351480093191,Gene 47
515.0869853677092,318.4080218545003,Gene 47
512.8821330832225,307.66093834805827,Gene 47
517.8193633350164,311.8700569123621,Gene 48
512.887771156153,312.2333815621807,Gene 48
528.3176883753247,312.42927189100146,Gene 0
530.6749171210635,306.8578905850018,Gene 1
525.0848186156953,307.1588261037463,Gene 9
531.3064253775688,308.4437194116377,Gene 19
520.8793851880731,307.93665366691783,Gene 32
533.8509100290769,310.3083548901051,Gene 33
523.0101012165633,308.64533385162366,Gene 33
531.2437720492586,308.84638047844675,Gene 33
525.2075438932065,306.828428297071,Gene 33
524.0649296852414,311.0075863521745,Gene 33
523.345741219567,312.80973396934746,Gene 33
526.0360298010422,307.73449438562557,Gene 33
521.3289300165342,307.3748458780068,Gene 33
529.7795882167699,310.5976351954219,Gene 33
523.4816656479119,312.02149580652775,Gene 33
532.4344759637553,310.56069516097904,Gene 33
528.7742268675277,306.9712539561665,Gene 33
522.067515894863,307.68972615159527,Gene 33
528.9886676019852,307.2110275614284,Gene 33
528.4130570755418,312.14376325672623,Gene 33
524.190239119727,312.6311152261612,Gene 34
528.9713274667643,308.96969732737904,Gene 34
526.7853298803891,307.1625981287995,Gene 34
524.429288145716,311.8898911604727,Gene 34
530.8380725573364,307.4259833183755,Gene 34
522.2273158251205,308.50556047600156,Gene 34
523.8523429388705,306.59262427751145,Gene 34
522.5574600253823,310.18669357985647,Gene 34
534.0417444578528,308.9935904067271,Gene 34
524.560102639914,311.1405261815246,Gene 34
531.4031203251938,307.9213904341974,Gene 34
532.9902642443218,309.7442593353871,Gene 34
533.2255759341431,309.5141169415212,Gene 34
530.8401467647136,311.9773883037739,Gene 34
531.1999753022799,309.5049799799811,Gene 34
524.8357206113589,308.95227073580304,Gene 34
531.0101475944456,311.47829366859514,Gene 35
524.8795441109319,306.92240055806866,Gene 35
527.4549115039083,313.152195031194,Gene 35
530.6811278819847,307.52406433441575,Gene 35
531.3115591006451,308.6833433208228,Gene 35
531.8146288855194,308.17847109710993,Gene 35
521.7651307326973,309.56019550516896,Gene 35
527.5663038485476,307.784124392609,Gene 35
519.2019667853806,310.04019314215753,Gene 35
532.7078355801417,308.67165037736294,Gene 35
533.7907980730157,309.092685067331,Gene 35
527.2664193386995,306.9612814486005,Gene 35
529.8312699969259,309.4347022591682,Gene 35
530.7276510939737,312.29837761208705,Gene 35
520.5362577881347,309.0700648452785,Gene 35
520.1318286065456,308.5583100770975,Gene 35
530.1759706386167,307.41360758332985,Gene 36
528.3010067664108,306.39562179923075,Gene 36
528.3996815650517,306.6713902877211,Gene 36
523.5104121138872,308.4047584837796,Gene 36
533.7598498669311,308.9224009554141,Gene 36
529.3320063088296,306.611002054471,Gene 36
521.0133064204113,309.3082818728195,Gene 36
522.1784015933345,310.6100806447889,Gene 39
526.1017451753174,307.00096898424783,Gene 41
528.3980065239118,308.2323188581542,Gene 47
526.1871293432722,309.1041424982952,Gene 47
531.9771910688962,311.9763848816885,Gene 47
528.212333899917,312.63782074661725,Gene 47
524.3271658297058,312.7266759831004,Gene 48
520.7913996891795,309.72088129995234,Gene 48
537.1227834844261,314.7612824067585,Gene 0
537.9582757305263,310.1427383942095,Gene 0
537.1217957914469,321.62328708782576,Gene 0
536.1346730964068,312.61704076491947,Gene 1
537.0836523348383,303.7110986450622,Gene 1
536.7414638354336,318.69666608669877,Gene 33
537.2979586862652,307.519504240217,Gene 33
536.3060277495944,316.42461745474117,Gene 33
535.8490505347759,305.2216730719473,Gene 33
535.9327734291293,306.5483555676385,Gene 33
535.8447486432316,314.5681595617207,Gene 33
537.6303977898747,311.2861010944169,Gene 33
537.0757202191702,311.5354848385615,Gene 33
535.7981930067484,309.78753082585763,Gene 33
535.7633976769752,312.9891819461119,Gene 33
536.5941981212625,303.69280475971806,Gene 33
537.428760765057,311.7574761987611,Gene 33
537.5159843553745,308.69764066251025,Gene 33
536.3513315923415,321.52121813161904,Gene 33
536.8720400554988,317.645815986964,Gene 33
536.9161223306703,318.4734852905353,Gene 33
536.8284507447229,306.33234223573186,Gene 34
537.7315966807585,314.2442653030076,Gene 34
537.2277706615815,317.0664529205963,Gene 34
536.8232375371638,300.9947388778553,Gene 34
536.5539408325095,316.6676757753062,Gene 34
535.6256608534665,316.3029074722006,Gene 34
537.6655570170051,308.58894464817115,Gene 34
537.5639392774648,307.58387826322496,Gene 34
536.3345184876367,305.259879639129,Gene 34
536.7616456295767,301.7416489399053,Gene 34
536.5432736916902,307.8962332524989,Gene 35
536.9385393451399,320.63135419386595,Gene 35
536.031744334445,304.71139715742066,Gene 35
536.2981183592708,305.1461551596944,Gene 35
537.398769609078,310.26813607419575,Gene 35
537.4611306659101,309.9075303941402,Gene 35
536.1735397838768,305.4389430480545,Gene 35
536.0115782997797,316.3947034099408,Gene 35
537.5958354015925,309.5666596744447,Gene 35
536.4985561033783,303.456140987626,Gene 35
537.6040080182637,308.7290213528561,Gene 39
537.6760998075158,306.96363174178805,Gene 39
537.330408235744,319.6455316505708,Gene 39
536.2636782352808,317.3647147302055,Gene 47
537.972208762451,310.94172712991804,Gene 47
536.7497534681794,317.67374304616294,Gene 47
535.7991990151128,315.7353586146784,Gene 48
542.032580943672,308.95229844813025,Gene 0
541.409461589944,312.1571591351752,Gene 0
541.3774989133401,314.40776490612785,Gene 0
546.1208420125274,317.0568086797265,Gene 19
542.2754015539323,307.3996152177239,Gene 32
545.5452943905493,316.44948036009885,Gene 33
544.579147283168,309.1584431114968,Gene 33
545.0014371112273,318.27900588270137,Gene 33
546.532326763104,312.243631417379,Gene 33
541.4145582245675,310.0960376223927,Gene 33
541.0207838567268,310.6779407889743,Gene 33
544.0582114788427,319.30777731007504,Gene 33
542.6847992885068,321.280665236965,Gene 33
542.2399795542249,306.2019079028315,Gene 34
544.8734065130258,317.432985314365,Gene 34
542.1601379259226,315.7113894657543,Gene 34
542.6652880976256,318.9707210232547,Gene 34
545.924029290242,309.03655120622403,Gene 34
541.7929197103773,316.9485268029325,Gene 34
546.3112410312851,314.3660975292337,Gene 34
544.2410169463321,310.0986661481515,Gene 34
543.585609674501,316.91710720576583,Gene 35
545.7965976208928,316.18452876301393,Gene 35
544.7923804031981,321.01884391298455,Gene 35
543.8104396793708,311.45975011471944,Gene 35
544.0133152483,321.73767396965206,Gene 35
546.1678628373859,316.95784394103146,Gene 35
540.9879183552422,309.363794739217,Gene 36
542.7027232814879,320.2139323361358,Gene 36
546.2166447797213,309.16129532619493,Gene 36
541.35504129482,307.8036498986967,Gene 36
544.9735204458102,320.4950364709761,Gene 39
545.5431253061238,317.96428121282224,Gene 39
546.0414996146723,312.08254492867763,Gene 39
543.4500719254679,318.877259183,Gene 39
541.204556295416,309.2046628463992,Gene 41
545.8269056284871,312.2509692451634,Gene 43
542.0424810985614,306.76884827439227,Gene 47
545.6528380735296,308.81946305218764,Gene 47
545.5773778351493,306.73332183877193,Gene 47
544.3142633295479,317.95322508050526,Gene 48
554.5776474562322,305.28391287783023,Gene 0
559.5502020270833,307.50217827237594,Gene 0
560.5820877843004,313.30509058609783,Gene 0
558.1865687239886,306.70766962190555,Gene 33
556.0971172242606,304.8825550931873,Gene 33
555.9364575287592,309.1289254198584,Gene 33
554.1805523540257,312.3451860330491,Gene 33
558.2645992107276,308.359018467453,Gene 33
554.3631900477884,305.4474482129327,Gene 33
557.9076389831284,310.3010121206868,Gene 33
559.659421981354,310.8882707955573,Gene 33
558.6284355203089,310.72752001098496,Gene 33
556.4501638916872,315.6792107535838,Gene 33
556.0733201690615,317.47355604402895,Gene 33
559.1032856119932,315.88153415778504,Gene 33
556.9292809321613,318.23849548728754,Gene 33
556.0195444084262,308.5207788474178,Gene 33
556.7607700939119,310.6459101207667,Gene 33
555.6249034656589,312.7457830592845,Gene 33
560.0546457328534,310.55612442916896,Gene 33
555.2547522783677,306.69693287375947,Gene 33
558.5619299437004,305.9458697019122,Gene 34
559.7528560930206,311.087669373752,Gene 34
556.3104657029783,311.13461009454846,Gene 34
560.0498433181183,312.05894706595586,Gene 34
559.1414395137601,307.51533094983876,Gene 34
559.9741854610788,311.55199684198834,Gene 34
555.9337153320972,310.8964347472075,Gene 34
555.9589491134482,316.4168846807278,Gene 34
554.3953632856501,313.44037703232897,Gene 34
558.6421220474873,314.5521400437071,Gene 34
558.8211738891948,313.3280978747948,Gene 34
558.452840785688,302.98374909981754,Gene 34
555.4257587930248,308.5905012268979,Gene 34
554.5637725279727,311.24958007811216,Gene 34
554.8742326077181,309.36522334474733,Gene 35
559.905343365542,307.01553908648214,Gene 35
556.3354096523797,305.29292894947383,Gene 35
554.6838568980124,306.2810155807944,Gene 35
560.3654311810473,308.347215741054,Gene 35
557.4085380608834,316.3498585112697,Gene 35
557.389055592027,307.9916261458653,Gene 35
557.2148976220884,317.7387297921417,Gene 35
556.8087043382765,311.25704401889635,Gene 35
558.9721642469693,312.18588131112614,Gene 35
555.5558346148827,316.59092857077735,Gene 35
556.1651305838382,304.36205398251644,Gene 35
558.8647805113217,302.8089298895784,Gene 35
558.9966019646076,310.27093557851697,Gene 35
558.5203382538822,304.19374666378553,Gene 35
557.4781639425507,314.57655532833536,Gene 36
557.0294094911432,317.4116077555891,Gene 36
559.3612983301362,309.7530049664467,Gene 36
557.2556479812939,315.1580944652157,Gene 36
558.5110303371845,309.016678709735,Gene 39
554.3270507686391,314.865776318149,Gene 41
558.7313061961082,302.70910821866306,Gene 47
557.4002788973802,314.6439452039017,Gene 47
556.7422877683314,312.1354391670026,Gene 47
556.5085078541525,312.82380327594706,Gene 48
561.0371598121619,311.94994369526285,Gene 0
560.9762171892587,313.73748154080005,Gene 0
560.6284091221606,311.6626940317519,Gene 1
567.5260526097604,312.2676767624076,Gene 1
563.5386467611905,317.4164656519954,Gene 2
566.7185665637256,307.26482368118633,Gene 32
561.0966709273289,307.4545728269561,Gene 33
562.7554762204695,310.73397551023015,Gene 33
562.0220878157946,307.1994651609803,Gene 33
560.1415792277454,310.7129696230302,Gene 33
561.9138252369203,306.0804784814057,Gene 33
567.8879646838786,314.8710939667566,Gene 33
567.462007756688,307.9019545992937,Gene 33
565.2203072968264,308.77261712614285,Gene 33
567.9819918507666,312.049076629755,Gene 33
564.3199379756614,305.6807922680374,Gene 33
562.375380173945,314.8052250234259,Gene 33
567.5300339227629,313.56968219089526,Gene 33
565.1982899325318,306.41925128537895,Gene 33
565.795597726944,306.0806978110409,Gene 33
568.0228484968088,312.97665251926225,Gene 33
562.4610903121269,315.86684840064305,Gene 33
564.5985136555302,316.76129882534366,Gene 33
565.9989319148525,316.7568641140045,Gene 33
560.4731871254957,308.6604012801203,Gene 33
566.4207079521602,313.3799360223933,Gene 33
568.8651656769541,311.78942615433886,Gene 34
562.9967424161606,313.02401428229456,Gene 34
561.3120752392388,313.88570180204806,Gene 34
563.2455248361966,308.7694238053481,Gene 34
565.7988851759686,315.68306493112664,Gene 34
560.9480612986481,309.75466654937696,Gene 34
564.6368513879947,316.51605748280883,Gene 34
567.9729716406412,310.62200644876015,Gene 34
561.4333617621899,314.7536180078154,Gene 34
567.3089037849969,314.74526261160116,Gene 35
562.1566938285799,315.9352290983975,Gene 35
566.1141162330838,311.72789463288507,Gene 35
560.772324616361,308.7384413197778,Gene 35
561.2044935450307,307.02926727246495,Gene 35
563.0575308506134,315.3768513952524,Gene 35
560.5171170442346,311.3229317674078,Gene 35
565.1949905499322,316.20576279679403,Gene 35
565.3322106135139,308.043959788473,Gene 36
565.1078969998621,317.80870015036595,Gene 36
560.7645775517376,312.3288233211548,Gene 39
567.978235675497,308.04618118662916,Gene 39
561.4465000717624,308.40650672506786,Gene 39
563.496506069329,305.850684584968,Gene 39
564.728678509426,308.0248614703855,Gene 41
567.4239328177345,310.52632529366355,Gene 47
563.7248980161868,313.4438503952641,Gene 47
561.1913257148791,313.8099811867973,Gene 47
567.5586018676019,308.7508626810132,Gene 47
561.1468233633335,311.61609536580136,Gene 48
564.9474138412019,316.5789135327638,Gene 48
574.6206337013115,305.5406431887526,Gene 0
574.1338202937869,307.67247282636174,Gene 0
575.5656162977899,316.39076588340146,Gene 0
577.982408084621,309.2792336241734,Gene 0
577.2196921164227,309.8757186335796,Gene 0
574.5854856139342,317.6353915829794,Gene 0
578.384611771462,307.8931111321863,Gene 0
573.6031206146594,307.70446753672735,Gene 1
572.6568798363711,309.3647686903331,Gene 1
578.8935433446677,309.7572525008681,Gene 28
573.769370374957,312.14921303968976,Gene 33
572.2504418167399,313.69869400151157,Gene 33
578.4308580329845,315.59620697520006,Gene 33
576.533537777483,318.75817808277213,Gene 33
576.5099557023741,316.11509137822696,Gene 33
578.2060649972267,316.11307795840446,Gene 33
574.2173038698814,308.07012613481743,Gene 33
575.709880582859,315.93625822197,Gene 33
578.4049214272706,311.6328447533407,Gene 33
577.8575933156326,307.54580411103035,Gene 33
579.5474117605233,314.20831713488633,Gene 33
574.5930258376677,318.89565215896766,Gene 33
573.749148113678,314.7173717383864,Gene 33
574.8255898345328,307.62314011293336,Gene 33
575.9996742020255,305.05848895348095,Gene 34
574.2628855058127,311.7856446438539,Gene 34
578.4590194364603,308.32833360682065,Gene 34
574.4175164003295,306.0901512777798,Gene 34
577.7005437708344,308.9204626393556,Gene 34
576.0365442114268,315.7666524063499,Gene 34
575.537596254992,306.07345502974835,Gene 34
578.380273909234,310.4040553001266,Gene 34
574.726362099066,305.3316960306867,Gene 34
574.0620942338454,307.0832999007993,Gene 34
576.1185201414639,305.56491924909477,Gene 35
577.4642259239205,312.8537893257395,Gene 35
573.0497373668932,310.8244141818228,Gene 35
573.2366922045325,307.5667395929504,Gene 35
580.0492188048277,311.10775678840287,Gene 35
572.781800481766,313.6824767900253,Gene 35
574.4353929175164,313.07575601635557,Gene 35
578.9460710473204,312.67894937554496,Gene 35
574.4616469538314,310.10440424126944,Gene 35
576.5721832499652,306.19240273266433,Gene 36
574.6490847723888,304.99470101670784,Gene 36
578.8909629703668,311.69019944970876,Gene 36
579.3594826295293,312.8842966918019,Gene 39
574.5083756703148,311.70396435821044,Gene 39
577.7611627875377,315.3495327674536,Gene 39
577.4281038559906,311.6144484061883,Gene 41
575.1480697035618,319.10575726438424,Gene 47
575.6684145281831,315.42867498578784,Gene 47
573.2210457264741,308.07669555986257,Gene 47
576.6929975980385,315.40573395486746,Gene 47
579.8178925334663,314.44373505144256,Gene 0
581.5887742934385,307.7389105105054,Gene 0
582.9725433370444,307.3764306774632,Gene 0
585.3658023795956,319.9395912679614,Gene 0
581.7566425215635,315.2278838513142,Gene 1
579.9488748158354,312.6762214581052,Gene 4
580.9924701329224,317.1908260617634,Gene 32
583.0021538530807,307.3575644329936,Gene 33
584.8435857327718,309.8236378266915,Gene 33
581.3193029600656,310.1973354947614,Gene 33
586.4214393530535,312.2721790864544,Gene 33
586.0218992014486,317.63980397112,Gene 33
586.7069534239678,312.04516753758594,Gene 33
586.586491229187,312.35717276792445,Gene 33
586.3595641084178,308.350968656665,Gene 33
585.8526078288892,317.8874050969564,Gene 33
585.0610803943273,307.39398961600153,Gene 33
587.9097477693605,313.68904003501376,Gene 33
579.955517286682,315.9077878540818,Gene 34
589.0191820249078,313.5657349351247,Gene 34
584.208730537365,317.1219930572202,Gene 34
587.5907393180498,310.06405341610736,Gene 34
587.0248520045689,307.2231963976436,Gene 34
582.1531778948852,315.60123133689115,Gene 34
583.2241520724773,309.56434527340264,Gene 34
582.5995401082989,316.5621117420966,Gene 34
586.8763242592207,311.5185140350582,Gene 35
580.6900948177322,315.47625457000134,Gene 35
581.0328942256459,310.6292766857017,Gene 35
585.8866195402782,316.5351051787698,Gene 35
587.9726839632696,308.70070924171495,Gene 35
583.7302904079539,315.4435236736545,Gene 35
582.8435724211955,307.6209474193898,Gene 35
585.3344461543254,319.35447253167587,Gene 35
585.6422606483728,315.8903328718849,Gene 35
585.5813171401549,317.78491160645876,Gene 36
588.4064067835466,313.238398286321,Gene 36
585.5555474928099,306.90303710832137,Gene 36
582.6654041153605,309.03293527954355,Gene 36
582.869367566059,306.7464850626495,Gene 36
583.4452090629214,315.2829002808288,Gene 39
585.4190499548313,318.818287422454,Gene 39
587.2535685951007,316.93808129762715,Gene 47
581.7662339584203,311.0257581769693,Gene 47
585.4597482905536,316.3462567394504,Gene 47
582.6763281243774,313.75335741077976,Gene 48
581.7316011514492,317.00369155730624,Gene 48
585.8002624943891,307.00233038381117,Gene 48
593.3737131899366,314.06089099137415,Gene 0
594.5158043248576,322.673818337759,Gene 0
593.6042713840575,308.18175221409507,Gene 2
594.6211465765981,319.37332540779306,Gene 9
593.4190964202965,319.77037431531596,Gene 19
593.775999711087,321.8815668300189,Gene 19
594.7224171536616,321.762906250489,Gene 19
594.0912400470138,306.2966480035995,Gene 33
593.9072141935995,324.1910283596691,Gene 33
593.8883559035795,303.2422621284257,Gene 33
593.7414493203227,322.8525948958643,Gene 33
593.4024800193462,315.06744701547575,Gene 33
593.2611298475452,305.89230380565283,Gene 33
594.2055405105036,303.4228773068409,Gene 33
594.4117080183188,304.3993249715935,Gene 33
593.6834784095628,320.7345265079813,Gene 33
594.3357517534474,307.4957971431178,Gene 33
593.7170663275981,316.45470609027643,Gene 33
594.0542255801904,305.5085073996667,Gene 33
594.4902996202829,307.521119407102,Gene 33
594.9478552180699,316.107817289332,Gene 33
594.5444679150407,318.06106747795025,Gene 33
594.744185775057,311.6954212014702,Gene 33
593.5064060947069,313.35825018054726,Gene 33
593.6464328574406,312.4169900881517,Gene 34
594.5367492615287,319.4969126835267,Gene 34
594.317014463545,303.3747142825971,Gene 34
594.7513655233347,310.68891466301795,Gene 34
593.4852500911976,321.0208292102694,Gene 34
593.7319404197088,324.1100108021802,Gene 34
593.6235320967602,304.3705213410037,Gene 34
594.7237061986907,309.1223497153279,Gene 34
593.8609673594495,315.8823711246256,Gene 34
593.7862875974162,319.1026067325686,Gene 34
594.8219136808689,320.10614513261737,Gene 35
594.7032449320736,318.32353806256515,Gene 35
593.899004220627,304.02422173550025,Gene 35
594.7635617981034,313.6048636076565,Gene 35
594.3249542241799,314.1414263247286,Gene 35
594.8738685427668,313.9229587705629,Gene 35
594.3413205520027,312.5419663854945,Gene 35
594.6411595306165,321.1053301023422,Gene 35
593.4588367200023,321.11684080505506,Gene 35
594.9653017107693,310.0152806858203,Gene 36
594.0839377815263,317.7254821107503,Gene 36
594.8409072775868,314.7678652673922,Gene 36
594.3227391706544,312.6410958029014,Gene 36
594.8536619377243,310.8030487346031,Gene 36
594.4346601466009,322.5299061809698,Gene 36
594.5621578929118,309.11455971421503,Gene 39
594.5294208874034,314.34042637039755,Gene 46
594.3744656174142,320.47017629169255,Gene 47
593.1639527249515,313.2934251809908,Gene 47
593.5265746495196,310.1502797232726,Gene 47
594.0491291447129,306.6356036506521,Gene 47
594.9152791121476,309.07615111155906,Gene 48
594.7548056543294,318.3810009078717,Gene 48
510.7514720249275,324.74735664850925,Gene 0
510.5904562924791,311.39521023715764,Gene 0
511.001483323288,327.68507988231704,Gene 0
509.6748400450094,325.71383963859836,Gene 0
509.98731183678666,326.48465740582776,Gene 1
508.79315163101893,319.98071635523706,Gene 9
510.3669636730252,327.19491002519845,Gene 9
510.48805585137745,325.3198624663578,Gene 9
510.31760444320753,325.51528162873757,Gene 32
509.2089125324846,323.48794086960186,Gene 32
511.232227129232,328.4974549025843,Gene 33
511.57474099417834,315.3443225757,Gene 33
509.1636490691195,324.53966281556296,Gene 33
510.22311848924613,325.6559701878483,Gene 33
511.4870512153847,325.0101334663605,Gene 33
512.3600463076467,319.6829936163269,Gene 33
510.90074274142836,311.9378044075788,Gene 33
511.3371320501946,313.0224111701262,Gene 33
509.77843387550564,328.33517115439423,Gene 33
511.481877812703,327.5885715212279,Gene 33
508.82416469318224,320.1408701362192,Gene 33
510.0963139427604,314.97725950981186,Gene 33
509.0952671477772,322.6798740964009,Gene 33
509.20221681239724,318.83032782383845,Gene 33
509.40940589058937,315.4336785126678,Gene 33
508.5788463047246,320.9106384303782,Gene 33
509.48463473384714,328.56270144984705,Gene 33
509.82241439521147,328.18259880848336,Gene 34
510.42119800281137,313.31079980316235,Gene 34
509.9395124997791,320.9807470878357,Gene 34
512.0062869666888,321.12842794173173,Gene 34
510.9062956209679,312.45518982361074,Gene 34
511.1295861829643,319.5433882490552,Gene 34
509.80644196513924,323.7167827971496,Gene 34
511.19100299177353,328.4519479274065,Gene 34
509.0114634282021,319.4197305873449,Gene 34
510.2048477070933,318.2705670155558,Gene 34
510.5037550240587,312.4930682417811,Gene 34
508.6997479570536,322.1920767961626,Gene 34
509.1230214077692,320.96428681311676,Gene 35
510.5628404582379,313.4235023669691,Gene 35
508.9933591185051,323.77846563587315,Gene 35
509.39299383498457,320.4771929434175,Gene 35
510.95675236339093,327.3281885186548,Gene 35
508.5876570251102,323.84482884297256,Gene 35
508.74504955955416,323.51162210033584,Gene 35
512.0541375347476,320.224028936493,Gene 35
510.293727524634,325.57853374601405,Gene 35
510.0256076693609,324.36273202012785,Gene 35
510.74238092489185,314.8418571884363,Gene 36
511.5160468705774,326.7375843845148,Gene 36
509.12544230875466,323.0299318099556,Gene 36
510.8474559714554,312.7987853727281,Gene 36
512.349236318885,321.7645642452117,Gene 36
508.9373903984405,316.2050412237083,Gene 39
511.71613660333196,327.5733177360534,Gene 39
509.0940964317416,316.7145254700597,Gene 39
511.4009663984391,326.3289522653932,Gene 39
508.9173304320003,322.1855678257011,Gene 40
511.5553980048568,318.79059538911616,Gene 41
511.89960761618414,326.78491212196246,Gene 41
509.02211487829396,325.1767551771238,Gene 43
512.144199341006,320.39259410906544,Gene 47
510.1970127586806,312.3226434738117,Gene 48
517.5104657725423,316.4050356282579,Gene 0
520.7537431010089,320.24281246388483,Gene 0
517.4989626684943,317.53260408778874,Gene 0
520.014863106753,315.92101057148136,Gene 9
519.7061130565837,324.2574316872582,Gene 32
520.8464932522727,316.17880187437135,Gene 32
519.7621813430952,313.39493884349747,Gene 33
520.4441709257292,320.7845346198635,Gene 33
519.8258887841067,314.06612024644875,Gene 33
519.3668477623422,326.6705166539348,Gene 33
517.7567021157821,315.599282609546,Gene 33
520.3683970486309,320.1687461106499,Gene 33
520.321775095833,312.8512701332887,Gene 33
517.6732484730602,319.32016390359604,Gene 33
520.1143034758442,322.3455163912275,Gene 33
520.6368824500447,316.18903803864004,Gene 33
520.472597133247,313.56308345429244,Gene 33
518.7452978005367,325.102765291778,Gene 33
517.5126569861656,323.3356659008446,Gene 34
518.4350140377832,313.00119218344355,Gene 34
518.702389632474,314.95329605823196,Gene 34
518.9171764843848,323.70524420519143,Gene 34
518.7562047657736,315.3336730381154,Gene 34
519.79438301383,315.1193661786688,Gene 34
518.0824670114239,320.6599491719073,Gene 34
519.6653851965282,325.0155760688141,Gene 34
519.9186848026094,316.899934949887,Gene 34
517.7586242741343,312.8347641522023,Gene 34
519.5779337646718,311.22857658713133,Gene 34
520.0986522923087,321.5478681290361,Gene 34
520.4940406295941,315.153618493166,Gene 34
518.8452665104323,319.3705214568419,Gene 34
519.1415507982357,312.0299051622642,Gene 34
520.5978993572086,324.71972764171085,Gene 34
518.2277517197923,318.0693557152994,Gene 35
518.5980608506078,327.7318247457672,Gene 35
517.6494494317402,317.80784648134863,Gene 35
519.9015284407204,322.637069146253,Gene 35
519.8909351552609,319.4393587020025,Gene 35
518.2658481245861,327.5077546110709,Gene 35
517.9529717351695,321.56945112631394,Gene 35
520.9998278870231,322.6040297382243,Gene 35
518.5005914560917,312.9975771209522,Gene 35
518.4041572564586,315.37083902038734,Gene 35
521.0241942769658,321.0756999556059,Gene 35
520.3676930993813,312.55153351743166,Gene 36
518.812316506922,321.2758147624031,Gene 36
518.0953891675216,312.22302354248495,Gene 36
518.3052087543319,324.40608870652,Gene 36
520.3162393215849,323.91713414624263,Gene 36
519.8760441682451,320.1011125121944,Gene 39
518.5294695590641,312.4188315871345,Gene 39
520.3138637477709,320.95922825142645,Gene 39
520.3864766522321,320.25555438154134,Gene 39
520.8003855900483,321.6380983918945,Gene 39
518.3506019496936,311.1998915918181,Gene 43
517.3543183109141,318.12637473670696,Gene 43
520.1733328958483,316.6715532844883,Gene 48
518.3059694904407,324.93624806270077,Gene 48
517.9243489604019,323.42738382589994,Gene 48
527.739675894754,320.7015899340369,Gene 0
528.1856607558288,315.30785111685003,Gene 0
530.292445466601,327.5580991606211,Gene 0
528.9705288583807,318.5674451925581,Gene 0
530.392582190174,313.1347368507404,Gene 0
530.5978371949882,329.2168996104418,Gene 1
528.153471250365,315.04966582483803,Gene 33
530.9667700354589,315.64387784838544,Gene 33
528.5088407215845,326.73934583038397,Gene 33
528.4227362310193,323.6316960614271,Gene 33
531.2962774175028,323.28936455165046,Gene 33
527.5994825017536,315.7876421898846,Gene 33
530.53556718863,320.5487018399871,Gene 33
531.2862668392286,324.1274188320731,Gene 33
528.1792927544793,312.3416980568271,Gene 33
528.7083127025815,325.04136434934344,Gene 33
528.0696996822003,313.1776028762069,Gene 33
530.4615730079215,327.3316147428083,Gene 33
528.1406326947254,322.83579136185335,Gene 33
529.3126856875601,314.5631311380243,Gene 33
530.8041883354405,317.43495069097116,Gene 33
530.1118306436294,312.5094441462037,Gene 33
528.0993763197439,318.78219507525665,Gene 33
529.7469457642785,314.3718662955652,Gene 33
529.8628677363201,312.10611313301945,Gene 33
527.6653160880652,317.86713770434426,Gene 34
527.8033242048513,317.9897297075542,Gene 34
527.5315424708409,324.38929181037855,Gene 34
531.3618095669653,319.2719026699814,Gene 34
530.2255022939755,327.7582650938482,Gene 34
530.33222885405,321.2029517719307,Gene 34
528.8153832195145,329.5433950763495,Gene 34
528.9545484132425,322.7766195126238,Gene 34
528.345152725132,315.08669575213094,Gene 34
530.7239674733867,317.07380812043857,Gene 35
527.3978545853086,322.2696973240846,Gene 35
527.6892607876009,322.62578566898566,Gene 35
531.336442922173,322.45646975125715,Gene 35
530.3046709261662,313.159792439223,Gene 35
529.0396205404102,325.8141357326373,Gene 35
527.5992539466466,322.7959100048416,Gene 35
528.2466126022026,328.4399720660955,Gene 35
531.4192919121878,322.69973786278683,Gene 35
531.1561967191062,317.36390674967924,Gene 35
529.4360741455336,329.40682825674884,Gene 35
530.7596724400646,321.44221913011535,Gene 36
527.9080369650578,314.0189633010898,Gene 36
528.0736486394732,323.58746633785347,Gene 36
528.8776906019692,327.6263740425447,Gene 36
530.5791463134651,326.37564292812567,Gene 36
531.3187264427092,318.1485883674721,Gene 39
529.6700535936658,325.5897019669602,Gene 39
529.0407458771696,314.78773107511165,Gene 39
529.2078230585163,316.594614924389,Gene 39
527.445936193159,316.68241785027885,Gene 39
529.2682663115226,315.12593670406375,Gene 43
530.1452231353717,322.11131631188243,Gene 47
530.3188652900067,316.95029312770413,Gene 47
531.0100890073949,317.9128529594644,Gene 47
527.9666579047902,318.0559508096033,Gene 48
539.8996212208828,318.2693019393811,Gene 0
541.293336314283,327.0287675084866,Gene 0
538.8671021505451,324.5053523465845,Gene 0
541.6075960625654,316.8394458053523,Gene 0
539.6064652374936,327.03628123986863,Gene 0
540.2150892069775,314.9809946429056,Gene 1
540.5572707357115,315.0659586607143,Gene 32
539.1416250321759,315.8421046835996,Gene 33
540.5249974048647,313.6793762583059,Gene 33
538.9187021945856,317.2250529119372,Gene 33
540.1455851408525,316.05166401116367,Gene 33
539.7124614867637,328.26703506723885,Gene 33
541.256064461677,328.5338467174283,Gene 33
539.1064024459168,324.7407861881584,Gene 33
539.5435196675191,324.85831655646143,Gene 34
539.5110985467478,325.87699978872786,Gene 34
541.679807810452,317.45983911288005,Gene 34
541.0901656545457,313.47927701498116,Gene 34
539.335778516465,313.00302862314,Gene 34
540.7360367005165,312.84576370854137,Gene 34
541.3186836431256,324.21167143251904,Gene 34
540.2966609771396,329.1655479215318,Gene 34
540.1632804484564,311.6380061391363,Gene 34
540.6880153120862,328.66989692058416,Gene 34
541.3857141141004,316.2654932949831,Gene 34
539.4943529895088,325.54466279920126,Gene 34
539.1266241179767,322.5585823528155,Gene 34
540.5495473355852,317.28827795254256,Gene 35
539.449188996774,327.0077126095475,Gene 35
539.022453776406,321.4004382500974,Gene 35
541.5015261377998,322.9021152201547,Gene 35
541.3766193462425,323.77020436077555,Gene 35
539.881195832759,313.9500226615465,Gene 35
539.154086218665,319.8771264010139,Gene 35
539.3548065985187,313.0576892664086,Gene 36
540.7378568066588,330.15012629476644,Gene 36
539.8596754175111,311.5654313887787,Gene 36
541.4390287404681,322.70661810248833,Gene 36
539.6441283372302,329.31826124995666,Gene 36
541.060349605967,317.7271231548366,Gene 39
539.5239317152615,311.3369485781517,Gene 39
541.3126702683403,321.0217276294842,Gene 39
540.6337452418794,314.785216029611,Gene 41
538.8927933357201,317.5926000102106,Gene 43
540.1465156640639,326.8188384286796,Gene 47
541.3246060624675,326.73223352065696,Gene 47
541.1004484143427,315.3916284874766,Gene 47
539.4694936907024,318.52373813710017,Gene 48
549.5550849496082,316.7605620060878,Gene 0
551.4163849747539,315.3003594903369,Gene 0
549.0327150611607,314.78423821199533,Gene 33
549.5950665457057,315.4965684338315,Gene 33
547.0284050475477,316.31737043046047,Gene 33
548.6777875454318,322.85275788248583,Gene 33
549.1842235514142,317.2832864676736,Gene 33
552.6676121274782,324.70222649401177,Gene 33
556.0809565145898,319.1385459757216,Gene 33
546.8365357544233,321.38806771009,Gene 33
556.1263017990442,320.93874366866766,Gene 33
545.7418990703203,318.5632339268211,Gene 33
549.2557380651419,314.4423401122122,Gene 33
554.7632452624897,321.48767617473885,Gene 33
549.0053615124675,317.39079453340645,Gene 33
545.5722940629943,320.598050129149,Gene 34
546.3923812268149,322.76818739995383,Gene 34
550.7496791955077,318.2293901722062,Gene 34
545.9897860710345,318.7121996473054,Gene 34
551.026895470739,324.427508611352,Gene 34
553.3885242942846,323.90067868296006,Gene 34
549.7958572694579,323.82480095988916,Gene 34
545.8361320882533,322.29698187453107,Gene 34
545.6775564851938,317.52534721831074,Gene 34
552.3324881402416,322.8062995836829,Gene 34
550.5557532311398,324.6254626605538,Gene 35
551.8277901822262,325.624714033462,Gene 35
553.6494702388622,318.21969462414654,Gene 35
547.5055214258764,316.6875990208029,Gene 35
554.286025707952,321.4269082798762,Gene 35
548.6984300778926,315.3978800889324,Gene 35
550.5467062745774,314.77806396486847,Gene 35
555.0320910960365,321.5110969794246,Gene 35
555.2939673156664,318.0761714684686,Gene 35
553.7124260009532,318.2568410366874,Gene 35
554.5836112149979,319.9411760139274,Gene 35
545.4127072083097,318.68571826539437,Gene 36
549.5261213943954,324.64705859272374,Gene 36
548.697842103211,324.4932005272187,Gene 36
554.9874994818058,319.21368117517835,Gene 36
550.5933928295754,314.58530099433807,Gene 36
548.3592142034315,317.4329181924453,Gene 36
549.8585332282346,315.562148178513,Gene 36
549.7957651909614,317.7319218836241,Gene 39
549.0134355235359,315.78044936962607,Gene 39
546.6880081440783,323.012232957611,Gene 39
550.9091270929799,321.3020870187191,Gene 39
546.652697686964,323.979527677384,Gene 41
548.4078963275339,321.6212947737845,Gene 47
554.6653562384358,318.9713670069364,Gene 47
550.3364857644915,322.4365403968653,Gene 47
552.4913512247123,324.9852765742226,Gene 47
546.8473112893628,323.1399839644393,Gene 47
553.5767582103077,323.02793426799497,Gene 48
552.2976012327833,314.87040915429935,Gene 48
558.1702753972353,315.13148858113215,Gene 0
560.9005690970165,317.3739231944861,Gene 0
559.9438412942374,312.15434709081313,Gene 0
559.3164044379233,311.7446772595485,Gene 0
560.740096456918,319.079484793284,Gene 0
558.6761222569822,312.4772280407529,Gene 1
559.9063692244545,311.06934171598107,Gene 1
559.4398927143917,314.6778383575188,Gene 19
560.4552972817078,320.81117554445063,Gene 32
558.828573055367,323.6057379540326,Gene 33
558.6755847162341,323.5993007455735,Gene 33
557.8231049311455,319.6636632561047,Gene 33
560.8483928461329,314.8413869088406,Gene 33
558.1095498918947,315.69397504116546,Gene 33
560.407382436112,322.5172841511885,Gene 33
560.666760723216,312.32473834702085,Gene 33
560.8769768710163,319.47465710412854,Gene 33
558.0511631584528,312.1093876585021,Gene 33
559.4316248365926,323.79785618208535,Gene 33
560.2559350458199,311.127293241645,Gene 33
558.6318540259093,312.0227490444689,Gene 33
558.0921389485515,322.6690063588172,Gene 33
560.8791924148127,315.6846820147036,Gene 34
558.4200006657296,316.0998765827385,Gene 34
560.9705755943575,318.80517657859104,Gene 34
560.7138733601336,318.73331636657997,Gene 34
557.7457051625125,318.08611383553966,Gene 34
559.5211020132372,311.3807676314243,Gene 34
559.1669463927138,314.0275690867777,Gene 34
560.2398873360149,326.9491818212802,Gene 34
557.6241348110657,319.9180111302782,Gene 34
561.2164851035753,318.2980924749802,Gene 35
559.0164116602715,310.4408493323424,Gene 35
561.1178544682969,321.2097666060658,Gene 35
558.5589960488043,318.51258944020833,Gene 35
560.2689353828783,314.36667988827963,Gene 35
559.4541493974752,320.6060062064594,Gene 35
558.8645146542422,315.50341408216184,Gene 35
558.9316666772512,309.40686614845526,Gene 35
558.1695731250749,312.57015696186136,Gene 36
559.9848140210399,315.3322788596652,Gene 36
557.9641947559114,321.7666454103337,Gene 39
560.228888417661,324.4444429348414,Gene 39
559.2211222255814,314.8460168473827,Gene 39
560.1363977554607,310.34244461016766,Gene 41
560.2706373291371,316.85026454251806,Gene 43
559.656736832375,311.0183994816621,Gene 43
560.6240677451741,317.86507591191054,Gene 43
560.6357474000134,323.7049152243327,Gene 47
558.6708102580841,325.8020762169781,Gene 47
560.6409204416838,320.79631456055023,Gene 47
559.4607725243537,313.99505527868934,Gene 48
558.7215486754925,319.17404525657156,Gene 48
571.4377297680046,314.60105598402384,Gene 0
572.715288349701,312.8432053164859,Gene 0
571.9914449605591,325.29240932436124,Gene 0
572.6100510005648,315.09689487392984,Gene 1
573.3285446435435,322.1815311738018,Gene 19
571.6479079540927,319.3570024817953,Gene 19
572.2384735043119,314.28475548226896,Gene 19
573.1919153561245,318.250571467873,Gene 19
572.2217484179,329.45703761370305,Gene 32
571.4295766908074,329.5200400354932,Gene 32
570.7843324604069,322.0142223688831,Gene 33
571.3595939072513,317.75462028718505,Gene 33
571.4931449390062,324.01427802917357,Gene 33
572.5299413196876,318.0151472875559,Gene 33
572.9086393774918,326.17678597270844,Gene 33
572.7117169185268,320.52756349591675,Gene 33
572.2637920843745,313.56588362210516,Gene 33
572.1978806232685,329.1542637459982,Gene 33
571.8296161811481,318.10358429385866,Gene 33
572.3004822608892,327.3814265635264,Gene 33
572.371852445487,313.389249804568,Gene 33
573.2676894160911,322.89883407045676,Gene 33
572.9617318720277,328.79853705285984,Gene 33
571.8028702481117,319.9331868007609,Gene 33
572.3383010682603,315.31655847243013,Gene 34
573.4606811693378,325.73262232727245,Gene 34
571.6693552750044,312.5248731432036,Gene 34
572.6554516045583,329.51638053249843,Gene 34
571.5066158878032,322.8486319235103,Gene 34
571.6152909378077,323.5861557057117,Gene 34
572.6960918215143,330.47012004799757,Gene 34
573.331114467852,325.674673371094,Gene 34
571.5397788013813,328.72856723149107,Gene 34
571.0615507661206,321.8218108564201,Gene 34
572.3869831899659,331.31217305429857,Gene 34
573.2167869914358,325.5295767458284,Gene 34
572.5281603991374,311.7203053505355,Gene 34
572.8123714644217,321.2348138328188,Gene 34
571.4088455161046,316.48696668067197,Gene 35
571.5675951849851,326.74387304124895,Gene 35
571.0582049495035,325.21794636727367,Gene 35
573.1113397647026,323.2021392905876,Gene 35
571.2375172171663,315.73392491918156,Gene 35
572.3034590980633,313.25986227120836,Gene 35
573.1979590574545,319.80438710033957,Gene 35
571.0248656523547,316.1291447400982,Gene 35
571.5146823088,317.9763727975081,Gene 35
571.2540134544765,317.4830644177762,Gene 35
572.8356689855533,324.3481735794884,Gene 36
572.8335917065442,319.1408022917775,Gene 36
571.5292393970161,318.9709423915237,Gene 39
573.1038700820637,321.9331423114892,Gene 39
572.062363847898,331.19590287864213,Gene 39
572.883035858418,317.22077287064195,Gene 39
572.5963734169137,327.91589674919857,Gene 39
571.970507181118,314.1216966717132,Gene 39
572.5120183761769,329.4921350441426,Gene 39
572.6547923253609,328.46219939662285,Gene 39
573.046042273685,325.1758887616661,Gene 43
572.45845605793,315.93780901443654,Gene 47
579.0998764042638,317.54807625061443,Gene 0
578.9407119438825,322.2163310222117,Gene 1
579.1852536099111,322.5446895435364,Gene 32
582.3101156890659,313.67423652683163,Gene 33
579.8432790398122,324.0650997617274,Gene 33
580.71772624316,324.62914212995247,Gene 33
579.4016426724875,323.3905254300508,Gene 33
578.7134424012605,315.5767324715408,Gene 33
579.2503072359812,317.8386922105064,Gene 33
579.5598081536463,323.5127690441326,Gene 33
580.4807858390068,323.48249665257674,Gene 33
579.2701034816389,321.00187153514855,Gene 33
581.1803330140154,318.05929228905194,Gene 33
579.355250726473,313.6997004289926,Gene 33
579.9901964019208,314.43636435619715,Gene 33
582.0096619780766,320.313750117555,Gene 33
582.5275738868642,312.1585636542383,Gene 33
580.5486435625367,324.9948769283465,Gene 33
579.2624912111395,311.6299020545145,Gene 33
581.4426118276328,319.2515468455245,Gene 34
581.3183517539119,316.9197855463566,Gene 34
579.1340863185399,321.07518320477055,Gene 34
582.156801543439,313.1536759240836,Gene 34
578.8762766248093,320.9349777083675,Gene 34
580.4690989498079,308.1351191748894,Gene 34
581.4481235527712,310.02865384278226,Gene 34
581.1244466045458,323.6195494079957,Gene 34
580.1327227400768,320.5836550099812,Gene 34
579.9892544233986,318.5767083176076,Gene 34
582.0803504401771,321.7248733595966,Gene 34
581.8668521030813,321.3789869563951,Gene 34
580.3314236873631,324.8386505397866,Gene 34
579.3046472588646,321.65860341598267,Gene 34
580.0104407178694,313.4455402428508,Gene 34
579.1341745465234,313.7793857686918,Gene 34
578.9053103185398,320.05526026687374,Gene 35
579.2381422950695,313.5302515304384,Gene 35
581.032076107039,309.6046699266489,Gene 35
582.3191059982704,323.4152019197938,Gene 35
582.1686482599454,313.10301248379386,Gene 35
581.5991689585959,322.3751256556718,Gene 35
581.9206004227212,314.9097094676817,Gene 35
579.8291290014589,320.2263898701785,Gene 35
579.9488951415101,313.81416808001853,Gene 36
580.9151154424218,309.72459271604214,Gene 36
582.5264344880969,314.7616662841296,Gene 39
579.3602087401249,319.78009928465025,Gene 39
580.9807750898672,308.7178960517081,Gene 39
579.6178382197697,321.5824873638722,Gene 39
580.804375207988,326.6817558202605,Gene 47
580.306472516881,315.057127480012,Gene 47
579.638359155317,317.81537974427124,Gene 47
581.3191701901917,313.6774732841624,Gene 47
580.1690658000063,320.9616266304487,Gene 47
580.9202728221967,326.634467110666,Gene 48
590.1838863351176,322.5164245150975,Gene 0
588.7608862737666,324.4605875934016,Gene 0
588.0997329248489,314.8162008262373,Gene 0
587.977092737196,312.73680711863415,Gene 0
590.2008791986182,316.58370257248544,Gene 0
591.1334210992194,313.5290594235375,Gene 0
591.0093573781185,325.5143196677519,Gene 9
589.722084457587,311.8286842096657,Gene 9
592.6089733862282,320.8446982864759,Gene 19
591.075718481388,315.0942931405761,Gene 33
589.1344688238826,313.11871292591223,Gene 33
591.0587666714051,324.4921920041504,Gene 33
592.0693078883874,317.4640388571544,Gene 33
590.3550943350571,325.3584532786558,Gene 33
590.6607402945434,313.5958881800564,Gene 33
589.0151112372789,322.2199446211872,Gene 33
591.8991989601185,319.41258010779546,Gene 33
588.4530359692543,312.4983458978365,Gene 33
587.7830122165831,317.0115776041201,Gene 33
592.0596220855017,320.7265992990785,Gene 33
591.073571203334,313.71933507248724,Gene 33
588.4264656484299,317.44012713667007,Gene 33
588.1820614208278,324.4753913206951,Gene 33
589.0496298228745,320.77638982860657,Gene 33
588.2861456930777,315.86418552245595,Gene 33
588.943721682812,311.9693835266414,Gene 33
592.2423113456431,324.5952899455516,Gene 33
590.9360768669587,311.91516299485033,Gene 34
591.2492132170622,313.2296916707181,Gene 34
587.7298121999075,321.49107075636164,Gene 34
592.6673144750146,319.9460875582589,Gene 34
588.2085984418832,315.5621808667431,Gene 34
589.8537044602989,324.11846550082254,Gene 34
592.0305528051558,325.5730841456294,Gene 34
590.2582656258927,315.30876638490764,Gene 34
588.5405303859199,312.2353613827685,Gene 34
589.8770259574611,310.20931815104933,Gene 34
592.2245070854284,314.9413924581214,Gene 34
587.8622527488648,317.91765311609953,Gene 35
590.4125749786369,323.5705762414462,Gene 35
592.3774468063733,313.29040851609585,Gene 35
592.7058488968214,322.5604595743149,Gene 35
588.9485961012939,325.1770075635057,Gene 35
592.4266066587226,322.7173585803217,Gene 35
591.157014037148,312.98706908783527,Gene 35
592.9241032179024,315.662912614101,Gene 35
593.0701276255461,320.8117881569445,Gene 35
590.9698048599578,325.2672194626316,Gene 35
588.754196578974,311.820792876079,Gene 35
589.4955643919078,322.57934773304186,Gene 35
587.7971200760862,314.5925902743098,Gene 36
587.7572992044201,317.71730241609566,Gene 36
589.8622687146097,317.18588962589087,Gene 36
591.3573674015064,324.07801788163465,Gene 36
592.0743485316799,325.70890613491173,Gene 36
588.3863604593308,319.2864963931273,Gene 39
589.4377345721101,325.2313068804597,Gene 39
587.9029982172497,320.49323219549905,Gene 47
591.2107732901892,326.4608030931495,Gene 47
590.6042744100099,326.450399990915,Gene 47
505.0009685089505,325.6788054155075,Gene 0
504.8614197517554,321.6203958180944,Gene 0
503.026066836336,328.70698447809036,Gene 0
503.76120164010297,320.4537256270553,Gene 0
502.7602893792035,320.9464150257224,Gene 0
503.62114913039676,333.516475832419,Gene 0
502.80952264993516,322.54558319727545,Gene 0
503.24941439605385,327.3627726387252,Gene 1
504.11542929859485,321.8546524750604,Gene 1
502.5394326977946,323.97775305885887,Gene 1
505.1127601484945,327.62968866855425,Gene 19
503.88418800319306,329.1893580652287,Gene 19
503.1495265757262,327.7094981303592,Gene 32
504.4378168808819,321.1006181455739,Gene 32
503.3552701988388,332.07692791125186,Gene 32
504.6715613238506,317.14038281914355,Gene 32
504.99561639304187,320.0652832419466,Gene 33
504.6037936599574,325.62134834237963,Gene 33
504.81608265326906,322.9408489385495,Gene 33
504.1572465031234,321.91419958655007,Gene 33
503.52360529150394,333.19792575440323,Gene 33
502.7268424394028,322.50301968538275,Gene 33
502.74640990088756,326.86029599119615,Gene 33
503.55765892737185,320.8485688215438,Gene 33
503.03729139403237,333.07441138519596,Gene 33
502.9574441084234,324.4179890487017,Gene 33
503.937447720938,333.22233603448626,Gene 33
504.815413840697,319.47749275522693,Gene 33
504.7936816080051,326.7505043678967,Gene 33
504.7423399688394,326.72289995543525,Gene 33
503.2013209459838,316.64071984635365,Gene 33
504.9103104953006,321.011120298908,Gene 33
503.1662289297732,322.27500394786284,Gene 33
504.015093558818,322.459915103817,Gene 33
504.69949627199804,330.75463180707163,Gene 33
502.74294578953794,321.285066110866,Gene 33
502.910468003503,329.5620692257127,Gene 34
503.99665383191575,319.3839090365759,Gene 34
503.3229301736694,316.9952280409703,Gene 34
502.98414846496024,322.2428285759522,Gene 34
503.37407478937956,330.705776846648,Gene 34
503.7260503192698,320.01567092086407,Gene 34
503.6228215533042,320.48669670248495,Gene 34
504.44543142090424,331.8766099042053,Gene 34
503.67630677131,318.0962733930651,Gene 34
503.07880005298995,327.08852423751466,Gene 34
503.0118411113856,331.7053099378951,Gene 34
504.72981463540873,322.63582555315037,Gene 34
504.578842285552,319.3956045059455,Gene 34
504.9817818310256,326.41136842679686,Gene 34
503.0569820953275,333.5127686505085,Gene 34
503.25007694639964,326.91916826303793,Gene 34
504.8949231788931,331.29275838199345,Gene 34
503.0825903299705,320.0352628731084,Gene 34
503.59099305306273,332.09212474028226,Gene 35
502.7979807977719,325.529791022436,Gene 35
503.6611211391661,320.73889031700895,Gene 35
503.033705609318,321.0182350985797,Gene 35
502.63150185189363,326.20011473797007,Gene 35
504.43354810156114,329.1579649570575,Gene 35
503.32157626434037,334.994600649304,Gene 35
502.91349365091685,322.6968122087843,Gene 35
505.1218571634699,324.29030947722873,Gene 36
502.80435395229046,327.2460655072756,Gene 36
504.3391002785293,332.93935107108786,Gene 36
502.7942732694794,322.14525350879103,Gene 39
503.3603711078898,320.29965614578384,Gene 39
503.1158775936715,333.67540356624164,Gene 39
504.1718306991305,319.344524073239,Gene 39
503.55993006661936,332.1401005699439,Gene 39
504.82496992655166,324.2276063654372,Gene 41
503.7139051513663,334.00563147436316,Gene 47
503.40114258757546,320.75672331801746,Gene 47
504.0047051938989,334.894970529292,Gene 48
504.70078578709206,332.74664766794507,Gene 48
515.6525813866087,321.1241477237218,Gene 0
516.4886059975767,328.20028405583844,Gene 0
514.3118196911091,327.6053747134484,Gene 0
515.3382588442854,320.8659497356922,Gene 0
515.9600877090813,334.3490305493182,Gene 32
515.3466632131903,328.00232930340746,Gene 33
516.0334332591697,324.82255989042613,Gene 33
513.7699973204659,328.97409760810814,Gene 33
514.9173665791329,324.858481394192,Gene 33
516.1155628059977,332.3934093484947,Gene 33
515.364889701167,326.55154536066107,Gene 33
515.2971709235367,320.90736264678713,Gene 33
515.8800364113844,321.5497512617194,Gene 33
514.3587615271849,335.32061063195323,Gene 33
514.1119152100782,322.6728476137212,Gene 33
515.8548090668953,335.84477648531856,Gene 33
515.2098835355265,335.859355286504,Gene 33
514.261218277798,325.05230169510725,Gene 33
514.8635640798802,325.546635920929,Gene 34
513.8329053260597,331.31032428283913,Gene 34
515.9779301812964,329.0187125193294,Gene 34
516.0454478193437,330.6457699039376,Gene 34
516.2054351500043,323.8675055299438,Gene 34
514.0715037775523,325.4991477389066,Gene 34
515.8072558237677,331.59855813738835,Gene 34
516.3296607486395,328.1306782971036,Gene 34
515.0870855808841,337.0929871136944,Gene 34
514.3955687300502,324.31636379868274,Gene 34
514.6357628193758,336.9138320927052,Gene 34
516.1842661077284,333.4756468422139,Gene 35
515.744477400553,331.01280311573777,Gene 35
514.7487118614754,321.8585133607907,Gene 35
514.4204733323,331.24630353311915,Gene 35
514.0855445113485,327.88999346092623,Gene 35
514.3045132712133,323.1673180218409,Gene 35
515.4861937116841,322.72847139253685,Gene 36
514.4113458428651,328.3723664669927,Gene 36
515.3858724125005,337.0011214834214,Gene 39
514.7114975734632,324.735950927814,Gene 39
515.849843947481,329.79724861671474,Gene 39
514.6562854409615,320.47561288432297,Gene 39
514.8785166509532,336.9578262103645,Gene 39
514.372505054477,337.201477503404,Gene 40
515.3942431992929,333.75387837016353,Gene 41
514.5467272621723,322.0589987193115,Gene 43
522.953801692837,335.6177159318828,Gene 0
520.9245164533739,323.37835397284323,Gene 0
520.7465855258789,326.232709701589,Gene 0
518.4212278663666,326.7471052416016,Gene 9
522.1186962778299,325.8952116771342,Gene 19
519.4454425442834,325.5895116689189,Gene 33
524.5760864282822,328.2136266805387,Gene 33
522.5531538473795,328.9561463604737,Gene 33
519.6060949471376,326.9706106122284,Gene 33
522.489673388742,330.72794320575883,Gene 33
520.0608814288822,336.1256981101557,Gene 33
519.8274762632852,326.8500259089893,Gene 33
517.8666379362567,328.4016155087508,Gene 33
524.2319971068478,330.6011146731244,Gene 33
521.8829614607824,324.93850950107753,Gene 33
524.2974764369208,333.7183814664623,Gene 33
519.987363235175,323.3700258924565,Gene 33
521.3153075162083,335.0430136855278,Gene 33
521.7421814632888,324.3093274242052,Gene 33
525.2402968914242,328.112867191572,Gene 34
520.8405753675171,336.90373887884977,Gene 34
524.2562795825324,331.12934742078954,Gene 34
521.9944452081588,335.64422914873245,Gene 34
519.2550045508623,326.41473280194464,Gene 34
522.3315782606758,336.14583055162456,Gene 34
524.2455430417549,326.6064411965363,Gene 34
524.7059072640902,329.609488576163,Gene 34
519.8572168606731,327.33336767357366,Gene 34
521.88122409085,323.6113691317081,Gene 34
521.3633783613927,327.96429930294005,Gene 35
520.3656248196514,336.2983662186523,Gene 35
519.4963196607823,335.4633132166805,Gene 35
518.6983926505873,330.8757526195717,Gene 35
522.4293808172348,327.3859592758299,Gene 35
523.3464697888304,334.8314336689931,Gene 35
523.6799615427632,334.59586752886116,Gene 35
520.2178036530288,328.0070749057157,Gene 36
524.3730006326633,332.95343626534435,Gene 36
522.5806731920404,335.88789198907784,Gene 36
520.4110004628452,328.72928961067646,Gene 36
518.8413026659529,328.6649718018338,Gene 36
523.0797099799464,324.0743865962818,Gene 39
521.4366727325953,336.7843202096761,Gene 39
521.6890706474163,336.8194785522941,Gene 39
524.3919498646596,328.4117960861369,Gene 47
524.484433498046,330.6137773443335,Gene 47
524.6836212994241,330.47294636952836,Gene 47
521.6969754801912,334.2182456411478,Gene 47
522.5742338792486,335.68953858590953,Gene 47
521.8949885846532,325.0429805451818,Gene 47
519.6455685425101,336.5805020893539,Gene 48
522.2441004651778,335.39281763873896,Gene 48
536.1161335647072,328.0097027176511,Gene 0
534.379024330286,321.80652890212184,Gene 0
534.5583151634844,330.31489555029583,Gene 0
534.7722573587677,329.31408307167106,Gene 0
533.9094086196167,336.23668124873717,Gene 0
531.6400024900823,330.39637036392566,Gene 1
533.8840752269803,335.70283641516636,Gene 9
535.8552069648384,334.33902362746875,Gene 32
532.2415235708529,329.31896842238757,Gene 33
532.1111315532986,334.64387838001153,Gene 33
535.011482100317,335.47308919856613,Gene 33
532.3757770844962,331.29340229670004,Gene 33
532.1548296339234,332.5031618401936,Gene 33
536.0936804596492,328.96925543249927,Gene 33
534.3158607599042,321.4271331348033,Gene 33
535.860689318642,332.2886863726494,Gene 33
534.6525160441633,331.46598494840396,Gene 33
532.8921346203572,332.59102008366506,Gene 33
532.2898148804431,326.573228960357,Gene 33
533.4251596100215,335.3927383278437,Gene 34
533.0274095030908,335.2619931022576,Gene 34
534.2377180771589,329.6475113444202,Gene 34
534.8659820954058,323.60630495026214,Gene 34
535.604858444934,327.5732795183209,Gene 34
533.2568346400616,333.68694717154796,Gene 34
534.8778887168996,323.606963258024,Gene 34
531.9793961491927,323.9417061023702,Gene 34
531.4819003719149,331.07847164013026,Gene 34
534.9091219153945,326.09724723002546,Gene 34
534.4792086321079,328.60507873395596,Gene 34
535.1867874701434,332.6685240567772,Gene 34
532.1063106943135,331.11533735706405,Gene 34
532.8713126261708,328.1961121819088,Gene 34
535.4915252649253,326.23531645296697,Gene 35
534.0355780411669,330.8034459395219,Gene 35
531.3704189424053,332.243047918703,Gene 35
533.9921839692739,332.66341794416434,Gene 35
535.2906569259192,332.1865043052563,Gene 35
532.3610470490988,330.8497425985397,Gene 35
532.5053907306226,333.4494079508867,Gene 36
531.3955638172545,325.0342926727796,Gene 36
532.0451606221039,332.2648290200249,Gene 36
531.5439576778796,326.33985516857234,Gene 36
535.6012311296405,333.9764803104599,Gene 36
535.0427789752174,323.51514536186414,Gene 36
533.8884718000247,332.49951382825856,Gene 39
533.8754597114336,334.7517728246385,Gene 39
534.1759494454037,332.3496537389872,Gene 39
536.5200204896646,330.62454774147625,Gene 39
531.6894710988962,329.0601876669454,Gene 47
536.0249352113325,324.13410731239503,Gene 47
534.3340956556689,335.71367681931645,Gene 47
531.8868790002201,326.55174552745177,Gene 48
534.0880194988396,331.10859988937,Gene 48
545.989479952727,336.90306571998883,Gene 0
545.3091290973462,338.80674053709765,Gene 0
546.746153921118,331.56239603103216,Gene 0
544.265374662649,327.4142850152617,Gene 0
544.1030909711326,329.4556628599465,Gene 0
545.0360934408856,339.48070526883083,Gene 16
546.5997436821817,323.8749416385833,Gene 33
547.1545193049107,326.5197486413229,Gene 33
544.3706008569293,335.0660425778628,Gene 33
545.0370714621631,339.1584622118263,Gene 33
544.0321175788456,329.51592853328043,Gene 33
543.7231477304435,329.95014329224847,Gene 33
543.7903211141089,335.213206831466,Gene 33
547.0645508671514,331.8532358710671,Gene 33
547.1237971857739,329.27093774294514,Gene 33
545.2532785503753,334.19563039086245,Gene 33
543.3173403143286,329.6340268362078,Gene 33
544.357437160424,325.48968450377754,Gene 33
545.294326014661,338.1175178641085,Gene 33
544.9051551913985,322.91783075244973,Gene 33
543.77462409839,335.5058173758623,Gene 33
546.2847387615618,335.7872463369038,Gene 34
545.0699521901747,340.4841383870548,Gene 34
547.2543400116684,330.8277998558151,Gene 34
544.2124018544536,328.31422977310257,Gene 34
546.8713934806462,329.795519933471,Gene 34
545.8183821226964,322.85071739732183,Gene 34
545.0477591083823,326.68513321559277,Gene 34
545.3434177303483,327.93356207800093,Gene 34
546.3643063837927,325.8583383116971,Gene 34
547.4070741826317,332.8175109330077,Gene 34
547.0381875505382,338.01780586839027,Gene 34
543.8388147384595,331.4630371333574,Gene 34
544.8377219863701,323.5269955426209,Gene 34
544.5244740467265,337.7631927795075,Gene 34
544.2717758282243,333.1927202310336,Gene 34
547.5831580609363,333.57211570093835,Gene 35
545.8172293048572,327.2442770967459,Gene 35
546.5167030167461,335.7568197566735,Gene 35
543.447224559233,329.5586774553311,Gene 35
546.8040902162776,336.5451002642243,Gene 35
546.1710083976428,338.64844039112063,Gene 35
544.3889891356705,334.8808378182162,Gene 36
546.7612369495608,330.97063941877786,Gene 36
546.9816094396276,324.9728666508591,Gene 39
546.3418864556588,325.483808404914,Gene 39
546.7599156494632,325.28944406326474,Gene 39
546.2423342611299,332.3284186580762,Gene 39
544.406950110161,330.3861623048569,Gene 47
543.7928898943569,329.79475002220676,Gene 47
546.8257586886042,329.2827711666024,Gene 47
545.6813401348217,325.5828192715151,Gene 47
546.6626039387562,329.88790777208027,Gene 48
557.3305744599955,323.7806482226775,Gene 0
558.6879531869915,322.2329759604419,Gene 0
557.9806975508899,338.0854772541318,Gene 1
557.0411022572704,323.8297166506177,Gene 1
556.5168864609219,331.53889583706575,Gene 1
558.986350531524,326.59048882708703,Gene 1
559.3860132823146,333.2027439895929,Gene 33
557.351254316586,333.56683428575496,Gene 33
557.8403550686763,319.38326157132747,Gene 33
558.8219107730472,335.2732216451772,Gene 33
558.6507997895296,332.7803372545641,Gene 33
557.2865030336765,336.0097854275579,Gene 33
556.6831493369941,328.91669530790386,Gene 33
557.2238892444938,332.5139747507921,Gene 33
559.1496950652642,326.80095590596466,Gene 33
557.2942699706255,326.61084640303454,Gene 33
558.204551932284,319.6984724961272,Gene 33
557.3097217642014,324.26656265071836,Gene 33
556.562599639579,330.9704776904777,Gene 33
556.9670644223447,324.93907781448894,Gene 34
559.0839947235921,335.1812582105837,Gene 34
557.5605400471583,319.2770147793737,Gene 34
558.2165655830512,322.0331857143122,Gene 34
556.4907381848664,329.6635588558127,Gene 34
556.1889710011334,327.8845069547898,Gene 34
558.6297068526627,333.6578355288607,Gene 34
558.4186373596062,336.96624862056854,Gene 34
556.4944049620221,326.70709822025105,Gene 34
557.8365481914514,323.8253932574385,Gene 34
557.6517702557134,334.60155425984607,Gene 34
558.917623654915,322.1986730475628,Gene 34
558.508327717214,333.38975258767243,Gene 34
558.7848017208161,330.94886159937187,Gene 35
556.4346387056278,327.5747454604342,Gene 35
558.9955145068036,329.7543872335784,Gene 35
559.0497153204661,336.1466783417275,Gene 35
556.57871944126,325.4221544245812,Gene 35
558.1341465486454,324.62362962484156,Gene 35
556.9905972072236,330.2387848077258,Gene 35
556.5648431742711,328.771234014658,Gene 35
558.3972379195125,322.2408926224928,Gene 35
557.5228382848999,324.113896191029,Gene 35
557.7941795089371,326.86721579525295,Gene 35
559.0298744045264,332.5978016596001,Gene 35
557.4838627988207,333.46631671462313,Gene 35
558.9099107111534,330.2826800710169,Gene 35
558.8791348773468,326.32828972110474,Gene 36
558.4252383138929,325.3031066249629,Gene 36
556.1713907153023,330.1784837035164,Gene 36
556.067941863895,327.50327076671107,Gene 39
558.5204426487637,323.4292428801536,Gene 41
559.4280230362812,327.07026172128457,Gene 43
558.186695334888,321.8284781729325,Gene 46
559.1674404416212,324.91417967275095,Gene 47
557.5397075944505,334.854268427793,Gene 47
567.5513962720833,331.7604499074879,Gene 0
567.1648722105831,325.30109396237367,Gene 0
568.5874549799604,324.6888638070544,Gene 0
561.315700703901,330.05435151037796,Gene 0
565.5869371662033,323.48925031454166,Gene 0
565.800315820774,321.81432645224004,Gene 0
566.9197090879701,323.67802192587834,Gene 0
562.5412591324099,331.7189440995652,Gene 0
566.9013164662539,328.7727666466224,Gene 1
569.3786905640198,330.2790326552072,Gene 19
562.0349299647942,324.76294007076376,Gene 19
562.796299900891,321.5616197504479,Gene 32
563.2979656682468,325.9953039153885,Gene 33
569.3817964006157,328.9782538233513,Gene 33
567.1436862504532,325.34935586461575,Gene 33
566.1210492824958,333.2084843325448,Gene 33
566.4778062839223,324.5080424321933,Gene 33
565.9435846005673,333.8237278282083,Gene 33
564.1285515317676,322.573103415339,Gene 34
563.4373895390798,324.2942738991636,Gene 34
563.9330017516106,324.20076985358793,Gene 34
567.3819207696073,324.46809513423653,Gene 34
562.0302770181634,323.95894077486224,Gene 34
568.3462577268509,323.597630548547,Gene 34
564.3198506461165,322.08233710351954,Gene 34
567.6865098999198,331.2799147519321,Gene 34
561.0193527433257,330.7941610713928,Gene 34
562.0119866959866,329.69759386014704,Gene 34
561.3737911161842,325.0241820673682,Gene 35
562.0964267226175,325.40667513553234,Gene 35
569.0258530516916,327.9026205413253,Gene 35
565.3556369141313,326.4371500885209,Gene 35
563.6277505820376,325.194418779685,Gene 35
566.2201555935358,327.7164785204806,Gene 35
564.8774960751156,323.1139567339539,Gene 35
565.7219805400769,334.4710132449776,Gene 35
562.2836734815688,322.0720542847743,Gene 35
565.194665587297,332.68144156475995,Gene 35
565.5808581665375,321.06545017299146,Gene 36
561.7335822516505,329.02832858022316,Gene 36
567.0538625558355,322.0713467661156,Gene 36
564.7227054145719,321.8885665896164,Gene 36
562.1163562807404,323.71834378974444,Gene 36
567.3621525255068,330.89012895336583,Gene 39
565.4914471475025,321.1116524938262,Gene 43
566.3395386863009,332.5699867671903,Gene 47
566.7160747940133,330.4717277556602,Gene 47
567.9215475550363,332.69120671247464,Gene 48
576.7607030770185,322.58651619973705,Gene 0
574.6724491368312,335.68554056536345,Gene 0
573.1447454463969,330.449545654211,Gene 0
572.7047490070279,330.18956497857494,Gene 0
573.9681629046477,323.0960983408804,Gene 0
576.3511249423484,335.05079359914885,Gene 0
574.0261221545654,326.58512453200206,Gene 19
575.841045979967,327.6271783965635,Gene 27
572.8098340596429,328.4565150378028,Gene 32
578.3907381258682,334.137644168749,Gene 33
575.5451962129043,335.83237088642744,Gene 33
572.5179037199522,325.9523831960597,Gene 33
574.6121107735312,330.778510548527,Gene 33
579.1280068088473,331.31908304158037,Gene 33
577.8540199283663,332.97362885364305,Gene 33
573.7151128418825,324.79299836568254,Gene 33
576.9942730829124,333.51972675390886,Gene 33
576.276740544991,335.55359145596157,Gene 33
577.7212825545568,335.53636893360147,Gene 33
579.5028961892845,328.7116067258411,Gene 33
573.3956471387509,326.7747334942428,Gene 34
576.4122748672257,333.83660408476504,Gene 34
578.1068783236562,327.5705918536439,Gene 34
572.3026212910642,327.05346054827186,Gene 34
574.2546667516752,329.97786125964603,Gene 34
572.150696695993,326.28377770972156,Gene 34
580.1387794293246,330.842330046984,Gene 34
573.8589640773757,323.4506738815061,Gene 34
579.2249333972844,327.4136426065984,Gene 34
578.5846684855338,332.30870526593884,Gene 34
578.8959852284092,333.9957780219893,Gene 34
571.8196375078314,331.894775242614,Gene 34
573.388879715531,328.9171501299937,Gene 34
576.9131664483476,331.27077782846203,Gene 34
578.1326718157189,327.9798318011913,Gene 35
573.1950003000733,327.69266717436045,Gene 35
577.8050580023557,328.8602004024237,Gene 35
572.5698633754321,330.08935789138667,Gene 35
578.4069288749413,327.8847088456874,Gene 35
578.6709757174871,327.69709197320105,Gene 35
571.9248447182981,330.9302991436031,Gene 36
579.2208323519133,329.67626620231044,Gene 39
578.113081064493,324.96097748070355,Gene 39
571.8319322931654,329.1244045433801,Gene 39
577.6970533661163,335.26275833034396,Gene 43
578.8586797014932,332.6387861692869,Gene 47
576.3409329463899,332.2486486280864,Gene 47
579.3624515526067,328.22122982773357,Gene 47
582.5397376601786,336.2842766832715,Gene 0
583.3460039649515,326.93324511197267,Gene 0
583.1908701159614,337.8257313549357,Gene 0
585.962686847681,327.2033672835332,Gene 1
587.3891458535114,330.277747021283,Gene 32
586.5047350758869,338.6729285652377,Gene 33
586.8038883804355,328.1430851160394,Gene 33
584.3978141220501,327.8510613122475,Gene 33
581.6742759581872,329.7485333345094,Gene 33
584.2926129396307,338.13451744735454,Gene 33
582.5887274054486,329.04273493019645,Gene 33
582.2634802050817,336.4381844192251,Gene 33
587.8856945494878,329.32243348048587,Gene 33
587.2435898672192,328.32647675945026,Gene 33
582.1476420156679,331.5132226967545,Gene 33
586.5766009995255,328.23441439805174,Gene 33
585.6241436850431,339.0035247843268,Gene 33
586.561921872722,329.019012289863,Gene 33
585.66673434827,325.22459267326025,Gene 33
581.5691822673652,331.73609564895077,Gene 33
586.7596248042743,328.26913001863926,Gene 33
582.1533954615084,329.7052536464358,Gene 33
585.3364207393867,329.9944556955173,Gene 33
585.3248845422659,334.8092502110988,Gene 33
588.1491688687103,329.29760856139364,Gene 33
582.7964502962681,329.42674398883406,Gene 33
587.227416969871,336.7891166110918,Gene 33
586.5096152746451,331.5608413409826,Gene 33
583.1918341738065,337.5766279948807,Gene 34
581.8803401181381,331.00377794946183,Gene 34
588.0184313137465,331.8345306326531,Gene 34
585.9916503331694,325.76467277843926,Gene 34
582.0519024460555,332.1703718238678,Gene 34
588.783869310245,332.4929383136638,Gene 34
586.5528764620697,329.2412439739016,Gene 34
584.8060515974389,340.17623756257865,Gene 34
586.9937907306124,337.88520832874167,Gene 34
582.6946377698498,333.6675505840317,Gene 35
586.7415592448299,328.8357079858419,Gene 35
586.0665364994628,328.8898647607421,Gene 35
583.0801004480302,338.3454636565261,Gene 35
584.2341770546161,336.4815028707207,Gene 35
586.597144063262,329.9655991051029,Gene 35
588.1363900523916,329.6922679431674,Gene 35
586.2614800500835,331.41195315653846,Gene 35
582.4602689199138,334.2515898145937,Gene 36
585.2747622262589,339.9248993057939,Gene 36
584.2539354295382,326.34331955846744,Gene 36
582.3155825229838,336.8973216155779,Gene 36
585.9892453061323,337.3460004473798,Gene 39
585.2950182445229,340.6302200587684,Gene 39
584.6220084385229,338.194474015184,Gene 39
586.0930307180539,337.43460888280384,Gene 40
585.0930840076469,337.7660304061851,Gene 43
584.29327214398,337.76695115109385,Gene 47
584.8852338263463,333.8554775097662,Gene 47
585.9741042986834,327.1518346247858,Gene 47
582.1859716551753,335.31551755257556,Gene 48
594.4731657996359,337.4949744544345,Gene 0
593.085986676091,336.1210156888954,Gene 0
593.8376143065046,325.6081593665939,Gene 0
596.4496818885191,329.6825926357689,Gene 0
594.7803724533462,328.51594715542797,Gene 0
593.3008816878931,331.2165494517907,Gene 1
594.1076499728862,323.00052919931915,Gene 33
596.8358687968765,326.10982474283276,Gene 33
596.052471928518,327.0523291585051,Gene 33
596.5827235717287,334.30800319884463,Gene 33
596.6819362904355,333.20206635116824,Gene 33
593.5487558727104,325.54203829698855,Gene 33
596.7314883860388,332.32779065342373,Gene 33
595.5533720664939,334.52653122566875,Gene 33
596.5558987987486,330.04190327460435,Gene 33
597.2828152040088,333.71935546721926,Gene 33
594.9394976352473,321.84990332894216,Gene 33
592.9115077553671,325.27370480038564,Gene 33
594.6510692343487,325.52678208322817,Gene 33
594.7577323743685,332.83012586780546,Gene 33
596.240168065875,325.33049714453165,Gene 33
596.3683648768761,335.3581228640088,Gene 34
592.947493640698,330.9323208385298,Gene 34
593.0947975022559,329.31164311733596,Gene 34
592.797306950294,327.0105592239545,Gene 34
595.1350777426321,327.4314484706043,Gene 34
596.6111467999762,330.2197104462477,Gene 34
593.6806861022133,333.9661854688069,Gene 34
596.6959254693087,334.404681467006,Gene 34
592.9532710360392,328.8638971854541,Gene 34
595.5828466789153,323.50161008718027,Gene 34
592.9151638350339,330.11830640091995,Gene 34
592.8941800439801,331.7942278348489,Gene 34
593.154116683421,330.9778390531487,Gene 34
596.4163153932604,324.67231108088026,Gene 35
597.0482579773335,329.1114581332588,Gene 35
593.3268763766919,335.3853339927784,Gene 35
592.9062201449639,331.6925940933936,Gene 35
595.7026581036391,333.2137747441741,Gene 35
595.2961430626634,337.7284936528804,Gene 35
595.0253850993362,324.6700257213546,Gene 35
595.5891529859147,335.99077232060426,Gene 35
596.5081787472146,336.5953000213635,Gene 36
596.2575573815134,334.6473915158447,Gene 36
596.0387005379799,324.4010555094947,Gene 36
595.9236041695748,335.0716012957265,Gene 36
594.416055529016,326.7211348178097,Gene 36
593.4868472871254,330.2692747869485,Gene 36
596.8261453023536,335.83032474270357,Gene 36
594.4895661176356,326.75089143539077,Gene 39
595.4281078050717,326.05494214356605,Gene 39
596.812275409765,327.7916482943124,Gene 39
595.647013151596,334.92430804135165,Gene 39
594.2014471648591,336.7039551600805,Gene 39
593.524317245495,336.60386206515795,Gene 39
593.4188129283203,336.17462786058815,Gene 41
595.6391120048249,327.3346930512563,Gene 47
594.3611210941433,331.57249994735633,Gene 47
594.0926522759686,328.8212462918961,Gene 47
595.3294440367661,324.29903886388166,Gene 47
593.6669182149822,336.2833628404257,Gene 47
592.8171511315632,329.6878118996302,Gene 47
596.4378351505067,327.1807887467726,Gene 48
537.0243958271935,336.64261525661846,Gene 0
541.5983274628502,340.74610453720123,Gene 0
539.7955414217304,345.87958734505446,Gene 0
540.5027048486539,331.3371404631031,Gene 0
536.9259103695225,336.60975601748044,Gene 19
538.5477648774256,333.38671018293155,Gene 30
542.6159509929817,334.4452875922285,Gene 33
541.6804736956362,333.87250463826683,Gene 33
538.1171390112341,335.7050464593609,Gene 33
541.7500847294754,340.19559008094325,Gene 33
537.6983096050143,334.434143200144,Gene 33
541.9080863793719,338.72265573939944,Gene 33
539.1195233006997,335.9933063019616,Gene 33
542.6101084628527,333.9299105375903,Gene 33
542.1655155764881,340.82558390827853,Gene 33
538.3004683901534,333.21760858499925,Gene 33
539.0279066934619,345.5801301905013,Gene 33
540.8408024593073,332.39143276764315,Gene 33
541.0500148820836,343.16687307926657,Gene 33
538.0684245063634,332.1479600361883,Gene 33
539.8352354986299,345.61004323890165,Gene 33
537.8773389996129,333.0244295434989,Gene 33
537.6907250581871,335.6358056391987,Gene 33
539.0085397936537,344.2303188393207,Gene 33
540.9155324830148,331.27981105397885,Gene 33
538.450452472325,332.14510492410255,Gene 34
541.1691857319765,335.6086795024949,Gene 34
536.8035639555408,340.4711348476214,Gene 34
542.7626250054153,342.5670797737828,Gene 34
538.3341032899888,334.19077763226034,Gene 34
541.064978189986,345.00391400057435,Gene 34
541.1164545173664,331.8022962296382,Gene 34
542.0712844097209,342.4448966261313,Gene 34
541.535754104429,331.7113376693394,Gene 34
536.5567510566506,336.2228258788456,Gene 34
537.6142868787057,341.78747683496323,Gene 34
538.8480333113132,336.38483511112713,Gene 34
540.2667709454857,331.93161823256526,Gene 34
543.1917754535514,340.26653361075404,Gene 34
541.6291095108489,343.81895589913245,Gene 34
537.404905495781,339.7151527296925,Gene 34
541.9491877230088,333.94017454599816,Gene 34
536.6316839733059,338.6062241721446,Gene 34
540.0057760573151,333.18187910925514,Gene 34
538.2124647137055,340.64694955466445,Gene 34
537.9853398995562,333.49232015504055,Gene 34
536.9701709001293,341.5700714312659,Gene 34
542.0447113241132,334.5931707531055,Gene 35
536.9105871252516,338.8574515808301,Gene 35
542.254104500658,333.63526114306126,Gene 35
537.0048216186814,340.85796243683586,Gene 35
541.1494456326781,339.23100895754436,Gene 35
542.5585051958761,334.86925480875414,Gene 35
541.5309276144005,344.28257457086977,Gene 35
542.58419112216,336.6968770365631,Gene 35
540.0295542713336,343.065849070832,Gene 35
538.5578977480396,333.50936990093203,Gene 35
542.2325394857672,335.5091608672539,Gene 36
543.214743437777,335.152364084577,Gene 39
542.0385523189063,344.08878268478895,Gene 39
541.8443331421971,343.784176797742,Gene 39
537.2107712700479,341.03988329100326,Gene 39
539.170750646233,333.2259328601561,Gene 43
536.9814290046701,343.7462039349959,Gene 47
540.0557729130333,335.27604729174584,Gene 48
546.7575039444577,330.4444620036269,Gene 0
549.679921312491,337.8942650240295,Gene 0
547.7908537950722,328.8969739379691,Gene 0
553.5161375327033,336.90295790721774,Gene 0
551.7867139637891,336.98470343717355,Gene 0
547.3203215519547,333.93535980401623,Gene 0
548.4092609398809,338.50868406845365,Gene 0
552.8860303052084,332.3779689030114,Gene 1
552.8243921810346,336.7385435810996,Gene 33
548.6962096958549,328.69039319352856,Gene 33
550.8117071912158,330.2412442386918,Gene 33
554.1411144225032,336.20435050625434,Gene 33
547.7580586724521,329.1581709038236,Gene 33
550.5235545289826,330.33280780907154,Gene 33
551.2361249225604,340.34111710459223,Gene 33
546.1967937468723,334.2254396385207,Gene 33
549.5601769452188,329.7328288706063,Gene 33
546.7996259537213,330.97459643255905,Gene 33
553.3530002335627,337.3568404380721,Gene 33
549.9327396124748,328.2686446306422,Gene 33
546.4687540556721,340.3439504315199,Gene 34
550.0595801554911,329.65631404422163,Gene 34
544.8621405911305,334.9126069881803,Gene 34
553.9621420897516,331.49296547040683,Gene 34
554.1507558922718,330.98477184165716,Gene 34
546.1409086753423,332.3035598786846,Gene 34
545.2681670870089,330.6005551335762,Gene 34
552.0509483037129,331.81671215099726,Gene 34
548.1163263141887,337.1170755375631,Gene 35
551.954009017159,339.13398845213095,Gene 35
553.0087399274915,332.69910629963147,Gene 35
548.5211928434715,339.72139604125607,Gene 35
551.8751258160023,328.7643169285461,Gene 35
547.6673195765942,328.1270434019023,Gene 35
550.0088138343593,329.0930030320026,Gene 35
553.9638618430324,335.02205578363277,Gene 35
547.7183598385859,340.1678967046425,Gene 35
548.1543225038448,330.0016558589756,Gene 35
550.1500458247616,330.57599865087326,Gene 35
549.808180432223,338.70757964217563,Gene 35
549.5023209937107,330.0385529838002,Gene 36
553.7736889725027,336.60092261216374,Gene 36
551.036432793528,333.13238470311717,Gene 39
552.7157734064764,333.31951948926366,Gene 39
546.3804778411308,336.96437443358013,Gene 39
548.8076775507338,327.6282211224102,Gene 39
553.0982407149961,337.51090594956185,Gene 43
552.5995505397817,335.3890307243291,Gene 47
549.5903844782034,339.6667174918313,Gene 47
545.478898319596,330.4645777757494,Gene 47
550.3393388859932,329.4500591894651,Gene 48
558.0109380047016,326.73302875530277,Gene 0
557.1434151110952,342.7005834738831,Gene 0
557.3901869158137,330.5129481622602,Gene 0
557.4881304224353,347.11562947820124,Gene 0
558.4170868230325,335.56348132483174,Gene 0
557.3689391916621,344.91935958758324,Gene 0
557.7290943893006,346.44049747877256,Gene 0
558.4350348430444,330.04517853882595,Gene 0
558.1943800451444,332.69796752993886,Gene 1
558.3629219590235,342.0552820397763,Gene 9
557.4413519396772,334.71528865023373,Gene 19
557.3643345859227,338.1345152020819,Gene 33
556.9451108189425,338.8913778130916,Gene 33
557.946527664818,326.4682050279312,Gene 33
557.6795195232233,341.9726333857249,Gene 33
557.1448390922995,335.65861254067727,Gene 33
557.2102955900399,330.1581003674634,Gene 33
557.5388888933371,329.33397366585064,Gene 33
557.8914650570863,329.8069246745453,Gene 33
557.337507155532,340.9903719699534,Gene 33
557.9894401401933,345.44126783447587,Gene 33
557.1507979235126,343.8398182801122,Gene 33
558.397655476455,342.42963205058385,Gene 33
558.0457196171743,330.1439286730063,Gene 34
558.0128267686586,332.90794038792,Gene 34
558.1825038292769,327.48145621522593,Gene 34
556.9743873838489,337.0489783353834,Gene 34
558.317845961187,338.818907232984,Gene 34
557.0212181056447,337.2006044703157,Gene 34
557.6935663000152,344.91303719849054,Gene 34
558.0597116369544,345.14934454802096,Gene 34
557.2078426850528,340.25288991575195,Gene 34
557.2150300679216,331.10087882122406,Gene 34
558.0408571454768,327.7886902189578,Gene 34
557.3337754615752,341.6355422188013,Gene 34
557.8059251651604,338.0916517406646,Gene 34
558.2833076796152,343.2297055645235,Gene 34
558.5060184513372,340.2352142131378,Gene 35
557.6966272795853,341.7118088921889,Gene 35
558.1940852925278,329.9248601941475,Gene 35
557.2815057418887,344.2345568513751,Gene 35
558.2176561484612,332.74948323343284,Gene 35
557.5533569484842,330.7904095806882,Gene 35
557.1048222857125,333.54523697856996,Gene 36
557.7542133896876,341.67668686197084,Gene 36
557.1352189410549,335.36135727006746,Gene 36
558.4630052859893,340.754761209938,Gene 36
558.2627406524197,340.65557152191207,Gene 36
558.057519461189,332.540913444764,Gene 39
557.2377808863457,333.3954678212768,Gene 39
558.3676002175284,345.6865508695122,Gene 39
557.7809239792696,347.75618945916756,Gene 41
557.5536776385828,343.8193260499679,Gene 41
557.491981110383,343.39250078758306,Gene 43
558.1842960184903,334.2279279638193,Gene 47
558.228692961295,329.39709393768527,Gene 47
557.2860989262772,344.8032324889121,Gene 47
557.0258769027791,338.9395687553523,Gene 48
557.3934000256187,332.59804925507376,Gene 48
574.6929019135472,343.5373530075649,Gene 0
573.3008895559667,342.2588341616868,Gene 0
568.3563056110371,345.02027804586834,Gene 9
569.8649474170236,335.9048574172313,Gene 19
572.8224592088243,337.04113821797256,Gene 32
572.9393581176628,344.00678070367286,Gene 33
573.737650637853,338.34211548746725,Gene 33
574.2118963709808,343.5678281110447,Gene 33
575.7887134752012,341.9091247065501,Gene 33
567.6401543654968,336.9227804346129,Gene 33
574.1268905366479,343.99783876738775,Gene 33
568.4471216163349,337.48897894758306,Gene 33
571.7849816873594,337.70778093083123,Gene 33
573.1712909535465,345.4633352988387,Gene 33
573.4268627140112,338.18691946920586,Gene 33
576.4072679295314,340.13794357580014,Gene 33
566.0192328055533,343.58815380326485,Gene 33
567.4067540579681,338.487349836949,Gene 33
574.7179708032278,339.27518316198143,Gene 33
575.1845862552087,344.0657008310718,Gene 33
566.3948305944797,340.3957899338433,Gene 33
569.5886862573233,345.2241671653042,Gene 33
571.2920225538962,336.9540197166349,Gene 34
565.0516225343518,340.45569301993083,Gene 34
565.3497581234311,339.2252093516467,Gene 34
574.790804813939,338.3156513842632,Gene 34
567.4014085291735,338.61787584642224,Gene 34
567.4653193251456,339.13339696150166,Gene 34
570.2435164502872,336.8496611089365,Gene 34
567.6905791674789,336.4752986353989,Gene 34
573.7939705840167,342.8090889347946,Gene 34
566.1755717295033,341.3730053244424,Gene 35
574.6172166752364,337.59003383405405,Gene 35
567.6560643024026,335.8737954086008,Gene 35
570.7403264528076,345.99378111657785,Gene 35
571.3025530565699,344.7126120585339,Gene 35
567.4487622103761,344.0265959931408,Gene 36
569.1551176183431,345.2968321360386,Gene 36
569.4955510632295,343.967629006762,Gene 39
575.0431481643516,342.59413650209547,Gene 39
568.7687138310986,344.2096020302716,Gene 39
569.975878366526,343.8899064340901,Gene 41
568.4503802264031,344.54628873025285,Gene 47
569.317803572001,342.6163761314353,Gene 47
575.6004113602577,340.6504051227776,Gene 47
568.443017687694,342.097663850545,Gene 47
572.7023019948087,344.45960029421775,Gene 48
584.1279058121614,327.64122604603807,Gene 0
583.7524253810516,327.53606047366645,Gene 0
583.0164329665982,334.6317061571982,Gene 0
582.9122573897134,335.77164673116135,Gene 0
583.7737228717808,342.09187003665113,Gene 1
583.2212515397522,326.3848362583478,Gene 19
583.2675809711739,334.8297816278818,Gene 19
583.0937064566994,332.11995166773414,Gene 33
583.6342110805349,339.71129689849647,Gene 33
583.709550840567,323.9121383808895,Gene 33
583.3346185367736,338.11206745760165,Gene 33
583.1296506474465,335.5723868639569,Gene 33
583.6473050436088,327.27265115911666,Gene 33
583.0596857325054,334.96911210554674,Gene 33
584.1166866928451,338.15116786650395,Gene 33
584.2992060784726,334.835684031376,Gene 33
583.8765756446935,326.23991619342223,Gene 33
583.8501340328932,330.1194789653439,Gene 33
583.8364389876618,330.85900213994194,Gene 33
584.2120561440579,332.46544388372166,Gene 33
582.9909756504842,325.4747664289429,Gene 33
583.503689463449,341.903865441821,Gene 33
584.3705063598685,330.96470036438586,Gene 33
583.648817200127,323.65317126633283,Gene 33
584.070290838645,332.59373279436767,Gene 33
583.9771795683351,336.5498322877069,Gene 33
584.0535272174146,325.4429290025758,Gene 33
584.0238733284746,329.86525145967045,Gene 33
583.7671040728862,339.888707909297,Gene 33
583.0698132793286,332.2097007161046,Gene 33
583.1172046975651,329.36044818148446,Gene 33
583.445647512973,342.811507149737,Gene 33
584.1909861673262,339.3432349227028,Gene 33
583.9394065077364,337.27399347823246,Gene 33
583.4798335235107,324.5047341242328,Gene 34
583.2372759099418,329.31518480507003,Gene 34
583.1935284136813,329.20439603011937,Gene 34
583.6952581284803,340.92414061528825,Gene 34
583.8065586436918,336.3375853703175,Gene 34
582.8246358719128,329.0911445721786,Gene 34
584.155598197747,335.8405935302457,Gene 34
583.7763085327953,342.52822623750245,Gene 34
583.9131416343542,343.1598011836695,Gene 34
583.3322643669976,331.67469224653496,Gene 35
582.92994682283,336.47373858223705,Gene 35
584.1129688869332,326.06551813732415,Gene 35
583.2594765270032,332.5703486818964,Gene 35
583.230335951923,336.444298045836,Gene 35
583.5512513165246,324.6936534960578,Gene 36
584.1661114530743,336.7504442422646,Gene 36
583.6147391092579,325.72883760383894,Gene 36
583.6852908620062,326.31503060491593,Gene 36
583.7964395778787,343.15572224795164,Gene 36
584.1996043852341,333.0022355205503,Gene 36
584.157302900616,333.43039752047673,Gene 39
584.4252886712036,329.02318946581084,Gene 43
583.2139285023288,338.1195017712407,Gene 47
583.1626489502688,341.7249039161518,Gene 47
584.3505629422137,332.6290322615756,Gene 47
583.2451884097698,326.3619247911474,Gene 47
584.2318024302937,327.7308695742913,Gene 47
583.7058537749033,342.9542008166874,Gene 48
583.3881988359118,327.2588304799122,Gene 48
590.0927387448892,342.1249966074292,Gene 0
590.8352346334593,334.61338446689246,Gene 0
590.4315742536932,332.9504842013063,Gene 0
590.341748175014,330.7376817847341,Gene 0
589.702980478139,333.6413960078091,Gene 1
590.5810410678367,342.62044482580103,Gene 19
590.1574921467309,345.69255296995203,Gene 32
590.6494265755355,342.40411093544424,Gene 32
589.6977740375231,333.3036388531939,Gene 33
589.9116983989045,333.6782779393918,Gene 33
589.3883185979395,342.0027721475263,Gene 33
590.5736102738782,335.9405600907766,Gene 33
589.3412143508826,335.9213998233295,Gene 33
590.729075176728,338.3575773970567,Gene 33
590.5595931814648,329.78230426461795,Gene 33
589.3679889305369,336.58433834089095,Gene 33
590.0950009125595,348.7571379037216,Gene 33
590.6242188130693,336.0107403720234,Gene 33
589.3531292201793,341.2377147629718,Gene 33
589.8538149941982,342.27642291618145,Gene 33
590.6275377983085,331.8757947070487,Gene 33
589.5692984205396,340.5164259918451,Gene 33
590.5527482519554,345.64309434436564,Gene 33
589.596638815682,334.81857101491715,Gene 33
590.4228807713534,336.9026039771941,Gene 33
590.4415065217502,342.18792745141457,Gene 33
590.2198616738698,348.2706598821337,Gene 34
590.0582611207288,343.6491476580568,Gene 34
590.4793627717971,346.5903111292941,Gene 34
589.9723567986522,335.6424386522453,Gene 34
589.5937014381892,336.085228964612,Gene 34
590.4885015008726,329.374524887104,Gene 34
590.1846645869399,347.24612030003846,Gene 34
590.810021983192,340.79654386040943,Gene 34
590.2547704845366,329.7081969420389,Gene 34
589.7918439386616,332.7580027398738,Gene 35
590.517248531774,342.2611450976239,Gene 35
590.0124117065928,344.19798136048536,Gene 35
589.7356573042413,336.63679422159646,Gene 35
589.7267526129723,338.56988105567217,Gene 35
590.7228005656491,347.1471028273489,Gene 35
590.8403284691672,335.34274097327676,Gene 35
589.8799268850502,332.8425815669956,Gene 35
590.5375574369607,329.9101506801801,Gene 35
590.4778739202659,330.4558345261254,Gene 35
589.7057040402158,340.1788519379595,Gene 36
590.2571538979528,332.42545681558414,Gene 36
590.4643499396163,329.6398626275485,Gene 36
589.870430508517,330.45454621153715,Gene 39
590.2686722317828,330.5013949791543,Gene 39
590.8759182129804,344.3559537774485,Gene 39
590.2601775840329,329.6802280137069,Gene 39
590.0179505908419,332.5429662601428,Gene 43
590.1671789938002,336.2688310614931,Gene 47
590.5801613090217,343.35292491196924,Gene 48
575.2544774249428,340.58944094805804,Gene 0
577.9182794458716,341.67140139112036,Gene 0
577.1881454843301,342.10856099527695,Gene 0
577.7836021736433,345.53779688957235,Gene 0
577.4791716084525,353.3685598258095,Gene 1
575.5389016713481,353.922763483506,Gene 33
577.5025886574914,341.8635473962778,Gene 33
576.0183242727744,353.04096468665307,Gene 33
575.8011945236352,339.0832955943535,Gene 33
576.5529587261799,339.25436591295136,Gene 33
577.7130822525883,343.8583687678023,Gene 33
576.6888889326747,355.76081009148714,Gene 33
577.9348350265127,344.9506811611237,Gene 33
576.7096502528642,352.08395691833863,Gene 33
575.707393293623,354.3815284782441,Gene 33
578.741292562698,343.10954676014734,Gene 33
574.1913821987201,344.37778849313776,Gene 33
575.3522357044521,352.29103947932714,Gene 33
576.3728371075679,342.41266110282044,Gene 33
578.0729624355433,351.432130422045,Gene 33
577.048634877862,341.1320657828895,Gene 33
576.1193356399069,352.05490845796646,Gene 33
575.2003791904308,342.9178965173746,Gene 33
575.0277478889141,351.4996494153169,Gene 34
577.5629099021791,354.6280759239608,Gene 34
577.1853839256004,353.0387783504321,Gene 34
576.810898304665,353.7204524707824,Gene 34
576.2861697135265,354.1518462864831,Gene 34
576.974899913335,351.74016626473923,Gene 34
577.2150140563632,340.6367772392744,Gene 34
574.6634744216929,350.20681160128856,Gene 34
576.163572654275,337.62510745822976,Gene 34
575.609010759364,353.11928436257205,Gene 34
574.1872508795295,345.45069148890644,Gene 34
576.2293164722007,346.6861083187953,Gene 34
575.2549437662425,347.7689132816893,Gene 34
576.6694965948726,342.241978958108,Gene 34
574.7081130684056,348.5519437647442,Gene 34
578.3346687090054,350.13994188963966,Gene 34
578.3812020886796,349.7206316433575,Gene 35
574.5544575200372,346.8694623137442,Gene 35
578.3695665383707,344.97881274446337,Gene 35
575.6103842150513,342.917850747021,Gene 35
575.1999678047982,337.87218410741934,Gene 35
574.7720159746287,349.5359024394453,Gene 35
575.819529125767,339.72899905556443,Gene 35
575.2595898139057,339.63228418796945,Gene 35
575.900175663099,353.3109603024936,Gene 36
576.0157259877664,341.38741264807237,Gene 36
577.0028224928794,339.79038624838165,Gene 36
577.3567211069171,342.33014154397,Gene 36
574.4286138532907,348.82081771389653,Gene 39
576.0975146995926,339.1814730243579,Gene 39
578.1597942587638,340.4514460604465,Gene 39
577.4083931424523,340.8414627177939,Gene 39
574.2451384441698,343.723922506156,Gene 39
574.0967759297238,346.61647844682153,Gene 39
576.517763136328,338.24497796443234,Gene 39
578.6164375305706,341.19801251099796,Gene 39
573.7880468590281,344.8141916005826,Gene 41
576.7555096619179,352.94794444114325,Gene 47
576.7799122733858,354.8246197197277,Gene 48
587.5587747681462,341.6382917652038,Gene 0
587.8152908963729,351.9055852077767,Gene 0
589.0287627305597,339.9043006107981,Gene 9
586.8695093706024,339.39057158173114,Gene 33
585.38340002359,349.3592841243642,Gene 33
586.4406122842273,338.97571125297964,Gene 33
586.1071200884393,339.8492933962315,Gene 33
585.8786206919963,351.29402295109577,Gene 33
588.0633550213856,336.3327420964436,Gene 33
585.4625793427205,341.1943374884013,Gene 33
589.0490500727019,349.19459436172804,Gene 33
589.2132652265003,349.88849421406036,Gene 33
587.9360438896658,348.028329243874,Gene 33
588.0566521950938,348.7971978934763,Gene 33
585.8390019486149,351.6153995233089,Gene 33
587.017865644579,346.5899100359839,Gene 34
585.890270774922,342.67333635372364,Gene 34
587.3034553639816,352.28315648244165,Gene 34
585.9233226913494,340.3081827115748,Gene 34
588.9835975985867,346.9084011601621,Gene 34
589.0963921795569,344.9729137222778,Gene 34
589.1101113165374,342.59033721591237,Gene 34
587.4302884532857,349.6461339557738,Gene 34
586.3016316114649,353.81656286915285,Gene 34
587.8501576552658,345.95867765358145,Gene 34
587.2336519740355,342.2720527668912,Gene 34
587.9596776683024,342.748053715231,Gene 35
585.9081562176416,339.5435517006404,Gene 35
586.2335540519202,349.7126754852861,Gene 35
587.5911801670111,341.3140661952819,Gene 35
589.1216742679749,347.25851330163533,Gene 35
589.0548966043054,348.31089197515104,Gene 35
586.2908368604587,346.82114358332547,Gene 35
587.8376099095609,344.18382418906026,Gene 35
588.7736587900243,348.5191522748851,Gene 35
588.5677024963749,343.7007387315254,Gene 35
587.0683593843867,339.0465996730164,Gene 35
585.3329903151362,348.4824645204345,Gene 35
585.5360691675611,343.5771153247415,Gene 35
587.465579541441,336.71242253004016,Gene 36
585.1253710683181,342.93419081208503,Gene 36
587.7779799761885,351.05239265021925,Gene 36
587.4540728473426,347.07495102551286,Gene 39
586.7281857408676,342.43682329744735,Gene 47
585.6051433216561,348.04879006158535,Gene 48
596.5646515894763,344.6717798672997,Gene 0
596.3938071182487,342.6352745121041,Gene 0
595.9382685776419,337.31457637407016,Gene 0
597.5795795148655,348.05715266467286,Gene 0
596.9588124462542,340.3884969503812,Gene 0
594.4655887779653,341.2282199635455,Gene 1
597.422982709191,350.6300494239002,Gene 4
594.73526485991,352.60458117047443,Gene 19
595.8167707984139,340.40773537931506,Gene 33
593.7889388635136,343.2360888934807,Gene 33
594.7976765573529,339.66112377874725,Gene 33
596.6768383140353,340.64677402213397,Gene 33
593.7978417513049,343.2642907952186,Gene 33
596.2196384345233,340.530154052145,Gene 33
593.7971004343635,347.8927542407278,Gene 33
595.0300756238269,351.6151666173582,Gene 33
596.0435155756273,339.8990983222844,Gene 33
595.5963940024802,351.7287454443074,Gene 33
594.4965454980808,350.1299000085264,Gene 33
594.409161664608,350.17360627966474,Gene 33
597.2615708882804,344.93591910211154,Gene 33
596.9526021105745,338.8038834968723,Gene 33
596.5390534641665,352.67755014560174,Gene 34
593.3276640466227,344.9699633791884,Gene 34
594.7266918248724,339.51247923156643,Gene 34
595.1554933031724,339.57400854666815,Gene 34
594.1995402284866,342.7645673728787,Gene 34
595.6331877322816,351.00621185141256,Gene 34
593.9273088465807,346.0376060558878,Gene 35
595.2584606182394,353.15279307452994,Gene 35
595.2999960488577,337.3670161840549,Gene 35
595.0547232852895,350.7869336153868,Gene 35
594.8193837871588,343.72958715887904,Gene 35
596.7427353537703,346.54936048997973,Gene 35
594.8792868712335,341.8258875142506,Gene 35
596.9471280673931,343.3013973952223,Gene 36
596.8659022813962,344.0638708327064,Gene 36
596.4175566314686,339.5744101952215,Gene 36
594.0881585925661,342.82575456910917,Gene 36
594.8115023244734,352.90041823345234,Gene 36
594.9802350745132,352.86792222641253,Gene 36
596.2004824196941,347.6865140394801,Gene 39
594.8032920173629,351.41132483478106,Gene 47
594.1896680613518,349.0437904700328,Gene 47
593.4856900819749,345.0212961160207,Gene 48
581.4012329835512,345.6190237241893,Gene 0
583.6949725346998,355.7048569497276,Gene 0
579.6317101260602,348.13871963329785,Gene 0
582.7296856403167,345.2076828964115,Gene 0
582.022097716464,346.40128908417836,Gene 1
583.8870824727591,350.67635304565954,Gene 9
582.0624794939761,356.66009308836163,Gene 32
583.0471875324157,348.38502188083766,Gene 32
579.4208544971274,357.4895103137074,Gene 33
583.2723597184056,347.25383137964235,Gene 33
582.531913705168,357.62635497186466,Gene 33
580.00227075828,350.0997326220314,Gene 33
583.2829307242748,347.56915964330824,Gene 33
579.0628623749064,355.0076066047297,Gene 33
582.1109637489415,351.6497764543092,Gene 33
581.8317224204874,343.7849632829518,Gene 33
581.5687538539532,346.8401494139065,Gene 33
582.2902767290238,349.84495540546067,Gene 33
583.3865014479209,357.36800097720123,Gene 33
580.5522597101028,357.9111580981137,Gene 33
582.4853990914071,345.8662943885746,Gene 33
579.0451716845103,355.52450712828494,Gene 33
579.3409084592238,347.04323289159623,Gene 33
579.4837121616808,350.94259453253375,Gene 33
578.6661691066207,355.11416652654054,Gene 33
577.8874003910771,352.77535815451273,Gene 34
581.7265434885604,343.86719621144863,Gene 34
580.0608977461569,345.54748786675356,Gene 34
583.2673874034522,347.5197221931696,Gene 34
580.0530021070083,345.50991880399863,Gene 34
580.1958556809974,345.09158436173055,Gene 34
584.0765413732892,349.9786830879447,Gene 34
583.5063596061631,349.0718453903224,Gene 34
578.2053229196365,353.7407323205067,Gene 34
581.7378828854463,347.4864510871828,Gene 34
583.5089338919586,347.6169763340929,Gene 34
581.3118422301369,347.194400562571,Gene 34
580.0021675618679,346.02658879862213,Gene 35
583.0011258737277,358.0992003899108,Gene 35
581.6313924821508,357.1012640043564,Gene 35
583.3157230712037,349.6707146093105,Gene 35
580.2057154516372,357.32517358884735,Gene 35
580.7693949340577,356.5995712071384,Gene 36
583.3115114213547,349.7041068466921,Gene 36
580.0117471337489,348.3316896157297,Gene 36
579.2569780876852,352.15880565741645,Gene 36
582.0485127887913,344.55645781360226,Gene 36
583.5468261845241,354.7447621456832,Gene 39
584.2935948488614,355.1314487183567,Gene 39
580.247500715504,358.76676375537176,Gene 39
578.1207577175898,350.75996066812814,Gene 39
578.1212283398088,354.4866926237119,Gene 40
582.7015572332656,348.24032892209675,Gene 41
578.9476411693777,348.628624731265,Gene 47
583.086855817354,351.05307314374534,Gene 47
579.3909827121184,348.5650595909652,Gene 47
593.469099671787,351.0970175689946,Gene 0
593.2650823670797,344.8329768569549,Gene 0
592.9562189993125,349.22990889429326,Gene 1
592.7965008428504,356.6784063688319,Gene 9
592.9036047782284,344.5617872193604,Gene 33
593.4686382672927,347.44377005007453,Gene 33
593.2320298600087,343.35995856480355,Gene 33
593.4408171399884,350.4448006133775,Gene 33
593.5426973010553,357.66712539320184,Gene 33
592.9161720176835,359.4311583907875,Gene 33
592.9449252556793,351.82487825381884,Gene 34
592.8307758088649,346.27523524136546,Gene 34
592.7701936134338,351.6792611591609,Gene 34
593.3510877900577,346.73246537497903,Gene 34
592.7278320240677,352.8809557058329,Gene 34
593.3304175355102,353.86185872953354,Gene 34
593.4069964914245,360.7134665903643,Gene 34
592.7754126086871,350.7321379438764,Gene 34
593.29810844399,352.0783492729029,Gene 34
593.2943152509152,344.04458676783156,Gene 34
592.9177301561383,354.00119522446505,Gene 34
592.9933401670721,352.3251756612985,Gene 34
593.6070697683958,352.79616253045333,Gene 34
593.0449353588363,359.84397392946835,Gene 34
593.3877124995275,345.9507598173854,Gene 35
593.0090644813804,344.2672785361258,Gene 35
592.9377178322341,353.6385737687846,Gene 35
593.1874651175119,344.3328111911629,Gene 36
593.6533620371708,353.8584364246347,Gene 36
593.2361814328585,354.30387050480203,Gene 39
592.7601733499179,351.64087431443687,Gene 39
593.1817392259525,357.5880212992755,Gene 47
592.8700848117866,353.0174784596707,Gene 47
593.5662493388401,355.8110027768447,Gene 47
592.8571012927267,351.0673735295465,Gene 47
593.0075477104978,359.9169364372572,Gene 47
593.4978705952502,348.78626575825837,Gene 47
592.7906882866239,350.5413952167557,Gene 47
593.345369357108,359.1514234633503,Gene 47
507.7952792825242,330.8141005749175,Gene 4
504.8768076038177,327.3812634951033,Gene 13
502.83316372592594,329.9946946778033,Gene 19
505.007191169011,335.2289610708788,Gene 19
506.65826351274677,331.5273951351691,Gene 22
502.44801017726104,328.3972374113007,Gene 26
508.5555197683308,332.6032305356205,Gene 26
508.46662081361865,324.96151533503456,Gene 26
504.4493439827052,333.40241375690385,Gene 26
509.348560555526,328.3324090311342,Gene 26
508.4126747833225,331.23927113995734,Gene 26
508.53895726354284,335.48460463182636,Gene 26
511.3378171389007,331.635163260505,Gene 27
504.4017945526889,325.8272852449777,Gene 27
504.1508818822369,334.4944703337904,Gene 27
510.46264993916833,329.27018217844966,Gene 27
505.93417406220766,333.10788900125607,Gene 27
504.92606906669573,335.8887581758174,Gene 27
506.3855614303605,333.126776237704,Gene 27
506.3667176440038,324.1314779413639,Gene 28
507.55840505852,328.2230414344071,Gene 28
507.6143194342033,335.6816580795292,Gene 28
508.9892997998871,326.68953155379677,Gene 28
508.03093083004865,325.3577150995489,Gene 28
507.1451779519871,336.25163359051845,Gene 28
503.17032497741724,332.1036169115728,Gene 28
509.212978000734,328.0543389410552,Gene 28
501.87797433106806,330.9620882494988,Gene 29
505.21958842865246,324.57430873531047,Gene 29
507.43528844024576,334.64405716735865,Gene 29
503.122519505459,328.82390719178244,Gene 29
503.66460255429104,334.5097891589001,Gene 29
507.1161138653486,326.10525132812046,Gene 29
504.2638442645743,324.286118368491,Gene 29
506.501988486909,331.647145372321,Gene 30
510.07558422897307,329.6666929432408,Gene 30
509.5486814638805,334.24122833909144,Gene 30
501.0860861683879,329.19924492814636,Gene 30
508.77108824907657,334.0331540212786,Gene 30
503.03232460290633,326.0288769086224,Gene 30
508.59519481125585,328.6762950065992,Gene 30
502.10245156624177,328.94270472767226,Gene 30
508.91112259807875,330.12488484122457,Gene 31
502.8598410277998,330.86600396142654,Gene 31
507.1892927891096,326.06718229749913,Gene 31
508.9248839923121,329.24656828958894,Gene 32
505.05132251251536,331.98577258386285,Gene 32
509.7482663017458,328.8981905079751,Gene 32
509.15839468197674,332.6623995731432,Gene 32
504.3504603163441,329.29219737164595,Gene 33
507.57123965084264,328.06824973319016,Gene 35
506.3883075080715,326.406252543213,Gene 36
504.5664010557223,325.13602719671565,Gene 37
509.090311005211,333.69248496706945,Gene 37
507.52733747104355,334.4554281327086,Gene 37
509.7967178833132,330.80422005234414,Gene 37
504.1772331834787,338.95740596351527,Gene 4
501.39768276461024,341.050353243538,Gene 5
503.2365461184892,340.74646383224746,Gene 13
500.03917207578223,336.3811197856427,Gene 13
504.8375747976306,332.85543296170044,Gene 13
501.0357549266411,333.0682274903944,Gene 13
499.28537878953705,338.39354904620427,Gene 19
502.7799537130951,341.0969769641478,Gene 22
501.23807190719464,334.5850167097542,Gene 24
502.73537837709426,340.02482810799376,Gene 26
501.0530876797594,340.88671625367937,Gene 26
500.48579972496475,330.7010667268217,Gene 26
503.3457500436175,337.96474271524664,Gene 26
500.8379624236281,335.51379516593516,Gene 26
501.7573508306644,326.5762303854398,Gene 27
502.91352531799777,337.5712109272404,Gene 27
500.7310482120654,331.390320555397,Gene 27
504.7585858395439,336.2100729821959,Gene 27
502.67599911169657,327.680109098456,Gene 27
499.55101203063987,333.3642388191795,Gene 27
500.9974488972868,330.0910357831554,Gene 27
503.8953429042749,334.39220894738105,Gene 27
502.94827937484206,327.0025638274382,Gene 27
501.8942097015155,339.59938748194514,Gene 27
500.82331930632375,341.66492759793545,Gene 28
503.08781419201085,337.42220488165276,Gene 28
499.34986867243464,335.4044719491017,Gene 28
499.59012784505234,333.013043270305,Gene 28
503.76627099396103,334.6598486852568,Gene 28
499.72706842756656,334.9465991431277,Gene 29
502.05195995008313,328.0261824708065,Gene 29
504.5870242881991,335.78785385559576,Gene 29
505.50817313739947,332.06640952499293,Gene 29
503.6505214707412,334.4114598160159,Gene 29
504.0606927210653,329.9995089072317,Gene 29
503.5724119717706,336.27700655769706,Gene 29
502.108415679594,328.8794228025701,Gene 29
499.4280211469308,336.53871810432526,Gene 29
502.19962217922483,328.2753809779251,Gene 30
503.66680718598377,328.2809308785829,Gene 30
499.85761187494813,336.6531044779758,Gene 30
499.418275921045,338.15046966334444,Gene 30
501.26070892688824,334.9448554050652,Gene 31
504.26209106986386,336.8903851081055,Gene 31
502.347114795807,340.93775303647936,Gene 31
499.7642581592001,336.9582703758844,Gene 31
500.84465215046,337.40198312520124,Gene 31
505.36614338936624,333.24982943658335,Gene 31
503.818996281747,339.72127089450174,Gene 32
500.1664854583839,332.1539307306072,Gene 32
501.42618740983534,341.6684741696081,Gene 32
500.20166235185536,336.69585911348906,Gene 32
500.22753476543625,336.6214557097787,Gene 32
501.8460008427725,338.07255996160205,Gene 32
499.93941934313756,332.86695597991746,Gene 32
501.363068733075,338.57125617521024,Gene 33
504.958133970854,334.33525802957337,Gene 37
500.0811016940823,331.18438204149226,Gene 37
500.1213422050336,332.62645819883846,Gene 37
503.7229281737761,341.6892335738224,Gene 37
502.24065276746853,342.1176862737158,Gene 37
504.49231604624646,333.2284100139567,Gene 37
503.28695925987824,341.3768158525346,Gene 37
507.13737966211306,330.76868060722455,Gene 4
510.8647023737066,331.76941513829814,Gene 4
505.9475499147017,337.50406137637344,Gene 4
507.7076493389264,342.7801124946616,Gene 5
509.2486356188045,328.75709525580123,Gene 22
504.90099423471463,333.5436100007399,Gene 22
505.8391353570875,335.2778309147999,Gene 22
508.06835524369285,341.72131022098466,Gene 26
508.10333032561533,340.87453346982556,Gene 26
508.75269525143955,332.29774281327235,Gene 26
505.90446143432627,336.51108137529917,Gene 26
506.80074855399766,327.99438665302716,Gene 26
506.3645346605035,340.2640398269487,Gene 26
506.064789128702,329.05087483153346,Gene 26
507.38353043430055,343.73699892908854,Gene 26
510.0369191928334,334.15809419565363,Gene 26
507.4357987414152,326.5084866354656,Gene 27
504.6361881411454,333.1395760075655,Gene 27
505.903174876808,338.5032904304651,Gene 27
507.20294215189836,342.4349909799384,Gene 27
506.5592025582554,334.21033308209985,Gene 27
509.90766763800804,341.8043567972348,Gene 27
508.37904450077497,334.44222660831053,Gene 27
504.8247214850265,332.9893488895973,Gene 27
510.6043304395487,331.6545134305227,Gene 27
509.52424421785946,339.3421032576497,Gene 27
507.2540219764433,330.5673323626904,Gene 27
508.9245099176362,339.3249538404916,Gene 27
509.5237227844376,334.26068457825636,Gene 28
506.07235487897344,331.1637021458614,Gene 28
508.5699700153487,329.02844821239523,Gene 28
505.9514274992752,336.19715093740865,Gene 29
509.0963240939779,327.21359723109845,Gene 29
509.48872978070926,340.3592133113568,Gene 29
506.88032570105315,340.3063257061301,Gene 29
507.9777132364932,342.91132032411394,Gene 29
510.19258551155923,338.29365611665423,Gene 29
506.83330127580035,338.63435258523003,Gene 29
506.98665422899734,337.14489450826056,Gene 29
509.6580090786763,329.1896829989658,Gene 29
505.7400500752023,328.4146947647808,Gene 29
505.1002137260194,334.1377459224465,Gene 29
507.34137591475593,339.65686535154396,Gene 29
506.868716372825,329.0756882275074,Gene 30
505.6279433432036,330.79054059230816,Gene 31
509.9782633323606,331.29121061281455,Gene 31
510.340978127741,330.21184698217803,Gene 31
510.4849674250711,333.12570746438763,Gene 31
505.1109746529806,334.90514325859044,Gene 31
508.9043961260972,327.27387369590895,Gene 32
510.6536056680705,339.0595426884401,Gene 32
504.9664344286245,335.6151133130126,Gene 32
505.76188696081016,330.73870345667484,Gene 32
505.3574816094823,340.67450292829415,Gene 32
505.1803064881043,331.07267289904854,Gene 32
508.6831832396257,329.7626018634535,Gene 33
506.17173619494713,340.00866252514544,Gene 33
506.73850675653017,328.42677280149394,Gene 37
508.6535128050003,340.5722338353135,Gene 37
505.4441979332727,338.97480975987304,Gene 37
505.13561469161874,333.86176114110964,Gene 37
506.8008097076103,340.07571853888936,Gene 49
520.6732620303923,332.6254575763331,Gene 5
520.0196320342899,343.5284135473889,Gene 19
520.7788852835432,343.7685016087804,Gene 19
522.5168559778554,339.2942926109527,Gene 19
516.7036105289486,337.9856895597106,Gene 19
521.3529764661433,333.7678766391232,Gene 22
515.7453049573012,341.2106196560977,Gene 24
520.0172485524351,334.73183044597437,Gene 26
517.8239959254853,333.2509389310075,Gene 27
518.2289855654228,332.48968282553346,Gene 27
520.913429567679,338.0528387050662,Gene 27
522.5187079580103,336.99761342026585,Gene 27
520.1937298956148,341.39648584323544,Gene 27
521.9753986959505,341.65520555427617,Gene 27
517.807557433726,338.8953237672958,Gene 28
519.7302065876852,343.3003602302069,Gene 28
516.471068577591,334.87818338321114,Gene 28
518.3658804384847,342.4865999129246,Gene 28
519.7088728132635,333.13620576332517,Gene 29
517.9826197031659,335.0339866470973,Gene 30
517.7092780140629,332.9748264520474,Gene 30
517.5204388345073,336.074507776906,Gene 30
522.7882533728555,334.79440286991286,Gene 30
519.7235122202304,341.5986002028823,Gene 31
520.8816768818542,333.5264211503034,Gene 31
517.1478228808525,342.2785879454882,Gene 31
520.377358274213,336.2402077992217,Gene 31
518.0136889524925,343.19930401583565,Gene 31
520.7742628342447,337.7859483895545,Gene 31
519.0620204213469,330.46723570443,Gene 32
520.4377448614883,336.5010991740706,Gene 32
517.9321486264855,339.45306737268885,Gene 32
521.9107923853036,335.22525847826034,Gene 32
521.5235423542758,332.9352097712497,Gene 32
522.2945819925208,338.3157125633172,Gene 33
518.047210891853,332.5798463887616,Gene 34
520.2120144611313,336.4689378053569,Gene 35
517.7588931364977,340.1667625640012,Gene 36
519.8792225348024,335.90286619731927,Gene 37
521.1289422307018,342.6703901826872,Gene 37
518.7071069929526,345.2369074158163,Gene 37
521.0109247295097,332.7674806898808,Gene 40
504.02889219199704,354.8839196141665,Gene 4
501.14650683014554,353.9500107134639,Gene 5
506.91428206781524,354.58839299829975,Gene 13
505.3436069038019,342.8186457516222,Gene 19
500.09918674868123,349.0493614280828,Gene 22
502.57010798466644,346.86693464802886,Gene 22
501.17067977675475,350.3377708390385,Gene 26
501.48448034329397,344.81272861094527,Gene 26
503.6437529653113,342.26376165845994,Gene 26
501.0445089860394,353.11116253882335,Gene 26
504.62888348720674,347.8455828624113,Gene 27
505.7812491998666,354.3450118315836,Gene 27
507.0861732714911,344.5919301604163,Gene 27
503.8921312549588,344.88896019388216,Gene 27
503.3586283893191,350.96852930058316,Gene 27
500.66228667653826,346.2867916451751,Gene 27
501.5578740134426,346.9504573018822,Gene 27
502.5528589305169,353.7039614511297,Gene 27
502.9311877542667,356.1234695869322,Gene 27
500.7904698452894,353.1007629482762,Gene 28
504.6940827205293,346.892073973966,Gene 28
501.35568677363887,353.15841209097835,Gene 28
499.89044414970726,346.39053862106306,Gene 28
507.1610279338138,344.99512155410594,Gene 28
507.65698964417965,352.35901461054317,Gene 29
500.7236332312202,347.60342945840836,Gene 29
500.8263861478821,351.4955965819362,Gene 29
503.3113519447407,343.63792489549814,Gene 29
507.5661606316741,351.0995246389978,Gene 29
506.7902398420902,352.45555868722863,Gene 29
506.6912000206177,344.72983826844245,Gene 29
504.61369754671114,354.6851697410142,Gene 29
504.286548031954,346.236203094588,Gene 29
506.3270257883349,350.11154156966603,Gene 30
503.0739338661432,343.8235717902095,Gene 30
507.03132298797624,350.9859465427199,Gene 30
504.2779190603615,344.721505272304,Gene 31
503.2624364768421,343.9676506668198,Gene 31
501.8313950547053,353.61626240473527,Gene 32
503.44394692572007,346.61142760817086,Gene 32
507.4816846100122,348.5204553724792,Gene 32
505.74204565689234,354.4373107103769,Gene 32
501.44580582736415,353.9380661932578,Gene 32
501.81456278104406,351.1119884019215,Gene 33
505.2796789308424,353.8461780540084,Gene 37
516.7111295476088,348.4762135121322,Gene 19
516.2752791135973,336.0089671037753,Gene 19
514.134812618122,340.67806898849926,Gene 26
514.2032577294304,336.40591058718724,Gene 26
516.7101004787241,346.2165285578713,Gene 26
514.55597743513,336.46386262087356,Gene 26
516.7127888200872,349.1886075325513,Gene 26
516.1418726281202,348.91242133557694,Gene 27
515.7695260652933,334.74526181219,Gene 27
517.3959567915986,341.1256828637526,Gene 27
517.8393664809653,340.94948267557515,Gene 27
517.1722582152607,345.00283517297277,Gene 27
517.8626432683493,340.41097059981877,Gene 27
514.7917655930346,344.3112232428572,Gene 27
514.5732159786828,339.9662397893669,Gene 27
514.5099951504967,342.5646679950075,Gene 28
514.7198464691356,349.69964441173954,Gene 28
516.4996844454257,348.9015247363564,Gene 28
514.7573212255619,340.81484774559226,Gene 28
514.8798302931528,334.9753912052655,Gene 29
515.5756775906951,348.2166149847559,Gene 29
517.0561809880229,336.5179214166144,Gene 29
515.0652546832061,349.4968033322239,Gene 29
513.7795587582962,338.36472895320145,Gene 29
517.4833733987158,346.1067558475057,Gene 29
513.7185929237877,336.6405545436697,Gene 29
514.9804946243055,347.31392615860614,Gene 29
513.7543281402654,347.30901061990994,Gene 29
513.8527908489751,339.67834287905094,Gene 29
513.7555069794373,336.61246389741314,Gene 30
513.8894422349947,347.3077952424649,Gene 30
514.7222438545851,334.0583343821972,Gene 30
514.2830025577111,348.83118124699837,Gene 31
516.111182222356,338.4330078374561,Gene 31
515.3499797810233,335.1618556988588,Gene 31
515.90280046004,336.33776084858187,Gene 31
514.1335617493553,343.23957503969757,Gene 32
516.4474635871136,333.47908089506564,Gene 32
517.2440482967659,340.95085667981937,Gene 32
514.9167768225069,346.6382499974539,Gene 32
513.9758353548939,344.4976074087359,Gene 33
516.8367148624079,343.8383517142557,Gene 37
513.8056829746602,344.5895341849335,Gene 37
516.1665904830604,349.0939723605481,Gene 37
524.4616899599018,351.5020564750762,Gene 4
523.676691741233,342.6065983339284,Gene 5
524.3459372953083,353.41379004372027,Gene 5
523.6561827754626,348.8836541067156,Gene 19
526.035340795573,341.96720749768286,Gene 26
523.8146919984252,348.9501581577054,Gene 26
525.6231363732143,341.01667681821687,Gene 26
524.6445326968557,339.05443402798534,Gene 26
525.8197865830904,347.0344381445542,Gene 26
525.0208333482435,340.9161761664276,Gene 27
523.3640377535013,352.22128193421264,Gene 27
524.4434049581765,340.2366027752128,Gene 27
525.1894057217996,338.96764547967285,Gene 27
525.503290473186,343.3333329074964,Gene 27
525.4097184819166,338.96189252908187,Gene 27
526.5313319019624,345.1109460695244,Gene 27
523.8740775104291,342.83072973289006,Gene 27
525.9676037696478,345.4887045645986,Gene 28
523.98782112218,346.67217492403324,Gene 28
523.656960911747,345.03453442730796,Gene 28
524.6928133255008,343.50662810349814,Gene 29
526.4075550128413,342.48805166929424,Gene 29
524.4549292576546,338.73524891890673,Gene 29
523.8945134424049,341.5980563006187,Gene 29
524.1794296678311,351.86493068183336,Gene 29
524.4438128390556,354.5382326768578,Gene 29
523.7739210506045,346.7874168545122,Gene 29
525.3550974759631,346.433219000571,Gene 30
525.748681861318,354.0147978756158,Gene 30
525.5444208167821,351.7984356264427,Gene 31
524.2555792438277,344.53091238436707,Gene 31
523.4252776844668,347.39092730501704,Gene 32
524.5850422479715,352.1332621141625,Gene 32
525.912662674714,349.5835827232659,Gene 32
523.7856877778495,347.958158228362,Gene 32
524.9977341082048,352.69952275904524,Gene 32
524.7807454200697,340.2339614568764,Gene 32
524.7295772203288,351.8814677992402,Gene 32
523.6252230651827,343.545343888042,Gene 33
526.1594514808273,350.27036686112586,Gene 33
525.6836853038373,353.7243587195495,Gene 37
525.7651631569154,355.1781231628019,Gene 37
534.8277130023296,343.31876815857396,Gene 13
539.5541536899863,340.92514553828676,Gene 13
533.7888453249484,349.48403947169214,Gene 26
536.2097152137884,351.659585975817,Gene 26
538.4369177812482,346.62141810719,Gene 26
539.4066073264703,343.19591564124454,Gene 26
537.537933724594,342.33780672183286,Gene 26
536.2288412875318,349.0310786182289,Gene 27
540.1375733399033,350.06724208286624,Gene 27
534.3943179170508,342.21518248457807,Gene 27
532.9246319909206,344.8129818139398,Gene 27
539.2903864915954,343.8524746840823,Gene 27
534.3044351435103,353.0882787448841,Gene 27
539.4532793396644,342.56005691369785,Gene 27
538.4603189999181,345.2699742843504,Gene 27
535.0292672402326,352.58382500878713,Gene 27
540.3092924672485,348.4869013731446,Gene 28
537.9660743798881,344.52989060667744,Gene 28
538.9755666334643,343.72468629274147,Gene 28
536.4827979030274,342.8776087542933,Gene 29
533.8619354768832,342.01226610699786,Gene 29
537.1805258573027,354.07613107413795,Gene 29
537.2201654394138,342.48782677600127,Gene 29
538.9157063147131,342.43915480590243,Gene 29
533.7692066047999,343.60953915402536,Gene 29
539.2524511521412,343.5173664752858,Gene 30
533.8234124847413,349.2020808035979,Gene 30
536.1639695281942,342.6668466455353,Gene 30
538.9141795825853,352.7177337532905,Gene 30
533.954570001168,347.15331820847695,Gene 30
540.0319306038239,343.28975347934283,Gene 31
538.9685283260317,344.18895841056593,Gene 32
533.6505374814764,350.93410629414007,Gene 32
537.1103897611421,350.88065429671957,Gene 32
539.9425525573741,346.1969268198776,Gene 32
541.4710735284103,349.36521492825705,Gene 32
534.0748749776324,346.1783628833858,Gene 32
535.5462552951524,351.3548780520725,Gene 32
534.7096296000801,344.15224372508493,Gene 37
535.1638701362023,351.07012033375725,Gene 37
545.8890950557328,346.46041366588287,Gene 4
543.0314006185974,345.0241886125967,Gene 19
542.8703222389946,356.3068890996832,Gene 19
544.2561199457804,351.20100656696195,Gene 22
545.5609528598524,352.3476213136758,Gene 22
542.5366891540085,353.708873909894,Gene 26
544.1328064281684,351.55346432966,Gene 26
544.5274272150549,355.35909667402905,Gene 26
545.1179961756538,344.75897776859466,Gene 26
545.6632565431108,350.21306975970055,Gene 26
545.4322712087306,351.7179122027225,Gene 27
542.3179745671811,344.5729598600008,Gene 27
543.0862511986708,355.7834331339186,Gene 27
541.7820955196228,341.719928964987,Gene 27
545.4628403909086,343.1605204737714,Gene 27
545.4794131580189,343.06794529200994,Gene 27
544.2252185193137,345.92695306793036,Gene 27
543.6208899491517,356.0467359997774,Gene 27
543.9038934928585,343.31663272123575,Gene 28
542.4538055281579,354.1185099877299,Gene 28
541.1572204200432,344.1795751744384,Gene 28
545.6626456903984,347.97013932410414,Gene 28
542.3297249093523,355.60014217930296,Gene 28
544.7254860923833,341.9977238411381,Gene 28
545.0790615606785,355.51026740862807,Gene 28
543.9687094491859,354.21810032171766,Gene 28
542.3294747558217,355.18521512445466,Gene 29
546.1098552250128,345.4648155206433,Gene 29
543.8514626112199,354.077591953672,Gene 29
543.750885373303,353.5587608641648,Gene 29
542.5606784009485,347.72476652989303,Gene 29
541.1869248290911,351.1424102657936,Gene 30
540.6193807495315,345.16016068823274,Gene 31
544.9566504258477,348.8067226929379,Gene 31
545.3903683427679,348.71635176883103,Gene 31
545.9993280371827,346.5386436669652,Gene 31
544.7620306344401,342.6688032239162,Gene 31
544.8069649620447,345.1343500247774,Gene 31
542.1015893343584,354.43872250879264,Gene 32
545.62602428948,342.74497062701977,Gene 32
542.4887570354513,357.1046966220899,Gene 32
541.4835404221453,342.4713993922667,Gene 33
545.8239260439362,345.49590129908955,Gene 37
541.9903666801448,351.7892180517066,Gene 37
541.7203549863235,343.39861553119795,Gene 37
546.4185232941534,352.4300667060348,Gene 38
541.993671439558,349.43968673655337,Gene 49
554.5739504800633,341.58150100387667,Gene 4
556.5320902351956,347.9523202401692,Gene 5
553.285174509365,342.2308407600396,Gene 16
553.7179617610958,346.2727388087347,Gene 19
552.6985074676418,347.59359944451757,Gene 19
556.3933793235867,350.18003359784353,Gene 19
555.9495969034573,343.4881988082758,Gene 22
555.7668325509624,354.5418999587893,Gene 22
553.1226058408181,343.64177370846704,Gene 26
556.4907380840189,342.5962744384838,Gene 26
554.1422189722208,353.6635591438165,Gene 26
551.5016086803656,346.97387913273235,Gene 26
551.1630936042368,351.20457233211704,Gene 26
553.3552076519405,348.5766262229345,Gene 26
552.306865190176,350.4354098120714,Gene 26
551.2172902715465,349.7365046526571,Gene 26
553.4672857801928,340.5594460309938,Gene 26
551.3442955405062,346.51138749151744,Gene 27
551.3176578745309,345.3972785183656,Gene 27
553.2331325842852,354.96491129340654,Gene 27
553.6809972584817,355.61663836667617,Gene 27
551.9422735249029,351.0073404875154,Gene 27
557.0651514496224,348.5930093150019,Gene 27
551.8301951363492,341.7440638014277,Gene 27
552.9660418026458,355.6330648061716,Gene 27
555.2918870378448,355.40838130732584,Gene 28
553.5945686067055,342.78343184455684,Gene 28
552.923574402995,341.37806543243113,Gene 28
553.364139970239,345.3942781817371,Gene 28
554.5788099341494,348.15602566650904,Gene 28
556.504130728819,347.986871383661,Gene 29
553.2233299131714,344.6609891988955,Gene 29
555.9509620899088,352.98451482033454,Gene 29
551.8053286930253,350.05882076863065,Gene 29
551.8173365025145,346.60604578551886,Gene 29
552.8659972128337,349.5119311933577,Gene 30
555.2513101365154,354.38562763886614,Gene 30
554.1992587029087,352.2638230536002,Gene 30
555.2334122304492,341.5399845647503,Gene 30
552.4153279663375,346.70530993665875,Gene 31
557.4865406917545,350.82632361359964,Gene 31
550.9491382957787,348.6701002593047,Gene 31
555.2386746996674,342.4378987694881,Gene 31
552.487803805651,350.4229704714153,Gene 32
552.4756758964024,342.00887780903895,Gene 32
556.3708493277462,349.9686256894064,Gene 32
552.0078535315774,350.6827840897741,Gene 32
555.5001761252655,342.77552427796826,Gene 37
555.6571768576147,353.528942807021,Gene 37
552.0832354981872,345.16192342322273,Gene 37
556.4806612328355,348.2778570026935,Gene 37
552.2937862929417,344.71286020363544,Gene 37
556.9539941002674,342.8121687561356,Gene 37
502.15860311170513,364.42796364813444,Gene 4
503.0090647135923,363.37945443734225,Gene 19
501.6731652088111,362.2055403704975,Gene 19
502.1946208724666,350.9217449226257,Gene 19
502.4873619618838,360.3640037334666,Gene 19
502.1761381641142,365.550625141701,Gene 22
502.2272380631807,349.53206545828294,Gene 26
501.3085933582373,352.1608745063989,Gene 26
500.2112414559166,357.7354915284034,Gene 26
501.3281490591655,352.79436593562775,Gene 26
503.43247444836436,358.34205916478066,Gene 26
501.31332636387634,351.55966465706297,Gene 26
502.96867656781427,352.12747481024326,Gene 27
502.04175950398894,354.61098867674724,Gene 27
503.8544549607891,355.5662735050679,Gene 27
501.54530501258927,353.03691686302494,Gene 27
503.075707329542,355.79838017005744,Gene 27
501.6954338617978,365.63802683284877,Gene 27
502.53681611678485,354.5292125622321,Gene 27
501.49645648211185,352.6226885287033,Gene 27
501.3058106561461,364.0670620584148,Gene 27
502.12223689944346,362.85102353084596,Gene 28
502.9331268516653,351.1576608524087,Gene 28
502.78288325376917,363.3687214072808,Gene 28
500.2835444954599,354.4282736077702,Gene 28
500.55755580508963,360.46079713801186,Gene 28
501.225933446599,358.51696617338877,Gene 29
502.49168999063085,351.14062738262317,Gene 29
503.2374628897885,356.977883824468,Gene 29
502.5393743969907,365.31157188285715,Gene 29
503.1920667095556,354.50156087779,Gene 29
502.0838870462004,350.711741138567,Gene 29
500.92998224829694,364.727387584515,Gene 29
502.61377594342554,353.3739104417334,Gene 30
502.5876800246726,363.7259437004883,Gene 30
502.5721864101555,359.5160164710707,Gene 30
503.2721631134382,354.20833072017695,Gene 30
503.7874354784513,358.13660093765884,Gene 31
503.3701261702878,361.1486968672574,Gene 31
502.1953758166342,348.6415952278946,Gene 31
501.6768643144567,361.4513592718355,Gene 31
502.41027437461577,363.55058890832254,Gene 31
500.97340034672294,357.5449813290403,Gene 31
501.30087255470664,349.6083466604219,Gene 32
501.0068419619138,361.80612007064394,Gene 32
502.0359130743258,364.4938320629142,Gene 32
501.18184833997367,362.63750588135446,Gene 33
501.572984302368,353.46391801741464,Gene 36
500.5023626676124,356.1489084964541,Gene 37
503.7739921068804,360.25538850715577,Gene 37
503.2284365633945,356.8177928610578,Gene 37
501.1704136317407,351.42417106123406,Gene 49
511.1145665192924,349.1010026346708,Gene 5
511.2663828395148,348.36062903917497,Gene 19
510.46355196687773,360.1576968818757,Gene 19
514.7536853513973,352.37014322245835,Gene 19
509.08905826044145,358.8573503636622,Gene 19
512.7287504548178,356.12524738603315,Gene 22
514.076969589078,359.69520334256276,Gene 22
511.9583251789369,355.7277298203976,Gene 26
513.2874007542141,359.13605048176544,Gene 26
514.6444907067552,352.27978757680216,Gene 27
508.90675037956464,351.64779507031665,Gene 27
513.7895938554301,353.3958294162524,Gene 27
509.00674271840137,355.77808734342506,Gene 27
513.0732875654893,360.2925488897504,Gene 27
514.8618055266512,349.67468562892896,Gene 27
515.4087945836245,354.04785924630113,Gene 27
508.99473807346214,359.1837969883306,Gene 27
514.0939926137867,359.54467110624773,Gene 27
510.8676446195151,355.9135119162571,Gene 27
514.4701371646419,352.4110280204435,Gene 28
513.305015759343,350.43591450925527,Gene 28
508.97293942923363,357.4595117410731,Gene 28
513.0602952148762,356.8570058021996,Gene 28
512.2348478369414,349.74063427553483,Gene 29
508.59692187349316,353.8849754598154,Gene 29
514.3915909807399,354.0295926576704,Gene 29
507.6935774588112,358.29928877977574,Gene 29
514.4631581080404,356.41823278825086,Gene 29
508.83636540199063,349.15120339375494,Gene 30
515.2044033824526,349.99183408121104,Gene 30
512.4088893150903,359.05274327627563,Gene 30
511.93627430163554,349.2641540258742,Gene 30
512.9119741015546,350.36575914941363,Gene 31
509.48304446966375,355.6173930665073,Gene 31
514.7919193649567,358.5324331896446,Gene 31
514.1207052583896,348.5379216692664,Gene 31
509.1262229108765,349.7580062909312,Gene 31
508.3058255991093,356.4381217047287,Gene 32
512.3557967186313,349.2585309708908,Gene 32
514.8461409375916,357.9863431716789,Gene 32
508.16854501372524,356.1760887367638,Gene 32
508.8767588699385,353.6780300379434,Gene 32
515.0296718182669,350.1624231523069,Gene 32
514.1498644534925,353.2658576958078,Gene 33
508.2674128397674,353.75770680300104,Gene 37
515.8066557215216,353.16638613206527,Gene 37
507.8872292545469,352.0401488257763,Gene 37
515.7388847355375,352.7857860953458,Gene 37
507.0888602690881,354.2452583120782,Gene 37
515.1753775675445,353.83879606319545,Gene 37
511.46274201129563,347.61725499934175,Gene 49
524.6893373148257,361.227453882992,Gene 5
520.4882232002844,362.2948326812357,Gene 13
520.4668219053095,357.36812676173577,Gene 19
521.3907132596485,354.4788392024588,Gene 22
525.2328998214598,358.54591139218206,Gene 22
523.8254117435773,352.63677032093574,Gene 22
520.5942596948985,353.4288319067002,Gene 24
524.1540130557812,362.87246183414567,Gene 26
521.4203725226786,364.83117428722153,Gene 26
523.6597759636337,356.810930720015,Gene 26
522.5592633612216,364.46864444198263,Gene 26
521.02274457488,356.3385705847205,Gene 26
522.8526589504174,349.84919762946083,Gene 26
521.6817774715615,353.21773523930403,Gene 26
520.5521238720912,352.0909948871184,Gene 26
519.5499162469068,361.9765956178148,Gene 27
522.9574754571712,360.1395956829856,Gene 27
524.1038410356113,353.9516346701394,Gene 27
523.3704320275992,350.4479181179877,Gene 27
522.8030202696182,366.5802391522148,Gene 28
521.5401088651436,350.8624415715585,Gene 28
521.1083308920106,359.58828767642046,Gene 28
523.1827915980649,365.6022001176737,Gene 28
521.3706764039607,354.66616738157916,Gene 29
523.5297217485861,357.21149822428384,Gene 29
520.102322669685,353.6974989588293,Gene 29
521.0373732044525,363.6604541389813,Gene 29
519.633017199502,356.01616757489097,Gene 29
519.8745740688543,356.76363141565844,Gene 30
522.4799334165606,365.53224855072307,Gene 30
521.4735113094953,367.0217982904733,Gene 31
525.15587582069,354.50030014757425,Gene 31
520.7131809242273,352.3881802076118,Gene 31
523.400504430608,355.7402890111879,Gene 31
522.5866016045874,351.5117006996994,Gene 32
521.3402877065264,352.36116293412385,Gene 32
519.8103798328527,355.598429990203,Gene 32
520.7763793716313,354.731665758592,Gene 32
521.9497671548743,350.84931876639246,Gene 36
524.7672575821075,356.64839048924784,Gene 37
521.7075578278765,350.52616473476587,Gene 37
520.8793788977114,362.3904880322356,Gene 37
523.7162297145611,356.9468789042273,Gene 37
520.7304389612775,359.80440344200383,Gene 37
523.0753458796293,363.99342172962815,Gene 37
529.695232577366,350.9187411145345,Gene 19
526.5473261555868,359.2281703776473,Gene 19
525.3188543051796,353.6270029585897,Gene 22
524.1442592438738,356.34677981402854,Gene 22
524.4934928710036,352.26162693934464,Gene 24
524.7296244746083,356.8198786357775,Gene 26
524.8476361149783,355.55655121849213,Gene 26
526.006236518086,352.99321624945935,Gene 26
526.8502929456239,350.602106632625,Gene 26
530.5024111086248,355.1166474130928,Gene 27
528.479726489656,359.5928714950292,Gene 27
524.7203442485237,355.7418918025475,Gene 27
524.6805585574339,357.84955882206157,Gene 27
523.7583927181508,358.72920947524665,Gene 27
525.6760311933899,357.8404546425371,Gene 27
532.3975537663727,359.17396477845494,Gene 27
527.3852583900798,351.73771778786556,Gene 27
532.6929014195227,355.6185047557791,Gene 28
525.8500221922941,358.34038284386435,Gene 28
523.3208657125989,356.81828969878137,Gene 28
524.6694353456585,358.9773080575608,Gene 28
526.5055219999393,351.1050795063798,Gene 29
528.0571787690299,352.01581093612424,Gene 29
528.5849330341706,353.05286545651603,Gene 29
526.3920224038303,359.5919158419204,Gene 29
531.6662906004118,358.89727097617424,Gene 29
526.1894903892663,355.493680833614,Gene 29
531.476033761308,350.9617410619612,Gene 29
528.0499069035947,350.2700353140945,Gene 29
526.1166210457665,353.0744436191366,Gene 30
532.0965603129505,360.39023866876715,Gene 30
529.9311881787729,352.3160250034906,Gene 31
529.3107551740252,356.1249731513645,Gene 31
528.2327808231495,353.70756184587844,Gene 31
532.8703429385839,356.61742682251514,Gene 31
534.326091978084,354.63420253379724,Gene 31
529.7010283811956,352.75974370440355,Gene 32
529.401735588351,359.2675318899531,Gene 32
526.1767373753368,358.7005729834278,Gene 32
524.6790087957924,358.1733495583777,Gene 32
528.7400538498301,359.4658824585089,Gene 32
529.3931940965579,352.7169685923626,Gene 32
530.4185381735255,352.7860095683527,Gene 32
534.1507988201937,355.0393395591942,Gene 32
527.6353848195436,356.94485832630426,Gene 33
526.1413053553008,360.0792142950542,Gene 34
529.7984713471523,350.6177557988347,Gene 36
529.3343210979317,358.8574604232193,Gene 37
525.400493960525,358.9876208015618,Gene 37
524.4107657666027,353.58745194196246,Gene 37
523.8857083779337,355.8632961365516,Gene 37
532.3005572353117,359.2623017200151,Gene 38
528.9536253788699,351.0426905430815,Gene 38
538.7451750517446,349.076871303139,Gene 5
539.1671857733197,349.66201439923566,Gene 19
535.1992306904065,358.869940510471,Gene 19
536.3380566808415,347.5163460952493,Gene 22
535.9782137929866,353.5567914181964,Gene 26
536.162353173245,356.10405068235593,Gene 26
536.4439175474248,362.4581564058015,Gene 26
535.9484574507907,349.9538963227488,Gene 26
539.0682269761202,351.4173663956061,Gene 26
536.8884803747002,359.9184585829348,Gene 26
539.3937365046554,353.63785831475553,Gene 26
536.2198012626301,362.4173680546346,Gene 26
536.0844582137903,359.51615960692783,Gene 26
535.419539802643,359.1858535340065,Gene 26
535.67182256408,355.97705924036876,Gene 26
535.8050151245693,356.91477212614643,Gene 27
535.9355040165169,358.4030747447371,Gene 27
538.9694754587069,356.20975742731713,Gene 27
539.2096485463618,350.44767960786265,Gene 27
535.7077188830036,361.1345833845719,Gene 27
539.6214866009242,354.8829330686374,Gene 27
536.1592746196442,348.1016357931783,Gene 28
537.0451302041174,361.4387164665226,Gene 28
538.5582891902475,360.05224281105234,Gene 28
535.789772724674,354.3006572382884,Gene 28
537.8717988224515,362.1126047534886,Gene 28
539.5644329089896,356.5661757087908,Gene 29
535.6959819300592,360.026384229436,Gene 29
537.3188907596809,348.5422640780706,Gene 29
535.8175164380668,353.8100047299208,Gene 29
536.9307888024742,353.0849791787613,Gene 29
535.4097981634288,356.11522241946733,Gene 29
536.4254638248872,356.6736093161561,Gene 29
536.7721900345397,348.7917325336795,Gene 29
538.3083092525919,349.75740625791786,Gene 29
538.3402050281961,362.9081572221103,Gene 29
538.4386758684676,356.3394152713728,Gene 29
535.5730058462476,352.30577162580937,Gene 30
538.440072405399,362.49414568572917,Gene 30
538.1963899833632,354.7177126240952,Gene 31
534.7957512917579,354.1422578316406,Gene 31
537.0792358860308,362.08424620632485,Gene 31
535.3214464074892,352.6269947956205,Gene 31
535.9492828582113,347.3693172564989,Gene 31
538.820827978778,361.4009726564633,Gene 31
538.3910832308312,359.7708513396116,Gene 31
535.8341747308028,358.106611970268,Gene 32
537.2063202927474,360.530579222289,Gene 32
537.8967224344011,359.05179865324,Gene 32
535.977111964076,360.06637359101865,Gene 32
535.0277552823446,352.27171494094364,Gene 32
537.5536665045099,358.72806571119384,Gene 33
536.9291807954031,356.3551271625795,Gene 37
551.2665879895746,350.0166188639759,Gene 5
554.709671527501,344.0617100496747,Gene 19
552.9389826666664,352.4917971261318,Gene 19
551.5383720705464,346.5162523660716,Gene 22
554.6513932865632,356.7844171006331,Gene 26
552.2168130975821,351.97600336492013,Gene 26
556.0227924864538,349.9806062437082,Gene 26
555.6799443037256,352.98103644688604,Gene 26
551.109330629072,347.45039776446237,Gene 26
553.4392190656722,353.70798633459873,Gene 26
555.098632440579,343.7374476747625,Gene 26
552.8034212498999,353.286428683552,Gene 27
554.2048396627904,345.06267585708343,Gene 27
554.8484887775721,342.59714268408067,Gene 27
554.5970159901617,341.05744204756195,Gene 27
556.3509918627723,348.45318051072803,Gene 27
553.102432987875,354.286848447048,Gene 27
555.4207174504382,349.54966520427905,Gene 27
553.082571911729,340.07894566508435,Gene 28
553.5349381252316,339.62448167676155,Gene 28
552.2476065722358,355.6053173499589,Gene 28
553.7412286799831,354.07824821361345,Gene 28
552.0561330765246,356.4243715421854,Gene 29
550.8255230712208,344.3982569800886,Gene 29
552.6108580683185,355.9686717020709,Gene 29
553.3433176437477,356.9839361895079,Gene 29
552.0269579408105,353.56696799117583,Gene 29
554.4959652897697,347.52889290418284,Gene 29
555.7468215018523,352.472963914223,Gene 29
554.8082288720574,348.42345520225757,Gene 30
555.9511635394662,350.1551299650896,Gene 30
555.4837266973502,351.0659407654885,Gene 30
555.2463053648554,356.5347512723421,Gene 31
553.8591729123883,350.63032991278305,Gene 31
552.8101388620372,341.75934322081787,Gene 31
551.1434186052599,352.850382361649,Gene 31
555.3391298741188,350.9468772176549,Gene 31
554.796780294186,343.34133711844635,Gene 32
553.9450629711163,341.0371617813453,Gene 32
551.6168151172296,351.42637506166915,Gene 32
555.1230082942303,341.75436326883715,Gene 32
551.7687056009031,354.9767552332713,Gene 32
552.6821727057962,343.10946740085814,Gene 32
554.5593020653993,353.99127614373543,Gene 37
553.2056786062676,340.831283846786,Gene 37
550.9666333447581,353.38142067806274,Gene 37
554.7061623795881,356.3520603979215,Gene 37
561.4120309429827,363.7094744688976,Gene 4
561.6348294584927,351.682922805307,Gene 5
559.767455392054,360.4767164357061,Gene 5
560.4189124574901,347.368956838152,Gene 5
561.203532825557,357.86287094297995,Gene 19
561.5078169812757,353.77429888345705,Gene 19
561.2982154540567,350.85175267975984,Gene 26
561.3190426154075,363.839490690954,Gene 26
561.15626751259,348.5670907351819,Gene 26
561.7505374291438,353.3902289834101,Gene 26
560.3241691304091,351.91346972557375,Gene 26
561.3969539261984,364.5779269642949,Gene 26
561.1122652470486,365.9713966961374,Gene 27
561.6669118892345,351.32390234101837,Gene 27
561.4726193898412,362.7354798001676,Gene 27
559.7894687625972,360.38905959858323,Gene 27
560.2159774104969,358.8677454507189,Gene 27
560.6120592086592,352.22446494325044,Gene 27
561.4254159174842,359.6636256121503,Gene 27
561.1803402899753,357.2025308246912,Gene 27
562.1084154630413,352.7288141050589,Gene 27
560.6206751379942,356.15250252040045,Gene 28
560.340754388565,361.9536679330789,Gene 28
561.3175243036957,348.3683721540925,Gene 28
559.9349061031965,354.1596866556939,Gene 28
561.2458951709023,347.1988454766687,Gene 29
561.3378526933365,349.0268745453892,Gene 29
560.2760898803805,353.40089313957003,Gene 29
560.5297404447698,363.1376443702193,Gene 29
560.8300991199599,363.5277740072679,Gene 29
559.8428640078133,356.01451325522726,Gene 29
559.7958053748952,354.7416821685541,Gene 29
561.4406745303977,356.521143269186,Gene 30
560.9328552097801,360.8616015614022,Gene 30
561.8100572985189,362.1145915111236,Gene 30
560.9961827137847,365.2798755430556,Gene 30
561.2983214527376,358.6342790383357,Gene 30
561.7967472931119,351.6945252522337,Gene 30
561.7292514563765,361.915332352977,Gene 31
561.9791503101769,353.12001411064244,Gene 31
560.0938096491753,355.9642574956132,Gene 31
561.5687178412023,350.1788533208849,Gene 31
561.5268115447557,358.805320672435,Gene 31
561.31025306229,348.88301600256216,Gene 31
561.5958513321127,351.7293319524382,Gene 32
561.0681333536108,350.7758330667889,Gene 32
560.7775144565671,366.83959508539897,Gene 32
561.6435780499021,356.77354875614475,Gene 32
560.5107442302581,365.0443123168267,Gene 32
560.9150756661322,351.0069596907026,Gene 33
561.1943591799464,351.0013970207098,Gene 33
560.168739015649,354.6398882628864,Gene 37
560.0258891579742,349.6330229256999,Gene 37
571.6068140076625,357.8056999845978,Gene 5
568.9546254271629,364.3704514249898,Gene 5
567.8533974957016,357.521625799827,Gene 13
569.7277913063132,362.4951728954727,Gene 19
570.1701141384909,363.19635219783345,Gene 19
570.1179361587825,351.586013411216,Gene 19
570.2323294180701,351.30092055297933,Gene 22
568.6854010874872,363.73888310611284,Gene 26
571.1222756124353,354.49101957396005,Gene 26
567.6535072357259,358.72159248417574,Gene 27
568.3330318910497,360.1735425888852,Gene 27
568.4798084385549,361.87195464630673,Gene 27
567.4712201598624,361.6549725306763,Gene 27
567.6440563377529,356.21218556318394,Gene 27
571.6694107431562,351.41772376126033,Gene 27
569.6741784843165,362.77258922790776,Gene 27
569.0416369464274,349.7588545677911,Gene 27
571.6385276741491,362.2021968822355,Gene 27
572.4556820118735,357.85126151785965,Gene 28
567.5883292658929,355.65044903374906,Gene 28
570.5832882930824,350.97249201641426,Gene 28
571.7999224493699,353.6037411195082,Gene 29
569.6079223464648,351.3604558388532,Gene 29
568.5563551358371,356.6164958509376,Gene 29
567.3274084482048,359.17213037236445,Gene 29
571.6766085071539,355.4652120987472,Gene 30
568.8761055757377,362.2810911861858,Gene 30
571.358337868453,360.88385430441116,Gene 31
568.9661671688502,351.6160080214105,Gene 31
572.1618367912264,354.9879781473329,Gene 32
571.0588423843471,357.78703796960383,Gene 32
569.1576930542112,347.71072255495153,Gene 37
570.7484323383692,349.7343118422644,Gene 37
571.6145467133338,356.27108800806445,Gene 37
567.2253977301634,356.4220099320983,Gene 37
568.6050723316799,361.9118132677637,Gene 37
569.4062093510913,354.1969289606984,Gene 37
578.348680731621,356.21341710345826,Gene 4
578.8467613204239,346.66555691574956,Gene 13
578.1836052290225,359.57315423629194,Gene 19
579.1594232411145,352.1012172968755,Gene 19
578.2829941428855,357.4827159289382,Gene 22
578.9642678569347,347.3170778647376,Gene 22
578.2311936811157,351.67251800212273,Gene 22
579.20466747466,350.4370638565476,Gene 24
578.9879588426902,361.5230536403181,Gene 26
579.2026166848169,355.519664536276,Gene 26
578.2571293540184,365.1600793645174,Gene 27
578.3170563843039,353.0293895238956,Gene 27
578.4634308092513,351.4565911417056,Gene 27
579.1954387946432,361.7933939709603,Gene 27
578.5772141502382,365.41606760528424,Gene 27
578.607621665062,359.1324180428403,Gene 27
579.1889734534371,353.12300322121814,Gene 27
578.8783225069651,362.54017790383864,Gene 27
578.0979890274386,352.72228083775883,Gene 27
578.940916381679,346.851818622633,Gene 27
578.7272359356663,348.5650088026312,Gene 27
579.3921520027695,357.03592607702865,Gene 27
578.5350692959645,358.3319239566801,Gene 27
578.9443218734492,349.6950258291755,Gene 27
578.40225478001,363.91635643393977,Gene 28
578.8154029838349,369.6772912812541,Gene 28
578.6550983531406,357.1650304468784,Gene 28
578.1347155120513,362.62806483898964,Gene 28
578.3871680546561,349.62728954604825,Gene 29
578.3869234839478,348.99315805313665,Gene 29
578.325201640129,357.97173886578616,Gene 29
578.4589933802015,368.490179178973,Gene 29
578.3400750367492,348.8667896335857,Gene 29
579.157487018537,366.63876043167573,Gene 29
578.4978978906526,362.9987756129121,Gene 30
578.5188129578305,345.9201855103226,Gene 31
578.4143771991032,363.3751905398459,Gene 31
579.2830416068208,352.98442353919154,Gene 32
578.1910230637599,348.94167147778495,Gene 32
578.771093214437,346.1356883383388,Gene 32
578.9873982597277,365.72011597841174,Gene 32
578.7023282462662,357.7165222113025,Gene 32
578.291793376808,356.2309783888388,Gene 32
578.2414577505205,357.37007416776726,Gene 37
578.2827003725898,364.8176564460879,Gene 37
579.3463418649355,355.35473241804027,Gene 37
579.1019177800047,346.81228002264396,Gene 37
578.8208389147629,366.4293277155921,Gene 37
592.0764537202554,355.6553279302485,Gene 4
591.1462478202357,350.904106339679,Gene 4
591.1147351656596,351.64068305916976,Gene 5
590.533892621835,349.5940131681106,Gene 22
588.9404672641266,349.5355997383168,Gene 26
590.1722359553933,351.43687947960404,Gene 26
586.7955741193831,355.4098111606102,Gene 26
591.0716072299502,358.6692810819416,Gene 26
588.7280545825201,348.09656499046474,Gene 26
592.2223598454701,355.90240640829086,Gene 26
591.5588184443782,356.73005622919334,Gene 26
587.8066160815999,350.0911448101931,Gene 27
591.5496689345451,356.6249836958577,Gene 27
590.0886385679482,361.18370435801046,Gene 27
588.9303495702422,349.3992121587837,Gene 27
587.8602333212824,360.23685114293926,Gene 27
592.3359856134878,355.5004995546599,Gene 28
590.6000106542822,360.175429078403,Gene 28
589.2896613575776,361.6955152763393,Gene 28
586.9062125415281,359.3406996827278,Gene 28
589.451410882297,356.3257681740172,Gene 28
589.2873363000429,351.8822776445721,Gene 29
588.8971638617772,349.73185248382157,Gene 29
590.0622561056177,362.6079866285294,Gene 29
591.1271411393706,354.4816064855001,Gene 29
589.3443117459467,360.03534438895207,Gene 29
591.2031174286941,352.3734465266437,Gene 29
589.9516417007039,360.33783654856114,Gene 29
590.0729586710249,354.1390487417998,Gene 29
586.9619510724162,355.47508648021807,Gene 29
590.7305309403166,355.0408343415916,Gene 29
591.8543360972758,357.4418678282502,Gene 30
590.0990917571132,362.7575045837619,Gene 30
590.2241292914568,359.7330460747229,Gene 30
588.9732451217826,353.2265200095709,Gene 32
589.6802875649868,347.9140390970195,Gene 32
591.002567143712,360.64371051529196,Gene 32
591.621380883961,358.639128583579,Gene 32
589.4059947894135,361.3979124209725,Gene 32
591.7446125571508,355.62578181437846,Gene 32
590.3664839700792,351.6371235575034,Gene 32
587.4484253920143,358.5917764105094,Gene 32
589.5920346318962,350.521910461563,Gene 33
588.5399704492958,351.12759199407293,Gene 33
591.395458421521,357.5284011521737,Gene 37
591.5808755508476,354.3480324601643,Gene 37
591.2784966099409,354.7209987321939,Gene 37
591.4984020890141,359.7405771028544,Gene 40
587.5955504267965,355.94836496128784,Gene 49
506.8912829438326,366.57645262761105,Gene 4
506.93096120859667,356.2268364925036,Gene 5
506.83536402597514,357.2311137339841,Gene 5
509.94801150129877,363.4556523475609,Gene 5
506.16328788929155,366.19941008069407,Gene 5
510.57741943527157,361.2883128758376,Gene 26
509.63960318150384,358.5495079762572,Gene 26
508.1547845459649,368.578066390892,Gene 26
506.1947254337038,356.5585909838635,Gene 26
509.97858007661284,357.6338575198499,Gene 26
508.5080578887688,368.33766580068203,Gene 26
509.6895003226883,361.21635272121284,Gene 27
509.7817365559887,357.87047395142133,Gene 27
510.9036739444216,361.29043459834674,Gene 27
509.91549864200505,360.32697528941685,Gene 27
508.3296400457617,355.8319769043305,Gene 27
508.76203974113025,369.75792093895456,Gene 27
505.7297330054201,359.1212203915863,Gene 27
507.0050267678432,367.9851316671566,Gene 27
506.4593552803968,356.83541399649914,Gene 27
505.6337971166202,361.85417513288724,Gene 28
506.3550238789255,359.46713833230984,Gene 28
508.56760354687344,355.42313986237684,Gene 28
508.15354564791073,353.0618149239475,Gene 28
508.5527797650575,367.6672893087374,Gene 29
508.22481655249345,355.8503992735277,Gene 29
506.58989234254307,354.5064237595927,Gene 29
509.6396286226057,358.7341088387103,Gene 29
507.39900513654806,368.3724790976277,Gene 29
509.76944000947225,364.2239889964076,Gene 29
509.5897663744621,356.5794863201062,Gene 29
507.5277860743031,367.26647498153403,Gene 30
505.72412818925034,363.1395017775784,Gene 30
507.19148320414075,358.1769409340198,Gene 30
505.67577970061785,361.82552321323465,Gene 31
510.73096746522054,365.31538539820394,Gene 31
509.426056409915,363.1399416949502,Gene 31
506.0538753609181,361.33547105944984,Gene 32
506.62963638440516,364.69652197416696,Gene 32
510.29729659301313,365.73882439685315,Gene 32
509.98773001277357,360.43963245545154,Gene 33
507.0668572783216,363.9104719489827,Gene 33
515.0394544969853,375.719338794678,Gene 4
515.0307993281141,374.74783139443116,Gene 4
515.0322487236917,372.34089127704647,Gene 13
515.0376092688865,354.17319428625063,Gene 19
514.9989128827516,373.58649796792923,Gene 19
514.9786735199456,360.2041306735643,Gene 26
515.0434078897115,371.71313248680775,Gene 26
515.0072000343607,367.2073116135889,Gene 26
515.0324754150356,370.19102426018776,Gene 26
515.0093142200229,374.3992537702096,Gene 26
515.0097543945636,362.6578085483127,Gene 26
515.001967888122,371.44668334387535,Gene 27
514.9983003665154,359.47687458786305,Gene 27
515.0068042830246,372.9437479163183,Gene 27
515.0603393765034,367.71268480887414,Gene 27
515.0642745146598,366.1380337279177,Gene 27
514.9781935608797,363.32080395064395,Gene 28
515.0325476857948,356.58192147564836,Gene 28
515.0194805346304,361.3163365912456,Gene 28
515.0404752715257,371.72554450365516,Gene 29
515.0624432441687,369.32777850723596,Gene 29
515.0183866737575,354.7884911959436,Gene 29
515.0397271064695,375.42730615849007,Gene 29
514.9976397037613,358.92175752198284,Gene 30
515.0683598480649,366.21209756117946,Gene 31
515.0012203622205,372.5877656341014,Gene 32
515.0650793056196,363.5634535921972,Gene 32
515.0311842360452,373.6710235702141,Gene 32
515.0657305647024,368.82758193927947,Gene 32
515.0483380699469,373.40671085523115,Gene 35
515.0502779683216,372.58852377719387,Gene 37
515.067524339836,358.40102470158985,Gene 37
515.0088139405527,370.0758442996968,Gene 37
515.0213213302746,354.4560330144999,Gene 37
514.998237550022,355.47269202683896,Gene 40
515.0617579037119,364.04985300448294,Gene 49
522.013634256859,358.3124544737671,Gene 4
520.6075063908339,361.782462419799,Gene 5
520.8742300995085,366.0839207266394,Gene 5
526.8170838013592,362.294287458212,Gene 13
523.4211775875897,357.014939650189,Gene 13
525.0367096180829,356.6831336710643,Gene 19
527.5051646616557,365.80794040717393,Gene 19
520.8489881274878,358.7299763200165,Gene 19
526.0979299967108,365.16841023985194,Gene 22
524.5407284478783,365.23229256129565,Gene 26
523.4210560832961,358.5812264336176,Gene 27
528.8851341848828,360.8328475382081,Gene 27
525.7993053792953,367.753950374521,Gene 27
527.597741514892,364.36014129127153,Gene 27
526.2820779376381,364.3329955460237,Gene 27
524.3842206638477,368.4252043311609,Gene 27
526.9455016964992,360.561130369115,Gene 27
524.0006427235758,367.30596958677876,Gene 27
522.6038350510206,366.2781011520644,Gene 27
528.7292846464858,362.5909090956058,Gene 28
528.5461763951948,363.95718437601045,Gene 28
528.9877609411068,363.63954009708726,Gene 28
523.3271372849615,357.4201476921909,Gene 28
524.6240752981964,357.21235807715016,Gene 28
529.1674681548915,360.9419538018241,Gene 28
520.0897341444851,365.70293682740487,Gene 29
527.1345847931898,366.13215295966813,Gene 29
527.4489257365109,362.33003733738366,Gene 29
520.7062160285008,361.6442886093204,Gene 29
521.6862713910374,365.50871909153614,Gene 29
526.9125245358416,360.26940661109717,Gene 29
526.8932412314024,363.23815189901234,Gene 30
524.8199259085598,359.05648647909544,Gene 31
521.6518167363919,359.1756809027505,Gene 31
519.7912965793704,362.51226653052095,Gene 31
525.1558807263682,367.2603085017587,Gene 31
522.8455381705708,358.8634860590224,Gene 32
519.6200088091426,363.25334215765145,Gene 32
521.2025598140638,363.17381451341623,Gene 32
523.2976557855654,358.40209430071513,Gene 32
524.6060626699077,366.8714746943826,Gene 32
528.0572638499353,360.6912295888375,Gene 32
524.0761308848307,356.4943169949799,Gene 33
523.6296935607378,367.0591045695,Gene 37
523.7344487780477,366.299743606204,Gene 37
521.5305705206233,363.2709524674685,Gene 37
528.0083848994203,360.2557894586754,Gene 37
524.344617839841,367.69520003960235,Gene 38
520.1254978070456,358.7999992039296,Gene 40
536.0813136077023,366.8702005086546,Gene 19
537.9692767084754,362.6340079757709,Gene 19
530.008912433272,359.7153159725253,Gene 19
535.0701622313152,366.72220589254937,Gene 19
534.1286818092728,363.58976678843436,Gene 22
530.1123333990913,359.7008258802209,Gene 26
531.0711798869379,364.89325252940813,Gene 26
534.6621918210063,358.13268494872045,Gene 26
531.5535212264783,359.9699535072004,Gene 26
532.4203573234482,361.7125892872072,Gene 27
531.4401487206363,363.429519186283,Gene 27
540.0334007750282,364.62508474755975,Gene 27
539.2807385869097,359.73657018103665,Gene 27
536.0528849364946,365.6022382182049,Gene 27
537.1503345704842,359.88098822712936,Gene 27
537.8682870439101,357.37532924532246,Gene 27
539.5440865990558,362.57181536961957,Gene 27
536.1731891141728,356.63725286602886,Gene 28
538.8731725831391,359.26141231006244,Gene 28
538.3830543884509,357.15638471656075,Gene 28
532.2954279978793,358.8878708180441,Gene 28
537.7515238204894,364.2022104564905,Gene 28
535.6606859416374,358.40995123582894,Gene 28
531.377044348236,363.61932876921287,Gene 29
536.0910431738253,365.51340459407345,Gene 29
534.7244933322448,366.8686244970668,Gene 29
532.5524253950799,363.8075266375578,Gene 29
531.929609690102,366.28073785707977,Gene 29
536.540506538421,358.1519524534234,Gene 29
533.8013744471581,356.4225503541273,Gene 29
531.7499029566397,358.8525401754888,Gene 29
531.4272987861668,361.2528309819979,Gene 29
534.527585984056,364.37454895139143,Gene 29
531.2728133743909,359.58510046584774,Gene 30
533.8654532369655,364.9619356012835,Gene 30
536.7013043267282,357.92718456470703,Gene 30
534.5034570881442,355.51029651597406,Gene 30
540.5287893836962,361.348072368191,Gene 30
530.6748538883294,364.26091129384525,Gene 31
532.1337125520091,359.14795134769446,Gene 32
538.2755936328008,358.93973929253764,Gene 32
530.8710617816122,364.0779844861046,Gene 32
533.2725312644458,364.7125358144627,Gene 32
534.5022148021754,359.78693495429434,Gene 32
536.903675642417,366.2422355362369,Gene 32
534.2143700272518,366.00123527619553,Gene 32
531.317312530976,358.0262383105232,Gene 37
539.4094574454326,358.6773872386573,Gene 37
530.5153087421638,359.1996224898772,Gene 37
536.1480856145273,362.74784443509554,Gene 38
542.6388471275416,366.74827455500025,Gene 4
542.6307213043526,358.5220561380352,Gene 5
542.4584484212928,361.91951689309076,Gene 19
542.5077178214684,372.6728885022597,Gene 19
542.6004053722226,369.96403125941873,Gene 19
542.525512790669,354.46857052743144,Gene 22
542.6444052820037,359.56885125368876,Gene 26
542.4115711247882,368.9058153429216,Gene 26
542.4416852841388,355.12451687480063,Gene 26
542.5315344661409,370.8836907656581,Gene 26
542.3770215279188,364.33379511096524,Gene 26
542.4729456614639,371.7745076737875,Gene 26
542.4074111943931,370.8470894260962,Gene 26
542.4256311217415,359.78605218789363,Gene 26
542.3902009274215,363.3805320999892,Gene 26
542.3747451554705,369.22965395163624,Gene 27
542.5125456225686,356.8397004344267,Gene 27
542.39294529446,368.1955892879033,Gene 27
542.4593493053644,357.22028704063564,Gene 27
542.4700600550318,355.2081869112024,Gene 27
542.6144351748185,364.78819491077326,Gene 27
542.3856335321741,357.6158948757395,Gene 27
542.3894641689867,367.7320847194493,Gene 28
542.6486984746846,365.1010775491388,Gene 28
542.5894029813707,360.26268731489785,Gene 28
542.4277220092755,370.5082247882543,Gene 28
542.4583166293206,366.25161583081194,Gene 28
542.4559904411669,351.4645993112798,Gene 28
542.5197231146586,374.02310591942796,Gene 29
542.5603214129636,364.5986070187441,Gene 29
542.4391648965317,355.53807121974586,Gene 29
542.3995419387877,356.4176659316511,Gene 29
542.5264476686064,372.20210703762257,Gene 30
542.4070462688062,367.87038419276973,Gene 30
542.3723582649857,363.8140542431281,Gene 30
542.5806731360126,369.27068710579005,Gene 31
542.4299371229463,364.3081366559405,Gene 31
542.4160454426359,358.6892361422886,Gene 32
542.464567190066,368.1222966742755,Gene 32
542.389680600257,365.98396456159423,Gene 32
542.5894136247041,370.289164912635,Gene 32
542.6316825833455,367.925908393187,Gene 32
542.3886875259575,364.80181252266925,Gene 35
542.6333173685308,363.19164806865376,Gene 37
555.3737409038721,369.40304206533256,Gene 2
558.6063112215772,362.2138478506411,Gene 4
554.8771329119505,365.2169905168879,Gene 19
556.3461751702326,369.30100056360436,Gene 19
557.7051827472133,361.9635442234728,Gene 19
559.4418457139657,367.27931586016103,Gene 19
555.4553764734201,364.85366256525407,Gene 19
557.9374415953286,358.19074068071774,Gene 22
560.0482530072487,361.98334660421614,Gene 22
556.9834867207169,362.92273525887003,Gene 24
558.9754821206392,367.92570123341767,Gene 26
555.1123736948466,365.66557686336614,Gene 26
556.6585974893633,369.52726369903024,Gene 26
554.8591797097359,365.49291282747606,Gene 26
554.7713736021876,363.27546959636754,Gene 27
559.453009654695,370.3182691042842,Gene 27
555.4075196202141,369.46729524441525,Gene 27
558.3849311716654,356.4223522124793,Gene 27
560.0250725164807,359.9328844194154,Gene 27
555.0363360245726,365.49059172126385,Gene 27
558.1282548039877,357.52386589885646,Gene 27
555.0875138645467,362.9181310100348,Gene 27
560.3246362862521,366.2605343442218,Gene 27
556.8290187267476,359.19972087581294,Gene 27
556.4660535940116,371.1761334427201,Gene 28
557.0554742866834,367.09214859647915,Gene 28
554.5629767439922,363.27585939808745,Gene 28
556.1274788324115,358.65580108913565,Gene 28
556.0237251620074,367.9302497715342,Gene 28
558.1688456108428,372.31906737796925,Gene 28
557.9783471410768,370.14731291863137,Gene 28
555.1271757761671,360.889265530015,Gene 28
558.9033205457611,358.6962281582381,Gene 29
559.5371374798806,370.6361915425232,Gene 29
559.649304245152,366.67407781049656,Gene 29
559.0941242008206,359.7007399465314,Gene 29
554.8369630157357,361.29876359428744,Gene 29
558.8160426072546,366.03446689786125,Gene 29
557.9938201983944,363.4332850765414,Gene 29
559.9472237564061,363.2457194189605,Gene 29
557.0258424134593,357.40567093630614,Gene 30
558.5027336903897,362.4933189021902,Gene 31
555.7010047204477,359.20324931746234,Gene 32
558.1188437290333,356.5487452294356,Gene 32
558.2264524133361,364.7855925505739,Gene 32
555.7365262944795,362.35844157474685,Gene 32
557.3913136962366,371.9736384388119,Gene 32
558.9974817028458,368.1027429307735,Gene 32
559.7113994975663,360.50593314626326,Gene 32
556.960229240842,356.8758310152136,Gene 32
560.2849788082603,365.5638929699463,Gene 32
559.421599714454,362.98969240588934,Gene 37
556.6284274591459,367.6210671553084,Gene 37
555.7650642916416,365.8400135716288,Gene 37
559.7517648285097,364.45249519954655,Gene 37
558.927830655126,359.179179552787,Gene 37
563.3085535472057,361.93688608155327,Gene 19
566.154149287958,367.5199329658616,Gene 19
565.2829016799685,360.99363070600543,Gene 19
566.1631615214684,365.3170377888744,Gene 19
564.4867252143351,370.3747510039209,Gene 22
564.7054373539388,368.76015010990403,Gene 26
563.5523116808622,358.188200485625,Gene 26
564.8282458998449,355.4924574072853,Gene 26
563.1695284090142,357.46484419774583,Gene 26
565.8956056252078,365.4978498217213,Gene 26
563.4447742131907,357.67783708066924,Gene 26
564.5081588854148,372.05080942319637,Gene 27
566.0267361124345,357.9253019416537,Gene 27
566.458230588055,365.9120492177113,Gene 27
563.7346956545048,359.7339969267978,Gene 28
563.0841680229072,362.3213739112745,Gene 28
563.1808873029422,363.38643709824737,Gene 28
563.056365202105,365.1291002169416,Gene 28
564.4574567411241,370.75565929305367,Gene 28
564.4041790433479,358.94334119022403,Gene 28
563.9669150944651,363.0842249840303,Gene 28
562.7743540840727,361.7743432428965,Gene 28
565.7481083257618,357.03975316062633,Gene 28
564.9853225989633,369.1195083762859,Gene 28
565.4191236846909,371.1559620513858,Gene 28
563.7130733153555,356.71991865242813,Gene 29
565.2361509008479,360.64520352911956,Gene 29
566.1464515256874,361.5431295944501,Gene 29
563.0824165257571,364.9281716097353,Gene 29
564.6021073543229,371.44499310044927,Gene 29
563.3924364744458,357.9537577041867,Gene 29
566.4848883233046,365.0217196212343,Gene 29
566.6878597995697,360.9855942644058,Gene 29
566.2682351383785,366.5668115812116,Gene 29
565.3498250522705,358.0718297344985,Gene 30
563.9041678117165,367.5265351091833,Gene 30
563.6145145183083,355.93829548140474,Gene 30
565.438948557143,367.86080861062624,Gene 31
564.0491217052387,357.1667284533788,Gene 31
562.8063589842758,366.3383568375225,Gene 31
564.4775925830697,354.81589188820175,Gene 31
563.121035973255,363.8913965189277,Gene 32
564.0902151241646,356.7099839104491,Gene 32
563.7106592310818,368.8186687491154,Gene 32
566.6144167712206,363.9419973085811,Gene 34
565.3655980021849,369.2511912524388,Gene 37
563.7738861453021,366.83767229976087,Gene 37
562.9452803338694,361.67538023080806,Gene 37
564.8261233307966,354.04375844666066,Gene 37
565.2288300625792,365.24936309828325,Gene 37
563.8757321350189,358.8563885208254,Gene 37
577.7842083402466,351.9269009565203,Gene 4
574.9427074275887,365.9079472647721,Gene 5
577.1580240767915,352.6000239635169,Gene 13
579.0010930850211,356.680834618236,Gene 26
573.8726177293728,355.75804576490094,Gene 26
578.582186718363,354.7432217913707,Gene 26
575.7482951144203,354.9625941632296,Gene 26
576.4207639442615,366.29846426441645,Gene 26
574.4868642826153,359.579785187572,Gene 26
575.2072840975212,351.27457074329914,Gene 27
574.2709419707378,358.4034209561112,Gene 27
576.5196702093548,353.1774080920606,Gene 27
573.3925810613512,361.87290563850786,Gene 27
573.3855173856421,360.1558169271128,Gene 27
576.8547728529978,363.2711147169271,Gene 28
578.9368531818122,360.471362820759,Gene 28
577.7891323324022,365.6724797592495,Gene 28
575.6151808035253,359.3099720827366,Gene 28
575.7084461870901,355.4046586048812,Gene 28
574.2140093976473,355.2039913725841,Gene 28
577.4683662308562,354.948303197441,Gene 29
573.9097060863382,362.97089502533873,Gene 29
573.1239837671937,358.3374685206481,Gene 29
579.6245909396924,359.8127416997041,Gene 29
575.2230351276338,354.4232700984283,Gene 29
578.3985626256933,353.8195812351408,Gene 29
576.5386539839656,361.78540067153983,Gene 30
573.2951020259038,358.11390275749903,Gene 30
576.6460171178214,353.23227492806944,Gene 30
573.0984983408729,360.9442570972615,Gene 31
579.5804934299811,353.9965412801897,Gene 31
577.5163781028372,365.09834161191395,Gene 31
575.6336490431153,363.04391636539003,Gene 31
578.9549822714918,358.4558681474494,Gene 31
577.2842934744735,359.6605738172387,Gene 31
579.7117664836726,357.64207639251293,Gene 32
579.3241167223284,362.20584466205173,Gene 32
579.4279489687508,358.72612656034744,Gene 32
574.9532486068598,361.3008707204129,Gene 32
576.0026028248794,362.10535834276385,Gene 32
578.8457602017836,355.74072954636534,Gene 32
577.7640884440723,362.0835038582015,Gene 32
574.2812335019976,362.3836211216481,Gene 33
579.220055855585,355.24384569920176,Gene 37
578.24917916891,354.40153982055733,Gene 37
577.7804177142858,356.5056976941472,Gene 40
585.5503950494626,364.12488876054965,Gene 5
587.5226560844173,357.531876616398,Gene 5
587.3260233387631,365.7516253241394,Gene 19
586.4755039418252,366.45643788115683,Gene 19
588.8027142993693,360.5597347789358,Gene 22
586.1909126728674,354.9847197168647,Gene 26
584.1049710161112,358.785988424087,Gene 26
585.0508778407373,365.39149953117663,Gene 26
585.7083133334486,353.90224213430264,Gene 27
583.4799855592655,366.53751990750624,Gene 27
582.6950287049078,360.33871974407225,Gene 27
587.1088870613773,368.95927976004435,Gene 27
582.4061851159203,361.0880796343545,Gene 27
583.2863722163677,365.7093104421003,Gene 27
586.693185099554,366.2501381178797,Gene 27
588.3847671153626,362.35188174530543,Gene 27
588.9695570746237,363.2677874325796,Gene 28
583.878023128235,360.9037213848483,Gene 28
587.5353326369624,354.8181678467453,Gene 28
588.8419979100669,362.2338497826664,Gene 28
587.7661717802212,355.2347324901813,Gene 28
584.119826660947,362.16744470749455,Gene 28
587.454476156171,358.0677503385989,Gene 28
584.1015819057773,356.4911653569966,Gene 29
588.2633555176095,357.2589703002483,Gene 29
582.5027220718359,361.48547971955605,Gene 29
586.5265874625339,362.72430606273105,Gene 29
588.7179918227796,364.81995669510354,Gene 29
583.7056990827261,364.8041228465265,Gene 30
582.8586951409892,358.77018531843584,Gene 31
585.6426495286365,354.1315038822272,Gene 31
582.8533920504517,357.08600868421433,Gene 31
584.7658881126284,356.1746284648673,Gene 32
588.5568036888068,361.5930863824965,Gene 32
584.8145362472509,361.60393594355685,Gene 32
587.636994846827,363.8081778740229,Gene 32
588.1806027038477,357.9573398959558,Gene 36
587.3880733688887,364.948727085758,Gene 40
597.4146221745523,359.5078996626126,Gene 4
594.8318786386524,358.2538147953307,Gene 4
595.8348326795306,356.41626025999403,Gene 5
594.6685183221399,355.8782382545968,Gene 16
599.1103934651082,364.32095424292396,Gene 19
594.6807922949536,357.7939473546762,Gene 26
595.1322464653181,362.0175563009535,Gene 26
596.0726153555795,355.7302269096377,Gene 26
595.3875241295838,363.4488998312795,Gene 26
595.6814856174457,366.77330432595693,Gene 26
596.0056688601736,366.07902994574505,Gene 26
598.323769709005,357.70746462318857,Gene 26
597.0097291265305,371.0665457069111,Gene 27
594.9882433859151,359.51216658712036,Gene 27
596.7069649849903,355.9584621780998,Gene 27
595.1614019762914,359.7609497157423,Gene 27
594.6000669196244,363.4894180157091,Gene 27
595.3664621909346,365.5773277709444,Gene 27
595.7080608550635,355.4892324924439,Gene 27
598.4021744743575,364.85865381300243,Gene 27
595.4911303389503,369.1574019000859,Gene 28
595.7497309365758,370.7040095539285,Gene 28
598.0707729624023,368.27169775476244,Gene 28
596.0571861771494,355.7527681277698,Gene 28
594.8768803706671,360.36158692444445,Gene 29
599.4164464339666,361.0676377162748,Gene 29
597.5161782447071,367.9225878059908,Gene 29
595.8276136883393,365.9760203820625,Gene 29
594.7415470809278,367.17495603618505,Gene 29
598.0414373949703,361.16506734393323,Gene 29
597.6245476778028,354.3413993278567,Gene 30
594.8090097408908,365.0195929080796,Gene 30
595.2598162697881,366.78898449715194,Gene 31
598.3021858298625,365.2945775403271,Gene 31
596.4336336588204,354.2527155232077,Gene 31
598.1417169964769,364.13524227846904,Gene 31
598.873936259626,363.62789092749034,Gene 33
598.4711097782999,360.6348314820832,Gene 34
596.2123736632462,368.3593399240852,Gene 37
595.1246215245565,360.01470707079994,Gene 37
597.9018920061932,354.5734891190851,Gene 49
501.36540208566333,375.2505727011217,Gene 4
500.4116178487203,365.308793589858,Gene 4
500.44991382598727,377.61457343634504,Gene 5
500.7784070004747,362.4174674790235,Gene 19
501.1525265877685,378.1622845188497,Gene 19
500.3413007320763,374.6311578331742,Gene 22
500.4983454962175,366.4765122241081,Gene 22
501.3039452525141,368.8590391435948,Gene 26
500.9357018549986,365.7250998434216,Gene 26
500.33962905946703,375.4295945004191,Gene 26
501.34118351026706,366.5656082296493,Gene 26
501.3431309086818,372.8738535375646,Gene 26
500.106553972683,377.15466553153203,Gene 27
501.3131000220446,371.56967884867544,Gene 27
500.9897028537559,373.0256426988335,Gene 27
500.66207941397863,362.2630587226836,Gene 27
500.5462879139483,364.19001464663836,Gene 27
499.9170939768681,369.5360662402366,Gene 27
500.6809645122523,377.06648942235284,Gene 27
500.14124483765875,372.4599098804947,Gene 27
500.5920745866744,361.9486935613024,Gene 27
501.0935160761945,364.6411322597565,Gene 27
500.96055244177415,371.09527262945033,Gene 27
501.2605490364945,374.21410730053725,Gene 27
500.167491757626,366.4275859106981,Gene 27
500.62337814921057,378.5032812889196,Gene 27
501.2765285718399,368.49368490943374,Gene 27
501.333026608885,368.44167067350776,Gene 27
499.872632283002,376.6982226386474,Gene 27
499.95095479464464,373.8051669106398,Gene 28
500.4170973946949,361.2712998104978,Gene 28
500.2285725605525,363.2619553022957,Gene 28
500.87219501837814,377.6936127299942,Gene 28
500.6988722738244,375.17841007606876,Gene 28
501.1724703731078,364.97642757771894,Gene 29
500.3800583730044,379.55764868922137,Gene 29
500.3377752468583,367.80551796204423,Gene 29
501.0324871298625,374.86873876603454,Gene 29
500.13041146331835,370.14727953384204,Gene 29
501.2040755274958,370.8100226992817,Gene 29
501.11768468288045,368.75770563978983,Gene 29
500.0275288737367,366.3182853098428,Gene 29
501.3678379949432,375.3187664527505,Gene 29
500.9941225694629,378.8610705343746,Gene 29
501.001590526101,380.1142239565328,Gene 29
500.8802922192053,364.4296266703144,Gene 29
500.0607212524834,366.03092004823844,Gene 29
500.02297600200427,372.1522532057148,Gene 30
500.22847704932536,367.03984166110035,Gene 30
500.2950721230518,381.266081760235,Gene 30
501.565660467504,373.3743033721426,Gene 31
500.5902588801723,367.30326628285,Gene 31
500.6322257232019,380.74408142268766,Gene 31
500.1277194235938,376.1123682073105,Gene 31
500.902668567411,361.98848171210517,Gene 32
500.15684251735223,368.1196853479416,Gene 32
500.37757377543954,367.54011922672413,Gene 32
501.06824629095144,363.0911582198586,Gene 32
500.3519023113305,379.05876124135506,Gene 32
500.26064490735274,365.63126712010336,Gene 32
500.26358248954375,365.48216919024054,Gene 32
500.6397834424782,361.1333088610946,Gene 32
501.58957689124713,371.44854526134,Gene 32
500.15387017039774,369.36570621220034,Gene 33
500.01847626052,364.3250197233259,Gene 34
500.0860725362957,372.20399401161757,Gene 34
499.8805171560874,368.1842790939074,Gene 36
500.0578074729953,378.8241331021045,Gene 37
501.4172109924023,370.1607258801019,Gene 37
500.2453914403698,374.53694461961214,Gene 40
508.42898383846006,369.0126822587899,Gene 4
510.75832267801906,365.25518233938385,Gene 19
509.689478233469,370.5983845855592,Gene 26
511.29149761331814,369.4590116821271,Gene 26
510.4814035219144,364.70536104837385,Gene 26
508.9136405757568,368.8722367397032,Gene 26
508.7757817269878,363.28936788296954,Gene 26
510.1720743641268,377.34129791728213,Gene 26
510.3655532284699,379.2517565130885,Gene 26
509.4777555032511,366.64207099361863,Gene 26
509.0422410663136,368.54554387512746,Gene 26
509.4718482676643,375.9792632198473,Gene 27
509.2283358766057,378.91055989439815,Gene 27
509.0447682072146,372.94638657812936,Gene 27
510.92692729327143,362.8332798685373,Gene 27
509.06782559216634,364.6372356806261,Gene 27
510.73723171071026,370.88382792523555,Gene 27
509.05250090155863,368.94500501470515,Gene 27
511.2353411109618,368.3903938681816,Gene 27
508.9046609070857,374.7428288227489,Gene 28
508.9923152078686,366.51958953168423,Gene 28
509.5104768447281,361.1178989208135,Gene 28
510.5610435806276,361.88936792457616,Gene 28
510.2850042454298,361.82698473291777,Gene 28
509.3256747333875,363.3174555386223,Gene 28
510.51508715031116,380.2230119496967,Gene 28
510.793466224754,366.4085389048398,Gene 28
509.40633829385405,377.2967420126181,Gene 29
509.8312921946381,360.1309483308138,Gene 29
511.0036882881621,365.5279378885995,Gene 29
510.36325900323754,376.27310219312494,Gene 29
509.24385341823347,378.79111961934694,Gene 30
511.27240576068215,371.53311527827583,Gene 30
509.29234578129723,364.4661389455695,Gene 30
509.301851144066,377.18779188039724,Gene 30
509.6619663840248,378.8096188436329,Gene 30
510.7737519187483,371.9735402145744,Gene 30
508.50712055787164,369.9309440081643,Gene 30
509.35023681819416,376.3797403774568,Gene 31
509.26960386866955,377.89027193261956,Gene 31
511.10628550196907,366.5068700162137,Gene 31
510.28366232334093,377.89479890275004,Gene 32
509.1351501622168,363.59054443538133,Gene 32
509.89805312304776,361.9020928769852,Gene 32
510.93439060522314,365.52948531378735,Gene 32
509.5933693870776,373.26513135537215,Gene 33
511.0466768986732,368.66507258031993,Gene 37
509.12440768019246,373.79402388867817,Gene 37
509.6806629674893,363.2841070466567,Gene 37
509.9693486459391,361.8027633015097,Gene 37
510.8847820837822,371.53181910485847,Gene 38
510.3156232397739,379.3018843415263,Gene 40
521.801490144957,379.7664907025387,Gene 4
521.9113126308386,370.9194342874877,Gene 5
520.3228336957504,383.5225310302883,Gene 19
520.5302827828372,381.9796669163505,Gene 19
520.4736925632409,381.71186913525577,Gene 19
520.1036058210351,364.8139818838741,Gene 22
519.2764277869595,372.18619920603845,Gene 26
520.3656755081956,377.736773918629,Gene 26
522.7701477189833,374.9738815087656,Gene 26
520.250520165886,380.085797074392,Gene 27
522.3638166055958,376.75479214176613,Gene 27
521.5681929173708,370.7947117387875,Gene 27
520.3714845609611,366.40476834157886,Gene 27
520.4774741069231,381.2276508860966,Gene 27
519.3977873118118,378.701723676194,Gene 28
522.103753324927,370.1759983491612,Gene 28
521.7089454750119,373.90077390319425,Gene 28
522.4759461183077,375.8216957995838,Gene 28
520.2290147854259,366.5039845668182,Gene 28
521.614054431039,370.6087038370669,Gene 28
521.8539539476064,379.4176172371973,Gene 28
519.626095301268,378.8668900487496,Gene 28
521.686210925981,378.18890160020334,Gene 29
522.1102235878668,366.81908009268227,Gene 29
521.6407377371104,371.0818511545595,Gene 29
519.3716305954124,377.16629616715653,Gene 29
520.6747728496882,381.8604192205692,Gene 29
521.2538489600906,370.1101232040287,Gene 29
522.0936875192239,370.90647994745086,Gene 29
521.4778558168697,379.1395318589041,Gene 29
521.229700550445,368.2159010029211,Gene 29
520.8278097708599,375.17205239754287,Gene 29
520.5093210532665,380.7787671398249,Gene 30
520.6998012004215,381.2471789564057,Gene 31
522.1864343261824,371.5494928775598,Gene 31
521.1436194618409,370.46404034136975,Gene 32
521.2469736284271,379.9354293206312,Gene 32
522.1266349238994,376.14567671605084,Gene 37
520.7886790009476,366.5218290671138,Gene 37
520.0775434439661,365.1146591512965,Gene 37
519.9975104899029,376.1857215724528,Gene 37
522.0584534020791,380.17215773440915,Gene 37
519.669154167515,369.9008025027014,Gene 40
526.7115552661231,372.9213384859301,Gene 4
528.6437886834514,366.11811938612533,Gene 4
529.3022730961608,377.1587288449767,Gene 13
527.3735187748578,366.46683695713944,Gene 19
526.4686121070049,374.7804793778186,Gene 19
528.5762967287416,382.66015462847616,Gene 19
530.1768820089179,373.60532567889516,Gene 19
528.500259951221,380.59287165080895,Gene 19
527.9127291731646,366.1479890815144,Gene 22
527.8093647267807,379.8176383193074,Gene 26
528.0794160572202,382.7083368329708,Gene 26
528.82928326581,369.7190328976522,Gene 26
528.9765152157524,378.7120635220648,Gene 26
529.5682869468645,381.4939302179593,Gene 27
526.9189523195002,368.13372050588004,Gene 27
529.5086591867722,382.6605224247182,Gene 27
529.1400994751322,381.7736289719685,Gene 27
528.2959680188332,371.19690787268235,Gene 27
529.1084762200877,367.0101248595686,Gene 27
526.8414126248783,372.52727122243925,Gene 27
527.7448143743316,373.5418622943934,Gene 27
529.1502410823642,374.0146143395248,Gene 27
528.9510173181968,377.53541752495914,Gene 27
528.0605110652201,366.10741913299756,Gene 27
526.955659425357,369.35352415586425,Gene 28
528.1258570138303,367.9503927697681,Gene 28
528.470987895735,368.1184191989174,Gene 28
527.461212892084,377.28573667346205,Gene 28
529.04330028083,377.6474485674526,Gene 28
526.8681305552494,372.07066776745404,Gene 28
529.676862455589,374.6113511012505,Gene 29
529.6529650192869,379.2598148708427,Gene 29
526.9897951209126,371.4659418886607,Gene 29
528.1789405215088,378.23165266470426,Gene 30
528.5994733955781,380.5251258411702,Gene 30
526.8999842733,368.8244298776653,Gene 30
530.2373384916697,373.5929030356203,Gene 30
526.6878069177376,380.1470204395087,Gene 30
527.2400503389447,369.84266879560994,Gene 31
529.7188910370271,367.89583881509185,Gene 31
529.5861982262761,368.97027164588997,Gene 31
529.7086787479222,370.0260541524859,Gene 31
528.2117022634699,364.9789177271473,Gene 31
529.244030121249,379.80370944897095,Gene 32
528.549112506377,370.68091573066727,Gene 32
528.8984537575451,375.06490850803647,Gene 32
528.4103298848423,380.71225999849776,Gene 32
527.8127633781914,365.9984079840581,Gene 32
528.8164024809669,367.59087353379493,Gene 32
526.4844049692595,378.3650174737993,Gene 32
528.260017215952,366.92424533629656,Gene 32
527.1590418463373,375.24846965723646,Gene 33
526.5205231539456,372.4489508502556,Gene 37
528.3964291674378,382.7820599745775,Gene 37
526.6507603756538,371.4798623320096,Gene 37
529.0784042270209,367.7348788793827,Gene 40
541.1444416751317,361.89760347342207,Gene 5
541.0856114139951,382.1248041756926,Gene 19
540.9828864765276,381.5531515686191,Gene 19
540.9297519245667,370.18952886126107,Gene 22
541.0335699841407,369.6030619027095,Gene 26
540.9158870176373,370.07227258210037,Gene 26
541.0818049145682,373.454550570103,Gene 26
541.1900695686326,375.2857255648246,Gene 27
541.2492300112601,365.6659793745239,Gene 27
541.0897281790466,382.70993652185695,Gene 27
541.2307598756383,380.4173328347012,Gene 27
541.0759189984353,381.21426328086244,Gene 27
541.2300403089351,368.61275226856657,Gene 27
541.2491968230042,379.6977579654698,Gene 28
541.1493668193868,372.81416425553203,Gene 28
540.9935607504865,383.06693381084347,Gene 28
541.0555165550558,376.1446808001173,Gene 28
541.1090789538688,369.0171070967842,Gene 28
540.9731588575514,369.13844733316665,Gene 28
541.3092284031259,372.40725968031614,Gene 29
540.8226866613651,370.6842343068619,Gene 29
541.167595146323,365.1550610000083,Gene 29
541.1995223021079,374.86762887343315,Gene 29
541.2415106114917,373.5530534450642,Gene 29
541.3005345279764,376.61406118942506,Gene 29
540.8716903406641,373.8400275710389,Gene 30
541.1769608895255,381.5944491697855,Gene 31
541.2583304902851,371.1860035863372,Gene 31
540.9018316234108,365.602527163391,Gene 31
541.2381863286793,370.849352911428,Gene 32
540.8348818175587,373.829211407747,Gene 32
540.9727176971264,377.71094254668856,Gene 32
540.9761920388921,382.35728497261897,Gene 37
540.9847187774224,378.03624523801506,Gene 37
541.2666701962319,373.0900790479928,Gene 37
540.8808469029583,377.49818951435554,Gene 37
541.1904624371222,379.84285961925366,Gene 37
541.0029933648217,362.9963435240841,Gene 37
550.1971179335745,373.6443028601017,Gene 4
543.8044727606925,372.5400316248123,Gene 4
544.6355381653001,370.3321346654364,Gene 4
552.0154371265276,374.3234433775819,Gene 19
549.5939747308081,378.0947472418442,Gene 19
545.96863210664,378.1975396444176,Gene 19
548.6377169468675,374.91111922068865,Gene 26
547.9070038071137,377.74569562135025,Gene 26
544.6711024330813,370.83878181162794,Gene 26
543.5245196876137,376.5257884821677,Gene 26
548.6539347290739,371.3980613827136,Gene 26
548.8063666894777,371.9725262020171,Gene 26
549.1039366226124,375.4513438078778,Gene 26
551.935765782358,372.38616090060253,Gene 26
550.6679054456121,377.8816322398853,Gene 27
550.6788268777935,369.8079198326724,Gene 27
544.9911434158965,376.23103399231303,Gene 27
541.6743464563547,373.78788968666527,Gene 27
550.6719532038202,375.1446899146188,Gene 29
543.6265098356737,371.2428471175049,Gene 29
542.3300430847611,372.8570578201999,Gene 29
553.5005032469486,375.362217992409,Gene 29
550.2285136018897,370.3897443414052,Gene 29
548.9712899579113,370.73937608655785,Gene 29
549.678630497245,374.81277198921094,Gene 30
545.2151049427836,378.5318581855811,Gene 30
543.8326106471268,372.9802327522505,Gene 30
551.3400702811355,373.07160987285926,Gene 31
552.1524739651761,376.3561659414026,Gene 31
553.1306996384955,374.94763523716944,Gene 31
545.1410650312486,378.0673475021622,Gene 32
550.7051252521803,375.9565207639141,Gene 32
546.5084413566597,370.2530459364301,Gene 32
548.1089331100851,374.8374930821158,Gene 32
543.0695608206826,376.0142599910609,Gene 32
546.5309900468205,372.42710481026484,Gene 32
552.0424179580436,373.76226351453033,Gene 32
548.3543909399099,371.4796765097558,Gene 37
541.80594155336,372.60872019645905,Gene 37
542.4735525992571,371.45369543126475,Gene 38
559.4496035758486,374.75835986643256,Gene 4
559.2957315556736,371.40747901670704,Gene 4
559.4468143500615,378.2156218693338,Gene 13
560.0719595482277,373.0605829558255,Gene 19
559.2234634407528,377.9206983303887,Gene 19
560.0063610649112,372.89986062386777,Gene 19
558.9871712637065,370.30151639638274,Gene 19
558.8529959032078,365.20588316419185,Gene 22
559.940419877485,370.6798828956285,Gene 26
558.9820955957518,363.95015646810845,Gene 26
559.1545300586665,374.328091863617,Gene 26
558.827671867281,370.72705352425413,Gene 26
560.0647733683583,376.3365940836171,Gene 26
559.6806248696519,361.8055454436977,Gene 26
558.6951451586852,369.5872669701298,Gene 26
559.8221520351932,374.6162437451729,Gene 26
559.5788749331989,365.96453024505513,Gene 27
559.4808583473657,379.7374796529954,Gene 27
559.3614139820958,379.21872043784555,Gene 27
559.0722428527296,377.87683985043446,Gene 27
559.2288376567785,363.97272997228345,Gene 27
560.2200812604245,367.091745550481,Gene 27
560.1286188212442,375.08045889288405,Gene 27
559.296516314575,373.0441215722083,Gene 27
560.2473143684616,372.38954307665705,Gene 27
559.1442168802877,371.85645820367574,Gene 27
560.0948293029005,367.55492741062045,Gene 28
558.9376492560993,375.644241246191,Gene 28
559.9557780741715,364.8603076138536,Gene 28
558.9203790007089,360.5307107809127,Gene 28
558.8660727550413,363.9927937246006,Gene 29
559.211543835923,380.7327906860336,Gene 29
559.8285519766838,370.04444634898664,Gene 29
559.2421176431292,378.6356644523297,Gene 29
558.8405168019159,365.83448852146853,Gene 30
559.0398670079165,367.78311664720394,Gene 30
560.1532368200363,372.4722211048199,Gene 30
559.9442259754675,370.1519293667587,Gene 31
559.3388558086963,379.97523817614757,Gene 31
558.7784280892397,376.5349366212793,Gene 31
560.1856991737238,364.81013847587576,Gene 32
559.5488043615253,372.36843945138895,Gene 32
559.5482550281848,372.0344676889545,Gene 32
558.6138390596402,371.76443557603034,Gene 32
558.8556293557037,377.1959843014887,Gene 32
559.5706491159983,361.3134505945939,Gene 37
559.326780283414,376.6797099665959,Gene 40
572.3508381420232,376.0398201579801,Gene 4
574.6406301108766,368.4327547596344,Gene 5
573.6478412838718,374.2642369685704,Gene 13
569.5859661314647,374.3520888490301,Gene 19
568.7093677436357,373.8892323552833,Gene 19
573.485998054746,374.30158512942387,Gene 22
569.1503773396907,367.86004635400326,Gene 22
574.4592932514748,368.2715976419082,Gene 26
573.9670781867808,366.71319907787046,Gene 26
573.2489822070353,367.1527819899535,Gene 27
571.4055114127657,364.60995797006666,Gene 27
569.2189656050818,370.446670486672,Gene 27
573.8173141331239,376.68773985536285,Gene 27
572.2392125748788,377.8881680253717,Gene 27
574.3272184760681,367.2565495402232,Gene 27
573.8135302455623,373.4821889467421,Gene 27
571.0441131756871,364.86516283952557,Gene 27
570.4405507710576,364.8268229073869,Gene 27
572.8720513604868,366.92448692746905,Gene 27
569.4499976700439,375.7601625464547,Gene 28
574.5221043054389,366.1697691932639,Gene 28
572.769117866819,367.2529493921039,Gene 28
575.5622307350563,370.46577187367575,Gene 28
575.0541904505454,368.6459894389229,Gene 29
569.9209723309866,364.2718250947861,Gene 29
572.8151110592456,365.30189058865784,Gene 29
569.7118074638871,367.8028350638868,Gene 29
574.0173312060924,370.9464146752595,Gene 29
573.1915771267355,364.29678925219287,Gene 29
573.5355232718421,367.4986263843784,Gene 29
573.1487267900548,368.56783969475305,Gene 29
573.1029776852729,368.87337092953913,Gene 29
570.1256601726725,366.87014433965743,Gene 29
571.7643935744479,375.5524703125872,Gene 30
570.5380553243443,369.04968877620735,Gene 30
570.119670646136,371.4520567635605,Gene 30
570.1714812064246,372.6888383735234,Gene 30
568.473907524075,370.74842980146553,Gene 31
570.1351793716607,370.90146399198767,Gene 31
573.7514443248831,366.3865179569905,Gene 31
573.4208615689006,376.50832358982393,Gene 31
574.8060404703423,372.3688235697111,Gene 31
572.9055179696957,373.4466695316491,Gene 31
569.0021397381344,372.6356671185697,Gene 32
569.7969524572733,366.54955675484536,Gene 32
569.3230153789254,370.88199722345456,Gene 32
574.1160456025914,366.7852272651528,Gene 32
570.3894289446148,364.96842058028165,Gene 34
568.0738972205113,371.1904030530624,Gene 35
574.1310795474436,369.19187254351107,Gene 37
570.2143926930254,376.92801809535257,Gene 37
572.5108442101688,379.40279964313453,Gene 37
571.8860113884637,375.917637061115,Gene 37
572.4526458031637,379.16330750100855,Gene 37
568.8068196412283,371.0570849366696,Gene 40
578.6472152030321,370.00392462679565,Gene 19
577.3997541714416,364.6312796460378,Gene 19
575.0644502838782,365.86569622150193,Gene 22
578.9640998625057,372.7864632191023,Gene 26
578.2439956872936,365.0102412290708,Gene 26
574.84493015209,368.66097602233384,Gene 26
578.343564328392,367.4699048307081,Gene 26
578.3894474972137,376.8515487774416,Gene 26
575.7284181070304,378.7399218587657,Gene 27
578.867280840201,369.8437391342796,Gene 27
575.5032936026912,378.3297991258771,Gene 27
576.9849292413681,373.4794568319116,Gene 27
577.9704894541412,377.5799016113424,Gene 27
578.4188317066173,374.2223557843389,Gene 27
578.4360261022332,367.26782388291247,Gene 27
578.3514101836331,373.0320613430147,Gene 27
575.8573913533462,375.30371124238286,Gene 28
578.2292920392234,378.0197277949722,Gene 28
578.7863417971122,375.1779659216535,Gene 28
575.6103270779001,363.934643860531,Gene 28
576.6434945789418,379.94414146218423,Gene 29
576.1094413976851,363.8053197076087,Gene 29
575.7683374031546,375.088729218081,Gene 29
578.7128526220533,366.3012983434249,Gene 29
575.8151885656072,375.19505348442044,Gene 29
575.4037482300209,368.7136055082907,Gene 29
575.4651829444194,372.16359423805653,Gene 29
574.9054036915393,373.3746235878318,Gene 29
578.2785114130174,369.5059532752071,Gene 29
576.9776546528822,377.80264623709326,Gene 30
575.5257295131647,374.82396979653413,Gene 30
578.4943152016833,369.0543855711704,Gene 30
576.5039545596655,370.5445037034591,Gene 30
576.9200041644657,366.676568201193,Gene 30
578.59542369082,367.4390991893765,Gene 30
577.8334138399388,374.6979021528139,Gene 31
576.8183941597032,362.9294189602074,Gene 31
579.0150371081496,368.1034414168564,Gene 31
577.074085372407,378.14314932065497,Gene 32
576.5948933189513,365.1985624031812,Gene 32
577.2489227548856,376.4543721868309,Gene 32
576.3285060523147,380.92793513801,Gene 32
575.9103381936889,374.8769046844243,Gene 32
575.660073676981,368.6342314026151,Gene 32
578.1762375304053,368.69197811500055,Gene 32
576.1850193457311,366.4781792486808,Gene 32
575.9912460946891,364.63498631583064,Gene 32
577.4247960999645,363.65868061598434,Gene 32
577.294758110888,364.2579028501903,Gene 36
574.9270799685913,368.78517308703744,Gene 37
577.6827676512323,364.2428990161728,Gene 37
577.4536221579833,366.32594518165774,Gene 37
578.120388493279,369.5343057586589,Gene 38
591.7306324223545,373.8878560026361,Gene 4
587.9695634291297,372.6397345245367,Gene 13
588.2764093950958,369.4120705094175,Gene 13
589.4543890200983,370.72991068453666,Gene 22
591.2177444447492,378.0505374840593,Gene 26
591.7348231498023,373.15257570878936,Gene 26
592.1538648223011,371.0345525169732,Gene 26
588.4408022530378,377.7511972158947,Gene 26
588.0293978407755,380.21548846829916,Gene 26
589.3187064504715,367.5264174580536,Gene 27
590.4251865211869,369.27388759830484,Gene 27
589.4319338207692,368.0156038839818,Gene 27
591.3150345610771,377.3341669533707,Gene 27
588.2063194019471,368.72092977305044,Gene 27
590.1319060818853,379.18521120541214,Gene 27
588.0348932464793,371.93971249403654,Gene 27
588.633414003542,368.08856347552,Gene 27
591.0747310946707,374.59653471352027,Gene 27
591.9673826961526,377.11952954097455,Gene 27
589.255275621934,382.6588582976497,Gene 27
591.0030690049975,376.1317646139163,Gene 28
588.9762262364094,367.8581886138354,Gene 28
590.493277186737,370.3119126287624,Gene 28
592.2776340034313,377.4379781836189,Gene 28
587.3862380567332,377.79340368669534,Gene 28
589.9722463073829,369.7652740087256,Gene 28
592.4312607039436,375.384534804236,Gene 28
588.221592727079,371.1363393198722,Gene 28
588.8112402724946,372.64856078592186,Gene 28
587.0736937804479,372.5521834067486,Gene 29
592.3070207832092,377.16788015348976,Gene 29
591.4362143910719,369.92090403926517,Gene 29
591.9013994495139,374.9720370708977,Gene 29
591.4085644692199,368.7987182014799,Gene 29
587.6164105156745,370.0968587429333,Gene 31
591.2470923536641,373.9108010903368,Gene 31
587.0881429425937,375.82063373398233,Gene 32
588.2767062057799,369.3944907106709,Gene 32
591.7106947109836,380.8052500902355,Gene 32
590.2077344854284,380.35355067854044,Gene 32
591.1461639238804,380.96894543518005,Gene 32
592.1284715790513,369.1065110818055,Gene 32
591.2028211000371,371.6634205355179,Gene 36
590.0712153542022,367.7484477338053,Gene 37
590.7870869947511,381.2933007369907,Gene 37
587.6312799308906,379.8498611024397,Gene 37
592.9378257946411,371.9407394036185,Gene 37
589.4302139237815,366.9409093613129,Gene 37
590.0381629286952,368.3297789556312,Gene 37
587.5067397290819,378.7261896234,Gene 40
590.2178534863566,380.27545367051994,Gene 49
596.8769164262262,367.87952094372844,Gene 4
599.1946446267325,368.6148266054322,Gene 4
595.5388555261109,372.5199643720694,Gene 13
593.2492439009479,369.61711373680345,Gene 19
595.4893864005122,365.7169532429292,Gene 19
599.2843401652142,371.4300756342072,Gene 22
598.0862400511985,365.76003706407215,Gene 22
598.998152245714,369.55648403530466,Gene 26
598.189465427492,372.88424039936103,Gene 26
598.4149771954138,368.1478953531415,Gene 26
595.8925663953362,367.38304727748124,Gene 27
594.6050713944151,372.11718260131124,Gene 27
595.0232243364273,376.445080364037,Gene 27
598.5397818037297,373.35333525715686,Gene 27
597.0930425047478,363.736915341783,Gene 27
596.9509630082179,369.90610334867023,Gene 27
595.2106408400855,376.9852641648887,Gene 27
597.8572374586521,375.76322177507814,Gene 27
593.9360468954523,366.85814319986264,Gene 27
599.0454039359546,372.5706107481466,Gene 28
597.4308973097451,376.41155898540575,Gene 28
598.5866004406652,370.0136427392807,Gene 28
596.574694573134,376.4131150684783,Gene 29
598.8022915763989,373.50290217108704,Gene 29
594.8798423135139,372.9079169045618,Gene 29
596.8503037481534,365.21260014352316,Gene 29
594.854901551591,365.74712587572907,Gene 29
595.6077943626163,364.7812402933485,Gene 29
597.5203262214113,374.54808046841464,Gene 29
596.9783598258091,375.2471361168481,Gene 29
595.5057272873447,375.5708612296296,Gene 30
593.3408110303699,370.03347164335156,Gene 30
594.8535580100063,364.8540271114916,Gene 31
595.6930965481738,360.60166855358614,Gene 31
596.5429507213895,371.9655462282122,Gene 31
595.4918005161624,369.8669080020026,Gene 32
595.0425821799212,363.0644100075777,Gene 32
594.8022339103006,372.46845174816144,Gene 32
597.9907437258437,363.0333018380147,Gene 32
597.3839091489508,372.5556546466601,Gene 32
594.7412918615263,372.6763443611028,Gene 32
597.6979064564756,365.15707123450363,Gene 37
598.2350476908107,370.53881762498946,Gene 37
594.1356807126982,375.380133514697,Gene 37
594.448983880344,370.84958463210864,Gene 49
501.5615888573253,374.1801800504029,Gene 4
506.49925796215814,383.9221848213762,Gene 16
504.9701627447036,386.8333752234771,Gene 22
503.6961903412567,385.01576817423364,Gene 26
502.63322301738214,374.2794934307756,Gene 26
507.0708051634134,379.3929362538066,Gene 26
502.28924877948833,374.2331259907871,Gene 26
501.86175018871296,375.8716734202663,Gene 26
500.452020489092,379.0019333333449,Gene 26
502.92889774887766,372.01355903171304,Gene 27
503.4239795479272,376.5992644239906,Gene 27
504.19619011341337,377.10575495023215,Gene 27
502.0428559220472,386.38564344055817,Gene 27
501.05630655563095,383.6192665191932,Gene 27
502.8398865096698,382.9240370325493,Gene 27
504.81341154694036,375.3750467288319,Gene 27
503.18548531383254,374.3031304711188,Gene 27
504.7462098250882,383.3525667052911,Gene 27
500.48864964913884,382.50846137205673,Gene 27
503.66420944238445,377.6610251933443,Gene 28
504.6819440512679,384.01848679618865,Gene 28
506.25970014766193,382.53494194516196,Gene 28
501.8895821965025,385.7157361457391,Gene 28
504.3916075592789,386.2463864945623,Gene 28
501.52105939590274,381.9036381552588,Gene 28
503.24209048165966,372.01777384444557,Gene 29
505.41110543658107,380.71578358365497,Gene 29
501.30129295460887,376.53550856227423,Gene 29
505.32978159564396,379.02535016343217,Gene 29
501.03020792283746,377.3291653031363,Gene 29
506.0070525754633,373.9467636924266,Gene 29
503.288030389841,386.58023536850436,Gene 30
505.6246485526359,379.73461459936937,Gene 30
502.0828738660612,373.38524180799095,Gene 31
504.01931878831283,383.5515919846093,Gene 31
507.0191664017687,379.8861240307183,Gene 31
505.61166529743866,376.06378271866316,Gene 31
504.09555639651165,381.1768512542007,Gene 32
504.9735266047235,377.88206170172685,Gene 32
505.00517285504134,375.6915906626839,Gene 33
502.68593702053533,375.6495333747948,Gene 34
505.80795296047,377.9687996780878,Gene 37
506.3081947363964,378.293858630269,Gene 37
502.6821480314022,380.91402401555445,Gene 37
519.6742089596609,378.13383758165435,Gene 4
514.8335053411934,382.3624807010169,Gene 13
520.0418500495695,373.5570112653361,Gene 19
516.1230447545444,375.32282598328175,Gene 22
517.946472640793,382.9632953755858,Gene 26
516.5007279474926,373.81020289223665,Gene 26
516.8730079240318,384.9570019401141,Gene 26
516.8948170266223,385.15174912180663,Gene 26
514.9246866909175,376.07615570048733,Gene 27
520.2203890269711,379.4042402853792,Gene 27
516.4676929621947,374.1506740103573,Gene 27
519.9790385712354,376.3587466329958,Gene 27
515.9635086516973,382.838641229408,Gene 27
520.6761024389433,380.8916017360695,Gene 27
515.3991598537891,375.453323730646,Gene 27
516.3801727251949,381.2377242536008,Gene 27
519.0754361718142,384.3773134934411,Gene 27
514.6069082073678,377.3579521033117,Gene 27
517.5209848187592,385.5396876221314,Gene 27
519.1114305759031,373.9772652962428,Gene 28
520.3886358054472,382.61093696057026,Gene 28
514.9958510270523,382.11953330613045,Gene 28
519.2151774106092,383.247210206475,Gene 28
518.2498325904378,386.1260544203501,Gene 28
517.8791867521376,373.6283093200052,Gene 29
514.449319863699,381.4558473584297,Gene 29
514.5561294900634,380.94104551944446,Gene 29
514.7987317553991,376.56573731040106,Gene 29
516.3592324255965,383.70172232196995,Gene 29
514.3657005437558,378.3207600351606,Gene 29
519.2481333520096,379.74023152087483,Gene 30
517.1858546029374,383.08765509149106,Gene 30
520.2547073455455,379.8044831041285,Gene 30
514.5341519322029,379.8731444004553,Gene 31
520.5661383764381,382.3258458320594,Gene 31
515.834805615367,386.20983480660664,Gene 31
516.3678940709596,385.5513643314885,Gene 32
516.7211660766105,385.3157284486712,Gene 32
519.5900874580357,383.50637613476704,Gene 32
517.6713476316155,383.0503671903429,Gene 32
519.4119069459797,374.21416849021784,Gene 32
516.1526050437386,385.3848420373434,Gene 32
516.8083489294357,373.5327213592352,Gene 32
515.4665076153497,380.8507518525647,Gene 32
514.149070463022,375.8550562397231,Gene 32
516.7800508042143,374.14576921455324,Gene 33
517.5308422095367,371.62385685162207,Gene 33
515.3128043523762,383.5758208639679,Gene 37
514.2595302377367,383.50493668130014,Gene 37
517.4237626713347,387.0323794839039,Gene 37
516.3624412293934,372.6321038867087,Gene 37
515.5278079705527,376.7805519711714,Gene 37
517.9861861457954,375.1045138451361,Gene 37
518.7138127348288,373.49385453169623,Gene 37
521.9436706414118,383.378429295275,Gene 4
523.9581497439495,376.7528001060432,Gene 5
522.5003568297408,372.46943661249406,Gene 5
523.3467353876599,373.3428314601812,Gene 5
522.9110417254699,372.4394512517334,Gene 5
523.8377210500291,385.7311049975384,Gene 19
522.96594569809,388.18410405541016,Gene 26
523.3968443785421,376.11289270264746,Gene 26
523.2990948953458,373.27712328134,Gene 26
523.8434730609271,383.88235604117614,Gene 26
522.503933389827,377.6631316594005,Gene 26
523.657017410036,387.5352334549385,Gene 26
523.6012791352865,388.2485697801721,Gene 26
523.4428024389855,379.4300366357297,Gene 26
523.6530117723875,383.8906434420272,Gene 26
522.0308833970962,387.483860996313,Gene 27
523.7821219145319,377.6430184187277,Gene 27
522.4163644840345,384.109749380178,Gene 27
523.635207089244,385.7846582600016,Gene 27
522.844955814535,387.3199926009955,Gene 27
523.9082435687934,386.63433632132296,Gene 27
521.9639733511116,374.9030444517531,Gene 27
522.6238600836502,372.7438297225234,Gene 27
523.8356836383996,384.500161254594,Gene 27
522.6181627983877,387.58834818373543,Gene 27
523.1269223022977,384.2936546750198,Gene 27
523.0910102787163,372.9216541896788,Gene 27
523.619725948045,381.66712250757894,Gene 27
522.3879056722172,372.6549000974569,Gene 28
523.7323561000413,386.14534925890683,Gene 29
523.4911882658863,376.07779933312224,Gene 29
523.2541843157541,387.54303492902284,Gene 29
522.9825005373093,385.93714785835476,Gene 29
523.4640554029274,373.0438530257515,Gene 29
523.3143410269441,383.8064057644549,Gene 29
522.4125116254215,381.65125413206744,Gene 29
524.0650903801788,381.63125837438,Gene 29
522.5190207283271,384.0276735739142,Gene 29
523.0132392790273,374.69166758378753,Gene 29
521.8975817900077,385.00129892540957,Gene 29
522.4632651320646,384.9040094017461,Gene 29
522.2957941422089,382.80733498397274,Gene 30
523.2820561744725,375.69766856969505,Gene 30
523.5893735012623,381.6121529450682,Gene 30
522.0520756201364,376.05695805537863,Gene 30
522.3907005560824,373.4695681269591,Gene 31
523.264000689372,390.8785857451736,Gene 31
523.8634406304203,376.2151860724478,Gene 31
522.0141566006112,377.0608439217693,Gene 32
523.8114931868055,382.7616272995856,Gene 32
522.4733976265995,387.9819225535015,Gene 32
524.0035809859081,376.259486940837,Gene 32
522.9721776637405,389.2262269585588,Gene 32
523.1561949790927,374.3295393987374,Gene 33
523.6694827987876,380.28556322876824,Gene 36
522.1226194777447,376.200932782757,Gene 36
523.3010552287438,390.1852108202903,Gene 37
523.0622943434493,387.77296079374776,Gene 37
521.852023744188,382.87471393227935,Gene 37
522.9118582156891,386.5805716182526,Gene 37
523.1563122902782,389.8119020117231,Gene 38
522.2889170079501,380.8201159067517,Gene 49
542.2307741365281,379.714394510557,Gene 5
541.0765342670096,387.39838515767667,Gene 13
537.9433227475014,374.4545324300114,Gene 13
540.4660640765579,378.9445276173389,Gene 19
541.4236534307169,380.66124729016326,Gene 19
540.8456113669599,379.22403274044643,Gene 26
541.0445288216794,376.81119882697004,Gene 26
537.418697611619,381.5180960074078,Gene 26
536.7290314644417,383.9499506034889,Gene 26
539.2687637787662,385.6979555604871,Gene 27
537.767199818365,373.84066557048317,Gene 27
540.8913539424939,382.90653342408723,Gene 27
541.2838092420128,375.41305360578696,Gene 27
541.5670406414679,380.0351866770724,Gene 27
540.2069918378705,376.0700642916309,Gene 27
538.5523227257687,387.8190469050393,Gene 27
539.7434716753755,373.40625183943627,Gene 27
541.7803724905846,377.0149173123551,Gene 27
537.3402856787098,375.9517666598458,Gene 27
538.736833812619,380.7501150347918,Gene 27
541.3673588881546,385.70570312064075,Gene 28
541.6345356730989,377.458595840404,Gene 28
541.0116633620443,383.85915082555584,Gene 28
537.2722253152267,383.3792172215152,Gene 28
539.2335004811757,372.7142732257262,Gene 28
542.1331018365048,382.0849060401976,Gene 28
541.3823380510605,381.94793011179536,Gene 29
538.2522421995999,385.9252473937615,Gene 29
539.3760415053209,376.8508305534325,Gene 29
540.2688930647096,385.44416849424806,Gene 29
540.0795282874313,379.24887414583213,Gene 29
537.6363485591531,382.5516251803608,Gene 30
541.8618788087808,375.48023894999596,Gene 30
538.616321326983,388.9446780947134,Gene 31
540.1434035645149,386.188001623807,Gene 31
541.9117303242697,385.2791832986952,Gene 32
541.3011564439264,385.6250389080723,Gene 32
538.6774929295742,373.81321231896453,Gene 32
541.1921388130471,375.70934158081366,Gene 32
541.3355847690949,384.38765884526043,Gene 32
539.6802603214614,386.9233478219684,Gene 32
537.4044556644594,383.51031659725965,Gene 32
540.350024605549,375.7744614423696,Gene 32
541.4542125468221,378.6431710071243,Gene 32
539.222368979012,386.59003616562325,Gene 33
542.3549526642103,381.2235134715999,Gene 36
538.1594564276764,384.1998322431312,Gene 36
539.6196126684852,383.7540980841519,Gene 37
538.8187226563731,375.1073232945796,Gene 37
538.0755896916667,384.7045821475233,Gene 37
538.6136194668024,380.29475446833885,Gene 38
537.3734011637621,386.48377456680805,Gene 49
540.658280753519,380.4453208894057,Gene 49
546.3712387203526,376.286920497587,Gene 4
543.121860733312,385.0063547648777,Gene 19
545.2965417964683,378.38094856568205,Gene 19
541.4249457853778,375.53993227306995,Gene 19
540.4570340380697,381.7565850464315,Gene 19
541.6924300522674,377.39528937715966,Gene 22
542.1786734093041,383.07183755538995,Gene 22
546.8949096397172,375.0333310898307,Gene 26
546.1328469490896,376.01251346623917,Gene 26
540.7996338895082,378.5903019370518,Gene 27
548.8673682130436,382.83554908252063,Gene 27
542.775811351354,385.1903786767356,Gene 27
548.3913872943937,379.92378140306926,Gene 27
544.4567875170598,374.63514610316867,Gene 27
547.1453611683777,377.0605997300529,Gene 27
547.730435190224,375.2290197306738,Gene 27
541.2874278651486,381.41128845082574,Gene 27
543.787523365879,374.00912969606117,Gene 27
544.9376376160837,375.175482935505,Gene 28
540.5365827729415,380.0774323263231,Gene 28
541.8061680056957,379.1056884534175,Gene 28
547.600640145883,383.1342558227102,Gene 29
541.1775266185757,385.18901530439564,Gene 29
545.7382191142759,383.91374051686097,Gene 29
549.2228120654116,379.9843730811687,Gene 29
547.1664627757691,380.85041012283716,Gene 29
548.1700030054542,379.97112446090273,Gene 29
542.7823966540194,385.583000064935,Gene 29
548.7481884019824,382.7001530987051,Gene 29
541.9023671602895,384.0014810027909,Gene 29
541.4146932086088,382.80941023880183,Gene 29
547.8566794005446,382.8858370498115,Gene 29
542.0983604116967,384.4161259358484,Gene 30
543.1732815761014,381.9302497723078,Gene 30
541.4630414334531,384.9928552422859,Gene 30
541.5076896366506,379.85373688492683,Gene 30
543.6551261778345,376.71238481291874,Gene 31
543.0444240950349,382.96932724254094,Gene 31
544.0877346060471,375.33440180369917,Gene 31
541.9073142779815,375.2076594534427,Gene 32
547.3329570067934,375.6941298613728,Gene 32
544.5163538339383,387.48196580786015,Gene 32
542.2084331358617,380.0785689391532,Gene 32
548.9485558955807,378.0402959677666,Gene 32
547.8575906006863,378.2312320145737,Gene 32
544.7673076586598,385.23451776432796,Gene 32
546.6262353859782,376.26378323040007,Gene 35
546.8022663698958,382.5684128000468,Gene 37
544.0768416427842,376.78185899943037,Gene 37
543.8574196619239,380.5701621107106,Gene 38
556.7084706530002,376.4922544100393,Gene 19
556.2314252262847,384.49117619687183,Gene 19
556.5399998967358,379.51290034640203,Gene 22
553.0559113375107,385.0407034118226,Gene 22
551.5513601095103,379.6337287751516,Gene 22
553.4694074187883,378.23036445202456,Gene 22
554.3768056424618,377.4505819395229,Gene 22
552.8548007592668,377.0503248262425,Gene 26
554.4181784051088,377.5308461713647,Gene 26
554.1635431061256,378.32423088456125,Gene 26
555.4103794355731,375.56153034038937,Gene 26
557.642093275491,378.3589688196969,Gene 26
552.8619872339003,378.8341126052224,Gene 26
553.5126256071546,386.53564585464926,Gene 26
557.3179215479863,381.2909741597458,Gene 26
556.3633375287708,380.1777527523016,Gene 26
558.7346499066956,380.7835432502122,Gene 26
557.5967819101415,380.16392916294984,Gene 27
558.2485156965274,385.27469565947194,Gene 27
552.4936464447702,377.1465381175429,Gene 27
554.1027892555687,381.46292117820076,Gene 27
556.0964216055764,388.184512198786,Gene 27
556.2832817449031,382.20961770467136,Gene 27
557.3216374527635,379.0934610521175,Gene 27
552.621672122952,382.50644724939986,Gene 27
554.4090068478495,376.437913524539,Gene 27
551.88642880529,382.45703040783656,Gene 27
555.5418787454606,378.9424582742171,Gene 28
551.735167116355,383.86820319418496,Gene 28
557.656461623813,383.3766313629254,Gene 28
555.609166513967,388.88402512608224,Gene 28
552.5659817134341,378.1406469478207,Gene 28
553.4379268468706,378.94960687053566,Gene 29
557.3761651015466,388.656381982234,Gene 29
552.6491196042186,379.1742219300478,Gene 29
552.6878132771134,384.84124997250007,Gene 29
552.4868730658802,378.0314506501445,Gene 29
552.9821736310108,384.3197648431546,Gene 29
553.4345835713802,377.41845439622944,Gene 29
556.5374329403102,379.68721345351497,Gene 29
556.5257880911325,388.59061911196454,Gene 29
552.5254520259333,381.0100173434529,Gene 30
554.3724273650937,383.9822337067584,Gene 30
556.6741306421376,386.0264983429182,Gene 30
551.9657105996885,385.8952824674932,Gene 30
557.1967151426755,385.80215269369654,Gene 30
557.6943700847866,384.25754752099704,Gene 30
554.91646531002,387.8342659658954,Gene 30
553.6586104256985,387.84287929723354,Gene 31
554.6831404442778,375.7518184784332,Gene 31
558.3814264771892,380.28399615797224,Gene 31
554.0204929545419,378.862792178881,Gene 31
554.0716377505631,382.1785306906532,Gene 31
556.0031609955541,378.5239696728794,Gene 32
557.0390069957664,379.6542591973718,Gene 32
552.8632808011745,385.82637232337754,Gene 32
556.287415994869,380.18405767515,Gene 32
557.6561644632593,383.31904483940315,Gene 32
557.9141538050856,378.133980659074,Gene 36
554.5858060404116,388.1356780015945,Gene 37
556.1109960067889,375.8607597457765,Gene 37
557.815686488896,382.35520816025394,Gene 37
557.5215632626968,388.8303286237098,Gene 37
553.4398481625877,376.88670242446716,Gene 37
564.493389000673,385.83118859221736,Gene 4
564.5180359781388,383.57632684822516,Gene 4
564.5197542294557,387.0726202921649,Gene 26
564.4870714901809,383.812491904468,Gene 26
564.5073132906155,370.2117383672883,Gene 26
564.5188682838132,376.9613468111504,Gene 26
564.4983011730166,382.007515317762,Gene 26
564.5229715558083,382.02837926391686,Gene 26
564.5174855254371,385.7107123184479,Gene 26
564.5243619608473,375.0285323155384,Gene 27
564.494954236918,385.0875566107905,Gene 27
564.5082326640361,392.210612685176,Gene 27
564.4978613731018,389.6518991362017,Gene 27
564.5251880135371,385.87096732736484,Gene 27
564.5008897812846,381.38612104756555,Gene 27
564.5049111276442,387.3038809671118,Gene 27
564.5292723347213,376.9268495484171,Gene 27
564.5236109993336,383.8921100385983,Gene 27
564.5175917060203,374.5156432143391,Gene 28
564.5059735346363,372.7941087982578,Gene 28
564.5028722396388,388.07261764288717,Gene 28
564.5147320455535,371.7079896754741,Gene 28
564.526215812764,379.3651173350392,Gene 28
564.5215321690574,388.6067297514758,Gene 28
564.5300203309041,382.9745333529476,Gene 28
564.5161191022439,370.34057904489964,Gene 29
564.4975657794282,373.3231597857902,Gene 29
564.4945786979661,382.6122597177286,Gene 29
564.5284079772408,379.0881660690801,Gene 29
564.5135252050729,387.94098942189424,Gene 29
564.5261676257453,378.3953456852838,Gene 29
564.5170179269554,387.55405757602455,Gene 29
564.5051610256983,382.51115886067515,Gene 29
564.4898734187417,379.4378589547704,Gene 31
564.5082376897078,391.8382337909274,Gene 31
564.5107602336672,378.0788103269022,Gene 32
564.4958129267452,374.366726448077,Gene 32
564.5220743481406,379.83397988856336,Gene 32
564.5078573796887,374.56262295363956,Gene 32
564.5189219243294,372.9316964227595,Gene 35
564.5171549807897,390.0702273816194,Gene 36
564.4901584631077,385.332836471697,Gene 37
564.5168000369634,381.2991113836008,Gene 37
564.5064808562133,389.30451709159604,Gene 37
564.4949506951574,387.9393277765511,Gene 37
569.7049382904377,379.9384828073427,Gene 13
570.6947904501527,375.3640443236223,Gene 13
574.6448592391196,382.5364002501169,Gene 19
571.1143678391045,378.5179671889139,Gene 19
573.1681413800777,371.54544675488796,Gene 19
574.8256068510681,375.0549214394385,Gene 22
574.6172325115158,381.1441439365092,Gene 22
570.2329271744769,380.72866412030487,Gene 22
574.5898049825422,383.4627778546749,Gene 22
573.4863637465802,374.97945196497824,Gene 26
569.5434625606825,378.9789943257188,Gene 26
572.4716292422777,375.3133236686021,Gene 26
574.1944125613524,382.73464936712753,Gene 26
575.1068495880812,380.0593574631595,Gene 26
573.6880941364836,377.46096366684014,Gene 26
570.3462626056743,376.1917308776782,Gene 27
575.5551718616805,383.32186156608014,Gene 27
575.6498777675131,379.2783937122672,Gene 27
574.1360122419803,375.06802396182115,Gene 27
571.3422952569289,383.629436696853,Gene 27
573.5747750633228,372.60979366496935,Gene 27
571.3800139634423,380.28469181840416,Gene 27
576.1999425270095,376.01998693868234,Gene 27
573.0074112964658,380.61179601858066,Gene 28
575.3353891006302,382.76195471985807,Gene 28
575.7491742723483,383.84027172296214,Gene 28
573.9639403546229,373.2652849814818,Gene 28
571.7878146090821,385.3332773188582,Gene 28
572.7705866114325,386.4743572040051,Gene 28
572.4277402928162,379.0683078894372,Gene 29
576.4978198776762,376.4682935813671,Gene 29
571.3546285904968,375.30614369972676,Gene 29
570.8113371715135,375.8971250545397,Gene 29
572.012238018715,373.12240510715515,Gene 29
571.7044079941603,374.64396940645173,Gene 29
571.3101749529707,375.2847284414138,Gene 29
572.4729807620372,371.4074449777717,Gene 29
573.9542918765967,376.8871759182053,Gene 29
573.2808896469882,373.5278791832975,Gene 30
572.9307427169525,383.743382338998,Gene 30
570.2220760143566,376.1648939103696,Gene 30
571.062623349316,381.0829129098022,Gene 30
575.7553775982435,383.710003845341,Gene 31
574.0123770919375,374.5349727185999,Gene 31
570.0992737728499,376.28013087305396,Gene 31
574.7296536728597,385.0685272598791,Gene 32
576.7528038345644,376.3537765107643,Gene 32
572.6333628652917,377.187101061912,Gene 32
575.4399813296988,381.22516068687617,Gene 32
571.2076310471036,372.99563805137,Gene 33
574.1165171085385,387.01144809926825,Gene 34
570.8746214804348,381.3582602843389,Gene 36
574.7541450293214,382.9938207379865,Gene 37
575.678890932088,378.46091208685056,Gene 37
588.4657034355961,386.77907519602036,Gene 19
588.2642014887114,386.7937117798197,Gene 19
590.4381167213122,381.4913413679463,Gene 19
590.24287234692,383.3110201768074,Gene 19
589.8477797258338,380.28616240809873,Gene 19
589.5168959790947,381.20191104125513,Gene 19
583.6007576321681,379.26120750708344,Gene 19
584.8260720399182,378.5822334286606,Gene 26
583.0179778985539,386.40362266292544,Gene 26
587.8878388157492,379.9590185180631,Gene 26
590.3525591294602,385.28889225331744,Gene 26
582.2828807607416,385.786088305731,Gene 26
583.7176175286189,380.299280323433,Gene 26
582.1657554987733,386.3164152751515,Gene 26
585.9562364718126,388.87486622725004,Gene 26
587.5457035408895,387.70509428489004,Gene 26
589.0400453400609,386.8358777026064,Gene 26
582.7351168275105,387.64587167194384,Gene 26
587.6229838247316,387.17493281495854,Gene 27
588.2120268710327,379.850941217711,Gene 27
586.5313779120148,381.5107561675758,Gene 27
584.4102790007518,386.95312543732723,Gene 27
588.2447147775559,387.9666884653666,Gene 27
586.3948666498196,387.37534398311436,Gene 27
585.8964663762553,384.80115041366065,Gene 27
587.5335642789192,386.97677020275137,Gene 27
584.5051181208866,382.64186537195906,Gene 27
585.6958916733803,383.24169563066835,Gene 28
589.2739604523523,383.71239594725347,Gene 28
589.1822972290086,380.2200853403265,Gene 28
584.7884056779146,387.3493582054484,Gene 28
584.3715367505152,387.816511207907,Gene 28
584.4066905995902,386.36970670960545,Gene 28
583.0652040309528,383.5546058508616,Gene 29
588.1641315133372,384.3845056485956,Gene 29
590.0378564998117,384.8424421155156,Gene 29
587.1069581070244,379.6566878152538,Gene 29
588.8467290507176,377.83861538807207,Gene 29
587.9507425275925,381.37400926964773,Gene 29
584.0308282596336,380.6653620746623,Gene 29
583.769680554202,384.7646449314385,Gene 29
589.7628604558956,385.31789093434077,Gene 29
583.0378436339479,382.7911737346746,Gene 29
590.3086448993466,385.1611387065398,Gene 29
582.5277356501942,385.0014975073948,Gene 30
590.1441057401169,384.27140835190323,Gene 30
583.4530007886916,384.19517055653455,Gene 31
587.2615538283507,388.1294866883279,Gene 31
583.670858242494,379.73462731321786,Gene 32
590.4936821694628,385.3899555572592,Gene 32
585.3512192098643,381.69407947537525,Gene 32
586.5707197497672,377.66153684689067,Gene 33
588.138328134974,381.54595275014856,Gene 36
589.8081738625932,382.74852092384646,Gene 37
590.2323545466041,382.38070481123225,Gene 37
583.5592883590939,387.8195470779641,Gene 49
592.9436833052796,384.5116443463067,Gene 5
597.2344268975198,382.4954795846381,Gene 13
595.4389547403857,376.618520586338,Gene 19
599.2254743059634,378.59490276696226,Gene 26
591.2588841244299,383.4180912818192,Gene 26
595.7386962911858,383.78643319468625,Gene 26
597.6647676105513,376.2350265881058,Gene 26
596.2102033091743,379.1581306014486,Gene 26
598.0170347817594,380.31684649298603,Gene 26
597.1289332566026,380.0872570446875,Gene 27
597.3360703184436,376.35802350901685,Gene 27
589.9089839873877,377.67001347749954,Gene 28
596.1457183147338,376.15035742951596,Gene 28
592.0062825203242,375.78754380448754,Gene 28
595.4401273857823,379.2566056813536,Gene 28
597.1662955535008,383.6576989906174,Gene 29
596.7709611889231,377.7961539422771,Gene 29
591.0621589408147,375.8145422301903,Gene 29
597.1222848772444,376.3534596041738,Gene 29
591.2138396159288,378.35709555457646,Gene 29
594.7897465379547,384.267903477458,Gene 29
593.2357518542982,377.8691120169308,Gene 29
590.1221255633108,383.8629516429871,Gene 30
592.241708359562,377.5548800604906,Gene 30
596.7689985201769,375.8741139439181,Gene 31
590.4612166856296,380.08236116400127,Gene 31
588.0756570334631,378.9533067899126,Gene 31
598.8906509492085,378.0836778125786,Gene 32
596.471884144347,376.93452895192706,Gene 32
595.618733925039,383.7933618719061,Gene 32
597.5797664670157,378.8452778111378,Gene 32
595.3914793544839,382.80066769901003,Gene 33
593.3985577648077,385.29523738572055,Gene 33
590.3182883015179,377.8001106309624,Gene 37
592.3167641487091,382.17954354714186,Gene 37
590.762257156093,375.7113968724329,Gene 37
598.2544708255637,381.93368999475734,Gene 37
591.4783669514898,380.43686580105106,Gene 37
590.6761994863635,383.2746130689978,Gene 37
509.22450548090666,390.24288521998335,Gene 5
507.81639142117166,391.47154771025515,Gene 5
506.2956771753844,394.1703317182701,Gene 5
510.55493024350403,390.41720716198915,Gene 19
510.9915593484119,389.855086822748,Gene 19
509.682334938366,397.5423716614565,Gene 19
509.95610158495055,396.9483730840261,Gene 19
510.529511669758,388.4385038957906,Gene 26
506.2193938625256,391.5198114903343,Gene 26
507.0464215193474,384.14850574008204,Gene 26
510.8280016784482,393.32467011147105,Gene 26
510.11966904070516,390.40996512572934,Gene 26
508.48079424884025,400.8795648419967,Gene 26
508.8102557010758,389.17678564892447,Gene 26
507.45508073810043,399.42626484600277,Gene 26
505.6099206119121,389.51091497708927,Gene 26
506.1489841967783,392.23159069724073,Gene 27
510.28592824308333,386.7915202555213,Gene 27
509.1420096025444,395.879625570289,Gene 27
508.9068927916583,387.6531756774949,Gene 27
507.12209089167385,385.9202878972624,Gene 27
509.71791431708493,393.3542732225397,Gene 28
510.76323322527895,387.14131402909464,Gene 28
506.2550409385024,394.1762576876815,Gene 28
510.5039685210501,386.41064792255855,Gene 28
507.8626914099566,397.86608168554534,Gene 29
505.79254453534895,390.51501101113513,Gene 29
507.6527494193055,387.2207809189685,Gene 29
509.53423844953124,396.50250682714795,Gene 29
510.6047214272219,389.85020184246747,Gene 29
510.3497169310078,386.6605266132661,Gene 29
509.7586048993865,390.2014844224257,Gene 29
509.2417456632104,394.8468026874208,Gene 30
510.13578869203656,394.7568044454961,Gene 31
506.6636595007603,386.1668365856641,Gene 31
508.15000397348723,398.6155048495002,Gene 31
507.6934205418761,398.1347187910106,Gene 32
506.25330111822933,387.41114377606567,Gene 32
511.3471388842341,390.09405496779226,Gene 32
507.8410629144592,397.35336638688904,Gene 32
509.33259176403146,385.2162482173443,Gene 32
508.2736896022045,396.575948027115,Gene 32
506.7470124926386,389.9585801187636,Gene 33
507.9489840098483,398.18487539516093,Gene 37
509.2782422770516,398.6804314294078,Gene 37
506.71047040163415,393.54424190588634,Gene 37
510.6091113364748,390.0440101464536,Gene 40
514.7058790052258,388.2635387600184,Gene 5
515.6902445180851,382.87611918033474,Gene 19
517.3815487873011,396.44478190253824,Gene 19
519.4489348572909,387.0797667759422,Gene 26
517.8970128491493,394.3154143169923,Gene 26
515.5258980467861,384.8891356073091,Gene 26
519.2456040040189,389.963492648153,Gene 26
517.9920669267594,382.72433833561684,Gene 26
518.2500352070244,387.6960519214932,Gene 27
518.3086550289262,394.4769874858714,Gene 27
516.7554344994346,381.66431662641395,Gene 27
519.1768088252394,392.80172382420017,Gene 27
516.1788146223073,387.8995487285713,Gene 27
515.6716748504235,382.9919476755834,Gene 27
516.0248995209258,383.95781032729815,Gene 27
518.612194467082,394.78022266163697,Gene 27
518.8565870496834,392.1601799225828,Gene 28
515.0076480576851,385.98513148552473,Gene 28
518.5770225626284,383.0492212744603,Gene 28
515.201038795579,383.8287297107636,Gene 28
518.6934056486826,383.44502812082504,Gene 29
519.7616539325754,386.8446504546584,Gene 29
516.873976366106,392.5496633462395,Gene 29
518.1328092146824,387.64400878852734,Gene 31
514.8462736085133,386.6559593234877,Gene 31
516.4157633415517,382.42876835835625,Gene 31
515.2219832877964,384.9346214204871,Gene 31
517.2162749140846,393.97206710951247,Gene 31
518.9096242524365,393.0499956749269,Gene 32
514.6989417408051,388.1112808720839,Gene 32
515.6205316050141,383.4250184976151,Gene 32
517.0880623433685,382.7456938816443,Gene 32
516.4108595552134,395.3806535695838,Gene 34
519.3845752540263,391.2106402543255,Gene 37
514.2414879076042,388.28755399426274,Gene 37
518.1140928879745,392.95606846898244,Gene 37
518.7050133460649,385.42865684975345,Gene 37
518.3682475120103,395.92723647513316,Gene 37
515.8403440233849,393.84957679575183,Gene 37
515.9755409205073,394.99321020267774,Gene 38
514.4933424349408,389.0890885178413,Gene 49
531.5218369796995,387.70142512077786,Gene 4
536.1540905570414,388.4923813761421,Gene 19
531.6242370540673,394.53186807055306,Gene 22
535.6355515495245,390.209100735816,Gene 26
535.9214395034697,387.93733683535356,Gene 26
535.0355159331093,384.8896680532589,Gene 26
531.8471109845011,395.9796974703498,Gene 26
535.0308626769508,395.91731662373684,Gene 27
531.5502908107883,393.59528178123236,Gene 27
533.1695687447051,386.8125130943451,Gene 27
536.1201310924731,390.4668177306068,Gene 27
533.4223249508143,391.17145790699385,Gene 27
532.65771143007,397.45407202727534,Gene 27
533.0196241174792,386.7684576467007,Gene 27
533.917793682406,383.63333735094096,Gene 27
532.4482205220677,395.49986135496425,Gene 27
531.6797953029393,392.2662673616443,Gene 27
531.4829687642576,387.8213812184495,Gene 27
535.1568166041186,390.58270701223677,Gene 28
531.8325623357648,387.60623288287246,Gene 28
534.056491936808,383.72563787486723,Gene 28
535.2084867024673,396.35264671657325,Gene 28
534.1717770654333,396.7073490647846,Gene 28
532.8502130766847,395.3382819292209,Gene 28
536.0813416509201,385.9108107613531,Gene 28
532.215022243571,396.4363208414767,Gene 29
533.8235111433784,385.19529768625637,Gene 29
535.9147898153532,393.8261850578601,Gene 29
531.2932925612794,386.43891395180344,Gene 29
535.7953748715303,393.7756299964773,Gene 29
533.151483002966,396.35271306452813,Gene 29
536.1879851140341,392.2088673248679,Gene 29
534.0385076457247,384.82908072920816,Gene 29
533.6582970424214,395.74652510337813,Gene 29
531.8434835172646,394.6975421019921,Gene 29
533.0645072586008,394.00883366156796,Gene 29
534.2839823659516,388.84500192497245,Gene 30
536.5018104020538,389.74295909581673,Gene 30
532.0999507045709,396.549845066641,Gene 30
535.1329199436558,391.08839145394865,Gene 30
531.9350473888326,385.44080071411565,Gene 30
534.6399488214208,393.15856144611035,Gene 31
534.844892373916,384.3339519295968,Gene 31
531.5558871980982,391.13972986333766,Gene 31
531.6637614205214,387.82136473101684,Gene 32
536.3366355074146,387.4385335628147,Gene 32
535.918184415692,393.21414627044777,Gene 32
533.4128898395329,398.99886079575236,Gene 32
531.6731436804782,395.8340940424236,Gene 32
532.2053024484159,387.7800034983385,Gene 33
532.7748536909273,386.7837435893565,Gene 37
534.7953924520073,392.5975852415968,Gene 37
535.4217398686033,394.2794821827641,Gene 37
535.6530892891543,395.7400118167226,Gene 37
534.2018519099689,391.27702223289543,Gene 4
537.6898934301067,385.7527456811586,Gene 19
539.326380251002,388.15188588731314,Gene 22
538.6584494809798,387.6428678630065,Gene 22
538.7178993734548,389.79462111223876,Gene 26
535.3422190888565,386.45987982076247,Gene 26
537.5581287047311,391.5920536441946,Gene 26
537.147250333109,380.51594881764555,Gene 26
538.2185456681536,389.38192636804644,Gene 26
534.074233898455,384.8661755663487,Gene 26
534.8816584340293,384.5533881759856,Gene 26
536.5603680725845,379.89366374107067,Gene 27
538.4819069072838,385.58090354237174,Gene 27
538.4406974604685,382.45834950730074,Gene 27
537.836918768622,391.4695415906885,Gene 27
534.5433458039557,387.9929750812144,Gene 27
537.1252524282521,396.3640206461446,Gene 27
538.8742557743633,391.5280886254586,Gene 27
538.7290322973441,385.1426966938614,Gene 28
536.964487579534,394.91173878841875,Gene 28
539.1073513612483,387.3391089121175,Gene 28
537.5699289567239,382.9845989270656,Gene 28
537.4098117714443,393.4672726877112,Gene 28
538.7665749790533,383.05502777617085,Gene 29
536.9228983551528,392.5015042987414,Gene 29
537.5815968823149,379.5366390540241,Gene 29
538.5591478859192,391.6080877357414,Gene 29
537.1138969732073,395.5269967615358,Gene 29
537.9911301017386,385.9001542524506,Gene 30
537.3175126069707,385.8197612562754,Gene 30
534.5294433128281,387.26340439641024,Gene 31
538.6031251100678,386.4460183175505,Gene 31
537.5184098752057,393.6119582521898,Gene 31
537.9789637502273,385.4770409436332,Gene 31
535.9003763645811,395.79075378859966,Gene 31
535.8399877908955,382.92403864570304,Gene 32
535.6612691321642,393.36860213765306,Gene 32
537.7604597611919,386.3615754121475,Gene 32
535.1608402628368,388.03466570074386,Gene 32
535.0734697487862,381.96532538356723,Gene 32
535.9019453665439,386.8376137203369,Gene 32
538.2862587850973,390.0467347896954,Gene 32
535.8339278391492,394.47279550593396,Gene 33
535.4545696543502,390.6968549232719,Gene 33
534.6353424839888,393.57101494767005,Gene 37
534.6127224381218,390.50765429036437,Gene 37
538.7471642504938,385.0029169376857,Gene 37
535.505414364708,395.3721864069501,Gene 37
547.0918951905973,377.80074270570765,Gene 5
547.4408967489443,383.22394202072627,Gene 13
547.3072150713314,381.17281061032253,Gene 22
547.35484571749,396.6232662279967,Gene 22
547.2460303035859,378.9535498002577,Gene 22
547.3577280687356,384.31443418832896,Gene 26
547.0616874974712,382.3634083310819,Gene 26
547.1596333439362,384.3093487760116,Gene 26
547.0820137420341,388.9298238704517,Gene 26
547.1573367368158,384.5873398628412,Gene 26
547.4711144831513,384.6352986413762,Gene 26
547.0216696807887,386.933260614628,Gene 26
547.0714905931432,380.73524534695997,Gene 26
547.3385124624559,382.16439197335575,Gene 26
547.1553172194151,393.1559548194918,Gene 26
547.3729194359454,379.3988266911538,Gene 27
547.2126136304374,376.41969838909165,Gene 27
547.0561453855353,378.97933864486055,Gene 27
547.4434324899294,392.101993336742,Gene 27
547.2586580819326,376.9851086020073,Gene 27
547.2990363702468,381.03914290673185,Gene 27
547.3550064512617,391.95066669623293,Gene 27
547.429232153372,389.0679387723915,Gene 27
547.311980698783,382.6241967090963,Gene 27
547.3058849773608,384.5957729436165,Gene 28
547.4483281526657,392.76566185802386,Gene 28
547.3806707680902,390.6549681669052,Gene 28
547.0738055927465,378.7270611846217,Gene 29
547.0518867335999,383.7455959320591,Gene 29
547.3236366070878,379.729611838095,Gene 29
547.4137824413486,381.01286881535157,Gene 29
547.0975013160015,394.3017061729937,Gene 29
547.4703506946992,382.75063584820055,Gene 29
547.1995468554501,390.6250919776022,Gene 30
547.4257025134128,384.43135114374627,Gene 30
547.4689337390457,389.2503080318829,Gene 30
547.0687141192158,382.12251206723363,Gene 31
547.148069715884,379.00503943184634,Gene 31
547.2844367823543,376.7789555424862,Gene 32
547.223330327441,377.3097255574114,Gene 32
547.0370364435403,388.75454221049097,Gene 32
547.3505053000499,376.89794779999085,Gene 33
547.1419134800791,396.3787082982602,Gene 33
547.1141042818499,380.79874682587166,Gene 37
547.2178083360725,396.8921025119509,Gene 37
547.3119925666944,397.180750071313,Gene 37
546.9919070536305,386.2815599616561,Gene 38
562.4854925993025,385.10748067877137,Gene 4
561.8783708702774,395.62385553914055,Gene 5
561.9597568908923,380.3151947340323,Gene 16
563.1564503526147,385.3762145983993,Gene 19
560.1421903592774,382.5297488527877,Gene 19
561.6428397766299,378.09279939507024,Gene 19
562.2198971980347,391.009413076979,Gene 19
563.2583697548508,386.44202147620746,Gene 22
563.1632648517964,380.72452060642405,Gene 26
561.1038690827208,382.1336009487533,Gene 26
560.0825746445258,391.8322729329041,Gene 26
562.455966266857,381.726619825875,Gene 26
563.4345171611513,388.41225869504296,Gene 26
561.1119027233055,391.3252125521058,Gene 26
563.0686285934943,395.2286058859212,Gene 26
561.9040905978377,379.52785034393,Gene 27
562.1276355402404,393.8926423142382,Gene 27
560.2397777570262,384.1837793402878,Gene 28
562.8214516594628,393.9241481122996,Gene 28
561.7409901933029,395.4184945147533,Gene 28
562.6263608994393,381.068510520675,Gene 29
562.1559939827298,383.9180742385913,Gene 29
562.5896480041176,384.6051000675693,Gene 29
563.6359313551743,385.2309540786641,Gene 29
560.9251426881293,382.5347372097817,Gene 29
561.339076088866,384.3563512045093,Gene 29
562.9497472352418,380.2867022966266,Gene 29
561.4359743774263,380.46876551971263,Gene 29
560.2942426730798,380.988705931379,Gene 30
563.6679764152436,383.40045730809084,Gene 30
561.748208173654,389.8351581138697,Gene 31
562.7120998340349,381.3268787595402,Gene 31
561.2894891081947,383.9851446341856,Gene 31
562.5413147989663,394.6989953946042,Gene 32
563.642356376239,389.3933671369997,Gene 32
562.2084160068542,387.85415065873025,Gene 32
562.2822764130948,385.4515259050653,Gene 32
561.299902117644,392.0619146935977,Gene 32
560.0845680298274,393.63842579267464,Gene 32
562.9795807243676,390.2022273971674,Gene 32
561.1905299458537,388.92382964856415,Gene 32
563.4176885679367,392.04646399806984,Gene 33
561.8458467029626,379.8830604919408,Gene 37
561.5628220329035,379.6064421942766,Gene 49
567.1011170014827,389.8432815530378,Gene 4
566.7267265779655,389.43843708269617,Gene 4
569.460151876605,390.3394847160677,Gene 13
569.3499562592468,380.36975826878233,Gene 13
571.7140178889786,384.6661299600954,Gene 19
571.1458062212691,388.44493929623394,Gene 22
569.3436842856095,380.6741948153858,Gene 26
566.8626010091194,388.0573221008027,Gene 26
570.4703552418487,379.92906031765307,Gene 26
569.2656614563715,380.41872832384433,Gene 26
571.9883366147473,386.04769065115045,Gene 27
572.7291236294293,387.7505811591713,Gene 27
571.0683858576934,391.49571250252166,Gene 27
570.2162660729172,380.38919104509137,Gene 27
571.4544910721613,380.98544440623374,Gene 27
569.0116967077087,382.9816148253812,Gene 27
571.1149100750208,384.95037407628837,Gene 27
572.4492137973101,388.52137262564474,Gene 27
568.8649832508145,393.8374128238948,Gene 27
567.922441886527,379.20944518320715,Gene 28
567.5928548799138,391.7056822729219,Gene 28
569.0474746456852,393.9250659484161,Gene 28
567.4091594584379,392.11078683127704,Gene 28
572.0768158857472,384.1137681613614,Gene 29
572.0828560407821,384.0236149639324,Gene 29
571.038106114162,384.45076894844306,Gene 29
570.2564625290861,390.90751625360866,Gene 29
567.7131207279698,385.0986704716446,Gene 29
569.6981689942828,386.22364093618563,Gene 29
571.8434660878519,391.72061852606424,Gene 29
567.3895637649357,391.0842686613217,Gene 29
569.7913635165369,383.6070311364134,Gene 30
570.8853450937654,384.92692470901284,Gene 30
567.1456877853202,384.64567439274043,Gene 30
571.4137939809398,386.0038979260978,Gene 30
566.6870481909075,387.33450458720154,Gene 30
567.5709172911037,392.72360653175116,Gene 30
568.2237121541983,393.367059462111,Gene 30
567.8710504364856,389.7614825490081,Gene 31
569.5685404071573,386.0768016920565,Gene 31
568.549499455165,393.23349841647376,Gene 31
566.380793863694,391.29123199461264,Gene 31
568.5967473774195,379.92927848257057,Gene 31
570.6281470713827,393.08221109233745,Gene 31
568.9803400667561,382.1268158273162,Gene 32
569.3346316257831,395.3116603556048,Gene 32
570.9517541232116,382.63946376434745,Gene 32
566.6536464207948,385.3067672549039,Gene 40
576.7754291884892,388.816563743698,Gene 4
577.2153628447752,399.41567611746626,Gene 19
577.1321930770207,401.3935179473799,Gene 19
577.4345247347243,384.6241383096272,Gene 19
576.9882277943902,391.9661738274628,Gene 22
577.1314639797858,402.53849397408044,Gene 22
577.229244685006,398.5166009841776,Gene 26
577.5148204930721,385.62726106049695,Gene 26
576.9549514855474,393.9276667322636,Gene 26
576.819358216677,396.5267916913251,Gene 27
576.6988531434507,389.50701772176285,Gene 27
577.1942168922106,398.1609459129076,Gene 27
577.5250022716763,384.7145326978525,Gene 27
576.9614346858311,381.34312719248584,Gene 27
576.6122258668,392.30111113092454,Gene 27
577.3746090206329,387.6070544160599,Gene 27
577.0077517403079,403.2689989761145,Gene 28
577.2620400893244,397.8502884400815,Gene 28
577.4356788861121,400.2053855619643,Gene 28
577.1495264612785,400.6594582034196,Gene 28
576.9897758594601,389.2706700938073,Gene 28
577.6933106355876,390.85086258985575,Gene 28
577.0762437940397,383.9194461811867,Gene 28
577.1704837622713,384.7892085416173,Gene 29
576.9498490209422,399.21211539449456,Gene 29
577.0246335559324,395.0741919368741,Gene 29
577.156593168646,382.6225249863177,Gene 29
576.5854515270303,393.8209680169173,Gene 29
577.6845909879565,389.89685432468673,Gene 30
577.3005735640743,397.6711356081082,Gene 30
577.6324660427292,392.5599170964742,Gene 30
577.6204757941404,392.97553403190705,Gene 31
577.6581050264942,396.0314694420253,Gene 31
576.8543158166643,391.25964230456486,Gene 31
576.8774646842201,387.2246130991116,Gene 31
577.2124611754674,399.54635401908047,Gene 32
577.0466617053072,396.99042298225163,Gene 32
576.8889528999125,391.8001481208104,Gene 32
577.459504559457,390.15812752264696,Gene 32
576.7144056481726,392.2514539964007,Gene 32
576.673191394037,393.1812368238746,Gene 32
576.879243714112,386.72489536440776,Gene 32
577.6273655881488,396.04248085343886,Gene 33
577.4338893270476,385.05789532862696,Gene 33
577.0327438984439,386.9841581169926,Gene 37
576.7797280863346,390.83841603314477,Gene 37
577.3248656290684,384.36597764629414,Gene 37
590.9410536713723,398.7023091479853,Gene 4
591.1403902290227,394.2777548437333,Gene 19
592.0025945563453,395.97394815338623,Gene 19
591.9632359911883,391.9659124014752,Gene 22
592.1419171467755,394.495521280369,Gene 26
592.1407580855214,386.4258964016009,Gene 26
591.3060147308668,397.05062451436885,Gene 26
590.3889722780614,387.8028345495087,Gene 26
591.5672446614368,382.70961184859254,Gene 26
591.2572690248144,397.5100514712516,Gene 26
590.5553827371197,387.9631763575877,Gene 26
592.148428657315,385.5785194411865,Gene 27
591.7773441745492,383.39144610785826,Gene 27
591.1207552288433,389.0982499524901,Gene 27
590.7881668951455,381.08177701155114,Gene 27
592.3668801888666,387.81687992113336,Gene 27
591.2335460739267,399.66147948952676,Gene 27
591.2057796233653,400.08175499624093,Gene 28
590.2744641377003,386.46872813618063,Gene 28
592.0798624710304,397.8088695795593,Gene 28
592.0568287089978,390.93182563988967,Gene 28
591.2564368330187,382.49840087584477,Gene 29
591.4734693144899,381.1239387194518,Gene 29
591.4363375599598,380.60314369040185,Gene 29
591.6097561662068,399.1273862884286,Gene 29
591.2617013653933,395.1411507654664,Gene 29
591.3352756412617,381.5092687331004,Gene 29
590.2399058070017,393.30638903411256,Gene 29
590.2189139511357,393.3236353627367,Gene 29
591.2553600293769,382.79088302487884,Gene 29
590.5882418068926,393.86709399561255,Gene 30
592.2517925218971,388.6306398395956,Gene 31
592.3041326443149,387.0377153715234,Gene 31
592.2756755669759,395.81043623762713,Gene 31
590.1616937926658,392.29532282679793,Gene 31
591.6075988283362,386.08791323841183,Gene 32
591.6086950650954,381.8431335652739,Gene 32
591.8247425323523,385.4150388372636,Gene 32
591.9075459712997,387.85515918885915,Gene 32
592.2307565406238,388.85538142183833,Gene 37
590.9819218003025,395.618571518087,Gene 37
510.0555624656013,386.39005422758265,Gene 4
510.0217868303484,385.1737751380955,Gene 4
509.977381088019,394.3458234626418,Gene 4
510.0961503914133,404.8998449769826,Gene 4
509.9955906267892,403.8877045400261,Gene 5
510.073035385747,391.29011553497287,Gene 5
510.07509230392105,383.91843531201243,Gene 19
510.04533238783574,390.49645770126295,Gene 22
510.0014419361934,405.5643831769615,Gene 26
509.9747785119816,390.9421602175573,Gene 26
510.072722448645,401.9046851055794,Gene 26
509.9836147103985,386.9305361572581,Gene 26
510.03628819282585,383.1329756166403,Gene 26
509.9703050951842,402.64356701777706,Gene 26
510.01471679013935,385.4612970282501,Gene 26
509.9578833312095,395.0117651891897,Gene 27
510.08887751706413,387.03945632858944,Gene 27
509.99641121704985,400.33359596738774,Gene 27
510.0916415784991,397.92391328380853,Gene 27
510.05133120267,401.18423907765475,Gene 27
510.1194460964693,395.2916396380344,Gene 27
510.06754501149436,386.2736960366387,Gene 27
510.0054653662322,401.5544803590454,Gene 27
510.1032019529913,400.1701925816072,Gene 28
510.0428981576636,404.6805547965716,Gene 28
510.08297883285,386.84245536130555,Gene 28
510.0330400199439,405.028040221753,Gene 28
509.97945306932024,395.92252328360814,Gene 28
510.04986337969336,403.78334145491726,Gene 29
509.96698316011134,399.60845495962093,Gene 29
509.92743095394246,398.4506513506624,Gene 29
509.9583867784143,390.7235814176023,Gene 29
510.123293207514,393.4197910132511,Gene 29
510.1286925742567,393.2762534437198,Gene 29
510.01597728388543,384.9080918419335,Gene 29
510.0974771778828,389.5595861899792,Gene 29
509.9491864400323,388.7345523643196,Gene 30
510.09800073707976,405.218443842037,Gene 30
510.12185108951115,392.60832416594997,Gene 30
510.096237668451,398.1274067719559,Gene 30
509.9829947144108,398.1407515047144,Gene 31
510.0537289697194,405.11267361122975,Gene 31
509.992020172297,400.2793974744941,Gene 31
510.04669182891524,402.35383918835964,Gene 32
509.98221487078763,391.52109794738266,Gene 32
509.99050884195924,401.46452223657207,Gene 32
510.0906995923951,394.6539317343068,Gene 32
509.9907847518742,383.76148852742995,Gene 32
510.08516623190343,400.02521005774264,Gene 32
510.0114937110959,403.36007619853706,Gene 32
510.06564737494057,395.2905674495619,Gene 33
509.9824864392782,399.78567184362595,Gene 37
509.977835639876,398.2232931277187,Gene 37
509.9259028658404,393.00000962090456,Gene 37
517.0659563862926,389.5032269057472,Gene 4
515.9141031246949,387.59425834115524,Gene 5
515.634102713532,400.63445740673893,Gene 19
516.1882265722008,405.28163899997594,Gene 22
516.280959524381,403.5396595950223,Gene 26
517.1837433888701,400.34979131158076,Gene 26
517.2712403657388,386.90873666047673,Gene 26
517.9238075140661,398.7483533951175,Gene 26
515.5024516410439,397.9280513257564,Gene 26
515.8222092429544,396.4151016276972,Gene 26
515.8117602859226,391.7335328925429,Gene 27
515.8620696987007,394.69351313630625,Gene 27
517.6409053197897,401.1775369575447,Gene 27
516.5412151299009,388.93787590577983,Gene 28
516.0347919478739,399.4498612807892,Gene 28
517.0643543222706,402.39089815507634,Gene 28
516.1192121054727,403.22480501646424,Gene 28
515.7869014317262,393.7688045339574,Gene 29
515.4181842543958,401.5288892147852,Gene 29
517.5870392009389,394.1021460689664,Gene 29
515.396346406527,394.49184582429285,Gene 29
515.7596254643314,399.5711140743566,Gene 29
517.1115494524571,394.5077491659004,Gene 29
515.9169588051886,395.62092670485106,Gene 29
515.8249402722433,403.47786427375524,Gene 29
516.0621683526484,391.5398095067324,Gene 29
515.3045026368758,401.0279645506393,Gene 29
515.6861231661571,387.65984633175833,Gene 30
516.7755966194975,392.6790262193375,Gene 30
517.6962083945891,391.09361539380194,Gene 30
517.3025000497985,403.4942271274717,Gene 30
515.5282261631522,391.1139116362235,Gene 31
515.4537143513946,389.8989457157776,Gene 31
517.4711564457682,392.8575381493974,Gene 31
516.0629302814284,402.4825815987913,Gene 32
517.4508568950658,399.19300236829315,Gene 32
516.7492212837822,386.97971161582035,Gene 32
516.0076554616653,402.7241194092409,Gene 37
515.9263924346874,402.6574507404707,Gene 37
532.1655175229281,404.6286173850589,Gene 5
530.5373898694331,401.2227224246872,Gene 19
533.4412514151092,387.9479896610743,Gene 19
533.5295643061546,397.9887091855611,Gene 19
532.9242327790026,402.9286922226491,Gene 26
532.9608156601054,389.3105239819909,Gene 26
532.2935478601439,402.32172688867377,Gene 26
530.9793331534813,399.921497272038,Gene 26
530.6590198871714,394.18315068824245,Gene 26
530.5892497711387,398.2805821374264,Gene 26
533.0903656564043,396.2577390167722,Gene 26
529.915586056893,399.7074252878557,Gene 27
530.5017834165411,394.04129904214125,Gene 27
529.9504281705058,398.02224206649623,Gene 27
530.0299971909731,398.20454167462316,Gene 27
532.3230757089256,398.75840232772924,Gene 27
532.3332434892752,390.14937589634974,Gene 27
532.9344764246567,390.69485509341416,Gene 27
530.4161879404495,397.71103932746036,Gene 27
533.2888973163041,393.49896656692744,Gene 27
531.4816726832563,403.738045483426,Gene 28
533.218998899458,388.83999439434047,Gene 28
532.1549784441594,399.3991269543997,Gene 29
531.9145125716618,402.6712194505628,Gene 29
530.0800525604934,393.6969256953395,Gene 29
530.5996875994733,395.0582445829875,Gene 29
531.4642511888121,400.7290033215761,Gene 30
529.715582939745,394.9699929229041,Gene 30
531.0740926916392,395.95489061151955,Gene 30
529.8917272319371,390.85643964896127,Gene 30
531.1351730076921,400.34416259116097,Gene 30
532.6826870916826,386.7880771393488,Gene 31
529.6827892130704,395.69692907787635,Gene 31
530.7753771539886,400.9335018538006,Gene 32
533.7127516567501,400.65323308996557,Gene 32
533.0047874986444,388.9657449524618,Gene 32
532.0073845702361,401.8126983210776,Gene 32
532.2921083492859,389.72436830441364,Gene 32
529.7391090477838,397.78036406401554,Gene 32
533.3325739502278,392.8867173124586,Gene 33
532.2524818981756,387.197704788493,Gene 37
531.9646215596848,399.8881209136326,Gene 37
530.8801255189281,402.27085788102573,Gene 37
542.8735211088376,406.51559898643205,Gene 19
541.104972516495,406.4338326575821,Gene 19
542.3406814625091,393.68750808844055,Gene 22
542.4999313187877,401.680077792073,Gene 22
542.3330530380367,400.8448790442762,Gene 26
544.55537659199,400.5530893912428,Gene 26
542.3946648150652,403.2184210969284,Gene 26
543.1852324733067,403.73471206006616,Gene 26
543.372954439204,391.6073351113474,Gene 27
544.2964419907292,400.880948033429,Gene 27
542.4653512238367,400.51870114143287,Gene 27
542.9601453358832,403.1877177811435,Gene 27
543.4617106636547,405.5522744373257,Gene 27
542.7298083683618,406.5939068164417,Gene 27
541.5212435595841,392.6995137293413,Gene 27
541.6713735220478,394.749319953641,Gene 28
542.3465894571943,408.60221715971505,Gene 28
543.1351653868559,403.92375841505134,Gene 28
542.6677631786366,389.38113812914276,Gene 28
541.2435428656191,394.42554043165916,Gene 29
544.1180243798855,403.0234688818682,Gene 29
541.453926925258,407.4562615802896,Gene 29
542.8845667616298,405.2057248839681,Gene 29
540.7730646996249,397.3227361851192,Gene 29
540.5886471397025,397.7320481408426,Gene 29
541.3009495056968,401.1937513396145,Gene 29
540.2626642443997,402.1332509896202,Gene 29
543.1415744785443,393.165407628138,Gene 29
543.2758238292809,397.805736387544,Gene 29
541.651574144235,390.9820064484949,Gene 29
543.5463889183394,392.2738230136277,Gene 29
543.3267762886885,394.12409444560706,Gene 30
541.6214932411442,395.03372583090135,Gene 30
542.3380331487834,389.85693900470716,Gene 30
543.5493006109407,400.4554392262724,Gene 30
543.7871548028387,393.7291703262991,Gene 31
543.3237927989408,405.5932941073775,Gene 31
543.6489258244967,403.02154713178805,Gene 31
540.5570595437449,402.89881754330145,Gene 31
544.140675879513,395.180790581526,Gene 32
542.0506196616702,403.5905109219992,Gene 32
540.5912972024171,391.8202933159724,Gene 32
541.2494836223287,400.03033849380296,Gene 32
540.4863287416382,400.9679471016241,Gene 32
542.2413817904511,403.56477902296564,Gene 32
540.4576719699676,399.6339308972533,Gene 33
540.7514188364349,394.0532078747725,Gene 36
544.1833701938589,397.353294271843,Gene 37
542.6365167517397,390.81766867348335,Gene 37
542.6007975205034,402.94511095631776,Gene 37
541.0322816152884,403.1497796099418,Gene 37
543.5063915038902,400.2365083568026,Gene 37
541.495081539848,399.57391989653536,Gene 37
540.4456067558895,394.8691469793768,Gene 38
558.0056628759514,399.2563566779775,Gene 5
556.9087229712324,394.298688796751,Gene 5
553.5106639296213,396.7658372735797,Gene 19
557.1075643199088,402.1535729658559,Gene 26
557.2817881219825,391.5389660742622,Gene 26
552.4610349630743,396.6783367639478,Gene 26
556.1565677361575,403.18765744782644,Gene 26
556.0066403887507,392.03707134748447,Gene 26
553.2916306053407,403.24802837140834,Gene 26
554.7543137283485,390.19958226973984,Gene 26
557.6006460779206,399.7580724069835,Gene 26
555.5421270298789,391.8840066056305,Gene 26
558.7175524325129,400.13433277590434,Gene 27
557.8051947994162,398.77719263814356,Gene 27
556.5038288982083,391.55239078807654,Gene 27
554.4391627618037,394.41353636123085,Gene 27
554.9164634042952,389.1502264504208,Gene 27
553.5988977556149,401.8193137431686,Gene 27
555.5716877330797,389.69026515942244,Gene 28
555.3180858163048,396.0375075444543,Gene 28
552.9066015054658,397.7314983089876,Gene 28
552.55739788278,401.5996953441516,Gene 29
558.4096689467594,396.91896135734453,Gene 29
556.8922042512212,393.1843959284687,Gene 29
554.4616361204706,394.1870810529623,Gene 29
553.959692245302,399.86846794537274,Gene 29
556.1066085029021,392.83779831182346,Gene 29
558.4938295179492,398.70456754219856,Gene 29
553.5815463407697,392.62008598967196,Gene 29
552.881919949579,392.95243612730496,Gene 30
553.8436894597329,394.5953433885748,Gene 30
558.799862236195,394.85484250110443,Gene 31
557.5770060784412,399.27598631185305,Gene 31
557.8312847635335,391.5317938102137,Gene 32
554.0764686135007,391.9961813002221,Gene 32
557.717957999126,394.72912262928827,Gene 32
554.0560974893051,402.20678917757726,Gene 32
557.2958699976441,394.12464427872237,Gene 34
557.3728353783204,390.80480149167477,Gene 36
556.3341400494892,402.6077595633826,Gene 37
558.3369817871811,397.64838566160734,Gene 37
556.7754508997513,400.6133425951426,Gene 38
553.7090729193955,392.47535085292265,Gene 40
573.0767201277446,392.460898731893,Gene 4
573.0494967459864,394.1706556514693,Gene 4
571.2905769975185,400.96879878312177,Gene 5
569.7018117029068,396.30495547041147,Gene 5
570.892469087514,396.1237406949285,Gene 19
570.347080692025,396.21861577293487,Gene 22
571.6747400509456,388.45165215312,Gene 22
573.082666707517,389.67038439143636,Gene 22
573.0619683049191,392.27566426225997,Gene 22
574.6181633983972,392.6926985981492,Gene 26
572.9365909584416,387.46013939363615,Gene 26
570.9995160901791,389.1238573051847,Gene 26
570.7933104974758,385.9885959981634,Gene 26
571.1637393018767,399.3750057618861,Gene 26
574.3816331240586,393.8133727621444,Gene 26
573.7203807283813,393.41286878417054,Gene 26
573.0502695660444,396.1557109637659,Gene 26
570.0878484040228,392.05532297976265,Gene 26
574.1156518106131,389.01197144579214,Gene 26
570.1099804978359,388.2995447308783,Gene 27
573.2010996479227,386.6452873849057,Gene 27
573.8412229154741,400.7121425104704,Gene 27
569.5412739224824,395.428248509741,Gene 27
571.4587387286439,387.7932826737618,Gene 27
572.3317533694548,400.0201553017201,Gene 27
573.6151901906793,394.6988564800098,Gene 27
569.9035187930532,388.99759490149034,Gene 27
573.889015158639,397.4773257381969,Gene 28
570.708670361962,389.6631840340865,Gene 28
569.469150337532,394.7142196262097,Gene 28
573.5218393734824,398.82071563914377,Gene 28
569.1232500859056,391.6150367271974,Gene 28
571.632619741672,392.23058523621063,Gene 29
570.8412324594128,399.41279024698986,Gene 29
570.7142471573432,400.91377365683263,Gene 29
570.5683491666035,398.3658874870834,Gene 29
571.8785333434527,403.7212612609975,Gene 29
572.7239151357855,395.1258070788344,Gene 29
569.9195591147976,393.25312128654906,Gene 29
573.0240582635431,389.68340569839955,Gene 30
573.8968326483792,395.8069364819217,Gene 30
571.7013042295869,389.28458794238486,Gene 30
573.6292236984547,394.14171826990275,Gene 30
569.835695468382,388.96236031354294,Gene 31
571.2921611189402,399.03916751819804,Gene 31
574.0220727593387,399.703218280027,Gene 31
573.6080463519522,394.53567878834764,Gene 31
573.4292890711718,398.9335808523857,Gene 31
571.1845128105332,395.8548748705909,Gene 32
572.990628763197,393.6750984130278,Gene 32
571.1787087758748,388.321327169682,Gene 32
569.7121031178598,397.1673156038785,Gene 32
571.6893496852751,390.2394012740327,Gene 32
572.7369413331179,387.3634692916352,Gene 32
571.7055208403549,387.45040796260025,Gene 35
572.3413861219409,396.34186262491534,Gene 35
572.916514804693,392.155338582897,Gene 37
569.1666586477717,394.36344331265946,Gene 37
573.1382392920018,402.7764485708089,Gene 37
569.8956907166406,398.06276658953607,Gene 37
573.5587445108847,398.4381779278112,Gene 37
569.55025122465,396.00292326094984,Gene 37
574.1181609331281,393.00736996439184,Gene 37
587.0200840723102,406.0212240047877,Gene 4
587.4519428312055,390.9275940606531,Gene 5
586.6938980847989,396.92406970200517,Gene 5
586.967532573719,407.3843262877735,Gene 13
588.6976053825521,404.255695292367,Gene 19
587.1729326514128,396.49665563858616,Gene 19
585.5484994631714,399.8305643236179,Gene 19
586.7221747706919,392.79281997762513,Gene 19
588.324885839644,395.7155444844576,Gene 22
586.3880716160837,407.2429535454544,Gene 22
588.2340818881918,403.1532378317021,Gene 26
586.1160497475623,397.4063759382115,Gene 26
585.4023313646189,406.0509080143742,Gene 26
587.3987658550549,394.5387222123104,Gene 26
588.2258068950745,397.84857320155527,Gene 26
587.5683072047175,393.25203804393425,Gene 26
587.1754247800667,391.17349718362004,Gene 26
587.2222417807337,390.5847582289577,Gene 26
588.4142026321942,397.87063168637036,Gene 26
588.2961798684059,403.5730595562317,Gene 26
587.6571089062224,397.80713921200714,Gene 27
585.782618795697,403.11774721303647,Gene 27
587.7288780550034,392.1601105214243,Gene 27
587.6125199791445,400.42958430972527,Gene 27
585.7140034497452,407.27479846897256,Gene 27
586.9370765200149,395.4337090168144,Gene 27
586.4171305340976,392.1916880186333,Gene 27
585.9375615853692,396.6903424198578,Gene 27
585.5261663616245,394.50286057642984,Gene 27
588.4804672756186,400.0114965035745,Gene 27
586.899275544993,391.18905303062377,Gene 27
585.4951544728058,396.52325563950666,Gene 27
588.380264111961,393.17099264241193,Gene 27
585.733565336645,397.44095192594517,Gene 28
587.8932708589128,393.6835470752967,Gene 28
587.972377389485,393.48585388410527,Gene 28
587.4295272575137,395.3446996708396,Gene 28
585.9201797017205,391.7479024652266,Gene 28
586.1432087192075,392.0062908593349,Gene 28
586.2813191245758,392.951572370663,Gene 28
587.3167621397251,394.8540056363919,Gene 29
588.0777377318851,398.7231653932329,Gene 29
588.8591246297885,402.0629921021894,Gene 29
585.1505989329572,402.1773521474241,Gene 29
588.2295446599006,392.70068835874406,Gene 29
588.1484186370043,395.0892307004154,Gene 30
586.8060206444882,391.24506849113493,Gene 30
585.2548087270122,399.7043368367008,Gene 30
586.0670568979294,395.8512251619778,Gene 30
585.8386645743834,398.87317015423434,Gene 30
587.7447145711309,405.7841672291343,Gene 30
586.4655848092525,395.3735265229487,Gene 31
588.7092732517671,397.6859517739591,Gene 31
586.6373097783653,394.0772994731997,Gene 31
586.8041462939585,398.31940339197456,Gene 32
586.8951555817727,395.2739667267334,Gene 32
584.9228300517118,401.006290718795,Gene 32
586.5382596508737,393.1165373857288,Gene 32
587.858377174791,403.9755695105463,Gene 32
585.6344456471534,400.43454781692304,Gene 32
585.3622059285168,395.8147249281224,Gene 32
587.535699178843,394.3312707999124,Gene 32
587.1346282121668,405.7946777282422,Gene 37
588.0922571154904,392.3971333000823,Gene 37
587.3341627988377,402.67298459104956,Gene 37
588.1434239371982,405.922146224718,Gene 37
