X,Y
14.06041350588658,5.819484512375055
18.72875291972243,13.739816638430124
25.718339286708236,5.485164088455754
39.87546582799864,9.358586318067198
49.93427735108156,5.9241631858875525
56.734429661914284,4.631943065488842
69.77348989589983,11.919738361608179
77.08647085542441,10.79414259709812
89.22966127979718,8.254852329543954
96.54530944853107,8.701468320899368
110.1307230797464,9.338770409408728
122.59937957656969,10.20612513076085
126.93203099827738,8.87602396943485
140.96596670839602,11.902786429288005
151.76442066832703,11.603609368733142
160.60770922755395,6.250610017173745
168.12063202288772,7.258846298185846
180.09104626104073,6.622737877696828
189.34207849412232,8.441070989777309
202.8550316376731,12.290648523863197
211.120621982488,6.941195664973807
219.8039403053601,7.49803466522695
228.20128008127213,7.0888627362210785
242.17916600683523,7.899645885107729
247.84695565183154,8.859374307097568
259.42855249658714,10.012212262634037
270.1485697600282,10.8385446106265
279.5349176141762,12.585847134490066
284.2394510256708,9.525112753024407
298.9872589905538,10.821671437045163
310.0690135792992,6.479385181197302
320.46371049913654,7.378431195536527
331.82494774739064,6.71462910156157
337.04585361933215,10.391663352942233
349.3591650156014,12.031926575281428
361.7793674035901,10.81085073919997
370.10359030557424,9.045580064629641
377.98209756668984,9.283627188415803
390.41320081829804,7.993427573099422
398.2551264718374,10.384171635086334
410.8786338405418,8.328348136166333
416.00790433567585,7.932467521167902
430.52430895783147,6.181796169576714
438.52619414461253,8.335699268665053
452.31971429298073,6.095558445752639
460.04484014416107,10.277657590213622
473.3923324504774,9.543469827772165
480.6558723774478,9.866419216914226
492.87451359097776,8.296502303261573
501.22985944918344,9.840113578372561
509.0711047018554,8.39624538306992
520.8361826085245,9.8145629149511
527.9202086301257,6.275915056070902
540.6636101857639,9.503775303444977
551.3655603541598,9.425089979069064
558.9358455034654,7.9584078363979245
570.6413828496292,10.92545317711267
576.6875350254231,9.019490789648804
589.9667312149458,9.370682740081168
601.6864383763453,7.885796073233337
610.0426654050009,9.259749737498762
621.9259607890268,11.511291814610802
628.2024524591325,6.774821256463072
637.3401798806982,6.859351048081092
4.357535699897277,19.92537126297099
15.908060327527267,16.866904070271055
25.36628934863826,17.698382069860003
37.304348160968374,15.919896945757497
46.938451845044646,18.423725927001136
54.71415706673264,15.328243471270511
62.59165518174594,20.60492068835477
73.85763280821482,11.832317705170947
85.91338855775824,17.205301399215813
95.9388184285516,16.96555259350886
101.9711289410725,16.30532505550145
118.1358374120249,20.162839672120864
124.95614692700204,17.598295206904854
138.69712751802555,12.972810002135445
147.82629193236994,16.602727287526267
156.55219932782754,17.180090841319625
169.14020560641777,17.370192392499522
173.08513551979192,22.262242603374446
185.86692987797653,18.205466850912252
196.00789351820964,14.857572534704275
204.70961269791235,19.430482097243985
216.4438937702616,15.410679703083545
225.8413351878801,18.17438331568804
238.24792867153886,14.85966954290965
244.87828397444727,21.123472886178217
254.23276414165426,17.561384601751342
267.63885981889376,17.342134293767216
273.12994554484857,17.597673784285675
285.9607519154135,15.354980593807388
293.1604457306064,18.69432658846834
304.6328039146967,16.409963490149778
314.2773168160189,17.90808306112289
324.2980706291636,15.577583639121002
337.94005079941866,14.563909369929748
343.94520420650474,16.747403521969012
354.27260604378614,21.018148874380167
368.6841935912294,17.79253646180035
380.5906683346173,16.657916699682346
388.776278851989,17.19358387725979
396.5273797912174,18.666696224279306
401.7381489652261,14.641804566409743
412.69004677186587,17.142139861300638
428.5512038959302,16.589852015664025
431.3286542687683,14.514299225604447
444.1149995186975,18.876127875160073
455.5024445188211,17.38804738627509
463.47889236386885,17.587172033387937
471.5761558092549,21.342774117949975
484.0673280801851,17.558659694927606
494.5858659566823,19.57667415960261
504.53517268247015,18.462465421528833
514.2582821175847,18.191201703914302
523.4992285697551,17.04974595695548
535.3825472388006,20.3260330836262
541.4463021845603,15.011744155780024
558.9965296366537,17.634423952088444
566.0398316169671,17.682167433762547
571.5808517787251,13.717434267100938
585.8671450459432,21.85726505788459
596.8955383403033,16.36485262841513
605.4371968811008,13.81799261954492
613.2555096101638,19.705547144752977
621.870410080835,18.71698424177447
636.2727132807823,15.287681853614416
648.7961098841719,16.57559291056491
655.385890030214,16.359372149660086
664.8984836920155,18.423635462993655
8.925161610591609,26.82066545383205
19.82795290915419,25.25351271993148
29.285581454962244,24.746239078106754
38.94302500630265,23.761945691711237
50.98999422921404,25.599668141294316
58.813660663675996,26.581838142841328
68.31073447192183,30.636881831297575
76.78036211398415,26.67325690589974
89.34772548309239,27.707432465939032
96.47841828604616,23.999825066383455
108.08984434275008,27.70569313697147
119.4653893842465,28.470858804906015
129.74241698892595,26.563257823235155
140.73926199577517,28.222954001132216
154.71242271848607,27.490856004081014
159.09155802962414,25.70588034012294
169.23042500859125,26.358005813475152
178.89707247367184,24.34623073770871
189.05075712890738,25.282462142022734
202.52435461685258,27.031070677953185
209.74789043933598,28.112757869403467
219.5720468864315,30.193946763182694
226.40117202574712,22.87398511471412
240.57249961143037,29.17322891754573
247.06481453728304,25.557899521526476
257.6155766920926,26.82340808447583
268.38971871075483,24.719820243633187
277.20340276186164,26.687368152503282
292.8841302202771,25.14390195306558
301.5767457155722,28.554545007441273
307.84405612039143,25.846973245218436
320.67735352305186,21.776201893818005
332.22097201372094,25.731965833883617
342.6357056218259,26.94549014271058
345.8360487593081,29.087493930031325
360.45694273423254,24.72467927051464
370.29820572609424,25.338771280433296
382.93690306682277,25.88212070446155
385.35874547350363,24.67382447279998
401.99836120665196,27.100685868816
410.6173205587356,24.357755425178624
423.56105263475376,26.752827675043182
427.68620956986973,28.560067396903417
443.0818068278844,26.460349474784078
449.87234891626827,22.615463486448014
457.20630486393327,28.705713143145747
469.6903141491158,30.247987798771458
476.1783600764173,26.587643647509537
492.56705522819897,26.68258598078156
496.99708694002646,26.215072889530227
511.94254285716227,25.9096549724194
521.9101814099095,26.853753678034234
534.2242274795931,22.852707463254767
541.2370379512407,24.119096871895167
548.9473281318362,26.99037113917689
560.8105939294807,25.011427630282576
570.6702600882575,24.056368886350008
581.6776142151175,23.4301818157182
590.0146514547469,26.932471051539753
599.1503603865199,24.854635361508862
609.2313421806936,28.606802714930048
620.4998744164195,24.958057336536456
630.5027923064685,28.281995622954003
639.5230253983884,24.153621659879807
651.5905994343001,23.513352982589232
657.6666739580256,30.68065268590173
668.3329220308536,25.383499024502886
679.6016351164399,26.091470255206925
8.08725491903844,34.407480928751774
13.37287679908702,30.93464860640588
26.028815526193107,32.742186870369096
30.11268186031302,35.971726887816374
44.35404430503811,35.634316081731804
54.960967052432245,34.23896431026509
65.01735370549683,32.500232910335804
78.21523026506101,35.922735056627126
83.78013386477646,35.658484614630794
93.3136843431219,35.71307790295016
103.14005690873645,34.280837253505034
114.76136963274739,33.58239007742641
126.73867924759594,31.748708569424814
137.0557945251085,33.555169789396786
147.32061777741666,31.747870177658804
159.18437357904884,30.53857322051315
166.2019998946892,39.141629003467145
174.58089119134507,32.39035843511063
185.95020256653837,35.261666798726296
195.78299837263833,37.065374214774586
205.77361566383067,32.49327204551774
213.56579194067962,31.129845559493447
225.30476067371802,36.796928705832435
234.53112204288803,32.87039085427856
245.22752739331978,35.88647688352219
253.2181345153223,31.95373285510207
269.238456035753,34.09041307307194
273.4951457155446,35.5807152284009
284.29740133563206,30.302262870305448
297.03881714081655,35.51601205545551
303.1262014982547,33.785668847246534
312.9107668679693,36.93585898677083
328.5417442045824,33.541203158506846
336.9667245644541,37.27509023442568
346.58596861713,34.32755014157592
357.2645094597572,32.79983707304141
366.22921725939415,31.28536005233619
375.2703360152806,37.51128281667485
385.40226133318697,35.26390295733694
394.7249502714157,32.49942911932993
403.1349554573167,34.47795823410177
416.95078771424255,33.819648218784906
424.0775957527914,33.979873212424856
438.2094991219941,33.50342974032231
443.9563470229653,34.60398821889981
455.1471570283174,35.06904791043003
467.4471934194161,35.01533793202969
474.22046687719285,38.42625898789708
482.25385482434285,32.84718688579868
493.46582600499596,35.58997843936274
504.64848321890327,36.30025402789115
511.81973315733114,34.929848387339185
527.7852955385075,37.21192210807059
532.3336582114749,32.85365633679693
544.1538794844296,34.90860448954436
553.799533694682,33.20469784848227
564.1476268283866,40.23813743489244
572.8385194300787,35.34792687830846
582.5554392751214,37.41339799671866
592.136267358583,32.87364758471236
605.7957021974923,32.67015826748558
613.3214432163677,31.659848085207116
622.9486404927495,33.08870611023289
635.9750975856801,35.35246590827853
649.7062096658452,32.37308003236999
655.087932706449,32.65794715045759
665.9613963339871,33.852421716385514
673.4135776376578,32.867675464525455
681.7524631744358,35.528112646524356
695.5055197610587,31.11694261219324
703.8481003516575,35.677904147374
11.152743971841744,39.681342551709626
19.668829442105764,43.76713094565423
32.73929468589439,41.52959657630052
34.82396721624933,42.52465980205621
50.10774404628758,41.89614883188265
57.4575373373285,45.72818770238912
62.107241552732255,42.45382425541421
77.9997867533645,43.51719756047932
92.2131384034886,43.85442021040963
97.20521736419633,43.96852252799327
109.82262295834188,45.17625174270392
123.62875652771251,41.82403851216114
131.91861482858252,41.889845024114
137.49771587732505,42.08595743792909
151.03144240492753,41.11425259902656
162.40222038276306,41.28561029123032
172.8016630118973,43.47422819911191
178.22406714977714,44.69579548268249
191.38412292505214,43.08359784566091
197.43900133652627,43.064287849197946
208.9990987161406,47.810841056199486
217.4687881784057,41.71820354134704
227.95807074512942,43.79684037731854
238.4993013895434,42.101058737010064
248.6615759922807,42.17268158710527
261.03320589049116,43.19304851423428
273.17381980318606,43.86502284828356
277.25681526433806,43.775307497984066
292.45253541441156,45.13738986539197
298.9822708852918,43.87056925445425
308.519903583144,40.88919393190431
322.634907475859,46.01418655949826
329.42958594379525,42.21802760753884
337.9765090008972,42.14477339853312
350.4293131346066,43.452333971683565
360.1522075646082,41.64683246833187
370.12487319910844,44.596354108666674
380.71313630392245,41.56749490834065
389.70253592784,44.099314145578944
397.45599510691227,40.04461316564044
411.3049726840567,44.46641122512445
418.8359833206163,43.809906649520094
429.21277367278424,43.1747192215732
438.7162465281405,46.42665279394876
448.997711689647,43.8676848171981
460.6731087227219,43.32930831308683
475.0234537892288,44.401943297993014
481.55209656212037,45.25840199522651
491.07722233735115,42.05391117890659
501.4087081673253,38.53341610241809
512.6005090482682,43.95260491880077
519.3179613733448,42.23772509446323
531.4195881426142,46.82545262708966
539.1039101421408,45.864157941654234
551.970550161091,41.36184379758698
559.6303962801012,41.13876383531765
572.8742052552052,39.00343960403684
583.3723828599217,39.3687892487286
590.5163811008177,45.48854337642022
601.312448982238,38.76516244118474
610.7737940070118,41.70624616114289
616.2719158109433,43.99245715108812
629.1495699859188,39.59729730844898
639.227776417185,42.61117072195823
653.5273545521478,44.295201715557695
660.123485813326,42.718352162516446
669.3802137440714,42.18038221171458
680.1423819348944,45.27162251114531
688.4216195371573,41.52881290628955
700.9001073641844,42.794504800531826
711.8511881627359,43.049064190712
719.8908150314535,41.07759064708763
730.0470204141177,46.86433369407934
6.301385001779536,53.758816359921106
12.846337180635235,49.90416509635178
24.321702281432824,48.80325884561926
38.53461421666278,51.897895736805005
46.42730901024315,53.35634904201633
52.07007954941107,51.72301163319852
66.06776719228282,49.49092056110568
71.91501442164582,49.33338171466432
83.02581569557087,54.70972123584042
96.52651765305771,52.7602790192068
103.5059211062926,51.903694326205475
113.74437028588623,49.10557320293848
136.65459642664104,48.75004590846845
143.13386633871343,49.91893277765962
168.196665378079,49.97511109054409
188.23442104858478,50.07447914192578
193.81057687686797,50.790876620998205
203.51796425910507,48.359553757604814
217.81527009368867,50.574076277504396
225.34849379253743,51.51322641531472
232.27541933643826,53.16468791446464
243.96647402898344,52.91922092066243
251.8253098687731,54.43822301230269
262.4994867274186,53.39598834368597
274.4989670420602,53.06737598546286
284.0530453528609,55.3436826073472
294.24327675973075,51.49523943121885
306.19486707478916,48.74188104537231
314.75019083767,55.02915777619707
324.3788290782264,49.428714900613016
333.06565815533315,55.889367483708426
344.3542685683575,56.0255432444611
358.0096967073511,51.40396941483303
367.07865439482975,50.46857951955249
376.03207870889105,54.117317527810556
385.3379183501531,52.7253526035774
396.39854614868364,51.2401506181008
404.38589921839366,50.45009393204559
415.3816858369833,51.767743593126866
427.2036155391007,54.21336130205348
437.1430552430594,52.27298927604697
448.83025850971995,50.089695449749
454.15982995210305,52.12930642390833
464.9736419767295,51.02157682368303
479.71702938478245,51.36940293367577
486.1050513032282,52.30953222180896
496.1153447619757,48.498552722926924
501.0300175647167,53.501506524798316
509.7539083450202,51.065580683362214
523.2483216719614,52.78403100347073
538.8066357659429,50.72514378341817
546.717029348036,56.82762883652927
554.1505014445135,49.283971515570904
565.8007711126022,51.88766195901164
574.7054157219849,53.95257356731036
587.0832241141686,53.132326096767976
594.3584390249019,49.81468130087033
607.5163351896575,52.74936319296285
614.8545094518097,52.6246772785747
622.7845087536208,52.379841643232865
632.7596592184062,53.33653310882343
645.5474471582304,51.4353986551102
657.6845577784824,53.68123428826534
663.2116526222233,54.938950723818614
675.4301657798388,55.657378692811264
686.7049742046174,49.589878777505454
695.5272335045161,53.838591838463984
707.2497431476478,53.192163782091896
711.3091359371685,52.001436732443835
723.1602597413566,50.02498334872497
734.3262955140823,50.37666231474609
747.8093701280011,54.92528312307834
10.612486086028689,58.16210914618753
21.474510640255755,58.60889256042704
26.6315128952488,60.034242266835065
48.064993755295625,58.66054537698342
311.6718024351883,57.15330108509802
318.57584280299454,61.42246366207303
327.4137464296645,58.90119609802853
343.1352647526009,62.88988471250371
350.35018935669353,63.40553687393791
362.1777826325288,59.41671644677575
368.85304938180053,62.26723672611998
381.2421770474174,58.881830355764194
390.6147614075936,60.365813765144935
404.44491814868996,56.32877091554158
411.9681449922588,62.51991892295502
417.48791892844304,58.731749303964584
435.28966841542166,59.227621605305785
438.23123561542656,60.182751284996854
448.90710654501606,60.14569510723797
458.4138331533131,59.63243696404059
467.28885402350573,58.62136548530062
479.61638572074077,59.84313011191335
488.3900348637971,60.21474675620626
500.1175084436783,58.55484715536015
511.13894127540055,59.421208408046574
522.4188331539264,62.3389571499445
527.986184899221,60.122098608712896
539.9951333393427,59.02435584841124
546.6061841742393,61.86203486829823
558.590426686853,59.31821799960912
568.7985967082366,58.1568959983668
577.483940402109,60.75238509697739
588.0785022347309,60.91217954332017
597.2651663690061,57.07179111746285
611.0368277783123,61.22552455814255
620.7689773604502,59.00705547085911
628.5144726806851,59.335997561945824
639.5301395495469,61.15574358470087
652.4020567685249,61.96339076315545
659.1248308843606,62.55571902962391
670.9648215318306,61.3121760888244
683.1893148269336,62.30046055053145
693.2372511844146,68.65402612414775
699.5056088492693,56.48187065975418
709.1058275898761,58.06295183376572
720.5486423950292,61.957281459449035
733.1331061801209,60.31610801123313
738.8108381354915,63.617770413439025
753.2278283513022,60.394871223122564
356.7003282962578,68.2746178490593
376.68728586017716,69.47275750598526
388.2752321807206,70.44542087778385
390.8520188824441,69.91855953382975
401.46772347700244,70.40221765996979
414.3911884501084,67.16942413491518
424.6024999825373,70.0151463403847
436.59216528361605,66.51238348888663
446.5374685033856,68.21139678540241
451.0149978429589,64.6826464749188
462.2304791803083,68.25282352256608
474.21460754801615,68.6381795431101
484.34307394938384,67.0245359640093
495.9977649242563,64.93591828718971
505.8649907989614,66.24771644948476
514.5856078335418,72.11351509243744
530.0656015989168,68.6999131210949
534.3469498163411,66.83565981713177
546.2823489118623,71.28280745555607
559.499348363265,68.51941459458335
562.077251263982,69.74570286231915
577.6104244493846,71.83818055500578
585.8473162167968,72.16769910527131
596.399705583089,65.58450418923006
604.8909160400564,70.95171682747237
610.7527042858546,70.69980279589446
623.1041974882243,70.53500526470006
632.3718902737675,70.27997409452594
645.3033749405568,71.87628171682438
653.0466882230385,73.0654072409246
664.8611899707298,69.32931516382702
678.4423449127554,68.73499172750611
688.1094507820828,72.05840916500475
694.473694719117,70.92922875224055
704.605198308058,65.23400906738267
712.8369920668135,70.37210628049053
726.2433191655759,68.69137604997357
736.6093065971831,68.04595241318233
744.2735134994523,68.98411207518836
753.4758583105559,68.96862788066514
765.515810058907,65.21623429544799
771.7215562550449,69.21047332509484
785.4798348932762,71.41333101647584
380.37964207094154,73.16688614131661
414.7095822541286,79.81200945165415
420.66317039144127,75.3388433244756
432.7398612289635,77.67916481588186
439.65549950467283,81.17748764739586
449.75043768560147,80.58450432430513
459.4925161114005,80.26428749618007
467.9853059950136,75.92492450897225
481.9978200272839,74.82884725294312
493.69079054146823,76.202629552355
501.09632386077647,79.3442319230589
510.53745946297244,75.61061238936168
521.13110913264,76.36454684890155
532.1582877401781,75.29559793464442
537.0218070674808,75.35584889637212
553.5640502449061,77.84342412263733
562.0217229866055,78.30960247712564
567.744667529773,79.96600865822384
579.9432196704269,74.30917004234122
593.0524705320877,76.77111478926415
605.7854791935089,78.22400269194107
608.4423251232175,78.55626735447427
621.4842999005592,76.55952631653967
630.0713336186802,76.28054722577205
640.7330361770736,77.5347829556405
652.1295176271068,77.29387984939842
659.4270909140143,76.59925758578048
669.4469275241498,78.7476712832777
680.0937302383262,79.6864850238545
685.5454296274823,80.62718218093052
702.179781694848,80.13570467837914
710.2201361789448,79.6076235878924
718.957973050582,77.93874168183325
729.939780607718,79.16743381202333
740.5986291019836,76.11640097774517
750.9042402347866,77.71200624247275
758.3625743480883,78.92576763327929
772.0986292863796,77.07564966878904
780.4503848777049,76.87216008717961
785.6152762927788,77.87275177047309
443.80659572236453,84.98696928041404
454.1342001773361,88.44452774303136
465.0133370150356,85.89508494401636
476.9915040898027,85.10960116683482
482.40705365516845,91.52943441014347
489.4368420943138,88.21072292299039
504.91251631357375,85.78495871029514
513.531180964391,87.49271553397256
526.4137239801057,86.36523801933109
537.1136141553078,83.06682971268282
546.0490582765534,90.03412243254357
553.8991036762029,88.17627871435208
562.3396950357319,90.94272232106562
575.6201586911375,82.58031832258925
583.7626387292497,80.83417237359066
592.8454094422865,87.8251682656295
604.9100607073967,85.48369161570182
617.1001728512744,86.70978712024343
624.300782120024,87.83802450773838
635.3396170146282,86.63847335372915
644.5340923363404,84.89061182694627
656.6840934564005,84.2220157290933
661.9426460785596,82.78250333508078
678.7124113617152,90.34456015139993
686.069175587492,87.39171964596636
694.4300969367567,90.67954288904197
701.5273218371683,87.3057962950862
717.8340507628303,84.2157782961722
725.5543731355773,86.92620081574742
732.0622754583559,88.31098018733212
743.7123112927294,90.47571842994205
755.7111997971444,87.42773426929791
762.9380431418689,91.98931671540268
776.6913910683803,88.67662903380347
783.0427840423009,89.54159402273524
796.7644709554318,86.45173145812588
471.62637810966635,91.98301246271622
480.85905166918496,95.0964567562394
491.67799933868883,96.1367196622462
501.29779075972215,92.977419434922
509.95466400411857,96.87355681052117
520.4573437773136,96.5129737240108
527.7116669955421,94.6138178909853
541.1931740281372,96.93760821541265
552.8488688586145,93.89774152933003
563.9139348019445,94.88596491030447
566.0949213591622,93.37212608226046
580.2695802840573,93.09285282940633
592.4917218134357,96.2907381468969
598.7760806909964,96.81003067150797
610.7450206911892,97.66287683822475
614.1658684453133,96.3598765333555
627.3283838727226,97.13218345408657
641.0239141062815,94.60241298348997
651.7403819642816,90.70020057525164
660.2389453300775,95.78216969721956
673.1276568964848,97.04736861163128
682.741726958752,97.21431343205307
692.184707833256,98.31385081199912
698.7183964308922,92.86077596633741
708.8512022966304,97.30209177539983
720.6041406502767,98.06043143553896
730.1768755875663,93.53367525578444
742.8080373123316,94.22030109390785
751.8595543445543,93.40488052416461
758.735456205817,91.84479708403285
771.5070917472503,96.14431735163335
780.4484832146699,94.85676078269414
789.3351450198045,97.49490752557122
504.7436825497827,102.74444772262021
518.2281153778106,104.33732172706273
525.5276972740236,102.81786471568245
533.9753291507635,106.1381890118874
546.8906171532834,104.68695269224695
555.8398367710404,102.11199702029981
566.5075563232897,102.69201311006702
574.8685051876056,107.55772044616347
586.1457670750261,104.18245076907326
594.3235903329481,105.56781536388159
605.7397370626267,106.5355124805448
617.1164003270075,106.56221127605723
625.9535840858805,103.63892565967386
632.6657655313968,97.84260949548187
642.0607251429246,106.05832387723783
656.4659229777612,106.75001521580924
666.4875516196678,107.41310295479298
674.5444179399142,102.93591477247533
685.197122802374,106.22211167009273
695.595189146081,100.13062986484795
706.0780714866592,105.54755581997884
717.5551556594083,102.7171565636336
728.5850188054555,104.31942136603192
734.711959000245,102.93462025431342
747.9382893388055,103.48467557383465
753.8540581193165,98.93937557921419
763.9435179948503,109.69769409320085
775.2962873982558,106.19088748269651
787.3273840346232,100.47410526125586
794.4762011793484,107.1388894079324
532.1567801233273,111.49897824658326
542.7681124554823,112.72983727345935
551.3356578895146,109.60336515220638
559.1087294687474,114.3467350111658
572.7325926536255,113.0574494677222
580.7658508499713,111.25684441681229
591.9620631880506,108.89048251553626
599.7103509119031,111.66463402475863
610.4526339450443,115.50032980926515
620.4541823213939,115.50263135098696
629.2691722336847,112.54328564571888
637.1649913141223,111.68539832434152
650.0931574322505,115.3034320477362
656.8753655221225,113.53028042363408
669.5358306284819,116.40845283930456
680.2531531167061,114.50222692903927
690.8270680548263,113.69856914894648
698.2744916475348,115.15902094315841
708.6842594444198,112.67696177384326
717.6836772862632,114.4246694536284
732.0631721178866,112.35619905224492
743.2609916320268,112.56374680859942
749.2830733128768,109.68787916587665
761.2590295990207,111.88212083243123
772.8386424344192,116.14035496427941
779.0931934370333,116.22203494272355
791.9698385627,115.77061465379818
557.7561777786302,119.99476816500886
566.6537293352957,120.06185489693458
577.4078448037486,120.47631380041221
585.5917405623985,120.07374054014542
595.3801244818972,121.22973882066925
605.6068818452788,119.6134804417679
615.2922049919468,121.04062163546728
624.8071286380326,122.39970385343065
634.846132652311,123.01227882484977
645.9841576221874,120.9598429350262
657.1271359944312,123.9208323697882
665.3415413369872,123.55738340932841
676.3645801823213,122.78351666128206
685.9945451789973,120.9812210338608
694.7080835529962,124.87104029914889
703.6966265706059,123.01685296039979
714.1898723922342,118.43688530804984
724.2662918888311,120.17235115594872
735.0392308016435,125.56543090921468
746.5870218695864,125.08319593748101
753.7077374524671,123.01171951217205
767.7266169003798,125.22747707966421
773.9739700599464,120.60186668984616
784.4843515240616,123.94817317070604
792.5992534341854,120.9796783329532
592.2764898906383,130.25765489352904
612.7206028782873,128.31150419042075
623.4570876850529,128.32422964237003
628.5344848306474,127.89185109146524
643.82242497805,127.01011240104641
653.4927140514142,127.07820058948694
661.3958217577696,128.5693359209531
669.3984040901779,126.3171401065414
679.0122404922203,130.1398642146899
692.7806315582666,131.38532101796787
701.6918647845056,129.47015655228995
708.3944242239994,130.4587702628754
721.6892007726121,131.99361159842974
727.9086451783238,127.71056912212833
740.1348021864274,130.940340480533
749.6254062485665,126.79688654909886
762.7959346486836,131.19142439241762
769.7996709800792,132.29578048144398
784.0136239776044,129.0541754140633
785.4097766405495,133.82678267220936
617.9809853439777,135.7067313667305
625.4199960500943,138.63407068483377
635.3661886879233,139.32471887217199
647.6104078286425,137.17495538189632
657.0483067839666,136.73199874255724
667.9817214441297,140.63339732316737
672.3223238702489,136.6990557752138
680.8647287627771,138.44692462962124
694.4086436334336,135.65195934016714
703.9833901863753,139.60044344914533
714.4888440254334,136.19874521738814
722.5130629268717,136.42738359859646
734.9789812731709,138.35378061373555
745.382324566475,139.61276599646507
755.0124987212498,135.15692787884666
765.445975615481,139.38719284774345
774.3088647506949,140.0976909861634
787.8988698216074,139.41486313971302
799.6993877765638,138.99335612710001
637.6816036101334,145.76397539514872
648.8694865619213,142.73937775553247
659.7618298845678,144.8879126935796
665.8178796807065,147.6126099014817
679.9870584191076,146.7953985255721
687.7221947686331,147.43793727387882
701.1005648464644,143.0987384322132
708.9430400477838,147.72331665253387
719.5405782214981,146.4923199763136
728.356044848534,147.04173422419905
741.5297969754097,145.17363804354588
748.1438984829161,147.16718891726686
761.0742601771415,142.39074654541838
769.4424834975719,149.25317512041514
778.6096455727808,148.58915252436097
789.7305805150742,149.5031453788026
660.0235521713169,153.73932720613874
670.2216902448755,155.09082799109981
673.3554103412455,154.5095942986336
685.6196442320274,159.3193124306535
693.9495163452035,153.22183516135743
703.6679746950052,157.1536327830637
717.4664433324745,154.5104562606242
725.2050723692983,151.07490617486357
737.0348048509092,154.29889158128583
747.2096499552542,156.93637495111136
754.4756892137277,154.92484445894996
761.8736856175177,159.8522229711846
777.5081950049333,154.8352778382383
781.6295748474644,152.9726013550005
796.4630187184597,154.0672071959646
681.2800565910376,163.64853643391925
692.2994292136538,165.66247621417799
701.3597896964756,166.29201311813583
712.1180643688024,164.78928897656402
720.4975660720235,163.53768376718332
733.641973346534,167.6231678511106
739.908766596819,165.4406384700797
751.2302755273328,167.48048394490064
761.7126849747657,163.63608809523075
774.5321919448277,167.55009519152878
779.9233698431639,165.99329009861947
790.3049511982337,161.78982357545013
695.4515521217852,169.43295074408633
706.035775641337,172.2656304051001
714.3229048119722,174.9773295203234
727.2063678568462,171.084720902098
734.74771897207,174.91041631501145
744.0480746235993,176.00607008592135
758.9693996232916,174.0350244201932
767.2798293882445,171.13852537323515
773.6019669007311,174.31399144306735
784.1231960618413,171.41954127274195
796.5198127686602,166.97086834357688
719.1494025315424,181.84793127901
730.2891024387397,181.45454368013537
744.3704288035192,184.0425633480862
750.4138255293113,182.49362724416005
760.9761732961728,182.1790312567153
769.9923007573171,182.84547022040675
777.384579687188,181.38733991720488
790.7487825274872,181.6973383195649
735.6177025357449,188.56267614736672
743.9067116468686,190.80571239668853
754.897048422945,189.63605789739307
766.2102386678561,191.11891501546748
773.657367870786,190.06000139743196
787.4245797170884,188.39929494216045
792.7120615074144,192.32180592077057
778.5655817379294,199.83634100813265
791.1796193988637,198.88588222375085
785.1804766613303,209.08190562719233
794.8211214538303,209.87618698377045
135.74333459556368,54.96456269622547
145.65530008340295,52.63535415080868
174.59126068375718,51.907528317887035
179.798705712026,56.68294831230578
191.5720518060487,52.95676614552844
204.8591479074022,53.988008990868245
227.88798500695847,53.55714458346502
236.5454286566467,54.44743561384855
51.07150535516392,62.78865544390628
67.48285519997386,59.05069694520215
78.8682701074741,62.03470596824519
90.31853864476274,56.15072315269883
100.06575279158879,56.49823574744649
110.38276266056319,60.41855825381819
119.56962150935625,58.13822951357216
132.13052811122702,59.335026857024545
139.9536152742918,62.108870755965896
144.88904166128694,60.57461551874101
157.86478827364223,62.87283643420219
166.51515902333034,59.219316567750425
177.73089934433722,59.57087371647069
193.1310428433376,60.41892495391797
198.88014692615894,61.97966260376225
208.60892534856134,59.71978541578017
221.27508575875115,59.70538201116473
228.68250880652832,60.52498655747962
238.72758798137855,61.00308649611691
249.45901916618607,62.746954154286065
258.34920205123353,62.31219294351829
271.6567959596474,64.43621156086262
281.1419445844073,59.24577796039058
22.84697738825778,70.05588587512503
38.75250510258784,69.07458572871117
44.94985851813647,66.65021602233217
58.30279152689756,68.08490916854448
66.22405321907864,71.07644074426534
75.23628509168022,66.53347105471495
84.1864725106991,68.56192907854044
95.40425807084627,70.79447927674629
104.85679942374051,69.48670910311066
120.58406486095464,68.88409808697637
124.6918942945396,68.17304262651305
131.09644772924074,67.90225630767108
144.89706820257814,62.861499372007756
155.94901908188427,68.16888757925125
163.0818404030982,70.94219835940822
174.9455786013537,69.25656340427591
185.11386462235436,69.53644788767656
198.89769940165323,68.45986183280266
205.9505422876993,70.70206433524746
215.75972233195554,68.51809929242243
227.94064841166573,68.81544252346586
236.30580590796117,70.87381939306312
248.31181774838237,67.2171667263001
252.5393138075848,69.88582334615923
262.0673077054134,64.53565229442587
274.8890002922904,72.32776565529133
285.24443390644075,72.54183280522989
297.3545698596631,70.47989796946075
307.3728006260998,71.27319138514255
313.32283951013255,68.84905812563298
323.2905797295585,67.73606660477941
334.70319548272636,68.59960407687672
343.73197616981145,68.66828100616475
353.64101294322325,72.05299858152625
8.988573914343746,78.31965823692236
19.95821235105168,76.92842771445856
27.55207816158436,82.2611112939727
38.898692424574186,79.32264983289026
43.67032462839998,74.39381450693654
64.4793825296524,77.88938107079531
68.74652883646144,80.29106877480146
79.46718518223915,80.5042746074335
89.44611702077434,79.3329824696279
98.03064250042323,78.04131478246613
109.2376511484064,78.72114011955462
114.7334057136438,77.91813397396619
130.86606359654115,78.13472700712124
141.92449187087618,81.87636107220371
150.88773752075457,79.72252925537167
161.92956298215753,78.38255703018046
168.90471033739942,73.81896935927386
180.9700392210652,77.28687481081116
189.50765980619798,80.58166636180677
201.51750748585246,78.27450871782581
206.57411217248574,78.0736475629374
216.36792097415764,79.96761023460017
230.53112260450555,77.24314712068941
239.30345121784262,78.5459369480254
249.80280492058057,78.06759050338431
261.3447799982197,78.78980856911458
268.04865205134905,77.40958719249154
277.9829684507115,77.58727897245855
291.55165955122055,78.25408939053332
302.8819728034151,75.09003621411671
308.3192428521177,79.07922807520596
315.7504741831902,77.79243000282897
330.90238806114866,76.98177959589083
342.4584841249292,79.74801195502263
350.58782898157244,77.14236989593304
358.32286106114464,78.20417367436816
374.74074656253646,79.24807201341633
378.89728643387014,76.89469081425247
387.6387998037521,75.94177447588793
402.81740434147224,78.86793196250272
6.190807211722014,87.27475857150112
12.901773744577422,91.31337880737617
21.70246381419219,88.18794105986525
36.177910930067604,87.90974881198052
47.966499027904504,84.17860379942194
55.546888540877916,84.1597846495381
59.24562772546217,86.16333307976805
74.06488557817092,90.71357156705292
84.53464050538976,87.38932190960313
94.31451076053516,81.44594743857542
103.37914246450086,87.40343700069555
115.56163464107777,88.50441503516416
126.31928136889599,86.04195342445543
133.11961884721333,85.26192063830376
146.52917763981108,86.65361848674821
155.09560607229227,84.83984475336091
164.94166522213408,86.65232551525128
176.22482305542925,84.74619817303252
184.25397701346233,87.17400670316842
194.23645217687866,81.49721763917825
205.1429029076521,87.6144538133802
215.83961115756688,85.87343866589495
223.0180243080137,82.90931234494964
233.8433676206342,86.70714763679611
246.93786338110215,87.30893139606542
251.87714413484764,86.52472443235328
264.5820403540222,87.31157301268777
277.14988700103277,85.75231833206148
284.0999031798093,85.02518420060333
294.94942256722186,91.670248426595
309.9692010859343,86.07553995730127
320.00417180881067,87.80335100864107
321.48890082531085,86.43516248880142
334.3419673597515,85.39247521910588
344.1722180612065,88.58816454718031
357.71190157413434,85.24594053959201
367.42008402465007,81.82840960151836
374.7469757798995,88.69472963777648
383.4823590572527,86.1476226564443
393.57812180205786,88.45370651166425
406.51143891082694,85.35157336578408
418.1165682611369,84.146009679516
427.2754587034418,88.67408401306719
436.0153013106246,87.1929664454969
12.749229682098623,95.46692848883953
18.755086518182612,96.3345972546614
28.778566272220075,94.93196314886691
38.38474103721857,94.29620829385605
49.70753294528342,95.55123735328141
57.77608526685248,94.11577917162077
69.44428644975373,93.97677704907969
80.25704289479948,96.51601037959949
88.14631550151718,95.8138313938967
99.10531876026162,96.91173466625614
112.07526032990725,90.69291843747229
121.97627102095691,94.8469939824072
129.83555761218776,95.20520506419695
135.814481497867,95.4170802819856
150.05967306351351,97.86232880796682
162.02218294767118,95.00523175719894
174.51763609045776,94.52893398391836
178.6862939514404,94.32848587947336
190.8062217243359,94.69141465669843
200.99380325840852,91.0465348903836
207.1654163054674,97.53379751706478
225.28911081574134,98.25867936190062
230.22893874028046,94.05092500245506
241.29615374168043,97.67140385691413
251.03158508580708,94.53629236572402
256.5332906055043,93.49937932493124
272.116354156105,91.32902086178645
278.60937676864006,95.47159770607557
290.36821915223146,94.91987375482316
298.23088478543076,96.2203366851511
310.5691161137806,94.2023173039549
318.20563558245385,93.8613936242396
331.8815111132456,95.60930452273824
341.33991717202406,94.09359658454075
350.0646499081172,97.9956771817455
361.60703073882564,101.23967064665815
368.0918346669017,98.26940064440528
383.0093847545825,90.74527397732912
390.9515818626559,100.40250169978145
400.2663335959574,90.39130543627162
410.1478335448578,93.77338104472591
420.46258771564374,94.99183938370301
428.84133344206606,95.22401406081131
440.92921907024504,91.04293733604251
449.6577046365,94.31197814202365
458.0552221399739,93.72141369427439
470.7224020455876,98.04568984352635
2.9256470612622505,107.34118669111116
15.862929149561383,104.15337179361357
23.25878055739879,102.23144277730037
35.6800293719236,105.14338646430552
42.445919750820345,103.1405808976462
53.74500687617634,105.37737013028257
65.85539677581275,99.34199122229795
77.3372556076451,103.01629864771482
84.04247201481397,104.30358288352224
97.78306584970218,104.25810334895804
106.07856254536127,103.87977478917244
117.1646211957315,106.01125454673776
124.56553722351325,107.58678260127895
133.89742512615751,104.38535120888275
146.77164423979264,102.44348698722828
154.85916651128576,104.64188128349589
168.8143439318691,104.32185775678099
175.75157554645827,106.03929390005517
184.26880432833093,103.05873320509066
196.27326744923644,101.64705242704869
203.7930440611249,102.60342812332689
211.57081460400346,103.61079919276361
224.31857521551817,104.85004769886591
232.0589886270213,101.33165550882532
243.65952584223197,104.24142921600087
255.2671626195246,106.07590458730903
264.5594159972497,105.68793896642677
276.5954983604761,102.23650656948412
282.1854640069352,103.0754742341176
296.9739348274791,103.84281732856633
307.36393559119256,99.96735360838034
316.0248544875436,103.38668331485034
327.5403318688362,104.6573626112249
336.7822929198517,104.00316577683624
344.600568402436,101.28064193159216
357.9570265990041,104.73852899926575
364.8116369132355,105.1144780596782
377.0911703770795,106.33511052787755
386.3758222577219,101.81241057797287
395.8309778003535,105.54211303023845
405.208872029524,104.94739028532257
415.23852997434574,105.4782724647312
422.7695517388242,103.26265240188063
435.154517447254,98.46004874245283
443.40328639172316,104.67656772302136
451.5666364069782,105.15044314129914
465.43489771957735,104.45378137062362
475.58120926681244,103.53110252164532
484.7166168778206,104.20698966354186
493.42072873123374,103.105609453614
506.20432665083206,105.50059480725577
7.839832686667495,112.83022412639994
18.658543024921936,110.9886841023489
28.349967955063175,112.54773247302717
45.086056054782475,112.84442275267163
50.596993624661046,112.67309520060334
61.59958471618213,111.87096020120723
70.4580783533098,114.95394953323697
81.09782504042097,112.1736180852518
90.98163819824411,108.77473425034155
101.19547817991136,113.95883936566753
112.59022797964693,111.46039186635466
121.05371831048978,111.00210164820629
131.92448909667138,113.63930641297563
139.53251443406663,111.71472163451241
151.21261113890094,113.32100861434523
155.59259933643676,116.3048477813239
174.27986075976742,112.41982111180891
179.90058161035785,112.92731559028643
189.7763301823109,108.6064242208549
201.59946721039515,113.52876987539368
211.36594553926577,111.2368557832019
223.1136001513595,114.11748939751871
228.386053636511,113.50658340706207
243.01744261399634,111.22034138793522
249.93757574718177,113.49536274797697
259.0206738887921,112.10562983166716
266.5306580614789,113.24984934529196
278.9852075921017,114.22420059543542
293.89307546684904,115.08554262884901
303.0140040485911,114.99944381720405
310.4148506516865,112.83724584823061
320.8050984238059,113.22166500847774
329.7808933275185,111.7502953970156
338.40299045652506,111.02649749167239
349.9938895462393,109.48979344288612
360.61287573106483,112.73203632683389
371.12192490605906,109.92630987737063
377.53469446313125,111.24926772291164
390.8719258994369,112.82027740711833
401.2600206259202,112.02681048189443
410.07803006821547,110.1863330798131
417.97825018627304,112.96093042264297
430.5440663472749,114.46171577058136
438.4849382326597,114.08566619919166
451.03895719058534,108.76268980743309
460.9582262187352,115.80714111584182
469.58637895961635,111.84967750167456
479.4374250128595,110.34341282763995
490.58815117394386,111.12910539227872
497.5092635030225,112.42720906050585
511.5948808600059,115.34509706458162
520.4888886084328,113.56445891686312
4.35000771238345,124.92042569829667
15.582670172236716,120.75761446034987
22.761077190437636,118.52390358372332
37.45312325212396,123.56311676669863
47.5174897825852,122.36486037915527
54.5570799858611,124.7940906831763
64.01985274433696,121.15257401639258
74.84461813725373,122.22966984795433
83.99247080183501,119.95056088649707
95.01377187120119,115.22103704739015
105.435065910488,119.44711603938279
115.66943373685893,122.81256634542162
127.06263549231623,120.52483828163759
132.90297674663603,121.49103044903158
143.6489006486835,120.51826414362603
155.04753953651044,122.39570988485514
166.2907697215712,122.13095665646406
175.07993692123685,121.79293038092307
185.4819592613003,123.93452532721777
193.1904913976679,118.8743182705105
202.48688248870522,120.38195734490047
213.3851361566679,122.17880749168104
225.11425404084673,121.23181563236638
234.02871658825524,122.2052004849888
246.30934290368108,119.97408566324556
257.90658674223636,117.86523275528657
261.71384362845714,119.05690856604959
278.17443909782986,119.09105368780713
285.06507611877555,120.75867779930233
293.8385623394546,119.94974119080948
303.14966757777006,122.14293366511916
316.9763125522278,122.12100170185651
323.35877594980366,123.3464513757267
335.86379482874077,117.05320243897387
345.6233664835988,119.82239183243203
357.25181892820876,121.93515122470767
365.0788595517174,118.10431434243453
375.79629640155105,122.00480780201777
385.46946653708056,119.28290109586752
392.41865743667455,119.80921283487922
406.5431945196403,120.35599649552147
419.3419107700607,122.24780096033736
426.16764487391265,119.92178973643257
436.7014647141809,120.91286467276397
444.16784636277805,121.62016819390645
455.8574632186166,120.887463737199
465.047807732204,121.73824351466972
475.93680549107756,122.12139584680017
484.9034744889652,122.28695927490706
493.5838945796217,121.84118186366457
504.5844199326806,120.49372535829399
512.9783963941975,118.36365778987987
526.7197767872843,117.79066871202006
532.7857307266614,120.26982884558014
546.9494973167506,121.52369066077931
552.7327873175504,125.15536442109719
10.914518171360518,131.86042390354325
19.73645524297014,127.23785733967378
33.96192981426576,133.09288851732563
39.8577366239428,131.2394711666614
50.338055176129664,126.52148546940165
58.95380812860565,132.40193461635812
69.1069010076559,133.04336201750627
78.91652587327567,130.56831600300265
89.18730112607336,130.86482329245686
100.77426764133057,129.0037382298272
112.98020144933425,128.04797317674806
121.7290049154851,130.38515457260348
132.74890215087026,129.96728426257448
142.60283147798964,128.32767353568485
150.91356595751355,129.34198296512344
161.3743592443958,131.16695570661872
171.54288066404732,127.92889375009321
180.49222898542587,128.11418512210886
191.2600418848006,131.5265108103926
200.3760089484638,129.49737428778064
208.4145504994751,130.11022358249994
217.38485743138986,128.54727815788456
231.0655527528606,129.9979835922473
242.82117925540746,131.94987075045694
250.34070020184933,129.48272841141832
260.3329107552667,131.04474944961507
270.3746505031929,127.82265177438174
279.2605816953403,128.1268043088039
291.392956402397,126.16386781894309
297.96045762366884,128.85422642920943
309.60046744204857,133.95863002910647
318.0716283633215,128.19232171450847
326.56416456645053,128.6119607351891
342.25860971615776,131.05516664800157
353.00158705709964,127.70586662949306
358.735474110379,129.35771393273015
370.60978349430945,131.11314602355708
379.47619086450004,128.87237947154813
392.4014764255824,129.97673717387087
402.2798114672861,128.8232724283766
406.65460888597727,129.18459781013823
422.47481733237294,131.24305350311724
429.92907862088117,130.9343192406885
437.9082121354823,133.1050840899558
451.55059528953626,130.07865405450278
460.75612519906275,129.80784959663097
472.60239721706233,128.3961126044667
480.687913788284,130.79051545158472
489.9193051548158,128.52151853832092
498.615662469995,126.21264081414793
511.3193020745319,129.6537409866669
516.4873858171751,127.06569195231656
531.501186877735,132.99375043473162
535.5155623346353,134.41297890744607
548.941277967747,126.15630370740556
556.863742521774,129.58245290229593
571.4584380426244,130.96305435556232
577.7123967230784,130.07457904708664
5.274777482415087,140.56528935732976
17.299310174810866,137.44785624327682
22.77038238517346,134.24783241389682
38.549506052355724,138.73134912077074
45.04843470883511,141.5945355969723
56.931448436936535,138.50445023921282
61.758990118113644,137.46651945307966
78.81124921129816,138.72489632323473
86.98313242704207,140.92525012976853
94.26449978449176,138.43554308840513
105.05306993626688,138.2567702888126
115.20637843621049,138.85575415872202
126.05199922796228,140.39648238340806
136.61032273889964,138.72459918376015
144.84133211835345,138.04442605029996
154.63082777349686,138.34692433734273
165.80718838397374,140.24544142321307
174.3918751026488,138.70477035352394
184.60082328288968,136.47420008483735
196.74822240298204,139.2712780227805
204.11236619076135,135.66561483586042
215.3993941883599,136.27756100836388
226.32994293285907,136.71121746949717
232.82172964419743,139.83850040419335
248.08738210989213,135.48701432178805
256.51473555514036,138.86299940314836
262.9663911593038,140.2353827721903
275.14935449581475,137.49105977123057
284.2222524223138,141.60200380453963
295.3685647568899,137.2012160158653
302.6165654728271,136.1259443215832
312.4988188869889,136.72719006768452
328.48581495134596,136.08424154609187
336.1552904174084,135.7668871538372
344.51693173458534,141.01060786503282
353.4448209390075,136.74299168033465
361.84458370946464,140.01486266654297
375.0010211326211,136.03717247048377
384.5535125467516,141.40758386950108
395.8876177149066,137.573109783473
406.12488514594384,137.23149400783035
415.2294814357302,139.73851866069742
425.28246357699635,137.43236204727324
435.0404058631615,138.02890471735242
442.27443420051725,140.57714072622824
454.8842922472037,136.5467184071915
463.86676905391266,139.1237003623444
469.49349646288715,135.76969377694857
484.3124589872336,139.0386741381492
490.9275046032901,139.9954125815523
504.0530733027564,137.68075144970751
516.5827629277492,141.82781104774315
525.2232548942773,139.12330566569727
535.1107401392939,136.60039096406214
547.7809834369306,135.54287893369886
556.4721372027939,139.92060672345
566.9563171361948,135.8379564632536
575.9527833085529,136.7661021848395
581.4355235942882,136.49460953055274
596.5102678849138,135.78957568607015
605.242223526409,137.25266988504868
10.749804436455568,145.9846942490097
15.093502796402607,143.1370114084762
31.810678241169743,143.98896787920236
37.261788124283115,145.19790893121436
48.134082075175925,144.70396643325714
60.232654779633506,148.85010314043012
70.08370792500277,146.93605727259262
82.56507056149154,147.9258043137712
91.48864116870067,147.57007869484846
103.9702071725753,152.9125356427816
105.12209040344736,145.50684033588388
124.3335857290056,144.89864815663566
126.01820278115764,146.69410432511964
138.84616785522203,150.96844999895146
148.43391381210176,147.70326708639138
161.88452752560113,147.6955699753689
167.35959619149477,146.7867347377075
180.94785464947202,146.45845395167407
190.62836302817487,148.9706176215825
200.46871889346846,149.37861355819842
212.0872370406289,144.13394064295852
221.22779073102748,148.10813194014767
225.09076943177297,149.5341887877825
240.5260501865719,147.44918706249302
247.87446046846665,148.56675470771805
261.36847963183874,146.32060956269257
272.3317043522249,143.52826084544517
278.4172106726844,149.24852791101054
290.72904662701893,145.45192138442164
295.61554649692283,147.666034474572
311.88404066598883,145.61681981578508
316.53908191292595,144.57984281758098
331.11993351741,145.85339882358969
341.2218757399244,147.43691457560342
349.74230004972867,146.0504279991788
356.8236382138798,149.786841209134
368.02518084289215,147.16198332683996
374.6213384824429,149.8056022184192
389.28954539486887,148.20521902999113
401.7892508786496,144.73602526546236
409.736989587597,149.00236500017272
420.7033854059446,146.33530107722945
429.3462976351159,147.7683594233136
439.9160260040633,148.2433464705059
452.69033588826005,147.613894869203
459.4655527945158,145.9592575465686
467.6302729685161,148.3580012024303
482.79063382743874,145.48953530097083
488.2779350797674,147.17395663017015
501.601635367217,144.83837205032523
512.1058804549904,148.8804976284574
520.8981537821944,147.4575630534897
532.5039549837669,148.72883084288333
539.6244423339742,145.4610998100564
548.6029335384883,149.87767393058584
563.0179385994372,145.72470510410687
571.1785945363468,143.45715246863725
580.2892053537024,142.48358865269293
592.4574631670731,149.90009311452826
602.1478210233097,146.851211276465
611.609939712955,147.18821749871861
619.2789606251646,146.0677407619004
627.4493228474014,148.99788564556798
5.834221875303297,153.59542782771467
16.19184765514402,155.78425529543293
23.349245030192883,154.7597574537905
34.83278628071681,156.26805074278383
46.62916235771608,154.88148688366616
53.578780265012796,156.0861033782178
63.562102298368764,159.13529114600084
75.99028164151134,154.41048339340153
86.37407827193128,154.9033828958319
93.52703157111297,156.56154598525686
106.01470295327715,153.92115196289933
114.22323146480207,156.54736650049983
125.29572714468405,153.88022742948235
134.48272153433328,153.15876567502823
144.3155519560361,153.5132143733098
157.72860616705236,157.05078514978914
167.71852513309491,154.9499849236518
175.34720911386268,156.0808445713956
186.85191820799307,157.303997119348
191.05973048493624,156.61319636006746
203.59139846775375,151.9309798197807
215.78174406064505,157.13171656253303
225.5869757681223,156.92264757153893
233.5631254866323,156.5892896876011
242.79495176980288,154.66554680434112
255.63585935310041,156.613004930624
264.92122555110734,157.14381834601184
275.42114680063065,157.26225998697225
283.9983014068576,155.115275130917
296.6355725565168,151.6479262673899
300.3683872864966,159.64071675171277
314.1456079895689,152.06030970126483
324.5160623088223,156.75285267961917
333.73687960744746,155.5289975481831
342.93057453330806,152.9963964138486
355.30508970704017,154.31217254619594
367.18085288947225,157.8542142033402
371.66155872708987,153.6283821977337
384.6424912768979,154.35112782124955
395.4589864895664,156.3329497615101
402.5563044351477,158.13526812922814
415.31107225131024,155.6715330835146
429.7044352828631,157.6599679216462
436.3345337218351,156.81520635785049
444.8654933380701,155.22706660023198
455.09329913530996,155.78799753228796
464.4414110308008,157.74006994603502
475.06536801660604,153.94535116143152
485.2744145028284,155.3452190221184
497.3008046047023,158.27519617918034
503.86482470009423,156.10358475776644
514.2782093120395,158.87734053886098
522.1364021083073,155.9072619902365
534.4491329275185,153.0938408712423
547.9953440326649,156.93407959063325
554.3346550838826,155.00623097672403
562.4240935457539,155.74568547368472
576.0723841278792,153.49375510633283
586.3176285244678,155.96766098225783
596.5262250278078,154.82276130109827
606.0043778380692,155.35599894153324
611.8060789939962,155.8484176778303
621.5510573749966,154.0208209000705
635.0121715543178,157.96245532971201
645.6570147934104,156.01813062264262
10.593170009043357,163.5687713337291
19.54570178921407,159.95006500868092
29.84002496124614,162.60301386974336
39.4261756231595,164.97668444011316
50.3801989016571,164.04485170776232
57.3984937230867,161.93057351704746
71.09291649240929,161.71514191236693
75.736346308819,164.2229315701952
88.85622299053409,163.97868647497927
99.25684612111104,165.67919433539728
114.51965082589749,166.31265371073488
120.1191558490389,167.20964820773133
132.09326844141756,166.05015859090543
138.04635355128377,162.56074861478544
147.78020801086802,163.11493150251994
160.152912299886,162.6780493200323
171.087175322855,163.3838929977516
180.35788169471323,163.17877820243376
192.10655172588318,164.21311474214852
200.77911387593142,167.06848526481767
211.33943047141943,166.8304502416749
220.06942756789906,167.41351377319793
229.7999893559673,162.20483334390607
238.60734693363068,164.59198473552664
249.44379209224292,165.57638935854257
260.024597192632,166.6542004916907
268.5685353705534,166.34031597839498
283.05369460882866,160.07136279991906
289.4624845543973,165.0570717511291
301.8349860442754,167.47014686216514
309.8740718193457,165.75025147789216
320.16151502272544,163.81083617255774
328.1455281568751,165.65497379900984
339.6298489390943,163.47813300164347
348.138228029538,163.71519021871094
359.5412567024079,165.5965137057762
366.86853671818545,161.8556534690066
378.3318963845686,163.19125573012712
392.5419545470084,163.08063086847477
398.1929004076661,162.47597366744048
408.5852823657719,164.44855838139296
421.9828799536756,166.99421494677614
429.72609742677486,160.4133947722218
437.2434925196432,162.55737251252026
448.5924568606926,163.28494887537548
458.0943019320975,164.40996531295656
471.01221929291916,163.01994828814742
482.53549323310466,164.64120145849498
488.6319845431352,165.70849417745316
497.1423720346349,164.6127082532025
510.807339156411,165.94865001680043
523.1414462336548,162.7138288287315
532.4598169891124,164.6758649747735
538.1993748413851,166.03390440448996
549.4227888958942,164.8431329970948
559.8298607034434,166.2482015180086
569.9209743751446,162.99875067178633
578.6965780478491,161.57108655976887
590.4506312673393,163.0418004800917
602.8611561403089,165.68195809538727
614.8304041008471,165.3006981821671
617.4913430577232,165.1105501795736
630.4955691202102,165.7260982416047
641.3634181582667,165.73369234856736
648.7966003625346,165.67588220235538
658.5008990734465,165.88848271153552
667.0050267699564,163.1747578307003
4.52750568701136,174.09924479110637
16.366667835908306,169.1308093736409
27.116157929333003,176.3804367623311
36.38833789372054,171.50450649430542
46.90462893559145,170.8094682302203
54.75478355515782,170.4374892272466
69.97141311726539,172.16487584153646
72.91327219590653,171.61020674226413
84.19584573961794,172.60143808306884
96.9976891165011,175.39135883493478
107.8792587429796,171.3062762413626
116.98546007102509,176.95772192481903
125.59536008814291,173.25622370839613
136.5749378638411,176.67937526615557
143.73440714811906,171.81552781701473
159.19179469445874,170.01041767669878
165.69845427898147,173.71709665827902
174.47174987768827,177.7948842119456
184.4705262791271,170.2674023556604
193.2486301077491,172.88186179562578
206.16265148275457,176.50800190221764
213.37551556171596,172.9143720385607
219.57228954627774,176.86751910532325
238.05247877420317,173.25939414469514
247.22976604239344,171.87570205090458
252.31385482472234,174.493181960571
266.02590390313566,174.94726530147165
276.9508424429237,170.88024826927824
282.91703576502823,169.78749573668549
294.93496259621764,173.29938312383
302.92966094504976,168.99426305329393
310.83564609515213,173.84701365131215
324.5324790507257,173.09528548019833
338.84310524141233,172.98461382562385
344.0063630646427,174.68379679434415
354.6118263364669,172.75301808537765
365.4661462313847,172.20172787074011
371.16307927068885,171.9816536112249
383.3259593080697,170.7471569215939
397.7858358594938,171.5955293676488
405.0383720621586,170.65420986545953
417.2729181378853,173.9384903940821
427.83435186490635,172.08109109914233
434.23009832552333,172.11068999730506
442.83068830751256,171.21807187847557
455.7424545578716,171.37158588265962
465.2127285815478,169.0630426132155
474.12962600897225,171.5806751960407
485.93570989788293,175.64570600390013
494.0683521649977,172.02217528473753
503.26577421938794,175.2250802881066
514.2425064231762,176.81635370388793
524.6465499018175,172.270312433205
533.1590822083333,173.04137085923003
544.7584321939396,176.71886607019337
556.1428114053997,170.97340459131547
566.941647727838,175.7774980162663
571.2475378134584,171.11729737372528
587.0956371866113,172.95303693713427
595.9362855187095,174.5214007223272
603.3447130054498,173.75401671504483
612.5836096250948,172.21881531458473
623.0546705018191,173.9376510730387
633.4860514812638,171.1253378860433
645.0503678949312,175.19141577600024
655.3414483279952,170.86949103243975
666.1121361970727,174.01548310348636
678.5039567927836,170.604986829921
684.1761027267285,174.88929832959528
11.757401281243494,182.4888916688032
21.056788722869815,182.69690678746264
29.39034658889485,180.3628195942943
39.04410929593557,181.65651142320212
48.97716347100574,182.96563966963265
57.23282973578659,183.98826576305547
66.17549268227344,181.16941384408486
80.50577629526914,185.8122990123847
87.04786207952756,184.79614160188552
99.78127189557327,185.34735156208603
108.39884643584841,180.78945795574006
118.87221012885684,176.98709030067147
134.44556483842902,181.8474886563937
141.14134081800856,177.0554366950406
152.13442029979913,181.9786971329215
157.86548333816557,183.02779042243807
172.03768945511635,178.90488343389
182.01393660031488,183.851021657406
189.53094905147182,183.28984378463971
199.12130787812467,183.7338439622573
207.71525201724086,182.35773516354195
218.44357427222303,182.58444273861497
231.7149606294211,183.1259675859767
241.53307078661848,179.35569881229046
247.00398334193008,184.7951518680217
261.01960948396334,183.80277968638495
269.47048547452766,179.16928295908508
279.7117224856649,183.07575142660835
290.93733732497907,180.48255396122542
298.12357499625756,183.15149807128614
309.1680622880924,182.68387371234843
319.90596286867526,179.71890469880253
330.9568189587847,183.46849237797704
339.5532084620804,181.96871779830767
352.69918700081047,183.02896106055908
360.4041130389934,178.63342959252446
370.8759745659972,180.86654581006866
380.8531008463344,184.87347153675154
389.10122169348097,182.7472889262752
398.18837615913355,184.78745817300506
410.3491349612471,179.144702075867
417.29796322744687,178.7688915156171
428.7793322253996,181.07021960930948
440.5977998451559,183.54364226969545
449.03581288155516,180.8303169995126
464.3613939085921,182.4738444379669
467.5199795303356,183.31852744830985
477.82963849007473,182.17494965458152
488.1960953846611,180.47354661170797
500.001599817618,185.0477388119129
510.9603193044452,183.82462457551625
520.9558532669791,183.1795794797501
526.0222116260378,180.05417596529142
542.3527120573882,176.8379903270311
554.1013028963139,182.94208752101932
560.1510087191176,178.55628971425625
569.6358575324367,185.60024198429076
580.999714517599,180.55200400932978
588.2997124198594,188.40902377256884
596.3912125112339,181.983819319492
613.1925350563645,182.10462668430597
618.0757663471719,182.64289153698613
631.9172753817915,181.41647603593862
640.3903597193824,182.72259316944903
647.7053221365001,180.69298470112935
662.282296690374,186.44948303240295
668.7988409565883,182.53720123780417
679.113693216546,182.7039795928168
690.5585174562849,178.96511156718762
699.249383970456,184.72100364160238
711.6786349029613,182.76321101001574
720.608772269813,185.09853339233612
5.494513502518105,191.50044093198187
15.34227254499396,192.34218475191338
23.63447531908196,191.5391259725545
34.06577442514735,188.9738561298642
42.263931078814515,189.61984013031343
53.941781155988465,194.06954125512152
65.68707675863304,188.66736665457697
76.14815510583476,190.14398138544996
87.1363686254236,190.00709802319727
93.38119397610234,189.35374808200862
109.71567325343221,190.42283832908612
112.96611670801124,193.54033684725982
131.1039344068309,190.00686525874048
134.98012745964945,189.40839822359953
143.04911378694348,191.10673900341493
158.4832408117065,190.1816711447522
344.5182902213227,190.85259654669332
356.08869912727283,192.7147560306816
367.48211067886405,189.95519722011565
374.1230663648312,187.28353788522972
386.9907455343109,191.92255678614816
394.7544049786685,194.2436895747493
404.43436826434,188.702596764666
412.4871668522447,190.1952352191745
428.54490123022026,189.13447441610765
434.84807954070766,190.3287547644032
444.00055429491204,189.15259656973285
456.99835125923994,191.45827536601817
465.88519259264183,189.446752966096
476.4540260802473,186.00750992439455
483.08754316848723,191.07112442524195
494.4250446111825,188.9456917769789
505.79495023226167,189.07591007942554
518.1188860312681,189.71236292084313
527.545848478053,191.05640887891332
537.0232170311853,188.22158192090257
544.065458755275,187.41015435025503
556.7237736070364,192.42534279551114
563.7772215785941,187.93174860023893
575.0582921315955,191.54966231849804
586.1986164689961,188.369631326126
594.1601614805959,190.71810323174375
605.554463318308,188.68077261815102
615.9811310165967,191.10060800083664
625.0179492501662,188.87843584451724
637.5260793915371,189.46128247954073
648.9737575363423,190.5270426119936
653.0302926104541,187.3824185081937
665.0716791538196,189.56765792079634
677.7672846175074,191.00032824548833
685.0253800780918,190.9518767838709
698.7392800331936,189.5626861083734
706.2474467068886,190.137400185005
715.6478053577803,190.3073077005761
723.9000433497932,190.84033195030437
734.2431713983365,190.06232984856643
12.695274757697714,199.7512064678376
21.137237303779795,199.23843835140764
30.964260521761947,199.7686665803982
37.07936792704057,202.8226256256739
51.00512393452352,202.60304046239443
62.6955659298793,197.93460961336987
69.54080404497077,196.96957230885485
83.5157100071798,200.24079860153296
87.33747676398954,197.16941461218795
99.76196006487274,199.9715855918203
109.68045336910615,199.2449000913892
371.23218542068213,194.54853841626033
398.67993270616336,200.3484939260706
409.9514064055719,200.0509175312126
415.39572262695503,202.49950001083914
430.82375338824613,197.52927634129287
442.01576981668757,201.45165772314272
448.76012917139286,197.9728627708994
464.07139037197146,201.33685666585814
468.9604625866299,197.2975722806696
481.91155163527935,201.08099441947675
493.5494426868939,197.25284155146514
501.21763739478877,199.29646474083754
507.48905699104836,197.68669646579363
524.530128594774,198.64892757992484
530.8909531340805,200.53272146099664
540.4335981046529,197.3863519397398
547.1001927070511,194.54358585818437
562.5760536097603,202.47946017879886
566.3878177286623,197.14550726676043
579.0717636914657,198.57825078968176
588.6207070711031,199.2019329217721
604.8786848478512,197.9041133804257
615.4169916940359,198.7742247214175
617.9594777272189,199.61626175712135
632.6263803769826,197.51519915526757
642.7254098598322,199.05344058774304
649.0422030551829,199.60210462074994
659.974628682842,196.79193919045017
672.4541766333707,198.52377716690515
680.5693644099749,198.82595177913052
691.6357935644453,200.17602568415205
703.6297910428037,200.78376996313173
710.203312458388,204.17052645648178
720.8038448161286,199.51979290597183
728.925895658237,196.4705713819292
741.6857525339515,201.51441167103252
748.5170479278329,201.9010920043873
4.08218807657385,209.39974131947102
13.745068058072999,208.2489272400741
26.227992955862167,204.87473779697248
33.85288399271396,204.07060504501513
44.612951444432056,208.06924178391623
59.428311713864815,206.7291371655405
63.947811941604506,209.8310403172016
72.259039345872,206.3542437985741
83.2895827909408,207.80397676327235
447.1307128316628,207.92236914909427
456.58284908245867,209.2845208053606
465.3068687595804,208.67236562922332
473.79110356799566,209.5537844511461
482.25005260213686,212.29844085094805
493.4107243595197,206.7115062386989
504.20347913460364,207.51505192291995
512.4563418532166,207.19206170880597
526.3283939460335,204.7136712891011
534.1807938307688,207.45982101780797
545.3692036287424,204.01645412486062
558.6017319091043,207.7703361626179
560.9838916954601,208.06758310703015
573.9887473761956,209.03240554591713
585.424989486392,207.46538849058237
592.9723736720936,208.38397314990857
605.619460612315,205.81036704339962
615.2398687992847,204.94777435030161
621.0070915001269,210.60701905387552
636.7312312146389,207.25219392323424
643.1852893332306,208.7963015721134
654.5970995845896,206.1209233310193
667.3391545227546,209.35363917534448
677.3169024529095,206.10131115594098
685.3241930905234,206.90151672835177
691.9217486639304,207.1716414856095
702.9871141586576,212.01696379306415
717.7929145042835,205.63783594062258
723.6818610195039,208.16824110362842
736.0821925881622,207.9006814653026
744.2394994446141,209.70410009147645
753.8174024790537,208.21116932715773
766.4706157522463,210.1928418699891
12.913245938143088,216.52652436405123
19.58477495284563,214.81224443606737
26.653743185249645,216.00412857639122
41.5591003427702,215.99077414074128
51.28024895604705,215.39579106709746
57.50917158838426,215.0525256662736
471.95194469211015,216.63120182933562
481.2818616838566,216.5177105123997
489.8162543590182,214.16960845145448
495.8734893792442,213.5872600826046
513.4664082738893,218.4775972875087
521.0544155159255,215.414360580176
530.4965021343996,217.52686864356485
541.1163028284506,212.9319365423575
548.3659571514175,218.44115414848068
559.7935249116979,216.54475258542627
566.5041787029236,217.05787643404597
582.1876513950306,219.1837926859999
591.1362937166341,216.99833949871973
599.1574841527112,215.73263501161435
609.5691967444179,216.4563772472501
623.3873331729179,217.41697622208417
628.6529975009527,216.93755664641202
639.0969008215923,218.57906018963376
647.7837222893895,215.7765697758721
660.8973513155929,214.89118952564615
674.8009238846201,216.20067841391707
678.9139569663037,214.49519249077713
687.8525617831107,217.11429310085714
701.201104355207,214.79800086870398
709.8523818893117,218.88068778793675
722.26544328358,219.13200030325973
729.1742591435547,214.87904604022194
737.5253857748116,217.9469495970769
749.9305214913445,213.6055978679649
760.271544129518,212.97904500544868
765.6852015053759,213.4848639407922
781.1405324783284,212.97473108258419
789.7632901102361,219.22662751428905
3.689087290049902,223.3625484698969
13.147878323424324,225.0184264676283
24.429169549435333,224.8230395427341
33.880011110761295,226.91027258947048
513.345583566202,222.0751712688061
520.8113966068005,228.22969596696962
533.8209837063185,224.97556893281475
546.8208117183331,227.31081257379412
554.7104751355131,224.49481511760575
564.2478314786136,226.1738345840703
575.1517992459825,223.45581817866494
587.5354135006007,221.20321677352388
594.8343587108712,222.9138646130404
603.9458044821897,226.95276105439328
612.0537037490673,223.60353815058917
624.772371124666,228.31184531636478
638.7219146839146,226.2866651653762
643.4186070114226,227.6943242602384
655.4760374353899,225.9333595899566
665.3293267095377,222.79359583018828
675.2224867249029,224.82548694939933
682.0529525170791,227.099414207341
691.507939702474,224.94668787116856
704.6407328213712,226.49828507294214
713.3668322062355,223.8573365399408
728.8406722575758,226.87364534324723
733.2292667186731,226.497950447093
745.9054232077873,222.363572343951
756.3073536603415,226.04113998628577
763.6402130617864,221.71174942867444
772.3475302122686,223.28635273801214
784.6327118538763,223.72088317889418
796.1325468495307,226.59099055602988
10.74395563191476,234.05373604773482
20.898993206559144,235.17408293619857
541.979750666112,231.94302403266525
549.218702249034,231.5556512996318
562.5081982635633,237.70597914658433
566.3634586951637,235.19689974466348
581.3174593672779,231.03797003801023
589.6829552143045,235.72703839286
602.5303843810019,234.23278243437426
609.5265303343315,229.0782821653308
619.5698029335456,233.60479954426103
632.5813845609222,236.0953632665719
643.90349143033,235.86717119378014
649.6505799803501,232.63995072252177
661.6407982572906,234.85233695809688
669.0625486559463,231.8951001625288
682.2007249561611,231.59496654981555
689.7227631366541,237.30636267217173
699.4207179559475,235.1260413111301
709.4671289389386,234.62077331753918
717.5471031176388,232.54490845159276
729.1377717286667,233.74262481335475
744.2273720279683,233.524710551751
751.782867285908,233.88180298206882
763.0286467137716,233.02488686568114
770.9248783038305,233.45734481745626
782.5135791584088,231.1649722368857
790.7183334084483,236.00365444774496
5.187436609140037,243.1880327389084
13.844492344849023,239.76323922478042
575.7535861318095,240.5557594694919
586.7032424564588,241.00295844002608
591.6112593942461,244.30675413265618
605.5536315196897,241.8870262125884
612.6543078018329,244.2084930703277
626.7614991691377,243.00389741728
635.7527406501553,242.08865836176292
641.5530605395978,240.94115517801256
657.3985589779459,243.52602993491925
663.812850899079,238.89768703319515
672.5416517212398,246.61416623879302
685.1331080297186,243.9239386413312
697.1856838974759,244.54797196924852
705.3215442609634,239.6053940202195
715.3604058432114,243.90106283996496
726.814685637049,243.54314191311798
731.57107188655,243.45284826615537
746.0258140275805,242.8518053778018
751.0394297667204,243.90828208464796
767.9944524762421,241.7879737498618
775.0254314343332,239.29607668644442
785.1788563914574,241.86989521204939
793.4955640589519,242.61407189777194
590.676248598849,251.10662705696402
601.0712562976743,255.04296942686327
607.7046096297429,253.9789893114708
622.7386384674887,250.82730768057755
629.458470958353,252.4821947716195
638.2692577553564,254.41964523566486
651.1989894644366,250.15698751226265
659.2461367814196,249.48534494632503
670.6151964022628,247.52226814759842
681.9389614834075,252.57552791385046
688.7188517777737,251.96316183863465
700.3798019742933,247.4544528028128
706.3767777156041,251.20320969067208
720.0658037092294,250.41269287550017
730.7604758027511,253.84843768227074
738.4305409263776,251.29035332033826
750.0392762618227,252.694505157391
759.7239080823979,252.12754917452293
771.695891260645,253.03496655198649
779.5418506972431,252.8708297699831
791.9179868979976,249.85624409637742
613.5136280864469,259.45751334146865
625.7815883676119,261.786590339575
634.4608568840541,259.7801587632188
644.6112309317482,258.54411972818906
654.6293405044431,258.58516920210195
660.6499354784727,262.3083924036576
672.6470705834989,260.12876984074717
687.6960560947659,259.40112301831226
695.4899053627034,261.24564871160806
702.0133926713821,260.7819846721254
715.0369775849622,259.5445017584365
722.3093804464553,259.07803040554336
735.2280725681493,263.5325034652309
744.5673510101352,259.043595219935
756.8356036063273,261.0244977432249
763.3771476548046,262.1641632815469
776.4489720930802,259.5149746711677
784.885146796037,263.1406286349996
792.5889944160477,260.8513144133672
640.394693318537,265.7824334931183
646.6917435237535,265.30743273792615
661.2753198166498,268.11790426189725
669.9499492466605,268.28840462798854
681.4068103858228,269.1605359432218
690.7310615718886,271.26478844639865
699.4091807366376,266.5509075590634
710.3909153383643,269.0541696589885
719.3708077715343,265.00678097980017
729.0318921200295,268.28048577931344
741.8849504023225,266.1167070316551
750.7543301354866,267.1593610036972
759.0621352232326,271.46944648834864
768.8729377424243,268.70001195933776
780.143774218906,270.25582132650993
791.1633939253943,269.90341710382194
657.0097661854019,276.86054989112233
664.9281586883205,279.4089425138779
673.1086529173774,274.14856068082
685.5267720636675,277.8353714995419
693.1048156594351,275.7697397939791
706.6103282828425,273.94307087378223
715.4953253989269,277.20631647967235
726.752523381126,278.58147396784506
730.9352868398657,276.4922026639171
744.2163306165755,272.92244446282604
754.900162376575,275.54277668760625
761.5573872337372,279.2501317806317
772.9094144586174,279.3545125549954
786.2856582926543,279.38960675126975
794.0766815027209,281.0942944984208
693.393463809492,284.93627744639764
701.4721460850005,284.5698655449826
715.8343510748434,287.6360723727489
718.5109359300017,286.36489167549684
731.5612502066368,286.5938420101656
735.9848754926096,285.159681770198
750.0970283775345,283.61796067593747
756.2207484194452,286.36123461249747
772.2795149176862,284.8422416470729
781.9131157323152,287.99312920627443
790.9951944831519,283.83289280897066
704.4168283624524,295.115420020414
713.6321592958345,296.3271997083526
724.51020896752,292.96315650054595
736.7938399309886,293.22225353550937
745.5423935023508,293.7754143466912
756.1098986844808,294.6725952866193
763.6411437547168,297.9280840586563
775.5253541597021,299.2227497130661
785.8992492036009,296.69508603824784
796.0296233923364,293.69976692648515
721.0811046847404,303.76376852778134
731.1197391382852,301.7079312206142
740.5091364326187,303.52701603340086
751.5220160910709,303.92321020571023
761.5094651064176,303.7126530722182
770.3657840801657,302.58498474225723
780.6208852752382,301.69782456450173
791.9107798707923,302.99753272669375
749.5575250352126,311.53637122871186
756.7026783379044,311.0615516711338
763.0685253436242,309.071055787468
773.154053294201,314.3883467756025
782.1024078360413,310.9994014387504
794.7373389837437,309.8187077657219
758.4433510304726,315.03388548882486
769.3261262114589,320.59417969154254
781.1758296524462,320.67314704094736
791.2858358073829,323.25502664350284
776.6469908226445,329.5664366487862
785.8591577805815,328.01835766825786
793.3807912928844,330.89094391121233
4.628619085673298,694.9721251933977
8.738976872838844,704.0560403168507
20.490635516984057,703.9042319742558
4.440520860897479,714.0298066649428
17.732437624211702,711.2568414608503
8.810978387144884,718.3579094879808
21.125099641266488,715.6753695767582
27.206690311827206,715.7605573508083
6.682914495966363,726.3331185510531
15.967375150912096,727.6226555161302
25.22644710680222,726.37625090894
35.447823650305004,725.1693499778655
7.159387291317518,735.9880977995803
22.355222537788897,733.4762299038531
28.668708236587413,736.1212039305817
36.80845367169351,736.6648629075231
6.835635695109087,744.2687234203248
10.828349861494807,743.5168923694804
25.11690030277028,742.6852323606217
32.676580850346454,742.3260120338404
45.75261748408773,741.6030004057033
13.552318197241004,752.9876965688297
20.844996851566282,756.2543294355559
27.819864587152328,751.1718519267395
37.77124712721469,754.2010441885769
49.53231212335334,754.9450869129893
59.69641454253991,755.6252029824659
2.3131862306268665,759.9305947140464
17.743763679046328,763.9775366593838
24.552004372420825,759.6720215063776
34.98465996977965,757.5748727932717
43.28917950293057,766.191807033586
57.247623324798006,762.8084590744422
65.55935804688947,762.4746053392959
8.422086559737204,765.8760487886522
18.15500653758662,768.170131829738
31.351866489555608,768.8761032433727
41.650298190682605,766.5902562112192
50.6802123261684,769.0694287070585
55.5253230763005,768.0835203295559
70.27257528993867,770.4109195789508
76.22286591399347,770.9587935550284
7.079051534635427,780.1762883043489
15.393212802398487,777.2715331015679
25.743521594341285,777.8243418429587
35.125463714574884,776.9012008962068
45.29190087855389,778.4069949491377
54.20543939948104,778.2954253803979
62.88312261615076,778.7664085342296
76.21834802652052,779.3704383206381
83.28906351849743,781.935306918471
11.115025797440914,791.1212951426733
18.021273850321606,787.8466357234073
31.72361304991229,789.9521298713809
39.46998175454764,788.774089003065
52.31755536725916,790.2066386907992
60.15495307287429,789.4366440167134
68.23286458734738,787.1847145957511
80.4669103386876,791.7510746053285
90.63641015176182,786.8561012645657
7.113972480497068,799.9039271440387
13.991498613211759,794.6657124124347
24.074508778080762,797.4935693152378
37.2939368952185,796.0100130682181
43.23845478963226,799.9656015466122
55.13482584663371,793.7923392297303
64.41147560446493,794.8621231548624
75.65517031541606,797.8305850093386
92.08039369673038,792.6549629497258
154.29728527675675,194.26148386997338
165.38120080005842,192.0706435710455
173.98605395083285,194.3838933690094
187.31131572538234,189.24216573299515
198.1405366277531,191.55240131526452
203.67703407952345,189.1283277123306
210.5709935604307,192.02658530793752
222.7292663320864,189.10724797845594
231.62913567094688,188.8341934875022
244.21193030907853,189.4659806900186
252.09601050575273,189.02428441066118
264.2230752703916,191.78174726851952
272.20732541535284,190.18086959256246
284.97213467527206,192.34708740482196
289.774498004016,188.15962667229996
306.832367724782,191.34730633886764
319.12693492092296,189.5566464647777
334.17123089065143,190.92306431140582
123.48878019365874,202.84127220346335
128.88063449191372,200.8108373540788
137.60229203651133,200.28465188609903
150.11508709666404,198.6448927501358
159.5849112336525,199.7213002417872
170.56026456797136,201.27357269686001
182.46084919467273,199.36534844922434
189.20217700741384,199.34215335413094
199.73730446527375,199.42103707050768
209.35439694669907,199.7838968726945
220.08711079388613,198.80649599274153
228.47587298464842,199.79525172448945
235.90390789147972,198.04420004508194
247.74408223242548,200.02282589468268
257.74182261161513,198.81444452637373
267.9521351294804,194.39676035550266
278.08367653930276,197.90206665440854
291.6439106774809,199.49310181240867
302.64725884277453,199.9198918476803
313.60467579284267,200.18469985177794
318.2360418984375,200.85766143629476
328.18264743998253,197.45518877481436
337.7342728246068,197.07533164032287
346.23251934783315,193.66140465313742
360.71364885997764,197.26209704002267
368.2141995931649,198.476326640506
378.3013427063926,201.4076873008774
411.7815699994355,203.47672784980043
82.38006222710429,209.05262669327047
96.85126414759331,206.82353636334403
106.62000270448758,210.54406221168315
119.11906745810104,206.2518838414641
126.55331539454264,208.79719653633455
136.1076452076971,208.7968091953641
144.461048814206,208.7246080297532
157.05458741586907,210.1672315538126
164.22972492281724,204.92359708335496
176.05002723064197,208.11898870813957
186.15743805193966,208.25002004223572
193.3300616699682,205.0954785606421
205.1486348101628,207.6192137713802
212.37685378732027,208.10074022770817
228.91765447576515,209.22728646850015
232.1722986089278,207.77858132416475
247.02879963396424,206.37087714445252
256.37047072906546,209.5995307690471
264.47162786332404,208.48568505289504
273.4625520952938,206.52332109053907
289.1500258048501,208.8251900500617
294.8104638212415,207.80068535843841
304.4746955126718,212.11984426785114
311.0264543068694,205.67645880669596
324.2570059094864,210.98697234847933
334.11853874890056,208.41301605529995
344.5023672240745,208.46364119173282
352.23288503788876,206.6252921237967
363.42289067179496,206.69496107009408
377.69144205233476,208.05690919060982
385.65469439133574,206.7068167549367
397.885011071087,209.51287844403564
406.17465894288557,207.30813286344363
418.46619005646136,208.05768776668313
425.7432812774567,207.66168067972325
433.51680634048154,208.7535998154493
61.671901886864894,217.30801749817934
71.91369377178926,219.44391891817222
81.18753633750023,215.12237390323773
88.413090137544,217.19452424516825
99.17342686824034,214.6608275609194
106.83704761880679,217.03021428835035
118.53409726444077,219.12660816877545
130.6652235574817,213.12647373372891
140.81823858786075,214.13256617884184
150.23951478324858,218.17437886370027
159.59474606087062,217.9222148231933
170.88615092192407,216.4812816166393
184.00492786925875,212.47616438441437
191.25649213767318,216.04852873961056
202.1422783096737,220.48595879239255
210.1872565016314,212.98083351405037
219.01223633783164,216.46098542112955
231.05865553754793,218.66919292139727
242.56365773440112,213.62667649223116
252.69888553128175,214.05289165072696
260.73978406026526,218.09762416524794
268.5353422374696,216.85822841828465
278.5274727522151,217.5805849303803
291.27639007255027,215.08834405411434
302.58502264974953,212.72807238244195
309.1764030569296,214.22347966896234
320.94493896229125,212.97267609616023
329.8989154206976,218.03573826424895
343.7744123743721,217.5531197060653
349.7930919459454,218.23493553023903
362.49402085744623,217.17322255127516
370.9060666351246,215.84290680547187
379.34195213869265,217.0697211007158
387.9773878417039,213.4448654517111
401.9989286258681,217.79359551905594
408.1490956860297,217.0084314184557
422.2098824787979,215.10441389129747
429.56281254477386,213.87122321306447
437.67678804625206,217.71511189749683
449.6253958971494,218.66130668136205
459.05909010935295,219.26269782317016
46.63448815294772,224.13240616690462
52.59067634719865,222.72231139206258
65.20747630742022,225.16806619968358
75.04389661987041,224.12144575843453
81.9566542499618,226.54064948263363
95.2977335218655,227.04272836059562
107.79074363631064,227.5251910434961
113.15759766418553,226.6117169526889
122.81407334105108,225.7945991144673
135.9792028888849,221.18115352384493
143.39614281750207,223.28490044598237
156.51984746175776,228.25871915848188
168.32993977029517,224.0562811068406
174.85449439539343,228.03604779315827
185.61860218567432,225.36247732752454
197.27755008985224,224.4031339064125
203.28562960149682,226.17803702741023
215.6900127180055,222.5242900030926
228.8457542896421,224.2709112641059
234.8580973125132,224.9862881982029
247.2550601361247,230.78925819234325
255.39401366002582,223.8448533798042
267.4124564500367,224.54801333048187
274.16101890247546,222.51478412457936
285.64882060665667,224.86266130164344
299.48795543918834,229.10015668129478
307.1433486227443,226.46287302317447
316.5756854785864,226.994003601073
324.8145635862614,223.254072037952
333.4970678149406,224.98485961293466
346.79896385030526,226.7439737574315
352.95223830649905,222.1999595731902
366.9478672996284,226.62324210522317
375.8886822750768,224.61017085379467
383.8709308828593,224.22559488091585
393.66127038569044,221.5919317670368
404.80929121353694,225.77964020693076
416.0107393064215,226.09505944947847
422.938712219167,225.6081961331268
436.5111368444151,225.62194354341958
445.0561743271352,221.0705366279105
453.4607145157751,223.12391036861067
466.1199827468047,226.3851335935847
474.96771352979,223.15283898143338
486.07708068522015,226.1148506672989
493.1740322195187,224.19745349709356
505.66281849482226,226.2309388663231
31.347550659358365,236.52588309989363
37.943244938615756,232.1270889188744
50.38042395091631,231.38465376201415
61.152460192253976,231.2370487797823
70.71266053889842,233.21605596344764
79.04109505143735,233.8790754890353
89.71084660448878,230.76493227067073
96.94051053644627,230.8260465718221
110.40661272431707,234.55975625902101
119.87513957390853,234.71350289867397
130.15517409345517,233.30416391194902
140.54036853014526,232.86142174885427
152.36406945894896,232.1166802920543
157.06916169865488,238.70684217084434
168.6418314820862,232.41791594140594
181.39000201003083,232.31738517139772
193.5448737361801,231.8859813435541
196.80581047070797,231.42050933240162
208.69532767016307,230.25732528752235
219.77039518969312,233.4901078087343
223.40757647196557,231.53617254702058
240.69837457175382,233.25280335224713
249.47564146285336,232.01169288321046
260.35661721084927,236.61760524694193
266.7848062016606,233.42270395025318
279.30315259837073,231.78965293034923
287.04735328563834,235.87356582065064
301.5161867736586,235.32558809311405
310.3699680175719,232.71887721980713
321.8660496548691,232.5004763546933
328.8950430601478,231.32871440513176
344.08631569553387,234.2849818237333
351.40610816384117,234.68254254750389
358.5385794358011,230.22274261959052
367.7061943759375,234.5581016294031
384.1317666961451,236.50251275212497
393.2203771163458,234.86446782118145
401.85336442219756,234.81293898352132
407.6923952972008,233.3371601668257
419.6205848299271,235.08487705466047
432.26030909035927,232.23902846407233
438.90329908890925,233.51153503358728
449.1434038404568,233.83438828881756
459.6897173131214,235.71634541959028
472.8701016978081,236.40584721383937
482.7723879532887,233.9277108547769
489.5833010539587,234.3148650010796
498.63896729287165,234.42951431743913
512.3004016937703,234.11343596470095
518.6559357677462,235.47700802969032
529.3601712222741,237.7747421508656
12.652425611568152,243.33411214632721
26.033723570996347,242.79912539434008
31.036112470651357,240.76608238495118
45.87031891172353,241.98716834308232
56.64970712901585,244.53175791838663
65.47435052513416,242.4787745175096
76.88062264257906,240.47464853540438
83.71154756739337,240.77236904454298
96.66454165240536,239.87707863161486
105.28510835259479,242.00840276044647
116.0873233016017,243.3340019289751
127.7720669868656,241.53775554346086
133.06662555371798,244.04582395277487
148.18475241067898,243.97820436429842
154.55993063141565,240.3646213341716
161.51271882992677,243.60984664598192
173.64905641895672,241.37616341596643
185.9258946274595,244.70710127965646
196.36407450578636,240.71559037116648
203.3700766250043,244.89971310652052
216.41723139486703,243.6601498702497
225.40852864879253,242.52882112168902
233.52865775178702,243.03892389395682
245.7553729940467,245.37776421834954
250.1475456123145,240.35780836502875
270.79411977170514,245.08761939673087
273.7695376128783,241.90918760928935
286.4206020708466,247.91866528523468
291.7186026971722,244.1088531309731
301.91327863899204,241.2608071018275
315.30471051733224,241.61838072235668
325.96091838809474,241.01279705637998
333.70342643689247,244.87391662637066
342.435014081641,245.2727597923832
356.80128758905767,238.60905613705006
368.3607116972699,241.55556943660235
371.7866885674425,244.49911561786092
384.3145079935018,239.0108731664853
391.8175659382009,240.81429790422965
405.6187008496041,242.64285167684412
414.0321899745287,240.41602146944965
424.2250873390977,244.27044866852438
437.66777456593036,241.5996239233611
444.37346097364,242.28360552071442
453.79377429394043,243.52123454382976
463.31456697649475,242.7108264694835
472.81180531641445,243.24955018274417
484.6892918695561,242.27202230653154
492.643046207537,240.46745479764397
506.24667061134636,242.64324561026382
513.9940007540843,243.10558001187863
523.0199709186641,241.28169166600796
534.6487191031365,246.48784939007703
543.0667291246872,239.8080925872472
556.2543927475034,245.05846558025357
10.861674809776876,254.8384136576789
21.47356607351853,250.97106359987455
24.363542933770525,251.88386802241888
37.18284688920328,250.06358893691788
50.39577609817678,249.85075307883562
60.06318578569821,251.17869389305883
66.57494067346363,251.50026629235694
83.37443352828126,255.16819313558074
88.87570178434753,249.08194871483974
99.52759726088992,249.9319869765343
108.44017597863547,250.47790365026128
122.24244498428354,250.96054820091626
129.5476727094424,248.93246671371384
138.67534590569468,248.8046799403164
149.96082148586723,252.26581144499102
156.66892241097364,252.00286779347437
169.81375718149266,251.60083539292046
176.1037684884601,248.92196600750688
189.0417575057588,252.00656026332004
201.89736409842516,254.35836263092355
207.86181139119483,254.10022257885197
220.7713710468741,252.40585962902446
231.03766305631132,252.32128117542587
239.4427125171799,251.63332576919038
248.44553854635853,249.11273497986127
260.45124444370464,247.28559232390938
269.5104193734376,249.46986818557366
278.4236094094759,248.74911522165624
286.44475832452844,250.93862279208892
299.91847144614366,251.57995229886652
306.975076797275,250.33155062840575
320.1324691958997,252.7179198767897
328.90350336484545,253.10557262111516
338.1825883650801,250.91656564362523
349.31243436682917,248.73496715044467
363.2270630807236,249.3636978960733
369.0366598586655,255.01632235267436
380.8583163740189,248.86440150041443
388.34917477195387,252.536757272959
398.7084435747097,253.92311995644306
405.7804084544852,249.6036075983649
418.29430024361346,251.24894406700687
427.8846147114758,248.69498470008034
438.818281621888,250.06948922634834
446.50970981597084,249.6856237536574
463.87751745576804,249.17365716665984
469.32837179211845,255.26979137751903
481.9564829088099,248.61289649357354
488.8414071516992,251.87383789247014
501.24515034889345,257.2430704422178
510.6892805654027,254.02284370387056
519.9983151285293,254.75616788698284
530.1694328603708,252.11375884335447
539.195955678726,248.3715598985394
549.2230261265861,252.18515647449755
559.5281918187143,247.79506863623033
570.8685550283273,252.729137519374
579.4584684926328,248.6033982366391
11.232388463989516,262.5739092944353
15.803143938151848,256.2660949753721
27.58760817946098,258.8701042646358
35.87032097418264,262.74283670458755
43.8367446287595,260.9833195814713
56.82390915610152,259.75787267083905
66.21486128713957,261.88139074692816
74.7555217039633,262.53751842536866
86.05302442803129,258.41275981909
93.60238032686802,255.0502217038764
102.20765605017904,260.085138501233
114.78877927261208,258.9776921193899
125.82402252680419,260.3624862609316
132.825393192503,259.93313535225604
142.06947455843255,257.52886699465796
155.38754082087567,258.53367071224596
164.2960311976068,256.4548836660067
175.9529691901471,255.4991166786664
188.46359987641708,260.740280220698
190.73518810549092,261.58142749969153
203.21601153597163,264.7139173576703
215.2395930773207,259.45656599407823
223.39025865540003,260.8328015473244
233.10464879680654,258.84466789385453
243.79392206790058,256.545439908655
255.87639493790365,260.74785385307825
264.09240984628286,257.2755225126638
275.89180229779544,261.7751060145306
284.19518993626025,258.49823266622155
294.7626514651623,259.60105577537445
303.37232023396774,259.6313122840649
314.26359601889664,258.64463012659127
325.3715749284505,259.60217686519485
336.2212495461889,257.5771735821313
343.76110491318855,255.87119587753088
356.10891053560755,261.0145782562612
362.8648416286734,257.02307385011284
376.9596473357802,264.16951442166993
386.24622599176223,258.94163672503504
395.8440465339767,258.80468710285703
408.4290253242169,260.40868762502856
416.53143785923055,257.77449105383175
426.8688050499304,261.7829899881094
435.6320159228079,258.340433467407
448.2378131738709,258.9271024130437
454.50666043113876,262.6261355761049
465.31249985880856,258.1663890502011
473.5118810285365,259.9967617578811
481.5162837595931,256.12706848974324
493.6499959943568,257.75562567912
503.83373600402894,259.2699089874759
515.4456587739218,261.31973450190816
523.3192009772614,262.47949588554525
536.8619129619008,257.23596416228406
545.8699966206553,258.3452750154912
554.2952059585904,263.0288334690581
564.8061543363116,260.7772943707352
575.6767406148059,260.1137071112102
584.9396685203482,260.2678021400664
594.5834623822965,259.72674367054634
601.817593120339,257.1873979387322
612.349301029396,260.2063419443805
10.854858803894585,268.98997867749233
20.391794534337425,265.8724343937885
31.20038014309136,270.19038715315077
40.60667393737022,268.3412679232618
51.41349804139613,269.3028343359259
61.450998519163896,269.22166136331043
69.96514190331455,269.34012964185695
79.06676843277582,267.3275674606818
88.20136462464131,268.58411685821693
98.88941042099718,267.77235724173244
108.3252650562128,266.5757799045725
123.32911174162935,268.1881981225818
129.44601573022766,266.89576592098217
140.9054480953533,266.1624608857653
148.24741964062176,268.3183697317382
157.50291690021174,271.23622627433315
173.53842684291277,266.5169851830621
178.34106503468044,271.03997233212164
188.25822951047473,267.7378405142003
199.43800758348192,268.1292601235401
210.23175779017222,269.2599665234075
220.77063699242555,269.6148370568418
230.81400211794903,269.99176448057926
241.43252669929146,270.9025472680808
251.1875522552108,268.02332204517506
260.87352530905713,269.7164663265462
272.83103814131545,265.66708629474175
280.1850163000824,267.6461139461469
290.8462583988873,270.0684980666556
299.7567545669962,264.4853237986819
310.52890436453424,269.16546716466837
320.6013857514243,268.5577688200391
330.54647181913157,271.2389246764463
340.6059676419503,268.9283807497295
349.04215878645266,270.279994402268
358.7609830531317,268.0045722264652
366.28092078791764,269.77958363844
383.1903859765097,270.62668724861527
387.36762243493786,269.5663907854746
398.2181467295607,271.36931065949744
410.44315686309255,271.60407622184016
417.8227838095678,264.90875940412883
429.5372502858992,271.1385136123103
438.59321722558684,268.4717042002907
450.0981623852682,267.9557002436842
464.05237616797655,265.5103766999414
469.70254663779815,273.62217857364254
477.8871179760377,269.2847272351224
489.83869445798143,269.19940486539303
497.6825444768473,272.0636194712501
511.91248583300086,267.89439754155023
519.7992585908156,267.0421322094778
526.2897334125297,268.20404740688815
540.7740915474586,266.8060420592801
550.5788096033303,268.4363501309259
560.3864654904729,268.0566564449903
569.7914959203025,269.0369947056341
578.9714397316133,267.52800899075186
592.3073124192503,266.46663539197027
601.3272081990162,268.5287484462131
613.9403074079123,269.31722185347064
621.005316877537,269.9046424278789
628.8923617151831,268.66075165243274
4.382467450191989,278.54221695204905
13.83552438913852,280.50216771103607
21.530639073406434,280.79022244232266
31.998999634584184,277.55024874907684
47.650592716933154,276.0287004356563
54.15980607472508,280.450230418915
63.75195960589717,279.2932238271995
73.7548784112008,275.9554376046437
82.53336566382006,276.63089763083934
91.9903944026821,278.2061138203384
103.08312644396032,274.37793153899355
114.67807501290974,276.5401043184677
124.13881583142614,277.9720290105473
136.0222187564602,275.1049839191522
143.76891258295004,279.23708917253333
154.39552296289335,277.4559002069996
165.1867257771427,276.33169162782906
170.72039324761826,276.0921755418239
185.2585131723142,275.53935387007414
195.93735563534747,274.3978522904276
206.5045452711402,277.078608006783
215.1134356168527,280.3635778056959
222.78052442781086,275.6167212065867
234.77739082347026,276.51215000079486
246.95918070059557,278.3038998642957
253.46707248997248,277.4396850153325
268.20152267941984,275.4723359266517
274.0375618979954,274.6409564958647
284.318557276738,282.0266887491737
296.0315513693553,280.55857102130494
305.6190391864229,277.2794517970553
314.42947663475604,275.6226710285899
326.9645349369722,277.23242376095874
335.6532076104253,279.95260519813246
345.6870917834227,276.018962913543
352.99370415467536,279.6802283876772
364.26097924309175,275.86675359515
375.1749379586953,277.269910484779
379.75476240810605,274.86186868672286
397.2483776971021,277.3580773077755
406.87038215680883,280.1438321006134
418.83444914610226,276.8828388317634
425.5921286861825,276.8661254516153
435.9293394624051,279.26055296471816
443.22550154449965,277.8780496524544
451.20353968881915,276.71496138696097
460.2305643670742,279.3947271019775
474.35557172901304,272.9037996807138
484.9647862720827,275.38459510794877
494.66633751232297,280.08461366442623
506.43755526936843,278.1133675067911
512.2773998592628,278.1977693017628
523.6889261068756,274.70454950196773
533.7082959513779,274.68082028752343
547.2854898769396,275.64353225148426
552.9069293725607,279.83029989185934
565.6030684096688,278.9907894980551
572.4032989062115,278.1548322023098
581.6000066980748,277.4159369984703
595.9198655309375,277.00609629295207
603.7102211382145,278.5818024446917
615.9453955824505,275.0070802689912
624.3432422026099,277.74404007180283
636.2837940758084,279.49001993717195
641.2508304253643,276.87768006991786
654.4835497377006,276.7325620240747
11.154392053030488,287.4708568528438
17.33125582673315,285.316083784759
27.192591987479016,287.20210248881256
40.18205548568712,284.5538585616259
48.9835834020093,284.4186587718922
61.87973279290691,285.48799285039763
68.26292532627342,285.3866816306892
79.29039662241162,283.70374201050254
89.19682722091565,283.9986361542108
99.77702212780453,286.78716559368996
110.55565377371401,286.79835358653236
120.44659212052136,287.95697640043124
129.3920535591784,286.50561325820706
139.22247596622913,288.8026742845214
150.3293374849814,283.182363938917
159.1570829485449,285.99188758411856
167.12093285497625,283.64875529156257
181.78283827424306,284.8283465885349
190.22725182602338,285.52139817580127
196.5143230487123,286.87775867039903
207.82375240380213,284.9525838296328
220.02109315427344,285.74592337709237
230.0606684647611,287.755845523266
239.8541696274544,283.71317201311103
250.42304055424196,284.47908166316716
260.2322715586214,286.25924701361515
270.82173630964013,284.0673547697538
279.7830799148765,285.394358820095
292.05324666584914,286.252986386455
301.3168928285998,287.05604935366847
307.192163130669,289.0827891782311
317.6838759675313,285.5994073771024
332.6110899686537,287.09584583923174
340.4421829320095,290.06783586980015
349.8045859528702,283.15782883189297
365.4727176799939,288.5837409465372
369.4052268927207,285.1712798699457
380.708661241827,286.6840377147685
392.94901918208495,286.6556532806783
400.45429964573987,284.3423080771783
410.2765474737105,284.04990320599603
421.31915413093225,286.99817270901644
426.04842177223503,285.23535441914686
441.7152715504455,286.6596358577239
451.07365977197696,282.3565333176288
457.6590045667052,288.6272386550445
472.41521982361246,287.8531230783797
478.88344544998023,285.39735768569034
492.2734735978835,284.98628215436327
497.6558502468747,285.36516375106197
514.0336800558895,286.1662256644969
516.8970810517227,282.11059730201805
531.7422498515441,282.2314794804312
539.7258512148924,285.3415576659461
553.068630829499,283.5700609598668
562.2627300560649,283.9509813238512
570.6415399523752,286.7475855395111
578.2899941566915,286.03734284076387
591.2530602321456,285.5456467913678
598.63990451703,285.04252788564645
606.1879037843921,285.53482589019484
622.5365949251086,287.3828298792113
629.8006315147373,283.39956706325773
641.9164227037222,283.4191894197467
648.0224264327585,282.8427478205469
660.8385393873293,286.4136638694295
665.3448825784603,285.7518008066814
677.6909573184953,285.6158478162297
4.741874679403122,291.82222645076644
13.726197936200725,294.7085744453874
27.386223750540562,293.4464009018542
36.915893617274385,296.76631200386737
46.818045507632185,292.9096027091963
55.329692467884875,296.8837498049086
63.535078110980876,292.1804269979739
70.51533279482909,290.7440236820166
85.6839009373891,298.20881980168343
92.75351644311368,294.4694969739543
100.72185693986101,293.28513550749966
117.5846171527385,291.57931678393663
126.62904813954043,289.21139363857037
134.58345114406444,297.0622381767284
145.52476182785102,290.5110181115543
155.2640318531956,294.1894899812688
164.01525287186956,297.05064987647626
175.60788681862837,293.0180124875943
184.00815963231315,293.2697195400627
192.4559298362108,291.0500984690374
208.9324530369892,294.21364678471866
213.4267823174593,291.8334438550511
227.1388701362172,296.6609565379202
235.8610308563057,297.8952222449309
246.65223834092006,295.7173575566813
255.6472434093033,294.36489213745176
267.79703385490353,296.56825373080625
276.92583639566544,292.5243534809656
289.70647047255244,292.8456217085591
297.2627321408941,295.2703505416306
307.858937815192,293.63093569780625
315.8829150078431,291.1442948640596
327.1967914595537,294.239356335036
336.1630778411311,293.8054933945153
344.693261970335,291.23379811689375
350.7232723023855,293.7010679074499
366.6280039545588,294.97183147814616
372.5301117194476,293.4241567768593
384.7161716204099,294.7208071112221
390.5904540523567,293.8659078302899
404.5197473147795,294.1361432412891
418.86081979980344,291.5716087499475
423.5321338476962,289.41667943768425
431.9761179199619,289.9927494201025
444.64883876227213,293.99292302442893
455.2422219435517,288.9492632585845
468.0235378527099,292.41390382663366
474.6908254869677,292.9363426302648
487.1819495065887,292.20113706193985
496.75748595569814,295.9658449788996
505.1370159640058,289.1742666419423
516.0596020780746,294.2804073499175
525.5089563820542,296.24159488407753
533.2541449499364,293.59729637828025
545.4139615454177,291.76614861497876
555.0445324629509,295.5620703850735
566.7951223087925,293.89908058357236
574.6254819666351,294.9947172031383
584.245132155414,291.621100455086
595.9897670060217,297.3110711063144
604.2426954196083,295.6766103928074
612.9832629759447,294.08866585674815
624.3115190955947,292.99100258008025
636.0395371329203,297.17067449900463
644.7873796140068,298.7956529966068
659.6438916554258,296.0392006712789
663.8701496786701,293.3872263554055
678.2515383998864,293.5182197932738
682.1515823927173,292.9441300574425
690.8569618666312,292.20498474719324
7.923938949976755,303.4590926008742
20.68824827229771,307.5320124493373
28.693079746039356,299.81393861655624
38.89906218220873,301.92977999982656
51.57436256753682,301.9038895622498
61.1272670569816,303.0084605906849
70.40853877236545,304.8087820726104
76.5644779762258,303.02872058749756
87.68898059918465,302.1759672848655
99.44585271168286,301.2198159798128
108.8782841860941,302.42424939478127
117.91614620889605,300.46097346134025
129.67493121053062,302.5297459880981
140.276569712533,304.98005694098447
153.48171074020968,306.7194757286914
163.40437351313957,302.5225187586237
171.14917761754182,301.21911240799955
178.04877195895378,303.1713615035488
189.16883958685264,301.8503138252995
199.61010068012348,304.7352674642079
213.60776968647843,301.6690314896109
218.7912224461066,301.24913266963824
227.40118704533268,300.5567113829572
271.1261143158012,299.4768969750111
340.52970314885056,299.8974055983744
361.57638299055736,301.72952998352355
376.7853798898411,301.64894814946206
386.1687317244817,299.2639446665387
400.12503436600196,303.3128476847261
410.57998455393994,300.06300859125054
417.595282979225,306.2743038587524
429.20625503728525,305.1335883703433
441.1625348349993,303.73569923095016
451.11117601136084,305.68613968100374
462.0355438715725,303.62122316238214
467.41325439057607,302.9659599979467
483.6508415867742,300.37580793319347
490.037284838908,301.7347372682558
502.10671382394753,305.53022121948334
510.79915582338276,305.40909494575186
517.1023025257097,300.7160461160271
530.310246310862,304.3298815636191
538.5630041379646,304.1582107646452
552.1491762347307,300.75866356386155
558.6082629689763,304.0539767030711
570.4855196604251,301.5707658196754
581.0973420149338,301.3068121684062
592.6560613479278,302.1457232126638
597.8492125397788,305.5073840122164
606.9693959954631,302.7391123129876
621.2623711813071,302.81159677345033
628.5316652919681,304.6670915381476
642.0142326325697,303.0397504531102
653.9311303301265,297.93007650197256
660.2493488025065,304.4200502462767
665.5662024945204,303.73875601899965
678.7298603584504,303.48277649656967
690.5778312694425,302.5847713696087
701.5211713374,302.585639785245
708.7745487880813,301.7085367348471
4.668901578817591,314.41646208509644
16.007443623437215,308.6699438173851
24.45313511255937,311.9279558937085
35.28189012633691,310.9753990841507
44.910750690453995,311.1982830972834
55.91528430908167,310.4706192136266
64.5352184053094,312.4080960696038
71.65691453141403,310.37021051959266
84.68204690924725,312.84875578332685
94.44582988657756,312.7912013746079
105.75993632890612,310.9297976296867
113.97370612604949,312.4522619657663
131.83892876767416,311.50779539158725
134.00901981321755,313.01856933048356
140.22831873615976,310.01011756637234
155.87002685284435,311.36318883444216
164.44928304854108,312.4970796392195
174.43425873546317,314.11829971531915
188.51811714685937,314.49593618117996
201.25621372639844,308.2428449615147
428.21084503676866,310.81587537957046
435.5633532162082,311.75769289427836
446.6345509341247,311.80365277589925
455.8008917875753,313.60526567929895
460.9816076918534,313.3474504246858
471.35321524153454,311.494614739004
486.93888119318524,313.01165079185677
493.7358524275978,312.6804768960574
504.8995668944544,311.4847843470607
514.9750318322793,312.50994265693265
526.9743176619227,309.7143699901606
536.801154355077,312.2078929876109
543.7111726495882,313.3119227634304
557.2162414448372,310.23888713331206
564.4086704266958,311.41401209250864
576.0934921413968,311.6712667254771
584.3978595690548,313.175010112365
594.0836537017522,314.0561050055472
603.4688247272852,309.0699499527858
612.2539578492698,311.8094446404642
626.0915289142861,308.03881000997893
633.7484645497026,311.86602912207474
648.0770925136435,311.34594884906534
654.6449661087883,311.776569545606
666.7589108447502,311.1827799841038
676.7507206779376,311.93890108425063
683.2371524191464,309.569700507633
692.6144646082897,314.1769666281897
704.0854021632651,315.21789302219076
713.8481435236974,310.50110853124835
725.150458077438,309.1692686550032
734.3494101448218,311.5208353080824
8.795495999987141,321.6318786037636
23.318728823882836,322.4631459936958
28.476644063815662,318.1013831302268
39.622606126526726,320.4769918525721
53.66036594400687,319.85989442000647
63.13102394811863,323.9599115762216
70.3524595861503,315.6859210378435
79.16279499396822,318.7486930381929
87.44057257363573,325.99973670684125
99.66515359589381,322.36129977968125
109.97593802485021,323.3210328575895
120.39911596417464,317.4458989107257
133.6167143857027,318.78869215660444
138.49914868881967,320.40180985541826
149.14006663282626,319.52283660100244
158.95669367072108,321.47656176050964
170.1997296517934,319.0910963648386
473.217808776739,316.81573753830077
483.37263125359215,317.03761689934004
488.7848899986214,319.5330351752291
498.51018605038263,318.4746159794398
510.52280130553356,321.0399337440098
519.0795770159739,319.01575083728784
529.3517950547929,320.6605590819138
540.253967949418,320.5189584315844
550.276086646296,319.9670622741057
559.3668778992967,318.11127646922915
572.1715172757322,321.13125985571776
580.7541040019915,317.40877247671574
590.248824214838,319.0320157677311
601.6778969227621,320.7387762228914
604.130987579355,321.48491587006623
619.2702631315115,319.12287338307453
632.8516221840821,320.62748745495793
641.1698991836458,319.815175082464
648.4720853931467,317.6931490001764
659.9556395835442,319.62883941156576
670.1757005533973,317.21319097382934
679.8815921389316,322.02281301458845
689.8209925236592,320.90705251404637
700.3494067511361,321.65238121513335
710.568822798447,318.37149461428635
718.7065552402267,320.8151733709401
729.7207622791415,318.80130506175936
736.6048078060218,316.68246383771674
751.7725797073691,318.4744389925094
7.390255134817339,328.0060293663808
11.548654178138591,329.5514067210695
23.563717154710407,330.44900341609014
36.76135296152592,329.93850361835666
44.33102400823444,330.0236302950885
53.26070419477865,326.86644610981017
63.31992037497497,328.78885263942277
74.787702838036,329.9429106160631
83.48432184833838,333.0633623071336
94.43711373322992,326.1419650728593
107.39175975894626,326.2611402066438
111.4447214379939,330.58435916740507
125.80035843274626,330.10544586193316
135.31745370685857,330.2466424869777
145.1228781177254,328.3398602042087
151.06694704557103,325.8312892546263
503.83513624948404,325.9894925327769
515.0830706586105,329.421250387382
521.3869546314758,329.6984013542547
533.9427836478915,328.6664828858298
545.4394336050664,331.54917266871803
557.8376812996179,329.1801690925125
565.1906292096231,327.5161404132037
575.8604125657859,329.34200261123897
585.2410769750713,332.81024694266915
595.0338101848552,330.92129785655106
607.6555264524206,328.25763332033995
614.6489656873231,326.85021361581926
620.8512541915416,327.5787997525037
635.015108020493,326.8509193409096
645.8859071903066,330.04257842954394
653.6109237026136,329.5174309885588
667.1316127851516,330.1757016792836
673.7431509678437,331.990987708591
685.2967332410145,330.6293779029535
698.6044702053183,325.7641191060139
706.0265512634078,326.20874983843817
717.8461493262648,332.44830044472127
726.3748540040118,328.48116315215117
732.7470736656536,329.3490351829675
741.8683040252508,332.99016964156266
753.332933814379,326.0269645011289
764.9046463556484,333.62873700541087
777.6543986435782,331.88556069822863
12.418087342290507,338.1819200676337
19.414346480955324,336.24571602596757
30.10840965229661,337.9562157196871
40.8362511797978,338.0019343716385
51.06315897410347,338.1243501331473
60.37118965144585,338.8707275424992
69.43391060411183,339.70709781799064
80.06277357529244,337.0329619482786
89.06803261802493,337.7638663608955
104.68232543305724,341.698190893579
110.0899829126996,339.29872168054726
116.97211766724432,337.65118072027
129.5791367986066,337.97843170591864
539.9697604188256,337.98086744161145
549.4683409011194,334.2955128245716
557.7577606221759,337.89084394325454
570.7209013138171,341.06244674408015
583.6247022331123,333.1686739353751
590.1497577570085,339.48277499240896
602.2876643856334,337.7740095445164
610.7384781937074,337.9374364648774
620.8972954095777,336.54514303455755
631.1947002899526,341.0581874755195
637.7507312310775,338.1392543937431
654.0879815180472,336.6725461037388
659.1298080480248,336.86240475219387
670.1593771285472,341.5647674904861
676.913077609131,335.5108460567055
689.6057935693735,335.8239277861468
698.0877366772083,337.5395569511416
707.7669503976646,337.36261506977775
718.783868321181,338.37710594012447
729.4081867785535,337.69015789654446
736.2907384353181,339.09799744569705
750.5699600159237,338.9001722603115
756.7957632520549,336.09759269071515
769.6854929066892,340.9889549635044
777.158654400492,339.47099382883414
7.034413589614889,346.53174021720076
16.979441753703245,346.815065645299
24.88556190499512,348.2040760830559
36.710348579806734,347.0557843082262
42.962929819322724,345.2731691478917
58.352480361109414,347.0063970026351
67.73536715928543,347.3984839648397
75.78508655014177,345.93910603248634
87.63797082116491,344.31497886836434
94.42766066170682,346.0894645720802
104.09564533368003,347.4640572886328
115.16961962066684,344.0942892200742
576.3776232922487,346.19596523847036
587.247681765343,344.6062812141285
595.3776560554852,345.6007420941868
606.3247193806337,345.5429676279219
612.752760905303,347.3247462252433
626.5277615934667,343.9758768354866
635.4008021227086,348.59611250901236
644.4776381797698,349.55429833913195
656.495637117492,343.2932853618417
665.0724963939515,349.20781513544114
677.959361781857,343.3649969336711
683.673978092125,347.76398037950923
695.0996722205385,349.1921669938857
709.5755280635011,347.9730696865006
716.0597072221947,343.25377301582796
726.0203589737993,346.3577066122121
735.7874623508977,348.9269233720424
744.8210027681858,344.7568740239349
755.6692401096284,347.5096246606836
764.760038841448,343.95303800108223
776.5032592545738,344.0244018383523
786.5337089303747,347.65740752719927
794.9316876780613,343.97504335901033
8.178306813490705,354.88323220216495
24.624854141850246,354.96653363801346
29.57550993638371,354.3932650811378
39.85876443786454,352.3508985248197
52.155607014322534,358.31469697066234
60.31039220065933,358.37026415284134
69.34709581043668,354.0301658943465
81.05682740933133,356.47362460999983
90.61772121386713,353.9919293489121
97.34771321884119,354.5627551290592
108.75466490683947,355.9369208744267
581.5259538605899,352.2435309094215
593.1688517576326,352.8449796028321
601.0691368549302,351.67637145567386
612.325555047443,354.19325433003314
620.3023567891086,355.36741430619526
631.3169391919532,356.88869058446636
638.9649545298176,348.8805078953912
647.9486403132136,356.890682241231
660.7754596720239,356.29053537249064
671.3778675481469,358.96128491175676
676.6977531348406,355.16534693899126
689.7218174840953,356.1836920535821
700.3088512087564,354.7756484255308
710.4696942748014,355.57084731188297
716.4068251759968,355.5409686467402
729.686766620093,350.95630410599074
740.7837076019455,357.21108710138174
746.7596656471628,352.7746696273527
757.4507145043856,356.3509739255783
768.265903570457,356.88275331611504
781.1583278097328,356.95807529920813
789.7362105582794,354.4174775393849
15.388292887034183,361.46095288884254
26.206702780091774,360.8471606800415
33.45559198904595,365.4240080511336
47.22746908270235,362.2811358537927
56.29907926663036,364.81135544315595
68.46833301355963,363.5545286548487
74.98403587252244,362.7494285710706
86.29309502897071,369.0481376720086
96.1432257245044,362.1395103753245
616.6090508303646,362.1934818465499
626.928266588308,361.51315937757323
637.0930076463507,362.67388657164616
644.8908272075104,363.2142144456592
654.0624534094012,364.66094101003705
661.635175784511,363.05122983416095
673.8721422004697,358.90041882783186
683.7949387212632,364.45393741296095
694.1685310429258,363.67760821366517
704.9623921902886,365.2820630790328
713.4168029307599,364.1069369753815
726.7184540814784,361.4944649713131
735.4093095308612,357.3110126785502
745.9717451676893,366.23490610018166
753.2504355425209,362.3277852975889
765.7272189162051,362.13181181580757
776.3852239631334,365.6734661036051
789.1095768726449,364.8270506320301
10.80797972252995,374.81862594410035
17.077127747373797,371.9707548348203
31.450515338772554,371.5998289588237
38.88652957081541,372.60869966876305
51.78439213177163,370.760273644357
61.37088916304714,373.6740983670142
68.37136690960169,373.06597185237274
81.2855722123964,373.3853065551699
86.348825734223,369.82753504027255
641.6123921524021,372.23540497761104
652.4636063230283,371.56667807253353
658.1865183240473,371.79587399377374
671.3680532563461,372.6495179663501
678.5143451765305,369.5285825261428
691.2593629536103,375.3686511380542
697.6217940075328,370.9531572248446
711.1669383866121,374.1596311792657
719.5851343223559,371.0510175413921
730.5485382883894,369.49007116802653
739.1790239766873,371.05626935577357
751.1575420794175,372.85280831969493
760.6362087332012,373.04270466643584
769.1759212373818,371.32538675842994
778.5598985986588,370.7364126691806
790.812565821954,373.5594508994157
2.557940062178129,378.98870263345935
14.862461528322857,380.41339986778416
25.132823072894194,380.1940634741676
35.301562967693314,377.15962052522775
45.02276988141135,379.04694170099407
57.259729389966054,375.183183973339
66.45268201630616,379.60965984867397
76.95762347181194,383.30333401113745
85.49690709356601,382.16087732770404
665.8845850514896,378.7127804287607
675.9895908384615,379.16494152564275
683.665840321149,380.9349388211662
695.790563982528,381.83499629850655
703.0880148522649,379.7111440546302
716.2272840174829,382.2579896724691
725.4386421181257,380.49602448491396
734.633614064756,380.1883179921246
742.3345735336203,378.6557307216124
752.1300579649051,382.58592586921435
764.4096619833841,381.41429975569264
772.4508766707048,380.4272186072688
785.3862914119646,380.529872619659
794.1807046538207,384.35339181563825
11.030214556428554,389.5997431218629
21.16403618932878,388.69618791818186
31.131313710857643,389.1112300361845
39.12185289357073,391.5767433186589
49.80111960152069,394.4277836807882
60.99761653543336,385.8301230107565
69.26267820661992,386.56468278444083
79.54641140761356,391.8290002747465
683.8400224042124,388.93202007588025
691.8388582770332,390.2967109292295
697.7195141376833,392.58247159188517
708.606139795182,386.9545483675474
719.9874073175472,390.21408353437624
729.1519561164079,391.36471599029113
742.3792600097188,389.79145496994323
750.8966273696276,390.7706042680172
760.9828052516685,390.3872494834992
766.2629598077903,390.8576619820245
778.3021487178172,386.30119688425475
791.6342496614212,390.6382045703261
5.247320361292038,398.41813287361913
12.495878335337249,395.5523280047509
24.36550396318757,400.40697025169635
36.27128576163752,402.93920951463355
43.787284558140094,400.4538157899868
56.374758568731515,399.51766712881124
69.77723274374955,395.2432189854907
73.53072355119676,400.6811633125633
697.4353564664564,396.760170006728
706.2756611621095,398.26782573444996
709.7783434865806,398.6657528464367
722.1642231118665,399.12087137410606
733.9213976184166,394.68694867203396
743.6395058368516,401.0795706679946
753.7940444745864,399.4083907540848
765.1496827752667,394.8835629106399
777.3899612079048,394.0543421883397
789.2474019988866,395.52156675832606
795.7153808365765,401.5427710092485
5.572644040897631,405.9200977918985
21.215181254476473,405.80351170578257
31.560681908466332,408.24547267477874
39.6282069841896,411.01942684890554
48.79241958609175,408.0009214441657
61.801383567517114,406.300070097088
65.21826437382792,408.67660617047216
721.9342909723639,408.4531765735923
727.0797247041596,405.54380277382205
742.4610047132833,405.7734431644589
747.5673737231573,404.9685850243665
763.2241418615595,406.83353703040854
773.479127309722,407.18700886213685
780.7989769270478,405.9596446779272
791.2305881544488,407.37350775479234
7.064733336975378,415.221899171287
17.087807108227512,413.68802688138294
22.394267605044657,414.60709538066027
37.93474100703067,412.48750139740594
49.72244676711427,414.34787063089044
53.56181787845614,416.9687752373476
63.16939639258429,415.8290785619239
742.317735115466,415.50720238927335
756.3231877824013,414.45645911332394
764.0287755018097,416.41829668620363
774.9713933897729,416.67875950418977
787.5331430124564,416.8349450264249
796.7561907809431,418.11343706754394
8.639235502089598,423.92194687569923
19.516231842689688,424.316919515339
33.76592033238137,425.8117028251302
40.23257281225262,424.1464156666523
49.0310881837912,423.31613495163333
58.95567375011689,430.4589822813972
760.4875184944286,422.39195588788135
770.2558444163376,425.3360035856278
778.4666483537694,424.0711069083843
788.5060099105823,424.42046765092124
2.9790373174493947,430.47433866132945
16.41903337973167,435.63526277200026
24.08264871693894,431.5567627417411
33.46523133230229,433.0193734116112
46.213804961177196,435.8931804417585
56.155710245223254,432.6194048007742
774.5507123459205,433.96282707665256
788.2652882519118,432.4058210603901
794.5528440500774,428.6035746260556
12.387190973623662,442.28506196923394
16.620533404722543,443.4738919589737
27.742814163201515,439.5024862609043
40.90117084571277,442.3695466884216
50.04442595843749,445.9280331885166
6.711680645503704,449.8926829602296
18.007026829443497,452.9264971710743
27.956417437217823,448.9654338201096
35.82626957916256,449.86940545808477
45.26017272312493,450.78374206435967
53.04276721752241,450.5798053760052
10.950244708262495,460.8292168551637
24.419224608443404,458.7121717171136
29.129316459333733,457.5699347898267
42.799200722925754,460.79070426217646
48.67659029728174,458.3304716244304
6.494214592620101,465.8122508208047
15.675532751881043,466.22301905899104
22.96672370334673,466.82838931472463
35.63002854721602,469.1280928569072
43.838487029176434,463.9523125495708
55.6450242044123,466.5648124078452
11.087210048477097,472.7898734792216
21.983793320668713,476.3072906743729
30.28092597624843,475.0711882632466
38.212539757947376,474.21824323180795
47.25537352307336,476.99207159065406
7.155015438390519,487.7495981574986
11.42733157171911,483.0805651770995
28.226921500364796,482.08535269985845
32.527588778657645,485.4921823576518
45.21456168350767,485.5539652511782
54.08185900224957,487.19725402670116
9.479068293970244,493.5486138522735
18.922159270069344,498.7151713252145
29.083655566193947,491.39235355898626
40.66166122069988,494.9817213727884
49.865240474431104,493.2812588351337
4.748484323676034,499.1606265380865
13.912150837021548,502.44584701562746
28.56322150810678,500.45945579573146
34.223562396796794,497.336504832421
42.93674231766792,501.20616812674024
53.38704521751335,504.2244328167625
7.8851797534119665,513.8111788507762
22.40912127311977,511.63585514899415
30.915161175022124,512.6462218303158
41.326439220281294,510.78934818683933
52.84321120594204,511.5626921959284
5.225218098677983,518.5214335168712
23.31727205805789,518.72202378667
23.851188284328586,520.8488298862233
35.40779365609485,519.502969748581
42.13920450473455,521.7914286270636
53.25834318571881,519.4465533330263
8.91215832242677,527.8318768266762
17.579565119137783,529.7015795954238
30.701292317850868,526.3520629115623
37.11611696636239,530.3932997476347
47.40727566290222,530.2654647066895
7.2159968712576665,534.9394539162644
13.864356705617846,537.3973507468334
24.76000704410814,533.8912290096087
35.07364773687466,534.7779471531776
44.5886030043576,539.9883879688457
54.28642397121351,534.8997009137661
9.161003292984528,543.9317730766977
23.75511155228205,546.1836182122864
30.831590404594106,546.379718022069
40.14605795710436,546.2043181456686
51.368058199330136,544.4378739811076
58.633755301975064,542.6198018039552
6.337559405057943,557.5136676655511
19.167341909654155,554.6496503060941
21.23155893506085,555.692244260155
34.312650957563086,553.1383685614729
47.16604142519164,555.0178719813331
53.28183697320263,552.9745609076077
62.19955980065212,555.9167319860728
15.79657733395784,558.5164903842896
21.00058768771944,562.405124166735
28.909412298172242,563.9577580827464
41.985838151623255,562.4832143035787
50.70519914391877,564.8096436117897
57.77883574937282,562.0596718767464
3.9057776539946087,568.0074358558833
14.099295743661385,574.4864799604869
22.43959731423082,567.2473246298715
30.667114586226855,571.5809771412452
42.936982266017864,571.1047747905671
53.323083744754214,571.1374021146636
66.74139115926282,575.8246019011883
15.059270830732544,578.5876766299327
19.06542292773071,581.6361912412109
30.45140213909317,577.5776570158264
38.4631717030977,582.6509521638545
49.68208563764497,579.590309102175
56.221650098698895,581.7111358688005
70.71520632117351,583.1888563351939
4.488453758586442,587.925184803397
13.419293359923842,585.9089101534095
26.6689561142106,587.3946270749555
34.68556722514032,591.2658392830535
42.82108310170073,588.4574097521362
55.89325259722562,589.3076104310712
66.89053304302652,591.0117053212728
76.72153539686715,590.4610423725084
11.84550369668186,597.1535443158558
16.756493651032237,601.5394450491658
31.26617650403661,598.3406940482092
39.51594071501286,596.3699092978447
51.81391717233045,597.7978046380451
59.47664487530503,597.7824154342758
68.2899244902107,594.1262794841203
80.28721080616438,596.1054284963383
6.032298079728429,606.507781262737
14.432750266827561,605.9584383329735
27.4934178471462,605.5303734790981
36.521488470508906,606.7380604614794
44.72947925521437,604.4036839908549
54.698244018110636,610.1860150142127
64.74401237282304,606.2537913578908
77.42260233891506,607.5119334287486
5.697713070358652,612.5197046843538
22.406942634984585,612.3645255873505
28.146168621289192,613.6833096883395
41.220702814436024,611.9255985863964
51.07692967542636,620.4029840691518
59.37131585762513,614.0527489986935
70.21276600550488,615.2764337293272
76.81514897126974,613.0710222433505
86.75206068647857,607.4287353614071
4.624925253906294,618.4999691759392
15.133617312595481,621.1769752499197
25.4996446365817,624.3002970073053
36.46957070027031,626.4011714314523
48.28033041507376,623.9380907103154
54.729880261072694,622.595700560081
67.93285233141239,625.0652633260243
70.95361506768975,621.2087920556352
83.97228771230074,623.7143306814382
95.70017061429304,625.8041862885912
8.947336314210402,631.4461266340846
19.366563257542943,632.265885657148
33.495211011121455,631.0515286621993
38.273218382546304,631.9107732277093
49.92931371653584,629.4981997884639
62.41171992376616,633.7907641853116
67.62010442212947,631.7808011568503
79.72034295773501,632.8521568114948
94.13855791097188,635.5288422626179
100.35421162600167,632.8325725404272
3.192118267028876,640.397663858893
18.050048177647227,642.5609799821657
25.13815143903313,642.2793276663455
36.37948875518972,640.1709206088198
42.76666061575973,639.9053301349836
56.046198902749275,642.4893019579029
68.04811051313386,640.2461849128271
75.27480373555804,640.9744560392488
82.92047217271183,636.5006635857555
93.59671347831792,642.6797327766326
102.77372680768563,641.7718882467201
7.987898394188187,648.0970341958514
19.011473048068595,646.2029185071002
30.448934508022845,647.4176951739458
38.881257787937614,648.2428750139442
49.738258223433085,649.3077822869392
58.18002638776365,651.6114737988373
70.46645490539206,652.0249191830364
79.06383132658645,648.8526530641358
93.77527377566528,656.825246421416
101.05494772313241,652.903142906817
111.19267231008247,650.3331955699451
8.563770528908597,657.5441252849953
15.68246861408943,656.95121907423
25.32456873328464,658.1978696403166
36.62662053399034,658.9687694576105
47.614516301696405,659.3608010477391
57.247057211412546,655.9621016958877
66.22554725645176,660.4048615132707
76.02719056411193,661.6615782552506
82.9847517413396,658.1549766741132
95.28795326509076,659.3829209555985
104.47790663021519,658.5081321112045
112.99005321200723,655.6917812354187
8.582997747451959,663.2102122763122
21.65726331398406,666.5875689589471
29.92364442860322,664.2483462873579
37.075359346818345,668.3488879713547
47.62136374238889,665.8939215774622
59.44785588631658,665.6303894676432
69.16240962258306,665.6447472918418
79.21877265189734,667.302231053108
91.12849983532954,664.3127844862233
96.87122481339462,663.9740717769598
107.40541332198897,665.9463089412446
119.19912798263915,666.3389536407121
12.465159148660506,671.6780957290378
24.94687015647626,673.0911126963252
34.76584236140715,675.824585590392
46.145634522444276,672.8857166268843
55.75300152329934,676.8665744045044
64.82121413838527,679.0153174310994
74.32241035053063,676.0190932331715
83.9758364358153,676.0949793214592
95.79432470954978,675.8635528743227
102.71299767700546,672.3842210333377
116.30875768242093,673.2817057241607
124.80178320970305,674.7521251905991
11.236609209011867,681.0779484993953
16.91581813410977,682.0481077129634
34.28028812156825,688.4650019177549
38.915037527028204,683.449313344417
50.80735448441215,685.516314984277
57.87188096634106,686.555226280639
70.68196101654421,681.2082804016942
74.43310952044983,683.4449286164588
90.5579881598261,684.0485437580827
100.77640964567136,682.4888177355607
107.80977204215685,682.7460851289729
123.90004073975,683.8600322316552
131.15221659510541,681.8095081404317
17.454850284522784,693.0744819669055
25.129484474879806,694.101172114902
35.21593709809134,692.8638886788132
46.317387221388834,695.2039502161817
55.679204677295296,692.8481553987044
65.719603116218,694.5199163408332
73.55777332788648,694.6479488783534
83.44379574843197,690.1349482813708
95.00294315400252,696.842164389794
102.9762190617117,694.8007710830285
118.51819215932927,692.7038425328875
123.42440172592504,693.0105830188844
133.70443177718403,690.2305862121215
19.85405656415422,700.5758318239749
29.75204638967503,702.38572287639
38.62971979210191,704.3544755256498
49.023058565810736,696.6789440249509
58.933045171825285,700.0798550680397
71.63774225440403,701.840355523429
84.48382967307114,703.3905147106028
90.9658884741838,701.1312836249637
98.0415134146266,699.1818802595749
110.50122153275339,701.1877028651404
123.44030934595094,698.5438477372466
128.25745900243643,699.6108731167353
137.85926868821102,701.0223720581113
150.13269282421783,702.1943379320074
35.88566108322498,711.8357942144983
41.02978272913198,711.5065459914226
56.44086500263417,711.7836931010083
64.82148915354654,709.440456009179
72.95245027590863,709.6753036727339
84.86384186998696,712.0862909567934
95.5535122397881,708.1916527845259
107.4744507038724,710.6345813805443
116.21545042740063,712.6033794422483
123.27953335425784,713.5298112283026
133.53197872223168,715.4279708139214
150.5652824166257,710.0420622724956
154.31226860411434,712.7153760115814
32.35519910106449,717.5708533861624
39.40191589339342,716.1901234229966
47.86011396930108,718.8514081421258
59.61958938865821,718.0632971754436
68.05943077938524,721.5836833296778
78.21373548768376,716.5456146889301
88.79633182987389,719.2192605571167
102.10451255046215,719.3457680512593
108.27285688565085,721.2956511565693
119.91877812438443,717.5615435640549
128.35438656796214,719.7721777739914
140.74450014713824,720.4657050544365
154.2819982457063,716.6500854517168
159.35196029846358,719.261756233778
55.591337096135675,728.7146581211545
62.532086725085236,728.6956827865321
74.43293812583602,725.2562954571547
83.07355996403653,729.0762036262394
96.01736561102311,726.2263056445288
104.35981394960861,728.3949910465208
115.5691314807758,724.6163791049901
126.74887799651141,727.0648580211736
137.82769494173442,726.5194976709001
144.04058252187414,727.9957684680951
155.0462949967787,730.7023251756868
165.12734241743996,731.4503591493368
172.09569905431817,727.868711697505
52.160205627148606,737.486906078216
65.39110276714358,736.1412139578244
71.08845631672388,735.9610196389483
82.11579317274963,736.5781487136438
87.58389324667488,735.6780263192557
98.8506120693423,735.9017217730614
111.84869661805033,737.9522781017831
121.17906202070648,733.0948212633593
131.64945859484556,733.3045433436102
138.86445960654933,735.5726397954612
151.62667852481968,732.6298002196738
161.81994317033326,734.5701965059241
170.7526854298351,736.7444962675999
57.30371852067375,746.4685886759584
66.64411062272383,741.3077544556494
76.01280592316527,743.9963879748477
86.01348751790908,746.6227566948534
96.28171889153906,745.7346372961217
103.52114778053496,744.5448187684849
113.69346678558556,741.9318770799705
124.86443282256688,742.9928570516089
134.1494801858734,746.6417621703225
147.02457411806475,748.6670644272938
154.89319680082443,745.7203567468845
165.75249729111115,748.2321983809712
177.72014915761153,743.5319336868489
182.8054112399104,744.446131075723
69.72327391014856,755.0214645770662
81.27930896500652,751.8251045610723
87.72744492165398,750.7029328674055
103.44701357656535,754.5373051251182
109.93001426170366,752.8636566515686
121.67134196461828,754.6682466310551
131.3813410134365,752.7241967951576
138.76144522569592,751.1831840042629
147.39942358966235,752.7629161884417
160.8571263878171,751.965043286823
170.5158591942641,753.4185808161792
181.07971618122184,752.561547705164
191.39296748238462,751.4791800260236
72.477632538776,761.7037836689252
83.13883777791852,762.0290546035792
94.34396447182507,762.0990973898868
107.72209581175318,761.6572259515561
113.20055293865865,762.9344550804311
124.64746633662614,763.687429771073
134.19089765439352,761.9373107059874
145.21801152413755,761.730335932248
155.73126276610205,760.1427392314343
166.38156802706902,761.5513300000547
174.3698035330954,765.0787895152934
188.08668889261614,761.7169629101066
193.98550394519285,758.4492603108176
87.52054395388033,769.2863300573206
99.49189990718585,775.617465636125
109.63505553498017,771.2162560110023
121.56986900786879,774.0278950820314
129.87628162533468,769.9099384879032
141.68754943310046,771.7178721843296
150.2272952589378,766.9826975652604
161.52212710134017,770.9019267059499
167.93277461697394,773.7034223962465
176.97535436098244,766.2718883568318
187.65090486107135,769.9085180614942
197.92989845762796,769.1611819801568
212.52358108215805,771.9949019312827
94.68699341353691,780.3426318838567
105.13848477464066,779.610830151381
116.88615278266782,778.8963002599597
124.76177429680813,780.4366921376364
138.16520287433798,777.2242795920952
147.61507567327033,778.2067051877023
157.58377727719133,778.2189229334573
166.19448409033305,779.0544987467008
171.19595613974556,780.8050899189242
184.65548163044312,781.1385215549578
193.5213264351347,778.7036146091368
204.0658972796149,779.3028145696738
215.4454001044652,778.9206783511642
100.10202365864191,791.469263458456
110.96840796291674,789.3697011262714
117.78436966791038,789.1688815610187
131.80574158652283,790.3157518181482
138.15467600121866,784.9448453959291
149.72009234189147,788.298743838295
160.0836516410972,785.8358197759839
172.72190858261436,787.5804110180543
183.98656845606254,789.6324178682914
186.42828981968825,791.5777568962012
203.60758078498847,789.2776617502017
207.46601379900477,787.4398683607524
215.57391701642,793.0088175066969
107.2530039194669,796.1783704606252
115.48306820393269,792.9209246370322
125.2649826301147,796.0064820326202
133.85424517384405,796.1883252135189
145.14384413972107,793.3190186171797
155.47318903263556,797.8509829696228
168.2798479468767,795.260532961753
178.27141351854752,795.7791283132217
182.8864405632106,796.0691201919363
198.0121842434051,795.0058183397197
203.49681979952842,797.5416722511851
213.85203878572025,794.1810804057902
230.5115842305622,796.2992255696075
236.36271922844622,799.3451269942769
244.3634649161364,797.5087249914161
271.34155821513997,301.60157346352617
284.1733044958684,305.31019141902004
292.79528439474905,301.6183827691341
298.36733911312837,303.5497330288987
310.0908259578225,305.3659778848738
318.3368688104532,302.2913566992272
329.0514834754843,304.00363955530145
353.419943891043,302.7742124128325
358.10261777614727,304.97205027119736
369.34899795142553,304.84232402188854
197.75953424133903,314.7987203179218
214.08621313913912,311.7281565822295
222.60082662860927,314.18276001655863
236.6293852296557,310.6821128103098
244.2368311382125,311.7749792986275
257.08832594765124,309.8446401705186
261.417364958075,309.59726499595695
274.4100345225252,312.53639248931745
283.9155648319351,311.97272586603395
293.4755184328896,309.1088568374288
304.4495949786743,312.09920629274046
317.3289644497248,310.21277392527713
321.96008168052197,309.1754504090998
336.7715718071356,313.20911308008
344.3039603282427,309.39103719254825
355.1767869491523,315.11979399421773
364.302155157482,315.0982083815795
379.83331409657404,317.2733841027766
386.7327328182517,315.4414512937941
394.64352665841386,309.98690933904305
404.36694270347414,312.61315196650065
413.26535249196604,309.544198687359
427.446643258152,312.39259602444554
188.75386044532286,317.0170366349838
198.22121259507327,321.11466708203454
206.2541885910608,321.1541264620187
219.8917722508945,320.55239808230056
231.08357730068212,320.88453387617864
240.83609931751678,319.9019896526729
249.62795348871458,321.86999092025326
263.2441617517617,325.46965763285465
267.63445960549996,316.1149693788034
279.22536384451126,320.2179157172107
290.03442335832904,323.2750704936301
299.49807634373406,320.6669667063757
308.2154505261462,321.5818428097099
319.88332954788154,322.385257197107
331.37055575861285,324.99166344165445
341.9699668997044,322.76399063259805
351.8047270055412,323.23614504576034
358.5230692732448,317.64972509379584
368.78200259202157,318.12432336053706
379.23067177550104,318.39492033957333
389.15892770948443,319.55215147135976
402.6370457548938,317.57945609019157
413.05980845408345,318.73124467272106
421.8397464745315,320.1091858543995
430.6151742018681,320.63084808141
438.02870519440495,320.85869758959967
450.1442081847674,320.25475437012966
458.7943310636422,320.460791526011
468.40628360634963,322.2858951856756
165.5606345174742,332.35456664033086
176.03373097390744,326.7265631511995
183.9099890839656,328.5903731013754
198.5086889724887,327.698120576318
206.50821680870786,333.1181370024103
219.81093593277888,326.9550537573704
224.63143839381178,330.1955752865085
237.88209960241485,331.01489025157673
241.6082138139197,329.9101014068199
258.36121476996516,333.20983331587917
266.07932285002727,330.4270652307274
274.0622977978397,330.8057040824888
281.71013335823466,329.58915354287063
296.45619789414553,330.4148785141024
310.5883685065806,331.4469006129377
314.964588223748,330.2153934640008
325.54780373464877,327.7395217980043
335.85552014805364,327.02665616226614
342.41077904038633,329.344943467937
357.43392611693326,330.098342766058
365.1862752508814,329.7966868838106
375.6453215206455,328.3267331794228
384.02718677832706,326.5132828066599
395.89195892530427,330.8029331221358
401.64379939171624,329.9108167515042
414.3128774064333,328.57072911589177
424.3969146075749,329.29638507527375
434.4173952463336,330.213227673353
442.88455216803953,330.14613858159106
456.25642383759293,327.81183747442583
463.016529973983,330.43467686773823
476.39285577682875,328.9717524185995
484.7174457734319,326.34832995810694
495.3414578598339,331.8178257860995
506.12887616218933,329.83768454739834
134.1638650718881,340.07679446736614
140.4078083179501,337.39677504163143
152.33519886707055,340.0536801224532
160.81977509295382,337.1684691492903
172.1803815826151,337.56913616469456
177.96495172427947,338.7123049246767
187.54553720214875,333.2048878566872
197.03014122695367,337.27119064378195
205.51255045092918,341.2556841495372
218.28322859922972,339.0153946153041
229.26814487339342,338.7707312853469
239.00556601486213,340.7043638569906
248.19550506227532,340.40725984136975
257.8900525120192,336.4109218076832
270.20683819061685,337.1338738388482
279.9613944984209,337.41779178689967
292.18709055717756,337.07795767142073
295.5904266197451,339.36000567295014
310.1662942655859,336.69570235446133
320.8305560522553,337.1885877256779
331.27424424983394,335.254220883495
337.4832647693745,339.83547462706616
346.7885212901996,336.1215753235038
361.8994335499987,337.92039436423005
370.6557943261914,335.73359221842696
378.847105265989,341.1100601693334
389.5616882207044,339.0948016784451
398.8660101886467,340.2799232369137
410.1703205796161,336.60483509891566
423.39526322946716,338.1638294015329
430.8922245154807,338.3346152405813
439.163765865973,338.1375143240962
451.2586330494716,336.5201046761763
461.6996471935389,336.0947554634563
470.5243975067538,336.90552331697495
481.6063205885374,337.0902531119194
492.347631302708,340.7241038220628
502.18330651584205,334.70271570694126
507.9060510131119,334.758487071223
519.216698645168,338.02547436580227
132.46288476262518,347.4342848916645
144.17809288083706,347.21197013199844
157.279072555512,344.3360258514611
166.83264556363122,348.91048726899294
171.0131827616173,347.72223889774006
185.30773727737258,348.278813066441
193.09123872637863,344.89231084302725
206.20689807107564,347.0439725573057
217.1884314656073,349.99602552679346
223.28636099143617,344.99530257531967
234.47865768789617,347.19473359275133
246.99693522958304,345.1666463884063
253.50653858489562,345.74672142929535
264.4649508162694,346.30669289777495
273.5576297002691,346.7786820204087
285.83839794448545,347.05401482135227
300.01219703594575,347.6431809062588
306.55930978089987,348.3046886201838
313.3947957902793,346.3440955186227
321.4056667940141,346.287094118404
333.7263435954503,343.1770811518972
344.7244143036711,343.95185439391395
356.1676791701959,347.4835998675751
366.6921877687255,347.81844929173974
372.9332859090779,346.1769004443943
385.9016620155853,345.1919632018096
395.9092990262415,342.9842609402071
402.0972602972174,348.4617653191549
418.1590486286613,345.2468322655241
424.95432376633266,344.66078801944104
433.46003295090753,346.6780991847765
444.55586091276143,348.5350159718182
455.4984521224468,347.92022354484527
467.0677039569495,348.29609891876953
471.6244900018024,346.5775434726301
481.45546461579073,347.5706941462066
494.41974955303107,344.046294364883
504.0350842997072,349.4699823077531
515.5804109440854,341.97525065338425
524.8812753639073,347.0792362812401
537.0423516653718,347.6313897264349
543.6245561049532,348.6076862585052
554.3942391126353,347.9053200176579
111.89554340319411,356.668421840624
121.63278169647661,352.7615055737653
129.57565789786696,352.5402585485589
141.91607327284507,351.5790669573564
150.46733008410692,353.6056619843148
162.28789153519566,353.4399066903294
170.23942032963038,354.2314789895468
179.86080063699904,357.14170232394775
191.5745199289014,355.70087666356574
199.04513329212247,354.3518536335444
210.60665356328946,357.96810077401534
219.88679367873817,353.1660476213614
228.0098476928666,354.68969602563595
241.02422298097437,353.8534485490471
248.11567583093364,357.72032710868626
257.1728160806394,359.66851216485003
272.9962753971157,353.9173532473788
279.03962074195135,354.5199759952113
286.52877777918854,354.21108315809647
300.4335058460013,354.38672014732066
310.73848198350044,358.97492640538195
319.6670534597233,350.91614530271363
331.2622154478743,353.9255669373909
337.88391138842655,357.5941690124454
352.13347944340023,353.09444613216465
360.7788400428092,357.3126163084705
370.14016508233635,357.64041113043174
378.70457454551854,350.2516451283055
392.22610972468306,356.67661175760355
402.031454097577,356.2759810735759
409.90249127480297,355.64995377684863
420.5674180490309,353.9219462191897
429.1549964928028,355.97923320110255
440.45965415384813,356.76960709049223
448.2143490678057,354.7024282827695
460.04469412326034,354.56988896613575
472.5630806920773,352.971571782405
481.8475816723133,354.075407126854
490.94448279896443,353.2687245808661
502.09264491589215,357.7534677194281
511.52744198391593,354.09179128009015
522.3997904989051,358.64105456066414
528.5854192077071,355.6316350205949
537.4211309040023,355.0396132564262
553.5828401822566,348.72355000641784
560.8897808857905,356.6769529230433
569.7498419560246,356.9269422360809
578.7312243056582,357.2231673081419
589.2852663891175,355.692881398368
107.24001560639032,365.18062264707197
115.49122087105167,363.95154662487016
127.68424936530194,362.4254768412368
136.00578186941206,361.5338733153301
145.37250626979696,365.54272927415224
157.443418422771,364.51769684071127
163.3366834234464,368.7052741668343
177.25914410770702,365.5943258162235
185.0824243280631,363.3238665546007
194.43613432845513,360.95685432852343
206.7330695509211,364.35162941779083
213.3735530925897,363.10930931178467
223.10732133227924,363.36887789517465
233.93993424930156,359.8272874862701
242.98767400441363,365.51791524559417
252.8370754762692,359.7200717471872
265.893937784331,360.85267101286246
274.90239507526366,363.7432356318051
282.82801459152375,363.91321462645453
291.659165368276,363.0981031992559
305.9975655379383,362.67527131270714
315.74284605711256,361.8869803156912
325.5961125382891,363.9356168234746
335.3373578725744,362.71464407213534
346.087612633597,365.2920709497125
358.0362912167111,362.1996752324222
363.16210618656845,366.9375861344729
374.8862992865423,362.4141728279103
383.35588002518995,363.13640819451285
394.62371772181456,365.9781611561447
405.404684334343,365.30931224878447
416.12928596747406,362.61122015727966
425.79320045066703,362.95403392981626
434.60983805660294,364.68086123065115
442.6780370171729,365.2058467025991
454.6664883785442,359.8997451232632
467.00819070725527,366.15351741280847
475.64209243665385,363.5342008003687
481.88243634518744,361.39899457165416
491.6127482682065,360.0666309998792
508.0797918628851,361.95133764576
515.0274715801428,364.2909494351645
524.3591343167728,362.4365697971067
535.3563259397721,361.44455166752067
542.5086044589136,362.7295261960519
557.5394197079638,364.0090258934209
564.624167309732,362.9387505421315
576.5371158366278,358.73527293972114
585.7413625167079,361.1036837832975
596.7708294340068,362.5032860791574
604.8508196838986,362.19382509214876
614.8926320338729,366.78145931119406
101.6349057189686,371.29064607102197
108.57628865831393,373.3456519620285
122.21898777629953,373.00119572902133
128.86403183886813,371.5334402856287
141.27466332352364,373.32854422550525
149.13624985788135,374.2800327231248
160.6062767842989,372.6780738564634
168.63672505074257,370.9002830828259
180.53155851369212,374.03550401475763
193.10574487412433,369.3313082802318
197.2635390446941,372.1730531334721
209.60413582274722,372.5124964662166
220.0234764938349,370.60638175949964
232.9589688120518,372.7922424624336
239.1086401446218,377.107272084788
245.0299059360227,373.0862110493656
261.5131732105648,376.5569052546539
267.5162379677534,374.6020253883623
282.04884236321556,374.8608763504658
289.067105930809,374.5239123917279
300.140698386857,371.28174268364927
313.4765742845493,369.48365927095654
323.56841574308305,372.2683482656124
328.6861282439922,373.6402385818124
340.24188272271783,372.0146472660526
352.22219839726716,376.4668326757376
360.146659078577,374.2906750419589
371.4058884438223,373.8434106493202
379.5053939075679,371.72270422518386
389.3372397286665,370.918588059528
398.81606289140547,370.64406901569237
415.50295349398476,371.7016097520466
417.12545032705737,372.7023517735153
428.70984554371785,367.078233167368
441.3365500558282,374.24620568742813
450.3056817458834,373.05202898794886
459.4311042451782,372.13188454052386
468.2898316335182,370.5532171405216
479.3959599845022,374.63537386508096
486.6654755117529,372.3804659445156
500.6803398699042,371.5170655437696
509.8723961145894,370.40511709899283
520.8539817571765,373.6909074005911
528.2916139466191,374.4320481222325
541.0772844226024,372.9216567820964
547.3339310262695,374.2965465931228
559.4353812782817,369.5130534536609
571.7742448779057,370.75073627200516
576.8866220637809,371.30047160787666
589.6972975438566,374.4243474440957
596.1469468660628,368.8277021780003
609.1658285394499,371.5175211109963
618.4677688021546,373.56702831043225
92.45690018623277,381.71559125048174
109.18780187551359,381.8514896096451
115.39534117001807,382.8430387433662
127.10077302968782,376.5904926366044
131.780460092575,383.1311387227731
144.61954913047154,381.24331151161647
156.5213846475668,383.88661779535823
161.2703380216816,382.3979749447655
175.22441755292343,380.37506194204775
187.65792571807137,379.3449100376098
195.78824035684045,384.2669379498603
202.60726294983465,381.50786540064047
213.05600637042755,375.9684607052612
228.89750281704386,383.6984848631554
235.8262130370307,378.91880147247116
246.3165328002419,382.5051975044633
257.5321618823211,379.57080131669085
267.56133184722063,382.126975739141
274.7651375298033,385.1973584027331
286.65748536206206,381.55871310595074
295.5587835560241,383.4550494689291
305.8071077223849,382.54452441036096
315.4673297884235,381.74804368746135
323.9054710692281,380.1650040867336
333.7879268361654,379.6821593174369
345.2789181184602,381.49047198547197
355.17912036490566,381.7211739208911
365.4746092986188,380.80514509487637
375.4083188385294,382.61905077134145
385.15243968331987,385.07474999816196
393.83342244106194,376.80710079618854
402.307815405756,382.51696266452666
411.59392782691816,380.9020595995486
424.438952744699,380.0938489524573
435.92864682385925,382.99427277820365
444.2561632745121,385.0700739062183
458.3157629120775,381.0655903056345
465.21164222252366,384.6917802736371
474.2633821093028,381.06726391232667
484.1554647967635,379.1267366422708
492.3872332898369,381.13686412738684
503.4091936891067,379.9570994134314
517.5066269923593,379.36070840665417
522.9493447193984,380.86087668517575
539.5463370392736,381.17589431515745
544.5905400489472,380.2382335495203
555.1851504095114,382.8895873430903
564.5093029287224,381.0873341659553
573.3010827793487,379.03947597924576
586.2725939309712,383.2969372669399
593.5461579660629,380.0613003438558
603.7621456381158,380.3392110460045
614.7337090513435,379.3562515135733
626.4702703090753,379.91990888492535
633.1169232681049,381.71927581242375
645.83201487273,380.80166740183523
652.3167908102483,379.7060225891302
84.62011208508885,389.9490666512676
89.48855277161024,391.0495461924955
101.15147390047852,389.56245790034944
109.50024883665068,390.28726334742316
116.34902906556523,391.52819824706984
131.2144128895498,387.6105161647133
134.64413855127384,390.9071182688965
154.0851667802381,389.87837373368905
161.21803531921452,389.84489964796137
167.11373963180037,389.1691021262368
179.62156216217278,387.6554187256869
188.7526276669955,388.72730306445925
201.39248491298278,390.6991379292912
208.81964531067973,388.2931870774803
218.81495660582405,390.8718070396696
230.890775468537,394.7953514426272
238.41470558253602,389.5083184295259
250.69493591961935,391.2761862463371
258.9234620189315,390.9406305695626
271.40171481509,387.14241201156983
277.96023395021734,391.99928009673965
290.8019071680472,386.6785979474045
301.72126743488656,387.04113074166315
309.7950780502038,391.5013413185738
318.14300661899085,392.8724184783254
330.34519137836674,392.10170594385124
338.7672043299887,388.1379981847518
350.9849810760449,390.94427208452066
358.2343510856738,392.2923518588948
368.6705857341403,391.4507335511696
382.4689652663655,389.47497490654445
388.5500151821882,386.8740686487912
399.951801218725,389.5654516387606
413.63078690985543,390.923783457176
423.30516460193144,388.7732785823387
434.2624244332033,388.52840500496126
437.80935902924244,386.221972204233
451.29893099515266,391.78543852063444
459.0766860009078,387.0678935502094
464.7077156455444,390.4889932231793
484.09289629842476,392.67645445534873
488.9951185548231,388.18750508628244
499.68065879468185,387.0756958280203
508.383987708391,392.0345542899239
517.1278217311452,388.13989348065627
533.7046049752645,390.32293646705244
536.5537124668532,388.26578692339444
547.230425614365,387.05043687138374
561.6884952608691,387.4148815444387
569.3648154721837,386.94142609050016
577.1255130048141,391.5841620861027
591.2686580735532,390.0090792140676
602.1620098841307,387.427073521644
610.6559049391793,391.98833426895123
619.7712224839478,389.4029547191532
629.7653254126695,390.4103982450278
642.930831665572,387.72689729578923
647.2156800023439,387.92076342670293
659.6392298132643,390.0419317806308
668.8260965963091,389.0364969668456
677.7157272892279,390.9202507472514
85.72219772266506,399.1660015794153
95.10946692519755,397.2661797401377
103.34505146766148,401.51584459150746
116.6914575492434,398.7386036454906
121.82993545292642,401.0895699562974
138.37895148809432,393.56178708591153
144.88507889609852,397.17025149034896
152.45969818992356,399.91739712461265
162.01039635491415,402.64231332656203
175.46055207790582,402.8989410522411
182.57185990490112,397.4348194597298
190.1505870604299,400.969281891074
205.29838233718755,395.8893979868886
216.75552364228128,397.54639548253454
224.78417766513218,398.1190039766175
236.89577613340182,397.54548941272253
248.54202863929393,400.0394053621025
252.429945093413,397.5868322554694
267.31374716083656,396.4695871027735
276.47871722272305,399.31114177399724
285.1253654144617,399.6023210330239
296.7079827780863,397.6720715154433
304.6961736550709,398.79412189829
313.487967356212,399.239321887196
320.29119789726974,399.2175461968661
335.76738785125434,397.42214836703226
344.35215960272774,393.68349122138324
351.11749403073327,397.5132479682867
363.118606165097,400.12500010434394
375.56286397816507,397.39363029484326
388.8147124573655,396.15345366192946
395.9876010265643,395.08499415676243
405.57130605043034,395.5543329212032
414.19060325414296,399.705382199925
421.7033436240058,396.3555455855789
435.4277107456639,394.91613766209286
442.7390679275109,398.64524721571183
456.7594502707614,399.59264199739954
466.252445674806,399.2968697582594
474.37531509995335,399.97176644986473
483.92903320580115,399.74066779758977
495.15754229788064,396.1883165707233
510.029538282018,394.6896383889052
516.5732904606635,395.85224841932666
525.5332468660981,400.39848477851655
531.9814664019809,396.137480187825
542.2585491358024,398.5003262320568
555.5824426716388,397.48731184742485
565.1838055121642,401.94069317548895
571.8730402890598,394.6105290606465
586.9379804009864,399.17244668931687
594.2372837340629,400.0355337930133
604.6278508507924,398.59605832871387
615.4426356871687,399.1062662532514
624.8889110177051,397.51742537223237
633.8621944377015,397.5765326362957
644.3875421843204,397.7424436399898
654.1998430140592,398.7385902321726
667.8727975517866,398.2020486457396
672.4193890395006,400.93753401648013
686.1906152134814,399.27410292259685
694.640208891897,399.503829225873
81.98600766443653,408.63252953091506
89.98746706728988,406.74812759158897
103.32489947885732,408.86719714293946
113.20773427627397,406.734430820585
120.67925903616792,405.6821183073559
131.1549522805307,405.9903234025528
140.91830857556602,407.548980097661
154.25236046096649,408.2804887237397
165.29553949357393,405.43480541715735
171.37157875957388,406.33849847718324
178.74708427122073,404.38498866252155
190.64538068853656,405.13458968665293
200.99764495260675,407.79763291666376
206.18811367144937,405.48712638809354
222.7217632849011,406.2860040724668
230.4710561893163,405.71384857971304
239.68554968642115,404.7225314735299
247.2715509926382,405.85633236597033
254.20511263465278,408.26231259416556
270.2512361727692,406.97658950683496
277.93254212846364,409.11066983195104
290.0354311577602,406.0132898291995
439.15290069294366,405.3243403950825
448.84498421029866,404.66213027631494
461.83758820339546,408.9602693282869
465.4762648142009,408.0591809882608
479.948807930504,405.62414402786635
487.8651465220055,405.49707130666746
502.0417199330129,405.555412627037
512.0715793803035,406.47245925646746
519.9499011647426,408.08977306523997
532.5716235808206,407.171556384571
541.269189943164,406.88066696108194
549.4820631697331,410.24625165586747
558.2177351678004,404.69793168759895
571.0624031540543,407.3641684862508
576.6432555457619,410.0618729237335
588.0834656249904,406.28503368245833
601.1639203789424,407.46844125504015
607.9996368299753,408.84177805435263
618.9800548397023,406.58974494939184
632.0354049275369,412.02853824780897
640.4837133800289,409.6574700911127
647.846031672088,405.7271952652247
661.5250647995312,407.34896377040735
673.6845785747364,405.64812127825996
677.3815747896842,405.9554249610069
688.368393564412,406.05982530509476
701.3147387378924,406.8319185893528
713.0493310496112,408.1151989460977
73.92496840172095,415.26040934978016
82.88673330997102,415.69263371011016
93.36686571103873,413.7164244911761
103.99417894017749,415.6909769172013
116.3225304165678,414.56569677378593
125.6901787401241,414.1642261480356
137.0467816174603,415.35302403969183
148.14020531875587,415.72383748536714
152.50896527391728,417.55393046009056
161.19015847239862,420.90900170996247
174.44708309269174,413.31350757046647
184.91231468540778,416.72907565730213
193.71874633093154,419.41012159740035
204.40716024725776,420.6876986051158
213.41572403690188,419.35869969616215
227.02060855158604,417.9363351771391
231.15442141707766,417.3287369504293
247.32958210367275,413.620306391869
253.38774202971203,412.20595996970286
486.33402006638653,415.50484120789685
496.61770366803887,414.9611550046579
504.5683967982876,418.3012394743141
515.248133173846,415.62315622125226
524.4278251245277,414.72958468905864
535.4345650661895,418.16819323899813
542.8149013682839,414.0618126305569
553.6638975773852,417.2176263157209
564.6366271390372,416.27284744862754
574.6025762621928,417.93078523240257
583.4366440305936,413.18523795356674
594.8054344059991,416.63042968742843
605.0068244290111,415.0942031879687
615.2323637451525,416.86686043511884
626.3849266460463,417.28602566698765
637.8806972402142,412.8869093297205
647.9705929433096,416.2789926855525
656.4721512137182,416.4903257572207
665.3144467479628,410.9842131720138
676.6250924130511,415.16587782565534
682.5243990188686,414.40714182001705
695.7210437856711,415.51930386928785
703.5987708263008,414.50261313525976
715.4460046987248,416.2957109109856
721.8391296748023,415.43907994864946
735.071724663238,415.80464332141963
72.60325098384503,423.6354522706725
83.2268490068157,424.99673460957524
93.24868320280747,423.9216601059455
100.09454403826177,420.28402437477706
110.7919921752882,425.5902126406756
121.28719882087276,423.61154984753887
129.08801991506806,425.22935550767113
141.49136961578466,424.7962839963539
151.5155249918548,426.3032863995638
158.91060638780135,424.4844742060376
168.43110177263065,424.7672204939514
181.4105485558058,423.0446486045549
188.9330162953804,423.6404219620519
201.43582617339513,427.5500419834234
210.29227866085378,425.40490620517636
221.50439610252033,428.9562674750189
230.34513622761708,423.6637297791749
240.8409235857723,424.5436624561218
246.34199270807466,420.8957242669435
530.4947397054837,425.62957176603817
544.9186441491524,426.9255439133049
551.642207679361,423.7461429425791
559.4931877606527,422.00139469223666
570.2743656619676,427.51976216501475
577.8021974151515,425.8259673756173
589.954210561421,427.03985947393227
603.0123068734251,421.5041577695757
608.406549840623,425.65680094664515
618.8623147419953,421.27884214422886
628.7895442177263,426.6342949556555
642.1291133586869,424.44551294409194
647.0087443412625,423.18022646197966
658.6188384843363,422.91341319644755
669.7312875928687,425.10400682977735
680.8055714706331,420.65545198430095
687.8792727961356,424.55029879300906
698.26019315187,425.32718050731165
710.0082111406422,422.79785422439875
717.9432756549941,425.2716176054536
731.1586917633529,424.59021595217854
739.6257672586779,418.1682741442257
747.426409779196,424.87321937772515
65.87945013201512,432.8165018645084
74.5791918867095,431.7415264228015
87.16174651855079,435.2054715333481
93.53285444466415,430.97757335020214
105.56599743927082,436.7215596930757
114.61793545960117,433.3062071916069
120.59118841819235,431.19934236934995
134.75824240891134,431.84382582548426
144.02828807658386,433.91288328062546
152.4242629502254,433.45633380528216
163.47280702663667,437.010298785947
179.20163436760353,432.626386557756
182.4832941348292,432.75502033077066
193.28779898092918,430.90221404012624
202.86156140397412,430.06276088582456
215.79718134577087,433.92354271609014
224.9586887716065,432.051207135752
555.324896831829,433.7912719495245
562.9120831751474,430.86821022342656
572.205806878559,434.13109247134656
584.8725619080755,432.7390540657332
596.1587037218321,432.05883756332327
606.1507708553027,436.29761386947234
616.679237058347,429.8929702448417
627.5896288269428,432.89079403280715
630.2668673452563,432.0642953971178
644.0980356640234,432.83068733088385
656.7540064095708,431.61005880459635
664.4657267117865,432.77921344862125
675.6328806314192,434.7522110058441
681.2379834761686,431.8452508304582
696.1172185297238,433.6256418895844
705.2660568944838,436.1884438683901
715.5829731314377,432.59938216225316
724.1189287722746,432.65865222139263
736.7036627713576,431.91334097301296
748.7211269819157,436.5710071043563
755.0997871357055,437.8446866737809
765.3922657711512,433.02832521289133
71.56562248058154,437.8870305157149
82.40770236693031,440.8172546621741
87.39624477990711,440.2114540759434
101.37400553565816,440.2015207027488
109.85939759509334,437.0823827607199
118.00622467527153,442.5497210789983
131.58492351683654,438.75239082584073
142.17031366517793,441.76187252534874
150.0524122517602,440.93770574714114
164.12943182698314,442.4110211066821
168.84545021489984,440.62250658119433
179.26989995899592,439.9753195390689
189.0860993586826,442.57177160501226
194.96104434085657,436.6217559795667
211.08543193920778,444.48023760120157
218.52527056192432,439.4842419226074
581.5602282009826,439.31315059272816
588.7442612257769,443.6286301170685
601.1291671361279,439.3381630899342
612.5245671622429,444.4236158458164
619.0460791150603,438.1905722187883
628.4344812534997,442.97718431110974
639.0101586833711,443.6361606006689
650.1755400079342,442.2095749902856
660.0728916455795,442.96378723512015
667.8427891961238,441.74407015318235
678.2290619906858,441.95981555814546
692.6238383837633,442.8543760173121
699.988770196575,441.991707269742
713.483991925113,442.5248001845064
719.828182784211,440.313852207886
728.4820080189693,446.53567357580863
740.2599147083184,440.12601775896934
748.2712560882163,441.9843399229957
757.7274137853949,443.40663904336833
772.1106925731968,441.60950689538925
780.6704947863627,443.2719867552058
64.54230040890292,449.41921134939025
75.32652547640595,449.3851416473023
89.53728900423249,450.0328896260042
95.88191814453175,449.4233947848924
110.00670304026278,452.805343646789
115.5177840886605,451.0027220768923
126.56896534343778,448.40376148072266
130.43885594305266,451.1876616317654
145.1568672242613,446.9545138611302
155.2059891477024,448.1252050404794
164.4059386386447,451.0895502460886
173.9570559336585,453.8682483869794
185.95565561553704,452.4159206262358
193.86818787073813,448.6696522308168
205.8846644361424,447.36155290834597
617.271882385048,450.40575781420677
626.2754884009664,450.8498050573636
633.9596880057651,453.18671151401793
647.1010880318254,448.3792901254303
657.1141590539933,448.00132420213
662.1581887127097,449.3205875689799
672.3602738752447,453.2585369985848
684.5297195321899,452.2741356544947
694.6830329657395,449.1544778341257
703.659755616778,451.9320106151168
712.856677381178,451.7698480840711
724.5009644491881,452.292982947032
734.8464045170073,450.7878735470316
741.4496977498725,448.999578411862
755.1308873275905,449.52871288087056
764.5585481233697,450.1218801497024
776.1450223040582,448.67903231854035
786.6258388273035,453.2407585295097
796.2584386878325,451.1616738759495
60.54342492026463,456.9678959679454
69.92969054813214,458.26058289208544
76.75863598879428,459.09466552344213
87.71830911537819,458.9453373663116
95.15678039952388,456.4288548541206
109.93456052340197,458.5474068694693
122.07573388646739,460.0034977565385
132.4487201659922,461.2854545706246
137.24966224223755,459.08190525631335
146.12394181235925,462.6780663740442
158.4776063526752,458.69506639664286
173.02157354548262,461.3874990991207
177.83113962950748,458.0758507862816
192.34805130078325,457.8833766881749
199.4042516515897,457.21687819967
641.3781548989127,460.5763691009991
651.8428976212207,460.0927596018322
658.5419024646723,462.63874930163036
671.1374422138026,457.6855186445056
680.8324781438324,455.52742622496874
689.3444574893539,457.44333905874845
698.0175688350356,459.13396395560454
709.7594080768462,462.8931900796975
721.7013908469926,462.37812471643275
729.447223198463,460.8407290883743
740.3700490217144,457.66405818199337
751.438219800089,461.9481149905314
762.894804364325,455.45819009530777
773.0870423429958,453.58041698896244
780.0857232490112,458.9242457539412
792.1889701761822,457.5062329123258
56.596207889873874,466.65760756283026
63.76448736808108,466.78608031077425
74.61437200909685,466.9559993090955
85.18095581769019,469.92199576233287
95.12927983296137,465.42749639223
102.68030338613953,466.23628323381
115.22606961902459,464.0865025384579
125.15191530929309,466.32811513636665
134.19604269034937,469.6864140037008
142.89468402604945,467.5580674599416
155.52009701597655,465.15895334504313
165.93223197136746,471.050452106002
172.44520579256385,467.10793303186296
184.8695163575554,466.3505979032418
196.4502288568136,462.1090057606342
653.7151142881,468.849459951048
666.7107040613432,470.02863995667525
675.4615329342861,466.0779863744837
684.0710317341584,469.38012870975746
698.8212651651548,467.2228229756764
704.0427840543983,469.9240388498503
715.6451886750556,467.2110755148366
724.729124008138,467.71850310182356
732.3202029316582,468.9013971513184
743.6403517254591,468.36516649227957
754.871268144009,464.2069408110711
761.5616944645659,467.3761981467171
773.651578509847,466.00820541202035
785.0003957637553,466.96129565566406
794.1653362674468,465.0254158032294
62.26598165277661,475.3913869139827
69.69520075463373,475.8972003687926
80.6233229152893,477.36960326712597
88.32963135943731,477.16453827009263
100.14625429614202,473.6777679325279
109.7748537675495,477.09665687630167
119.05001446701306,474.4175207590464
127.81881715878312,477.29955609576996
142.69467166901464,483.48350676648545
150.82200961803773,476.8571188020262
161.59187347711998,478.6120672309403
170.20553670481766,474.05498155348386
178.7434164205806,475.21155403957573
670.0330920309317,473.6645110198803
680.4559125867112,475.6874009916715
693.918845041541,474.973897663197
700.5335913167517,475.4393405114603
710.6092294790687,474.73601359844884
721.8673850723616,476.4045564642901
729.9455391262848,474.9597766147371
743.6387771091493,474.30117121818967
749.0933613148134,472.73725096150935
761.0917505937251,479.084972208034
767.4613777778152,478.08828884319195
783.2668805108755,478.03434021651907
786.3590237341838,476.8132766921031
66.01095904914801,484.07213063212464
76.00361908895317,488.8607062583068
83.8818464909281,485.41204062122665
93.45149747712898,482.43399610849264
106.35330892721403,485.1482829935975
115.26307037266022,485.4218867550465
123.45766207055897,483.9221034829067
133.99011773809593,484.9480610498919
146.83426235204186,482.14849716512816
150.29435861371974,484.41275485627654
163.76927854503418,485.2190816083713
176.61517691096873,486.593945699303
696.6171856922924,488.036206093374
706.9676264339406,479.9782946296737
716.9502736353276,482.4948086356865
727.89677306212,485.9746474830429
733.2858510391793,486.1983368669465
746.6106866868041,484.506809659685
753.0663818935917,484.6043819924375
765.2122256297804,483.7703742625355
773.4182537945615,482.67961937221753
784.212358489708,483.716594536578
795.4174909600155,489.3091823313344
63.02445461537246,494.0124114618288
71.29349062586276,495.7321794858878
79.75682118412281,494.3355647646998
88.54957207351923,496.7667803922196
100.10338381980898,494.7081971639292
111.30324638106266,494.29677593356877
120.90166694189651,495.21743716870884
131.0279356302457,491.9218692945386
142.27146220730165,494.8972956318006
151.81624410298878,494.92707342980424
157.24728042722268,495.08083030830096
170.494480412044,495.23488983169625
181.7487803710432,492.8601007421256
713.0955137864418,493.5401256119375
719.9545248945215,492.62577067692325
731.1236718046616,492.6565023512711
738.6992735208602,491.3849451683122
752.0872303308071,494.9123329926138
759.9423690802558,498.4786403183811
773.3713546362309,495.5409679510856
776.5826595806784,494.44185711059674
790.1711517827099,493.01933659106754
65.88224268016508,501.4044163833373
74.26996194136315,501.94303160290235
79.8968888388185,500.83072539016774
94.56380339150208,501.8205632062534
108.49337368159675,502.51125976701024
119.15791523872835,500.6563717235909
124.65298386417399,508.6845922931073
132.10258747447477,503.0357099506581
146.64364867972074,501.89637322886244
158.4840982621515,501.46019411383725
164.75257522176193,502.68850217989075
176.27215242335825,504.2888328987653
733.8579180523235,504.07609601652075
744.8336977414295,504.1284255272273
751.323516192495,503.4824355924744
765.5482463134722,504.33614770007097
772.45120109014,503.2294763182771
791.1971977817424,504.59931735033894
794.1740703772915,501.999900498961
60.6287542323909,513.1156887129831
71.26201291651701,513.7584631169565
80.48406057836219,514.219630051492
88.55555079266072,513.5260919619126
100.27011583136802,510.89115353036016
107.42186785397011,512.0991792791646
117.82866508434567,509.74150368172155
129.61432447160936,511.59745871530157
141.72894373736563,512.7885359936394
150.11679592955363,513.6013053626799
158.7681657952398,511.1556144139173
169.27620319037118,511.3265758392278
756.8013159252876,509.52591054279225
770.6549085427591,508.97375614201934
780.126342212878,511.20126435192793
792.1347342376308,512.7648677508088
66.53775922682739,516.0021245026339
74.809557763344,522.2984708509445
88.51899459572856,518.7114226775009
95.49281166902092,519.0779039117754
103.86983001425037,523.2373086458517
115.90844810831395,521.8359437129998
124.84337450868699,518.9877260285718
133.22436796357235,521.0129884945094
144.57699166026373,518.7425413857109
155.68769207722974,517.7564264877134
164.491373575915,521.0659317849363
173.00513194022676,521.2825646711444
764.5949276160852,521.6694427904566
772.6358118771689,518.7190480946462
784.5285984402943,521.0131342591746
795.3007608617633,519.1626704279155
62.202434738849725,529.2046344947665
67.75641762277814,529.7532684065105
78.13877791728015,528.3311899343543
86.24058036052917,530.3181379901229
98.40423424948584,528.8784882033863
108.02770918639462,531.9350451777386
122.75758410383847,525.9301546146179
128.15262308267216,527.7933383979135
138.32584759404827,531.0710378315342
150.7254191668663,530.0331674101648
161.6457733814422,526.2421271793302
169.89722887713478,526.937693740891
773.0238186047811,527.0056938171591
780.6819620709445,527.9398129280332
793.3381489468302,528.946213512518
66.02770506385238,542.8192898029113
74.15002422209571,537.2400074402249
84.69863457709486,534.8585680246205
97.59239897046656,533.7408337245273
105.01228456954584,535.0779213494021
116.75160166577913,541.2842733122516
124.357261920675,536.7149561842803
132.067227745513,536.1108374640545
144.90738911018119,538.7930588770702
150.58109274804997,539.0105802752822
164.91711262336543,539.1614385167912
172.72892865971167,538.2138127779945
795.6937811005919,532.2629831869078
67.18867002022498,547.0459783947144
81.45017152279716,543.0053651096191
88.36643504468577,542.7698663463539
99.70889999317669,541.4551580873281
107.98911343208005,546.9311926995877
117.18915681169149,549.3709674477426
129.80706831931585,544.8907891065049
139.23699884118957,544.2162300084
149.22288884948063,547.6302513836299
165.51998380131408,546.7814456407714
170.52085791598728,547.2142040302261
176.74915771246654,545.5058103693777
67.21187250141092,554.9807864199317
73.15739601535522,551.446009601438
87.26959981835194,556.3843283366596
95.04962685058706,550.617004302215
105.921066520717,555.1992232818791
118.00193970795908,554.1366068861118
122.65796305520419,556.4196072687698
130.81818171451184,554.8520593208316
147.28663720676516,551.4943701242905
155.77243743082565,554.7170353626686
167.26428676133156,554.7947047569252
173.74159538038182,552.6041606194544
69.23397037465055,561.3764941064468
78.20567959848238,566.3789071595697
88.962572220568,566.2857504739096
96.96521110585292,563.1314649279251
109.60360037993914,567.5584991780348
118.45426717108037,562.7608817402232
132.02890303344432,560.7280624627643
142.12306582708578,562.9493466168562
147.6180915535185,562.4364532556548
156.2871868047825,565.5029449905559
172.1550936175159,563.811344425211
182.91999227345985,562.0511751515927
73.91927009311964,571.9846562741525
87.29363962918876,568.2708951106099
94.47156020965623,571.7981486562089
102.19670715373329,569.2410666019296
114.32892161654695,568.0059402887942
126.26960587796074,573.2676039254984
132.65085594241387,571.9563108890404
144.21876150436086,571.0553973184388
156.9516727370363,570.7342358735867
169.98343007566405,568.7458846944803
174.1063094183969,569.8400017704718
78.84784016412195,577.952367091208
92.7118706938205,583.2434676821292
101.74454189850691,580.0310650123587
108.37972028124156,575.7046499874255
119.98421594849928,577.5039170737556
128.87027303941952,578.0690946431504
138.98222253392927,576.089220532155
147.50208087288033,581.4228779971149
161.5883391205062,584.8303439500105
167.86906046007942,581.6968948949228
178.68086118871838,580.1426924286676
80.51302515410667,589.2653676719526
82.55459298022504,585.9601532409082
95.69233220667577,589.2253172217848
103.02236153392991,593.538608256994
113.97343171735206,589.2593770484771
128.7149930969298,588.0736716197613
134.67813905210315,591.4953909940048
146.67573174905297,592.1361589682975
153.38582901200428,590.8595722214727
160.8219243959479,592.6018057426265
175.5572438508007,591.8288338511525
183.04321445296844,588.1590064192739
93.47099923046356,596.9877962562815
101.62697173312212,597.4297178490192
110.14578831073463,596.6212956999732
119.99512156507095,601.5249001970692
132.00319601340425,598.8802523631643
141.36757612814267,599.7643604857549
148.79132789614624,597.9818055396069
159.02181820565613,592.9269123670558
169.3183462643546,596.5371795429841
184.5924857367046,598.4196470537385
188.78723624245796,599.1728732741058
96.19506206000733,603.6548396066837
102.35830576008269,606.8186131386707
113.988618844302,605.5086217975258
123.85546852200575,605.8549500842629
136.742739475813,606.0477759620751
143.0854216375088,607.0271332769029
154.47105300801684,603.4446415208403
167.20801576675973,608.4297270151743
175.35913677652033,605.0402226347071
188.43719059806702,604.2376530930528
195.25623310360297,604.73699578442
103.28798669389838,614.4829707668633
110.88859013633274,617.5980557015635
117.46578533734255,614.7339400529529
130.42584264216612,615.5697554478845
136.14645646983334,613.4406086163025
147.1321498907614,612.9733928647561
160.61193355916237,611.3245949995403
170.3717718868139,613.506627406511
179.19980941219802,615.5505306052718
191.79942845994788,616.3189349647304
199.9941800599956,615.7474031587985
106.60570064360509,619.7760914834278
116.5544739051535,626.237442559484
126.41257840813057,625.7430209517491
133.18861938543202,623.2864865454931
144.75235055487934,627.3503015571602
156.6588224756237,622.7784833149011
164.36932802426907,622.9905264749884
176.50252102328918,620.9587639274692
182.25775845908237,624.1083675354574
194.44678205752268,624.4821543576147
107.86867021987246,633.6482776876514
124.58920128802866,634.5911311403889
129.74071648587787,636.3040809339287
140.88902460175606,630.2840236713704
148.27568386412528,629.936447626301
161.5785021469018,629.4867439901375
172.50219653468125,633.7136544083946
184.075113181601,630.9854058029331
187.72578469465202,631.0860162787791
197.84187035030828,634.3284290021982
211.19520420473793,631.4137194369695
117.41924219708376,641.6030670655433
127.28774912044355,641.6316185884681
135.11449816419307,640.4058020727923
144.82309808742608,642.0891432649855
156.87333374990692,639.2005630673764
166.50719238309412,638.4422998850719
172.6016959862027,642.8304267144505
186.90904732301476,640.9176880251051
193.9488977254695,643.7420157922131
201.61456114177238,638.8283027570244
214.5384872840737,639.2866849330874
111.92988758813375,649.4819339071109
118.27331980191906,650.2425127352657
133.23811364884799,650.4815974401456
138.41013302045462,647.5853780535022
151.02655438023078,645.8699910006277
159.28409541778592,648.9607969153949
169.66107382662486,648.5190435018717
181.7596052833279,648.5585528344768
188.74811002395953,648.8479547463728
195.8093228810317,650.86748616592
210.11194453278122,651.0217409255455
126.85339736978948,660.3284093618
130.76712627449862,657.934918086251
145.26251674478218,656.2817688443781
154.31795611453734,660.3671641660835
162.84283551181534,661.8545893149325
174.70688725082746,657.1361578229665
183.5153752243261,657.9539823442474
199.2154936010075,659.7928411478641
201.77508457615514,658.0480679464937
213.87867124873952,662.7051242561499
223.96190435981075,659.0397424112008
128.9429115982287,665.9095946575803
141.41303967097963,666.1459247999101
151.03626824629313,665.9537371579295
157.80958384618455,663.7598349363454
172.2060227618289,663.4427040855729
178.90891429248217,668.6389959160239
193.925438618808,664.3561364416063
202.03017302685487,667.3659128265303
210.35489533469558,665.7289764109212
221.21608032149032,669.20814106714
227.5631821128794,665.5968665342231
133.1334554397985,675.6647535154975
143.72854030094052,677.097635776881
154.22363383306032,674.5548989912546
163.04873083912597,677.139985631484
175.17718778357693,675.4998282070502
182.78212711197162,676.2019376044705
190.51952931694493,672.7309784555611
205.84486786529075,675.8086367268073
214.27542425456724,672.4453173932212
224.41744132093376,673.7799521970175
236.66863504629663,676.8943362226485
140.6190732244224,684.8913558110328
149.39220325439956,685.0212937664569
161.25655929271483,684.1565872690744
171.0699670145272,681.7290961426994
179.20556278461476,681.0281545437803
188.79805522051743,682.2767120484988
204.95988659718907,682.3258816057265
206.60021999810115,686.0195381846743
219.66942598474253,682.8368747568138
231.65359669348138,684.5582030941455
240.1092758109412,685.075723681235
155.33647474263913,695.2778454008194
164.68286243581505,693.3813041016782
174.33877320597858,693.1835224863413
185.19569988233778,692.7329345108718
194.72149016615455,692.2208652611926
204.32467626670584,696.0935393367906
213.76839821796057,694.5071401589286
228.19347588163316,691.1429982711793
237.40426666112108,693.9178224012983
248.87035405056142,694.817288869422
254.41835488713755,688.9828710581804
158.58970648268598,699.347514690422
173.58583628914084,700.2850611320886
182.7346516087349,703.834302260196
189.07824330711006,699.4304851423692
201.87780818008292,702.2760863176547
209.71868387486796,703.6520705205121
221.89753489755137,703.532588390803
230.34254150633691,701.8771803890356
236.59787450301792,704.6433718397998
251.30000304446108,704.382024150126
263.8824924044184,701.0622362214029
157.37578604102447,708.2519047776377
162.4868223690184,710.7713608025064
174.9403034291492,711.1206991318097
184.83143568098615,710.1828619419665
195.86025982444585,709.2155360050724
203.71472482647897,710.8628086496723
214.28046532834338,711.7073319057868
227.62704361159393,707.9102520733617
236.43171077565486,709.8958998936351
243.17057154064534,709.2099749297769
257.45587975409904,709.230684508715
265.00134080055915,705.9191369217906
169.45150456335827,716.28347540022
180.6598519651646,719.5477143848769
189.5744498477754,724.3702687127344
198.88182192401024,717.8843836016727
208.76274159825306,718.3162220287993
215.42513436507141,719.3444383693101
229.2676358843266,719.832405164558
241.33787662783837,719.519190867414
250.83327052096624,719.0444946980261
258.90784999657825,717.0093858542397
268.11640667698407,718.4732924694108
282.4189702349199,721.1182872575783
176.61060496137807,727.9055000163785
184.8204547724473,724.222858094089
193.81113362756713,725.0989666994323
210.06965187722716,726.9676491501975
217.03871149504866,727.9567310174501
224.2342543525019,728.6708296974076
236.8042720586022,725.3624298657313
247.5910630838942,728.2580686635737
257.9072227630658,730.0523922252897
263.46612116984477,728.3293080786957
273.57075155078405,729.9187594137512
281.1979327188199,727.5534778982993
179.29034937187254,731.979345502117
188.5822677393467,735.8875305561174
198.73755738206208,735.2788391498026
209.76140872733663,736.4770064518112
223.08077602291024,737.1649221008449
232.12369883519372,739.9448333125497
241.50250814441355,735.0679714931779
248.8617252116047,737.2809780502148
257.6361494101944,737.2107732255054
269.9980040629491,735.6581174003725
279.33845345571257,741.725515424314
290.9690444559991,735.7254253531156
195.9226559633741,744.8492403437494
207.18329909866642,746.907368260232
213.70566177736856,746.8070713004516
225.87886347674274,747.4616189982784
236.2169175896991,744.418981108873
245.39560641508533,746.3977767143889
254.0382119013791,742.060967855526
265.11999423188706,746.5912828473203
272.15526998365317,744.4973738949127
286.0384533035904,744.357541251479
297.44503774485,745.2381573167953
305.4654947717129,742.5831173443237
197.69373121281538,753.3995759396279
210.26777887397031,753.8527105807046
219.67397750242853,756.7864970146854
227.01526203047214,751.0065311742813
239.03307458751743,753.7627815183433
251.7875765072592,756.6243229110944
260.11131864335783,754.7453496527692
268.7162575791276,752.968870040841
278.3341378625368,754.491527576037
288.27628927721537,754.221263459674
299.57982039546397,749.1305333594568
312.75429596800575,751.751424763284
321.88024685359784,755.4440466742574
218.32099684280655,762.0064358696355
225.0487900954387,765.2323477547392
230.19551979980548,760.0308839740148
244.52102435469195,758.9480125228906
254.4985744643603,765.4184856158688
268.329928711806,761.2912970078577
276.34038846819476,765.0410269704332
286.4705105487121,763.7295357708049
294.44958401403443,764.3268422235899
303.81699059419924,759.8376820557551
313.08509775652317,763.9907299400629
324.25460686974014,766.3662195751205
331.5214104161361,763.7822596529346
221.0129387602216,769.734190012841
232.42254231822088,770.1224705545361
239.4321448154984,768.535493727608
248.18652857188303,766.1913972986001
265.6703249387117,775.0739173084684
265.7655065228372,768.885136535209
280.5196641496158,772.0103638585801
289.85164764358353,772.0470605028812
301.97538606183093,771.8482428935409
308.4225769458824,772.7396603258982
318.3708854826975,770.9070007840731
325.9757402211887,769.6604098643421
223.48938022170998,774.6428363975247
234.4475875838461,782.0359389487372
244.82448763431302,778.2191177611666
253.825716434744,778.9036959047986
263.0194526780705,779.9855062779883
275.3960685456529,778.8173616307122
289.05615499298136,781.175381676612
296.96109642314525,778.6931893762154
307.773841768519,781.0049710876235
314.8758710366462,778.7262324912233
324.07314663713476,780.7105523365428
332.71738077155936,778.272383529097
348.6546848067735,778.8416479423137
237.19825486407532,786.5125465710025
251.13247596664303,788.5123333178014
257.33657103276715,784.9283647507506
271.9842300559665,790.5547235210604
278.7714077537732,785.562625076286
291.75729812265007,790.1706426118261
299.82343913514234,784.8554030910074
311.2422235579161,789.7870417147137
321.9918824059945,789.089017054669
329.56389303034683,788.668999058544
339.48023734912675,789.3064038702431
351.73993817676035,784.5295125569436
361.44747700996356,787.3505196773078
247.46037091883275,796.6135932363588
255.74300312658795,799.4239958614389
264.9233592877633,798.3769412486037
273.649988453143,791.3194664638273
283.6280085640843,795.4146761476833
295.1889835107937,799.1772562842851
307.9040565562546,792.6049924447636
312.2706456468913,796.4906655581228
324.8208601155387,793.9035814595568
334.2776637914631,795.3036548040568
344.24248988268243,795.5196154257778
354.06939061101406,797.4309082172365
363.96462041644355,795.0431841094124
376.1396224602245,795.7508123320054
286.1162255705638,408.1537349690426
299.80860076525846,405.9053608151766
310.31079922961766,404.52013334076435
318.7522565355074,407.9509237018141
330.480111767202,405.35237241877167
341.6988168037136,408.7723483578957
351.23714363263,405.2859460482366
354.4840869350095,406.72118033283334
369.9890442170812,409.2862987671759
380.12244841657423,406.98423028843195
390.4116098834347,406.5546629860914
402.0726667780795,406.7472687468476
413.6335536215692,407.2192119903043
420.48174914508814,405.08313523807
430.84950973316285,408.6965410725018
275.28510713641157,412.9195431925688
287.91248073696966,414.94413832499436
295.99816192306133,414.8563483966776
302.45775173077385,417.7296025790013
314.0097184134458,414.51172247544207
325.5962006236147,415.4348353284014
337.71333186836097,416.2359691275098
346.8000058866633,413.7271763960655
355.6370113735704,413.56024057139456
365.59312250096787,412.6936734690919
376.53857507724405,410.3945819354375
384.61899712751585,414.9571312984062
393.6331619056702,414.98593975824843
403.99348329711626,415.5585620722388
415.03589206721614,412.5885522817404
420.4945599112423,415.2787257843536
434.99015548667325,417.1275230862757
447.2702553850204,416.8995303311803
451.2215382949728,416.1906611359498
468.77491126908825,414.39336972176983
473.3820810380949,420.0654966841746
485.7305115048881,416.2535120252035
253.7392172134268,424.11614025936143
259.10377634651604,426.2228741962606
269.4349763122061,426.67761695657265
280.63358577756765,422.9374244590307
293.8596870518592,421.9549613669917
299.4716496873451,424.292255847677
308.35149497098513,424.9056932170742
318.9461829278129,425.9382327595093
333.2711493595388,424.6990439702923
337.86591070358173,424.9552658697258
349.0333154925315,426.40864930736507
362.225914902186,424.5465727090262
370.39156302289143,424.95525709116686
383.624563995223,425.5780501096304
389.8911976035297,423.74322253266996
401.27496080816746,420.27346440988805
410.5483223945989,420.9229694528748
420.6396116691272,423.5000978629107
430.5770633388389,423.1601865443698
441.14393430325396,424.4923707440927
449.95119424342494,426.34952849800715
463.40773457354885,422.8173833379884
470.95734535355376,425.1082924691342
481.38077392376374,426.0834985947843
490.27268787475526,424.3666043670969
498.46363751574114,423.5421733051085
507.00588637975125,425.2708489051212
228.33603975923674,433.37591266879014
234.23704080275743,430.7827912850101
242.73089413233862,431.36720226038534
255.04589330216257,435.4761180218156
264.29163077519706,432.65430960013924
276.10467584744,432.48292856184514
282.7948195675251,435.5418076772371
292.23138996137243,435.5725615056073
303.2132641683074,431.01134067085735
315.010420183042,434.3269262200873
324.2379079799998,434.4446149796022
337.810367927226,431.9111574737008
345.6155497368131,429.8498026143124
354.30432517610086,433.8101126799301
363.6268377813654,431.01334282960215
371.99662846568765,435.09538067568286
389.64807199518293,434.31058529032845
394.83247937011123,434.4051062973797
405.14465618394564,427.73505777190957
416.7340878339166,434.5676792703976
420.4367260178378,434.28908518041914
434.6273609244188,434.43833376726207
445.68321880611467,436.8640693826858
455.4326410817532,435.3688449536621
466.5796269711382,434.250545843447
477.9635690021348,432.5946993547801
484.63762425490324,430.8536460518953
493.7300702316141,431.1520404505962
507.0496048366225,432.0761993855269
517.0145301255571,433.25095884575023
524.2733966411323,430.1869123905654
532.7608260944857,430.7694863869905
545.8967429244015,435.8801818113907
221.33936048943428,443.63707941263334
232.04955317647003,440.1730186386329
240.59494015966038,441.5715625930645
249.16199217778208,439.61404705501576
258.8331211128323,444.242512648494
272.7459657507945,439.76365959170926
280.29163996098873,443.59603865765365
291.66532826225733,441.83549717797297
300.2466229572161,440.6714792314524
311.61238277217797,440.6170883548512
318.46112742430194,443.28700200403995
330.46589320093045,441.8044849262146
339.6653927275438,441.4431596704806
350.7445294292331,441.3702142394101
360.8091062438477,439.67491731889726
370.68943992628255,441.753248244522
377.55580640262315,443.1696490474317
391.12412219261745,440.9939624674016
401.25485141565923,438.6926854831686
410.4639287626513,439.73331246116226
418.17975715928213,444.76590568306705
428.44414204078606,439.48756237429694
438.29038655221416,439.807550556419
451.0192018403784,442.67330016241203
460.4971076592863,441.2405174745597
471.0439691881284,442.1979272638084
482.3360989232438,442.7011741852837
491.0297116325448,439.2444492048776
497.41545774728127,437.43001490560846
511.70982760062014,437.01922509708135
520.5664322441975,442.53231321070166
525.826555569859,443.0270559436752
538.1897486087632,442.45341988026064
552.3358384489372,442.0720334533479
560.4798840941645,443.11592294032863
567.999808487688,438.8622709520377
210.56328993218375,452.8193862062659
217.03270654375316,452.72479364425664
228.20664580507864,449.4620499087381
237.75445222378838,447.4788918742463
242.07823191747812,451.26612889695804
254.923746012436,450.86124110770567
262.44197758574,451.8070172843758
273.8178629471278,448.50179801478833
284.95708472263897,450.6009595916593
291.7932943797387,448.96158253121666
307.02402497107204,450.02077854871004
316.25437239434945,450.86763963372164
326.47435652885514,451.1035948159752
334.61182789881127,451.3016322330033
344.76750416754004,449.1513574898105
352.91425600154196,449.2438908812653
364.8717090938162,451.999336366766
377.3888159479693,447.2569103859429
383.75318389604854,452.32069356291385
397.1626072637658,445.72702105475844
405.7260082281014,449.6047939045057
415.0919686030404,448.88587022147306
426.51761990437467,452.29425868518024
434.247198402633,450.9073607305001
443.40304011710003,450.52388304722047
455.7113569726327,450.79647790110164
463.8399374067599,451.6184470923024
474.1362094885722,450.1593731903781
483.3712964789292,449.7912890451821
495.9802087442238,453.7744919948008
503.85685840910935,449.8605204114765
514.3975553388929,450.3861471469956
525.0433918118257,451.35752435023113
535.6341723351055,448.8218990195843
543.5161857632617,453.0652595744384
554.2034300461282,446.00897943477827
564.1443684193434,451.84142543288533
576.7064514574895,449.8933085301764
584.2667164597225,451.6886948829207
604.8332680019463,450.77275694394785
201.66622092706925,459.17677684822655
211.53712488589943,457.82139536168114
220.7743226800824,457.40261293006193
229.871403795884,458.611112901724
242.6685960127862,457.3753143578893
246.61415419852125,457.78769780026715
263.60832307729197,457.72505476706954
269.50277474829187,461.02722929677265
280.5895204692153,459.4541280057032
288.8517903963723,461.8415345200408
298.7922073633575,456.7172332150368
312.4022271108914,459.5260493693756
321.17247710991387,460.26597579436987
329.4006700210719,460.2021738330786
340.2503462782249,462.14749518800465
348.433192672907,459.9958421038644
361.33165790808187,459.20102345404814
370.5701638313754,461.3475909009361
380.64769063955896,456.9164215535019
389.0023898322399,458.56512004887264
398.41459856699703,456.4723606459962
413.2432761472525,459.4426301690693
420.67165738923717,457.66245546282596
431.48209702925675,458.71531837655454
441.13545019182794,458.527979112002
449.1671547167978,459.976031452404
455.0455552287173,459.4135092661386
467.2056963672108,457.9023338546337
482.29338350261804,453.99295955959474
490.6394402278258,459.0892719537439
498.5080587487401,461.0602570094453
510.0863690521115,453.5507673274704
517.0134627823726,460.3265293978915
532.8940111832827,461.5178529468925
537.1676432739357,457.37679564251204
550.7274270969561,459.5247623829476
557.8835840881973,458.991915927968
572.1239159697257,458.8276822141895
576.9462868863793,460.36193479919257
590.5474366931332,459.2328286924684
599.2919202394443,458.83767846293443
611.3803271147827,458.34666777501315
619.2371317502456,463.1213620319273
629.195799310418,460.5618339222409
197.76817992434863,469.6182387587619
205.04527706533784,464.67533155587194
217.24358534435993,465.6140912878483
221.50127578573037,468.7605085440758
234.8570608745242,465.62621844230404
244.64780998974862,469.3490551486624
255.5655096705505,464.37075772812676
262.22000217804083,464.48294370290813
274.5095045315937,467.55287200397106
284.2900186177344,464.7728434077653
298.2032142505664,467.52828305145
305.5389811354371,468.2960057456784
317.0542266929806,466.6863552542486
325.8819471047613,467.11983405647527
336.17480233530404,467.59986031657337
349.4460119879903,465.52864443888257
355.3131778611185,467.183004261941
362.33474360005056,463.6041477555301
379.06912253273816,467.37927963073616
385.0572942684292,467.7303480873216
396.10695140889334,465.7751206076413
405.0767785910619,468.56453075392
414.9515574841452,466.9593027403206
424.63246970081246,470.8193893566984
435.5016033484505,466.8587537004399
444.930874769353,468.6533412423596
452.88257204685414,467.19445981591105
464.3682825982052,469.88566752140355
477.65124587386913,469.3837084143998
486.9310840607283,468.0183937685925
496.56725837541165,465.06153416624477
505.5147393700348,467.7173672119513
513.9663582749096,469.15575561725166
523.8426012292679,463.21522609462255
533.6983193174349,467.7870902339253
542.1358409864478,464.14382343363235
556.2418155622939,467.49045650390104
562.9662883490579,467.04548955443505
576.7584597080642,466.32398444192995
585.4945533312364,466.61425859777415
595.4948402126344,467.8329462944943
608.2918326343262,468.326026092643
613.0987156035022,466.52006473765886
623.4202672012563,467.74153059343365
634.0654709685053,466.62916464180455
645.6561244340404,469.53432684964906
191.06831360896723,479.49984442273296
201.49132378968983,480.8379271616156
211.9671195836789,478.1235946289118
223.49011500325025,478.0959916547514
230.2873303449695,478.14727568611806
240.54929344913018,475.34225893109135
249.37581114711904,477.9833713642593
262.2639768118957,478.9072154864958
274.0741317098435,475.2643395723577
277.5925520758031,478.2397693286731
292.36473410734857,478.71995284791234
304.5577167245916,471.5531373690381
309.1268581646292,480.14336351195675
320.68627393576645,476.471032472151
332.1603401122023,476.82185407849323
342.32929677761916,473.9281935557177
350.5796540265467,476.0352057917276
362.23342854385163,479.6735926496936
371.3311121650172,475.89746616216536
380.6610148114529,472.4742337767712
389.5637341883617,478.63229062651993
398.1754594532649,475.68842949691896
408.3669830770708,479.65549751929785
423.0278777568064,475.26655041604647
429.9967724445639,474.3743079118425
439.96381464295706,475.1530079959439
450.30928360609107,475.1744932875121
455.73460173408165,475.05685808848176
469.27963386596423,477.1490446405976
481.02490820767594,477.0822435083765
495.2731520544678,477.8355679968926
500.0871754207091,475.3328127181222
512.7973160959325,475.8898920547653
517.9200154295465,473.8580002371752
530.3207652910912,474.57837012293095
541.1174080143953,473.0591583054714
548.8404703811432,480.262079751822
559.4485446155073,474.2129536079158
573.4803161475248,478.2651445104777
578.5267614059824,475.90595990342655
591.0849959124832,479.7961082480666
596.8261846463165,478.0611158758553
611.2146001064932,479.71915865120087
621.6901820078742,479.6212610689989
629.2797417175551,475.49678517648147
636.6369778377076,477.1177158087585
651.0676579841416,476.9593728604516
660.2999764784522,474.2996933706694
668.198894538773,476.7605336223577
195.7586816422612,488.2599948415722
205.74200568148527,483.75881076960445
216.33675053256354,486.8899647116171
224.32884713382734,484.97983399608626
235.97557824449868,485.10711227844075
247.36516953306344,482.6330639324785
255.5295260747264,485.62405705222073
266.2280203518049,483.68462261783895
273.83286579563395,485.05753607942927
284.47949800960356,483.09996911543374
295.72457018122634,484.57612178483504
303.6798423002607,482.935329805288
313.3610803552024,485.59412332932743
326.09700842046163,482.2699082643586
335.6379115919406,483.8753329208447
345.01059031417054,485.4071004084775
357.1702401972474,486.8526305126354
366.1111299798231,480.77309811771664
370.68667048524446,485.2396862980914
383.50734801785967,482.8196055212025
394.59697416676255,484.09208391795306
417.8432256612562,481.8776960518851
425.8879662240621,482.6536506206107
433.0650815534682,483.7608720078546
446.858075595654,482.93979858145957
454.8931306185232,480.50969665213546
466.5407962996292,486.8459976094459
478.04855050982616,484.569933287839
485.3372215547154,481.8208152496477
497.17762068295235,484.6463378900611
502.6151747967321,484.71980013638847
515.5996352046936,483.0023295302721
528.9861811095326,482.9613608116792
533.071537837877,487.624462103573
544.3973623678446,483.92711966928715
555.4666602199895,486.48259912005204
564.0373761447983,481.6887958175902
573.9984865061034,482.4578213341649
586.0415063450166,482.8922853151675
595.0588469276742,483.657652267173
603.8817018603727,483.37270876065753
617.4420556009389,484.52736415725644
624.1717691125751,483.83869228810937
634.3416299692149,488.2464649396595
648.0257773920493,486.2836108735028
656.7935946341042,485.93854968852537
665.5458931988885,487.54341759446913
672.7018902147989,486.8208364561022
190.28196335843066,496.32457151788157
197.92294122723766,495.2301803004848
210.8213402008823,495.38244962878395
218.4024824069261,495.6706764049573
229.06776804601657,494.3852077135128
239.05728634938146,492.50732080584373
250.84893227365416,493.7234383527067
262.7878375547091,489.0429520467449
269.9079515848536,491.56571281734784
282.0906237385792,496.8775547292682
290.00037097869756,492.8255273240184
301.0391825117287,494.1082185060131
306.52091265970296,493.2789852543978
318.52713227086747,497.68575913550137
327.3275482676143,494.73849251736294
337.44933993801965,491.4311409531478
349.5920861306018,488.935735923493
482.7605786508447,492.93988355951427
498.3332173103583,496.82943828536736
510.5934602139031,495.12724140745064
519.7622451537686,496.3255084621889
532.1430640584493,489.0051753923215
537.4948806471006,495.4625300424987
552.0060610738258,488.905994313044
560.3469256325382,493.01764520737265
571.4789033687138,489.93109271349397
579.8593682336132,494.2732942176024
588.0533325453404,494.8339308657948
597.2520644262701,494.49938105133805
609.9608251247653,494.87580565941164
619.2970739510206,495.96139418686454
632.6497729602784,494.4250134320242
638.138822142134,493.02490152131725
646.4703702791016,498.27894970588574
660.9010079135177,495.3450926488216
671.7776298795973,494.3468898873227
679.5477697521477,491.2993865914782
691.053875734867,489.2996167568225
702.2509249162408,491.5113836009461
185.72257758255753,500.66549615776063
195.49797467315844,502.93884455922927
208.74466013899195,502.7130540204438
211.85196697825526,502.00022641237825
225.09062099465464,505.8807383901624
235.48140367836763,504.9512439631224
244.09306954949233,504.6812627037352
256.0501949490311,500.8525351069703
265.9254098054436,499.31835527945924
273.5077802107168,501.4009979452476
287.10729384030117,503.05428159271156
296.055306365404,501.41467914983474
304.32805578876884,504.3709989062159
316.0731274602735,505.06705838242664
521.2931155201029,500.97400015653756
535.3911527479013,503.9566325037248
550.04288128647,503.35660213841356
553.5973438916841,501.0431093899288
564.1248710730101,500.13435686884276
573.1683190828235,502.33422233001363
584.249562540314,500.5853540728622
598.3966628861377,504.024833387215
601.4296808232997,502.8177281389429
614.6397876163313,501.71910637440374
624.3871424048162,505.74339959750586
633.393753326416,500.9396976568239
646.9689141219868,503.9191529911912
657.7612004087504,505.140958760513
666.9799627584885,502.70554459624816
674.3778959065892,498.5509034053666
683.6854866512806,504.9273615340536
692.9141436171283,502.3221006677048
705.5579347761498,501.5836800547925
714.7504602745109,502.82975579539215
728.4104785728048,504.45831592267353
188.31372224509016,510.9421331060562
197.44529116857487,515.3311958740115
212.04199106486772,513.6907638513544
220.1776533898777,511.1153834722922
231.5052984130964,511.9166798551645
241.3626030527256,509.441058303316
250.0943523220447,511.0055883432927
261.5561316851419,510.4455167795745
272.3495995198881,510.08954342333186
280.68479326348523,510.7992354435246
292.86058068783376,512.5254201337087
299.9356414036677,507.10979856769825
313.14644406006164,506.5991520157967
563.1967633015237,513.1647928650339
568.721531963568,514.1614740536987
579.3995189817431,511.76041325268994
589.7971599629544,511.289862260007
599.1554232604631,507.83704018244197
606.138337504385,509.59718444804116
617.9490021649817,510.45200065257444
631.2113905457314,511.0797854954306
641.0056325142264,512.2123282356577
646.9047362927115,512.7736979964772
661.3256059642632,510.91449778267116
672.1484904541155,515.5557915922676
680.2260660953124,512.8713362764032
690.3036220581364,506.6452208232871
701.7193598796572,513.4311503340214
711.1161915933254,511.71054372755407
720.6319394460006,510.43312648593167
730.8473423332897,511.7891583158504
738.4828698121205,509.212394141789
183.20007978518683,517.0375409478332
191.8091252544577,516.9326289177536
206.5777256794191,516.4298165204118
216.0592732209803,518.9109773749486
224.74820941652817,521.057421279675
236.83144344182094,522.3690906259578
248.0706684945918,516.7060607068076
254.74585675578612,519.8264206851554
261.73076806994436,520.5837447783579
274.9841849140434,520.8129430097617
283.2720219633578,520.3764823127657
291.6122823404027,516.8740587570081
573.418472233444,516.3717969087784
583.6338110235729,517.5196449121787
594.3677296024521,520.5986103743192
605.6873859277179,521.1556911045739
615.7223489253093,520.3337499145847
622.7503491144723,521.8267310942415
636.036413819608,520.8724396853497
645.3595912970562,522.6063148617037
655.2090411008859,521.8829195300804
666.7599556772665,521.6203323623771
675.7888978410065,516.60945429746
683.8066427717564,518.3811587611601
695.3154434412613,522.9083022406819
706.0320038454497,521.2424922572606
714.2832030911118,519.2750514712457
724.1070958041655,518.9119984634292
734.8277188020062,516.7406301957179
745.4235323577483,521.3437649742064
755.7366248287933,518.892352522778
191.67814974874278,529.2220616057026
200.284699434457,526.4089459360061
207.5719429843732,527.0352131091577
218.5416889968215,526.7284309755718
231.39149660523583,529.372035853709
236.972555661583,530.7742106842533
251.9298998560932,524.381050777873
260.8208688433349,524.4543201920812
272.28841990929857,526.9667900706636
278.89792410747623,534.3452104886462
289.4378022913866,530.480042504503
609.1502543527849,528.0759544080944
618.8398662898313,529.1782605216356
634.033491171975,526.5079401873811
638.6881731332903,528.151907552645
653.0554832516822,527.9030994103292
661.0068406380382,534.0869607910946
668.8210890668605,529.1201613071564
679.8633622361165,530.1659603943035
689.4258610025917,528.1088581183737
699.4770575088553,529.9797993195021
710.4925927695392,527.6605930191519
715.8039455575637,527.1030203656393
731.0064670576995,530.1022058236215
744.679824640743,526.4662037197949
749.6251790321214,525.120865758718
764.1167020207263,524.3563936704677
769.8363736379457,527.6799754442702
185.95492191656774,533.233561319044
197.3989317735195,537.6186065670604
204.5593628255529,531.7535091022935
214.92375059661452,536.6370095169376
224.2458502595361,535.179486514667
235.07687480265506,537.0431660112491
244.44714522112122,535.9354903800588
258.7517555249938,536.2737248508794
266.4559213285359,535.174951552111
273.50438411120837,539.4318983204033
280.872453538997,533.4930772266741
633.9635295192257,536.6940415808087
644.4972251180508,537.925690951966
652.4513025744629,539.7548529196202
667.6506817936909,536.3088491031697
674.0984658467316,538.0441081790497
687.8586972068583,537.5075590478796
696.0063964524572,537.9601629403246
703.4894932987396,539.4706313744293
718.1010450894775,538.4963958259726
726.8270443345219,537.8998689057285
735.5805795059816,535.4321459274462
742.534078980999,536.1484256754915
751.9286708321391,532.6053398091587
768.429018731808,540.7491458515397
777.4728022545357,537.5833772424955
783.2452899633894,533.699309158338
184.3308295375603,544.7955719039626
189.6814296657946,541.3685032589791
202.83659936090794,547.6143491003805
210.29345987173605,545.3849047580628
222.16247589723955,542.0547705394195
231.3656512593636,546.0075408719118
237.15716322711282,548.2506351143973
247.8705401914925,545.3355327101924
263.0716150370751,546.2987840545269
273.33325170335127,548.8544991232186
280.65741178965607,544.2602622753047
649.5199395134013,543.8987952439279
663.564474583385,544.8762867800458
668.2655497574515,549.1049228095445
680.352137937296,541.2867939499583
694.583270380751,548.1077120814292
702.4402261431924,546.4552214293516
708.262349950118,545.5558421960349
722.4126953760218,546.5368967905491
729.950705629643,546.8982090218533
738.6664923634374,542.3660911539522
752.734817655096,544.5153435339356
759.3476006882386,546.7069348470037
768.1104022543698,547.4875318948596
778.7031233686964,545.3892983909001
786.0350191254482,549.9639011044177
186.83186032045728,553.312728034823
194.61555435982453,552.3975480211288
205.31154847074313,554.47522749234
213.23866253464337,553.427331786224
225.16785124796743,552.9874900314784
232.99312686248766,555.3449247615172
244.7280963907055,555.7630183943044
253.49767265667995,554.2678801042738
265.5233403970129,550.323068782593
273.11751997027403,552.040232778486
283.16553793309225,557.0934553840078
682.6951649592309,554.3212148811976
693.079700251492,555.54529609355
706.0988109193931,556.5748774953618
712.3907204593854,557.4744817957816
727.7092313798565,553.4584343843026
736.6369756022181,550.010537524429
745.3321991944517,556.5475509951216
752.2787092332022,555.0434565947268
765.418455052279,551.7685687334678
774.4694017716241,554.3834399269597
782.9289815808402,551.8266925141482
795.2023253614335,551.9853415395726
195.18187590381356,561.6821368475124
201.30099145600818,564.7957728956941
210.5509427069789,562.2323406676276
220.05613340103403,565.0205759027252
230.8054727540524,562.8934663979521
241.1465840664414,561.3655524124171
250.61730669404744,559.6882036676697
262.46550778069735,563.3866259933919
270.8796906863318,562.2366822957792
282.2782790937229,566.2076341775138
699.6837864580297,564.4515954860926
711.4561796241544,562.4714066546726
719.8679606360764,564.5990517340771
732.5162738320829,565.380229080363
739.3286253003463,560.3971714357405
751.5543771631847,559.8254896883719
759.9951556969228,560.9266776730727
769.3204918846751,563.168155786055
780.2305245036696,563.0124859218793
790.8209456762112,565.2768694961966
187.0449565728566,572.7122873623402
196.20671017897962,569.4720593506901
203.6971475109646,572.5219165191494
217.74615638196218,570.2102963777182
224.80564922604864,567.2842767560495
234.76386819545152,571.5057258394717
244.72603207634177,571.9102566482776
254.46727158488017,570.5768994126278
263.7757785431723,568.308027032449
275.5191578195602,570.610495309218
278.651376732346,572.6627356552383
704.3530215566461,569.2005672652435
715.2390020962438,572.4756746935103
728.7489446529947,572.6265305682175
734.8131058307526,570.8665042837265
745.5209762113542,569.5539039679152
754.298941123709,572.2784366097475
767.3393071404224,569.0103443029633
775.3762683385173,570.1058581830669
781.6059145088878,569.7204321442289
795.9681781324388,572.029076340057
192.09870263169412,579.1315104721789
198.95613007063255,578.9833739231376
210.3209051256052,582.7821765428224
223.06846429178816,579.6890730335236
235.33464128840112,581.9381814212262
240.44077084023297,582.2497805943689
252.84306952861152,578.6649641723673
259.6070037871454,582.0600422005182
273.8266681183712,580.267843103333
280.0628063938832,582.1612733831901
729.6650640787992,579.8411059034186
741.8423590264103,577.3086154185581
748.810153552098,580.6373104872484
760.9845379518566,580.3883875746947
771.4624763480027,579.4730762984007
779.1568991886697,583.2641248548259
793.1104370752726,582.8442085049578
195.9271004705962,589.3239209950306
206.64425417185936,589.7651480660652
214.07915018252103,587.5709926018069
224.43902292711232,586.7865470430622
234.77690025181212,590.5637735561912
248.38232997842363,593.1690121240969
257.2495640350877,588.0580149546641
264.943935098449,587.4355225719679
273.6893133242301,589.1484921747367
286.3152344232179,590.5845495045867
741.3313916964516,588.8139192334118
755.374332271331,587.9649478924028
764.5588260169357,589.5840571928642
772.337703695132,590.4630406652817
784.3641832319428,589.7716210642427
796.8397942662851,587.4394498507065
197.74509520763272,596.1166829375711
211.1176648364936,594.8911631378155
221.84916900761834,598.9002655679581
232.74782144748545,597.4702367050179
238.19158373734118,599.5679210148851
253.26398484615098,597.8970236001069
260.7138478125912,597.0433960651443
272.00503558640924,600.0223174347224
279.8911319897378,597.9167344511957
287.1999094134146,599.6656932966698
749.9643960238176,594.1727568339179
758.3413034486005,597.8872510774742
767.5854051041346,601.5899862121562
780.0996168200118,594.1026043310052
787.1281259663336,594.6552358311545
203.45355550388467,606.8787015196839
218.15092696402473,605.7551432107017
227.02419745251956,608.0453428604351
232.5567220040725,606.9684745723248
245.65807532633113,602.482136846799
253.83928123956812,606.740111147845
262.7883668214898,605.8459788933937
275.6305071776677,604.9015116983238
285.00628810333603,606.2235542157998
295.04709936512796,608.4848386235755
778.1071875844922,601.6388213770209
785.8726411901188,606.5982628694651
793.7525107568092,606.0587002357472
209.5672773635656,614.3076240117082
221.00989678230627,611.9559803196913
228.8194163754287,616.4557467286147
240.86138574248278,611.1446948517654
251.60002021011928,613.1749173908798
260.79506065842907,611.1529369444532
269.35986293266734,614.2782937326867
282.09944772684827,611.9840603233358
287.9177502745833,614.3189052602013
298.0715306117211,614.3593434720003
788.7167364344688,613.0862661174133
214.9310314219918,627.2742598005616
220.5287783040824,622.0238406138686
235.36079067453224,622.4255515790118
245.21925550522332,622.7496945590741
250.83971507504918,623.5092577906034
261.9786028423713,623.5367575104053
276.4715152153027,622.8900412388244
282.7124422217334,625.3035052483461
296.42403069149566,624.4456669526394
222.83234430598188,630.8686396022732
227.3855443302937,630.806594321728
238.1870679803581,632.5842606450539
250.7555408181181,633.4495090681447
258.3195633240558,629.303993489734
269.04674936092175,631.9086454551014
281.8819541295093,633.9813041776616
290.68151924471886,632.4787802310278
303.3172408928333,632.9143348257627
224.27026328773852,640.202137664935
237.93852423029767,639.4540929591128
248.42958157926245,640.6919349203594
251.5803915735888,639.4961985542145
266.33071105737974,635.8867611904326
274.8537496961074,639.036839983496
287.6300579948622,637.7037112828554
297.9503851572732,639.4491540043902
307.18463435071567,640.5341653237125
231.2570316763014,648.6782118056595
240.17659712205415,651.0806631036107
248.23390280300666,649.8033505260075
260.4637903673501,650.4403168280194
267.55543513559024,648.8577971198864
278.81574159149596,648.0637031861761
294.2036540084033,647.2239195698057
301.1907829390297,650.4594909969268
309.3305316261742,648.7006331741818
318.1392296659695,649.1132072803082
235.14510481702908,656.2732831303715
245.00142534289174,659.656557803134
257.37536099525715,655.360276183169
265.76113969723235,657.3939587130092
274.0799137766556,660.832854076562
285.93930817763504,656.4989618970266
292.61394090619723,656.3434116945267
306.51145853116816,656.5940123407851
315.9502625480026,658.761482962945
323.19828675548547,658.1417373645074
238.48297598699844,666.796143960031
247.25539223004859,666.6337879875247
260.78818613334147,666.0252239880652
269.2195560896886,666.6733452338369
277.2684184094032,668.4022255472481
287.7929312827884,664.3118465955368
301.2891135938685,664.4790968888932
309.04754240974546,663.8483404658192
320.795953730953,667.0361050730575
332.6016367026301,668.561415732765
255.63057970866151,677.0796784159498
266.42926047694493,673.0592428440896
273.75548507979016,677.1216911779077
281.65749544021025,671.5777224304042
296.3134159755203,676.1922889509823
300.2813617836342,677.2223196931486
316.5834343226487,676.2477122966271
324.30961555904474,676.7675001096163
336.1236927313951,672.7887791255021
249.2777709151874,680.4163897072982
262.73603061531657,683.901042160536
265.30249856704415,685.943428627074
280.5887559347141,683.6907481823379
292.77989851152864,684.8983682541597
298.3745656162674,686.2071136946771
310.22679385997816,683.535330034125
322.55924805950133,684.2303390642077
331.31081793736456,684.0103142186773
340.22785532336695,682.6708037936068
347.71885895563094,683.2057570132398
268.4234730907453,694.3200027552331
275.72698468485845,694.3169459496127
281.2342518714102,695.658977967473
295.0149357879331,691.8641409788772
308.2018450532828,687.3226938044219
317.67509557184053,687.27999227441
321.15351250940296,695.0253532891143
339.24307260539916,697.163038051291
344.43716097876626,693.7337574907069
358.64940847604305,691.7348350532101
273.2817306826641,706.1151295451186
281.28394718826695,703.6360379129638
291.0883903890884,702.2473478738162
298.83555277576266,703.4999265042458
307.84271779882613,703.1608536747907
321.82416503420745,705.4481610976774
328.4965985993548,701.1092442433965
341.1962728801067,702.3817111190053
352.156309502046,701.685902139578
363.6085057241407,699.8915896996447
273.24862542190056,708.8997843789156
284.8862156512369,714.0312364957896
292.02129351780206,712.4946443601492
304.0312098378245,711.5710150105929
317.8523111389943,711.1246122602391
323.6216347198607,710.2344421983687
333.27785888814793,711.1003800568557
347.00259284999737,712.1713152064351
352.769345182669,709.7646903164059
358.0254647098268,707.5590616157441
374.4797787768842,710.0764469927716
291.21463934344587,722.6635536093065
294.5813547343333,720.5420560639828
307.75282739284825,721.1505901950921
319.67926286680785,720.5337405259438
328.01249917698465,717.6597055125886
340.29769557908963,719.4690965359882
350.03107572451864,719.9830231466807
361.23448506568695,720.9820686461882
369.7069388354996,721.3859855858011
381.47981284628406,717.5802720895443
390.1587131257776,720.6239422300512
296.8288522329072,726.4604726699312
306.78625824317265,726.3441815387238
316.1314339330393,725.7112823795891
323.564489500532,729.2073875305973
336.8979855491591,728.0033913331723
344.6605055699096,729.7489260200784
354.71093140011743,728.8961898523885
365.9786716553135,729.9485078105135
371.1965819323905,728.9803480763928
384.3791492317202,725.7383644712365
392.4425783149993,725.4660704691657
309.2118826787879,739.9827308245586
318.60469200089415,733.6050734988488
330.27787389506557,738.3305787130936
343.6652348007474,736.4345864342445
351.182735780558,730.6903969273369
359.9570830842054,735.6390918314518
373.7479641031197,734.3170621432461
384.11515886093275,734.2571837122798
390.4705017569375,740.6990275327405
400.2080820482536,736.3774094342632
406.3477098606185,736.5379053934324
315.3170694243111,743.3046963493842
325.535859818162,747.2935614980076
333.48610189911545,743.5943501642843
344.173793515921,744.2915137249154
354.0496272478775,740.4159058637242
365.5094872246674,744.0193862236653
375.5665497982885,744.7113624901428
385.36754743222633,746.8403416437568
393.5791102257534,746.5396025070967
403.87029771008514,742.8553990460226
415.0483051214466,746.5440759623388
423.6016749459151,747.9239709694516
326.2458318823786,755.4635700154003
340.6407178765021,749.9518750407299
351.6962100199461,751.0623282593829
360.38801520898915,756.0831934308142
369.8331292051369,751.5030817436381
378.46753104644864,753.9422363465159
391.9896345177585,756.4611995965741
398.5247238177175,756.4113374436139
409.6160331846898,755.7165515384977
423.78162901458376,752.6520295255434
427.25487343301165,754.2236694081332
334.0827683818942,762.0537128773341
343.2109244023148,758.9566882730647
354.21901163353806,763.3782655242602
369.34898417236576,760.8211499846434
373.76566737899907,760.8406035206199
383.6707762689609,763.7694287650272
397.84446882670795,764.436506778154
406.1551800772557,762.6246765587524
412.18816169296883,763.2151873980125
424.9670243474492,762.9201378535786
434.13534634969693,758.8160874253043
444.2597054113105,763.1414347436215
352.5488308556618,769.5747242018492
357.3821973330832,773.1817539305506
370.3744842720799,772.7577558435388
380.5221231618735,769.6975201287249
393.8282888370936,770.1593059604855
398.91411499026583,770.0480883065283
411.5558824635826,771.3265924681954
417.90719298044553,769.6088009488681
428.00214051305505,767.4428403696904
441.68194670473986,769.540070182982
453.6497785357192,768.4052190773253
461.37024282693636,771.4072493283711
355.276104976473,776.2767783241145
363.5557868998775,779.2664572636146
376.0938847718498,779.8627263249911
382.62909855431855,775.46773365438
398.6900368528776,783.2363031947264
404.7391584982831,780.8689464179317
416.25317982757645,776.41173430045
425.09630306855684,779.9092216367541
435.03331737213887,779.9715308591313
440.7371241571923,783.7889669757454
453.88792148873756,779.9980926781335
464.67123389748485,780.630907922275
376.8745762876122,790.000455174813
393.2071161710312,788.4909715115431
399.7813613048882,790.9567257033506
410.5414648589969,787.9258091521943
419.8908847338698,787.2878337606458
429.9644733155874,786.5062205704111
436.06926520632356,786.3970893557403
444.35516264078603,790.709504198722
458.72177615913773,786.6761577041491
469.46678873239927,784.7605484337945
478.67585710849926,788.493570771109
491.9748726099608,785.0030225067562
379.84906265752,795.6186518693113
395.5872324462841,797.6886673176754
402.99500984744566,793.6742989042148
415.3406555624037,798.1496079422745
429.2923055881528,799.9617295170384
436.76478973815085,796.5970545499393
446.13384604528426,794.4194549962771
456.1472003182364,796.8137662635102
463.93740307091815,797.0351446847476
472.38385014465814,794.3363826052157
493.4175196061588,796.9764159561097
505.34681437433824,797.0602739267975
511.86042919819704,799.1237102843936
434.13303740548696,488.10873702979717
360.8771337047129,491.8959037541734
371.21451087003794,493.8588587027237
378.8293737245651,493.0024873275236
388.2260309217607,498.3275383725895
402.11286017733477,491.2311638790475
406.3105174223672,494.36753542469626
421.26966734001803,489.53324985305863
426.0792458762324,491.65301448446604
442.05640499116134,490.5312611494088
451.6298822497606,493.88452262047423
457.5538561164387,492.864385690723
469.0176492978614,494.22363730626125
332.5092271425208,500.09486429401437
342.9492404554075,502.58570743701665
356.07530809307735,502.8160626269256
362.54841157248535,501.7987472282873
378.0007168497706,500.17063246939875
384.3520916172786,502.78848295168933
395.32053908013785,502.98692438927736
402.75024139854503,500.48314045855227
413.267211314151,505.54357950452976
423.702338500018,502.87737835526724
431.6128513051262,502.8938835480359
445.7373137291497,505.38022258326424
455.33635784364037,501.9529104883863
463.7977716042503,501.9893889412886
478.25561803634105,500.20505500990384
482.4202009060641,500.1614748581602
493.06077641808884,501.61691160602794
505.00918088076384,505.92566385957315
514.1118125826192,503.6634000384479
526.4381793022748,507.2439369721504
319.6206308265658,512.0982648878401
327.5037960428183,508.2162997118812
337.472375813655,509.73818375084306
347.22329914486863,513.7731522973118
358.6526476840591,511.6184507080652
372.2682011292371,511.004492217965
378.792785184014,514.8589222864232
390.706913825934,514.2032169714548
401.52744040457867,511.0439518195472
410.30775858086423,507.40854068541194
422.2245387274151,513.5553251531948
431.3161649595617,512.9137590958659
438.0798955282258,511.4567880467867
447.96851116580996,507.9063954198271
458.22474584067095,508.2959449892539
468.3174228510678,510.43528753666976
480.83846551022043,508.06644571936613
492.83529304724254,511.83361914003575
497.905874759952,514.5708206245365
510.58434250623066,511.98612801760123
519.8650601573346,511.61906930266616
529.261139325608,512.5352416066542
549.2246125690982,512.5793006497233
303.49416079248914,519.8679526583634
315.3431418275571,515.5073101663378
327.413122444152,520.440267357635
337.4327292451853,519.0860996987816
347.11816343818134,518.0317575339881
356.3841141403477,521.5587226527058
363.78532269927814,517.8068048930743
373.4255455185961,517.6860700093698
383.8993388011883,521.2395635759572
392.3172428294705,517.8373538354889
405.8518781556789,519.1212971074135
413.1933538255544,519.9463353300498
426.8292207513638,521.2181714854797
433.2881040489139,519.516740802727
446.8590872957621,518.2220989958005
456.5560378343066,516.6498124727154
465.8369814929054,519.3539934336134
475.7881024053123,517.9103910126859
487.45688983699694,514.2941516131795
496.7960070757585,523.8879007671137
501.95671822427164,517.09305892432
513.3029091971719,516.7865202841248
525.5140382208502,523.2118286233276
535.5235577457136,520.7494057876903
544.9296728813184,519.4078415168332
554.6854838206779,520.5057540493135
563.0833738437498,523.1673336700097
577.2363934267348,521.3814220197288
298.2703243902435,530.1153087538304
308.43098899734173,527.9156163680276
325.35168849978106,527.4807400654372
330.5009442199887,529.3278790844726
337.07748687227325,529.089713438419
349.96705990786165,527.9472210361793
358.4619506600727,528.1597422876091
367.3682113575739,528.3363512696694
379.4305440235139,525.605165780485
388.41604535950165,527.2513949899273
401.04886691228074,528.7005519999915
405.5147110952287,530.8073898996452
419.7292909136222,526.4321005652798
431.8748453455163,525.4530293196658
436.848870808936,528.5383390943248
450.5140426703525,529.2366783215966
458.909551430383,528.2034455397908
471.02968398010387,527.8250134640926
476.0847141557706,525.7688760150571
490.39717181858646,530.0386197028874
498.43327724217215,527.2635377960196
508.8558966325306,525.5810629696283
520.7969592037372,527.3549887529414
532.099501386845,526.6790809167275
540.0997491582358,529.0012384660299
551.5548913215847,530.2808700247283
557.3943790238144,525.9460877120076
570.0820800760007,527.6987601562222
578.7902144658055,527.978741132237
588.7313410892887,526.9258552744332
598.8048909294395,529.9669462383275
294.94108749187143,535.3107058922594
305.5165798413766,533.4217302679825
316.3971533756647,536.3310705241788
323.3190076512065,536.9688119306427
330.43694015507816,538.6617635358872
346.34979636115577,536.9099069300264
358.1265312240167,534.7282516728708
365.0787113885005,537.4760401804581
372.1840849426666,535.8933469012194
385.472075591396,534.5473548558136
394.56633814468233,534.3540407997257
406.4118692450626,538.367048665294
418.22473519158757,538.361972610104
426.0571744056073,537.7885576356972
431.7667329691202,536.5834886731511
442.9489416704843,535.5412667340788
457.813617628037,534.591118700567
467.7214995522467,538.6856500688668
475.7635108423758,540.378700370557
488.4612909096814,537.2421874968888
498.3353853690347,536.4837612682213
503.1912332061311,539.3964953011658
516.9098310358595,537.3166194547682
525.9816145157785,536.9667761851666
535.2792604188338,537.8806442143549
543.6936060382708,537.8859893886915
558.8893043424143,537.8480266450497
562.6666493359908,537.3927511448258
576.9287249277942,537.4388779798396
585.1872925928391,537.0815750021077
594.0015647831939,536.0955144395213
607.1165961669182,535.6442527427198
612.2813453273208,535.9271489236844
288.29275868557426,546.6484024253273
300.15218114572696,543.8122680287278
309.52628529956445,545.0253765537519
319.700685876187,544.0526199728386
326.7502103758246,547.2659030331528
338.80111337342913,544.0388481888342
350.32036176225347,544.333158154907
361.4663807302281,544.0912323312477
367.8231381291055,544.6290274242294
377.0322447352326,546.795078683444
392.1225446608144,546.4945695125335
400.11240867048497,544.1701783973198
407.53202601032325,545.7180706861042
417.16224959340735,547.827670417607
430.16965498265625,548.0744365485493
441.10622456010606,544.7647319406755
449.1314720803287,543.5243121802959
458.936438621257,542.413571079209
469.94397537759977,548.089026455065
479.7915054904785,543.0916608526562
490.318922285859,544.0953127968668
502.75758628221547,545.8772030001116
510.18478850141673,541.8355987217537
519.1455707214905,544.728699961319
531.5923125067834,543.9082962600619
541.0107651080334,546.0858411145316
549.1929638378632,543.0920773721585
557.8007917454302,544.2578612683351
572.325048028076,544.3867316486707
583.1980631887886,548.3455756439323
590.3627251586877,545.5304414297291
601.0843202466559,540.0735425894641
607.6703865010624,545.770850307696
618.1085824958897,546.0750863923289
628.2441445761857,546.4358876950532
637.5516616789247,544.6202486491121
293.35286327862815,556.749382234145
305.2196725870362,554.2605670384818
316.0364331437318,550.6451883285371
323.9143020283256,550.5922283550254
335.7672530022068,554.7952750626595
345.5823287471452,557.324496321577
356.3521568461503,553.6367352150857
366.7845095866038,553.7200525563521
372.668039399285,554.7255491800901
382.82280840143267,552.7177893727275
395.62447885644826,555.2705680172363
404.9374631664533,549.4367847726888
416.5139315762135,552.5290783200286
426.9890759806564,556.6507703591894
434.5034736284941,556.4064886597399
443.625867504273,550.1779070593002
457.17894141930225,556.5324141136992
465.0669844789912,555.0737933514347
475.59831929453594,556.3712892466012
486.33165158938925,555.2564318116192
493.1108658901509,555.2692481671453
504.8580235206949,554.0300816716114
517.916853870233,553.4512712173375
525.9839490325593,553.2460611432601
532.747559276153,552.8522655759685
542.0614790261105,555.8198399822132
553.8177305909489,557.3778470872285
566.1585725623254,554.9543878869127
574.7953076475566,553.9297589521587
585.8147893887049,553.5789815304793
593.0219350860258,554.728067002138
606.6065325330512,551.2010557701948
616.5108026616778,551.7239694326908
623.9328005081253,554.5659599942119
632.6809329652386,552.5767100178391
644.1937231564765,558.417673243092
654.5553641249619,553.2819752698479
665.0995515056339,555.5614093352608
290.23519376935127,562.9766297900426
299.92410435957447,561.3121023769695
311.74696649259573,560.0995126875692
319.2201809998857,561.1448327408879
326.3574383957905,565.6408210913513
339.68977407646577,562.7299799133145
350.16172937798825,563.9291919937053
361.7280337228853,562.4987400752179
371.4190632193998,561.6534958825424
376.89829028727837,564.3631270373365
386.884839915406,559.524150484071
398.9982326280912,562.4582957730611
409.5198052770693,562.9685901897097
418.9201955205405,560.5400083581334
429.18350022904843,559.8125360428769
442.2580701505148,562.820465989031
448.0927816795047,562.4670560180004
461.30233608482695,560.7496635033033
467.15423842136505,562.2511618645289
481.03836867342807,562.451384882406
493.9070166718559,561.5960551332273
498.28578467646554,560.5596639453181
511.654044103902,559.0951489450202
518.2200937159064,563.6708754367282
535.4199039743519,563.2475785284596
541.7351194041656,567.2824229766221
550.7561617726543,562.5200806186004
562.4242276279788,561.722313534451
569.3978888538425,564.2434540099634
576.0090130250819,562.8178077614375
594.0042011699727,562.7114978181227
601.4992451532856,562.4917177510494
609.367986042176,562.7051204783771
621.2688271122508,567.5982941336606
632.4919939249226,562.2938228848567
637.4288321228133,560.7559500933946
652.227835955542,562.1248878251497
657.0400505424068,565.2264606931827
667.0437601218592,563.541727837197
677.8928220240506,564.2487487469583
288.7401440333585,571.0474154955865
292.12394869863016,571.1547909489595
306.8758525286122,566.9975089109281
314.76532638523315,574.8439728098856
321.33282689915853,570.3441205491464
333.9980494593064,573.4414788725541
345.84849608178257,570.2002921412245
357.2864507714688,572.0223735050971
361.46253764553654,570.1830983498918
372.6996018864668,572.1999468262428
384.74604680773837,573.2415615885388
395.96888578969197,568.1957627293796
535.9272834650021,568.1509738198027
537.0991836236627,572.6669647870514
557.1036085818971,572.17342989911
566.0681611443781,571.8457710843305
574.373522061778,571.1859046059482
586.4032457337687,572.1873245355733
597.7290336653546,570.1009067342261
603.166122177945,568.7107218157645
612.2840665570199,570.4271375147448
623.7424548019353,572.5873542226254
634.2036983597325,572.8525085555898
648.4577689986664,569.005627909967
655.0218473958176,572.2778526274844
664.2393602689676,572.3591142866139
672.4891022336918,572.5367137034953
682.5749487733867,571.4619158417783
697.6396322927449,567.8535502321098
702.0551124988941,573.3542380253846
290.3181755341557,584.3757512769421
300.58689621434576,579.9737518356903
309.2217534410139,574.766750505819
318.5787965260931,583.0220049695907
331.03018648384136,579.807259860872
339.6001173330574,580.8807907687221
348.71703031263667,582.0405498091635
361.67979847515335,580.9614442709379
370.0312704259007,583.0409880966661
378.36988361817095,581.0992174040326
550.9393654750351,577.6079667108463
558.0166038806898,580.4083659671747
572.1398700223745,578.0606392268425
579.5107806732296,582.607317482323
590.4488665424451,581.0432675307525
600.2097415360683,579.6405489968961
609.5132907568127,580.2049123818045
620.0433520907925,581.546194284151
629.4769291718331,582.2747516674416
640.7798273211899,579.9794908716558
648.1241607044004,582.0822091272704
659.2952714296398,579.0876902693358
669.6947489819387,580.0277497756863
678.5537404284318,581.9271908826678
687.4692620031628,581.3037350122496
699.8703965657375,578.5112671500095
706.9620046625066,580.0389645490957
297.3017695464676,590.514627211581
308.80298516440644,587.4387011092629
312.54609887699115,591.7180394116189
322.9250727618487,590.1287776860697
334.45142923759363,589.0834929117647
340.5978467222533,588.7484061642001
355.5932193255152,592.7665048065458
363.80886766188115,590.2208031903283
375.66927214791735,591.136972704773
595.2285203607242,591.713664248044
600.0214004771791,590.2118803388904
617.0342612909731,585.5212599155908
621.4131033844211,588.2708772136709
632.640646688063,589.7550936386762
645.321858118412,590.2776017112585
657.228013176789,589.8251885887231
664.606587573822,586.2938814582274
676.0821116425864,587.3132701483283
684.5802977697442,590.2403654676768
695.1909886198026,589.3184976805529
705.4498566611544,590.4054296993694
717.651253521895,591.8020114518533
723.2553430590891,586.5150395907119
292.2629152521394,595.3216136072319
303.3162739067099,597.1999637206045
313.2191451367035,598.4215312563007
322.2454786717685,599.8437678856204
325.3130957612342,598.1940212373864
340.8923468537898,596.7623095658627
352.02166326325073,600.1856537782883
359.99489665453757,600.4050851823279
371.02351173963353,598.8214799041162
622.7726287883906,601.079443213319
628.6111161094601,597.7599431630696
644.5515810367941,597.5331435651764
647.3989669484381,598.8839483813509
661.1975696209508,599.6808488585136
668.5642854080849,597.0755185586768
683.2101836642622,596.8881267192779
689.738956386956,596.5357163899704
696.2371364892794,598.8455408100416
707.9050131506262,594.055864624651
716.8394578385023,596.3361920721019
730.4869538627497,595.8085461562584
739.4974213988708,597.0404151985618
751.9890076709955,597.9234206975405
297.1717285884745,600.4393361229218
305.9314371398798,611.3485573387163
313.1308286165888,607.0822931063025
325.6664501636066,603.7696097758546
336.8469761515779,609.0154441505042
342.1319538173038,609.624510349354
354.9784636833781,605.8516522197259
365.12945905457366,607.3088980280631
371.23122961606066,605.9819803063438
639.5315913678841,601.5367701815762
644.6669652344802,602.7461139309379
655.0493537775985,604.0956686941245
663.621964179509,605.0302165777663
676.8472251679401,607.8881273045528
686.02646056523,609.4055364463111
693.7946455028438,606.4782285625563
705.1901306749871,605.6973217965997
713.6060085279898,602.5706339330563
724.8985910850103,604.6713318973182
735.0764832231131,604.4684106051602
742.7502604762254,608.8372530068837
755.6293239627722,606.5892920172645
764.0143402696932,603.5341673360873
771.2758864986231,608.1528434244357
302.64586783921436,615.4435360003852
309.76706182905843,615.2451195224367
319.54033439988456,608.8230908152976
329.347706219377,614.5595629403696
339.44250037781507,611.0306366894779
352.17595364570843,616.9099981773995
359.3297461671456,614.5746218219839
370.9316772073755,613.46274281246
380.98720981808367,614.6537134299155
661.0507388445315,613.4221619901826
670.239363869973,616.7903073660996
680.052404805627,611.1444135867883
689.775731535559,612.965621122752
698.3350706046333,614.0419217605947
707.1783467370498,616.5844819067916
722.6088970941594,615.78294195026
731.299184479907,613.0221760518322
741.5595081067491,615.643931817189
748.0364043905214,612.2238308178198
764.6092905630999,614.0328880436596
771.2899702488005,614.7772899666589
777.264648065465,613.40337767381
304.37985843096703,624.2589676052082
315.5063205874851,622.0026837908869
320.0093500708104,626.1438800392286
332.9386284932846,622.4393338457878
344.2021235215824,627.23475371806
354.54321305450065,621.9158556859232
360.0835591339251,624.2665282342339
377.52500102181483,622.2555856465099
385.11701071446674,620.5557814735698
674.4800018499077,622.4494083037473
683.4360726793991,622.9549288147576
693.2655829327645,622.0149049190455
703.417550182595,618.4941207456452
714.7028012757296,624.5907151101761
726.2534980267502,623.8520097402433
731.0239738502182,624.5656578447678
744.8774239658645,619.2087035610576
755.6929527310062,623.0301183606103
767.5120997938989,623.2056604129987
771.8082217466742,621.2568086492657
785.0025588308688,622.3227185786986
793.8875142933045,623.2231768639923
312.5686062499274,630.5763253456441
320.26724441425216,632.9039285914891
331.5360900580281,633.9845058593589
339.5395644105829,630.9033397640991
352.8737118457436,631.7900246270414
360.7725914880888,629.7374596524777
369.82627794967544,634.0209923779149
381.1163638499385,631.3142474914481
390.2056188267202,629.8714160478704
687.66317703958,631.3984884067422
701.3927824523494,632.2148647672186
708.3419315026665,632.6502166537667
721.0759395327026,632.722133158506
732.6747766707086,630.918057578056
744.6279123445763,629.3078973364144
751.2409658070554,633.7001282998976
758.3991794541481,634.5385828412805
773.9603934099895,626.2681250203176
781.5181644837145,634.963362160549
788.1491989768996,633.292934641158
323.3749866374214,640.662174787395
336.4621849633778,642.7498684426284
345.3390215212171,638.9490519248177
355.91354767720907,636.4405676536583
366.52752638677407,641.592546962049
375.0690419724984,642.3946300494717
384.6967763288586,644.0025305694003
395.5843590156197,639.5691540272747
704.4883620239588,640.6606356246615
713.8267184485554,641.4053849986393
726.3554456122323,643.5754806130407
734.304085501815,636.5359683669885
748.1187338315915,639.6023514738953
757.0986414928105,641.286789132758
764.2305961406776,641.9409584974968
775.1791306446122,640.358933610455
783.1124226948469,640.4312382138811
789.8478915867968,639.699311016572
330.1328949802462,649.3796592177606
340.04913953285563,651.7547507304224
350.2579009636933,649.7715304633712
360.96786830324356,647.6841342435514
368.7285545874156,649.8885320594388
380.56549186309724,650.2082636516013
388.94127493514264,649.048654928952
398.710335101358,646.9487398391749
722.6483129592988,649.6632719688831
727.4450753502929,648.5876092139447
741.2151033123861,651.6026198976018
749.8326516625235,650.9037165801251
761.3614554594978,650.8171851949835
768.610103695869,649.086051803131
780.3050242378328,649.5504501131479
791.3006507558334,652.9637123379382
327.88868469490825,654.871129093269
336.5768692674157,659.3098239384351
345.82424869295113,658.5451224543033
353.02259863418766,659.1037667386842
363.7735045184894,659.316580870129
377.557850806706,656.7720471872836
381.9580925052886,659.080942648981
395.31649016410955,658.1969571699799
404.792472283592,657.5286220628558
415.1163292060984,658.4999096371648
747.9772670814473,657.2386032921796
757.03632831078,655.2588753072837
761.8403991716334,658.0780335904172
777.5608388619335,656.2561919263961
782.9283514377771,657.1940765198734
795.1820922962773,657.7554313262722
339.7557287038306,666.6965090753416
349.62668722283956,667.9099925625089
362.3819772445234,664.4999460539337
369.38782444013884,666.8446571816625
381.30122323044174,667.4785188642027
387.7717528987798,665.3575204951046
399.63389925790216,665.0198026209415
410.3315130084956,663.0910594216455
417.036145389965,666.2039303440739
751.0500375815637,664.9982781673546
760.2418043872376,664.7843178238205
770.6812617698313,666.148996753223
777.1413208684738,664.6041858549486
791.6177587205475,663.0899014775151
353.7227527117567,674.4436489217209
364.7269910890715,672.5550380935387
376.80261292633986,676.6569746955795
385.1638919336141,675.0261330419786
394.13318389841584,672.3792979518563
405.19172984840645,677.1733032401838
418.54283482217147,676.6773946782085
428.4962296228929,676.6023541140496
433.16332178931737,675.453024655176
767.5418522536247,674.0659957032315
775.1852290158387,678.6765959368042
783.7790058883173,677.3163902170581
794.8606062169076,674.7434334259862
357.6178921722501,681.9389705705518
369.7197728527033,684.5679881970143
379.3181353299999,684.5959267879043
393.57979455026236,682.1364607454515
397.8062253930421,681.8996285563015
410.3729552361544,681.7964539106603
422.11393211570413,682.0866832046311
427.7782442897735,685.4970263021174
437.5543829852936,682.8357390708304
779.4824649734724,679.4032062705062
795.1868932295142,683.2810953283595
364.57098911107477,692.9615268299218
375.9104689107451,691.3050361691635
382.59430882868827,691.2474507254477
398.94679340237354,690.4402952779899
403.6892899408915,692.971113001804
416.8146498646609,692.617716436254
426.1687386467315,693.9265293407809
431.5678068450482,695.8721040763504
441.657898799263,688.847573261683
454.87165869899366,694.4614590091214
787.748114415279,692.8222574524643
792.0298800889411,691.8735999943192
383.3365401946742,703.9073805593846
392.0856153122599,701.7711357722727
398.1165624716602,697.24402785215
407.8721646190403,700.4991351511676
423.1876315690202,698.6585630164859
429.25080499070884,697.3413856589017
439.09698691875406,703.0817043307445
451.16338936050937,700.9229400527644
460.7332332399132,705.4043609971108
469.48565235567787,703.0682074272838
385.6518876499833,707.9816997175469
394.1944235529242,706.3005916936722
406.9907342433309,709.5550507721764
415.2451763554871,710.8365355813986
426.8906718038869,710.0339229708765
434.8031839836446,709.774266109228
444.11465021274387,707.7945547209441
454.12390116403657,710.6526519045378
464.2071255687073,711.2340170709186
472.1520377569739,711.0125123675545
489.22835839205584,711.4617901905551
400.379898147137,718.7140087068653
407.24063335516814,722.2331588254898
421.53825916947574,717.7360275950052
427.52771267608796,718.9397512385835
441.56245698393127,717.5705284356329
447.9581074514456,716.490480716972
457.9452946044156,717.7262840401465
470.82415545336045,716.834983962796
478.8234365564797,720.8813775381262
489.30404898510267,717.5026080271676
498.2085373221769,718.0482056270321
406.69877392113045,727.5361412978756
412.8683331323689,727.6795491873102
422.24489280340765,727.4532437902781
431.4956341620483,726.8684966471236
445.84281639175896,725.9846527761224
452.8966886875103,730.3620524559349
465.8519464420078,724.848410466047
472.2639013301317,727.7862058552832
485.83352724990885,728.8891090998367
497.46049014371243,728.3406168325042
503.96643868246576,722.4012477851284
512.9221494172931,730.0411694655959
419.17054312540915,733.3948702353167
430.0071669388126,732.9903687674758
441.65582307278476,734.0121479487103
450.0749287683196,735.6200536492232
459.75057324198303,738.3277357848809
472.3664589960091,732.0016429461682
481.10121684471096,736.5139481513902
490.27052562543514,737.929722032534
498.7832951372224,739.4699380115098
509.90975304731415,738.1183354160403
522.1577982276707,734.793332532993
529.6518955106535,737.6913095051269
426.17185485115755,743.6630297685824
438.2834651412215,745.0875801922201
446.1369557578064,745.5433432998412
451.1814165518541,745.5162506947885
464.3663977190572,742.6188210700907
474.3222381721907,745.4674816820043
483.73790031109576,744.0115118443177
493.7781483113029,745.8158377800984
502.99440218102455,743.2308252244922
512.7273806194999,742.8361395457808
527.7915304108017,743.2529931244409
536.1488814372767,742.6787043033288
547.3721059628944,743.7653008625186
448.0087130182609,752.0189713872137
459.0948186850131,753.2361385063617
470.8573496234222,754.1685764493124
477.74001493479483,753.7653371007599
489.2848410040276,755.4266767288619
500.400981936213,752.7971681249395
507.2997796325644,754.8427542537491
517.4597584831622,755.2445115038068
529.3717290110334,750.5170758336147
541.2367687148923,755.2897651827622
552.3138849464692,749.3117908048714
556.8058354206877,754.2280455888757
568.0840670276847,752.8276228542651
458.83042297243895,762.6432238551128
465.9639427096524,762.8429496265044
476.9092072737685,762.4755819191424
487.2629395248237,758.0890425680441
494.64823268251547,761.341459122055
506.22928983507853,762.0127968744969
513.8409710986393,761.0352609484056
524.650934493446,764.4010054176246
535.2017556457595,760.9868110504448
548.2262779484631,759.9179672654628
555.0247325394954,761.7105355614997
565.0022402355058,761.5454061003686
577.1701398147047,762.408384986807
583.2117977128402,760.2729396758705
479.1351884381794,771.9179097954196
491.5538093384734,773.4125962526003
497.929091079241,768.5700528214514
511.5352144083814,766.3133796014743
520.005125101042,769.398102608658
529.5444963476059,770.8993508218308
539.7648492996839,766.1705332778292
547.9386595139891,769.7991795515145
558.9567317769983,772.4079039214749
572.3884313323716,766.4645455905528
583.5681526712349,769.9775478822551
591.6332278360306,772.4247077439132
600.8028410628914,768.7816924146022
607.7167902031954,768.5660536155648
484.3039726057224,777.9827809528584
496.06795779851745,781.2535854798184
501.9153539354018,779.4353767830561
517.1290833552484,783.208389193101
522.9920514875456,779.0657000093325
529.7751093537862,780.8107757619887
543.9077878919572,779.0506863773979
555.6779913840911,778.9940512450091
565.7459865512434,778.7725462355202
575.6086400845688,778.1609140410401
580.2512155894754,782.0848442692281
598.6121175106296,777.126989181455
609.075451728982,780.4862723664218
616.1794443579854,781.4135390282192
626.4861444642926,781.417735079868
634.6146410540176,780.3434754308114
512.7404814560105,790.5053083732838
515.3299691778054,788.6148794377244
531.964154986111,788.2817173053734
538.8125947259276,784.4041486023036
550.8067248327226,787.020706349955
562.717005950766,788.0881720995026
568.7330374076079,790.301934146504
581.9899484234886,788.3653880794282
592.019323431977,784.0415197617074
599.2120599645405,786.1471573946919
606.9866094165234,790.2410078319566
619.8375464144277,786.4646250213999
634.045390470079,790.6644302965356
638.7581847433014,789.8172927490403
646.0937224134515,788.5860349362982
660.4345048133805,790.1634624553619
521.7254465642926,799.2918528633876
537.0017610490789,796.0095459320078
541.2399750704608,797.0682857915007
553.0596742718574,794.3204781594472
576.7059182498922,796.1812973455851
583.1564414518557,796.0642150374503
596.0637311351865,799.3384556307652
606.0120913142559,796.3193018793413
611.0360031870495,792.5806595664642
626.0169915292905,797.9221691042064
635.7677571194906,795.4096618216828
645.1676726561976,796.6818540676821
654.0464568426145,793.6491604535967
666.5628801839649,798.021383949566
674.6680349883517,799.7686632739104
687.1458819933121,796.8012683329391
467.59722950219475,566.0505415575448
404.25359312644986,572.6964468221151
414.7604607349794,571.6688261456476
424.5054539828231,571.1160047850486
433.92649334726724,568.96234433463
444.08837943323465,571.8183350253079
452.01082102032365,572.0149873844301
468.221609122223,570.5128996921383
472.10110459198796,572.8395815903539
481.35559943903377,570.6759159797607
497.77137516329475,573.4303578156639
503.52696639393446,572.7953131864449
515.667090476691,574.7343608248684
390.0263278196185,577.38519010607
398.85251065671355,580.613185011967
407.11587931060075,579.6151181469879
421.898988145073,582.7701796433023
429.74537278341427,581.4492499347504
441.1725976206469,578.7802274936074
445.4946474429925,581.8335394651858
460.80597427211006,581.7907828005402
470.98823929063866,578.0704106431864
478.3526368372294,579.4851753942805
489.4593017181422,579.5533564790016
497.41428191264697,581.5310797886902
506.9116743943768,581.433677852674
518.3508656787936,581.1078916676308
531.8388022837188,579.7321149564949
540.5462186528425,579.0825404882146
550.3576111524974,583.285604651748
384.04657974168214,588.5798036816553
397.4709909549725,587.424918642277
407.27073806912705,588.0499247795696
414.67944777275676,588.6666477142498
425.6623183251336,588.2208424923074
437.30137788993744,586.0551684980923
441.41570412144694,586.7251227299569
452.8972946533892,588.1109642070485
464.5373098125547,592.097834161168
474.3815340647715,586.7873409173988
482.6293179480765,591.049392011903
492.6666615591741,590.5452225674517
507.1879747226029,589.489467716213
515.2850945710509,587.4309378644114
523.138253789975,587.5871814874117
538.8326185079411,588.7390071184877
543.1734673347182,588.7079658569124
556.3000924032797,587.7364753686173
562.0594605609979,584.2779945391865
572.1910314450142,590.5230321157605
382.3018806683688,595.0842460493159
388.9946170878247,597.7112362476045
403.82592654040957,602.6330972875363
410.02553073185175,596.5370326152682
417.6781519935366,598.0874833137988
425.41263715429955,599.1206492681625
439.43372617978,598.1701318673516
448.5798070246072,598.3423688007518
459.61076525023753,598.1677055466178
468.81933495156846,598.46406248841
478.6719334716066,596.1109993684327
490.5419958982275,594.9485739738109
500.6814272445951,598.3215421726168
512.7038799822867,596.9542360467616
518.286299812016,596.4441768678414
533.2717697415911,598.3441628984198
540.7510991567124,599.1279701302051
549.6202018130829,597.479257854943
558.9312101195949,595.5514478998485
572.5286498859045,597.650058522279
578.8119259898019,598.884849065578
592.3664799301512,601.1542360807235
600.6516654742583,597.5867969556456
385.4600931784531,608.3030343714555
395.54455020846166,605.3909854407264
409.4083053625825,606.4463997406135
416.8758126092618,609.0015490991852
424.1934513295026,603.3359966021225
435.1241581020666,608.0222696130252
444.9640450646192,606.545585918587
457.86542815267364,608.1758284352402
464.1861582352482,603.0341675272377
475.4600838972956,606.481056126433
484.9352878962468,606.255294000871
494.93807448479527,604.5601815412762
505.0249813453042,604.9508753315502
512.7826846969654,602.618324388184
527.9144849901562,607.9941274233245
532.9720997015221,609.6015952306541
545.9708857554164,607.8872168922336
553.4847060916445,604.6919699401071
565.898465617296,604.7785092959924
571.8572752223225,603.046620604763
583.6187413207971,609.2322590631684
590.9890517786936,606.5197495594684
604.9711387980996,605.521324977734
614.9999005414223,603.8907461856289
624.798693390616,606.5914636572909
395.69012833385773,613.2715679214058
401.72840377125567,615.4714728572883
410.1087729955037,615.0869741905746
421.6583053516942,617.5279840394264
428.6548019436837,616.1687007421607
439.04424992452,611.2221601894701
448.8061510349971,615.7314649664676
460.03546152383205,613.9672238752103
469.2166181325522,613.68272539981
478.88476089740175,614.8448727537819
488.8928353741507,615.3354491064653
498.93915120519586,614.0322102479728
509.6233878142578,615.7728957169703
515.2986382964067,614.7230107176184
530.1506905225528,611.7194264703263
537.0590733812369,613.4877009605026
551.9091138258647,615.9582679350993
559.3873825217629,615.0901764827335
568.396317764564,616.5104723489992
577.5687062610916,611.8656741705202
589.4400443791467,617.4814494282447
600.5596438050592,617.8737481394173
611.0137037998669,615.3371980969423
619.362127865194,612.9489491534791
632.2314565820091,616.365389018928
636.7207867737136,611.6501379791495
647.3671751003571,614.6448121250708
396.09002289481447,621.7870727381602
408.0331495051185,622.3978102788789
412.17822011322613,622.8868772833185
424.45688692863126,623.2908390334621
434.45627014540514,621.8797499185185
442.3775147651632,624.3757203964512
455.74884132560175,622.0945485280246
466.18068355386754,621.5009841929707
471.96884560393266,623.6403816007407
486.0133915747156,627.9115843463413
496.2001703037642,620.9689470812884
507.64627120494976,625.3246609561813
512.726212107487,622.1618546625704
527.4052203087473,623.2351264166754
539.2492629358543,624.2572878806511
547.2353581520806,625.1963082378178
554.8206118891138,623.5291452955134
564.9564832805497,621.1944199239741
575.8073453607976,621.475804395385
584.7101852857605,627.044709711813
593.3457536871856,624.0621816820931
605.4713626127432,624.0092593772653
614.1669930015333,623.3884786296927
622.9865640603298,624.7224975079558
636.233538744784,625.0645885580899
646.6112412858679,622.6332750811758
655.5009322462048,625.6002350385094
663.4600538671597,624.1180137166601
674.1911127946864,626.5401810385288
398.7219925268757,634.1868112672262
410.8457098385026,634.1032483020999
421.2217904106639,636.3784573589978
432.083832989794,629.2848097510865
440.72260953323087,631.8126571656436
452.88177258772964,629.6190328187027
458.5121601036418,630.6741557385368
468.39940837011886,632.4130142583745
480.38007625061755,632.9106269450826
491.73078433240596,631.5717861796353
500.92431737251053,635.1634666399598
511.5641753195104,628.8055407606256
518.3709823779601,628.8872656899453
530.2145503754055,631.9714740692202
535.6655786259284,633.5116004441794
546.7261192237031,636.6612621337401
557.3093968561668,630.4724967173964
573.7936921341333,632.6182916928217
583.3655636839222,633.5460688571209
587.8189492934481,629.6339126739815
600.6566891112167,634.697040181726
607.7852655325031,633.2943808164945
621.6597669742739,635.7310024019166
632.2806798274084,632.0247013482632
642.3302905236761,631.9583250403902
648.419446350217,637.5534001323807
658.9196144317439,630.5351169296059
668.1351600324368,633.7285272166279
680.6377021701527,632.9588431890351
691.4611681151481,634.2727288627041
406.8005401332622,637.7552302245076
414.16830053528884,642.8661825829727
425.0500953441603,641.667899916543
433.78912963751435,639.8253327913186
445.5849115439066,638.7370190518495
457.42052868909957,642.3347738358287
463.83052190723953,641.8756887756755
471.52069635164605,636.7518977026209
486.2593416267905,639.5495983553642
495.3292238543668,640.131595076938
505.7490599697802,641.2929342148384
515.7620923571836,641.4069702524628
519.7949555437907,641.3133173504376
534.0999034474265,644.5708748992699
544.0521507244216,646.315260999547
558.00222116867,639.355507952609
561.8106523564738,638.8901890196374
574.6543289528813,639.2029756716759
587.1935668413473,641.3395645192641
593.0209043176461,638.6872364943521
608.4252808546481,642.7928903650985
616.4617844337761,643.8145731967116
625.6380560628046,641.8747504920291
635.0916398249652,637.4856360825614
643.2903929087115,640.7982034475789
656.032570121349,639.4032613307811
666.5374677664869,640.9498231303666
675.3179320226362,640.1230646588008
685.8192543203671,641.429196375933
697.552474247311,642.807391967688
705.4207978895612,641.7713665236519
407.26354497171667,645.9228180767343
420.9802003448119,646.8937037085572
430.4790055827329,645.6906485349526
442.6576652070967,648.4691374495029
447.7199476600771,650.3202825252791
461.2058144387866,650.0165563808463
473.4875481247005,648.9051778741232
479.20223736077816,649.4998831490243
489.1878779093828,647.3693613660631
501.257460613002,649.7574994801656
511.1186869228769,650.7673286709595
519.236119374717,648.6818287688789
526.2510688542768,652.9917860802184
535.8895259848629,645.4179990557345
550.1246143636658,652.0802773254084
561.4420871485938,650.9238892821331
571.5805591764054,650.5685681863918
580.4971686776571,650.1877338481244
594.9555454611171,648.4647415128163
599.9022016513906,651.4616937700353
613.1653552118778,647.133554475568
622.22975002413,651.5196201740677
628.8996890330386,649.0919294487882
640.311747985723,650.1021889475204
649.7422405675024,647.8049755269055
660.7153280118413,651.1646980491382
671.0003716930017,647.2286076894013
681.3706587743262,650.018611810906
693.8004681529062,647.2034485403685
700.343066969135,647.327340339788
711.1775417727291,651.1186115923341
426.68956498378594,659.183489628494
434.7367439886741,660.8221047452354
446.0719957327293,657.3275730642084
454.990369454816,656.3703014952874
469.63738673023465,658.0984023120575
474.9092896081961,655.8014917859456
485.3570917873631,658.2943769405224
492.58379545837784,655.1306174635423
507.84084738901885,657.736150100655
515.8265198649108,661.0709005422694
523.2610123872519,660.7097584267209
536.8259530931371,658.7992542311425
541.9692216106984,655.5713604874971
557.832108282227,657.2788182439803
566.1634149406576,658.1166947260494
571.076308953088,657.9062155902557
584.6630901263093,658.1937290629584
594.886537637764,659.5484705568817
603.7978771555584,654.5994639879436
614.8582968965216,659.031773458675
625.8003796473034,656.0151416640263
636.5025899450801,654.5872468402202
644.8190771106582,659.6649963657023
655.7699600025351,655.5204049613538
666.8571469783352,658.3942898294315
671.7131345995108,655.931051567902
687.9202945715405,657.2350855099754
697.569410468311,659.4178962071192
709.0769944092219,659.1015039872916
716.9214380836514,659.7671647553509
725.7674332960595,659.1931668112683
733.4153753978946,659.5058403425502
429.12617541522644,664.8233863776429
440.47849024782835,665.8878833429235
448.4817488979085,666.2471924757689
462.47125366708747,666.8328144024224
469.9237600385154,666.8043929439716
483.6096383358943,663.4501084958714
490.75987272873004,665.3710386192946
499.90678018305505,663.2562921390149
510.5095329068719,667.3102728575706
520.9503726746018,669.6418849272529
530.799528880653,665.7216619005027
536.6290825918558,666.35720861505
548.176202082461,665.4781933396575
559.5504489008102,667.9572387146836
569.5079162595767,663.1566862330578
577.7483842399814,665.8601124056153
587.9962603411047,666.2475455344177
600.2298701278902,670.0012492488406
609.2084242722718,669.6128204944376
621.1476274135538,668.930044512096
631.3222757867381,669.7661182706252
640.8258279479489,667.4262022281299
651.7018357897915,670.0359813095274
660.3758568071089,665.1287448974049
667.2073704473213,671.1055820011568
682.2921816375601,667.5582268443368
696.8232111841779,663.4409060486157
699.7736888058286,670.9698158720471
712.3061811071774,668.7831945638893
719.2639944610471,664.9788712736386
730.9578430034564,664.1144777680572
739.1130573560226,664.1353412001404
746.9209032667021,667.2049482776279
440.3497453148966,675.082938758646
456.941204802103,674.684632573134
464.89877378040455,675.8270909707952
475.09914832181653,677.8125342872441
483.8835967866995,673.8368544567878
494.3320396997242,675.3864869590155
504.12226906541315,675.252927391536
518.975841925791,675.5003285180096
528.5863471268701,676.7336479779945
539.0902189906611,675.345369243707
544.9598349239202,675.86708331735
551.5150569222236,673.2776942581522
567.9488616276179,673.1844453900148
575.8167727741387,672.2136710191586
580.1573083663292,673.6353898561605
596.4469605492719,676.6173712125558
607.785845949117,673.5461401922931
617.1227647410863,677.3976731341247
627.8337172236256,673.0613918824642
633.0627042662852,675.6426791932244
643.6335208666454,675.8205690227306
651.3342560230382,677.5022461390633
667.6750170003967,677.245663717026
673.3790828016423,675.0843651453578
684.282222831951,676.9729431531379
694.7999730199762,674.6475558653038
702.8339026006959,673.8099532650007
717.3446730890124,673.2212753432547
725.1226420121003,679.5028861080871
734.7661328913563,675.8640810007369
743.3536104236322,677.991747316779
756.7418792265784,672.4632032132589
765.2784572189554,677.8041248345635
461.11093186883846,682.7708089688579
469.72462086190575,684.6059635955512
482.1002044648136,681.4278663574404
491.68685523067614,683.5383656494408
498.5551436916025,680.8595707835444
507.7718032120101,684.6173317736954
516.8998370316215,685.8647724483375
529.847014591604,683.3987488389331
542.297822935364,684.000185822568
551.1955749530903,686.1759784276094
559.5890463698671,685.6711297996902
570.1158959490923,680.001596090876
583.4568801455098,684.3478121616353
589.3271530440562,685.5707122096449
598.8690076672618,681.8940517569641
609.6361260982007,687.1020785353612
619.9216096721071,683.3779107345551
628.230443113264,682.7351942930005
644.183105457413,683.2501115967162
648.4144161404666,683.7314758002215
661.7093694393598,683.426244520125
668.9510813590825,685.6313404598559
681.2567933240124,679.1513370494633
688.7066911080448,683.7958307958215
699.0016432372418,684.7269020018344
709.8333803566785,689.7201943096917
720.5249002571704,685.3123097514139
731.5507169592601,687.8930370013427
740.8213734329224,687.0052366465763
750.3444460939593,683.9549813382187
757.9134002289726,683.1798149818788
771.6131079356319,682.5180156563562
463.45880476444927,690.3965655578281
472.3019739997026,694.1362715255242
483.81596425213354,693.364408213298
497.33294811362157,690.7213832987089
505.0702665680423,692.0983367237799
516.871201781064,695.5688249106804
527.3451219790652,690.9974181697212
538.2341460990956,691.3874794089127
547.0869278893827,694.5518286904082
555.1969629092292,690.5212790143315
562.7819901999761,692.1473869402473
580.1176182110148,693.2138477865182
586.2472393935446,691.6489802642135
592.5972618698255,692.8900278065994
606.2123379475349,689.9703412915686
616.3197526907395,690.473942626574
625.4921100366633,690.1756210736735
637.2219479821737,695.4429102606472
648.644414060398,694.4634372252616
653.7264622911767,693.6738240694601
665.1978719795713,693.0098988465228
674.212275502585,694.2247360472483
686.484794389441,695.992620988623
691.5109299932565,692.9148199200891
706.5839701259387,693.4803855390002
717.9354107022109,696.5795733504459
725.4296570244388,690.599627635889
735.5022612407347,692.9301168419323
744.8810277632749,694.0186505884243
756.9368740743967,696.7283690417543
765.4014580730253,691.7152188618438
776.3021085386307,692.3791307092741
783.7102492160403,692.2242604844687
481.9798136098173,696.971854791876
491.6024003462002,700.5011164475677
502.6970442473731,700.7763345752069
508.12433310400155,698.2169617199712
518.7789549674912,700.6526101512152
534.8743610419654,698.437500754244
536.584121510318,701.0673914838868
548.7807000765818,702.0077473616411
557.931360529842,704.6169128654512
572.2806240591552,700.3518373362069
584.9514319151615,698.8436383444468
589.5048110056415,699.2192594990644
601.2575113931741,703.986621531922
609.062257046843,702.1788500602407
621.6475666369367,703.0150509297779
627.4468449865558,702.324067660398
636.4708683444942,702.8118169821205
652.4571969009955,702.295816541089
661.7704254380899,697.4643867667677
672.0234647494518,701.0774845589135
680.191218311332,703.3723021326679
691.3090330338836,699.8323464683406
701.198805673995,701.1475669650966
712.231792085717,699.3921094781756
722.0775792985772,702.0722294810131
731.0564155602794,701.3620730777944
742.685270496026,700.0904168755077
751.5813338869278,701.3090813563153
760.2585644024379,701.9531063525623
772.9326817929992,704.5874848828121
781.1767673979552,698.4402599550922
789.6047307946919,702.3464150322548
493.0299509242015,706.5891060698797
506.47559738996733,712.1197285574103
518.4464272179005,708.5481328137026
522.0477569493451,710.6388842102875
536.300810348406,708.4360511430973
545.8120979487114,707.4353842992315
557.3634664964251,710.5060441915284
564.4229828080677,712.3772447905249
573.1532160434722,711.1330976522966
584.3619072428762,708.9553067280686
598.257031947668,708.1438515333483
604.3354360248444,708.9378360940635
615.9929780764168,708.9211846549662
629.2311682247871,708.4044294117089
634.1614225867698,711.1113225684473
644.3394901745747,712.6789759312164
654.2370355995118,710.5190712782809
664.2304623444691,708.1555690315148
676.0164387669607,715.2293466007792
684.1308890589505,709.3899979776082
693.0715935994261,715.6556666675776
703.3991577990661,711.3903060882083
716.5102180399452,708.6673754476536
726.8042727001307,714.2362253778078
736.5483122885005,708.0415967181439
744.6716011944335,711.7452565095151
757.1860331583274,708.3040150332106
763.2302055886356,710.6602379026832
777.3302072075036,713.0087486029098
787.0392405729672,707.8189607499023
793.7459249803712,713.2667632906437
509.99081978170034,718.8360632049975
520.1560740317683,716.659758948641
526.8525337800683,719.156334348356
539.4999277882083,718.6507863278023
546.4871890651276,719.8723812435874
559.3221719264811,714.9748891315286
565.6399539757208,724.6010420258225
577.2558735564529,722.2992740361643
591.1406916195773,718.3915550851945
600.9536254976472,717.4979542217116
613.5782099570356,717.6708215676035
620.6297245396435,720.5726073633643
629.0905815803047,716.0687781895479
640.0808236343204,719.7889974669424
649.9096858466145,717.8205606310369
661.6973067163223,721.1449443825462
672.9248405478503,719.3442072823107
679.6636522314099,718.5098134911738
687.5868291026,716.8804815366374
699.5948818922795,716.9169817013525
707.620023856964,719.9552295303405
721.9127513826279,721.8285783838702
728.5053853629621,715.1810251591778
743.0116512935567,719.8558729531169
752.2642081755093,719.7456685619277
758.2555017352902,719.4760855524179
767.7852879884955,720.605202138719
777.0630617134627,716.9197286903302
790.3040942839597,718.3332479954944
523.7425252483653,729.3326591660651
536.6440633759915,724.5774432893103
542.7187470350642,726.6830912748974
553.929706379642,727.0967193994459
566.2834309740952,726.0389420617319
571.1753373282538,725.217207058816
583.4855261062598,727.0130521729208
594.7194350945083,727.5314623842371
604.1174528927002,727.0885008119789
616.9239856839913,726.0111791944132
624.4481359156295,728.5036918340161
635.6249405011395,727.7441465653665
648.8950303537605,725.1133610609927
652.9566482550147,725.71469189286
666.7892969971296,728.4809340780495
674.9207092829535,727.2255989336976
685.7055307283002,723.9584817355245
697.7323520054966,726.9061695367014
705.883882660851,729.6765936313202
713.5661808810512,728.6521400584705
726.1643146745259,729.5026434110629
736.9325788923318,726.3441091295202
744.3766410518401,729.5037597980117
757.3543248587756,729.3920280937148
764.5854925796981,727.181153837406
774.7522448769141,727.6301577406409
786.2479044479788,729.1784732941857
792.9911585893553,728.8978586938953
536.2745171482082,734.0717127004557
549.112931963601,737.3110324298897
559.9538242495103,735.797388942031
572.77119810934,738.4667066331921
581.7633183629526,736.0180994805315
593.7725641996778,736.4058627707011
600.4062687501201,738.0939503173556
606.1855139506278,739.9289678903494
621.8484845698252,731.4593737540791
630.5451281665219,734.664193632879
642.2362257532852,734.8679282446795
651.4618471100898,733.9197720847891
658.6085393958629,736.1305698812868
668.0836277498368,734.7351795030092
678.9446892253453,739.045929032774
686.8732751389477,737.6052984568487
697.5420259124176,737.2714185272391
712.1072631126905,734.7647126503101
720.6852461085855,735.5714740244133
731.0575922090025,734.7454757782581
737.6564814164925,731.937984826032
749.7395204982976,737.1632775784705
758.8979543799461,734.2217773669319
771.1255832821727,737.2683802023311
782.5363598034278,739.1959606122282
787.4828457751091,732.824220131062
547.7002703628963,741.387639536193
557.619097024958,742.3354783159175
564.6087718359901,746.962386279773
574.0286695784084,742.9053079126306
587.3001691063923,746.5660828579861
597.9056868879298,747.7413753168544
605.3787677021691,745.1178757213305
617.1800126486849,742.3645022108655
624.3425058675236,744.5937133438763
636.4736237566713,745.4165469144597
645.7576076333778,746.1686423219793
655.4184384939202,744.1609490732253
666.285563948791,745.0119401348624
676.5366193553388,746.5521957537205
683.1135393072611,745.5906040105565
695.5080576849779,745.9381987372061
706.9791425518532,741.4628202442068
713.9135790354376,743.1497515904202
720.502112854249,739.840015481328
734.1311481967441,743.9599020793839
745.6874124633946,744.9659039319292
752.537173017189,742.0497122380174
761.847757735139,747.0737018347883
771.9408883954046,747.1481970589045
784.6034964822767,746.163794250865
794.1123091943798,742.4705728220457
570.1386786741032,749.5720493013723
580.8925026717362,750.5519273737209
590.0660217546863,752.8378456831348
598.4426534608704,751.9366016671892
608.8810107421112,752.8529535969456
617.1485040289318,751.3952498885224
626.8701451432775,755.2156990194131
637.0900179725077,755.7941733496101
650.0397812507599,752.9110229016153
660.3698795743128,758.012637208416
668.5187941838471,752.1477287321343
679.3571933626254,752.0780640070129
692.3726774398629,754.1196422295073
699.0014810934989,753.3696861970734
707.581494440583,752.9966578166791
717.9754421688997,753.0388984707172
731.217697568807,753.5596325301116
740.5508697558882,749.7220945225865
751.0687174773626,752.8845083311838
759.2387741294665,756.9625205703031
767.3162092437132,752.7798352836076
783.6211300641364,753.5179028127914
791.7589240810539,753.7591139528762
605.9547394518602,758.9934948803876
616.4096917524761,763.3662972568078
624.5374668846879,760.5598536309592
638.0698694832723,761.5705660588396
646.6115129762486,762.7779556113903
653.3014856578648,760.4577751050977
662.841162234867,762.369363838268
674.7111989057364,762.5203937869264
684.862660130402,763.3698303973804
696.4182349711737,759.1771813929183
704.1687553697533,758.9899519542702
715.0582050084378,763.2495774135041
721.8328246709304,765.3483802636023
733.3681700243716,765.9377621214772
745.7720737629247,760.3657205597801
756.3843127574586,760.4384701643309
763.2509232553655,760.5526940817126
776.5097421533762,761.3405165524321
782.9661174175202,761.7609498393881
791.848284606105,762.3718384340186
618.2798206393088,769.8112313343175
627.0779028659847,774.1085009365398
637.0381732988545,772.8483721562261
651.488914000079,773.685194166622
658.723336456033,768.7361708873025
671.1429556819315,773.6335542319788
678.5036584340983,768.258078683474
687.5526492870216,767.7792646033316
703.0280810824394,768.3486079494465
711.709244117724,772.5225117061543
717.4814843076081,771.5285039788848
731.2354769348669,772.463388281704
739.3174835688753,771.8229178907927
751.9570051853898,770.1573762021058
758.9469795074386,769.9201580070843
771.2467226156668,773.1367178483086
780.796010365969,769.2931322020227
793.4117275621834,770.2266559380197
645.2491902826689,776.1111039136571
655.4426894439414,779.1295115003919
667.2946282762208,783.1635525391449
675.1914989331948,779.4014865668065
687.1839145346685,780.6760354111607
693.1129131419104,782.1167913158648
707.2529734323373,779.5778451435748
714.4703004883592,781.5223364357722
723.9011261756293,778.3345946621151
734.2127421943898,779.2493078718229
745.0220030567074,776.5049568662179
754.2353803284528,775.3694661884764
763.809292644464,779.9958646249407
773.5104416167125,781.9777544755837
786.4515685784282,778.9557747148414
795.5025025671282,780.4300549438103
669.300651378661,784.8859170943915
676.9137440894871,788.9408442197882
691.8642117790268,788.0035836811455
699.7808129587078,789.635603324983
711.595519619594,787.21417631323
720.3343540877132,785.2622754722906
731.7003544675549,788.8828050181716
737.7231276501661,789.0955782591808
751.0242707201218,789.5156433248881
760.3348773220542,785.80441303078
769.6066756980307,786.4824656598267
777.1736941470832,791.5704174332453
788.9080268851327,786.6105320147833
695.1709577131536,793.7522447684756
705.8475949779328,795.8205919240306
720.9960608186216,797.078278684143
719.5878419898868,797.4239641964934
734.8715093329571,795.5331862980756
757.3888312078801,797.1319679451218
762.7808669624525,798.5599759961145
773.816475040878,795.3069940673267
784.8210669010543,797.7896071492451
795.7537029360436,795.3049954875244
