x,y,gene
403.3481090132378,492.8629215213827,Gene 9
401.94454298154324,501.6095275188385,Gene 11
403.7666590688215,492.26867660361273,Gene 11
403.4706696224772,494.68682510252586,Gene 11
402.95536432977735,504.42910973476666,Gene 14
401.5539921817336,497.5301373548544,Gene 14
405.0400414360894,495.3142460700011,Gene 14
402.2367170928459,506.01076951365064,Gene 14
404.1615413400198,495.97245908568107,Gene 14
401.2798772335494,502.87412047464693,Gene 14
401.8890516948617,494.0983372591498,Gene 15
402.1606828251481,496.0817094257765,Gene 15
401.718782373662,498.8520972659414,Gene 15
402.7058535309203,508.7103371493485,Gene 15
405.03144129394104,498.98488545904183,Gene 15
402.13693174918427,497.04348276760163,Gene 15
402.8561776413761,493.099335798336,Gene 15
404.71474327833823,502.01732235942745,Gene 15
402.68223655781736,492.2637890219671,Gene 16
404.05689373352453,495.96251912601826,Gene 16
402.3366138128469,502.79641005049155,Gene 16
399.69792131087723,500.7586099558169,Gene 16
403.42003199147626,493.9674165141103,Gene 16
399.7863616713334,501.49635835853223,Gene 16
405.090101756832,504.354855667584,Gene 17
402.68012467805227,494.7987342021731,Gene 17
404.52089970270913,500.2248032394521,Gene 17
401.3378018562332,502.21446066284375,Gene 17
400.5723326324213,504.9019190310964,Gene 17
403.1123700311592,494.7075447320539,Gene 18
402.83651548491383,508.89773325584804,Gene 18
404.67727401853597,506.7138745143462,Gene 18
405.310889060202,499.9176229937932,Gene 18
401.8561521545821,507.8269441285891,Gene 18
400.922704462501,501.2839535918179,Gene 18
404.5927766741399,501.06643441124857,Gene 18
400.33605240100724,497.0878594218255,Gene 18
402.66723695389055,493.26342130387064,Gene 18
405.47165007265414,500.98226410638665,Gene 18
401.77791157414885,493.7647450874214,Gene 18
402.3510894552835,494.56530221772124,Gene 19
402.90924298458367,493.82853924836775,Gene 20
400.16483010843206,503.2503492177908,Gene 20
402.7207852218174,495.24377372454353,Gene 20
401.5125403692077,492.3918496194464,Gene 20
405.05893536074456,505.4491195667561,Gene 20
401.5929156687491,500.4480325518848,Gene 20
401.4069973497862,498.2009124188506,Gene 20
405.62600318992094,501.74311104078566,Gene 20
401.62874755331296,507.09404114243824,Gene 20
403.6154688613809,494.42430460778786,Gene 22
403.392174075351,508.8587877681092,Gene 22
401.3039240545299,498.14513087218216,Gene 23
403.81409483682967,506.5984250178958,Gene 23
401.5779683474633,507.4525406545918,Gene 25
402.1313006300504,495.1243293589648,Gene 34
402.39728651954994,495.23078255141377,Gene 34
403.5351188360837,503.1025022371343,Gene 34
402.57303108440226,505.0205616969637,Gene 34
401.3583556966573,493.3020153189868,Gene 34
400.81430427493814,497.7217173895215,Gene 34
414.4843199450502,507.4752735928436,Gene 0
412.0596355473468,505.6066733667346,Gene 1
414.38921982471055,506.415531830345,Gene 1
413.96272696182626,501.25425103224643,Gene 9
414.3536153573933,500.36672246759923,Gene 9
412.36948459180104,511.87832652947856,Gene 11
413.4968870241824,510.06660490774266,Gene 11
414.36442275561984,504.468461841717,Gene 12
414.22528147664497,510.3002881278642,Gene 14
412.33796106832193,505.24338117480124,Gene 14
414.14053447760045,511.4660939769504,Gene 14
412.5915492865912,511.51353296752876,Gene 14
414.27579342796923,508.30627968404536,Gene 14
413.77193318148653,508.46172292911086,Gene 14
414.41100195062234,503.23564296627563,Gene 14
413.86436415266013,511.74897889963916,Gene 14
414.4925185894822,510.70202325814364,Gene 15
412.45101222803436,506.40647163693706,Gene 15
413.2694535270861,514.3513182817434,Gene 15
414.27164610250037,497.63717467158074,Gene 15
412.12447380015203,499.5977314563129,Gene 15
414.37502362640896,501.194818878382,Gene 16
414.40482644712375,508.5778515045403,Gene 17
413.2037414729558,499.0585580119313,Gene 17
412.43865632060295,509.0569821519984,Gene 17
412.1237845688634,505.4885420723053,Gene 17
413.2895281666465,502.9655454148568,Gene 17
412.6159667997448,497.90126000609155,Gene 17
413.2467872033974,515.7142058413615,Gene 18
412.92193613126636,497.62778986738715,Gene 18
412.71100222567765,508.6929351223753,Gene 18
414.17358731399526,512.776381885529,Gene 18
414.46223483486585,503.604822064499,Gene 18
412.21170362530063,511.88080937936087,Gene 18
412.3092292163394,506.02367666464846,Gene 18
413.95399317272535,502.4946587833978,Gene 18
414.65358881752417,501.2711814601824,Gene 20
411.93778926722996,501.5639494989933,Gene 20
413.91314618519635,498.94331688034964,Gene 23
413.66311779671264,511.25557797337274,Gene 23
412.8260455875967,510.27131655317,Gene 23
412.6682556895972,511.0217235369562,Gene 23
413.89656083510704,500.3117311544965,Gene 31
413.00453513196146,496.0763413905243,Gene 31
412.8600202126923,513.4847541879813,Gene 31
412.06125338561844,499.4531164306301,Gene 31
412.74736074196903,498.1205617906476,Gene 31
413.59504552016836,512.1432876484394,Gene 34
412.77633213474627,510.0289634854816,Gene 34
414.00468508447096,503.1065414916619,Gene 34
414.52350414373376,507.6991065571608,Gene 34
413.95645578527825,508.2487674691032,Gene 46
423.78515489900457,510.0465059782103,Gene 1
423.66355374009134,497.4424950471694,Gene 9
423.8861111853622,500.9850701228891,Gene 9
423.8217928523483,509.9315726431418,Gene 9
423.738892580963,512.0477047351719,Gene 9
423.8387912798284,509.19115768239936,Gene 9
423.6619012251871,509.4755638052534,Gene 12
423.54444185423574,502.4761819921595,Gene 12
423.7752535489748,511.48176228182564,Gene 14
423.8464645769695,506.64998155073386,Gene 14
423.7354816193067,507.05536051980346,Gene 14
423.6339175084095,504.6675844556541,Gene 14
423.67438076767155,510.7161017375684,Gene 14
423.55614040979003,503.3474722056831,Gene 14
423.717112566715,511.29025638591196,Gene 14
423.6123336058114,507.38150144473053,Gene 15
423.5911523557333,498.2941336982492,Gene 15
423.5361064065855,502.6873068626057,Gene 15
423.8210664537527,499.03534432485054,Gene 15
423.872432487234,508.5797892261112,Gene 15
423.8114624101194,511.592733005679,Gene 16
423.87917002282256,498.06489016961007,Gene 16
423.6265116261322,509.374041278869,Gene 16
423.8035276879604,507.1881008386306,Gene 16
423.59434335607426,507.55422419555015,Gene 17
423.7756106415892,511.02947072999956,Gene 17
423.740425167869,509.17033531932435,Gene 17
423.82790483588263,498.71755091589637,Gene 17
423.6326431507917,495.3519236759089,Gene 17
423.5961032675553,494.58694441009294,Gene 17
423.8399194784891,501.29401793364553,Gene 18
423.6621816684269,514.0708218950734,Gene 18
423.73711776083405,502.71883766921684,Gene 18
423.70807405575323,494.19898505224637,Gene 18
423.5934027774488,505.35673711726395,Gene 18
423.63571411616266,512.7902412634372,Gene 18
423.56417440524433,502.96062412991967,Gene 18
423.83649995542606,495.38923907387766,Gene 18
423.6719421414449,508.28513111764136,Gene 18
423.59673441638284,497.97403554728237,Gene 18
423.8479284621982,507.8768946658829,Gene 20
423.866326297547,501.85754254527984,Gene 20
423.58092862621277,503.54278404310685,Gene 20
423.6045894144838,504.8765490885777,Gene 20
423.75770973005353,493.57715641676987,Gene 20
423.7869267408481,512.3582267717285,Gene 22
423.5964722367985,500.31413680907235,Gene 22
423.8330930395381,505.77061269681,Gene 22
423.6048377935177,509.3722813453759,Gene 22
423.8432130096393,503.64870826652265,Gene 23
423.53381887716324,496.7863527198299,Gene 23
423.6517414163888,500.9820614084331,Gene 31
423.67203815480934,492.7973401832633,Gene 31
423.84414642309173,510.3018027892614,Gene 31
423.8960187741443,498.44522772489,Gene 34
423.8000967795992,492.67828758153826,Gene 34
423.89415623771333,499.029615094212,Gene 40
423.7471255091801,510.68929123041374,Gene 46
431.70060312750286,495.1576338972128,Gene 1
431.5969704167865,500.99740375384795,Gene 9
429.65597288121967,508.5390129431942,Gene 9
431.0830246435038,496.82112383243924,Gene 11
432.9535292709668,502.3752481982784,Gene 11
433.27541848652805,505.97132019169277,Gene 14
431.0411173467402,498.91561004425387,Gene 14
433.0368124853588,509.3368414996189,Gene 14
432.61465391215654,495.87710709496906,Gene 14
431.80621934730726,507.3656510978683,Gene 14
432.3594491903975,506.47050204292134,Gene 14
432.24693887856216,507.49496643792367,Gene 14
430.66418465365075,497.3353788768483,Gene 14
432.4568082953374,503.87455563090526,Gene 14
430.738509618276,497.1521625991626,Gene 14
430.6052217425665,503.1745178043213,Gene 14
432.529805664876,508.00122341264284,Gene 14
430.7988094973702,510.3166948483717,Gene 15
432.02418289893075,511.0209057834193,Gene 16
433.2490295708809,501.85339025369336,Gene 16
431.83478212737583,499.1768980139964,Gene 16
431.2561903005386,509.69949852140536,Gene 16
430.66842058804673,504.81862445658845,Gene 16
433.24642346827636,498.281718437792,Gene 16
432.5890093879916,503.4271320359821,Gene 17
429.74017991934164,504.699021483163,Gene 17
429.4822354335196,505.47849896610916,Gene 17
432.5893805619518,511.1064439681885,Gene 17
431.22441389973693,510.8250667295406,Gene 17
433.1804976497275,501.25582691240356,Gene 17
432.88517577528484,511.0921780745125,Gene 17
432.6186952479992,500.0114169152234,Gene 17
432.63669034939926,504.59331953343525,Gene 18
432.9258825087778,500.04718207378147,Gene 18
431.09128653691903,496.47587688014323,Gene 18
430.60649776743577,498.71341605736825,Gene 18
430.10771792663616,504.5661152480787,Gene 18
432.82762847462806,509.3574316544932,Gene 18
433.06572121249565,499.8507545340742,Gene 18
431.571765972601,507.7271845247139,Gene 20
429.29434007276507,500.1898934292461,Gene 20
429.84406048860126,504.3231360228915,Gene 20
430.1039729625693,498.7260476798256,Gene 20
433.81196654235424,505.34502545292213,Gene 20
433.829579719061,504.7780348099552,Gene 22
430.8541505647596,498.27873829249455,Gene 22
433.4184626611184,498.32868624032517,Gene 23
430.70694962168216,506.71796310066145,Gene 23
432.32648541799483,509.00751260320055,Gene 23
430.09835595211234,503.04999344319276,Gene 31
433.2440982111928,501.92244891013297,Gene 31
434.288555130896,503.5441803689072,Gene 31
431.69350076868153,510.1642907093469,Gene 31
432.82758532941335,497.1482268962848,Gene 34
432.8823250573118,497.1913411975788,Gene 34
430.2479320876653,506.457330119421,Gene 40
430.19798469970925,509.11130831097756,Gene 40
448.8096681124529,503.6333567106678,Gene 9
447.1717660882988,508.31533954446695,Gene 11
445.5952751674496,499.57960400394353,Gene 12
445.4895670229788,512.9985155733848,Gene 12
448.7185462169533,502.26721210617364,Gene 12
448.76246196847916,501.67885184264304,Gene 12
447.545324168054,502.3432671458712,Gene 14
449.31804686420753,505.6469339490708,Gene 14
442.6765653182227,502.4123830447898,Gene 14
443.13403816966894,506.02531871927823,Gene 14
443.55534124191075,502.234136479805,Gene 14
449.2035204724298,503.6361344947947,Gene 14
441.94187201061555,503.40327111356925,Gene 14
448.10229612254733,511.73914859895143,Gene 14
448.66407675663174,503.07543284312743,Gene 15
448.40951060588145,503.84446662677414,Gene 15
448.637799905552,501.87128465312446,Gene 15
444.0842366834318,510.92995469364223,Gene 15
443.5200508206644,507.31738277737026,Gene 15
442.4166125220696,508.95266672585467,Gene 16
447.16434514773783,504.1891890786269,Gene 16
448.63379734306153,505.38076821119853,Gene 16
442.19082132711395,506.2537816404274,Gene 16
446.40233110018625,503.5712155459487,Gene 16
448.55178709004014,506.76903305708777,Gene 17
447.5859929669866,499.089824822521,Gene 17
448.9219000878407,501.3559823411259,Gene 17
448.33939219764846,500.7740891067672,Gene 17
447.08148681547556,498.693799733564,Gene 17
445.0754418901152,511.9428397970894,Gene 18
442.55845829905184,505.8638622954192,Gene 18
446.967222823255,500.7133716180668,Gene 18
446.557799447301,500.9221248499215,Gene 18
445.6142998046655,498.30525680658155,Gene 18
444.35466115795975,502.4694269556526,Gene 18
445.21990453574,510.5344885171683,Gene 18
442.32569113453104,502.23256964969283,Gene 18
448.24210861181933,500.4569810455524,Gene 18
444.2738745346183,500.82956822786525,Gene 18
443.8034176288081,502.1280336859521,Gene 20
448.56841053945294,504.57314223042147,Gene 20
444.3755324196233,499.81113039015537,Gene 20
446.0109075170757,512.0550041767204,Gene 23
447.70950906023285,504.4971487273871,Gene 31
445.01648507011265,501.44668329093537,Gene 31
447.50961096056216,499.91902776607066,Gene 31
448.8255584810736,509.5754987258063,Gene 31
443.2617069137089,504.1620829604811,Gene 31
443.94025419366506,502.6675203674119,Gene 34
446.3655580728649,499.85419654727974,Gene 34
454.1800611822886,504.2903385036111,Gene 1
454.32822203902373,502.6467619091647,Gene 1
456.6269279248054,501.4421703510517,Gene 1
455.7987253644414,508.6959565196002,Gene 1
456.28085755335707,501.7853661373756,Gene 9
456.3036932640704,495.803394572228,Gene 9
454.93380455316174,508.14899009216674,Gene 14
455.6303478817587,507.31665038510374,Gene 14
455.8650089302742,501.9549113030761,Gene 14
455.6812759993289,507.72012869671954,Gene 14
456.90390350837805,500.1224524773885,Gene 14
454.9599825265908,506.20004074824953,Gene 14
455.1866819928681,496.37291596300963,Gene 14
455.2703789255644,509.560972929129,Gene 14
455.935210851912,510.48651603250596,Gene 14
455.3736230941685,509.34764409008574,Gene 15
455.19258985421163,499.03690053843957,Gene 15
454.65235650926957,506.3177470947018,Gene 15
455.2130849599745,495.93849635361397,Gene 15
454.0400929723642,504.10678817584756,Gene 15
454.81598549673095,495.7864834973027,Gene 15
454.24503525262236,507.67676615173025,Gene 15
455.92188526131036,503.09052785168143,Gene 16
454.5943713117018,494.3264227057379,Gene 16
456.75428007292584,501.7097828366975,Gene 16
455.2263128932434,491.9537498739431,Gene 17
455.2676149826315,507.74110676812717,Gene 17
455.90006547682134,510.80979147868646,Gene 17
454.39639364080216,504.56418588372645,Gene 17
453.8087930970861,504.35758537031916,Gene 17
454.5911499099076,505.4232660314061,Gene 18
455.2786693651298,495.28519377783005,Gene 18
455.3345158667425,496.5193444058481,Gene 18
456.60511309438994,503.45359877543484,Gene 18
455.63180494072225,508.53795581252183,Gene 18
456.0266958203118,510.42181391984394,Gene 18
454.39667685225817,504.3709680016516,Gene 20
454.85532247102617,493.7799095849416,Gene 20
456.5700340131638,504.0143446482365,Gene 22
454.24564877107775,502.9347808857028,Gene 22
456.10466275331726,506.8440005280336,Gene 22
456.7089717789862,500.25493540416363,Gene 23
454.0774394623816,499.2196257413558,Gene 31
455.21605111148256,495.49490164284725,Gene 31
454.047402010068,502.7032538385889,Gene 32
454.9941054620245,492.71980097203715,Gene 34
455.8704243159553,493.94988872056723,Gene 43
464.7793544656761,498.04722245239464,Gene 1
466.08527789296505,500.55175521472177,Gene 9
459.86933972527714,498.93785824743804,Gene 11
461.1265819609265,497.2675480590809,Gene 11
466.86126758902986,499.56474248012495,Gene 11
461.890200445106,506.0804218915308,Gene 11
462.4897797351857,499.82885009024636,Gene 12
466.7872952013598,503.4061380690525,Gene 14
462.9401014322697,498.8808955709228,Gene 14
461.8068725879205,503.3475489242262,Gene 14
468.0120383836854,500.6174516263655,Gene 14
464.69403767268386,506.96544490986474,Gene 15
465.5352476683829,504.8911648143053,Gene 15
461.4584622452371,500.72943507591003,Gene 15
461.2605653493123,503.0644235598854,Gene 15
461.59754773466756,498.3505035343091,Gene 15
463.24218048448273,496.42771797937445,Gene 15
461.5420821158486,498.6089616529656,Gene 15
467.62111063642027,501.9363565254577,Gene 15
462.26850073268054,503.986345540324,Gene 15
461.360943094411,504.29279966679985,Gene 16
466.1620637603599,502.58593825073854,Gene 16
462.9483438588546,505.5437168030945,Gene 16
466.8035837796301,499.3130736466031,Gene 16
460.6483726267402,505.48205191535766,Gene 17
465.47840993710224,496.2877737714045,Gene 17
466.06966493062646,499.254257294889,Gene 17
460.46468287399045,501.4328699554086,Gene 17
462.45282830636523,498.34078307610554,Gene 18
459.6338586071995,505.15917909557675,Gene 18
461.8008810129845,496.0816759204195,Gene 18
467.05301664794797,503.7123048675303,Gene 18
465.83144586542045,502.52747527114894,Gene 18
461.1343568689135,497.6997190153587,Gene 19
468.41685343689994,499.1693207460761,Gene 20
466.21543263681616,506.26094080905557,Gene 20
463.093401666377,498.0307343036026,Gene 20
465.14182442272846,506.2495277321722,Gene 20
462.347318447231,497.07609552993887,Gene 20
463.18455581126693,498.4678147183164,Gene 23
466.2815028919492,503.35308799652086,Gene 31
468.298922013651,502.19733474533473,Gene 31
464.56535514437246,498.0467666151539,Gene 34
476.53129925357723,505.5004135876281,Gene 1
478.75376076230157,495.7710972671727,Gene 1
476.3554962855043,495.05668234288345,Gene 9
478.2947505707993,494.48745133381414,Gene 9
476.64161686775475,504.8587785245636,Gene 9
477.19603223827994,497.99479678987313,Gene 11
478.63185710367566,497.96918377135876,Gene 11
474.1698024015926,502.0219253371097,Gene 14
475.17374803068645,501.262251341517,Gene 14
476.3394304007902,500.16480010315837,Gene 14
475.631341838333,505.852226432949,Gene 14
474.4014710668513,502.1643305350571,Gene 14
474.16662161980247,498.80157689768686,Gene 14
480.77796724249225,500.5475113176866,Gene 14
474.8117692396694,501.6549848449783,Gene 14
475.8355741966565,501.1012317911837,Gene 15
479.8661018898849,496.21567935246713,Gene 15
476.9265964102396,502.57666486785206,Gene 15
474.3374694814439,496.9057906258552,Gene 15
478.61241426165566,501.6603302692253,Gene 15
477.7902165042877,504.32564342882375,Gene 15
477.8172534301765,502.39713481810884,Gene 15
476.046028234931,494.97770776198547,Gene 15
480.5081726503151,499.1948866825362,Gene 15
477.36328792757087,497.48367203274546,Gene 15
478.56199374595036,506.3014478476323,Gene 15
476.46277437409367,497.2696572643916,Gene 16
475.1846591214211,498.1245540549254,Gene 16
481.6972585347151,498.71049791089473,Gene 17
476.14274823781034,495.6635897337073,Gene 17
481.37030079299313,503.71950896301723,Gene 17
481.0504501410565,499.1042387299171,Gene 17
479.4933515306407,503.0100103016356,Gene 17
480.23892027317896,505.27178896106653,Gene 18
480.3954968403794,505.80201688571765,Gene 18
477.49452514860695,505.0795057168867,Gene 18
481.3505648708715,495.1787444291455,Gene 18
477.5173053269269,505.38517093679553,Gene 18
475.8135080824254,504.9670000230124,Gene 18
481.8553481288825,498.84735878151935,Gene 18
481.3307813937227,499.43992536775033,Gene 18
476.18592163626903,505.7358605960802,Gene 18
479.96282237518307,505.9107494089822,Gene 18
477.6546250496299,497.2621365922537,Gene 18
476.4400352199133,503.54023944849473,Gene 18
478.5409380155437,495.14828788691415,Gene 19
474.6176989278159,498.28146120185306,Gene 19
476.06890915690605,496.27363022993103,Gene 20
480.55300506091663,500.4797565873469,Gene 20
481.06612701856864,496.63441912520636,Gene 20
478.67127174983557,494.7207927424029,Gene 23
474.21078065266283,499.003183563725,Gene 23
478.89317175039434,495.3574248911411,Gene 23
478.29728516654194,507.2702092343624,Gene 31
481.0323091652742,499.3834622219235,Gene 31
479.2261806439126,495.3260731452402,Gene 46
482.3683760897234,504.8544128985092,Gene 1
480.74044089634714,498.30417419014054,Gene 9
486.5480701599328,498.1334816132338,Gene 9
478.5903225722805,497.99192642127167,Gene 11
480.9195425887146,500.6317176397468,Gene 14
478.97119357788984,498.656259354961,Gene 14
481.1443249531127,493.6171444694473,Gene 14
487.1661322768702,500.49914420669535,Gene 14
486.68335788433353,502.5613880232453,Gene 14
485.14403392271817,502.4902379779007,Gene 14
480.1363490901626,498.9603742784874,Gene 14
484.1371882815851,498.86961064367495,Gene 15
480.91205353356116,503.6542230195129,Gene 15
485.5512352647996,500.8357031619935,Gene 15
478.5939860968582,497.96480492841846,Gene 15
480.06608107749486,504.25974356104086,Gene 15
480.1605250908504,498.2469207079293,Gene 16
486.40979092360595,501.9315369985466,Gene 16
478.6717847160652,504.24056132911176,Gene 16
479.64655939955696,499.1705180931179,Gene 16
486.32306102669367,499.669341022645,Gene 17
482.57224210405104,497.0574837632901,Gene 17
482.50141178387054,505.5124698440978,Gene 17
486.7761834731753,503.07728175343146,Gene 17
478.909400571637,499.9456578152574,Gene 17
483.26676157377614,505.2052832702902,Gene 18
483.63799911852425,495.7189637250435,Gene 18
484.81509538902816,496.32821771046986,Gene 18
484.45745022269705,505.8395915516213,Gene 18
483.92797219129017,502.1324451149644,Gene 20
480.87847981162474,506.46872404491563,Gene 20
485.21302504548055,498.8102475306645,Gene 20
479.27540803454036,498.2146256077233,Gene 20
482.16479917355025,504.36043864983986,Gene 20
479.8562388689799,501.40524997625806,Gene 22
479.76199521227977,495.1771876013689,Gene 22
480.19576565065694,495.70286776561767,Gene 22
482.1893374834585,495.2778218364801,Gene 23
478.51450585480717,502.5496896455717,Gene 23
479.0246686979677,500.51383079297426,Gene 31
483.2845531026656,494.7213873321162,Gene 31
479.8048257580699,496.70010954437396,Gene 34
484.47948837141223,499.85412021168656,Gene 34
485.15080632162926,504.52947721819834,Gene 34
493.2077194382943,497.40107201264175,Gene 0
492.90579764657616,501.23320408027894,Gene 1
493.3039537096253,495.3047490865702,Gene 1
492.9819656347987,498.0845105868314,Gene 1
493.2613120956426,499.3686182566603,Gene 1
493.2501931234364,494.6205015803679,Gene 9
492.871433270903,509.17319421711375,Gene 9
492.8992938007973,506.9786305290264,Gene 14
493.2491369816109,498.14849782353093,Gene 14
492.9415531026254,498.9001704707038,Gene 14
493.15518665727444,495.6467968592091,Gene 14
492.8742515629654,511.3930612365874,Gene 14
493.3318259063794,499.02493679124217,Gene 14
492.8005301301232,500.02689429118783,Gene 14
492.9329245736308,511.3341425129297,Gene 14
493.13447217959697,509.58612687051584,Gene 15
492.87703541275533,498.8745228887257,Gene 15
492.9067259686177,495.1656533378848,Gene 15
493.02863865263436,512.3996825229409,Gene 15
493.12594129615815,509.5415702751778,Gene 16
492.8591086122901,500.8513316910097,Gene 16
493.00475934355615,508.75007455448497,Gene 16
493.2537704429232,493.047481030621,Gene 17
492.8575119351404,492.52848850592466,Gene 17
493.01104067358244,512.564663948012,Gene 17
492.94840124172134,508.77300392531436,Gene 17
492.9171479163135,500.5355708336855,Gene 17
493.0280280349397,512.0096569458464,Gene 17
493.1759991907119,508.3506989110427,Gene 17
492.9713526673262,512.7426815545689,Gene 18
492.9558814110851,499.19349528040254,Gene 18
492.99222798496345,507.60641314516903,Gene 18
493.1416305049726,502.2390695354769,Gene 20
492.8905771147288,494.0845118009332,Gene 20
492.90548270038494,500.4368237958194,Gene 22
492.95424949550295,506.0718834564722,Gene 22
493.1672913772846,494.14389598931723,Gene 23
492.9168144107381,504.32447682676826,Gene 23
493.02443705032704,511.0106321659715,Gene 23
492.87469657227444,499.75948264030063,Gene 31
493.3755705493911,501.5738627345186,Gene 31
493.0216367585578,510.49940545594274,Gene 31
492.76862119849795,503.04965655737936,Gene 31
493.3314525340238,504.78338911496337,Gene 34
493.19783240349386,507.3547476063964,Gene 34
493.3573736223924,498.9070494553401,Gene 40
492.7806714252077,498.7088685940488,Gene 46
400.08015385270465,515.4446730519666,Gene 1
401.57705331035936,517.9048042882855,Gene 1
400.59878896312637,515.0919137495813,Gene 12
402.10242721309527,506.4765415974681,Gene 12
403.11769032031924,507.1170526455641,Gene 14
400.49410001776096,515.9764089176984,Gene 14
400.37577933446835,511.35772618913103,Gene 14
402.6679776453743,504.4556972432265,Gene 14
403.3727646610019,512.7848295280086,Gene 14
399.88606997601175,513.9741212147627,Gene 14
401.1859760966407,505.1212446916153,Gene 14
403.51433339817913,513.135486810048,Gene 15
400.41781705363707,507.8397872580301,Gene 15
399.93627214636933,509.8521032028325,Gene 15
402.08102265429517,515.9839347155034,Gene 15
401.7535655526653,505.02949802423666,Gene 15
403.5556739754871,508.6811727404891,Gene 15
400.9291310955519,518.9819084035439,Gene 15
402.495309587339,504.79796552637964,Gene 16
400.9844097740076,516.6299871033673,Gene 16
403.1023004989592,513.1702063740076,Gene 16
401.70206131844543,503.82803072135584,Gene 16
403.36587112090274,510.3360711612613,Gene 16
402.4986217100912,513.3456400867392,Gene 16
399.8437159524905,517.0473364041884,Gene 17
403.25921325286106,511.6266247856167,Gene 17
403.41028826407813,512.4469031636467,Gene 17
400.64476572919347,508.428430360451,Gene 17
400.0795562866496,511.8687247889999,Gene 18
402.9818992133407,507.4475166382005,Gene 18
403.2629861197077,510.41145547052116,Gene 18
402.6401635111136,507.73727375174644,Gene 18
402.7458755425347,503.42832409192977,Gene 18
403.0044622551669,514.546977312795,Gene 18
402.7701457569653,513.2426346244359,Gene 18
399.89535390841576,513.8473367569226,Gene 19
403.21878980425925,510.68499025316584,Gene 19
402.9885381166533,510.5610594139207,Gene 20
403.0548204061607,515.8896385818915,Gene 20
399.918470072475,517.6343532184645,Gene 22
403.4490804612079,514.5798693534906,Gene 22
402.92420606647715,514.7471436408991,Gene 31
403.2101513978031,508.68419685796334,Gene 31
401.08129036786215,519.2357723103214,Gene 31
403.2756653936005,508.9914539719969,Gene 31
400.3619099910706,508.79732760163455,Gene 34
399.8691286933648,508.6843121271298,Gene 40
409.5576501415977,502.49262494273535,Gene 12
410.7305524597066,501.26226670071924,Gene 12
409.8236560917498,512.1279665249492,Gene 14
410.5000695785336,502.2390230307409,Gene 14
409.92483747675493,499.22189033537296,Gene 14
409.8816619618099,517.1068575609154,Gene 14
410.1450362335373,510.23468268505644,Gene 14
409.69214095684197,510.0060001073758,Gene 14
409.77274112183534,498.58533631260127,Gene 14
410.85149371887286,500.68623585596305,Gene 14
409.7441389541957,498.49823396305635,Gene 14
409.4391078195522,506.8169209866888,Gene 15
410.24595458297085,516.5650285439883,Gene 15
411.49890912252533,506.15136301002167,Gene 15
409.9771017617533,504.67285768585685,Gene 16
409.9532108121551,500.90542309042235,Gene 16
410.69346648200053,505.18739444424165,Gene 16
411.4234075300618,510.68727615601796,Gene 16
409.90985168387965,501.47906115078246,Gene 16
410.11498984021966,497.27871661460154,Gene 16
410.9881826932977,500.98820267595715,Gene 16
410.1951963681287,513.8459868251072,Gene 17
410.4287213844501,498.43913065789997,Gene 17
411.1548739010654,500.7350088910829,Gene 17
410.77678727943965,515.2796908543959,Gene 18
410.7288371645485,512.5676573100372,Gene 18
409.8103182436092,502.2458658259654,Gene 18
410.92086791701337,508.43774329776824,Gene 18
409.294707885395,501.29864713652324,Gene 18
409.7458151933479,510.7560728237101,Gene 18
410.60476027199473,504.00883808425175,Gene 18
409.50195357249106,515.1987237043325,Gene 18
410.963992224107,507.72347257944057,Gene 20
410.86592803880586,513.44571668025,Gene 20
410.13031175367973,514.184798535255,Gene 20
409.3488742305335,511.15380232396046,Gene 20
409.31704703256037,503.5574508940954,Gene 20
410.4054024555976,504.6923581900805,Gene 20
409.36440958332304,505.4239240677916,Gene 22
410.82185205494693,502.654057070125,Gene 23
410.7399582347792,514.8984115096008,Gene 23
409.946515280984,511.6246824291189,Gene 23
409.7755126016547,501.44618432390337,Gene 23
410.6253755504174,510.7670299565553,Gene 31
410.45833256435606,503.13828479495237,Gene 31
410.93406062171755,501.1443465810552,Gene 31
409.37270156825264,508.6551253168317,Gene 34
421.8009391642666,523.3665287910778,Gene 9
422.5023775762773,508.57323264570994,Gene 9
422.1592761786119,505.2894865311781,Gene 9
422.8759879296863,509.9737024535295,Gene 12
421.9474331915789,519.9521711651923,Gene 12
421.56153796832047,513.9472665671288,Gene 14
422.149504210754,503.1484689333166,Gene 14
422.8125994128369,515.1238559427196,Gene 14
422.51819384572826,522.6763361257371,Gene 14
421.7337968458404,521.4373239393823,Gene 14
421.9870943980221,523.3680589720295,Gene 14
422.3887229050631,518.4563870949771,Gene 14
421.9232516430112,520.1266859525805,Gene 14
422.6119790440991,521.456346292759,Gene 14
421.9500306281588,512.5548244909976,Gene 14
422.2301034342832,524.0894161065033,Gene 15
422.43482843787996,505.08695572647474,Gene 15
422.5143503508668,520.4844878635583,Gene 15
422.6845052605675,509.9821343385668,Gene 16
422.5582298791262,516.892613790832,Gene 16
422.8382330859253,507.52034247572306,Gene 16
421.39660779231025,510.83390876376774,Gene 16
422.68024779476497,508.7546447561409,Gene 16
421.6828844006737,505.08511579273767,Gene 16
421.7405437756886,519.6317334591193,Gene 16
422.71147163371506,508.37526659947395,Gene 16
421.91912877486936,506.57022186891754,Gene 17
421.2956456875571,513.2447579960351,Gene 17
422.4496756219077,512.6236048170803,Gene 17
421.6965399398331,514.057190451571,Gene 17
421.8422230505265,511.7349681065974,Gene 17
422.5821645369039,520.1301558645221,Gene 17
421.6333424467963,510.96989475788587,Gene 17
421.4557000989687,511.37302312474884,Gene 17
421.51763608201844,516.0043023155165,Gene 18
422.03639925799723,509.23777766903834,Gene 18
422.18761486854675,519.9386167140606,Gene 18
422.72041804616623,519.2354107303281,Gene 18
422.95416187491986,507.66182428655287,Gene 18
421.40351452864184,510.7009325612057,Gene 18
422.0059747350453,505.5886502312544,Gene 20
421.7002958304882,513.4539519888697,Gene 22
422.62582791109094,519.1155401211787,Gene 22
422.54797340161656,518.1917967196554,Gene 23
422.7824875702247,513.9071895462763,Gene 23
423.0316346761886,511.2120759247838,Gene 23
422.4294050686538,507.6772134033908,Gene 31
422.527528216648,510.1295690636971,Gene 31
422.75252134878207,507.83593733421685,Gene 31
422.064151268966,520.9535197374622,Gene 34
430.21683225905593,515.108252429711,Gene 9
431.83768341237857,512.0280996399661,Gene 9
429.6679010745065,509.65861773323786,Gene 11
431.81530798134787,517.0625692639389,Gene 14
432.62670882494626,509.9135780810509,Gene 14
430.8456407543309,515.2781470877243,Gene 14
432.11324214597676,513.5395855393361,Gene 14
431.53682554950115,508.5037397964159,Gene 14
430.2034357173331,518.1727580340705,Gene 14
430.3476164939553,506.33159662760465,Gene 14
429.92435424305387,518.5439501119315,Gene 14
430.67864994294587,505.793147701725,Gene 15
432.50033345505346,517.999894906401,Gene 15
430.23282267857314,513.3267405873704,Gene 15
431.627315604329,517.9671126942259,Gene 15
431.25145318577154,507.8855281103068,Gene 16
432.1632211043254,518.2128847772053,Gene 16
431.85865313961136,507.3030503757423,Gene 16
432.9775900042293,517.6875179643617,Gene 16
430.2528394756504,514.6377106490183,Gene 17
431.4361433354663,504.96419734555786,Gene 17
429.79533791949046,517.0014242803162,Gene 17
430.4365164045951,516.848960695499,Gene 17
432.4141277203437,518.8220375716907,Gene 17
432.77900759481173,513.2608223395392,Gene 17
432.80603518987647,510.6159528181688,Gene 18
432.13936593891793,517.5886141271629,Gene 18
429.86404474967975,508.3091286485953,Gene 18
430.3088771288704,517.1720515652263,Gene 18
431.745475182607,508.65897583118226,Gene 18
429.6393895440819,512.566959200086,Gene 18
430.6524904947573,505.2235619585378,Gene 18
430.3406475805651,507.3741019911364,Gene 19
432.483680039388,519.2302867891962,Gene 19
429.82641184001955,510.9821054945273,Gene 22
432.33379767399464,508.9403201304929,Gene 22
432.296288284537,508.5932913266134,Gene 23
430.33391386338917,520.175055325763,Gene 23
431.98215336374574,516.6024532814886,Gene 23
432.29644536838947,513.1697732660535,Gene 23
429.4078983482805,512.0685801629514,Gene 23
431.2823063060126,504.2267693867263,Gene 34
430.2759272658646,511.3457187000265,Gene 34
437.9830540167063,504.0873612697328,Gene 1
438.13542100216694,515.9350164959384,Gene 11
438.68892408072503,502.24380941063737,Gene 12
437.23222674682626,511.21624023465387,Gene 14
438.93180849589675,509.2642820068792,Gene 14
439.39006031487867,510.1421660276167,Gene 15
438.1239331736816,503.76170263667626,Gene 15
437.6260255058871,509.02442999200184,Gene 15
436.8618358396946,510.1154139872583,Gene 15
439.11720699689266,507.2675092061879,Gene 15
437.6281529930537,507.5338487172382,Gene 15
437.6232938792528,513.7193156421426,Gene 15
438.36127904047464,501.9726250722967,Gene 16
437.1908047511957,514.8977547966949,Gene 16
436.8726206404908,510.65220112343025,Gene 17
436.8546370557369,507.5991345078608,Gene 17
437.95396387991235,503.03146062636404,Gene 17
436.72439351010695,509.817484474741,Gene 17
438.5371403944344,503.21033009710004,Gene 17
439.01884976693646,513.70368623189,Gene 17
437.6518182615481,504.4296848326663,Gene 17
439.38784622604135,510.47916896785404,Gene 17
438.9603002801902,514.5072353380793,Gene 17
439.2969606135049,505.5774410384785,Gene 18
439.22535593347504,504.9606920396752,Gene 18
437.8972623337496,502.68191010011776,Gene 18
436.4569989667254,511.83863469339457,Gene 18
438.8671703830165,519.8705384962543,Gene 18
436.9092307244876,511.4235033895579,Gene 18
437.53599840262774,516.1716933302321,Gene 18
439.12969376678666,517.3361077050691,Gene 18
437.3471629591414,514.6629793505558,Gene 18
438.4982065146098,505.4266594751833,Gene 18
437.4483932642078,508.18187548131084,Gene 18
436.57842108611635,510.71596043595184,Gene 18
436.7490781365046,513.1821198265089,Gene 19
438.88444232198,505.37165821230775,Gene 20
437.58870924098545,517.6562917063063,Gene 20
438.8678112039728,514.052103452593,Gene 20
438.77574145984613,506.58307465361713,Gene 20
437.3123691322271,516.7868014509364,Gene 20
437.04151972946266,517.26564348075,Gene 20
439.4336649947797,511.48499356265626,Gene 22
439.31367572164714,510.34999853702584,Gene 23
439.3721583782337,507.45686027746785,Gene 23
439.21590634168024,512.432020477526,Gene 31
439.5788546000811,507.61490554542144,Gene 31
438.82906538537435,504.6314850403626,Gene 32
437.20738446735857,505.83012652110125,Gene 34
448.9914731599211,509.0232259949617,Gene 9
447.3373546522187,504.40729432163135,Gene 14
447.84159231224675,501.1027480433223,Gene 14
447.9078207159162,514.536179979641,Gene 14
448.1434494737266,498.4074470865818,Gene 14
447.06529187878016,504.02056118885747,Gene 14
447.485375956585,514.8455853934473,Gene 14
447.4271431263132,502.4615415782271,Gene 14
447.67615197550083,517.4476290312094,Gene 14
447.4425866715863,514.877456798811,Gene 14
447.0408206602146,505.8456116889114,Gene 14
448.57885555086693,504.9414536281904,Gene 14
447.14599397806256,505.1130935581761,Gene 15
447.302679007042,508.9357657117657,Gene 15
447.53431144772986,500.1946683679288,Gene 15
447.71522073208007,513.3398595296619,Gene 15
447.38066706843784,514.1750421946667,Gene 15
448.32354112939475,499.01082179704264,Gene 15
448.5278516886959,502.0484562043156,Gene 15
447.88061866833266,515.1513115588758,Gene 15
448.4506627045482,511.7037897482217,Gene 15
447.7886038359678,501.88381495462966,Gene 16
448.54259563924137,500.32299079222975,Gene 16
448.56251531074895,512.765614915946,Gene 16
447.91814344641074,498.2676100758648,Gene 16
447.27553963564014,511.92555486469826,Gene 16
447.4558536529823,514.260555107819,Gene 17
448.45820543277796,510.37276554545593,Gene 17
447.17822251236475,512.1157225378424,Gene 17
447.57152276826747,504.4629209126708,Gene 17
448.7560881952237,507.360229806668,Gene 17
448.5116466287281,506.7591961936261,Gene 17
448.4373567207676,505.67968571677744,Gene 17
447.2402079691918,509.1552074679187,Gene 17
447.8406753794371,501.4566235898907,Gene 18
447.7155954376596,498.45618617168475,Gene 18
448.0731086033462,499.044756039192,Gene 18
447.90289254155664,499.81287359931486,Gene 18
447.4988157559009,501.95344768367585,Gene 18
448.9161504144928,505.7546189489294,Gene 19
447.88680663364767,516.0117703247322,Gene 20
447.31250418808264,506.0474893556411,Gene 20
448.0287895577373,513.8492845302997,Gene 20
448.90595787699255,506.3670205569686,Gene 22
447.9557922267289,500.5133801597809,Gene 22
448.66080941979357,512.9873093748575,Gene 23
446.9088428580678,506.2571410772067,Gene 23
447.8710939804807,501.5712741150643,Gene 23
447.20550796197074,511.5665863102771,Gene 23
446.98986255723497,508.02065012015123,Gene 31
454.87939658460095,505.06816998041364,Gene 0
454.16280657271983,510.68566277638814,Gene 9
454.2499283407656,509.75955020051214,Gene 9
458.68981235456073,508.3935972120682,Gene 11
457.3505556946836,511.68051952555714,Gene 14
456.1827447611907,503.4742184153284,Gene 14
456.39060285760496,505.76214721965886,Gene 14
460.8090751354509,506.0732333982374,Gene 14
454.30157206194025,509.62115243675294,Gene 14
459.53583530486117,504.14341141919397,Gene 14
456.84906201667803,504.3380080520148,Gene 14
460.93044541097896,503.80670593428005,Gene 14
455.49651561469716,505.99484423523063,Gene 14
462.6831144499119,508.05246419768264,Gene 14
455.032381998752,510.996032454861,Gene 14
459.27843210260835,502.78159387592166,Gene 14
462.99695583160207,505.89467585184764,Gene 15
461.0570057828066,509.5899207958878,Gene 15
461.9935481809244,504.03542619061443,Gene 15
454.6676661806753,510.95421909252286,Gene 15
457.52824708592846,510.5545801814799,Gene 15
454.0693975571397,511.00825191823367,Gene 15
457.23463963480975,510.10215467948825,Gene 15
458.76487663177295,513.6648711256892,Gene 16
455.57005344488044,511.33231284150077,Gene 16
453.7577479242895,509.82171759599686,Gene 17
454.62290644897286,504.80347053061035,Gene 17
460.6706908909941,506.0757830770662,Gene 17
461.1816262488257,512.7892105028411,Gene 17
454.91778309693314,512.5676561948964,Gene 17
460.5932714406831,510.3263909304565,Gene 18
457.21678591403327,502.4318584852788,Gene 18
460.832236361057,511.19212847632195,Gene 18
458.7091970964213,503.8022927611641,Gene 18
455.1005554779854,504.3842849095576,Gene 18
454.88431727687794,509.7571288756872,Gene 19
454.18530745268356,509.5184298801672,Gene 19
456.1440706657601,512.5934401713205,Gene 19
457.562146187619,504.27736836384446,Gene 20
459.0935757987801,511.4427186843974,Gene 20
459.11919004886505,512.7654641752372,Gene 20
454.8547707012859,507.2832024891788,Gene 20
458.29621525638794,513.6686719881566,Gene 22
457.3231142328061,508.5381270281558,Gene 22
456.39673688693733,512.3740409030532,Gene 23
460.7318987126184,511.8981841770005,Gene 23
462.0193758375232,506.1843871031664,Gene 31
463.63613151441785,509.4802375219122,Gene 31
458.38950693030887,512.630830335143,Gene 31
458.91946005007355,512.583226057659,Gene 31
456.9065835271894,504.3756007086075,Gene 31
456.72603458291184,513.1104017227333,Gene 31
455.2717466348559,511.97567152604523,Gene 31
458.38617748213017,504.93551550749487,Gene 31
462.7550305830051,508.34439003466866,Gene 34
458.2320089132623,503.1250729584435,Gene 34
461.9515184562604,509.0119590434159,Gene 48
467.8364951477679,517.0348457513537,Gene 1
470.3097015330368,510.88528448138874,Gene 1
467.1776435911757,517.4479149473466,Gene 11
467.60779808249055,514.5434858509825,Gene 14
467.2323360272514,511.9843634266573,Gene 14
467.8259354165791,509.123963716497,Gene 14
466.87903806201456,508.33202633787914,Gene 14
466.6223602524362,507.166119767599,Gene 14
467.9326127778476,502.5018710424773,Gene 14
470.20589577847215,513.7932018343851,Gene 14
467.2393854228109,516.2338307740484,Gene 15
470.58715100417857,507.3801101503233,Gene 15
467.2225556430937,517.2313147802018,Gene 15
469.62286997722055,516.1342831044203,Gene 15
470.2716065745031,512.8365060159111,Gene 15
467.88606584721737,516.3834714511231,Gene 15
468.1356038552256,508.92335158919064,Gene 16
469.5849657813082,509.9237003937011,Gene 16
469.9527889432278,506.8900953109992,Gene 17
470.61498891005294,514.4439665475692,Gene 17
467.70353075602645,504.0709803061685,Gene 17
468.95705494374874,515.6138492565807,Gene 17
467.05358495138097,505.5763477193709,Gene 17
469.331364679985,514.6469447353303,Gene 17
469.4691848678045,504.3739735806549,Gene 17
466.8375646713607,504.5033326407876,Gene 18
469.88164222445664,514.8123182452797,Gene 18
467.82873787429037,516.9820095219237,Gene 18
468.3251658762716,518.0990263351912,Gene 18
469.83065837746824,507.67267103053666,Gene 18
466.71171583226743,515.1453546478609,Gene 18
466.22309989377834,507.06216539276323,Gene 18
470.30047436997523,510.976925250596,Gene 18
468.8290780848923,516.8480233378266,Gene 18
466.4541012502022,515.0653663056489,Gene 18
470.0305240331697,514.8318583210149,Gene 23
470.20066005225215,515.3766841661118,Gene 31
469.96413798456206,505.2728929286206,Gene 31
466.70402387121015,510.1603759871228,Gene 40
479.89024750541427,514.123735837982,Gene 1
481.5993322893205,511.96067355238733,Gene 1
480.1948937572584,503.95548016151577,Gene 14
480.35712609825254,513.3195242189734,Gene 14
481.70519061675475,508.59394206573154,Gene 14
481.4739521100465,506.67760147869905,Gene 15
481.572346061454,501.2483397852391,Gene 15
481.61740911787643,515.3324702939038,Gene 15
480.16075632835725,514.6176501940529,Gene 16
480.74392724725544,505.53425015600675,Gene 16
481.39457008831124,502.5542793066904,Gene 16
480.6999993106918,514.3880770451515,Gene 16
480.16488119352914,502.67918332309023,Gene 16
481.2284333262693,502.7247467034455,Gene 16
481.315497691758,515.6663727315503,Gene 17
481.6601998985564,506.6608891580816,Gene 17
480.447207260796,503.70520086730255,Gene 17
480.64251774908456,499.31508743691614,Gene 17
479.9661708396667,503.9259161145045,Gene 17
480.04772653308856,516.0414978703783,Gene 18
481.1202013920064,500.39094488168905,Gene 18
481.66300856869003,501.1257155434401,Gene 18
479.89695816490837,511.71931454373953,Gene 20
480.1558307106419,511.87745447775774,Gene 20
481.7050278529418,509.66547051838955,Gene 22
482.12961921870834,507.6658352995879,Gene 23
480.0317778823247,510.28036147771076,Gene 31
481.2445627200885,505.0175073423441,Gene 31
482.2498352060677,506.56249131497106,Gene 31
481.00902812609536,499.4842133336854,Gene 31
480.60410684268436,501.0270778128545,Gene 34
480.0187819328608,511.58054349280275,Gene 34
479.3506039369465,506.3017598354309,Gene 34
481.3849057635372,513.0939468126129,Gene 34
480.90329650565025,518.0222463114942,Gene 34
481.8687543979728,511.46458855085916,Gene 40
497.47329990620995,510.30801009019774,Gene 1
490.1365276229314,507.8773716243052,Gene 9
496.56994138716425,507.32901458943246,Gene 11
489.69884665332603,513.7757301800181,Gene 11
492.09417744914555,516.9552376542056,Gene 14
491.72097125814656,515.760230815202,Gene 14
497.52463495992816,514.0605982029545,Gene 14
495.6521861236023,514.0033523085516,Gene 14
490.2923123030193,511.235368019244,Gene 14
491.1985746333722,507.64974298423533,Gene 14
495.25769480072614,515.3352285673944,Gene 14
490.3554198723721,516.4074677941437,Gene 14
497.02526553338794,508.93531007050655,Gene 14
495.903416950301,514.1579897840388,Gene 14
490.24376115385064,516.7479581910806,Gene 14
496.4450793528825,509.37651865234477,Gene 15
495.06579532802624,515.164356201693,Gene 15
493.51036846642216,516.8048007220488,Gene 16
495.68995886559526,516.0782712499181,Gene 16
489.97551055981455,508.7828509670303,Gene 17
490.93091420012706,515.9493172256765,Gene 17
488.54760544372584,508.29204306224,Gene 17
495.51638718583564,514.1552058724023,Gene 17
494.9393693073453,514.3213477592672,Gene 17
490.98534952643587,513.6128843185193,Gene 18
489.9032434716528,516.0578422799424,Gene 18
494.0928465519631,512.6890816672535,Gene 18
489.6369533146184,512.0586715979069,Gene 18
496.0431104883792,515.2036886056752,Gene 18
494.44386482247756,512.9380726521363,Gene 18
492.13686840472656,506.7976035506262,Gene 18
495.15312592118534,515.4751869308619,Gene 18
487.6424924795855,512.8899237166366,Gene 18
492.21043320427765,512.0498181948027,Gene 18
489.70817575697436,515.8839490634714,Gene 18
494.2369616684474,517.8946559216046,Gene 20
494.8702954538011,513.5320456628992,Gene 20
495.86900939562344,516.0164083940158,Gene 20
492.92002007700756,507.47724539548244,Gene 20
494.9199833556616,509.43757983069025,Gene 22
494.62014511271764,515.1116037148407,Gene 22
496.122553850529,515.4034312297775,Gene 22
493.8371953449145,516.0660440188781,Gene 23
496.91889256626786,510.78547888710335,Gene 23
494.1999453659662,510.4854484244162,Gene 23
496.7083990727995,513.4494514227929,Gene 31
489.1481889347847,514.451349529141,Gene 31
489.78429878064156,510.82905172425046,Gene 31
488.77463418758543,511.946250326386,Gene 31
491.3916688407878,507.4899857121784,Gene 31
494.16593939307637,510.1648802302442,Gene 31
488.52553499064595,511.94734823600567,Gene 40
491.40807823130615,515.5210196097288,Gene 40
493.1524686480841,507.8737429931469,Gene 46
498.4097515398977,518.2104713142113,Gene 1
500.1108369586682,518.0479149695778,Gene 3
495.95985965852503,510.4264373306054,Gene 8
500.7343811369067,512.1387571320458,Gene 9
498.88128710177295,506.9966610304357,Gene 9
498.7226477982576,521.6117704509891,Gene 11
498.8919654767079,518.0232138023254,Gene 11
499.30903308897973,521.8827638685101,Gene 12
499.82153382184197,511.35160227156945,Gene 14
496.7117168743039,519.0701821309101,Gene 14
500.32649424027926,512.551793711231,Gene 14
500.04085998602363,515.2020196627154,Gene 14
499.2304221672819,515.3093061176135,Gene 14
499.6911983742189,514.36796796839,Gene 14
496.975334872774,511.98889753202724,Gene 14
497.73678715697815,507.84163879537505,Gene 15
496.39687581436476,513.744248740745,Gene 15
496.08381348020265,516.2572569140333,Gene 15
496.38550749426696,509.9110847763021,Gene 15
499.9587947478513,511.9486113674634,Gene 15
500.2031158526622,513.8636796450832,Gene 15
495.7335853065737,514.744156682133,Gene 15
494.9173225785327,514.7576732633378,Gene 15
498.39396209065706,507.91633520188947,Gene 16
500.82764304366776,514.8293780884354,Gene 16
496.2706638926572,520.3131222822594,Gene 16
499.3368703493351,515.8136588138842,Gene 16
497.68252066642054,511.36019257925227,Gene 17
499.1301405653848,510.7862125533394,Gene 17
498.061031863195,508.08574944154265,Gene 17
499.2597057575835,511.0181615510196,Gene 17
500.81810771480724,515.471041802304,Gene 17
499.23175899642933,520.553827218657,Gene 17
499.07995074619305,520.7529631813588,Gene 18
496.90956739167945,508.75943464042365,Gene 18
497.03786261177777,518.30559982651,Gene 18
500.1676547244618,511.9945995470139,Gene 18
496.32062191483453,511.86139822192143,Gene 19
495.0762338213498,512.5325473068576,Gene 20
496.76550650016486,519.8429717920126,Gene 20
500.08677384679856,515.7124254544506,Gene 22
499.5916360414443,519.0889383690635,Gene 23
496.3768722019086,509.75344661598285,Gene 31
497.17751700921286,506.84238955797645,Gene 34
499.17556763598793,507.5707663481983,Gene 34
498.02399405772144,517.8925696936792,Gene 34
403.364938214316,516.7523316019128,Gene 9
404.42781467612224,520.2657370399164,Gene 9
405.65619796224473,521.8297099873231,Gene 11
403.76473294173337,514.1463494348674,Gene 12
403.5760340738863,517.7281974421165,Gene 14
405.0193186223053,520.1196910181753,Gene 14
406.81965881956353,516.0508207722028,Gene 14
404.31691727117277,517.1057601842915,Gene 14
402.53554459550804,519.1422824338508,Gene 14
403.30081074183613,515.5266917281396,Gene 14
404.9582503702722,523.8619116986883,Gene 15
404.9065364096141,513.0313444475522,Gene 15
403.8017590612781,524.2398309280867,Gene 15
403.21454691365665,520.1420374196708,Gene 15
404.9516637935368,512.6999547465637,Gene 15
406.81537127238244,512.8691868229541,Gene 15
405.03397509929107,524.3059570029246,Gene 15
404.8634944935718,516.4747133594534,Gene 15
407.54926354796834,523.0943698733187,Gene 16
404.91956381949035,512.8581567987844,Gene 16
405.4340507223494,525.126113031622,Gene 16
402.91906028700515,523.0156600502214,Gene 16
407.35025528550204,514.6733335989222,Gene 17
403.0229451786235,514.699448542743,Gene 17
405.9625529040198,526.5912743731452,Gene 17
403.64073412467565,520.0582995416231,Gene 17
406.769829465674,524.7476239630214,Gene 17
408.35255330234196,521.9285661840377,Gene 17
404.4811803370938,524.9221589747473,Gene 17
404.264986587841,511.9218578618531,Gene 18
405.7331462007342,510.75762579495483,Gene 18
405.64950805221196,521.6080566943971,Gene 18
406.62876840180417,525.7419904318288,Gene 18
407.5318361753694,519.1485047925904,Gene 18
407.98773367909257,514.2828283474441,Gene 18
404.7629561192792,524.9163212505542,Gene 19
408.2484304787737,514.2702455789622,Gene 20
404.7325363143822,525.3236299445781,Gene 20
405.64687401495144,527.3022306036587,Gene 20
406.36857330157693,521.5874187183524,Gene 20
408.64630889586465,517.5554203891728,Gene 22
408.18068888437506,517.573077693639,Gene 22
403.80312797664914,513.6660882751861,Gene 23
405.0703564850023,514.9364017230388,Gene 23
404.9688961035852,526.4862918734236,Gene 23
407.1255457493113,520.719660299878,Gene 23
407.2103741853273,513.7973365860322,Gene 23
407.9731001819714,524.7195674995321,Gene 23
407.7558889230542,514.7446235709684,Gene 23
405.87645178331644,523.2397510188619,Gene 25
403.89386077020725,517.5368163769986,Gene 31
407.4169126450858,525.1716883247802,Gene 31
406.9754331435041,525.7628468056447,Gene 31
408.8466712647962,519.7347693877,Gene 31
408.06572180556924,522.8366807790129,Gene 31
407.65106609773875,518.0666948044968,Gene 31
408.3436670843766,523.337177164327,Gene 31
407.4237868012516,520.6408650950881,Gene 31
404.6164187694216,526.614211531075,Gene 34
406.55112978436284,524.2838401786904,Gene 34
406.7922636952295,525.9148138432546,Gene 34
404.7295332701644,519.5561506448303,Gene 34
406.6561730403795,512.892684752932,Gene 34
413.50580831597205,523.5283891707899,Gene 1
409.19726721150573,519.5301110485957,Gene 1
415.0650683378382,516.2435078061393,Gene 1
409.0512547348748,518.3500343743723,Gene 9
411.20010526206215,526.8695027545086,Gene 11
415.10030534812154,519.5573486142806,Gene 11
414.5711964486931,525.3853437538911,Gene 14
412.47393123563364,520.811427573339,Gene 14
409.9975883908227,523.6993866354234,Gene 14
410.75002322090126,519.4508607124258,Gene 14
416.6693085391722,517.1758849197819,Gene 14
410.8467801310874,522.2015713308714,Gene 14
414.0270689772495,524.8407857891026,Gene 15
410.25966725608424,520.4583677052318,Gene 15
416.5978112490158,520.3308906055337,Gene 15
411.0070204630495,522.400117883778,Gene 15
415.7836852525811,520.22030211101,Gene 15
412.5775778003772,516.1131475978892,Gene 15
409.687970803604,520.9855652939491,Gene 15
414.7424030256954,518.0672793665734,Gene 15
413.67750336998455,513.984504847361,Gene 16
410.1736407956729,515.9641735944549,Gene 16
409.9816064518976,523.9715301987895,Gene 16
414.5758567695826,518.732585625192,Gene 17
414.96666186133456,525.3729360963533,Gene 17
410.60038801325675,523.1880631512274,Gene 17
411.4004304975506,523.9754712994427,Gene 18
413.99830397422085,513.8412253766278,Gene 18
410.558349911252,515.1872639509619,Gene 18
410.9084995299547,524.1316757302524,Gene 18
410.1345910686294,521.981462961164,Gene 18
411.90837898138767,513.6279189396378,Gene 18
414.96882903238753,515.909550541556,Gene 20
416.01014751207305,518.9505850685573,Gene 20
414.748573740331,520.5070403159003,Gene 20
411.64480156920325,525.5181537581258,Gene 20
410.52700478224676,525.8695506327775,Gene 20
412.4560526996245,524.1105955609631,Gene 20
410.35124977335687,515.8049849011828,Gene 20
414.3701406744317,524.5477502056955,Gene 20
414.8638917644136,517.1954566450553,Gene 20
410.22913713151524,517.363276524858,Gene 20
409.99561362953375,516.9592344535615,Gene 23
415.14706768235885,515.4932039373215,Gene 31
410.50177941349966,520.4593752864625,Gene 31
415.6655986335309,516.9039437593465,Gene 31
412.1695852285074,516.6814915183182,Gene 34
412.3015946609566,515.8793583875838,Gene 34
411.34951766751885,519.8701944631099,Gene 40
426.9778222436246,512.9555772715975,Gene 0
426.1048029030096,522.7004919754012,Gene 1
427.46829346566204,520.4709170446838,Gene 1
426.6490270659568,527.0848890032375,Gene 9
427.3846699395659,523.8035105587661,Gene 9
426.64443098370384,515.6364870897584,Gene 11
426.2996997062152,520.7660484194025,Gene 11
426.630365244535,515.4815706756237,Gene 11
426.81164118354684,527.5261374795988,Gene 14
426.4189054348377,528.2652487876155,Gene 14
426.40499991140615,527.7562439882396,Gene 14
427.1492659645713,526.696634378293,Gene 14
426.43810257184117,528.8718527826434,Gene 14
427.1647716512522,527.0051893081717,Gene 14
426.2804586897163,516.0054175733057,Gene 15
427.0493364212144,514.8460467029386,Gene 15
427.1444135666322,513.4428594805105,Gene 15
427.046577895549,531.3500146023562,Gene 16
427.0538832801023,528.5328011527345,Gene 16
426.52345107675166,529.494488207017,Gene 16
426.5811506192308,524.2359414398043,Gene 16
426.5583583860826,515.0437403159635,Gene 16
426.8417790399962,530.0521872697936,Gene 17
427.2515381385429,527.368929021286,Gene 17
426.19221376536683,523.1362226849607,Gene 17
427.3153151096322,523.5620372777013,Gene 17
426.1128127367972,518.3725241221659,Gene 17
426.49572943409385,526.2672792565307,Gene 17
426.4523298229126,529.8789509295963,Gene 18
426.64142457812727,523.053604855407,Gene 18
427.07244971393305,513.5657856864711,Gene 18
426.52799439973484,527.804431021123,Gene 18
427.4957412896313,515.7902480984784,Gene 18
426.24828008644454,524.0535809884461,Gene 18
427.4889749749627,521.9607532279675,Gene 19
427.58122930926646,516.5779888074028,Gene 20
427.24343625693604,515.0726737306086,Gene 22
427.40840701363624,518.6668216565622,Gene 22
427.123061345923,514.9369820387221,Gene 23
427.37451606024825,527.2315221709512,Gene 23
427.1606532443214,516.6862505000958,Gene 23
427.4475636712285,524.6783654847986,Gene 23
426.08729506399925,522.8086399253438,Gene 31
433.7748420737765,527.2462667779407,Gene 9
433.8639680973323,514.2723937196562,Gene 11
436.80787571911395,517.7350483226479,Gene 12
431.67216225234847,518.5671437256169,Gene 14
433.2630355936792,512.070004939778,Gene 14
433.61401419105084,513.6934286600564,Gene 14
430.4152614930028,520.7510965396216,Gene 14
432.76804626862867,521.7801765386691,Gene 14
431.3761313246537,522.4882943302905,Gene 15
431.39439204484916,517.7448250889366,Gene 15
436.06217865433223,516.784907424163,Gene 15
429.7564125675509,518.1298860094939,Gene 15
430.5792191092055,518.4739897128023,Gene 15
432.41970952799244,512.8598598350363,Gene 16
430.8257636948668,514.4597062290492,Gene 16
430.070305996644,525.1339825420765,Gene 16
433.5851016599178,513.9937662857345,Gene 16
431.0044261753692,513.9633962528249,Gene 16
429.9095710352816,519.8300704162937,Gene 17
434.53139536929,518.6844252796192,Gene 17
433.77526856197596,515.9957355732968,Gene 17
432.6830789040817,512.725896776042,Gene 17
434.0135926052306,526.1393525245838,Gene 17
436.3287825287263,520.8773680780874,Gene 17
434.770876607092,515.339561162244,Gene 17
437.04736652743316,519.9023078329599,Gene 17
430.75711801853237,515.8748986226067,Gene 17
432.5480157095012,515.1828367097619,Gene 17
431.45878075596005,518.4190845047893,Gene 18
436.2797199770824,515.567167195884,Gene 18
431.4544599456596,525.768767593576,Gene 18
435.01245065302095,523.8223058759568,Gene 18
436.9925054193354,521.1626618857003,Gene 18
432.9117602821418,526.0417072715367,Gene 18
430.4254074843686,517.2919952628399,Gene 18
430.00764605141813,522.336673791383,Gene 18
434.5895821102256,523.2687611706064,Gene 18
430.9909390253365,526.1478417554339,Gene 18
432.28009845006954,526.6773202220802,Gene 18
436.6614586652767,515.6304999821316,Gene 18
437.1195627089152,518.5986689931404,Gene 18
435.71243100249563,515.264317193314,Gene 20
433.7172747338539,526.9738455568983,Gene 20
434.9683796863281,514.9629823780258,Gene 20
436.22978168104794,516.6227155634672,Gene 22
431.14704265329505,520.523538370297,Gene 22
435.6553033452901,521.6099053857348,Gene 23
433.6847891035551,522.636205785406,Gene 23
433.42680510022007,524.6329118169183,Gene 31
432.8031692126867,525.4733143245356,Gene 31
436.4155095265265,517.4530256351987,Gene 31
429.6946820631073,522.8773611617924,Gene 34
435.61887157208486,521.4458233769116,Gene 45
430.5269320608559,523.1354935626148,Gene 46
429.8183330350424,515.5058439516991,Gene 46
452.80343245493776,518.7027503686525,Gene 0
446.5665431990426,516.0156412644558,Gene 1
450.53050546147693,520.9513000729194,Gene 9
442.4213039719493,514.2671771272328,Gene 9
450.9992032877522,514.279830807617,Gene 11
440.830683257274,518.4459385970496,Gene 11
450.7466295767732,518.254066354732,Gene 14
450.176670598961,520.6272500802622,Gene 14
443.5203003603513,517.4771110205415,Gene 14
446.20636338251,514.5357679402932,Gene 14
451.62332121952784,519.1904305586372,Gene 14
443.4782566625143,521.166878058815,Gene 14
445.28904564111934,518.3887483860365,Gene 14
449.46921387723216,516.2846404798961,Gene 14
452.652842014194,521.1467420187422,Gene 14
448.8734905777736,523.1629419475835,Gene 14
446.94501785466065,517.4048301996518,Gene 14
447.0111271339179,521.4037203851794,Gene 15
450.0778385209189,520.2121000971682,Gene 15
448.08391082155487,522.0682102143287,Gene 15
443.87842729264594,516.4743167073855,Gene 15
452.79379696569976,517.8456324118397,Gene 15
445.33754152712964,520.7646526806955,Gene 15
445.6698283851493,515.6868376345037,Gene 16
448.6562212125596,515.4117213905632,Gene 16
445.76598738754416,518.2044774256879,Gene 16
446.53431015336804,514.1570666584541,Gene 16
446.54686632082945,520.9144169030096,Gene 16
448.77487720237724,514.2129184004882,Gene 17
443.004127515815,522.0591412633254,Gene 17
443.4557827629595,521.852374469358,Gene 17
447.7858368028137,514.315231942448,Gene 17
451.9411581807917,520.0082042590271,Gene 17
449.0295934624298,516.6983588228189,Gene 17
451.36674374008317,518.0993720601801,Gene 18
450.1101228248959,515.5592994391582,Gene 18
450.7888483932878,517.6389206079181,Gene 18
446.5981696651328,513.4697382021783,Gene 18
443.72057974189585,517.9057930598475,Gene 19
442.7690551236195,520.627981554714,Gene 20
447.92151200022096,514.6114696206744,Gene 20
443.49610319133063,516.8663630155945,Gene 20
450.2397174326788,515.3378724592595,Gene 20
444.2373286137382,513.7996812862577,Gene 20
440.9947877657811,516.6464699357947,Gene 20
450.5751776694422,514.8912822830583,Gene 22
444.34212135602513,513.8105133987096,Gene 22
440.51641939844677,516.4833663519981,Gene 22
449.79231347573864,518.994294014462,Gene 22
448.12275412530346,521.8883726268593,Gene 23
444.76563178895157,520.13102316314,Gene 23
446.4413881904646,522.2966550748993,Gene 23
446.73760378072404,514.7880901277708,Gene 23
441.60794413640986,520.6745896413435,Gene 31
451.77627062295653,518.7773342807836,Gene 31
442.5439327413957,516.6623940907842,Gene 31
442.9661872411455,516.5082416920201,Gene 34
452.0458501928812,515.9457349402041,Gene 34
449.5393739949746,520.8479660429106,Gene 34
443.59932653951904,518.5211630411679,Gene 40
455.67359477835845,509.8900489311422,Gene 1
456.37804562458376,526.1044477196659,Gene 9
456.38788795385335,523.1396048256047,Gene 9
457.81417724873626,511.41441364005374,Gene 9
455.785693955627,512.3246859570152,Gene 11
455.89142571783486,523.7746208378186,Gene 12
455.29270837736925,513.5399154653139,Gene 14
455.51505962675446,510.41054951057106,Gene 14
456.4506481764932,522.0143131078274,Gene 14
456.8112405662785,523.871921838005,Gene 14
454.9940452161993,515.4399012694732,Gene 14
457.5176481794438,517.6940842387367,Gene 14
456.620045425938,513.7093326993585,Gene 14
456.1729462166564,520.4596051472342,Gene 14
456.0749003409411,518.036735287927,Gene 14
456.42750131090304,514.7617139650159,Gene 15
457.33309268740027,525.2369770984366,Gene 15
455.40039015055453,517.6386124532384,Gene 15
456.50077381086345,524.0439470404407,Gene 16
457.8482070343635,514.1021371347032,Gene 16
456.6113429271976,508.7318486026884,Gene 16
455.4488599632272,513.1758030279566,Gene 17
457.5848390757465,508.36467546261514,Gene 17
457.1370976187892,521.8614137393747,Gene 17
456.12740574997633,526.7269638324062,Gene 17
456.1686662499001,520.3366587390851,Gene 17
456.94708202757135,509.7425094094963,Gene 17
455.03894259305,515.6609579849256,Gene 17
456.03028828858334,508.6709108316775,Gene 17
456.0910889792877,512.5987648195766,Gene 17
455.6120629310839,522.3844073861136,Gene 17
457.8194895173073,511.2569540469639,Gene 17
455.18518591006193,511.4413950616875,Gene 17
455.2664322690667,512.8451933698315,Gene 17
455.38578825297634,523.3594410835921,Gene 18
457.90521646920047,519.6535863139547,Gene 18
457.0591133137372,524.5867075898389,Gene 18
455.2208085455642,516.2602326091467,Gene 18
456.293735530318,524.9411402674448,Gene 18
456.78303890996835,507.7453049162775,Gene 18
457.15689072812347,516.4571573570785,Gene 18
457.7386751781788,519.635604375541,Gene 18
457.6497314592417,515.7571339107149,Gene 18
454.8119996423401,515.2247969767203,Gene 18
455.83438173914584,519.4770212403317,Gene 18
457.82189970613405,514.0185617171772,Gene 18
458.3071156487348,516.9894148889214,Gene 19
455.47479590877464,517.1108223399916,Gene 20
457.78966516768844,522.7907935985215,Gene 20
455.73465907748704,524.1246149799174,Gene 20
455.77015691437776,511.51023556536046,Gene 20
455.5092218074139,516.4623240067608,Gene 20
457.4543493322876,511.81400044525043,Gene 20
456.7961414949832,509.3370870479693,Gene 20
454.9603297503998,517.8902108805638,Gene 23
457.6955013305954,519.5413665880161,Gene 31
465.2798841400885,518.2185145154842,Gene 0
465.7726322683194,514.1593252059307,Gene 1
466.44139785461323,518.1876504250512,Gene 9
465.4191568674493,515.9906108544405,Gene 11
465.67669122315414,525.769914003968,Gene 11
465.6300672070476,511.1185595102638,Gene 12
465.74884590016916,511.66387207605203,Gene 14
465.62471973615067,515.9100915685204,Gene 14
466.0771910966776,527.1568996635818,Gene 14
465.5189943826904,527.0410593764838,Gene 14
466.04788388888824,512.343853591987,Gene 15
465.68722379708777,527.2260674353779,Gene 15
466.0371854832437,516.6063279961827,Gene 15
466.2817303836274,527.6248573914742,Gene 15
466.2480450762329,522.8631919517504,Gene 16
466.08829791600067,515.3925755449939,Gene 16
465.75970934736347,513.2348554283029,Gene 16
466.1651882092314,512.2017311737058,Gene 16
466.187049875103,513.6679210057481,Gene 17
465.28933087008807,523.9340479971023,Gene 17
465.3247289550775,522.8800852827554,Gene 17
466.32016044363087,517.4828942138905,Gene 17
465.56404761407157,519.7706459667771,Gene 17
465.35701572116216,522.6958625313479,Gene 17
466.1593681480372,510.48057471537777,Gene 17
466.19310918293223,515.3658564943424,Gene 18
466.01903234796185,512.3907558848773,Gene 18
465.6425871220103,524.0918321119952,Gene 18
466.31704838133066,519.1793658821007,Gene 18
465.6289112710181,519.1514235892311,Gene 18
465.54125954333256,516.3628483066261,Gene 18
465.51553339759346,524.9633608364444,Gene 20
465.4647802912683,516.5000249235485,Gene 20
466.3311795773167,516.1482962874112,Gene 20
465.73305708289257,527.6594387462214,Gene 20
465.77415100947735,508.57234413821726,Gene 20
465.5187807473534,511.07537745145504,Gene 20
465.74515538656664,514.7196677527053,Gene 20
466.2321888941247,524.8714512090522,Gene 22
465.3520050497689,519.9426025944632,Gene 22
466.232792175325,514.6399323175572,Gene 23
466.0814149652555,512.489457211138,Gene 23
465.67002203072417,521.0955475896153,Gene 31
465.81330978839804,527.2969646334798,Gene 31
465.4433040688863,526.1803156204912,Gene 31
466.42887033131814,518.0631030755661,Gene 31
465.3980238239355,518.6900371561139,Gene 31
466.257078288198,513.482898579521,Gene 34
465.7541955011928,523.8241732287454,Gene 34
465.63922010789565,513.7074759335875,Gene 34
465.5136579974069,519.6221293675984,Gene 40
474.9422379259507,512.3874721249755,Gene 1
474.888256371209,523.6970086649231,Gene 9
478.11080079637526,522.0511967652751,Gene 11
473.443793492538,518.7242965507045,Gene 11
476.66491717698324,521.7787990623061,Gene 11
476.510011058137,523.7873377181428,Gene 12
476.43701785988816,524.1987273135442,Gene 14
477.1669090533775,509.94294608730394,Gene 14
473.666645294456,522.211040352116,Gene 14
476.89409006982953,514.0210984292012,Gene 14
476.55668181024055,523.5857713344852,Gene 14
475.6864850134748,522.9790532199221,Gene 14
475.8141055996486,510.60752104800787,Gene 14
474.55290085278415,516.9024558833366,Gene 15
477.61512304270985,517.703124381551,Gene 15
473.8744417830268,514.0063644040548,Gene 15
473.79531780005016,513.7459662128741,Gene 15
473.63728299017265,521.4446912635766,Gene 15
473.76949110716157,520.8606050428132,Gene 15
475.8630428191394,514.7040246319339,Gene 16
474.9037962208829,520.1248934179976,Gene 17
474.8684330375979,520.7130858351616,Gene 17
473.5340357271612,514.357666572506,Gene 17
474.5699308523392,524.5450190019453,Gene 17
473.6080814475655,516.9772653864594,Gene 17
476.57957478565686,514.3116434210806,Gene 18
478.0207999010133,517.6128391474186,Gene 18
474.1380143363089,512.9858439650775,Gene 18
474.8721273680073,523.101464669121,Gene 19
478.21532159198364,521.5296187415797,Gene 19
475.800120909008,522.7039743476698,Gene 20
476.4905704950125,526.0304618775929,Gene 22
475.2846484345134,512.5800682040174,Gene 23
473.87122692574013,518.8350330802948,Gene 23
477.52074566722075,511.2493271881749,Gene 31
476.48440288080906,519.051188622072,Gene 34
476.2881402399242,518.5123804573966,Gene 40
474.43370991484164,523.8323414084588,Gene 46
487.20836336055936,518.7736534552472,Gene 1
484.1236073698678,511.5481563380282,Gene 9
491.3693641528454,517.6217419948056,Gene 11
489.04063240996715,509.8822376423772,Gene 14
487.5723649251695,519.4259610736515,Gene 14
488.3193833154523,510.17097603995114,Gene 14
489.8211792290806,516.5236598579169,Gene 14
484.9336912331655,511.7109882261379,Gene 14
485.314088888311,510.40728683726076,Gene 14
483.6515960224772,511.1618597423455,Gene 14
485.14187493190974,517.6686654632783,Gene 14
484.6895034236805,511.1368150467177,Gene 14
487.64006142659593,518.0110265493236,Gene 14
489.76369581553496,516.079671096472,Gene 14
485.3550387415956,519.1903041463952,Gene 14
486.129011299534,519.3491430437014,Gene 15
487.7063405601298,513.6384370556564,Gene 15
485.84953820254293,515.9711121544525,Gene 15
488.1485151875948,519.1209900865466,Gene 15
487.91745420625745,516.0706120935213,Gene 15
483.53657948421267,515.2675074906664,Gene 16
483.8431288626265,514.0425111107978,Gene 16
486.87577813538724,518.6580020893365,Gene 16
491.7726476742198,512.5380241166763,Gene 16
490.9129243093726,517.596255894406,Gene 17
488.3687739441903,511.0535739604956,Gene 17
485.58742383626986,515.6723222135148,Gene 17
490.83275800316244,511.3890802778685,Gene 17
490.6773536562857,510.5910918656189,Gene 17
489.26104631548486,517.1675053868796,Gene 17
484.5856759680935,517.8616802849093,Gene 18
491.87564749837253,512.3168819540977,Gene 18
483.05010959027516,512.8244953640418,Gene 18
491.6167349246781,516.6029211909535,Gene 18
487.4212523970458,510.3768838326194,Gene 18
489.62675213350724,509.705727108684,Gene 18
485.03367245734034,517.653009085838,Gene 19
485.76732396984596,518.488252979312,Gene 19
485.1139870404495,512.9497417700824,Gene 19
489.34974229259143,511.00907653667883,Gene 20
484.7594888869843,513.6716788559391,Gene 20
491.0630332723205,517.7228730937445,Gene 20
483.3681846250107,515.0616985344614,Gene 20
483.60223332679993,511.6693552087014,Gene 22
492.1368860809796,513.5698345874669,Gene 22
486.52182362431665,508.8797700551868,Gene 22
484.68617823418083,514.2433098193271,Gene 23
491.0646169791334,516.7249831138685,Gene 23
491.0895203713011,512.0380242810734,Gene 23
483.47880220134317,513.3436947669545,Gene 23
488.0625388895221,509.265748737979,Gene 23
487.34432063428795,511.3347447991743,Gene 31
483.73044976107025,513.4868089237261,Gene 31
488.33390278363964,508.9913219248583,Gene 34
485.8764798888822,515.2496564079645,Gene 34
484.5263568988722,517.4328796915438,Gene 46
498.19007875606263,518.4637284986283,Gene 11
497.8195584109701,518.9123190834747,Gene 11
495.4778437124669,527.1872725286031,Gene 12
496.56638482903924,516.6649713183301,Gene 14
498.3148403117797,519.6434926277894,Gene 14
497.2852561707818,527.1833802996139,Gene 14
498.10180687032715,529.9099911779712,Gene 14
497.6744392461134,517.3161767353079,Gene 14
497.63488831243785,516.346651664754,Gene 14
496.00584795406706,531.400985909997,Gene 14
497.52607295597363,518.4082358239577,Gene 15
497.43388186624,519.1116578925994,Gene 15
496.22791695329727,515.4461034882904,Gene 15
495.4938990654994,529.9455349993793,Gene 15
496.2189720795283,528.1043087530263,Gene 16
498.06868425404076,523.3534296322233,Gene 16
495.8268062527737,519.569291020725,Gene 16
494.6422448778381,519.6869988571224,Gene 17
497.8213563772605,523.4004314283334,Gene 17
495.373147152397,521.3877076287049,Gene 17
498.5398152971465,518.1225556745632,Gene 17
495.77513039103707,517.2754207935872,Gene 17
497.7079373831344,521.4577084605629,Gene 17
494.5724822319363,518.3933186994299,Gene 17
495.18779851878696,520.283015456072,Gene 18
495.3260162546204,517.2451706798395,Gene 18
498.6323470896634,524.982066606642,Gene 18
496.78997577646885,529.3460795823196,Gene 18
496.59489228135925,532.6706633071119,Gene 18
495.8322475658214,524.5968212113007,Gene 18
495.61899324813044,521.7769368476208,Gene 18
495.77855561856694,531.5184622729948,Gene 18
494.7387086443411,525.2775043164114,Gene 18
495.3709831701486,522.603063642915,Gene 18
498.45459876587734,528.7457146404835,Gene 19
494.60390641028135,521.532928196482,Gene 19
498.6860119781624,527.6989647706072,Gene 20
496.79076755458664,516.7011983404253,Gene 20
496.1511416569244,521.8985264441426,Gene 20
498.3149875539307,530.4264652391055,Gene 20
495.5250412877312,523.076185303833,Gene 20
496.3908473949233,528.387505458063,Gene 20
495.5891267100553,528.8909427086213,Gene 22
495.04149725791285,525.8302880246778,Gene 23
496.53632698777784,529.9587710648243,Gene 23
497.07470156864684,530.450291118196,Gene 23
498.59150972960094,518.7481630131701,Gene 23
496.8118871870685,531.2929778145881,Gene 31
499.25417997666875,523.3862753032768,Gene 31
495.8307766370207,521.2727134570822,Gene 34
496.18494281013943,515.423675435844,Gene 34
400.27015634673666,527.1048099648599,Gene 9
402.00180702217,533.8008425152468,Gene 9
401.89913754852176,525.5338798013544,Gene 9
404.63284694078277,524.9480468122605,Gene 11
405.44410681787673,524.9697179636148,Gene 11
398.59975695652594,531.795617757419,Gene 12
399.0291444947947,524.3214915115637,Gene 14
400.3257116643693,524.2371766058234,Gene 14
405.8015687673254,526.9776927712725,Gene 14
400.5988392703585,527.883451454991,Gene 14
405.1485133224866,531.743731932311,Gene 14
403.7150994608123,525.7725468328563,Gene 14
398.46260095787704,528.5644789360452,Gene 14
401.6460741042183,533.4971198923333,Gene 15
403.6326987776423,527.1763917824074,Gene 15
402.1314551816376,525.1022290063228,Gene 15
405.4905767891321,530.0403512854515,Gene 15
396.71821177424295,526.7225981339831,Gene 16
395.35278537654335,527.3696623902844,Gene 16
400.03147056836286,533.9865380232394,Gene 16
397.50423268549923,531.3989314834978,Gene 16
399.463441901736,530.2116034176958,Gene 16
399.64857577878047,534.4502217714048,Gene 16
397.2230260645332,527.4208566459126,Gene 16
401.8376322508633,524.9371167953034,Gene 16
401.68233087044206,531.5301703389923,Gene 17
402.3687870617904,524.7650230298174,Gene 17
399.50444819208116,525.4507715193732,Gene 17
402.380436990793,532.2039167123779,Gene 17
399.3966861421451,527.2451893505468,Gene 17
401.549660449162,532.9830910967116,Gene 18
403.0973237668724,532.5929824565826,Gene 18
404.3755341502481,525.377984772015,Gene 18
401.99537303877116,526.6355896885216,Gene 18
398.0294902481126,527.344139324786,Gene 18
402.31105424040345,525.3012152429657,Gene 18
400.197756169666,530.5245358390895,Gene 20
397.3963854758387,525.7594274514449,Gene 20
406.29318919550514,529.6136391613323,Gene 20
402.3442484539617,523.8811728150296,Gene 20
396.66469402923695,529.3410312156117,Gene 20
399.0453088796507,529.9680190508847,Gene 20
405.99856639345404,527.7277551042886,Gene 23
396.0453023024734,527.7992199462404,Gene 31
401.683014899788,531.2736923370517,Gene 31
398.0875403004395,532.0620557931586,Gene 31
401.32377449044935,533.5151089540209,Gene 31
403.28137831210717,529.6366640505697,Gene 34
402.2295039600557,524.2332947280393,Gene 34
405.26597523289854,525.9604659376229,Gene 40
396.0595446168081,527.1217654055604,Gene 40
404.6696500071504,528.555636017077,Gene 1
404.3764316589699,528.8890501891694,Gene 9
404.5113014976379,531.3453765487203,Gene 14
406.31934611313005,537.556430113052,Gene 14
406.601073583308,529.4349125240999,Gene 14
406.22615313773986,538.9240060581317,Gene 14
406.4033550769579,534.5517555556112,Gene 14
405.2542429020089,536.2044311930387,Gene 15
405.0716122468186,523.9889498641481,Gene 15
404.52315579013674,526.2252447352018,Gene 15
406.77241943192547,534.8500079651964,Gene 15
406.58020754337747,532.4963997772202,Gene 15
406.8442240216101,533.9652642608736,Gene 16
406.2347442199915,524.1910070127931,Gene 16
406.15707473907077,537.2253902865397,Gene 16
405.20227598636745,524.8832416413026,Gene 17
404.6279079191411,526.8227268877032,Gene 17
404.50425182452386,533.1478932271006,Gene 17
404.39679300920824,526.9294461447181,Gene 17
405.1880154149575,539.2366382596173,Gene 17
405.91607801101827,535.2043079971095,Gene 17
405.48440809932157,523.2678086279154,Gene 18
404.39923044222274,535.5151790202702,Gene 18
404.6195410970413,534.4385109736918,Gene 18
405.77647421530804,526.4517655377239,Gene 18
405.9413384197867,530.3572478502685,Gene 18
405.8384441410635,540.026929913756,Gene 18
406.7012409354922,533.72240167181,Gene 18
405.95102496430576,539.4993041782944,Gene 18
406.33371377666447,529.9057931871129,Gene 18
404.51751302284066,524.7879265081159,Gene 20
406.066721525593,531.4594835566787,Gene 20
404.95632031392176,533.904520873818,Gene 20
404.54133567953807,534.3326822180526,Gene 22
405.0306962970134,527.9529778128159,Gene 23
405.5749876534615,535.5259231627782,Gene 23
406.4330786044477,534.9268890305281,Gene 31
406.0291071948097,524.4239542345157,Gene 31
404.85313255546527,530.0275528125705,Gene 31
404.73082153906955,535.7723869032368,Gene 31
406.6093347909475,535.9555313392947,Gene 34
405.57480182876924,540.6898605303813,Gene 46
418.12229757489024,525.364975823253,Gene 1
417.50461217273323,521.1443305252774,Gene 8
421.4672300066881,530.1110593126122,Gene 9
418.88244022312387,519.4320387123064,Gene 9
421.0748558447145,520.9128871703616,Gene 9
421.9068934473121,528.0195240753739,Gene 11
417.90177195421853,525.3711674822337,Gene 11
417.08887903492183,528.1120512828577,Gene 12
421.7954667903061,529.7175759792017,Gene 14
420.25646378017285,532.3115967051551,Gene 14
421.12515558151654,518.9604204533296,Gene 14
418.4807910598206,527.28148721684,Gene 14
419.28234663340226,530.8755514823894,Gene 14
421.7118250888181,523.6279036670795,Gene 14
417.9534639906266,532.7717969163023,Gene 14
416.83624359387244,524.3178878936101,Gene 14
419.00156989989307,529.8821525261253,Gene 15
419.9546744376536,534.2626524573617,Gene 15
421.6929630420694,528.1198067540739,Gene 15
421.0819815512879,532.6364660881121,Gene 15
418.5272771536251,529.7412706792725,Gene 15
421.37200354632864,521.51370543647,Gene 15
420.92794920561624,523.8410886836931,Gene 15
419.37517649013074,519.46266101872,Gene 16
417.46085711122123,527.2168687401347,Gene 16
419.0156329117758,531.1002290846478,Gene 16
422.0646050345817,526.6307062982855,Gene 16
421.8864891072144,521.0800376493794,Gene 16
418.7898463719411,529.1359601512735,Gene 16
421.32626479117897,528.4684677894141,Gene 16
421.41028385092744,527.916779973829,Gene 16
418.28290109563926,518.386029140343,Gene 16
418.717985895723,521.0704427930735,Gene 17
417.8449280981245,529.2380281562022,Gene 17
419.7154759524147,520.376636584826,Gene 17
421.4449273923458,521.6186600315832,Gene 17
421.296000457647,528.2039654576228,Gene 17
417.4500851487181,520.2679006854135,Gene 17
418.3363830108124,525.8155783968361,Gene 18
419.67131431134095,523.172049523952,Gene 18
421.2526914516617,524.3170635674924,Gene 18
417.3538532815639,525.0896206739584,Gene 18
419.9360553905748,533.5753992255147,Gene 18
418.8568929704201,522.6913692914237,Gene 18
421.00281366490276,531.5975688122802,Gene 18
419.0544161886459,530.7060002899095,Gene 18
417.3772922876529,528.9669440717105,Gene 20
420.73324043134966,520.745728061461,Gene 20
417.5414350024735,521.2617536254321,Gene 20
417.00256852898195,523.7884172055736,Gene 20
420.79496738720445,522.2656593646951,Gene 22
417.7727488120927,526.3746262723962,Gene 23
420.7894134081252,525.1149906722517,Gene 23
420.01176146214436,533.0506646618524,Gene 25
417.15613391576034,525.6612733546176,Gene 31
419.8265935761813,534.7339803947297,Gene 31
420.3012858175376,521.0665875591933,Gene 31
418.86790692877946,518.678023352192,Gene 31
430.96008128985795,531.0397147720603,Gene 9
430.7084046255404,532.4904590497384,Gene 11
430.3550972529948,520.9425232258304,Gene 11
431.73411282096316,534.2653380454389,Gene 12
430.81641788460905,534.1605104757512,Gene 14
431.35252851991197,521.35570010606,Gene 14
431.92520705476306,534.1597463462773,Gene 14
431.1243148095331,532.5771307080927,Gene 14
430.85836513783136,520.0877149215319,Gene 14
433.34780401923564,526.0994951883368,Gene 15
433.41414171880024,526.9520510324993,Gene 15
433.5564560235665,527.9134743331712,Gene 15
432.53388973442077,520.8394071671692,Gene 15
430.6903131028122,528.922591880369,Gene 15
432.7348828787387,530.9622913775607,Gene 15
433.40334314290607,529.2190314822682,Gene 15
431.37277177134587,530.0195664507906,Gene 16
432.24402305216535,519.0297234832751,Gene 16
432.8309013285312,517.1545066233438,Gene 16
430.4437091431096,525.2891950894558,Gene 16
430.6386906077124,523.6804127003879,Gene 16
431.1679242641996,517.8214008488053,Gene 17
430.467109225391,529.3532208564218,Gene 17
429.9399858639159,523.7732595479649,Gene 17
430.7447948665424,522.9153659374363,Gene 17
433.16831858363634,520.5008816876143,Gene 17
432.0701485441153,517.1504004381575,Gene 17
431.68229968392524,529.5028862442879,Gene 17
429.9380360130682,521.3842140859844,Gene 17
433.85057072328334,525.6977832126468,Gene 18
432.1246106544875,532.6762333299524,Gene 18
433.4085396067782,521.5329486977569,Gene 18
431.30082824318896,520.9416593997795,Gene 18
430.690204776471,531.4082592862576,Gene 18
433.1196172877343,524.7027218052983,Gene 18
432.163994541928,534.1415753734219,Gene 18
433.0617951295101,531.513731535463,Gene 18
432.5701225778559,529.007296002215,Gene 18
431.1405255680487,530.1528292389288,Gene 18
430.69818801731367,523.9036575190877,Gene 19
430.1685126810365,528.4645705503642,Gene 19
430.57392706215467,530.2336796757678,Gene 20
432.4487878702544,527.7066572828381,Gene 20
429.6623185424842,527.3372904187526,Gene 20
432.68291473061225,532.3278216633029,Gene 20
429.88735694201847,523.1778252390479,Gene 22
430.79948633959265,519.779809365491,Gene 22
431.3016193167223,530.0251763592548,Gene 23
430.9297909676551,532.7360367023666,Gene 23
430.0390970173357,519.7801091914496,Gene 23
432.3687652440524,517.9755577069601,Gene 31
431.350302520388,532.2159707716319,Gene 31
431.2948852196545,518.0833788839672,Gene 33
431.03527750053297,522.7155923549152,Gene 34
429.87771589814247,523.6483740503592,Gene 40
438.273875810682,524.1723043802582,Gene 1
435.72625035756874,526.1494100588653,Gene 9
440.0906231618662,524.5771540145889,Gene 11
435.4731941946263,534.3260236528413,Gene 11
439.95515135078136,529.0201535522523,Gene 11
434.8792056134358,523.453434408103,Gene 14
438.80993833267325,532.018750902569,Gene 14
436.81416845597846,522.7547511238705,Gene 14
436.84584208644407,532.3895255969514,Gene 14
439.60528444503467,532.9410675940687,Gene 14
435.9252766815751,523.1049874258939,Gene 14
437.3418125830185,531.4188055618514,Gene 14
438.9127075486065,525.8064877767039,Gene 15
435.98056812347585,530.5988617349243,Gene 15
435.14258525050207,534.3659826209114,Gene 15
440.56103900671366,529.3549165550435,Gene 15
438.8717237357932,526.0533364445348,Gene 15
439.72086519315707,526.7609586549962,Gene 16
434.33384148127806,524.2433982711185,Gene 17
433.56500575267717,528.4373762024454,Gene 17
434.7486772384061,527.328632393985,Gene 17
437.07360859674986,530.9430793860157,Gene 17
432.63715180871026,530.4080718232743,Gene 18
434.8862834332463,523.0703353983456,Gene 18
439.19640438192084,532.0140536404814,Gene 18
435.61495636058584,531.9854078005606,Gene 18
439.3177805271599,524.426271826274,Gene 18
435.17677847272654,530.2563815064227,Gene 18
434.0541446662171,525.8095050798428,Gene 18
435.09101079995605,532.6818579271455,Gene 18
434.26752364437056,526.3544695052254,Gene 19
434.50973288805255,530.9700844670612,Gene 20
433.10288082602733,531.1629912002443,Gene 20
440.5860697611617,530.0318956924802,Gene 22
440.6369500569437,526.2446917362431,Gene 22
440.21560508445447,524.1486118632885,Gene 23
432.82790354341773,526.5197529140557,Gene 23
439.7699436037153,524.8838830587181,Gene 23
438.7623816141387,522.5916544567145,Gene 25
435.0425168539163,534.0294978959976,Gene 31
441.0454833132474,530.2596867233176,Gene 31
438.152734046545,532.5153071949375,Gene 31
440.81190315273386,524.7575752427854,Gene 31
433.80900576492684,526.7115590947685,Gene 34
440.47878367800973,532.0398709994598,Gene 34
452.17470454868516,527.6382929564999,Gene 9
451.6923523816288,523.7808220312949,Gene 9
450.27860244119023,520.735332013177,Gene 9
450.2813126089187,523.5052630251851,Gene 12
449.3623414895663,522.2284124575795,Gene 14
448.3416873150566,531.3537048130967,Gene 14
449.08832950335596,526.8472327178346,Gene 14
450.180878188325,534.2873959935073,Gene 14
448.8569428320577,525.1132546988238,Gene 14
451.2334831923277,522.9366513483952,Gene 14
449.796865523396,535.5525379480332,Gene 14
449.53216448608634,533.4298487509611,Gene 15
450.3919132696341,532.9602221714924,Gene 15
451.97592237073206,527.8907697568692,Gene 15
449.2840271240438,533.9819518508294,Gene 15
448.79081730439924,532.6316149288285,Gene 15
448.64546108328557,529.3165958140022,Gene 16
450.2209771890373,534.2831194016081,Gene 16
450.2874016431835,524.4756577627035,Gene 16
451.2908625242563,525.671496545512,Gene 17
450.71000650900805,522.4542828539651,Gene 17
449.30997337813955,533.8452716104359,Gene 17
453.12515234079297,526.3499871290979,Gene 17
452.24166185352254,535.0087430006898,Gene 17
452.6740292321283,526.5527138153573,Gene 17
453.34906120032883,528.1008667295229,Gene 18
448.69056781853766,526.2984555056229,Gene 18
448.31921091003187,530.4204683212427,Gene 18
448.68381064390786,527.5041445853931,Gene 18
450.9375703608557,524.2853721146648,Gene 18
451.9464342226705,531.1472640269565,Gene 18
450.35408946166245,533.742354884831,Gene 18
448.7246449660685,527.6425433307361,Gene 19
451.0531342821346,531.4262570335565,Gene 19
450.01094592774393,532.1336546086945,Gene 20
450.1149153784089,521.6084180041684,Gene 20
452.0222417026346,534.5533386789975,Gene 20
449.8910443054932,522.7328282862355,Gene 20
452.7089177089656,525.0562437737623,Gene 22
449.51930741567725,534.9336523800531,Gene 22
448.16311719205703,524.3154680183874,Gene 23
449.56499080378785,521.4592530112659,Gene 31
449.48393444121706,534.0413686945899,Gene 31
453.16226976178626,526.9678205850795,Gene 31
449.8143097221935,524.5428234342504,Gene 45
450.5710099968772,522.4337339672754,Gene 46
458.71020608244675,525.49024257081,Gene 11
459.0416584543166,518.2547789911075,Gene 12
458.8628153188368,517.4219518139014,Gene 14
458.9401773550383,538.7845368704063,Gene 14
458.8867259553076,537.0216002940278,Gene 14
459.2343365718096,535.5886271137738,Gene 14
458.9691045478511,522.4454785709754,Gene 14
458.61930483748137,531.122866396603,Gene 15
458.74394504964994,519.2721302604748,Gene 15
459.1745013512393,530.5205095329363,Gene 15
458.53698600667184,532.3813232257816,Gene 15
458.5696822481993,530.429951140818,Gene 16
458.87080738472764,532.6030510802109,Gene 16
458.88978275872546,521.5331325172809,Gene 16
459.189646260503,533.4910944243875,Gene 16
459.3176229577201,534.5583402008594,Gene 17
459.350253916138,522.3404594122999,Gene 18
458.60380805374587,534.8008954547091,Gene 18
459.0251946083171,523.897202414532,Gene 18
458.8423345056006,537.6150814016123,Gene 18
459.4221698388953,534.8430070675269,Gene 18
458.42026497661027,527.3789868502254,Gene 18
459.0122351280241,539.0839950051691,Gene 19
458.9706569982424,519.7754129889811,Gene 20
459.1554343322375,523.3561031828121,Gene 20
459.2813515049615,526.9935939932992,Gene 22
458.7277386128136,537.5931269506505,Gene 22
458.84065903963716,537.7036169412945,Gene 22
459.46352221373735,531.2852927590275,Gene 23
459.13378261562184,538.7913217725076,Gene 23
459.3215295446789,527.4463253633887,Gene 31
459.0031444259504,539.1672727036303,Gene 31
458.5252341812517,523.5128050552047,Gene 31
458.8901564007264,537.6201611888685,Gene 31
458.6247867689581,520.4033885394836,Gene 34
458.86891560605045,539.466319108298,Gene 34
471.57564399318187,520.3058680863754,Gene 1
470.1806900612954,523.6632000108312,Gene 11
469.56613896982964,527.7254971811672,Gene 11
470.1092957117716,521.3885432781257,Gene 11
471.0409605138227,519.725700978202,Gene 11
472.4866996445228,522.4628835255603,Gene 12
470.5880793911051,534.2797343020485,Gene 14
472.0239924854894,530.4898238427236,Gene 14
469.82486637735593,523.4171191249028,Gene 14
471.5342909228332,521.0801757175169,Gene 14
470.15720343454626,522.882442213198,Gene 14
470.36758557803927,524.8057191725726,Gene 14
471.05328780121914,521.4466699824162,Gene 14
470.69543485233777,521.6511102426549,Gene 14
472.24105865654207,521.701119829034,Gene 14
470.17664438720425,520.4487073144087,Gene 14
469.7821951257408,526.6592359813459,Gene 15
471.7727701150921,529.9636014279941,Gene 15
471.499827135986,533.8829496115784,Gene 15
470.02353937921345,524.2967674410928,Gene 15
470.7113877692054,532.5762165456586,Gene 15
470.32344597069135,525.1272337741907,Gene 16
471.79414887714006,525.1016427253982,Gene 16
471.984161308463,528.4430897163251,Gene 16
470.5424212046164,528.0414007810556,Gene 17
469.5444277841887,528.3932084790314,Gene 17
469.94473328882736,529.9358727640439,Gene 17
471.7275631896197,531.3683220266813,Gene 17
470.2559516419658,523.8880100639238,Gene 17
470.29436090952396,520.176066244147,Gene 17
472.15605833986785,525.0056443322035,Gene 17
469.8911947299944,534.4137516029631,Gene 17
469.76245557817987,530.9195844299328,Gene 18
471.26735668915967,522.2507523908013,Gene 18
470.1885301517108,524.8639486870906,Gene 18
472.06694553869835,523.9767228061125,Gene 18
470.19031636001284,521.8957833573158,Gene 18
472.30663407804997,531.7419036670378,Gene 18
471.49225693998653,535.0506828725861,Gene 18
471.57767058567055,528.9649679453573,Gene 18
469.4550126716488,526.3935655975669,Gene 18
472.21555092298235,533.4431211714871,Gene 18
472.26040013901996,533.7768529022347,Gene 19
470.35776653743574,530.6037058287201,Gene 20
471.909757526003,525.7865343172219,Gene 20
472.20116357807444,534.5363130297911,Gene 22
469.60920998219797,524.813150478531,Gene 23
470.9792305247987,519.0088617762262,Gene 23
469.91279593931733,535.1622291467897,Gene 31
472.6639452260265,529.5398110195594,Gene 31
471.4352686469764,531.7256455344901,Gene 31
472.40896762950126,525.9666194177131,Gene 31
470.9142161675626,532.8488140836315,Gene 31
471.24083740729554,531.8025671309059,Gene 31
469.65881787250635,532.8273854318401,Gene 34
470.1812063099958,535.8918556816608,Gene 34
471.2885620569634,535.0980483921583,Gene 34
470.4915953210659,535.1845212915656,Gene 40
474.7323346217335,526.7625668459742,Gene 1
476.5884471178485,529.8431629156917,Gene 1
478.0122346072083,529.6645592992667,Gene 1
477.12583836757995,526.5878353587159,Gene 9
474.11780116797405,520.6358583624874,Gene 11
474.34845974774714,530.9247908205584,Gene 11
475.36416605945584,523.8494074748426,Gene 12
477.21423769043696,524.4541582611464,Gene 14
476.14008222422217,530.0934593256002,Gene 14
478.4235488267547,525.360651229883,Gene 14
477.1273926972322,530.9208187308313,Gene 14
475.34326518071646,528.1656809339361,Gene 14
473.90641947392675,528.9697019878529,Gene 14
475.18255619797225,532.5340361781742,Gene 14
478.01505715746305,524.7030580550827,Gene 14
475.733061664453,518.3745624439347,Gene 14
477.2918036350935,525.3985695324941,Gene 15
475.5624114545397,531.9576701012777,Gene 15
474.1112293643046,526.2486777017353,Gene 15
475.214264792685,532.9647234493835,Gene 15
474.2541640080385,526.4756399130038,Gene 15
476.14799370610837,529.2710331950242,Gene 15
477.70514088688503,522.5091560594591,Gene 15
476.2942176033282,520.4535045617923,Gene 16
475.1374400732874,521.7129094326576,Gene 16
474.2332853973191,523.9392508551399,Gene 16
475.28825216046533,532.3668776193593,Gene 16
475.54028661140364,531.2962166800753,Gene 16
477.0680684237194,531.2907880160989,Gene 16
474.84260971258533,527.4483243688438,Gene 16
476.10084464463023,532.6387513837215,Gene 16
476.70968188321416,519.5388761304072,Gene 16
475.45838292465027,529.929757241843,Gene 17
477.81975005894884,524.8740778239063,Gene 17
478.01353502682383,527.5743711233104,Gene 17
475.2251529816271,531.4475078132186,Gene 17
474.762125067333,531.1853570847803,Gene 17
478.07453337883317,522.8375964157644,Gene 17
478.55952808251874,526.8177682515243,Gene 18
475.2697116550953,520.3303069387944,Gene 18
478.2919022040361,522.3197409135594,Gene 18
476.9099423490187,522.8960966863351,Gene 18
474.19032565056284,530.9035718296592,Gene 18
474.8791041684956,533.0747561729,Gene 18
475.92767171751996,519.5022683477339,Gene 18
478.2499983093085,522.6148434794526,Gene 19
477.89581567250036,520.2443659972973,Gene 20
477.7803306829945,528.4667512292268,Gene 20
477.6525181653649,522.3960757844377,Gene 20
476.0035455994765,520.7755618570776,Gene 20
475.11653927481694,521.7162747543756,Gene 20
474.39880774047725,525.9179630128792,Gene 20
477.78037986343145,531.2831833932655,Gene 23
475.63109173846277,519.8472210818535,Gene 23
474.54706876625346,521.4071157386377,Gene 31
474.3655868604009,525.9273961924526,Gene 31
474.19942676564216,528.989279637477,Gene 31
477.4120854427204,528.2948302216334,Gene 31
477.88969992534084,521.8151575438974,Gene 34
475.37240270583607,518.6269995149801,Gene 34
477.67677212101455,524.2721801413552,Gene 34
474.40451045739866,522.6566212599517,Gene 40
475.60335852748716,518.756836745001,Gene 40
476.91593111553675,532.3801872414475,Gene 46
475.32055543580015,530.9314601231147,Gene 46
495.23538347402217,532.206926024339,Gene 1
490.19489038718064,531.4220341194425,Gene 1
484.19910002590365,528.0837884186055,Gene 9
490.62776143325954,525.95881690472,Gene 11
484.77579778409205,528.4304773271176,Gene 11
487.1412915200928,528.96562739765,Gene 12
493.0834362853164,532.6871003853377,Gene 12
491.0985839709111,533.0437092199974,Gene 12
485.33461418506744,528.2123155862663,Gene 14
486.1890798571273,530.9524509050503,Gene 14
495.3824867424996,532.0861909015456,Gene 14
485.1986129751779,531.5153104478594,Gene 14
488.53887447305164,532.5523805222155,Gene 14
491.37214698265666,525.7697908495206,Gene 14
488.0623899385278,530.9105511985109,Gene 14
495.23658104104163,528.8569506238275,Gene 14
494.32755716896037,533.2130602052864,Gene 14
494.4054579306403,530.774299591622,Gene 14
487.9781932213174,525.9119772818473,Gene 15
488.23410345115684,526.541276040121,Gene 15
496.136784736829,529.4021236309129,Gene 15
494.7751440645594,528.4960622995072,Gene 15
490.5871922992536,533.4163965949668,Gene 15
487.4752853545856,533.7633022545762,Gene 16
490.29583127239624,526.2616196744631,Gene 16
487.4823030475252,533.3116201141273,Gene 16
492.38387434976767,532.1864558679473,Gene 17
489.8936796636778,532.5924735245393,Gene 17
487.3479549278938,528.6034336757559,Gene 17
492.07859624478965,525.8615459371154,Gene 17
491.6076672035598,531.4240609970943,Gene 18
487.46538900265426,527.2889209669961,Gene 18
490.2316234693432,525.9113059564613,Gene 18
494.1507118754008,528.301904388015,Gene 18
492.7632782150369,532.0014871497522,Gene 18
491.6392728521256,527.0865588177448,Gene 18
491.1496056393769,532.3145452722435,Gene 20
490.35344367797546,533.2139303178823,Gene 20
494.07890312224845,526.5531903802199,Gene 22
493.4885626552031,530.7954279625092,Gene 22
484.66237639861896,529.4563830653167,Gene 23
487.7299471857708,532.4556903547538,Gene 23
484.540857979346,527.5389308371513,Gene 31
486.93854754138096,526.4233135603877,Gene 34
502.1469471656065,525.1952359889392,Gene 1
498.2580510362622,532.8262484484156,Gene 1
498.1226808070749,533.2209710467667,Gene 9
501.12952825177246,521.2627711224396,Gene 9
497.1476814738353,524.045727986609,Gene 11
500.7215779578637,522.0559052008934,Gene 11
500.60140588768445,523.8973568940909,Gene 11
500.47385651439293,531.7356410685501,Gene 12
501.5165276133799,528.3667432232044,Gene 14
497.1217436449885,532.2778494224632,Gene 14
494.37408530491234,524.3026439671892,Gene 14
501.20379847818,527.8537869337636,Gene 14
499.36030905300964,529.5685777995453,Gene 15
499.740345245353,527.1600668347185,Gene 15
500.87052743208733,525.8541001262076,Gene 15
498.3761548839154,520.2599505751032,Gene 15
501.451885336564,531.5632422580741,Gene 15
495.4868115845361,526.7906504770425,Gene 15
496.6494845778106,523.3327351218342,Gene 15
494.5869787696715,522.5332826634086,Gene 15
494.8545648056925,529.3651194454065,Gene 15
495.68741390297805,528.6508955120348,Gene 15
494.277601377322,526.540202542424,Gene 16
498.83831107875244,520.7500561624523,Gene 17
500.9031855644811,532.936559735676,Gene 17
495.2022828111719,527.9481169002854,Gene 17
498.7640398305646,528.783034416751,Gene 17
502.3323530904102,524.1383815215813,Gene 17
496.1640645572291,522.1004694497941,Gene 18
496.6618240343899,520.9386018753675,Gene 18
494.3827865059891,525.3038129159584,Gene 18
499.9443589915726,522.4288347609075,Gene 18
496.92154010005055,524.5278288133152,Gene 18
494.45328591597524,525.3818634757301,Gene 18
495.862364577385,522.6107749312673,Gene 18
495.37950154436794,528.674789880685,Gene 18
496.38115586363455,532.2957440037919,Gene 18
496.4411339910728,529.7473964860804,Gene 18
500.0895286550395,522.9195448447726,Gene 18
495.72847423142554,530.736004840905,Gene 19
500.99422550735676,523.6996675825687,Gene 20
497.67133337813345,529.4503650723533,Gene 20
496.73903085770786,532.8906163359849,Gene 20
501.8800560044729,525.9066220153134,Gene 20
494.5604301679443,529.5254132652547,Gene 20
501.2457185251473,523.8446199488807,Gene 20
495.5889955850513,527.9706970007088,Gene 20
496.9909088400308,524.364358250405,Gene 23
494.64832089904223,530.825774724522,Gene 23
498.42614277666473,521.7153921837106,Gene 23
498.4231028576966,521.2278921958871,Gene 23
497.2817403904736,530.6003161352875,Gene 31
500.31143723431796,527.2686518416733,Gene 46
497.14947335952127,533.1966606984578,Gene 46
496.19661877163014,521.9854706464298,Gene 48
406.57950905167155,542.7992202665517,Gene 1
406.72345863919907,538.8938958594028,Gene 9
406.6731588615467,537.2153287615841,Gene 11
406.90052292798083,535.592414410574,Gene 11
406.7952372952542,533.3355336932931,Gene 11
406.438167765383,528.0428128271598,Gene 14
406.7082133326873,534.243106697144,Gene 14
406.4497934539994,536.8727303949954,Gene 14
406.6442733491128,532.4367458773932,Gene 14
406.02150422003433,533.589438801616,Gene 14
406.35417472673214,546.2912636240136,Gene 14
406.6767939923909,537.8198035116294,Gene 14
406.0173413285332,541.7736771036164,Gene 15
406.26395666734965,544.6763211737766,Gene 15
406.17577281177734,530.7359778589943,Gene 15
406.82560329285917,537.7771742925978,Gene 15
406.6529334707004,533.6895750209995,Gene 16
406.1022875490473,546.3554454870298,Gene 16
406.7172462801041,533.6858250405226,Gene 16
406.04753538197394,535.4235382918276,Gene 17
406.4678712430218,529.6090743292594,Gene 17
406.5199775791466,549.136607260946,Gene 17
406.7015110408916,543.9131589664435,Gene 17
406.2338316824444,540.4694580625086,Gene 18
406.74685290741667,536.0099900477062,Gene 18
406.58494983366836,547.3075127500371,Gene 18
406.70889281027087,543.6266945707819,Gene 18
406.1843896124871,531.599931211094,Gene 18
406.51688488533375,545.2097702819293,Gene 18
406.7107103099243,534.0866475101657,Gene 18
406.66617652376874,537.7077603445955,Gene 18
406.56281715193995,534.8060468694072,Gene 20
406.3133016180913,547.7057764864618,Gene 20
406.7530631098903,532.2294848781253,Gene 20
406.0478535192582,540.4442718606736,Gene 20
406.0694160527652,536.3210210419842,Gene 22
406.23386357224746,533.2037384654808,Gene 22
406.6996631005588,534.4594323492453,Gene 23
405.95875209900015,536.0394479995457,Gene 23
406.6031174892357,544.2384529106944,Gene 23
405.97732577981645,541.4651171181474,Gene 23
406.3401869614847,543.6935589840641,Gene 25
406.1067413107984,542.612332814234,Gene 31
406.4342443163889,531.1185165351974,Gene 31
406.0456032932227,542.8350779628281,Gene 31
406.3358193375404,530.796385750262,Gene 31
406.7024204392785,541.3761327903743,Gene 34
406.6636874501262,534.9079086976437,Gene 34
405.99187134013056,540.1638235956076,Gene 34
406.05013092587257,544.1375896354933,Gene 34
406.3598518676008,547.8705126704904,Gene 40
406.6349486474906,540.1598772443808,Gene 46
415.94574357878713,539.4918533672488,Gene 1
422.68800101066574,542.1936957174754,Gene 1
413.9425782920312,537.6386146609149,Gene 12
416.7046211313723,534.2869337091631,Gene 14
421.40510752416327,543.2338889021476,Gene 14
418.8245532903865,539.3045727520481,Gene 14
415.16896535153035,541.5336727411336,Gene 14
420.0007271712394,538.3713842564457,Gene 14
418.6785216087848,534.0439358505063,Gene 14
421.655854841441,540.4411417426355,Gene 14
419.7189097179338,533.9349020168733,Gene 14
414.3614083617176,541.2559338196814,Gene 14
416.18615060687506,537.1475506763967,Gene 15
416.95753540110434,533.7228698559433,Gene 15
420.9957730379119,542.1697865489159,Gene 15
420.67255413084393,534.5471074355817,Gene 15
413.46625962257974,541.1136185420622,Gene 15
415.1659455523738,540.1360667972408,Gene 15
418.84846449584376,543.033861843655,Gene 16
413.50439207855277,538.167905854413,Gene 16
423.5347429734859,542.1795507771758,Gene 17
412.97795336523734,535.2267508166815,Gene 17
414.4022876115392,542.6242419669776,Gene 17
419.0832807075305,543.6104781775987,Gene 17
421.67418303914474,541.264908082884,Gene 17
420.0316381785915,534.5775919356819,Gene 17
415.5222039727603,539.3590010380865,Gene 17
414.7217110424663,542.3854810821168,Gene 17
417.1383066778302,541.6742728023953,Gene 17
419.8552360115827,534.3305449186769,Gene 17
414.81958527625585,535.2006555502732,Gene 17
420.60654556318207,536.7859504988486,Gene 17
420.8571217914376,543.1140840235106,Gene 18
416.31672097296223,543.1354867914655,Gene 18
413.2376455249377,537.5143020509448,Gene 18
417.44103375481006,534.7486183324685,Gene 18
416.1136241598654,533.2158561868639,Gene 20
415.27911472502603,535.5505686174974,Gene 20
414.54140314835166,542.9708889283045,Gene 22
418.1927920878317,533.318351987398,Gene 23
420.1833912024567,534.5417339914205,Gene 23
422.3058011064048,541.0585545402281,Gene 23
419.6656328024131,535.8390705514338,Gene 23
420.6809904643033,534.7620183480028,Gene 31
422.15064953857944,534.9497020924204,Gene 31
413.71355949363357,541.3879442429583,Gene 31
421.5050198699066,538.1617799863735,Gene 31
421.24431115593364,536.9107098847078,Gene 33
416.344582303665,534.2156878292166,Gene 34
424.7237208265693,543.8856203669986,Gene 1
424.19322806605527,542.9868892344393,Gene 1
428.62333658779085,534.8160186227582,Gene 1
428.78222537429383,538.4792761554341,Gene 9
425.33899253784233,531.4379413872962,Gene 11
424.84449215946177,533.8207852986834,Gene 14
426.78747479009286,543.1007920560827,Gene 14
428.6158020404763,539.0544102216819,Gene 14
427.5190041225984,532.4930502505507,Gene 15
427.13769420315634,534.2057951785769,Gene 15
426.4075714090158,540.3692700477146,Gene 15
423.8191004203347,536.3552958735272,Gene 15
426.05269854774804,544.0605877693077,Gene 15
426.9984347039622,534.0084819257487,Gene 16
423.39884441280486,541.6119944910349,Gene 16
428.2372615068147,534.7407829253686,Gene 16
427.09061468348244,544.2302213366258,Gene 17
425.3230569820421,544.9158064307336,Gene 17
423.16861811647755,537.4961629471788,Gene 17
427.13131376083174,541.5769266484331,Gene 17
423.7014565218009,534.8635173591424,Gene 17
424.454651300531,535.0445195515381,Gene 17
427.74870941235343,531.3154441246996,Gene 18
425.3498741829325,543.3961103061891,Gene 18
427.5761558691397,542.155757997716,Gene 18
427.8892945140485,538.9815565781375,Gene 18
426.85442718228626,531.833723539281,Gene 18
424.07510235536176,541.6935080769027,Gene 18
424.6515873413096,535.5433944272697,Gene 18
427.1022174953458,543.2183311772962,Gene 18
423.47125097174234,537.5060075628193,Gene 18
427.70063013352456,544.9395872404222,Gene 18
425.1731699909303,540.4714406701356,Gene 18
424.41941497925893,534.148185019344,Gene 19
425.4800149419725,542.9908116563207,Gene 20
427.6393342937957,544.7708868490869,Gene 20
428.1695910269193,539.755418367933,Gene 22
427.2756276373488,530.2439818826153,Gene 22
425.9855869968601,533.1424820899142,Gene 22
428.07378166825004,538.7357367446793,Gene 23
424.0658765026369,531.9400269643947,Gene 23
428.0904974990538,544.0951088897733,Gene 31
427.0127263184964,532.783442989118,Gene 31
426.5064911583389,533.2931093536235,Gene 31
428.60460282017414,534.3500474932055,Gene 31
423.9431992599959,532.1920166038807,Gene 34
432.95026722579667,534.0171854632972,Gene 1
432.50697139739907,530.1793153818069,Gene 14
431.25705418941226,530.331301238743,Gene 14
434.2070667745523,540.3084401587153,Gene 14
433.64999499104937,531.2729753560383,Gene 15
432.5015875128847,529.7823275284713,Gene 15
433.3258568466704,536.654700143317,Gene 15
433.8208004060841,535.9653852538635,Gene 15
433.1380940128757,537.2236930718549,Gene 15
433.5073135647717,540.8211182232034,Gene 15
430.9308157516378,530.8999022221484,Gene 15
429.3132776425387,536.6236609959161,Gene 15
432.56201201878747,540.4748855426762,Gene 16
431.9376828005923,528.9934614610445,Gene 16
429.0617534532284,536.9194818139783,Gene 17
430.6755694972579,536.2257813940727,Gene 17
433.3145032715572,530.5337754760651,Gene 17
434.0729205360363,532.3893879941512,Gene 17
430.47345162593496,543.9425158867713,Gene 17
428.9038961607792,537.0730725218818,Gene 17
431.78778142912455,532.1048016078844,Gene 17
429.09607494787315,536.2291844876524,Gene 18
429.3589428151025,532.3512918406376,Gene 18
433.71573070303276,539.5725724169843,Gene 18
430.17646924068333,529.450599147422,Gene 18
434.0260764030571,538.6795887577036,Gene 18
431.65088763760957,544.6032114499715,Gene 19
431.9006344604881,541.3617492232172,Gene 20
429.9948955805275,541.4985745025785,Gene 20
433.4960229464927,531.7068805492255,Gene 20
432.4104863570837,535.5783297153264,Gene 23
430.73950519801855,529.2478715121383,Gene 23
430.2096247311855,530.8798369676821,Gene 31
433.3469048452319,543.3113338671745,Gene 31
431.0071603400893,543.9560197176055,Gene 33
431.8348967248688,540.7815181627983,Gene 34
432.16689394720714,542.8471413720357,Gene 34
429.37747380993966,539.7285244865692,Gene 34
431.2646583230334,530.3175679265687,Gene 46
443.4577065350424,527.5634365188024,Gene 1
441.39957119028685,537.5247332014102,Gene 1
441.160477765999,536.9855107091968,Gene 9
444.4036788023987,539.6998197908749,Gene 9
441.2525432601489,530.5804918816609,Gene 9
441.0926627198542,539.6118761615021,Gene 14
441.94540225987623,541.2345926600842,Gene 14
443.17438228256316,532.6043320311062,Gene 14
439.8629550915869,539.3214835983988,Gene 14
442.8305365153148,531.2427541245615,Gene 14
441.1334410331404,530.5734770571493,Gene 14
441.2452488842641,539.9780325405862,Gene 15
443.86149646714387,541.1405939814439,Gene 15
445.07569384419827,530.6554603798598,Gene 16
445.1594983610561,532.8330712808901,Gene 16
442.4718837695478,528.2919070436758,Gene 16
446.3600443794868,537.2489668182337,Gene 16
441.5260010828031,528.5674487272495,Gene 16
441.5020083648899,540.9630424713996,Gene 17
444.85539336489484,540.8346424478378,Gene 17
441.54412524674444,535.7490848457396,Gene 17
444.8215636768192,532.5329711730429,Gene 17
441.963941609027,538.8667072531417,Gene 17
440.9529837788831,530.2532894303366,Gene 18
439.3558008187723,534.9709461103004,Gene 18
444.4146935336441,539.1718029518607,Gene 18
439.9144906244931,533.9683464046398,Gene 18
442.5839454456918,530.3339894896035,Gene 18
441.46657087786286,538.4842852872627,Gene 19
442.03638432974213,531.3946024610988,Gene 20
443.38284862443675,537.3864480813205,Gene 20
444.95890605953906,540.3946953812526,Gene 20
443.01465585154733,542.2075773749219,Gene 20
441.1435121552564,534.1885087649526,Gene 20
440.11065571020646,532.8804126922533,Gene 20
443.31355811622814,543.1202123412916,Gene 20
441.2993315632961,533.3471699937556,Gene 22
444.0794079591535,540.6129866000017,Gene 23
442.2342962014188,540.0034184402045,Gene 31
446.3154707772333,534.8403674251955,Gene 31
440.0190006239301,535.1091945828607,Gene 31
440.83578093658406,530.923504256401,Gene 31
440.54886952663236,539.8728399244079,Gene 31
442.13577519320324,539.2054877529664,Gene 31
441.27004705643213,536.7166759855749,Gene 34
444.49320304959497,530.491083700539,Gene 34
440.80304533442325,531.4726597495694,Gene 34
442.8173895275434,539.4277564478108,Gene 34
444.0209109847255,539.4054470391513,Gene 34
442.6971035327654,530.474160948133,Gene 34
442.3935993948308,542.1077017254693,Gene 34
442.52860969258523,527.3035505948571,Gene 40
457.08470606157533,534.8040880370947,Gene 1
456.5296377307726,537.8004045663127,Gene 1
458.1752909456736,540.4814099717892,Gene 9
457.9954860935873,539.4044412776309,Gene 9
455.3872816313824,532.4390800907076,Gene 11
459.2353594657992,529.6069352647456,Gene 12
455.32408710388825,535.243360227143,Gene 14
458.6905040940209,536.7603636140134,Gene 14
459.52567414983235,533.8349816177556,Gene 14
458.40191023982453,537.9435355156603,Gene 14
456.0041046312853,540.2623561961107,Gene 14
455.9651601067981,531.0889268314222,Gene 15
458.70969149517066,540.3766053188964,Gene 15
456.09089772382873,538.6305510500443,Gene 15
456.6242834434378,532.0786898550365,Gene 15
460.55897115511453,536.2609346350177,Gene 15
456.0722751849003,539.9729920753734,Gene 16
455.6425078209559,534.7834817999976,Gene 16
457.298242723483,527.6543085763818,Gene 16
456.07417363398474,538.8675224857265,Gene 16
455.80500599949397,534.2309734810686,Gene 16
460.0016478084047,538.6458846849491,Gene 17
459.3547949859173,529.2329143325102,Gene 17
458.8682885789916,528.3888213368305,Gene 17
459.2982017773107,534.6792875376999,Gene 18
455.56283865498773,535.0025143966568,Gene 18
458.3864593592067,527.5020937597383,Gene 18
459.20819398400795,529.744703589432,Gene 18
459.16718431421066,535.3331400103481,Gene 19
458.9407161020177,541.5735272866667,Gene 20
457.26464405075365,537.7439317734446,Gene 20
455.7979885883371,541.2747346442857,Gene 20
458.9519363967524,527.5461771599847,Gene 20
456.33186588615087,537.4604027118743,Gene 20
457.92628442946625,529.5198106418942,Gene 23
457.7652022192589,525.9786960032023,Gene 23
456.8531259665621,539.2356631595776,Gene 23
458.5890800907492,540.4086052038616,Gene 31
459.0428899650941,529.5366273328996,Gene 34
470.2210013629834,537.5596241757478,Gene 0
470.45865784265555,535.2400063619659,Gene 1
466.53139085075594,531.0876297497226,Gene 9
471.3562086679451,537.938404351312,Gene 9
469.63493481627114,533.4128264191195,Gene 9
466.26945976743826,545.779252853798,Gene 11
464.2144619571145,536.3157634659476,Gene 11
465.8583890432218,531.1485465927443,Gene 11
465.64424616688683,537.2381169724167,Gene 11
465.83027967747387,544.9723225944695,Gene 11
466.98011753066754,545.5780190876617,Gene 12
466.8502018256724,532.4939391537396,Gene 14
468.757924547445,534.7982682743101,Gene 14
465.2227389652626,535.2982364623693,Gene 14
467.55151339902187,533.2906031168333,Gene 14
466.16024792766325,533.8691907247753,Gene 14
464.5418473842771,542.2050650960391,Gene 14
467.86294489393305,545.8919620827929,Gene 14
469.18490829193894,544.2645878545042,Gene 14
469.1960441927687,531.3396654230103,Gene 14
469.6929018888884,532.2885677495492,Gene 14
466.0390384614445,538.5261384568042,Gene 15
468.4119334365636,545.130341709709,Gene 15
468.06672745647376,546.2335441699529,Gene 15
467.0044800023135,532.6622679063934,Gene 16
469.8110526705498,535.5942714273175,Gene 16
466.36232222520914,538.747208810726,Gene 16
467.9928942490487,531.4254821528864,Gene 16
465.8963222112011,536.4788337339259,Gene 16
466.77449424733146,533.1673311492516,Gene 17
468.9805201848802,531.6069065629888,Gene 17
470.2422535922262,538.7506766903693,Gene 17
465.9362661343981,543.6727182453976,Gene 17
464.7244720695616,534.6990625134175,Gene 17
467.2463712338701,546.777343660544,Gene 18
465.7397095775796,542.2223885780252,Gene 18
466.8386891227359,543.036545262699,Gene 18
470.44543530508537,539.6397200883835,Gene 18
469.08126081922546,535.5796532760241,Gene 18
465.6357428048836,544.7480547422152,Gene 18
469.5622457971506,541.372004636695,Gene 18
466.09673186971025,538.1874821924852,Gene 20
470.0756172554788,542.962212143295,Gene 20
468.01113903727725,545.9183795188649,Gene 20
465.3752888468504,532.9190129358794,Gene 23
470.12132737555055,544.034511367247,Gene 23
466.22379640697756,541.8616990273064,Gene 23
469.1086149381801,534.6732423208119,Gene 31
469.3120543417381,533.7615928016295,Gene 31
465.8950881559378,535.1199115216937,Gene 34
468.55860305708325,545.7009141889058,Gene 34
466.7770523418748,535.2431883276867,Gene 46
468.1102503268642,530.6745302896675,Gene 46
475.26177841536065,548.3115857552406,Gene 0
477.17347137197703,542.0647968042009,Gene 0
474.68101834450823,534.0315890783708,Gene 1
476.51942754938733,547.4508514850767,Gene 14
475.0414946700849,545.5674814645846,Gene 14
476.773640047793,548.1691568221535,Gene 14
476.96585686300665,546.3415877850526,Gene 14
475.8382931041599,549.3476072688239,Gene 14
476.808745478619,546.5007838185072,Gene 15
474.6207212644716,545.8732479735604,Gene 15
476.0105876959559,532.2693878978649,Gene 15
477.0117470184444,544.4601317741154,Gene 16
474.9270165570199,540.0579905894595,Gene 16
477.7799601279345,541.4182305919677,Gene 16
475.49584385454233,549.4996818508383,Gene 16
474.5312222296974,544.9543483889942,Gene 16
473.97218220637905,541.827774322013,Gene 17
474.9817844771408,546.0918800225029,Gene 17
474.34562589188977,538.849082260781,Gene 17
474.897206475418,546.7511231880428,Gene 17
476.60153689839433,540.0101805984191,Gene 17
474.27293840576704,545.5900017584273,Gene 17
476.26386938218695,533.1260751829263,Gene 18
475.73594234366726,533.0054633307925,Gene 18
476.57926236027293,541.8239833350456,Gene 18
477.0099594465378,540.3050731881797,Gene 18
475.0141792463996,540.7336245469688,Gene 18
477.1334033749709,541.8353187406141,Gene 19
475.017470201841,543.045271016182,Gene 20
477.39355267366494,541.4066910897897,Gene 20
477.32361307559654,539.0337314709449,Gene 20
476.78589424932545,538.2987994836994,Gene 23
475.5763612410251,545.4502952615721,Gene 31
476.83472954039166,535.918956422759,Gene 31
474.5397558046913,540.4185977651239,Gene 34
474.4203008377498,539.7501546509553,Gene 46
475.80451606726575,547.9639608076417,Gene 46
490.4910394064736,535.8629220290526,Gene 1
487.62441013911274,531.5299843449329,Gene 1
487.22841161934474,543.334641805589,Gene 9
486.8484904783864,531.3070551654024,Gene 11
487.91697809585173,531.0442928941935,Gene 11
490.4395401995,541.7656139182469,Gene 12
485.305563955943,532.8495528571582,Gene 14
488.8400206845277,542.5133211769692,Gene 14
491.47334138034347,541.0630352118868,Gene 14
487.76876500606255,530.4027757155364,Gene 14
485.53780818666985,533.8441546224241,Gene 14
491.2510640400892,540.3189741301996,Gene 14
486.28071922175616,534.7750820253765,Gene 14
490.3165116372615,531.3760091407402,Gene 14
492.5160988563213,537.3989708868031,Gene 15
489.1812889334805,544.171096735348,Gene 15
491.5904979391709,535.4490089370777,Gene 15
484.89736076113087,539.0186464246,Gene 16
492.24766722913495,536.4366157715428,Gene 16
491.09987160955563,534.682262743835,Gene 16
487.76850238523343,530.8620075254707,Gene 17
487.33435473039407,530.8235675593098,Gene 17
491.2237132757198,537.2268558434082,Gene 17
491.1627891146467,538.4515976108188,Gene 17
490.2607823871072,536.4973600432994,Gene 17
491.4376416872405,538.8080276033801,Gene 17
485.3326527529085,539.6497827492699,Gene 18
488.8119596904608,541.2565673279693,Gene 18
489.2067174215724,541.5277561558155,Gene 18
492.13234308765124,540.6577898886559,Gene 18
486.5858171964113,540.1276004034947,Gene 18
489.2874895569359,533.2350208879741,Gene 18
491.16432402608046,538.4941772115909,Gene 18
487.1229783946373,543.930615495735,Gene 18
489.97197970178,538.5183745776411,Gene 19
487.0069136145855,543.7991108106451,Gene 20
492.144326710228,533.5600109754256,Gene 20
490.57752797994533,531.1296416159245,Gene 20
489.1401137716243,536.7339841807011,Gene 20
491.1869317103601,536.0802530107976,Gene 20
485.1556608207818,534.4503889324325,Gene 22
487.7450736483979,532.8846272105901,Gene 22
489.0061595884026,536.5601977217483,Gene 22
487.1241024207601,534.6278927239232,Gene 23
487.0356762162145,540.4445481003735,Gene 23
485.2095979797255,533.6457798251578,Gene 23
490.99544209978774,531.4251822322261,Gene 31
489.56977548833174,531.3296635613375,Gene 31
489.70851935163205,542.9692444555011,Gene 31
491.1504000884197,535.2267722719897,Gene 34
500.59114289940146,538.7596852259466,Gene 1
500.47683514047276,535.0355949859975,Gene 1
496.47571640267387,532.141908807655,Gene 9
501.8946186409496,536.5861475458414,Gene 11
494.8744841986486,533.488553248819,Gene 11
496.34279523185717,537.8606492329542,Gene 14
497.54171918584234,542.9870698457222,Gene 14
502.22966804481945,536.7107321527906,Gene 14
499.51475581491087,534.5512552050442,Gene 14
499.960250813717,531.9391086662239,Gene 14
498.5741768293904,532.7054393662488,Gene 14
498.395613081195,541.6518289206306,Gene 14
500.32989514623665,535.6873837174633,Gene 15
501.48527979902565,532.0480581667297,Gene 15
499.66954424511744,538.3058667254044,Gene 15
500.7895907834719,538.5297210312574,Gene 15
498.6537387194191,541.3268334060112,Gene 15
497.16668058351695,534.7121516276512,Gene 15
497.5584111362801,531.6675291084459,Gene 16
499.5620534438018,530.682497225097,Gene 16
500.7066804990871,534.0811791005697,Gene 16
500.37840498656334,531.9713277340545,Gene 17
501.6775654275624,535.2211683246816,Gene 17
501.13714539199333,541.3878230797058,Gene 17
495.3066788591454,535.4670266353081,Gene 18
501.1767490409447,530.9686431814176,Gene 18
498.86566107482884,531.5988443041365,Gene 18
499.9694107476068,535.6088856268101,Gene 18
496.6342878707478,529.6105200191236,Gene 18
498.8442948097967,528.7787666772902,Gene 18
497.18117279326054,531.1954223756486,Gene 18
498.8264973514999,531.7648400056514,Gene 20
496.1788245893282,531.1340522970198,Gene 20
497.02681186535665,537.0771999531667,Gene 20
498.1323427303985,530.0785434089528,Gene 20
496.2895982364191,540.5450019367025,Gene 20
495.31542839613064,537.2508700064083,Gene 20
494.8390293908057,536.9212915904344,Gene 20
496.43487417409557,530.6497003067855,Gene 20
500.27405892629497,535.9790539926182,Gene 23
499.85959048326964,529.615848903337,Gene 23
496.9285554368721,540.4573165883004,Gene 23
495.6465333711312,534.2095858276356,Gene 31
495.05206228862016,533.2588218036135,Gene 31
501.6794266495872,538.0584402944561,Gene 34
497.25469503506014,540.4349984371901,Gene 34
495.020421004977,538.4681455943759,Gene 34
501.98432235536666,532.4118255811935,Gene 34
400.16614242131647,551.3840562859012,Gene 11
400.16288458957854,550.3483281368627,Gene 14
400.19111352843913,543.4675514921428,Gene 14
400.17220693995677,541.8185518794492,Gene 14
400.04122256216306,544.1790216863225,Gene 14
400.1332381446763,551.6949845870488,Gene 14
400.04468684312843,543.5987183144085,Gene 14
400.054533494415,548.3400458716972,Gene 14
400.08828161738757,551.6761165760196,Gene 14
400.165740484722,545.3905037955915,Gene 14
400.1555387930727,537.9089664859422,Gene 14
400.08303508643445,546.9830813930857,Gene 14
400.1149674713806,538.4360115576865,Gene 14
400.12423908779925,542.2977687452749,Gene 14
400.07839189262853,549.069947871087,Gene 14
400.17413983870637,547.4572396060602,Gene 14
400.1216589104292,534.4624906871244,Gene 14
400.14381171039787,541.4262207580794,Gene 14
400.1478785024104,549.8959188797909,Gene 14
400.15230512355095,553.0438436020875,Gene 15
400.108580461615,546.3542668889712,Gene 15
400.043702665019,549.1661360803929,Gene 15
400.12987904295994,553.8616808833133,Gene 15
400.1153354958108,536.7545912120627,Gene 15
400.0670163367376,550.6833246975615,Gene 15
400.06051717141884,543.4883948907391,Gene 16
400.0773627448896,541.8542347277612,Gene 16
400.1746258408703,551.2431726271781,Gene 16
400.05295969433905,540.271486211591,Gene 16
400.1549248036397,536.598588926336,Gene 16
400.0787732074362,535.8293713014946,Gene 16
400.1851982097677,550.4102594161089,Gene 16
400.08399328893574,541.6028158511241,Gene 17
400.1510605883854,551.849623340239,Gene 17
400.05964169082006,538.7779691917867,Gene 17
400.0259739023734,542.0503149134447,Gene 17
400.0619130771341,549.273074217741,Gene 17
400.0631770392393,537.4789952382928,Gene 17
400.1099675060904,547.4259707470117,Gene 18
400.10769329717294,554.228255741373,Gene 18
400.1517683123446,549.639267831824,Gene 18
400.081183563971,549.9968517495688,Gene 18
400.15136776925567,553.4626383112338,Gene 18
400.100858437567,553.7619245765768,Gene 18
400.15858037944065,550.2270176002612,Gene 20
400.05740645102003,537.8915456118484,Gene 20
400.09437099071886,534.9065828356667,Gene 20
400.1673030098944,548.1766627352952,Gene 20
400.12527225136995,535.2907850029964,Gene 20
400.1672579793265,542.0888687886348,Gene 20
400.127180045115,533.2160357413283,Gene 20
400.1881230716251,547.4894686296781,Gene 20
400.0439432230933,549.3476932664717,Gene 22
400.0924322647699,537.5927749630816,Gene 31
400.064084067593,551.9977845362325,Gene 31
400.15425198843224,550.431290882212,Gene 34
400.1708969379954,539.537188547818,Gene 34
400.1842481876141,549.3289644861246,Gene 46
403.69882930116916,543.7631725383583,Gene 1
407.156538876513,552.2847294617466,Gene 9
407.92997647944367,541.1317929760887,Gene 9
409.2412023678784,544.9034286452096,Gene 11
404.524938259328,543.9482777717644,Gene 11
408.2485902383942,543.7216192521787,Gene 11
410.83105313867264,543.2050370092462,Gene 11
405.62260260017257,548.60620068889,Gene 11
408.8864460197148,539.9155375927999,Gene 12
404.3899790705651,545.6927156864509,Gene 14
410.82027333116076,546.3734084018855,Gene 14
402.853170298442,545.8628919008654,Gene 14
404.3472507633118,549.6697800235941,Gene 14
409.81242271663046,543.0724935201303,Gene 15
411.82250691820127,547.9064553768414,Gene 15
407.49835113004974,550.2870197933207,Gene 15
410.6069022284102,544.8815426014418,Gene 15
410.5950144684115,547.1984609859664,Gene 16
407.3290827071415,541.2401851931368,Gene 16
411.91416630601867,548.8149093999151,Gene 17
410.20702800057444,545.3171094562149,Gene 17
404.65206782558283,549.0964861718667,Gene 17
408.0995298635086,541.2677350090672,Gene 17
408.4628243487552,550.7742462438277,Gene 18
410.93394012932595,543.9962615030274,Gene 18
402.8305608946272,545.0998585672347,Gene 18
410.84174225820345,548.1169054824527,Gene 18
408.2556426267562,548.8144238221159,Gene 18
403.1988105656175,547.3257500856232,Gene 18
409.29073708100003,551.6867724868002,Gene 22
407.97749190199386,539.095406285037,Gene 22
406.44080537411475,540.2325822847072,Gene 23
410.37992374444644,544.9458919176096,Gene 23
410.71918152922274,544.8272058119031,Gene 31
404.8203854192654,541.2948316138194,Gene 31
409.62931462194445,549.2946993759471,Gene 31
411.05901990018117,546.2406288242369,Gene 34
419.2487798490474,549.9409311437973,Gene 9
416.35936077299823,543.185613838603,Gene 9
419.21973178204564,554.5347657286225,Gene 11
418.4770848651455,551.3381879159664,Gene 14
419.0233000083526,542.7273255489521,Gene 14
417.38578490875034,553.7753239717831,Gene 14
418.0307209254574,554.087659435894,Gene 14
417.49897289183593,540.0469393084752,Gene 14
415.9885052173884,541.3340276086337,Gene 14
418.8602746481503,548.8246595239584,Gene 14
415.71657189281814,548.0171412744326,Gene 14
419.12146785268624,544.1182298689199,Gene 14
416.39687661743596,554.7817877477578,Gene 15
418.6866930006855,541.2989022311789,Gene 15
418.76771369243136,554.202461717555,Gene 15
418.3860795016731,541.1661798999562,Gene 15
415.7850314057876,551.1026044486215,Gene 16
417.7312545457968,556.1047509097738,Gene 16
416.7948800575848,542.1547305080326,Gene 16
414.55645318359177,545.2415803354204,Gene 16
415.31718019215634,550.0086930570982,Gene 16
418.7223099098847,547.7768098765739,Gene 16
417.69213468663423,555.2003536662952,Gene 17
415.36714637032793,542.9440552322992,Gene 17
416.7027994246194,553.0467595001346,Gene 17
415.12328311567006,548.4777481376258,Gene 17
418.7667569093982,544.5655073283325,Gene 17
419.210874718111,552.7158141946601,Gene 18
417.38657331760083,551.9609549400739,Gene 18
419.07125553875807,543.629054913125,Gene 18
418.5695830437159,542.23110521309,Gene 18
416.0693732801136,551.8447633883968,Gene 18
415.3277011490305,543.0835764812382,Gene 19
418.666322805095,547.0453738770491,Gene 20
417.8120918537035,554.2774260536628,Gene 20
418.3041240739515,552.3354509515757,Gene 20
416.4854343117633,551.01235311117,Gene 20
418.8337876730685,546.6128118450093,Gene 20
416.61938381819994,556.0427752192951,Gene 20
419.4826854556744,547.0761179122516,Gene 22
415.1928925207042,545.209271037779,Gene 22
418.79370446653576,551.9984149119823,Gene 22
415.5313485744655,551.5425351071004,Gene 22
417.5563336004492,552.3738047766677,Gene 23
415.706798848479,549.37441897323,Gene 23
415.28609640968375,547.2814365042136,Gene 31
417.68739988505973,555.3520134417444,Gene 31
418.8861958977086,546.3238820534996,Gene 31
419.63804077721886,550.5045860047775,Gene 31
415.6332406610532,548.4577144648636,Gene 31
419.31748688680324,545.2823582386235,Gene 31
416.00776261575385,554.3046590962875,Gene 31
414.83461453931477,550.4680829745334,Gene 31
418.84668000547526,550.5881995134308,Gene 31
419.3714934616677,544.7738230061642,Gene 33
419.1285614624684,544.0897526625103,Gene 34
419.21710019863434,543.0679931492148,Gene 46
417.07462595917974,552.5644451035525,Gene 46
431.49362348808637,549.3960791977922,Gene 1
433.7630021585081,549.103359956778,Gene 1
432.8170949490235,545.3546028485904,Gene 1
429.2448315064483,551.2632003468742,Gene 1
427.9150123882149,546.8731686669117,Gene 9
432.8641140525335,548.7714819940296,Gene 11
432.30808097128306,544.1101156100668,Gene 11
426.42446199686987,547.3583715358757,Gene 14
427.3968264515786,550.4099992378847,Gene 14
428.1676559212388,549.4499675174642,Gene 15
432.17152739458277,553.970328776255,Gene 15
429.1687669776657,553.0365034252453,Gene 15
432.4302884269949,552.2978556225352,Gene 15
431.42392116087126,549.3706439419377,Gene 16
432.17907866129485,544.6234680669522,Gene 16
427.75003174442946,553.1325273831247,Gene 16
427.9548801499323,549.6440742632932,Gene 17
427.0637093256551,545.2865522048693,Gene 17
433.77430748705393,549.9444587489469,Gene 17
426.4164471739988,545.4616596791739,Gene 17
431.7724750401677,542.875895059385,Gene 18
432.72041512791264,548.5905883339354,Gene 18
433.0883239827703,548.1393004305553,Gene 18
430.9016371387087,545.242692772844,Gene 18
429.81023561494516,546.3591946543543,Gene 18
426.3206661583707,548.4265128955248,Gene 18
428.0340625777621,551.2062428871013,Gene 18
429.34007003160525,547.2281983257002,Gene 18
429.4652766067129,545.0081481459979,Gene 19
432.1042328753703,543.8662977098678,Gene 20
431.2042889231986,550.8167139674176,Gene 20
426.86321454340225,548.7821854494551,Gene 20
429.8234686126741,545.2888224453866,Gene 22
428.9917121679996,551.3221892041864,Gene 22
427.39971323959827,551.0713249316487,Gene 22
432.08208046667534,553.2074483632588,Gene 23
427.5319938052558,554.0690007014607,Gene 34
433.2959712762308,549.675540773125,Gene 34
440.7588808709128,539.3209925032392,Gene 1
441.6945443965658,548.3920791699271,Gene 1
441.9479515430769,551.7800783512068,Gene 9
441.3485683477164,549.446245009257,Gene 9
440.28715674415497,542.510979164071,Gene 11
440.374189673563,547.1846829321539,Gene 12
441.0910520585263,555.1982624031206,Gene 14
441.1220755608821,550.8046410827035,Gene 14
441.69769687204854,537.2992684419073,Gene 14
440.1639568484746,548.3208452426531,Gene 14
441.11503195997216,536.3635003207169,Gene 14
441.9144640388153,539.3197067029536,Gene 14
440.6436857519112,538.1399904572766,Gene 14
441.67395479091596,551.1490922125737,Gene 14
440.27894315747915,546.5501491744491,Gene 14
441.63639235019787,541.6325644261166,Gene 14
440.2548960135097,541.8303515394791,Gene 14
440.87058884693494,552.2293852940153,Gene 14
439.9572164916629,546.0655665700251,Gene 14
441.8983045410567,545.7150615431618,Gene 15
440.39646682690227,550.5678465205151,Gene 15
439.9113324299332,546.749373873043,Gene 15
440.1655067058659,546.2854578431538,Gene 15
441.44545917258563,552.2776423224623,Gene 15
440.1886916006554,545.2554847328763,Gene 15
442.15915038753894,549.1413576653276,Gene 15
442.08139440402954,539.6519157869404,Gene 15
440.19259660236827,544.4507038930274,Gene 15
440.26830568238245,547.0970957606391,Gene 16
440.36362722178086,548.30401318964,Gene 16
442.31953518433045,547.8049838995171,Gene 16
440.2576506565516,546.8546431238685,Gene 16
440.9934200049675,536.9823341301055,Gene 16
439.78498576286125,543.9892431341998,Gene 16
440.7140466520527,553.2949075340924,Gene 17
441.8864047528,538.2349227858216,Gene 17
440.4680955007474,549.3830752298066,Gene 17
440.5664992185953,541.4879072492423,Gene 17
440.33155354515696,540.7877379986675,Gene 18
442.14134036659533,546.4680768923548,Gene 18
440.18472580998963,542.3895577711609,Gene 18
440.1006066496303,542.2174101533537,Gene 18
440.2902069907873,541.6292087276125,Gene 18
440.50428849981944,546.9302371258727,Gene 18
440.6838570756171,553.6441984321671,Gene 18
440.30823558467915,546.7112781101467,Gene 18
439.8694696555176,544.5287415492447,Gene 18
441.465239992316,545.6427198501699,Gene 18
441.3937681858703,536.3168619088489,Gene 20
441.1470942135617,540.536331887695,Gene 20
442.34585836125194,545.0064111545134,Gene 20
441.3809175164605,548.7986219675793,Gene 22
441.9907926138493,548.0413360115018,Gene 31
441.9900683339845,546.8640496438446,Gene 31
442.08896292233,538.4061004489006,Gene 34
440.5440528490145,540.1697013033781,Gene 40
441.41305079244637,536.7436834402529,Gene 40
450.35185963119557,542.9883225919957,Gene 1
446.4593571836997,548.2805465539574,Gene 9
447.6081632854492,549.1338311080543,Gene 9
446.43888641948274,547.9289495007539,Gene 9
445.71972568392465,539.4656172265811,Gene 9
448.9515587491905,549.8984614619529,Gene 11
451.71401776923597,546.2291548998354,Gene 11
447.76108335304883,548.5623103493588,Gene 14
448.3308444230137,539.5896344103315,Gene 14
451.04909649241915,538.7094944412902,Gene 14
450.3726622667685,546.635424898029,Gene 14
451.631125937574,548.522647264798,Gene 14
452.15417856926257,539.0887571385585,Gene 14
451.4860419839419,539.5370415854977,Gene 14
452.33977143275644,546.2027409545993,Gene 14
448.44779328370925,537.9153679158123,Gene 14
445.69326422400286,545.4827360659838,Gene 14
445.5294869431176,545.3667383529812,Gene 14
446.27356837584756,541.001862528371,Gene 15
449.2377687016016,546.0045231216602,Gene 15
450.66368997210975,542.4941565437525,Gene 15
450.37864032746324,536.5959476789233,Gene 15
449.69981437994574,536.6886556252723,Gene 15
452.30408360269803,548.7202781744169,Gene 15
447.4574200547643,538.4973907457751,Gene 15
452.57718716525267,544.8965155445145,Gene 16
448.2066607305305,544.8668177174586,Gene 16
451.3650832487582,540.7855766999937,Gene 16
450.25091986045743,542.5611930341277,Gene 16
448.47142747624105,549.2015253922799,Gene 16
445.84746157268654,542.6583406461334,Gene 16
446.3900309049928,544.3746949662468,Gene 17
447.9996805382531,548.7634586689043,Gene 17
448.6429846042478,547.3738388619221,Gene 17
451.61184182511533,545.9421283597404,Gene 17
446.1787925000479,539.2853962650871,Gene 17
448.3824752805877,549.6786606153273,Gene 17
450.45722230464975,537.5296499908667,Gene 18
448.2729162430816,541.9018319366313,Gene 18
448.74275098263416,539.4576897082259,Gene 18
446.98562740960006,545.2988492954479,Gene 18
449.6988533026343,538.1829544897674,Gene 18
447.2811283220194,538.4889557617618,Gene 18
446.6981258359872,543.5591392826884,Gene 18
447.92178949077544,538.1883786166494,Gene 18
451.15490965310937,545.0514620430241,Gene 18
452.0467557575422,544.7958194953065,Gene 19
449.1314558730113,549.8796273244162,Gene 20
448.7766729777855,539.0998162139124,Gene 20
449.6790358729897,538.1206114027949,Gene 20
451.4412116074618,542.3760335928023,Gene 22
448.59059888277056,540.2812368498061,Gene 22
445.8857090469856,545.8044118202977,Gene 23
452.1884957424923,544.0134511839112,Gene 23
451.95357180797595,538.5276068031965,Gene 23
447.3846244415924,545.8851526795304,Gene 23
446.43793473881567,539.6774532648509,Gene 31
446.37630639480074,541.7943141669307,Gene 31
448.556335611903,548.3830008826664,Gene 31
445.6890294872285,542.6976571828782,Gene 31
450.09482193008773,547.3556581501115,Gene 31
449.7617194880384,540.8238261945662,Gene 46
459.0063465494771,539.6251221598376,Gene 1
456.84815382302617,537.684773088671,Gene 9
458.4506721317347,534.8663636123399,Gene 11
457.27176719560026,543.1135525462794,Gene 11
460.9164700223675,542.5021930360937,Gene 11
458.38499844064063,547.9652366073004,Gene 11
456.8935937551869,542.8899051797038,Gene 11
461.0835567446731,546.3041139760388,Gene 12
459.27911564326917,549.7841399378377,Gene 14
461.26428935273736,541.2788715901987,Gene 14
459.83804952307696,549.0347451987316,Gene 14
459.0259499322133,548.8431492423693,Gene 14
458.18719238792085,537.3665650724728,Gene 14
459.56619288893825,537.0983154398,Gene 14
458.25715153345413,549.412054291077,Gene 14
460.98386131876504,546.9336307071238,Gene 15
456.6153914939023,543.6935421019508,Gene 15
459.6901590720484,549.4679229309064,Gene 15
460.43724205598215,544.7971729080502,Gene 15
458.88237314226484,550.1108928175761,Gene 16
456.4283756675179,540.7128520907825,Gene 16
456.83353745140676,545.4749786635914,Gene 16
460.7818435160016,546.4060032680572,Gene 16
460.50062883281595,544.5216449261742,Gene 17
460.8368788977712,547.4459528212967,Gene 17
460.02978527574703,533.4112741914604,Gene 17
459.7325125036552,538.4678734539103,Gene 17
457.7206177040951,550.0750538462252,Gene 17
458.87136065311216,538.6535634387362,Gene 17
457.4040950034111,545.1405678565923,Gene 17
457.9193454857567,544.0572330871511,Gene 17
457.8274474493917,537.9657092022533,Gene 18
460.9917648727515,544.6237816760097,Gene 18
458.11260623701287,544.3074478665962,Gene 18
458.2934014078618,544.6290275192121,Gene 18
460.8058604449897,541.2511632996543,Gene 18
459.21261676243154,540.5762290719148,Gene 18
460.34782478530065,542.3501393871511,Gene 18
460.03250054776674,536.9887507059142,Gene 18
458.1265708925235,540.7138823602796,Gene 18
456.51172546920833,543.807083088821,Gene 19
457.9938116683327,535.5572629867303,Gene 20
459.5119209426766,548.6904740953935,Gene 20
461.5300807090836,541.0574565781694,Gene 20
458.3651011177732,536.9145800654388,Gene 20
458.80550590502077,548.9817814085994,Gene 20
458.02208567732833,533.751208251196,Gene 22
459.75613512306955,535.911165994274,Gene 23
461.1180762238812,545.3255092807862,Gene 23
461.21582954655776,536.6440392700935,Gene 23
456.38852331509656,540.5765998917967,Gene 23
459.8247251992856,547.9935566054265,Gene 31
457.192691521003,537.2189414469271,Gene 31
460.24812517860977,537.4934053750839,Gene 31
457.00516233601627,546.063127164029,Gene 34
459.33169683642944,551.0912859925077,Gene 34
459.6476066828915,534.7168567813927,Gene 34
468.6069383049351,549.5170080122116,Gene 0
468.9090211973126,553.0295957440895,Gene 9
468.37961967692036,550.670256647842,Gene 11
469.0727555293093,546.231612034606,Gene 14
469.8053239741103,541.407597853202,Gene 14
470.8203472703278,554.6236932123684,Gene 14
469.2102811356961,542.0287961998372,Gene 14
471.362574005553,546.1179787132314,Gene 14
469.9590032680265,542.5552730463052,Gene 14
470.33917219564756,556.8309389562105,Gene 14
471.40544643927245,548.8964279899557,Gene 14
470.9866555432226,542.1239613549784,Gene 14
470.5568916682588,551.9483846490027,Gene 15
471.298763693563,542.282162942083,Gene 15
470.2815496296313,553.4945802697825,Gene 15
469.176910477636,552.444340553636,Gene 16
469.3052749506522,550.7259638233079,Gene 16
468.3685535865304,551.1456415323665,Gene 16
469.2932432451275,540.8925196785972,Gene 16
471.74261909029235,548.930986287915,Gene 16
468.5467451337567,552.9516266660956,Gene 16
469.7182936624702,551.4479418726245,Gene 17
468.9166000682543,552.9308629739496,Gene 17
469.3753811915294,543.9597611909663,Gene 17
469.5256934721617,556.0489779230186,Gene 17
471.66454206187916,550.1787385989952,Gene 17
471.4311463292171,547.6031443992516,Gene 17
469.4956158647842,547.0940405609241,Gene 17
471.02258219951017,551.554766612047,Gene 17
470.87052136256835,543.1617137360618,Gene 18
469.48276934371603,539.560416782546,Gene 18
469.28082122544726,553.913294788897,Gene 18
468.88347218538826,548.3636403572001,Gene 18
470.94571068877667,546.8264532395269,Gene 18
470.0962877368345,539.1779090624607,Gene 18
470.9016053889318,540.8197572905987,Gene 20
469.43688150180327,545.4538433702317,Gene 20
470.5922763138684,546.9525559072226,Gene 20
469.6717701627009,542.4525753065939,Gene 20
468.64335691251387,544.9192154876415,Gene 20
471.6789165983335,546.3051927495981,Gene 20
469.3558252487453,546.0849048017976,Gene 23
469.7204491938837,554.3026680319634,Gene 23
469.4403590799689,549.2705192905772,Gene 31
471.40574284596033,549.34410794872,Gene 31
471.489938295602,546.7106417171636,Gene 31
468.53113121407745,552.7067484894781,Gene 31
469.8775820226978,555.9835212633867,Gene 32
470.8983615846209,546.2285280235963,Gene 34
468.3120616978043,547.0718782386638,Gene 40
479.6148014411854,548.9142108737826,Gene 1
479.9122962604542,548.766121163456,Gene 11
480.03586083795875,534.8480123728788,Gene 14
479.7710312200316,551.193504432185,Gene 14
479.67235190269776,534.9825096525345,Gene 14
479.69785461504773,551.6985593787406,Gene 14
479.8696149620693,549.7728320720668,Gene 14
480.16617065868115,547.1815157563186,Gene 14
479.66848875237065,551.7017846165925,Gene 15
479.8716505799036,553.1153798388309,Gene 15
479.73351782903467,552.2452588217832,Gene 15
479.4939127219816,553.735940320552,Gene 15
480.06885673898904,533.3609224243529,Gene 16
479.4265860817023,538.0616454363247,Gene 16
479.9044316329062,551.9494101071973,Gene 16
479.93536412087553,547.6960280167573,Gene 17
479.47116346214636,550.250554357442,Gene 17
479.57849498686016,534.2486800627655,Gene 17
479.4362956434524,541.9453295739655,Gene 17
479.6831380003251,537.6868368472946,Gene 17
480.0409755130164,534.6133720924867,Gene 17
480.24447375918703,547.8652541384248,Gene 17
480.2728616174469,544.6414834081547,Gene 17
479.9213360979596,548.3216061086978,Gene 17
479.4576144313747,551.6541243613588,Gene 18
479.478508724971,548.0789734980643,Gene 18
479.959219895335,536.4957164599937,Gene 18
480.0251479724807,547.4567542195471,Gene 18
479.72659870048966,534.02942522738,Gene 18
479.4796704673755,539.2277088005001,Gene 20
479.6143123219286,535.579361123442,Gene 20
480.0522019566609,542.308639582465,Gene 20
479.41834682051456,548.8692945101783,Gene 23
479.7213307307769,552.6418691132164,Gene 31
480.1936506289523,543.9777184564695,Gene 34
479.64225172674503,549.3521902973506,Gene 34
479.4561112068587,547.6842945109948,Gene 34
480.0485598774267,536.5714596558021,Gene 34
479.80011150081964,535.0630024059769,Gene 34
479.88599360141137,540.0783099011115,Gene 46
480.043641697827,552.0136589337828,Gene 46
479.92229543832616,548.6924090287513,Gene 46
492.46922378430384,546.0687942699101,Gene 1
488.43332942907045,536.9193986160212,Gene 1
490.06185458845056,537.8567996234855,Gene 9
493.2362728844585,542.819935752821,Gene 11
489.52578115919795,546.4323221295235,Gene 14
492.6013318904081,544.5869897966826,Gene 14
490.1789745414583,550.4980139342101,Gene 14
491.21270337414137,548.0112345874807,Gene 14
487.1074184663022,543.3654408689547,Gene 14
488.9126993767832,549.8544791413201,Gene 14
492.0677866046624,545.7435201106882,Gene 14
489.5688008307006,538.4302518857924,Gene 14
489.1296903653393,549.3538634970682,Gene 14
488.92069860500084,547.963870908238,Gene 14
490.52247234012526,536.0030654016119,Gene 14
488.45483932669896,548.1387874602162,Gene 14
492.17557266742847,537.9159665238386,Gene 15
491.453840641253,540.3946871711277,Gene 15
491.79670334954915,540.7314867917889,Gene 15
490.17609700035405,539.8547776414008,Gene 15
488.3967921982461,549.1860131234539,Gene 15
488.08328241686775,545.8178970297259,Gene 16
492.0825614290067,539.954779100456,Gene 16
490.60211911841566,539.0422049321011,Gene 16
491.55551151698097,549.2212697413328,Gene 17
492.30917776539286,548.5618771218335,Gene 17
491.4521213787164,543.9850025210737,Gene 17
487.7220847643588,547.5717168781639,Gene 17
491.32353497448406,538.0572037805271,Gene 17
488.5496482899562,545.0479829709968,Gene 18
491.71020787683705,544.4145069584418,Gene 18
491.3695061548206,551.360787314601,Gene 18
487.1584499427839,544.7465910646993,Gene 18
489.1292161400882,549.5641336591465,Gene 18
488.5205396424407,542.5529066782898,Gene 18
493.3838637382308,545.4600187280686,Gene 18
492.36491774269786,550.9357063960423,Gene 20
488.5725989442907,542.4379999640312,Gene 20
492.3201672401485,539.0377839621586,Gene 20
490.0487499732102,540.3062175058715,Gene 23
487.71219739964886,546.9856505331023,Gene 34
489.8682742501824,548.3947079679886,Gene 46
404.53800572086436,558.6825859042602,Gene 1
404.1315436977651,552.9268434948581,Gene 9
406.1410119091984,552.2797772419582,Gene 9
403.99334390621266,546.413639114668,Gene 10
404.79471155061134,544.0263471181315,Gene 11
404.48298535099343,551.3966989910018,Gene 11
405.5642396861628,554.0233798899413,Gene 14
404.2100395592859,542.764020003903,Gene 14
406.1426458177135,552.941734137708,Gene 14
404.34359690263375,545.9117180027919,Gene 14
406.23117487681185,553.8939526856853,Gene 15
405.78414052752356,556.3316076790499,Gene 15
405.23698925920894,558.2996712551791,Gene 15
404.98575724535436,547.8698199619643,Gene 16
405.1077945673546,541.39521160906,Gene 17
405.21503216086575,556.0474346883831,Gene 17
405.60678883104333,543.8098174278218,Gene 17
405.80122422484743,550.963329231811,Gene 18
404.8667462967875,556.9706604599122,Gene 18
405.38701454483737,558.52791609752,Gene 18
404.33481255062344,554.1612858929766,Gene 18
405.51119359481254,555.2987965711515,Gene 18
405.37611209157313,546.8118035391401,Gene 18
405.9767685414235,546.3370291002036,Gene 18
403.6446462185968,548.5848632682792,Gene 18
404.77977088526785,556.7814792644006,Gene 18
406.1578395644325,549.8950913182612,Gene 19
403.8940394777812,547.5518762986792,Gene 20
404.97508711213266,559.3461664878196,Gene 20
404.7996909660754,552.1755023767463,Gene 20
405.75331898084505,556.8967725390763,Gene 22
405.04548364601095,542.5558685065299,Gene 23
403.93994096016047,542.1336972206547,Gene 23
404.63799966991877,554.2744027579384,Gene 31
405.844421044994,553.8366825584695,Gene 31
404.2665443825479,556.6696549670877,Gene 34
404.56980874667454,542.1744148791737,Gene 34
404.03078535673916,553.6171027783353,Gene 40
413.4897664755331,549.9902692234655,Gene 1
416.6072642559823,557.6273395655421,Gene 1
415.0535480021908,546.5004047555996,Gene 9
417.22971212987295,549.7976525825123,Gene 9
419.3812831665522,551.3512941859311,Gene 9
414.3004265687608,550.8953448044371,Gene 11
418.51060122875623,552.056907661205,Gene 11
414.44279975805597,554.232244949347,Gene 11
417.9787241049528,548.4740538598003,Gene 12
418.7424715201786,552.8317819843435,Gene 12
419.5156649962072,549.4508736687546,Gene 12
417.03718068001865,546.1408429957396,Gene 14
414.7380893944547,550.9928659373252,Gene 14
418.9966036746258,552.1316934855445,Gene 14
419.0395425998872,557.87978454788,Gene 14
419.5774123766774,548.9825231681714,Gene 14
417.22436986073745,558.2108237341396,Gene 14
415.8582203741615,547.9286532108171,Gene 14
416.6233892973646,549.1624749524459,Gene 14
415.8502247717555,556.014509118557,Gene 15
418.93432186602945,549.1336984899583,Gene 15
414.3778044652408,554.4118156832667,Gene 15
418.5516407912655,548.9152513161652,Gene 15
418.58699856044944,549.9873868763982,Gene 16
418.25124239139024,547.0073316119496,Gene 16
419.28860147108935,556.7388255539473,Gene 16
415.5430931568679,560.8104887703311,Gene 16
415.84114596186623,545.1266301164877,Gene 16
418.0588106006633,546.2289054288121,Gene 16
413.51042123101746,548.2092351362119,Gene 16
418.0386967935288,545.8087705115756,Gene 16
417.4067583393574,553.3752277824675,Gene 16
416.75988380386957,547.0772454109498,Gene 17
414.1331789269309,549.6912702912251,Gene 17
413.3184305426189,551.6195538977789,Gene 17
416.4056762292565,558.3404992075003,Gene 17
415.7978494452092,546.4936709201661,Gene 17
417.21698287359845,548.7189305699284,Gene 17
418.7525223379723,556.1062982999554,Gene 17
415.67160252956785,548.4946009261844,Gene 17
414.699920487037,549.4778626513962,Gene 17
416.2613595987364,559.504382936616,Gene 17
418.9364869365458,554.5236930457443,Gene 18
417.9415514642461,557.2633945610803,Gene 18
415.4259903327303,548.4441396574986,Gene 18
418.84047713301095,555.8244234013206,Gene 18
414.3622553911652,550.9794845284913,Gene 18
414.6834081306623,552.949783345365,Gene 18
414.86675459932053,558.0450300379554,Gene 18
415.90548019316043,547.3248158091411,Gene 20
417.95417399762994,558.203673703181,Gene 22
415.3702141412175,546.7015455127415,Gene 22
417.2470587092471,560.2408328289574,Gene 23
419.2501237437564,549.8702693470027,Gene 31
418.07384814069457,546.5844233457207,Gene 34
417.7226580874749,556.5202820125768,Gene 34
418.51915607190455,545.9325565254409,Gene 40
414.161770260133,556.899862908205,Gene 46
427.98199121007883,560.9950574376393,Gene 0
428.3783803756203,562.6466778373251,Gene 0
426.0751920738947,554.088971312124,Gene 1
426.65721897317286,549.6764995991767,Gene 1
429.6013141324804,551.5160540486304,Gene 9
426.62158729189804,558.4158870156144,Gene 11
425.2173411513703,557.35942455777,Gene 11
426.09808775344993,561.1442866427004,Gene 11
425.4238374707548,558.1093409566007,Gene 11
424.6532167613889,554.4524684781089,Gene 12
428.875270908362,556.3545556663449,Gene 14
424.3778523746248,557.1791810518556,Gene 14
424.8316028363677,557.1141599841312,Gene 14
428.0769025059296,554.897216344959,Gene 14
424.99277575939976,551.347845250675,Gene 15
425.2864479015037,550.364419263033,Gene 15
427.7179936565965,554.3504917305476,Gene 15
424.3685791867208,559.1195535587043,Gene 15
427.34679699486117,564.4438523623794,Gene 15
429.62073144349756,556.9992567663097,Gene 15
427.3136513389507,559.3937101625451,Gene 16
424.584295923117,558.6807572190528,Gene 16
427.11826710595665,564.9630750733457,Gene 16
426.26226297808506,552.9122944757161,Gene 16
429.36706788118465,555.3743610659544,Gene 16
426.9826717662251,550.218021394174,Gene 16
426.40728873162914,550.3157253950976,Gene 16
427.1506605187701,564.5099777116134,Gene 16
425.8498220333631,551.6743931388377,Gene 17
427.9519925955243,550.5875427195355,Gene 17
428.54196230713256,557.473759737596,Gene 17
424.33272907693373,558.5171282330573,Gene 17
426.33649948868856,563.2238416848119,Gene 17
423.92718010253697,554.5408614975944,Gene 17
427.2665182262214,552.0847443927519,Gene 17
428.93774758884655,561.7178040338861,Gene 18
426.58270394758705,549.2424799589179,Gene 18
429.86688945445115,560.9525452598476,Gene 18
427.47320476224917,554.4161411076947,Gene 18
425.1881503215134,559.832243571423,Gene 18
424.9739757296174,552.1768660931051,Gene 18
428.0625477768574,554.0574321350427,Gene 18
427.82188223749034,562.4225207247412,Gene 20
426.8447536604417,559.491890558258,Gene 20
428.4862308474692,562.5913528568719,Gene 20
429.11445995340813,558.7977022601214,Gene 23
430.0823978895807,556.7817190569966,Gene 23
427.23226627972485,559.435136411674,Gene 23
424.54053673069086,559.2288259220778,Gene 31
424.51155073201096,561.0832461162984,Gene 32
425.29288464565633,554.4395936533224,Gene 34
425.3729411074408,556.0424967404227,Gene 34
426.85840233030024,560.8955736583691,Gene 34
425.05686173428006,556.840547885081,Gene 40
428.55603395404904,558.3266306694467,Gene 40
438.48771392658443,556.1919898964495,Gene 1
435.44600387545285,560.0521839486516,Gene 1
436.48906037484585,556.4765544004125,Gene 9
429.9315372209049,553.6096697031084,Gene 14
431.1514581067144,554.7070454275397,Gene 14
431.53144899688255,556.5365856775782,Gene 14
434.765075133785,552.5135921879807,Gene 14
435.44684268050815,556.7097294612548,Gene 14
435.65143627266553,561.2134308938863,Gene 14
432.9645695740335,550.0517482177136,Gene 15
434.44613971032766,559.7708763076452,Gene 15
430.7984459161304,559.6765239839144,Gene 15
438.3236687860369,556.6026381202179,Gene 15
432.2079097686499,560.6965871571618,Gene 15
437.3227034580915,551.4543839065748,Gene 16
437.53503184577426,561.3711864064257,Gene 16
437.57373859226914,561.3433776945039,Gene 16
438.7708703546832,553.0698942151307,Gene 17
433.83344415385,552.2871998768509,Gene 17
431.53780219478966,552.7066444652755,Gene 17
432.038485306947,552.6992593216346,Gene 17
432.4726010487547,553.2528480468591,Gene 17
433.40062329182734,552.9718902212037,Gene 17
436.54495103879543,558.6239201077278,Gene 17
437.9324943613613,556.3021405800628,Gene 17
431.355055104948,557.7609363505389,Gene 18
433.2535762447146,551.1922835468212,Gene 18
431.29719603309184,554.5816034792829,Gene 18
434.9369843794308,554.4736750008955,Gene 18
438.9022498136844,555.1046157656444,Gene 19
437.0596701782148,560.8679700810737,Gene 19
433.1893152575245,552.245788164904,Gene 19
429.4958717036225,555.5035807164904,Gene 20
430.9910871262032,552.8956286028255,Gene 20
430.3526279564602,556.2801708228833,Gene 20
432.99267714436013,551.8876145691085,Gene 20
431.16716143717395,557.8575971545125,Gene 20
436.3549844939517,557.1730576064919,Gene 22
433.23411029940496,557.120925663531,Gene 22
432.8665334582849,550.220232619296,Gene 23
434.36105306233947,552.4522379274156,Gene 23
433.7515648384202,555.5994517007642,Gene 31
436.42599941699484,558.1614830884155,Gene 31
430.6801789565291,552.1829194277047,Gene 31
431.6264151186403,559.9318054040181,Gene 31
436.08710360020206,551.5135219474103,Gene 31
430.1777379126654,557.4361215908152,Gene 34
443.7070880486483,554.1414749296567,Gene 9
444.3265389117044,545.4132452348762,Gene 11
443.61430611796953,553.6362597642752,Gene 11
444.78861286708155,547.7320015177485,Gene 14
444.58898678567937,546.0377044764009,Gene 14
444.1903482608951,542.8165263665035,Gene 14
444.8183789565833,553.5309747099408,Gene 14
444.17855143151274,543.4820884061282,Gene 14
443.6719115850275,545.4069270127521,Gene 14
444.3388867850536,556.0681973049681,Gene 14
442.85510703977906,542.3750186004148,Gene 15
443.68402584185293,541.3168261568568,Gene 15
443.6726276934234,543.3021292366502,Gene 15
444.7535051897316,553.3305919647926,Gene 16
443.65698408257884,559.9833122302831,Gene 16
444.06083767166194,555.6376063301772,Gene 17
443.3230786938803,543.2288101894253,Gene 17
444.48081473851227,541.8678312753631,Gene 17
444.5808699831542,547.0720094887579,Gene 17
442.7126754848939,549.8853697667898,Gene 17
443.59852424089576,540.9882553728039,Gene 17
442.9792378264249,545.8804428068296,Gene 17
443.3822941984222,541.6979692126168,Gene 17
443.325064702645,552.8083541320641,Gene 17
444.03832226346384,555.579968987247,Gene 17
443.94018165668336,553.6225347514688,Gene 17
442.642096705495,546.1850294394796,Gene 18
444.22819286432116,544.3837740165544,Gene 18
443.02674557756154,542.2762813877702,Gene 18
443.45722431329364,559.1527786384017,Gene 18
444.5112531276835,551.9988492026317,Gene 18
443.34919328705354,544.3579379981572,Gene 18
442.3814886414096,552.3113242441135,Gene 18
444.670184923085,550.7057623679484,Gene 18
443.28372231891746,540.5024426197562,Gene 18
443.02887957049586,552.1332596866035,Gene 18
444.83104341977645,547.1748793281745,Gene 18
443.8207407362094,557.5100890850464,Gene 18
443.95585547826823,548.1885085146217,Gene 19
444.31977798177996,552.9835672183934,Gene 19
443.009007561,548.714999617545,Gene 20
443.7942634171745,541.6859449846833,Gene 20
442.49426162058705,554.560989935977,Gene 20
442.9421288039492,544.4610721580399,Gene 20
443.15111008723426,556.5328364724863,Gene 22
443.926366089727,542.1756108971558,Gene 23
442.47002043293446,554.0697094911675,Gene 23
442.9967265857584,546.3041163969935,Gene 23
442.99643688726064,553.7458730173319,Gene 25
443.04083024293396,541.1844892281773,Gene 31
443.30825679613673,541.0142843589314,Gene 31
442.90664389508464,552.3835286665873,Gene 32
443.45719333190476,546.7673063119631,Gene 34
442.3682417174151,548.6568632686079,Gene 34
443.4987040998332,539.8573552686954,Gene 34
444.080381702207,556.3539200015352,Gene 40
456.90141882092513,562.2647180017126,Gene 1
456.9706454094752,556.9820188401185,Gene 9
457.1317129585543,545.5067294018279,Gene 11
457.17100046351004,547.8890516625,Gene 11
457.43451916796647,558.2968222052191,Gene 11
457.0739142776581,550.3299809869874,Gene 12
457.4787230302455,558.3503195144517,Gene 14
456.8559742742809,551.5951041973492,Gene 14
456.9283338048297,558.6446358139989,Gene 14
457.43942510430463,555.471636793738,Gene 14
456.8677381801794,554.332492650559,Gene 14
457.0362177682692,555.3915644495423,Gene 14
457.4627397430724,550.3534064296812,Gene 14
457.303604915987,567.2963999829763,Gene 14
456.9908525769965,564.3084626427252,Gene 15
457.30486078451094,564.8577978407013,Gene 15
457.1368278448171,554.0300909829516,Gene 15
457.49471201030025,552.4786070939265,Gene 15
457.025345643356,546.1077633552787,Gene 15
456.9270317321917,552.6991098181953,Gene 15
457.38044288720374,560.8942502781765,Gene 15
457.233135764198,548.8885481789941,Gene 16
457.14780661292184,565.5952813305304,Gene 16
457.0973839410232,552.422428745582,Gene 16
457.37894203367864,562.8648651908005,Gene 16
457.4544530958651,554.9641937300413,Gene 17
457.51775854118057,554.1196947724058,Gene 17
456.8558932488914,559.9863869047613,Gene 17
457.2356327360788,562.5565995782457,Gene 17
457.30003210529003,549.299567731534,Gene 17
457.43354234766474,563.312032720557,Gene 18
456.9900001618061,560.0873770766527,Gene 18
457.13184486804863,562.416026857696,Gene 18
457.3591488820195,558.1792822730442,Gene 18
457.40631326135366,552.6503079537199,Gene 18
457.1331337449684,561.6274121198801,Gene 18
456.93637917285537,547.0170487251323,Gene 19
457.0770854368836,563.1534846569638,Gene 19
456.9312396360848,554.4698483496943,Gene 20
456.9966319402822,565.3766373559839,Gene 20
457.1544713836966,561.3068534218734,Gene 20
457.49452801487354,551.2973653028442,Gene 20
456.95982855429116,553.8556301155709,Gene 20
457.0706725129849,546.9165441036538,Gene 20
456.9503454946327,554.1046331114384,Gene 20
457.1975878399912,553.7757799359929,Gene 22
457.03647180827915,546.7567704379345,Gene 22
457.4224057919823,554.6571036856029,Gene 23
456.93109987231844,550.327970729341,Gene 23
457.36962366542826,550.3546731581429,Gene 31
456.9520927305648,558.5516514313732,Gene 31
456.96234514544517,556.2232621428975,Gene 31
457.4458387076453,559.4794475262837,Gene 31
457.23607789426416,553.653316455394,Gene 34
457.1921235659186,560.6031649198098,Gene 40
465.02849881617175,554.6061562217753,Gene 9
465.35886984770474,549.0230873283439,Gene 9
463.91285302833995,548.5083252554789,Gene 9
466.1592862124487,561.8572500921081,Gene 11
463.20932430867646,558.985169342481,Gene 11
466.3728185447302,562.4899288067578,Gene 11
465.7964007662061,547.0008068305607,Gene 11
462.58582646369575,556.3399111565009,Gene 14
463.701630891777,548.4449896241807,Gene 14
466.9310335505475,551.9529825028224,Gene 14
464.1391815174283,560.8752131002228,Gene 14
462.40340563171424,560.1694996685421,Gene 14
463.9293325190766,556.4757573967787,Gene 14
464.795169470455,563.1492942315961,Gene 15
465.9305559896015,561.1602228299414,Gene 15
464.37195419778396,558.4900181310663,Gene 15
462.8822847782831,554.0875332059935,Gene 15
466.6364081460114,550.0048248708,Gene 15
465.5594407510935,546.5258058161464,Gene 15
464.670741757764,561.9920802956617,Gene 15
467.4292576618892,559.9513729607676,Gene 15
463.62719423122235,556.6363991888772,Gene 16
466.091224876573,552.3654029603118,Gene 16
463.50527264667176,548.1902942401707,Gene 16
466.3550816454041,549.9620958047099,Gene 17
464.25377640623907,549.2315289476095,Gene 17
465.4236315281287,549.0218074454699,Gene 17
466.9661736755931,558.8354327699412,Gene 17
464.39473903449124,562.7994171343768,Gene 17
465.5008215230331,549.379549802304,Gene 17
465.4485794462907,558.4543819421696,Gene 17
465.97140865317573,549.4595525849146,Gene 17
466.18016139713524,550.8168441370943,Gene 18
467.4924920392642,558.6134614465288,Gene 18
467.34390627181864,557.0858961835644,Gene 18
466.0793094201977,549.1182724485711,Gene 18
466.60105888395765,557.4552158023383,Gene 20
464.8436568594303,561.643663490844,Gene 20
462.89401483709344,550.2291598387795,Gene 20
466.55703246757764,561.7868951766611,Gene 20
463.9199292875735,561.0344898797339,Gene 22
464.0281866413728,559.0025823913797,Gene 23
465.03844164461054,553.0616574597063,Gene 23
467.3232383332088,557.7809676665977,Gene 23
466.7007781296395,550.7997767802688,Gene 31
463.91749224091024,551.6344423513268,Gene 31
466.3758334065607,549.395254539494,Gene 31
465.1071617901591,562.5986856510009,Gene 34
465.85723175189173,547.3738443850809,Gene 34
474.28652628810295,561.1168553964295,Gene 11
474.94508487212676,554.4771853263632,Gene 11
477.8798380690307,559.9836633401412,Gene 12
476.4533716521506,557.1926595727709,Gene 14
476.7633001569606,564.3910768344515,Gene 14
474.8675030162294,562.5940901732253,Gene 14
475.43883986938135,549.1303854232734,Gene 14
477.1502376004902,560.2073910803371,Gene 14
476.98908809410227,549.5039343814681,Gene 14
472.2860738417476,558.1933303630371,Gene 14
478.2148162217551,553.2014677942293,Gene 14
472.9037251107251,551.8077761266607,Gene 14
478.43740638080857,552.1397916715121,Gene 14
476.74004356931886,562.9285396903074,Gene 14
478.75694975045843,560.2628338006747,Gene 14
477.2459999075479,561.3504453140082,Gene 14
478.86553364655043,552.1396773176775,Gene 14
472.27158136723176,554.1488439822778,Gene 14
478.7050388791952,557.3154503142142,Gene 15
478.7022652751249,555.8457303470884,Gene 15
478.37595316371977,557.0189465476868,Gene 15
478.6001568855506,550.722808444536,Gene 15
476.2016326689938,547.8550529031237,Gene 15
475.11721541305934,551.0771898349087,Gene 15
474.4838488329793,552.2051578620864,Gene 16
477.56970705051407,558.1203276174646,Gene 16
473.4998333579423,552.2728015400389,Gene 16
476.96775326592933,562.8688373358376,Gene 16
477.89360977148453,562.2185989217479,Gene 16
477.43816065422,556.0792300902912,Gene 16
477.06116894070624,552.9706511647945,Gene 16
478.02070686550684,550.148603762083,Gene 16
478.3310383675646,558.7245205404294,Gene 16
472.4318529567841,558.3323523522668,Gene 17
473.58895031008586,560.3088220759527,Gene 17
477.1862426257923,551.7811174847744,Gene 17
473.4283766154436,554.8697259746566,Gene 17
476.5486598535592,561.7076847584683,Gene 18
473.42828663637414,552.120316020349,Gene 18
474.45698774254055,549.1614843337816,Gene 18
473.77927537276526,559.8472013273815,Gene 18
476.2393890409759,549.0668594461423,Gene 18
473.12083660780456,552.4226547570701,Gene 19
475.51836266873414,550.3547540388699,Gene 20
474.8416852009089,552.6320359477796,Gene 20
474.8537137525102,551.2280504034757,Gene 20
477.57168236352186,558.0325067689065,Gene 22
475.15245994013225,550.2154563599023,Gene 23
474.17935258121173,555.9826842578735,Gene 23
478.3248523751156,561.4455279811543,Gene 31
473.9378484877112,556.3969976466691,Gene 40
479.29500349453707,559.5573509075742,Gene 45
484.6042231281297,549.2089416053008,Gene 0
483.8407194445446,555.8654136501024,Gene 1
484.7666530953387,550.577504758172,Gene 1
483.893496044278,551.2722059255278,Gene 1
484.86905176431304,559.1545724302143,Gene 9
488.5162655971848,549.0032609076212,Gene 9
483.97244820841513,554.7009240371243,Gene 11
486.4331970561074,558.9969150775628,Gene 11
483.66553420273914,559.5479557176056,Gene 11
487.76629296160195,555.2343682631356,Gene 11
486.4585968075653,548.3102888413088,Gene 12
488.013597386263,560.326546858537,Gene 14
483.29764878450777,558.83051265628,Gene 14
486.91867040425865,558.2795301338793,Gene 14
488.4947330949969,560.5013270462426,Gene 14
483.64491150149655,557.0068691860992,Gene 14
484.0624129238613,553.6517112135725,Gene 14
483.9947517542545,549.897435990684,Gene 14
484.10722576146986,551.4938968933043,Gene 14
485.30644687100244,552.5621242790768,Gene 14
489.1988602785162,555.644117923486,Gene 15
483.39933451984194,558.209570151699,Gene 15
484.9155663661749,558.6583701257124,Gene 15
485.23040738255406,556.5297416577031,Gene 15
488.49364642232575,557.0726798522295,Gene 15
485.0108877042189,560.3313350806604,Gene 15
488.2876069247481,554.6303459102934,Gene 15
483.903467748191,554.2705337287562,Gene 15
484.7857471575695,559.1948331994497,Gene 16
485.37465794266245,559.2765100071035,Gene 16
484.1525721171819,550.4060105984915,Gene 16
484.6284885820332,551.1236985866368,Gene 16
487.1491466116962,559.9978380192806,Gene 17
487.214714246595,556.1917907737354,Gene 17
488.0734464368997,554.088343996711,Gene 17
486.6360005939803,552.9209685031468,Gene 17
488.65713134781896,551.2268365596352,Gene 18
485.17376622077535,560.8099464294974,Gene 18
483.44544931244315,553.8152842554185,Gene 18
484.4149212913709,551.6378946116865,Gene 18
484.5678768405599,556.1825175925628,Gene 18
484.32809402178793,551.136065785612,Gene 18
486.04542694926687,550.8186256923568,Gene 19
483.63817276150974,554.0493666897656,Gene 20
488.29833388062815,558.9985281095419,Gene 20
486.15982429369507,563.1093521629851,Gene 20
485.67381084700645,548.2912720855613,Gene 20
488.7978627553146,553.0441483526613,Gene 22
487.77669890630085,560.4805287313262,Gene 23
485.25606020617346,561.1493893669874,Gene 23
487.5448829539053,548.0722080585773,Gene 23
489.3676507524354,557.0467511636592,Gene 31
483.5987961379452,550.9071665414976,Gene 31
487.53618260106424,560.7957331661894,Gene 34
489.11766554062365,553.9010247992401,Gene 34
486.62927467667316,562.9343761999108,Gene 34
487.28733890567776,554.3908051267819,Gene 40
492.1558129902686,561.6920989170304,Gene 0
494.0944083818447,550.4664708116931,Gene 1
491.7237002913046,547.7420443010042,Gene 1
494.53928295153656,554.9881948115951,Gene 9
491.91467854168536,547.2755199204051,Gene 11
493.60346418015826,556.0604584416881,Gene 11
492.02135452287206,562.8581089738761,Gene 11
494.46247326194555,553.6122628952312,Gene 11
491.3066898852813,554.4103464812596,Gene 11
492.3150842473432,552.2149932425781,Gene 14
493.6541904607906,561.7909962026819,Gene 14
491.1707117547846,558.8567648963356,Gene 14
492.7895265413638,547.722774320662,Gene 15
494.56600552623314,556.7680659254498,Gene 15
494.24308620922824,560.4083508250137,Gene 15
493.82181484965605,551.2456110469851,Gene 15
494.24641051138826,555.819743156428,Gene 15
492.0704872708906,549.1554345348915,Gene 15
494.20858775797456,548.3618341897701,Gene 16
492.36962636220636,563.4556712127008,Gene 16
493.95864408843676,551.9067251203683,Gene 16
494.24065628179255,557.4796464105817,Gene 16
494.30428098203373,554.1046018531133,Gene 16
491.3894680509159,549.5044464113458,Gene 16
493.13516128010593,547.3180027355055,Gene 17
494.4510708790784,553.3988224722689,Gene 17
492.42989754153007,560.3010028037324,Gene 17
491.6259626065211,551.5243318658661,Gene 17
491.63851659589443,555.824017686167,Gene 17
493.67010988533946,547.8306530643946,Gene 17
492.4581349107369,552.0175866321517,Gene 17
493.9398970323104,560.3690043735911,Gene 17
491.96259360537215,563.0800324926107,Gene 17
495.1858527056658,559.3237411650788,Gene 18
494.80563621893896,558.3497578485136,Gene 18
493.4227244875665,547.6688597913469,Gene 18
494.84379669425664,552.1173899609677,Gene 18
493.7769353487796,559.9175866439285,Gene 18
494.97095061759484,560.0883147071306,Gene 20
494.49677186869206,558.3732717467198,Gene 20
493.2897242320481,548.46343364532,Gene 20
492.52858284406443,548.1152986866637,Gene 22
493.22898467084775,548.77653342638,Gene 22
494.7174151584223,548.6037243837987,Gene 22
493.7664817024928,555.8950337032913,Gene 22
491.8146060988708,551.6921913903002,Gene 22
492.59873756300385,560.9810784781761,Gene 31
492.4026870750112,546.7699572473853,Gene 31
492.2115574081612,549.4986483552399,Gene 32
491.6860265907192,554.3487214957704,Gene 34
495.02213742559036,555.4470515035468,Gene 40
410.74790088373396,562.3328180781915,Gene 11
408.4078996912481,559.9582413459616,Gene 12
408.439495431113,557.001160837333,Gene 14
408.36094153304157,566.8222975474794,Gene 14
410.68672474039977,568.6191958475742,Gene 14
409.4057738052358,568.8732137519835,Gene 14
409.6133513186141,557.6326958484174,Gene 14
410.89573749574566,567.0098401075674,Gene 14
408.66122809030134,569.2180819230117,Gene 15
408.93316137695126,554.3585064720827,Gene 15
411.0371034595889,557.9968901875311,Gene 15
410.6863732063153,563.0789195933905,Gene 16
409.5073222532193,557.8499722390399,Gene 16
410.88038167547217,560.4225998637788,Gene 16
410.339465607223,567.5103192411564,Gene 16
410.8877937607398,568.2536119542224,Gene 17
410.56668367564606,558.1091944381997,Gene 17
410.14169179697336,570.0521680154236,Gene 17
409.2418657221822,566.894093397474,Gene 17
408.3442433886051,564.6079876977286,Gene 17
408.6773755665522,567.983490684359,Gene 17
410.75835772290634,562.0335013073591,Gene 17
409.0756736950258,571.2956695764417,Gene 18
408.9795477325173,563.6070198351289,Gene 18
409.33349777367647,571.1673977504913,Gene 18
409.49775831985056,555.7876566460916,Gene 18
409.8191411643551,571.7391442444484,Gene 18
408.4327849333457,558.0680527378877,Gene 18
408.56136243716895,564.183438702467,Gene 18
409.18820653832626,571.4683232185814,Gene 20
409.8689454467504,568.4554428682935,Gene 20
410.2726566694551,554.0664171142895,Gene 20
410.08086457896485,555.6490980503686,Gene 20
408.3375742586727,565.2537276676247,Gene 20
407.9990489067874,558.2960984105481,Gene 20
410.06646217812073,560.9600670615284,Gene 20
410.8785759253108,563.3029361757042,Gene 20
410.6556112798896,561.0637160112973,Gene 22
408.10653274496116,568.6508524447459,Gene 22
410.1681390623074,568.2314934688416,Gene 23
408.4000674003121,569.9790976177495,Gene 23
408.2819447610981,561.4840349740283,Gene 31
410.9219457891573,560.0556849900186,Gene 34
408.04933233789563,559.5727158006572,Gene 34
410.74007652320205,570.1847326662078,Gene 45
407.7487082729163,564.2628358183773,Gene 46
419.7937097525432,556.3764823226138,Gene 1
420.08567494101857,556.4698302683204,Gene 1
419.66526125557687,564.6292187252928,Gene 11
417.6616009463175,556.8627595250763,Gene 11
419.6995266885794,558.0954829693832,Gene 11
419.22755235145354,552.5799866439581,Gene 11
419.3755769019313,570.4083327150043,Gene 14
418.6240483516964,568.3808269330666,Gene 14
420.4922944787253,554.4911435607993,Gene 14
416.9548964646413,557.6679869479191,Gene 15
420.33731175022973,561.459304061052,Gene 15
421.0098885587747,560.855236305213,Gene 15
418.54096509139987,553.98817307189,Gene 15
419.6467626248487,566.7497085636605,Gene 15
420.80420846273967,557.9866248931968,Gene 15
420.233057864859,558.6883494612263,Gene 15
419.7398042176345,568.2373533160884,Gene 16
417.6802885545315,567.9893590345654,Gene 16
418.71371804575784,559.1815929226864,Gene 16
420.10113519175377,557.6840326875262,Gene 16
420.6016608878157,561.8311777178219,Gene 17
417.3650569847537,560.8178719865971,Gene 17
419.8629969893147,561.3066799083907,Gene 17
417.33196098903386,564.503177018993,Gene 17
417.9188356474908,563.4158556637939,Gene 17
417.3159876455445,563.9936416363413,Gene 17
417.0660383090461,564.749740926567,Gene 18
417.2188403055868,559.1263598275368,Gene 18
417.56144244771383,558.1425281464992,Gene 18
420.7404463213933,557.2237488288127,Gene 18
420.3942870478751,561.2733046764394,Gene 18
418.0974671253934,566.7687797950052,Gene 18
419.94611973345445,569.3188078450894,Gene 18
418.99345837048077,566.2035607533531,Gene 18
417.7152196075404,555.3024606331578,Gene 18
419.13863544284766,564.0781788465982,Gene 18
420.1661337584546,562.5442392343151,Gene 20
419.07601691778285,554.4815088878504,Gene 20
417.53780522041933,553.6089168240106,Gene 20
416.92982368080936,559.9453337638813,Gene 20
419.3218502691581,558.7862352874621,Gene 20
417.22614540897047,564.5668036992248,Gene 22
418.9481901917061,567.578083601138,Gene 23
418.1787645504927,564.5307879244658,Gene 23
417.11624134238934,563.6192400905478,Gene 31
419.352111576132,551.4630943292027,Gene 31
418.24768592674053,555.6174521992787,Gene 31
417.42213798248497,558.6832789919889,Gene 31
417.86881021879367,561.0134394803127,Gene 31
419.42400467326155,553.1559566509299,Gene 31
416.98984282409543,557.6552652051549,Gene 34
417.4878271294636,556.8252182796807,Gene 34
418.6145288827691,565.4733470343605,Gene 34
430.24842221153165,554.9392268877021,Gene 1
428.3030622688801,560.4373033724876,Gene 9
428.41863529509146,562.6368042453156,Gene 9
427.8446698859756,564.5215760121583,Gene 14
428.7069447869794,563.9667018840466,Gene 14
428.8629794537403,560.3614839668575,Gene 14
429.92861335776314,554.0291063076269,Gene 14
430.3278633060462,561.7661725278422,Gene 14
428.67294008806664,553.1989709760568,Gene 14
427.7996930018104,554.5767727215923,Gene 14
428.10532371451063,556.2112704121151,Gene 14
430.1063634933671,566.9004699871421,Gene 14
427.74369066762796,562.221920420732,Gene 14
427.36294768923096,555.1272404186266,Gene 15
430.6567700912078,553.581488920447,Gene 15
430.6846043499114,560.0264485797619,Gene 15
430.2170612739028,551.1580456428702,Gene 15
429.0949119189423,564.9895246374018,Gene 16
428.0541177070055,565.5040065102461,Gene 16
430.5114199619961,563.0342992927494,Gene 16
429.4920049576989,551.2436063990409,Gene 17
428.4480003665243,560.1742886925596,Gene 17
427.4345123392173,562.1686052044333,Gene 17
427.4738813032801,560.3865423453736,Gene 17
427.91221562531626,558.8372200334413,Gene 17
427.81818656767194,559.8765086613166,Gene 17
427.90453466401425,559.6571886666488,Gene 17
429.7218335418054,557.0135100546847,Gene 17
427.6807367371134,557.440458641225,Gene 17
430.4233102745268,556.2985186579054,Gene 18
428.92379261484405,561.4264421485329,Gene 18
430.38140557452016,554.231656440973,Gene 18
427.44253984627034,556.3330692659317,Gene 18
429.9836323416854,553.4688374980892,Gene 18
429.9987723346214,554.6135233617382,Gene 18
428.4675840732092,553.1118415656836,Gene 18
429.4009024465862,551.4300880071412,Gene 18
430.63201494080835,563.8207146701131,Gene 18
429.24972155343613,553.5531107927242,Gene 18
428.8520644184082,559.5818123715547,Gene 20
429.84788431498635,563.1674885558281,Gene 20
427.44828393721923,562.3936156634089,Gene 20
430.0137154147094,554.7635960029099,Gene 22
430.2159138409166,562.5337176004653,Gene 22
429.8529362767188,553.6781128501494,Gene 23
430.7968657200166,560.8199592402514,Gene 31
427.40493354562767,560.4279705357959,Gene 31
428.27995196282086,567.3357631618173,Gene 31
430.75674913607577,561.96235871789,Gene 31
430.4606518843093,561.6976496784711,Gene 34
429.3605721474316,566.8338909854897,Gene 34
429.55482626992347,566.807061373166,Gene 34
428.0935220139119,562.2379336052398,Gene 40
441.62838322475534,569.2148064937667,Gene 11
444.20042744919175,564.4064419298076,Gene 12
442.2088036661049,560.853916987258,Gene 14
440.07966511471074,562.2405564714005,Gene 14
443.37110988984415,563.8442681500932,Gene 14
443.18506201670425,564.424203399206,Gene 14
442.2549462692266,571.8306063088864,Gene 14
443.7472463957696,562.3422832818228,Gene 15
442.3661345052878,561.3969370461789,Gene 15
441.59356042916505,555.2256976386248,Gene 15
442.99556232298295,564.0299595252613,Gene 15
442.034877557251,555.3260378866296,Gene 15
440.08049181635715,561.7227748724695,Gene 15
443.4504525209422,560.4396168467625,Gene 15
443.9083680832444,559.0420976329908,Gene 15
441.80891333356556,569.8911480495409,Gene 16
444.09294943413823,568.0497607624513,Gene 16
441.78195100554973,569.0799035256132,Gene 17
441.42958975690203,570.6312621403158,Gene 17
441.2232998669486,558.8859959023584,Gene 17
440.3398473035335,566.8031228018,Gene 17
441.2710661430228,565.3032054176621,Gene 18
443.92415514972635,557.8515682597665,Gene 18
440.4264299053429,567.0087790295416,Gene 18
443.07242209796254,558.246166481806,Gene 18
439.9358444378586,561.7889082687269,Gene 20
442.77979089379073,557.4049065590449,Gene 20
441.0114775021158,557.1724400349043,Gene 20
441.5553173356633,565.2878499919711,Gene 20
443.6999424142647,568.4266164975026,Gene 22
441.13007831536464,556.1181773884207,Gene 22
444.2690308874243,562.8252726465378,Gene 23
441.8703529326352,557.7488506492845,Gene 31
441.68450332536696,556.4512821851728,Gene 31
443.1547474826943,560.4092825419373,Gene 34
442.2459969580385,559.7712305795452,Gene 40
440.41310120256725,560.206197613479,Gene 40
441.554566692036,558.390940397526,Gene 46
448.34560248279763,564.75735074822,Gene 9
447.1001870386345,561.5517729965176,Gene 9
446.95082379844655,567.0254754057929,Gene 9
448.52256258307006,562.0539658266093,Gene 9
447.6833658079849,558.8508011562399,Gene 11
446.58495130881687,564.8872457258947,Gene 11
447.13072159503605,561.0059073527862,Gene 12
448.7514251445455,567.1256562520826,Gene 14
447.33503666246486,556.3582234491806,Gene 14
446.5366458583237,557.3560665832321,Gene 14
446.66006571812756,555.0269263614939,Gene 14
449.5724468233685,560.1409351892121,Gene 14
449.5649446420368,564.8936231985308,Gene 15
446.39888397948596,559.7320936842999,Gene 15
449.4867830362607,565.2533084247389,Gene 15
448.3261198951312,556.299752935548,Gene 15
448.31309117046294,569.4928839698986,Gene 16
447.13094777864467,562.0363667860772,Gene 16
449.06954202612627,557.2562730026362,Gene 16
446.0505651147582,562.4073142237187,Gene 17
447.34676093802875,569.6041242599537,Gene 17
448.7840978028958,554.5096271063175,Gene 17
449.20392280922636,561.5395628897669,Gene 17
449.6374936653764,567.3785631747583,Gene 17
445.99695187445826,560.3271482851673,Gene 17
447.6524581411102,553.9371693672913,Gene 17
449.30593374055803,570.342204253545,Gene 17
449.41822255474796,565.1967320089742,Gene 17
446.99019997422954,557.8488573899705,Gene 17
448.40753098533173,561.8009789795112,Gene 17
448.7653271196482,565.3595433579123,Gene 18
449.4534733730861,562.4659293236485,Gene 18
449.08153907932706,565.2625235025092,Gene 18
447.3097745294403,555.8951496356001,Gene 18
447.6098640075055,556.4378124466677,Gene 18
448.44040367331667,553.9972422672499,Gene 18
447.0764550800903,557.8964534206955,Gene 18
446.78071046817354,564.9726023187393,Gene 20
449.3166720340468,564.0808629828889,Gene 20
449.7804894967054,563.9578996629065,Gene 23
446.9948537860105,558.9518518252237,Gene 23
447.2449774186675,561.0304627823425,Gene 31
446.94162791842183,558.0580041793401,Gene 31
446.2379638977527,565.7776662767026,Gene 31
449.2576201973733,568.7386559815612,Gene 31
446.46161907320226,557.1596268895371,Gene 32
446.8229592700157,561.9202098884163,Gene 34
448.0174005318528,556.010859335776,Gene 34
459.17236211050033,556.620959828933,Gene 0
462.2964702960858,553.0879473771521,Gene 0
463.14220837721416,562.8722716512542,Gene 9
459.853406295629,553.656762294634,Gene 11
462.2978612611556,564.4576220907238,Gene 12
462.39010550715176,562.6273859961784,Gene 12
462.44544385757234,556.4301833250645,Gene 12
459.8116944614673,565.8958448382398,Gene 12
463.0000792060625,562.4005011084258,Gene 14
462.7088498577754,561.2682660406441,Gene 14
460.35667473292284,564.0473143852989,Gene 14
461.22871626815447,566.6406950025117,Gene 14
462.0174913175764,552.0595441796231,Gene 14
463.23967434978465,562.2397724162997,Gene 14
461.3596860713163,558.5357854094708,Gene 14
462.65679060677235,566.4234414594688,Gene 15
461.2918928835632,554.8578884007939,Gene 15
460.3977798048539,553.7890852834649,Gene 15
460.29799617566994,563.4981740637978,Gene 15
463.0045535386072,562.7664200189131,Gene 16
462.5430331017247,559.4821573087181,Gene 16
462.22424661566384,553.7541880954069,Gene 16
462.87294687526395,560.4453669380325,Gene 16
460.3318570606982,553.9595427843806,Gene 16
460.5550346848591,567.1023315879804,Gene 16
463.34570550062944,565.0984585794971,Gene 17
460.3522767644939,556.9108424197022,Gene 17
460.82019626897124,554.7308883215129,Gene 17
461.15945455805263,565.0246357900426,Gene 17
461.0490648157521,567.3887430135115,Gene 17
461.4536490888234,555.5083014057227,Gene 17
462.972872895408,557.8007260341546,Gene 17
461.4660275266667,553.4194372370325,Gene 17
461.3069725396562,569.3940719362851,Gene 18
463.0292536490675,563.2568930491672,Gene 18
462.59519107830886,563.7009035782415,Gene 18
462.05601035414685,568.5030749389939,Gene 18
461.4036600546728,565.7369868637114,Gene 18
459.3704508339946,557.9498706650204,Gene 18
461.32294203547923,569.5867278665066,Gene 18
459.9316838580503,556.2097736866101,Gene 18
463.0828408368728,562.4981309616884,Gene 20
462.59239184534937,556.9962682754167,Gene 20
462.7340043617502,568.6671745729066,Gene 20
462.81149201786354,565.3799913064703,Gene 23
463.16659042581057,556.2356478706349,Gene 23
461.986890070773,566.8622160586265,Gene 23
460.8628551596756,555.5185597937694,Gene 31
461.2939740813679,556.8675901508559,Gene 31
463.8172779358229,559.9070074288896,Gene 34
459.0754664636883,562.367284464296,Gene 40
459.4535668218213,566.0023168340356,Gene 46
467.13594931333233,558.1754205854339,Gene 1
466.98837895070017,569.0705783714378,Gene 1
466.29351696104146,554.1645979426235,Gene 9
466.9346383301937,572.2013605672541,Gene 9
468.33304529579624,554.9562121137869,Gene 9
465.5885941791763,560.1586710860224,Gene 9
468.129487838752,555.6021852746669,Gene 11
467.34973948620865,567.7011967655864,Gene 14
468.10795049672083,555.6151297645994,Gene 14
467.51288260803875,567.6661238918481,Gene 14
469.120798958029,558.45402606114,Gene 14
468.84273024447776,562.9646971741525,Gene 14
468.0676242243966,558.23000781153,Gene 15
466.21531348061353,554.8233282695156,Gene 15
468.45309027753706,566.7953481921545,Gene 15
467.7935025188051,571.4110944129758,Gene 16
465.82360331079315,562.5858515656035,Gene 17
466.7712277510735,554.006069277904,Gene 17
468.14884047661684,562.7343626823641,Gene 17
467.37120900284805,570.3566931566902,Gene 17
467.798691971679,567.6296787430737,Gene 17
466.1458232273615,566.8502917814876,Gene 18
466.0523297534544,563.8524841787081,Gene 18
469.0341108610267,562.5904316711698,Gene 18
467.8233905544946,568.8312395078528,Gene 18
467.45844650910834,556.2981117024242,Gene 18
466.6763696735425,556.8112693870958,Gene 20
467.5775463695872,569.7109643487669,Gene 20
466.83079891230034,571.104161058774,Gene 20
465.82354150286665,559.0269464960304,Gene 22
467.91427502175446,553.0647513314324,Gene 23
466.8056404489624,570.0734676851147,Gene 23
465.9181918962897,560.958029826043,Gene 23
467.05441772080866,553.2711180690262,Gene 31
468.3417585958633,562.3583391612221,Gene 31
465.950498955985,566.0080569179231,Gene 31
465.9123718723128,560.526305432429,Gene 31
467.14738149228043,554.007063414332,Gene 31
466.79571042675155,557.7108070006607,Gene 34
467.43743033617324,570.2183773453917,Gene 34
465.53617871980725,563.5045039980606,Gene 34
479.37025830461977,558.1313613511848,Gene 0
483.97260067394376,562.4341879042146,Gene 1
483.3214834473472,561.3167109948022,Gene 1
479.81897583288526,568.191174135647,Gene 1
478.5059095068783,561.2963589863227,Gene 11
479.75530605905925,564.340475624492,Gene 12
479.1044910770277,568.2504877229014,Gene 14
482.7203995425965,563.734041669434,Gene 14
482.2254347963043,556.3380439967402,Gene 14
480.677792376827,558.1244392944874,Gene 15
481.51030964924774,570.2090591566413,Gene 15
479.884351538776,566.3218631491143,Gene 15
482.0775465765247,558.2885154942354,Gene 16
483.3236772454829,558.1117192148364,Gene 16
483.0016962994558,557.7583301034637,Gene 16
483.2989281453225,559.0177405876827,Gene 17
477.3315204549101,564.7480273579755,Gene 17
481.18139017569877,556.43482946227,Gene 17
484.3547400249195,561.7043970602488,Gene 17
480.2974490025842,557.866143554175,Gene 17
482.8835641446969,561.2585385689041,Gene 17
482.34236841852464,557.5150854210237,Gene 18
479.1396531212504,567.6948865536112,Gene 18
484.6369231519585,561.0175362347137,Gene 18
478.00545017631197,564.3787425513683,Gene 18
479.1807478955121,560.483714081613,Gene 18
482.47151764362883,568.6766398519235,Gene 18
479.2487184377801,560.1067908840419,Gene 18
480.37576342493895,555.9548542492942,Gene 18
478.8964065378391,562.3974376124414,Gene 20
478.9652675673592,561.4256614201497,Gene 20
478.3199006957054,561.5439636378396,Gene 20
478.2090342098124,565.3907767530703,Gene 20
477.3152515257382,565.7680347137733,Gene 20
482.7737906938443,555.6904663013112,Gene 22
478.7382271525671,560.3002281322186,Gene 22
483.1825549101706,567.2111683351834,Gene 31
480.50189158660703,568.8041188274476,Gene 31
481.98678920302484,557.1249974489425,Gene 31
479.99595378415796,563.0126702123364,Gene 31
480.44777934742274,566.3802277183819,Gene 34
481.65052558545165,568.5769413893413,Gene 34
484.6919645797904,560.9120953015204,Gene 34
482.43605726587384,558.653836901401,Gene 34
482.21389888574294,555.9521163337263,Gene 46
494.76810333253314,561.6429317501054,Gene 1
495.4015426481184,564.8809109434433,Gene 9
493.0852437437912,555.599665078757,Gene 11
492.68108834248943,561.2858647842153,Gene 11
494.5007096338807,559.3375842960947,Gene 11
492.5908215294244,555.7974958493553,Gene 14
492.01820528889124,561.6361836490654,Gene 14
493.0103211015245,554.9168294182227,Gene 14
495.0163932772128,569.3675079805632,Gene 14
494.7566427049694,567.2069747578507,Gene 15
493.04770492396375,558.3838273286215,Gene 15
492.52392870511136,562.6938041319776,Gene 15
494.2359840587377,568.3811107498728,Gene 15
494.2211718471507,552.4171778180016,Gene 15
492.82110382985843,563.080764019466,Gene 16
493.95893497883753,569.2861484318424,Gene 16
495.7449477019341,559.9281580827954,Gene 16
492.44141932350885,560.5804378098383,Gene 16
493.78265854616956,568.9613314283268,Gene 16
495.0043548904717,556.1651155301779,Gene 16
492.34816421180886,563.5799281459701,Gene 16
492.5914326905057,558.5285905567619,Gene 16
493.46675991020896,564.5872945570303,Gene 16
495.1915820913645,558.6537058870908,Gene 17
494.307493382255,555.8969716592621,Gene 17
494.30611678088803,556.7816063818724,Gene 17
492.3083240638436,556.6232020461209,Gene 17
492.672428911826,563.9622708547499,Gene 17
493.1784565283904,557.9739508534416,Gene 18
495.72826814743706,561.2560552800334,Gene 18
495.50791465840626,560.3103096446639,Gene 18
495.0319322330935,567.460596020639,Gene 18
495.5284418960253,562.4023843841527,Gene 18
495.6606456327258,559.6036866180199,Gene 18
493.607874813468,553.4576188455351,Gene 18
492.7838303382646,562.6921286537274,Gene 18
494.36744928634806,564.2835602525951,Gene 18
493.2130039729265,555.9737743969971,Gene 18
492.7910388501809,558.6192622731916,Gene 18
492.7435460193205,565.2553017061163,Gene 18
493.47007905640334,567.7913431583696,Gene 20
492.3312604032464,562.0938581785216,Gene 20
494.2747113145582,566.0535657169788,Gene 20
494.7125448041513,554.9989561972136,Gene 20
492.59713276022836,568.6011374535415,Gene 20
495.41746817775993,560.3337998061276,Gene 22
495.1191803283506,566.0040197293843,Gene 23
495.194696844337,555.8250368234276,Gene 23
492.98044657898345,563.2758269648681,Gene 31
492.72968067543894,561.2156813612158,Gene 31
495.2371809782351,556.5339669086238,Gene 31
495.25247684769664,556.2115252257947,Gene 31
493.6055109252821,566.8415219715072,Gene 31
495.3793087319777,558.0714810240261,Gene 31
492.2449770191039,565.2551114379728,Gene 32
493.99527316378607,566.51547228213,Gene 32
495.8055266263384,560.8714625250503,Gene 1
500.06951677191404,564.4892996010379,Gene 11
500.04096347040263,558.0099455869426,Gene 11
497.07400702774913,567.587855340672,Gene 11
499.2996020485618,557.97885392149,Gene 12
500.70745108976627,558.811260525915,Gene 12
497.12421000029826,564.5927633481234,Gene 12
496.21024428289167,559.0608041508468,Gene 14
500.6209832133197,561.5711155214431,Gene 14
500.162314959605,554.1610493992663,Gene 14
500.0568498430114,557.1493608430875,Gene 14
499.27805160484496,554.0007053102324,Gene 14
495.5447468003922,560.4220525028026,Gene 14
497.0095721994727,566.0610009537198,Gene 14
495.96438258730893,563.2001667204215,Gene 14
499.781239762821,561.1871110041052,Gene 14
500.07306052228074,555.6792842333275,Gene 14
497.47743675191396,563.9429817130326,Gene 14
500.6292960893335,558.0066954208892,Gene 15
496.04525748868696,564.3440627471803,Gene 15
500.43299418145665,561.4006947928101,Gene 15
496.3519077608591,556.9169387220755,Gene 15
498.87823310655193,554.2860913718392,Gene 15
498.7083856368109,553.0965013692127,Gene 16
500.0432901523767,560.0543011846737,Gene 16
499.2454510585101,568.2420086183537,Gene 16
495.915277837012,561.7590506555626,Gene 17
497.0549071459962,564.9680616642552,Gene 17
496.79647715191305,557.3352691127238,Gene 17
499.36343585008467,555.5881434391142,Gene 17
499.58094338737027,567.4635743960483,Gene 17
499.46714002573975,563.2691917250321,Gene 17
499.8607166198458,563.3173576135761,Gene 17
498.41351562170945,558.495168345926,Gene 17
496.6866017229799,555.0769651284693,Gene 17
499.6209408484668,556.5907939717578,Gene 17
499.60844022577777,566.4382248214791,Gene 18
498.7203865317419,567.5264071521218,Gene 18
500.29455455570906,554.8932402963463,Gene 18
500.8446077796939,558.7209712201612,Gene 18
499.8690159418484,564.1924019640155,Gene 18
499.0532375108937,556.0582236670363,Gene 18
499.06371668896134,568.0750215684044,Gene 18
497.4056615412557,553.3491671335673,Gene 18
500.7816514416006,562.2002946003472,Gene 18
499.14329246520197,554.742349641238,Gene 18
497.422212465721,557.7718072948007,Gene 19
498.0491287960819,565.360697129991,Gene 20
496.33822305877817,562.3876805179386,Gene 20
497.2750623230325,563.5238560626927,Gene 20
495.9827068135485,560.8902631352835,Gene 22
498.76983163720803,558.4822768138238,Gene 23
501.0404567179897,561.1677225249442,Gene 23
496.5467706875869,556.7730407544041,Gene 23
497.33914841745565,562.0737754823302,Gene 23
499.4750392090747,554.415902707612,Gene 31
498.91435975800476,553.0271610803356,Gene 31
497.3136469380291,565.2056464367224,Gene 31
498.4057408170355,554.4375441995462,Gene 34
495.9524729012829,565.1606043845213,Gene 40
497.2820706123317,556.7883799907322,Gene 46
500.20951811754355,559.4916222310246,Gene 46
473.2434081363951,564.6912171732955,Gene 0
463.6117270481383,565.9809486047374,Gene 0
467.5212211692392,569.9383723077477,Gene 0
466.94904838003947,561.7576260186944,Gene 0
468.06550024151124,560.3353500841829,Gene 0
466.144622870713,560.7236841779807,Gene 0
469.14621959656364,571.2795984763135,Gene 0
466.4823058501631,562.4937090792552,Gene 0
473.5680074382221,566.4557584287576,Gene 0
466.2469291383507,569.1167778757672,Gene 1
471.3331169878163,569.3960501201503,Gene 1
471.0312763504305,564.5009313666636,Gene 1
466.0959680417204,562.151287441596,Gene 1
466.67518532410793,560.406264144742,Gene 1
471.43151945891776,570.6152766882848,Gene 1
469.6402710170814,570.8186808298501,Gene 1
462.4446978221025,566.7619213190006,Gene 1
470.78791292481316,565.5126319896939,Gene 2
465.760128208586,570.9101147483702,Gene 2
470.00381820728717,570.8673351182841,Gene 2
470.3349592179669,561.0599241397364,Gene 2
465.2015322379786,561.5900603460459,Gene 2
468.6908313536143,564.1541163730606,Gene 3
464.2855056509777,567.4666207672377,Gene 3
472.2290947458502,570.1540495629987,Gene 4
465.9905653529062,571.8368836231226,Gene 4
468.42298159985484,568.965714368192,Gene 5
465.73026060060715,571.332722943796,Gene 5
467.905834860352,571.5397805546754,Gene 5
468.5855605278214,563.1456051516817,Gene 5
462.9544028755569,564.1275631580356,Gene 5
471.3003166848233,568.5237514370167,Gene 5
471.55991734360686,562.4153995893724,Gene 5
471.2624046701884,561.7580558479913,Gene 5
464.6954419534548,560.9492009300825,Gene 5
468.348546225146,569.640561742788,Gene 5
471.44302403936456,564.6650075115934,Gene 5
470.9590576710396,568.8333750079033,Gene 8
467.7637837402894,561.7283168703492,Gene 12
470.7830507485583,567.9819778488517,Gene 14
471.601631679826,566.6501293185513,Gene 14
463.5166104539975,564.2310165435591,Gene 25
464.1432912330714,566.1978955022029,Gene 32
464.14189919642155,561.8272014519871,Gene 35
462.7305042978797,562.0489043665448,Gene 35
470.2557118019824,570.7660508751255,Gene 35
465.6951868913538,565.962057234847,Gene 35
468.80464228428093,570.3760769419193,Gene 35
470.76213960452884,567.051475402801,Gene 36
468.7081949806198,560.4149595060246,Gene 37
467.82992609176483,563.737116583829,Gene 37
471.90572670360666,567.221680574722,Gene 40
465.5838458306982,562.0795029110392,Gene 40
471.012911786303,562.7638299798241,Gene 41
471.4494276793842,566.2414532362965,Gene 42
464.5516655923643,563.570304501979,Gene 48
403.98839918611463,580.0960638871484,Gene 0
403.12829334576827,566.1379600033198,Gene 0
402.7826101147094,579.5050505368023,Gene 0
406.2068249549214,572.9336676435264,Gene 0
407.79718422464373,571.5697289568552,Gene 0
405.0344182654285,575.9462569242559,Gene 1
402.677817528319,566.3587298824569,Gene 1
408.59200378941017,571.3729957145376,Gene 2
407.067570673676,577.1077942850611,Gene 3
400.63883627887367,573.8273196291776,Gene 3
404.64046451747896,570.3333112483764,Gene 3
408.773718268318,574.5369283008245,Gene 3
402.28957365837016,567.7208012616229,Gene 3
405.1062370394918,571.4270100138937,Gene 3
405.6277439297665,575.3242714533294,Gene 4
402.5981613849006,566.7754852638132,Gene 4
400.0257679375616,573.1731774094145,Gene 4
402.39069997655884,575.6927783529321,Gene 5
407.64987940757663,568.6739905083556,Gene 5
404.69179412942214,578.4008766606597,Gene 5
407.6117605977364,571.0687755000016,Gene 5
407.37182094153303,573.1594481971301,Gene 5
405.89108748347553,568.4932462099376,Gene 5
404.2492025734848,579.9707762263444,Gene 5
401.79184232112334,570.0443133219441,Gene 12
402.84206154621444,567.6742310897195,Gene 12
405.27411317500514,568.3767653771547,Gene 32
404.9143004807059,570.6609380547127,Gene 32
402.063499748607,567.5418459238834,Gene 35
406.71685258920763,573.8618874793086,Gene 35
407.62091106844815,572.2498070202228,Gene 35
405.56922798783853,580.38744387062,Gene 35
401.54072705043166,573.1788617395026,Gene 40
406.5222300083289,569.8948658545742,Gene 41
405.0267608849997,575.2790987040968,Gene 41
402.45926274731255,579.0426438647255,Gene 41
411.1952861836516,573.3380883941996,Gene 6
412.91048608704784,569.0671531651883,Gene 6
420.0980046321706,573.029907532282,Gene 6
414.4875573376919,575.8007842689964,Gene 7
415.04846950804506,567.0658783136603,Gene 8
413.5073458519719,569.3463227707146,Gene 8
412.4495153224211,572.2232566362273,Gene 8
409.61836667779176,568.4789141706386,Gene 8
418.86969577411475,569.9470828260623,Gene 8
412.8366901927866,575.6337354721982,Gene 8
416.19615949582953,574.2690009221969,Gene 8
421.22530948581107,572.457513964661,Gene 8
410.58736854831113,571.982324934871,Gene 9
413.26061379555034,568.215597951219,Gene 9
413.3967169548803,572.0099280886395,Gene 9
414.432035748251,574.1907020034728,Gene 10
419.98465591729183,572.6598540609922,Gene 10
411.1421642847726,573.6689512348654,Gene 10
413.8060211829911,567.4550485893478,Gene 10
414.07554387583434,568.4700029713828,Gene 11
410.90719529668195,569.5675698183774,Gene 11
418.32158581812934,575.2919675078151,Gene 11
412.62891624880933,575.6971753604295,Gene 11
416.46272224366464,568.91254147011,Gene 11
416.6103735275871,575.2274786985556,Gene 11
414.95204224868445,567.8121250318775,Gene 11
417.6883025725854,574.4647209479876,Gene 11
410.04452605664676,570.766894675504,Gene 11
411.416009427327,567.358267252536,Gene 12
419.0186481486609,574.3942101246514,Gene 12
416.3463658341071,575.126014056087,Gene 13
413.15330944138384,567.2925032928105,Gene 13
415.11318859599004,570.0728349829773,Gene 14
408.8757450532278,573.4899723777422,Gene 30
409.15365645741224,570.8854835427884,Gene 30
413.30191291977275,572.3937851642838,Gene 36
417.43393974546467,571.7739869739927,Gene 36
423.62435336113276,564.8879979862376,Gene 0
427.2247572618476,575.0407657650873,Gene 0
426.16957376202305,570.1980780332333,Gene 0
422.8288352172816,575.671664309181,Gene 0
427.83731876986946,573.0020697672267,Gene 0
422.79118713086876,568.5008991697276,Gene 1
424.29432004869886,567.2579340636341,Gene 1
427.0962619672441,567.3286347662038,Gene 1
423.0746879792135,577.0077858951502,Gene 1
420.9443388150587,573.7794131249638,Gene 1
427.80338843799626,568.5643346520401,Gene 1
427.1296067957539,573.5769158396158,Gene 2
420.9150324965535,566.9678181558425,Gene 2
425.88193043232036,577.2346664717026,Gene 2
422.466647916518,574.3687722998435,Gene 2
421.090924400828,570.6997453905145,Gene 2
425.72197152853374,563.9600176493975,Gene 2
422.1267928205954,565.424715692052,Gene 3
421.03383247449426,573.6822974913724,Gene 4
427.21786363591156,575.5565410960854,Gene 4
425.7571098620754,568.94181685139,Gene 4
424.3583014848916,569.8572946654892,Gene 4
423.1605089118037,568.2431513954034,Gene 4
421.85613924626836,565.8979564572952,Gene 5
424.96657743743583,575.1787033387204,Gene 5
426.8969517448514,574.2946461216502,Gene 5
423.93564391863083,573.4546459426547,Gene 5
426.6391765303892,565.4131399425124,Gene 5
422.0688244898613,568.4085597131083,Gene 8
426.39872023128225,572.549802476711,Gene 14
421.7784018483062,572.3473197134855,Gene 14
426.3522787891798,576.9924311348802,Gene 23
420.19777968770677,570.2279718643194,Gene 23
425.01906086480085,576.0260060751236,Gene 28
422.0557478783283,573.5569336022863,Gene 32
423.4428643509652,573.0990809703688,Gene 32
427.8277244828662,572.5063689662104,Gene 35
421.7094543087912,575.9494910559197,Gene 37
422.6206276188145,575.562154924656,Gene 37
423.5958239452285,564.7936965759227,Gene 37
424.90412070124063,568.1534857680775,Gene 37
427.79510122966326,568.2558557295575,Gene 48
424.7175906374038,578.1242992874687,Gene 48
420.8453878165738,567.6280062318368,Gene 48
421.67872396552696,569.4292807502221,Gene 48
434.35715128434805,575.1947338728066,Gene 0
435.60695571241143,574.7651343508043,Gene 0
436.1669903504369,571.649015000886,Gene 0
431.8267536803241,565.9653504720936,Gene 0
436.574748102063,572.2649786415357,Gene 0
436.1082812951385,566.2178550103615,Gene 1
434.8070934050191,575.201425302347,Gene 1
436.8957166305263,564.207147748541,Gene 1
435.93706120268416,567.3909636153305,Gene 1
434.549545877186,566.2504408691177,Gene 1
434.7421586971474,573.420471497691,Gene 1
434.1998720995918,570.8337156515364,Gene 2
436.12202835722877,572.4662508329508,Gene 2
436.05361760346335,575.054327780936,Gene 2
435.7891061952855,574.4935178692027,Gene 2
430.9317590601694,574.8223701966386,Gene 2
434.9332715535815,565.9685937164681,Gene 2
430.9139387742886,570.9011006169594,Gene 3
435.77848527347084,573.2706167267037,Gene 4
434.85608090949245,562.1180985143443,Gene 4
437.0616132062493,565.0159466358144,Gene 4
434.75517700018816,564.5549491991715,Gene 4
431.32937476757496,573.7954752970501,Gene 4
437.19544689170505,569.8044721500114,Gene 5
432.7589069524299,570.3905944488051,Gene 5
433.4525278009858,562.6922652113193,Gene 5
436.3834403592967,571.6537854889278,Gene 5
431.3607846740135,565.4671243941928,Gene 5
430.83202598785,564.8046851770976,Gene 5
436.53345888468067,569.6540322399218,Gene 5
436.6094869423325,571.211684505021,Gene 5
437.2934486673971,569.6592526511265,Gene 5
434.671652059121,572.7110824503027,Gene 5
437.3782835216867,568.6936367822486,Gene 5
432.85433601915065,565.0749743013042,Gene 5
432.9861164395823,562.1180851937155,Gene 12
434.4736573097324,562.9833648059306,Gene 23
430.62095567724543,569.6206517081969,Gene 35
431.3521228815419,570.6736127500328,Gene 36
431.7582614848721,562.6067387833583,Gene 37
436.3691763066727,570.0298350804452,Gene 37
431.6801807764148,570.0303783800887,Gene 37
436.19167325626063,571.9624715085617,Gene 40
435.1795917964321,562.7783266510173,Gene 40
430.12871802221116,571.3200281288084,Gene 41
437.77968845462016,567.234835008569,Gene 48
431.1258993949783,565.1504713339067,Gene 48
443.60089085115453,578.0527959333969,Gene 0
447.3521847871447,573.1878486107673,Gene 0
443.3842366236302,565.8355514308412,Gene 0
442.2726254691847,570.6766667732426,Gene 0
444.5011199212641,578.9198753932643,Gene 0
441.47531432422056,568.0839033305293,Gene 0
447.66716379201506,570.3232939243701,Gene 1
446.41246019597514,576.9643387511376,Gene 1
446.6123605181868,576.7422113371347,Gene 1
446.17309418910963,569.2114252691991,Gene 1
442.45222323578224,566.6665602484828,Gene 2
442.7074627058219,567.6925289469178,Gene 2
441.30704283182723,571.7627299009047,Gene 2
447.03326757096335,574.7603670530453,Gene 2
446.63058771094546,574.6256540546542,Gene 2
445.49508320178813,576.2199406659023,Gene 2
441.800461535008,568.9314954539689,Gene 3
442.5470327968696,565.9550310632784,Gene 3
446.0502951903376,578.1998302550012,Gene 4
445.8944684731417,570.821639215197,Gene 4
445.89807218078954,569.0334293296155,Gene 4
440.91695915411265,575.1275548547659,Gene 4
444.6488583420672,567.6043019292758,Gene 4
441.19137831301606,577.5963177352766,Gene 5
440.60238450028004,568.8058597059232,Gene 5
443.42901358591797,577.0743029545997,Gene 5
442.1337135639724,576.4285050328682,Gene 5
440.71974767554406,571.1210056737104,Gene 5
445.3981674327931,577.0431078986419,Gene 5
442.74653863318633,573.748317364643,Gene 8
443.81257287557645,566.965669638743,Gene 8
443.6067635684469,578.5953483394052,Gene 25
444.67088235848865,576.7753928237846,Gene 25
447.50476468910205,572.7859946572713,Gene 28
443.5738262937712,576.0650688257323,Gene 32
444.39354181531303,565.2442009626195,Gene 32
445.17470961289104,567.6930892873163,Gene 35
447.8257637489802,574.5399232780857,Gene 35
444.82934141503654,569.9573622778751,Gene 35
442.83679263497817,578.919353567324,Gene 37
443.6907541594266,578.2667022540364,Gene 42
442.9229747641758,570.3697652731978,Gene 48
442.4014298562276,567.9280278500387,Gene 48
445.02593227246564,576.5935716715902,Gene 48
451.0338127348203,575.3601431705234,Gene 6
451.344077266283,575.7601737712556,Gene 6
452.5755870127298,576.8178801126502,Gene 6
450.91353328820884,575.5295145270843,Gene 6
450.41580162456074,573.5180832946073,Gene 6
453.15734091125717,577.6105891630925,Gene 6
452.3475734662457,567.0811228804055,Gene 7
453.08634238917085,566.460258039914,Gene 7
450.73403957499534,578.6188102114759,Gene 7
452.6983764036864,576.3629649066925,Gene 7
450.2507170704631,575.3709479038948,Gene 7
450.63282050390177,566.1588402957682,Gene 7
453.19799482518386,578.8221523732182,Gene 8
450.1815877796978,569.0639505675205,Gene 8
452.8175947563408,576.1211729883657,Gene 8
452.57800888046256,578.1609570746479,Gene 8
453.9823916578571,567.9028542482416,Gene 8
453.42041598587343,578.4211478563624,Gene 8
450.09484873760283,572.5304935629159,Gene 8
453.70679365036847,570.237477912251,Gene 9
450.817307919613,576.6273980046572,Gene 9
451.1831401211853,571.463262681139,Gene 10
453.20599768128767,576.458272481037,Gene 10
453.3069784570527,569.4112960087572,Gene 10
453.7946513926084,574.3965269777871,Gene 10
452.25442882066477,579.8283696211922,Gene 10
451.766000015349,578.5824693534355,Gene 10
449.99621275367633,574.785898978692,Gene 10
453.40032710422844,569.7616258839199,Gene 10
451.0020243699815,580.0342608023352,Gene 10
453.78710537495783,573.5504377501799,Gene 10
453.3154263284883,578.038969785697,Gene 10
451.6199042163423,577.7327884065564,Gene 10
452.51814979434744,579.3116086731031,Gene 11
453.99425274275575,571.8058683203401,Gene 11
451.3205437433432,567.0416365424635,Gene 11
450.6794832590973,566.6175257408387,Gene 11
452.65646979426873,568.9356470469265,Gene 11
452.93388910962,567.6868521598858,Gene 11
453.18505512637984,578.0208827312788,Gene 12
452.98650263348,580.6199204730881,Gene 12
453.80060665757475,573.5921247202581,Gene 12
450.8788846071855,577.8037671632425,Gene 12
450.38739935484455,574.0164680219332,Gene 13
451.77980048475933,579.4763213714158,Gene 17
450.1642658166841,569.5746758021837,Gene 17
451.35583902441465,568.1169312514918,Gene 17
453.43348643696595,570.4085021999963,Gene 22
452.9185383177967,565.5044348397565,Gene 22
453.7194086386921,570.0457753236236,Gene 22
451.35783363582857,574.4778005326439,Gene 22
453.30866510505604,577.3692060122168,Gene 22
453.3206541266897,569.2037252984659,Gene 30
453.80372026574037,578.8074719369627,Gene 30
452.68917930892536,574.7412084353743,Gene 30
450.39439206734744,577.0783051035628,Gene 36
450.62278275955424,567.3245605231898,Gene 36
452.79145884994887,565.85164692319,Gene 36
450.511035600857,578.1146976185224,Gene 36
453.4900520034196,574.526640440475,Gene 43
453.9098868274201,571.9827985498098,Gene 44
469.9313423238167,574.0657185256902,Gene 3
465.03618554997126,566.6316438916062,Gene 3
466.2909387000985,575.0166131488694,Gene 3
470.58505672165,572.628829369041,Gene 6
465.66727681855343,572.9879380149391,Gene 6
468.19934504185926,572.7186118531682,Gene 6
469.89441326407325,563.9060782479867,Gene 6
470.95753573610745,575.2778962725607,Gene 6
468.8070112694635,575.5186705301452,Gene 7
464.91081056999207,566.8754787740069,Gene 7
468.23510936444137,573.2903043675601,Gene 7
465.470829145865,567.1034151683104,Gene 7
468.74448755679265,565.676530156482,Gene 7
467.4653840981283,567.1931608606232,Gene 7
471.54313965735565,570.1914730007982,Gene 7
465.1054004008789,572.6324293352171,Gene 7
469.22676406838025,575.1997514053976,Gene 7
467.4463743104724,575.1240304897627,Gene 7
467.7875936029143,564.8472854633809,Gene 8
464.9253764942721,568.4987888905181,Gene 8
466.56579958195306,576.1001292729936,Gene 9
466.6515552794748,573.8541890206983,Gene 9
464.8543814476094,566.4440050223756,Gene 9
464.99055442255343,575.3760855774323,Gene 9
471.5775599486462,572.8197633577965,Gene 10
465.0433346069099,568.6368136165709,Gene 10
468.96500311480264,576.331411534334,Gene 10
468.5875028166547,575.4474074615736,Gene 10
469.99446937447414,568.0926429842009,Gene 10
467.4094695024889,576.4046053270508,Gene 10
471.13929436821854,565.5477090237323,Gene 10
471.86532825097146,571.6366153920816,Gene 10
465.02137362551406,572.7238440632889,Gene 11
466.0673215718073,567.7440697813288,Gene 11
465.98163647202125,569.7392148375337,Gene 11
467.1471556181094,563.9101808856112,Gene 11
467.7545442928754,566.2844948836968,Gene 11
470.41924507109445,563.9870784674077,Gene 11
471.7104121104016,573.9492062234581,Gene 11
465.6005781661921,569.8318930913829,Gene 11
467.9315176109187,571.7836701600284,Gene 12
465.87921206059747,574.7095526123046,Gene 12
464.30859828060403,568.4165322172386,Gene 12
466.9725570958248,571.4271841368202,Gene 13
467.5595943965254,563.2205121755611,Gene 13
472.23839464938703,568.1657525294848,Gene 13
467.9898207437399,566.8973419510627,Gene 13
468.64026621919373,565.3124236751446,Gene 13
469.04182308936214,571.538641956482,Gene 30
465.7826777089974,573.5227581051317,Gene 30
471.3278309918679,572.9601833738254,Gene 36
468.3157336165995,564.6037608191832,Gene 36
470.5101453626031,576.878048806346,Gene 43
468.00100906181405,564.9000854842031,Gene 43
466.4743604172104,571.9725450958181,Gene 44
465.46562191221284,571.0189985114283,Gene 44
472.6461428720656,576.6581275101231,Gene 0
471.1314526832377,569.9181064942325,Gene 0
468.37486397530057,575.719837625071,Gene 0
475.14157246426043,575.0395681036507,Gene 0
473.9492604103294,574.4936606210407,Gene 0
471.30310417112406,571.0608030526585,Gene 1
476.23408789735066,574.2209451662541,Gene 1
471.8440364000838,579.0174721695889,Gene 1
474.2672566875296,568.3056611382054,Gene 1
468.6497374206751,568.4176019235442,Gene 1
468.5870727070742,574.2189675838455,Gene 1
468.59997264315354,570.2979059350655,Gene 1
474.09398479319066,572.0272652399597,Gene 1
471.95892462366413,578.2820490050152,Gene 1
468.5109549374747,576.1142984541726,Gene 2
468.04014384884454,571.1829138525704,Gene 2
473.3738991759114,572.6123561718659,Gene 2
472.7617343999732,574.1529221200682,Gene 2
469.68521048915284,568.4424820263828,Gene 2
476.35510175163313,573.8824043946437,Gene 2
472.6887257468066,574.9392235556169,Gene 2
468.6776818433231,574.5902294599964,Gene 3
473.3256385951197,568.5115638438212,Gene 3
469.69422511798683,575.9657089915045,Gene 4
476.5830334699934,572.1259314648958,Gene 4
468.67757016948076,574.8311862813065,Gene 4
473.32312981504293,577.9816245944676,Gene 5
474.8014112560285,573.8179209999961,Gene 5
471.0625343064084,566.3674751596067,Gene 5
468.26226227202994,568.922015573947,Gene 5
468.2476361488984,574.4575398694055,Gene 5
472.64616229380454,570.9727182388751,Gene 5
476.96126193086593,571.6164833168524,Gene 5
474.9334654312473,569.8325727732296,Gene 5
469.4967960893665,572.9553565204503,Gene 5
471.2339793247642,568.6294257614945,Gene 5
472.5733867770226,575.0895368613704,Gene 5
472.08349443944746,568.7187011839687,Gene 5
472.8323811628417,569.9151794294924,Gene 5
476.73522622587535,569.4631961895486,Gene 5
473.28398828812453,578.2958797081602,Gene 8
473.22918611389247,567.9637303796428,Gene 12
474.905701894164,571.5225649969537,Gene 14
473.6894073841125,570.3368650819656,Gene 25
469.80688144450295,577.7405757487131,Gene 28
471.7781522884686,571.6872101412622,Gene 28
474.16837646032843,571.6896011882632,Gene 32
472.0985491055117,567.2372290343552,Gene 32
476.6687117758586,572.2669647144828,Gene 35
475.2069634603482,574.4247111151986,Gene 35
471.0785710622598,577.8020912355296,Gene 37
471.42429509771506,578.9227062048989,Gene 37
474.7983515727284,567.7631909895557,Gene 37
471.6388929016354,569.88065147363,Gene 48
480.8933658363766,577.3854731485408,Gene 0
481.62709660862583,572.7210580056704,Gene 0
479.41566531108623,574.8686786496063,Gene 0
480.0359668026391,575.7375960183252,Gene 0
480.3763387192886,576.2243969197584,Gene 0
482.94408569724493,570.5070576552519,Gene 1
479.0207572855983,571.7884688764099,Gene 1
481.0241090918408,567.829220040947,Gene 1
478.9921502662473,572.3462145572288,Gene 1
479.84822743075614,566.8890400722667,Gene 1
482.28663336720786,576.4431281752414,Gene 2
480.4118488573869,571.4510815511987,Gene 2
482.3349446317157,575.5283622712725,Gene 2
483.54493848891934,575.4154091571392,Gene 2
480.4117587500625,564.5616512320647,Gene 3
482.5215554794324,565.3083042768089,Gene 3
482.7813147618006,566.7567253608188,Gene 3
482.052482269167,574.4808755319526,Gene 4
482.765363161186,568.8012536163857,Gene 4
481.40986185108534,564.7157578324171,Gene 5
480.6076703804045,572.271947406517,Gene 5
481.76703232450933,579.3753435559123,Gene 5
482.6883333268038,575.7244962240603,Gene 5
480.59907911701714,563.5907724176105,Gene 5
482.9113713214538,577.303775088521,Gene 8
480.706202550426,576.1910649899387,Gene 23
482.38435963320546,574.7467237431345,Gene 32
482.22155447746934,569.7831030162325,Gene 32
483.46034592045964,569.5940789109741,Gene 35
479.7083070765842,574.3542512126786,Gene 35
481.2787679310255,575.1093237641046,Gene 35
480.52075295154026,572.1762966059807,Gene 35
479.3920974705495,568.9433534999376,Gene 35
479.7668785964004,569.5664797654264,Gene 40
483.31972763935397,573.6313514427392,Gene 41
482.2380807923346,578.2499385512954,Gene 48
500.88770722852365,569.9102267412882,Gene 0
499.76014520647345,570.3744430932537,Gene 0
500.64572246841533,574.7702342189499,Gene 0
496.9510544313641,577.0717322989958,Gene 0
492.390703234919,574.5505478947579,Gene 0
502.03297412989946,574.0567933103223,Gene 1
495.708757656029,577.9491589161969,Gene 1
494.56034943690867,568.5726921441905,Gene 2
497.83464969489256,570.3818937270761,Gene 2
496.53016920505826,568.3747109070431,Gene 2
501.5303931304618,573.3219802821693,Gene 2
501.1288424591707,575.5092480431819,Gene 2
494.97659651792424,570.2477829591951,Gene 2
498.91457723402374,567.9510066444004,Gene 2
494.0189313546008,569.4179225191898,Gene 2
500.3615836192344,575.6116664324278,Gene 2
492.9625756591512,573.6490572533833,Gene 2
497.7265260219239,572.3765171553048,Gene 3
495.59268439716175,572.8906544853819,Gene 3
500.60722340867846,570.4022340328875,Gene 3
502.3720092653213,570.7823649518147,Gene 3
493.81529454749756,573.8712811842936,Gene 3
492.46283189830996,574.2011007550967,Gene 3
502.18838124415447,569.8277447187143,Gene 4
495.6063990783065,569.0520227689209,Gene 4
494.7051061068185,573.2795700305631,Gene 4
501.9622322860103,571.8544997062405,Gene 4
498.9766715026698,568.2676450147486,Gene 4
495.0426571497756,569.1995139956279,Gene 5
492.79322323901243,573.6409702491236,Gene 5
500.5627950440747,570.9389247996202,Gene 5
496.87596545056357,575.7258174080431,Gene 5
496.55919349783227,569.7274543574135,Gene 5
493.6813099520503,578.3309621173754,Gene 5
494.23263279524406,569.3054199797945,Gene 5
498.96755429167047,570.5370297918773,Gene 5
496.4053555434025,576.6806632866769,Gene 5
493.5088090012702,573.0582517602328,Gene 8
493.99170588586253,574.4156533003464,Gene 8
495.88492107767905,577.8846581615444,Gene 10
501.42127066469396,577.839317168864,Gene 12
499.23347546263255,569.7563994132244,Gene 25
500.5046749676095,577.2742026224341,Gene 32
493.8659956048838,570.6872177212953,Gene 35
503.116564686592,575.2940219346181,Gene 35
491.85017066584385,572.8888511287396,Gene 35
494.00097812794314,571.0075153175023,Gene 36
499.0036455457494,575.6075646942204,Gene 37
493.0112399382293,571.999404346147,Gene 37
494.29873501323397,571.7474274610835,Gene 37
499.74228971547103,571.3431902399665,Gene 40
496.2840183428234,568.208742625075,Gene 42
405.1829394917942,580.7466627878197,Gene 0
408.6974200009952,574.9729137955846,Gene 0
408.6546585971283,580.2255286764937,Gene 0
405.60669147856174,576.6738575119704,Gene 0
405.7754813419508,575.8356197943866,Gene 0
408.5219511998974,579.9791283314829,Gene 1
406.94484937846283,585.9677218104116,Gene 1
408.9087274256323,575.4773162371607,Gene 1
408.20884660430215,577.6992460833334,Gene 1
406.3804196240607,587.6130347656953,Gene 1
407.8868353946122,576.0736174719743,Gene 1
408.8267956326832,580.6248625852807,Gene 1
408.47311061855834,585.2839355447463,Gene 1
406.06678396361457,581.2083338842165,Gene 1
404.9707854675174,584.7994872275272,Gene 2
406.219552618699,580.7947733119363,Gene 2
406.2403591919317,586.274491435131,Gene 2
408.83047915287153,581.1831399980322,Gene 2
406.2311462339097,583.4178078057985,Gene 2
405.2774342314184,581.7898990364029,Gene 2
408.3303441637225,577.750525686922,Gene 2
406.1891771253921,581.9218226209933,Gene 2
406.5770359042547,575.3299404813702,Gene 2
406.5597093211279,574.6724512360724,Gene 2
406.0266757886377,581.6491560368491,Gene 2
407.9222749341978,575.1636232496461,Gene 2
407.4648903025373,572.518397983308,Gene 2
405.37034181099847,579.4188135444838,Gene 4
405.65775507975826,580.8298198914097,Gene 4
406.2789767702206,586.6791985473668,Gene 4
408.71837971560484,582.3954280734442,Gene 4
406.5824684561585,572.1370370286477,Gene 5
405.8168043494521,583.0265990300677,Gene 5
407.74191785531787,586.7288252000377,Gene 5
406.2391691601935,573.2893370700349,Gene 5
406.5604001042018,584.4497819274,Gene 5
405.5495775366109,579.2555775957702,Gene 5
406.0510826983267,586.6552447345409,Gene 12
409.0862182184934,575.879342286761,Gene 14
405.9051978951364,586.5654814160566,Gene 23
407.34000374398164,584.9302412404517,Gene 25
406.28221830893676,586.090389454531,Gene 25
408.27386143395245,575.9315733189455,Gene 25
406.2093741530952,575.860154014598,Gene 25
407.9477412471183,585.0848227299351,Gene 35
407.93751847416286,577.2436589879702,Gene 35
408.9828980545658,583.8726659405608,Gene 35
407.0711864315983,585.0290821571006,Gene 37
407.3196367540588,585.6195342610446,Gene 37
407.601710680109,573.743940875123,Gene 41
406.0624628609804,574.6561614973323,Gene 48
423.36545317786226,578.4781016198438,Gene 0
421.0284333329914,588.3473491503836,Gene 0
420.511643403271,579.8104717886841,Gene 0
423.216182445786,577.5105310409315,Gene 0
422.47160693856756,576.2155223527669,Gene 0
424.2880600507587,582.8436628150754,Gene 0
424.2961279856534,582.3692944688263,Gene 0
423.0653176726912,587.2443243426334,Gene 1
419.78598730849325,585.362646640835,Gene 1
421.383291392097,576.0532159790583,Gene 1
420.99002533106426,574.6592519874177,Gene 2
422.9741963819437,585.8084565747806,Gene 2
421.16479334809924,583.3949632835574,Gene 2
422.32310406474403,574.2663815890905,Gene 2
420.6620868252207,578.5911120784863,Gene 2
423.5448929717523,587.1850045374229,Gene 2
420.5345971624562,583.9794327920976,Gene 3
420.4155253226173,579.3452088523499,Gene 3
423.12605689794594,589.6321490935319,Gene 3
422.01068416413676,573.634413361708,Gene 3
422.7271580856769,579.8448358605222,Gene 3
421.55176539566423,590.9674072902928,Gene 4
423.36241642323836,576.4353224128744,Gene 4
424.19998064226047,583.3745957656104,Gene 4
423.4665703141415,589.8639835822368,Gene 4
420.85458344344926,578.1599848145463,Gene 4
423.3546607839129,585.9976942516311,Gene 5
422.05286880274525,587.6198658686288,Gene 5
420.8238842885174,580.007022354205,Gene 5
421.6538098482481,591.146153147931,Gene 5
420.63571123109233,576.5972783413584,Gene 5
422.01821180444455,577.9857570336459,Gene 5
420.88394334523554,578.5581519891236,Gene 5
423.5845535798365,586.7816954474323,Gene 5
422.53242873826946,585.0166229939067,Gene 5
421.86932667905586,575.0397171062336,Gene 5
422.72618447589156,586.1446970904035,Gene 5
420.9173880673005,586.5251166598911,Gene 5
421.6442033068302,582.7633005965268,Gene 8
423.31846695372235,576.6609915496987,Gene 8
422.85914360259494,578.4138001435504,Gene 12
423.42607820745013,588.8138872965357,Gene 12
419.8631538074285,581.9880014666772,Gene 14
420.4838629845886,586.7254909130717,Gene 23
422.1134639861497,590.2725632472923,Gene 28
422.5596023733676,587.9804153616655,Gene 35
422.0414056680194,587.4401990405104,Gene 35
423.48154628741474,583.9709404075892,Gene 35
423.58554731254395,583.143600022158,Gene 36
420.04496227204555,578.538427584535,Gene 37
423.73777187392716,581.4942561876785,Gene 37
423.4320584256574,588.8743074427281,Gene 40
422.5686517476465,576.5478473730792,Gene 48
422.9017939323199,584.2239101699878,Gene 48
422.9285991128893,588.2045585919103,Gene 48
433.59880083828784,583.2672089772261,Gene 0
430.53987446379796,577.0308455035813,Gene 0
433.8056635264547,580.155996819073,Gene 0
433.5228325024777,584.0251259056231,Gene 0
433.3700939974341,579.0592090897546,Gene 0
428.5062867988383,577.1968996792737,Gene 1
433.5105410407444,582.5877174127968,Gene 1
429.5419573208355,588.607471422395,Gene 1
425.6597150387646,579.3079946867724,Gene 2
426.20379190946204,584.212654302838,Gene 2
430.43278682411466,582.8943023206945,Gene 2
429.83071573982755,576.4726729086757,Gene 2
433.828861917899,581.4612621332993,Gene 4
432.9955389337844,581.9012088106296,Gene 5
427.271279838933,578.1370782405231,Gene 5
431.5229848731438,576.2887125738879,Gene 5
427.54704811131876,575.9865064665678,Gene 5
426.26292542792487,580.8182306995656,Gene 5
427.3429786609629,585.3053305471745,Gene 5
431.41200781007547,579.7500899812751,Gene 5
429.6719872760768,577.3010455442823,Gene 5
429.6875756319543,585.2588693454338,Gene 8
428.308845822325,584.2468982306873,Gene 23
426.27030266951715,580.0877529417908,Gene 25
428.4174899992445,579.0865689208148,Gene 35
430.31091366208983,583.9596252141934,Gene 35
430.3941776008049,588.0398076375085,Gene 35
428.5979008339297,584.3466349959671,Gene 35
431.2849548793362,580.6770891090603,Gene 37
428.2086866558983,580.6960872875912,Gene 37
439.8882219514347,577.0679172731212,Gene 0
443.6488888013106,580.0980589223639,Gene 0
438.8195247379542,575.8186897339393,Gene 0
439.4990000670023,583.7593102599744,Gene 0
443.8637934778132,581.5962934367694,Gene 0
444.0406242981536,582.2910848015549,Gene 0
441.702101883107,584.5593449519698,Gene 1
443.4441967401162,573.442556594741,Gene 1
443.46349137864513,583.9245818246649,Gene 1
441.9064645323072,577.8986482290941,Gene 1
441.9989829729726,577.9439748280959,Gene 1
437.6287959088487,581.2974604542675,Gene 1
437.67425199906296,578.7085912262162,Gene 1
442.1730384933456,580.381240384707,Gene 2
438.3540243068518,580.5998013069507,Gene 2
441.6640685515661,582.984358448523,Gene 2
438.98987576637916,579.6683088062971,Gene 3
439.3089428711038,579.3251549820544,Gene 3
444.1492368394698,582.8314779772319,Gene 3
437.67742016918345,579.0407107773439,Gene 3
438.92118924667216,574.3142251358144,Gene 3
441.19512532886665,573.4063979049787,Gene 3
443.47298955730525,574.6993173484711,Gene 3
444.7879807152043,576.6156789803005,Gene 3
438.1363338707225,581.7993041239783,Gene 4
444.62170427412764,576.2609392733281,Gene 4
441.80791601623525,574.0546715858586,Gene 4
442.3006438674867,571.9783405751762,Gene 4
443.30442007370914,583.142817787544,Gene 5
441.0656027970981,575.6949049752392,Gene 5
440.6161648621217,582.4812891692861,Gene 5
442.8987171799863,577.1487276230088,Gene 5
440.4202292051301,585.0996523609979,Gene 5
440.4192687546937,585.6789922368539,Gene 8
440.6918467982889,571.0051934113766,Gene 23
439.0266636932827,573.6432077903034,Gene 25
439.0584495735544,574.2166623140012,Gene 25
441.2355181433545,583.7309865703907,Gene 32
438.9749894610844,579.1679345513304,Gene 35
443.7033173950117,576.7553128199145,Gene 35
442.5153823027414,581.5730998411307,Gene 36
440.8247986269146,572.8253274822108,Gene 36
443.900633164333,574.6264424027818,Gene 40
438.537498792866,579.4133470855625,Gene 42
441.63362938838435,585.068725806836,Gene 48
442.7478228897229,584.5550394483297,Gene 48
444.3751154103101,587.1062476149433,Gene 0
447.3408766249575,577.2998958496393,Gene 0
443.4975872507071,586.6821497949335,Gene 0
445.0607137418466,576.3892425569575,Gene 1
444.31106319412316,586.1131289371801,Gene 1
442.17987386089396,581.181882286753,Gene 1
447.53671640337814,587.6836847373887,Gene 1
446.48690255952107,574.7415589272438,Gene 1
446.72642900156876,575.4819070034974,Gene 1
446.26018408674196,586.6584427891974,Gene 1
442.991127729742,586.3481304128,Gene 1
447.0574213355038,577.781798329082,Gene 1
443.38396732308485,583.3596394649061,Gene 1
443.2372862455754,578.9614355559964,Gene 1
448.9157595214492,580.5879540140264,Gene 1
448.12757409283597,582.0265318706108,Gene 1
447.7016504987641,577.6727806201986,Gene 1
444.64825287561956,585.3833950346385,Gene 1
443.8882686640179,577.1577686054889,Gene 2
446.56558809019305,575.214127338309,Gene 2
446.82193931282814,585.9493748805876,Gene 2
444.5088077766251,586.6288175901618,Gene 2
447.73152187230465,585.5398649408444,Gene 2
446.3699942790787,587.7328919803464,Gene 2
446.1686344634649,575.1446396343354,Gene 2
445.4053607448162,575.330866893593,Gene 3
447.37323677809286,580.828284480233,Gene 3
445.324826598695,577.7855681091492,Gene 3
444.5040703967981,582.4991038455727,Gene 3
447.9902868397618,582.7738942935362,Gene 3
447.2713819489183,574.9154299725471,Gene 4
444.1844896075158,585.8783400523442,Gene 4
448.53248066457047,582.2860388815302,Gene 4
443.1640169656804,579.7995233268852,Gene 4
448.09441098496626,587.0354561843393,Gene 4
447.3721104214686,587.4058377262668,Gene 5
445.17444816614244,575.7918191697285,Gene 5
443.8358548306582,585.2312438492423,Gene 5
445.5451904025825,580.2603119240317,Gene 5
445.6742049244997,584.1393409147024,Gene 5
448.5658137847061,579.7281864366123,Gene 5
447.1512801318655,582.2115994391884,Gene 5
443.91534209509615,575.3877902771429,Gene 8
445.3530192809785,584.2052206603055,Gene 8
448.89097051129124,582.1363339360845,Gene 8
448.9163864978332,583.5374974820766,Gene 23
442.62010680352364,585.521512059125,Gene 25
448.3490377620721,586.6744625862476,Gene 32
443.34528943097547,583.3379647256642,Gene 32
443.6727891828671,575.5280709473609,Gene 35
448.8603302147215,582.7367175178034,Gene 35
448.23688893171845,578.1109866798972,Gene 35
446.7182847798804,584.5119895113659,Gene 35
442.8149080138961,587.1290317310919,Gene 35
448.7404999710321,582.9595967010472,Gene 35
445.2234529914323,580.3067766815328,Gene 35
446.484453232616,579.2691650827397,Gene 35
444.16075353892717,576.394571974066,Gene 35
444.9890388402214,578.3461011436053,Gene 36
447.1085663552794,575.4624662774191,Gene 37
443.6199952330633,585.6359412439351,Gene 48
446.8406974698495,574.8638698076192,Gene 48
460.605436736372,591.116524598315,Gene 0
461.2986786110499,583.9731263703181,Gene 0
461.0644998190122,589.2624753520097,Gene 0
460.6064659677021,590.1099059101529,Gene 0
460.9826038021061,575.8621673670959,Gene 0
460.6304598735163,585.4620264064732,Gene 0
460.41716954789973,587.4004614047244,Gene 1
460.33664434779024,580.2757774609211,Gene 1
460.70704666144286,574.9296763483259,Gene 2
460.98097890943274,585.7106303958705,Gene 2
460.2787144405723,585.1991140568468,Gene 2
460.5331292415411,577.6569995999217,Gene 2
461.14533120048975,587.9105452354852,Gene 2
460.4030765892598,578.2765993708051,Gene 2
460.86164383039676,577.5873289858348,Gene 2
460.54289771405445,590.2593898712462,Gene 2
460.58605832155445,576.2495092533017,Gene 3
460.85289447315876,575.2686035354158,Gene 3
460.9048160561228,578.6321381554462,Gene 3
461.3186453354067,584.0160354841532,Gene 3
460.7207792914421,590.9618426317685,Gene 3
460.7204764156921,588.4000024685777,Gene 3
460.4510559754353,581.7450736183932,Gene 4
460.6787871710941,572.8650170530772,Gene 4
460.9416167828482,583.8410839372942,Gene 4
461.0826676140951,574.3527558950303,Gene 4
460.57744901305955,589.5830767950831,Gene 4
460.54313887970153,578.6258875106321,Gene 4
461.1745380847335,582.2495010869183,Gene 5
460.23399840687097,582.6616240877225,Gene 5
460.54550785299057,576.3219748819023,Gene 5
461.1308788068658,578.3943567689025,Gene 5
460.8496937838594,588.2004208217392,Gene 35
460.8827758836266,573.3285638937374,Gene 36
460.4452026603573,575.7715740765251,Gene 36
461.34874773712147,580.2800835009998,Gene 37
460.24699988155066,579.2697626966172,Gene 37
461.2858641036795,577.0489218310607,Gene 37
461.31185694480683,583.5966268293512,Gene 40
461.1976345393939,584.2410579282691,Gene 42
460.59610262557396,582.1411368463819,Gene 48
473.91734582346913,574.9796008794231,Gene 6
471.84811186036274,581.7296743867028,Gene 6
468.620749861784,581.6346196635022,Gene 7
473.5948782649659,579.5592282317173,Gene 7
469.87408906834304,584.2980484934021,Gene 7
473.89859197537993,574.7497698339095,Gene 8
467.3674461820434,577.628898128774,Gene 8
472.06381397357,579.2597330765693,Gene 8
471.6596753902423,572.3608667622084,Gene 8
470.265040400531,584.2333399821662,Gene 8
470.4368415656513,572.1260652728253,Gene 10
473.0988028112405,581.998036823497,Gene 10
473.3631236519506,582.5902597116735,Gene 10
473.47943728930846,572.4509961496334,Gene 10
470.9596044866165,572.4982743439191,Gene 10
470.1032170657331,583.8461103631877,Gene 10
470.1739864783411,582.9708458766174,Gene 10
472.8315045211587,576.7949999034972,Gene 11
469.45566483725736,575.3976222996206,Gene 11
468.8552503334458,575.4492002404506,Gene 11
470.4165679780489,581.8581165651959,Gene 11
469.0670511703433,579.7748462151172,Gene 12
472.61017139037517,575.3061256050014,Gene 13
472.60796035957156,575.0867785303557,Gene 13
472.50720417765154,584.1353403767683,Gene 13
469.3360976793787,578.445398351171,Gene 36
467.68033394361106,579.677355759161,Gene 36
470.81206380445263,582.5840602527986,Gene 36
473.2833824021394,579.4628000407889,Gene 43
473.1153744422694,581.8318812374125,Gene 44
479.5424178405579,584.2454715730247,Gene 0
477.7846527276132,585.724940796454,Gene 0
475.58799090399236,577.2778977831601,Gene 0
480.8039807081964,578.1780013678012,Gene 0
476.662113436844,583.8791673268428,Gene 1
476.79746154476766,579.8037465002561,Gene 1
475.618676922861,577.9923497220394,Gene 1
479.10016759259923,587.368867194759,Gene 1
476.8119856829143,585.1069288292802,Gene 1
475.68893597698536,585.7435767317609,Gene 1
478.7239840539679,585.154212033883,Gene 1
478.3550650093543,573.5608862721847,Gene 2
475.0788341636843,582.9726370176663,Gene 2
482.3138580810486,581.7660893340299,Gene 2
476.5760547452562,583.3073096704071,Gene 2
480.92200685851657,585.4152539128063,Gene 2
475.6382667837643,577.8546562884444,Gene 3
475.8187445483939,576.972188226982,Gene 3
477.08284764059124,574.1374159263945,Gene 3
478.07391243292057,572.2399615055015,Gene 3
477.66410946126297,575.2014366507511,Gene 4
479.39648919442095,584.7163413963094,Gene 4
476.64180791494994,582.4100494981169,Gene 4
478.58632687294244,585.5542319666031,Gene 4
475.6527008075159,577.1204136689474,Gene 4
477.9070662735285,583.5291090454778,Gene 4
479.44221045080593,581.0770242310043,Gene 5
480.6801550419028,578.521746781411,Gene 5
477.68204361757427,581.9689409553713,Gene 5
480.5868295477089,575.8077921760682,Gene 5
479.927065137468,574.1529462800099,Gene 5
480.406557131801,574.6435757758239,Gene 12
478.13471006016243,584.7539446797748,Gene 25
476.97500251357593,576.8032110497196,Gene 25
479.90429896718535,582.4309104508336,Gene 28
479.776873059889,575.0728317888808,Gene 32
477.9671844231367,581.4531472896128,Gene 32
481.38551561286965,584.5646937810055,Gene 32
479.13280736587967,573.4014464427352,Gene 35
475.35543885933464,576.8692628191401,Gene 35
477.33902581033016,573.2326867140474,Gene 36
476.10060151828304,584.5525032513287,Gene 37
481.61537582575346,575.6774057837388,Gene 40
481.6338958019043,579.5838586926725,Gene 42
475.6551384126625,575.1539441436084,Gene 42
479.27786958110596,573.2517672176493,Gene 48
480.35407524842543,579.73152853651,Gene 48
492.59907636014833,579.2388862508582,Gene 0
492.4115529644899,583.5350159898308,Gene 0
487.4053254763429,583.8437612539748,Gene 0
486.9720421338743,575.5886128686973,Gene 0
490.41732709981164,574.2326864023104,Gene 0
488.4798541128792,572.938673863567,Gene 0
491.94541169088205,579.6059922115379,Gene 1
492.29034795132185,575.0917673199358,Gene 1
492.48659788499816,581.7873020943003,Gene 1
492.0233382044908,583.6606939329566,Gene 1
491.1034775721539,579.0089896571301,Gene 2
487.37974219426457,582.0534907678856,Gene 2
487.99304668471467,575.4428384697682,Gene 2
489.32866879111384,575.1174640019565,Gene 2
491.7903208219142,580.7298530112174,Gene 2
488.27275316334766,585.9754167891589,Gene 3
490.3760200817542,577.1119702202196,Gene 3
488.08187087154084,574.0069973144841,Gene 3
492.3275478615,581.416357107456,Gene 3
485.8021649818743,579.5488879848305,Gene 3
492.2525228857002,575.9106875611261,Gene 4
488.6453751860651,585.7539391916401,Gene 4
492.4113006054884,580.0299126417998,Gene 4
486.98798608772336,579.9409232448803,Gene 5
487.6915559728685,579.5532034973353,Gene 5
485.9905261101203,580.7487860645849,Gene 5
486.36214092000137,578.8148506065904,Gene 5
490.7625933853305,583.4840936453079,Gene 5
490.54882623924783,581.9717048576997,Gene 5
493.01556204388453,580.3057674090278,Gene 5
491.8520200564009,574.1647846929208,Gene 5
489.03640327026227,573.8831825119257,Gene 5
489.32311250540806,582.7159410101639,Gene 5
488.58464739625856,575.4561448692689,Gene 12
488.2941369941867,583.9435571579476,Gene 23
489.27582974554633,583.0164060073716,Gene 25
491.04652520655065,584.9142198171654,Gene 25
490.7442940178426,585.4613293557358,Gene 32
490.6675268309146,578.8095215627447,Gene 32
491.39132516544134,579.570237954113,Gene 35
491.59176163252874,584.943360749921,Gene 35
487.46244620370277,584.5045651753234,Gene 35
493.04785476215125,579.0925176017641,Gene 35
488.4196960971185,572.7109689720558,Gene 37
489.4020594353656,580.3272683374835,Gene 37
491.00126894356816,576.6279942452003,Gene 37
486.2162221060132,578.1664942766891,Gene 37
491.2291599822581,581.3271663965891,Gene 37
491.0192784699446,583.3458660696067,Gene 40
486.8328209754329,575.152774669358,Gene 41
488.2802450182455,585.2390337842936,Gene 48
492.8106028798057,580.1108496588557,Gene 48
498.08592290435195,579.8469797645888,Gene 3
496.3208808805226,578.1710854138807,Gene 6
495.8806961143846,587.9287177215758,Gene 6
495.95050622841234,575.2803802693538,Gene 6
498.5499823255738,586.9196044659703,Gene 6
500.00135961541605,586.385976990266,Gene 6
494.37518690354574,583.574008746964,Gene 7
499.1653492448447,582.8912857308064,Gene 7
497.03433039850376,584.7780798323595,Gene 7
494.44779697361275,580.3692470490399,Gene 7
496.45182664354957,585.8707980909081,Gene 7
499.5511848979542,576.531485535228,Gene 8
493.4020799506293,584.227172001146,Gene 9
502.2691916362274,584.1049397141147,Gene 9
497.34618049703766,575.8516162079778,Gene 9
496.9714930168808,577.3272702088381,Gene 10
494.0290380769903,579.3167552318987,Gene 10
499.9509927633924,580.4757973386575,Gene 10
501.6036308147094,583.9000694630145,Gene 10
493.58775543947684,577.7727225856733,Gene 10
497.9579111464428,584.8977454628581,Gene 10
500.54433588684765,580.1698457260738,Gene 10
496.52170769495893,580.5034108932068,Gene 10
494.63473276789557,584.5740916182264,Gene 10
501.2711870217534,585.123725094352,Gene 10
500.6724203391789,582.6081870016885,Gene 10
500.363390649656,579.5760127965665,Gene 10
493.3003981305221,583.2069892824977,Gene 11
501.6609216300256,581.5511389258608,Gene 11
501.5775884869065,583.8526955172829,Gene 11
496.9796110312618,576.3478780323313,Gene 11
493.5328784386627,579.7414958051289,Gene 11
494.7783664213483,580.4801802523635,Gene 11
497.71162580566494,576.4609638510487,Gene 12
500.0489576123674,580.7986509276074,Gene 12
499.69454407664364,584.804826803513,Gene 12
493.9654315767312,576.9011222272327,Gene 13
493.8192376680821,579.6327430572051,Gene 13
498.45257661531974,577.2021713828133,Gene 22
497.4667737618367,585.7744416472472,Gene 22
495.8326822803465,576.6394253637228,Gene 22
495.44210548062875,581.9924694099817,Gene 36
498.2276996932016,584.4948058250731,Gene 36
498.66408269975847,576.9808775769466,Gene 36
496.3240960118007,586.7893781301004,Gene 43
498.0752108959898,578.0610116396439,Gene 43
494.2608710474949,579.15595520755,Gene 43
500.135521576084,587.2723752088147,Gene 44
495.42707269441075,587.5530425520111,Gene 47
407.2137656216357,595.1789987940588,Gene 0
405.0589576951748,585.0201220162753,Gene 0
405.7807587891719,589.9674148286928,Gene 0
407.2804341528442,592.3861109814799,Gene 0
410.4448075104457,586.167944049678,Gene 0
408.25212632244137,591.9545040454302,Gene 0
409.813827601897,593.44292993234,Gene 0
407.96748261906265,582.0612905824669,Gene 1
405.19266403649374,585.2656090619208,Gene 1
405.91402715889075,589.0739089006154,Gene 1
408.55142823698986,588.7935537787921,Gene 1
410.46054752817895,587.765258077331,Gene 1
410.3848072650811,584.5033322194828,Gene 1
409.940093352339,588.6209014914367,Gene 2
409.39010259178855,588.5413299683224,Gene 2
406.2282456302492,590.8219963735535,Gene 2
404.9964205966893,592.4504712052405,Gene 2
409.0414021262216,584.6090724925408,Gene 2
406.3632938172954,585.1506247485105,Gene 3
404.88840362788767,583.2003519386622,Gene 3
407.1696597875937,581.6008216015508,Gene 3
408.31215255072107,594.0622013219943,Gene 3
407.79663831959294,595.4095413488742,Gene 3
404.08888981973706,586.1923404087344,Gene 4
405.85757174941324,591.0343284219056,Gene 4
410.2279103808117,591.0579821657248,Gene 4
404.8334211852673,590.5199547890384,Gene 4
407.7461801648314,593.8823786678996,Gene 4
409.38748596313013,582.4646266790071,Gene 4
406.11444778308936,587.6197474382482,Gene 5
409.1011944633493,584.0696926377742,Gene 5
410.3887278421842,588.676490898108,Gene 5
405.49357351977596,592.2845390416396,Gene 5
404.8161624960296,584.2885655962372,Gene 5
404.60181894572224,589.9902158088925,Gene 5
405.60208440165815,583.7516844101957,Gene 5
405.85119393912186,584.4281502406272,Gene 12
405.09091666694667,592.4504064618874,Gene 23
405.95702001072215,591.7072613179528,Gene 23
409.6482518536492,589.9346420340871,Gene 23
408.33403613447604,582.9454632313345,Gene 25
409.8981967850107,583.2013479226027,Gene 25
404.87939477122694,589.16069756003,Gene 35
407.94015623201244,593.2356019318763,Gene 35
406.2803473619186,593.2741242201855,Gene 35
405.2259727158154,592.3321120666068,Gene 37
406.9814092848922,592.5879500951171,Gene 37
405.4430400468523,582.485441577548,Gene 37
414.3005128780074,584.6851860107739,Gene 0
415.22092958071227,597.1037429044252,Gene 0
413.9421404841794,583.9574879504116,Gene 0
414.42950215879523,593.632679341282,Gene 1
415.18891653637854,588.4249779453841,Gene 1
415.3576912166027,592.4174945512524,Gene 1
415.56529912034426,588.7987838419889,Gene 1
414.95680534427527,595.1419168572252,Gene 1
415.3087100577426,587.0222890020661,Gene 1
414.23341047221845,597.461328844091,Gene 1
415.3981681275277,592.6247605674232,Gene 2
414.02681654659057,587.7040735474254,Gene 2
413.9636754671286,594.6516983631941,Gene 2
414.63134902549376,582.3503102341691,Gene 3
415.5832725267663,587.3221853631665,Gene 3
414.0153786525195,588.3964058191311,Gene 3
415.2814513357043,582.8013869933308,Gene 3
414.0787815660003,585.7004214399827,Gene 3
415.4077622267403,586.1660474550793,Gene 3
415.443538424882,587.0300070974062,Gene 3
415.2151426901542,583.4439287589855,Gene 3
414.24413070775483,586.7558814970236,Gene 4
415.1430127517957,587.7698264052393,Gene 4
414.3777097036992,597.2976932650231,Gene 4
414.8963766852324,594.4970191732687,Gene 5
414.69903203214756,598.5615714194221,Gene 5
415.2717628823937,597.4530632409515,Gene 5
414.291958547753,588.1634096706467,Gene 5
414.91874466532164,590.6364181905185,Gene 14
415.2836541683678,589.3196344402029,Gene 23
414.6354274920852,580.3116334771531,Gene 23
414.33557474590845,587.711356462217,Gene 25
414.7505052378171,579.0430448090261,Gene 28
415.00047201765733,585.1840481869831,Gene 32
415.11314745732824,591.7147235678428,Gene 32
414.870111510777,580.3848125682917,Gene 35
415.0211060298822,596.2950819521241,Gene 35
414.44514899588887,587.0073134357219,Gene 35
414.68250460001565,597.2126118371971,Gene 36
414.55986931057316,585.1723760438601,Gene 36
414.1013533159389,594.9290720877573,Gene 37
415.34145045432035,595.5110441641717,Gene 37
413.8673973848669,583.0891492988656,Gene 37
413.89658371672266,588.8908527320857,Gene 37
415.4707912534785,594.2337431978693,Gene 41
414.7653573972767,596.8816070091341,Gene 48
415.2537651842424,581.673246927761,Gene 48
428.79962718163256,587.4533514863214,Gene 3
424.4770921625278,581.9532533010739,Gene 3
427.33089128511455,594.409132185275,Gene 3
425.1202293462554,593.044349810482,Gene 6
423.50932533203877,592.784321897229,Gene 7
422.63864399584503,588.9396010213118,Gene 7
428.12538503286135,589.3336696098856,Gene 7
427.41628207385054,591.4820751352813,Gene 7
427.2732742278591,590.5169729734123,Gene 7
423.5402803457827,588.5995692215375,Gene 7
423.53231025223084,585.7644734679619,Gene 7
427.3683345040621,592.3949600969512,Gene 7
423.7567738229529,586.3511475511349,Gene 8
428.43388843489095,587.7235652747702,Gene 8
426.7286399912244,593.4672748149053,Gene 9
424.69246068092514,586.9972586925986,Gene 9
427.7035108126757,582.7709712846399,Gene 9
422.73719542107017,584.3886289985754,Gene 9
425.767852937431,584.8242497919715,Gene 10
427.9787493932738,586.1387376150523,Gene 10
423.9714244060692,586.580383480276,Gene 10
425.85146708739063,593.3248630329647,Gene 10
426.997007427675,591.8267968091942,Gene 10
427.44286072913576,590.8794854654427,Gene 10
426.3958217431556,583.8054138340582,Gene 10
425.7811229993875,593.117938855884,Gene 10
428.3160348529526,592.409766067537,Gene 10
427.4583524856646,593.0167048908243,Gene 11
424.55179118852874,591.6193964821337,Gene 11
425.02762808879845,580.9632958957451,Gene 11
423.8998878958907,593.2744116559941,Gene 11
428.4075024970632,587.2517448593087,Gene 11
425.0246154638391,591.7899256566731,Gene 11
426.54873721127296,584.1651338468416,Gene 11
423.39063942484404,593.7885956533393,Gene 11
424.8623326448596,583.5007808916976,Gene 11
424.24125238693057,592.9663477539634,Gene 11
428.7126923437716,586.0928564206557,Gene 11
426.7177819424087,590.5748369533354,Gene 11
428.83532266157215,588.4418594938621,Gene 12
426.0217428837137,594.4549575570572,Gene 12
425.62000999304973,579.8687129962144,Gene 12
426.50874177710335,596.9532716149962,Gene 13
427.69723758589134,584.6067491400207,Gene 13
425.9894260872176,584.3015144964446,Gene 13
427.93297180506187,586.1369835662739,Gene 13
426.99882574752934,585.6859126797352,Gene 13
423.8159547290801,582.5095556574197,Gene 17
423.6169991211418,588.35137652015,Gene 22
423.3251303799711,585.170009121178,Gene 22
428.00052032966994,585.4805307273276,Gene 22
424.2011519655914,586.5410273193471,Gene 36
427.7743726994158,585.4262326977739,Gene 44
438.82996478724925,581.7961087746716,Gene 0
434.6295994520123,584.1230463135455,Gene 0
436.48653441978155,591.8482275330393,Gene 0
436.66586507484647,592.4793689731362,Gene 0
436.4783254706224,592.4204292256373,Gene 0
438.0087619084771,594.5131939733707,Gene 0
438.7922616601538,583.0533230414229,Gene 0
438.0766092198364,593.8142953172219,Gene 0
434.7187471983606,579.9307460453996,Gene 1
440.51093407374566,586.0524958621835,Gene 1
436.02420391393855,585.445482096819,Gene 1
437.37197838269066,581.6084661616201,Gene 1
438.20260620909755,593.6051051789832,Gene 1
436.97094423411,582.3423970284916,Gene 1
439.4704780472905,581.2738566717255,Gene 1
437.80751968207255,580.6682387996102,Gene 1
435.137138105626,589.0586419645044,Gene 2
437.3949365381811,580.7032750633466,Gene 3
433.9614733492072,585.7561193780273,Gene 4
439.9726017561735,582.7418843202895,Gene 4
437.4722301516135,582.5111414177676,Gene 4
434.51713115056674,582.3500772937854,Gene 4
434.74981328378254,587.3163490218943,Gene 4
439.17500300793563,588.7496371512875,Gene 4
435.59894715084823,588.8504728835748,Gene 4
435.1624925796437,580.0789312069596,Gene 5
436.077630131982,582.3340559233498,Gene 5
436.32633493869656,584.5580208266209,Gene 5
436.9277499225215,591.0493996656115,Gene 5
440.09485081359594,587.7612303671751,Gene 5
437.3417193852016,590.4551816864761,Gene 5
436.609701566054,583.2143519512563,Gene 8
437.2408343418502,580.8479864015102,Gene 12
439.65519253682015,584.6438779602515,Gene 23
434.4452919980907,581.6625796110023,Gene 25
436.387014514041,593.8799277250524,Gene 25
436.67667012353587,591.180142717531,Gene 25
436.61292161859694,579.2639921145764,Gene 32
435.2126889481506,581.2083575207449,Gene 32
436.36046310013086,580.2410035341952,Gene 35
440.1583643379185,586.9595761733071,Gene 35
438.8958530380841,583.5307214871381,Gene 35
437.3833229719245,579.3241467721044,Gene 42
434.7261360545864,586.4716950851654,Gene 42
436.98534032804776,590.0820396072194,Gene 48
439.6661707043841,583.5869992017655,Gene 48
439.0552096480435,582.5182531097643,Gene 0
439.1331629485841,584.2623718207255,Gene 0
439.7804542299122,582.7641428940735,Gene 0
440.39015097323283,590.5610775729183,Gene 1
443.9062423592163,583.2135822997077,Gene 1
443.82934606281674,587.0643914404945,Gene 1
439.12208158916894,589.9099628546727,Gene 1
444.2053436173422,588.6416537314924,Gene 1
440.27053427856504,592.2912804601492,Gene 1
439.61805130315867,585.1167792519271,Gene 1
439.5153534659122,585.441843359578,Gene 1
439.1522078229435,581.1732699797241,Gene 1
443.1970808160542,587.1815998032744,Gene 1
443.2693265306715,590.5766029897534,Gene 1
442.18476313766587,593.7734559196733,Gene 2
438.9240545735976,581.9316698042679,Gene 2
439.07783342321136,583.1052776962389,Gene 2
440.1075217759676,593.3531714496528,Gene 2
442.88730340969363,585.694662620184,Gene 2
443.4333884899974,588.321784305699,Gene 2
443.08106946914484,588.8382404082114,Gene 3
439.9498131468517,590.5301387153698,Gene 3
439.72555588804414,592.6083135019348,Gene 3
438.32170099745275,585.8051269999788,Gene 3
440.2305352892953,590.2398341141917,Gene 3
440.05041889510375,588.6707140827657,Gene 4
440.3245085598321,591.8569556230204,Gene 4
439.41174715102414,592.098353752006,Gene 4
439.34522960698433,581.530247124442,Gene 4
443.3345464340463,589.2356782019198,Gene 4
438.5807283224845,583.2801376560913,Gene 5
439.5487570501104,590.7041559805228,Gene 5
443.59563371110045,581.7708576988705,Gene 5
440.6188468594701,582.4827848462357,Gene 5
439.68089923370684,593.1554739462752,Gene 5
443.725484549591,582.5152603613848,Gene 5
438.4349810017848,585.5461293789122,Gene 5
443.5719286016661,585.8038099645044,Gene 5
439.4396922112783,582.0156779521823,Gene 5
443.32045078470804,581.1477777630863,Gene 5
439.8837344247903,585.2796812966226,Gene 5
439.5672053331604,581.9899733909757,Gene 8
442.65474404508205,579.9695238561661,Gene 8
442.908033101121,585.7932154993852,Gene 12
440.0911391106831,587.6925105378419,Gene 32
441.1636293180631,579.360042063948,Gene 32
439.7376120754737,592.1922112368122,Gene 35
439.5758032851463,586.7094215756907,Gene 35
439.38959992042754,582.1413511073061,Gene 35
438.79041727117504,582.9772075720145,Gene 36
443.33114889494766,588.2922423228598,Gene 37
443.2361337330519,585.23045497623,Gene 48
443.0304290178007,583.8375523208814,Gene 48
440.4515285158071,594.0609386979734,Gene 48
453.68495361333134,582.4726170614468,Gene 6
454.3605572483776,589.2605241624066,Gene 6
452.57983388568687,581.1646584856104,Gene 6
452.9669073693183,591.3725830260024,Gene 6
453.5256449087251,585.8023912030866,Gene 6
453.46346365130165,591.138977497696,Gene 6
454.41223904907304,584.8628739378486,Gene 6
453.0818045114427,590.9914157673855,Gene 7
452.4059527952242,594.7115190082329,Gene 7
452.9261312707824,592.4453772149719,Gene 7
452.7542839931109,579.3936917144849,Gene 7
452.22760172823916,581.2340321121354,Gene 7
452.72884972168634,592.1559535546992,Gene 7
451.12419989102926,590.2617635455532,Gene 7
451.82882647374566,586.7520841349115,Gene 7
451.625072400756,590.7298046116481,Gene 7
452.86258543548564,585.1526034248276,Gene 8
454.25997948210147,590.5842732161972,Gene 8
451.772856470424,594.7850299128273,Gene 9
453.2702949004546,594.9321787420158,Gene 9
451.9577418037596,595.2055523508991,Gene 9
453.7919553810004,597.2124253744012,Gene 10
454.24033698733035,584.7027055811067,Gene 10
453.905712094126,583.5019161582702,Gene 10
454.32981997237874,581.6493355332099,Gene 10
452.0035661560668,591.4323721523896,Gene 10
451.171373216377,589.6384064791368,Gene 11
453.7120886014524,590.1190127870341,Gene 11
451.4391634259645,591.5857321837742,Gene 11
452.5651220823573,584.250230632359,Gene 12
453.4271654304651,588.2462739380203,Gene 13
454.4494211747358,585.8450681714045,Gene 13
453.1634149230357,581.4884742174484,Gene 13
453.8401177567699,589.1222277070796,Gene 13
453.91337629151593,584.4255642434433,Gene 13
452.69141062257677,596.5353351107067,Gene 13
451.6753769074003,594.1131536322524,Gene 13
453.1191051168697,594.3003623121557,Gene 17
452.82696628457603,597.6372061449264,Gene 19
453.6743878804984,588.1816579267582,Gene 22
454.11855331820095,581.9503280157276,Gene 22
453.37911139051056,581.148539689389,Gene 30
453.81604716420696,597.4599251388428,Gene 30
452.15371407606773,588.976059695357,Gene 36
452.9374954384985,594.1939775825905,Gene 36
454.4689250638949,592.6070595370014,Gene 36
451.018921230718,586.759728383903,Gene 36
451.5546814667201,587.1403419178976,Gene 43
452.29398796881344,594.6729557072166,Gene 44
454.9244446192603,587.9587619744541,Gene 48
465.1473166985366,584.843851404225,Gene 3
464.14729632256024,597.5330662224121,Gene 3
464.41852553959023,599.1317627009898,Gene 6
461.3107309264096,589.0208051116412,Gene 6
461.48209658294087,594.393478569327,Gene 6
466.5912570539922,594.9937341289512,Gene 6
464.49091972460633,596.7833807617764,Gene 6
462.0463817461122,592.6156591062587,Gene 7
464.9276840531393,593.7909778460671,Gene 7
462.9958019744921,597.4943556055885,Gene 7
461.5001093106092,592.7003881134785,Gene 8
463.33930612957596,586.516433084575,Gene 9
466.7285966724298,597.001346082318,Gene 9
464.34622861791377,585.742533768316,Gene 9
463.5540857715961,598.1472525596203,Gene 9
466.5337501354725,596.2045202299428,Gene 10
467.5706865410685,589.2275063453261,Gene 10
466.1249392588023,596.8600210537237,Gene 10
463.166032197397,590.0951434275318,Gene 10
463.75238028948866,584.5985806903562,Gene 10
462.5015157130438,587.5724784329001,Gene 10
466.4817872584437,596.5941360152691,Gene 10
466.5399074987163,593.2873452613699,Gene 10
466.26740836022617,586.3910634718915,Gene 11
466.4968882647192,597.9235774664076,Gene 11
464.02038147240467,585.7109611468458,Gene 11
462.2487509579245,596.0296520569842,Gene 11
464.45928018405795,585.5401552231401,Gene 11
461.37223396265745,594.1370928716415,Gene 11
461.9544860848753,597.8115398058651,Gene 11
464.1033274539285,599.050054003695,Gene 11
467.6565565938736,591.4680241842764,Gene 11
467.09086958664125,593.739057812262,Gene 11
467.37071761230976,590.790482644846,Gene 12
465.3387150960857,588.3353249075323,Gene 16
464.7885595646496,599.945998192596,Gene 22
461.4641166880754,590.773583847519,Gene 30
464.94458261861485,586.4652400435689,Gene 36
463.64889689052376,597.944339198232,Gene 36
464.1911181695995,595.998125974813,Gene 36
466.5735251341621,588.8962477670691,Gene 43
461.8018932494176,591.4466055507907,Gene 44
463.5899847060388,598.7827661320734,Gene 44
473.8328243378096,584.8506430146596,Gene 3
473.9827420656899,583.1303340180644,Gene 3
474.08848855699443,597.2594617063174,Gene 6
474.5564170779526,594.5840308281947,Gene 7
475.07104036034576,587.3760962356607,Gene 7
475.016523915777,586.0748717577256,Gene 7
474.53185527558423,581.5279002043404,Gene 7
474.6667090853729,597.1184965219003,Gene 7
474.6389079048235,578.2670144126006,Gene 7
474.9738345710232,591.6598340360326,Gene 7
474.52176592508863,578.9405941747874,Gene 7
474.6956133374872,581.8912355320662,Gene 8
474.26861245448447,594.2906353865658,Gene 8
474.2227348953692,577.3818462628451,Gene 8
474.062242415854,594.2012510706226,Gene 9
474.3956018826154,590.0986318076268,Gene 9
474.25821241480793,592.1962275031551,Gene 10
474.30961627291987,593.2199838120667,Gene 10
473.98932973643855,591.6487677495694,Gene 10
474.72547111706433,594.760949181109,Gene 10
473.78347184620185,586.0013567527241,Gene 10
473.8769166689991,583.7111722166918,Gene 10
474.5620986915969,586.8563003487916,Gene 10
473.8789298512954,580.2640988083523,Gene 10
474.9207991508269,583.5790726530777,Gene 10
474.6415328880018,591.579163112499,Gene 10
473.86294159396135,593.2635020597013,Gene 11
473.9930695764573,589.6573773692513,Gene 11
474.40005835411455,575.9138733928559,Gene 11
474.28519215251725,580.7341151765238,Gene 11
474.449707982926,588.5109293826694,Gene 11
474.84871907341363,591.5312157451388,Gene 11
474.90460152492835,583.9156003923526,Gene 11
474.81847687420225,595.4950367182762,Gene 11
473.73197368526587,582.5363048197767,Gene 11
473.89200751679317,588.0381161174748,Gene 12
474.1120592449212,593.3873478640993,Gene 13
474.5905134982594,575.7961377417002,Gene 13
474.82112345901857,582.0924956362649,Gene 13
474.39853946882124,576.0878983081681,Gene 14
473.68463691651107,586.1866295430062,Gene 22
474.3382332166483,577.8694303434008,Gene 36
474.2909501260294,580.9429896836903,Gene 36
474.0779638606423,590.8512700507962,Gene 43
474.07813528572757,588.3642196050539,Gene 43
473.96666657222136,586.9337158957779,Gene 44
474.2483733302473,581.5744702465655,Gene 44
482.3332286877932,596.9603561613242,Gene 3
482.40259302904445,594.4292174392999,Gene 6
482.91467182982865,591.2131108241244,Gene 6
482.46657790175396,587.8198088934795,Gene 6
482.4265509982922,591.1227715190022,Gene 7
482.47319383013024,585.5917755249582,Gene 7
482.7072787939952,600.8820548563544,Gene 7
482.73976310189397,592.8041111629294,Gene 7
482.8158752949822,595.8156413966817,Gene 7
482.31176429201014,587.6100928289874,Gene 8
482.514186907371,592.9761928722236,Gene 8
482.9707237465506,587.6078597118172,Gene 8
482.85377733168605,589.2065594985955,Gene 8
482.64803756737797,583.2954615434023,Gene 8
482.66748788920853,582.4708814359541,Gene 8
482.58429616353845,600.4686867368798,Gene 9
482.86760605856443,590.3189532834574,Gene 9
482.50783587356506,585.3578534337101,Gene 9
482.4308475257384,592.4981671542507,Gene 9
482.6023081483715,601.0274129070796,Gene 9
482.87396210451783,589.451160973508,Gene 9
482.4736974878052,599.2390825712973,Gene 10
482.5949468396987,580.592364290458,Gene 10
482.3945632844616,597.9128159838009,Gene 10
482.6378077671108,589.8942725729775,Gene 10
482.8088837146607,586.5585350780125,Gene 10
482.75716327710535,580.8676655958508,Gene 11
482.7146324474748,600.5030532234304,Gene 11
482.6632673264257,600.1336289667406,Gene 11
482.6424788084354,586.7811912893711,Gene 11
482.79981360273274,589.5207440118181,Gene 11
482.809141262649,597.2314920004177,Gene 12
482.6881356272183,594.6855604939398,Gene 12
482.7771490213066,588.0846340523366,Gene 12
482.84350520398084,582.5621847019759,Gene 13
482.43330295720284,597.1587044069416,Gene 13
482.45950872140565,593.1058474780438,Gene 14
482.61791247128474,596.7517144749133,Gene 22
482.539840833418,599.2344392345145,Gene 22
482.64007963731996,595.6377798856203,Gene 30
482.7021415945146,590.1324278813296,Gene 30
482.6093342585646,600.8942490262699,Gene 30
482.3771042393799,585.619658277602,Gene 30
482.47156323535955,584.0337375711695,Gene 36
482.5872630898466,587.9697120809491,Gene 36
482.5320664727599,587.4541583106691,Gene 43
482.83933470110884,598.9083218478901,Gene 44
482.7807574130655,592.6902876994607,Gene 44
496.23169189644136,587.9515728022939,Gene 3
492.8598255779243,584.0126347422976,Gene 6
492.18367272320944,595.848582069996,Gene 6
490.7503118478577,591.4377106396508,Gene 6
495.4719044987716,595.2508387391136,Gene 7
490.48427516398533,586.9944505164098,Gene 7
496.47321385547343,591.9461623716334,Gene 7
494.3089762673745,591.5954413126304,Gene 7
492.7275294576792,596.4726146338996,Gene 7
495.4868647205116,587.7345751271778,Gene 7
490.79638915916803,594.354765088409,Gene 7
493.28704683360763,593.9236225731555,Gene 7
489.78832915292753,590.7098589461542,Gene 8
492.9505506810898,594.3122282751198,Gene 8
489.5420346842082,592.0426082964447,Gene 8
495.5281012759177,585.589588528546,Gene 8
495.44176990536806,595.3103695362705,Gene 9
494.95793043448856,590.2217451668312,Gene 9
494.5630433037278,592.3782980505521,Gene 9
490.06030298850357,588.2692422027118,Gene 10
493.5799120584254,595.4876598214312,Gene 10
494.6750627367792,589.9283793018877,Gene 10
490.4727406729674,595.1281804844695,Gene 10
491.4292109779072,584.2390653059833,Gene 10
491.05750120713617,595.7202708534361,Gene 10
493.8650485824848,592.9029488506238,Gene 11
492.509958876818,594.4308021369873,Gene 11
495.722330702717,589.2042414133832,Gene 11
489.5210116786401,593.1207420341198,Gene 11
495.90702360135236,591.2257556285823,Gene 11
491.00192484617463,592.3992330598765,Gene 12
492.35114997108013,585.2487833051886,Gene 12
491.60299456733725,592.1339321934979,Gene 13
492.315533084873,596.9715852053977,Gene 13
493.800044353036,596.442104675116,Gene 13
492.5614046167886,583.6797675091966,Gene 13
494.8997045080892,590.3759559544444,Gene 13
495.87530512287185,591.683070331709,Gene 17
490.11176027567814,585.6717092096575,Gene 22
493.8468329018242,596.1789171377231,Gene 22
492.5603858798441,597.2184437491712,Gene 22
490.72961814639353,584.6057783201633,Gene 30
496.21295287573673,587.5367994046441,Gene 36
493.09776685005306,592.8535791642435,Gene 36
490.50535038921043,594.0054049872487,Gene 36
493.36127728011314,584.2044120329856,Gene 43
489.7397106360917,594.2442148268258,Gene 43
495.33812510280836,592.9373808942174,Gene 44
494.90186009990634,594.2185208641439,Gene 48
408.177781314861,593.3460600659182,Gene 0
408.48728701072866,604.0591033280788,Gene 0
408.81466088270855,591.1685376101686,Gene 0
410.40588028939067,603.4901031837838,Gene 0
409.0988907515985,601.7862505898904,Gene 1
410.9918243763407,595.6633526885012,Gene 1
408.9764016794609,599.8865756237261,Gene 1
409.6015986396469,604.4159259596663,Gene 1
411.2129884113013,592.87138002893,Gene 1
408.7019843320641,595.4706045130959,Gene 1
410.47041990507836,592.2698394183731,Gene 1
411.9337964726544,598.6294611760528,Gene 2
408.1683517635784,598.3715955422255,Gene 2
411.3985419251414,593.8531081425381,Gene 2
411.2124633218701,591.6509936057898,Gene 2
407.6635265785222,595.8835996363754,Gene 2
410.19165516546474,599.47680957368,Gene 2
409.59939993515843,589.9175554416378,Gene 2
409.8811996381579,602.9835146520192,Gene 3
409.40758841989543,604.8017380923766,Gene 3
409.9987064229705,602.0541678608852,Gene 3
411.74981803572575,592.0805965698804,Gene 4
410.8171464919203,590.5963650381526,Gene 5
411.3285659626686,590.8116988136766,Gene 5
410.0571799780889,587.7165356390684,Gene 12
410.00057540003843,590.3838873060362,Gene 12
408.8289318370027,600.8998553834148,Gene 12
408.07199897552243,602.3648610081367,Gene 23
410.4336315853509,603.8580661056354,Gene 25
411.4431861196346,590.7316629430669,Gene 35
409.1513530064745,590.7952921761322,Gene 35
412.16353998004826,593.2799209598275,Gene 35
408.63162204142725,588.9558099885547,Gene 37
409.36084932509243,604.0894269766641,Gene 38
410.35048056747684,588.1784944643222,Gene 40
411.7135341696876,593.1719186803646,Gene 40
409.452419402443,601.7138693608667,Gene 42
409.0645792050912,599.3054814696671,Gene 48
416.2806515561926,598.1380970790362,Gene 6
418.85348050917236,600.3870206469104,Gene 6
415.96834881564416,592.1168629096472,Gene 6
417.0368207936989,599.1538447462185,Gene 6
419.8201538044878,598.6381861327776,Gene 6
420.02384554727485,598.4971822419745,Gene 6
416.5175902248974,605.4175225803814,Gene 7
418.87258710817355,601.1478415619997,Gene 7
416.10964488201785,594.7450266528073,Gene 7
416.7325563246429,600.6293842523594,Gene 7
418.75574681109174,604.6126627859454,Gene 7
419.600993343215,601.2800404851192,Gene 7
418.9311681755799,602.7251005948827,Gene 7
416.29102234151867,604.6820585341875,Gene 8
416.05936339052283,591.0399496625173,Gene 8
419.4589621347507,597.696404881427,Gene 9
417.15527004011034,593.827900739047,Gene 10
419.2533513643328,603.6366863912305,Gene 10
415.4319162952227,597.8195256328333,Gene 10
416.2675764002872,604.1100629954595,Gene 10
417.57504312976465,603.8118378435173,Gene 10
416.83615681127804,601.1577215205461,Gene 10
417.51669882134667,605.687155606189,Gene 10
418.81138340919887,605.4119498746904,Gene 10
418.2441322533342,597.1528034638068,Gene 10
418.6771735204408,604.3709646237437,Gene 10
419.7151165839206,600.3202118418042,Gene 10
419.35392358883047,594.6066683884741,Gene 10
418.3518803691408,592.1727802839586,Gene 10
418.1988488164518,593.8695491965178,Gene 11
418.67206200260836,593.8763296417035,Gene 11
416.7485647094701,600.0870568716705,Gene 11
416.7722232297306,593.964855153461,Gene 11
416.8087633048276,602.5814867834149,Gene 11
415.1734352729837,598.6572401394267,Gene 11
419.2695771799276,594.4448341957636,Gene 11
419.1933546828026,600.4841152081996,Gene 12
417.68881394162173,603.485270701404,Gene 12
418.9166324366833,593.1976857491513,Gene 12
416.229272133575,602.9711507643419,Gene 12
415.5055114801924,598.465122138477,Gene 12
419.39264823496586,596.0123718082422,Gene 12
419.4443170420624,603.5529581457827,Gene 13
417.43054362658916,603.668991398447,Gene 13
418.51752108274934,605.6745891499386,Gene 13
418.04798309223844,594.5918727150803,Gene 13
415.5836565025827,597.4477889051922,Gene 17
418.08072794164013,591.345591085063,Gene 17
417.7671413423557,602.368884022861,Gene 22
418.3265691685889,590.2567195783337,Gene 30
417.3910108268982,590.6072930937111,Gene 30
419.9276738603831,597.0569759052621,Gene 30
418.80861979412856,594.5575223314858,Gene 30
418.3300981880145,605.4998070384622,Gene 36
415.8594755623992,597.5408492310006,Gene 36
417.99675578927054,591.5651856542935,Gene 36
418.40649061384846,604.5791076321511,Gene 36
419.2219498097851,600.9893185315764,Gene 36
418.6753311559387,589.820796747458,Gene 43
423.36272698253174,601.6212555824653,Gene 1
428.3726167555573,604.0215336975134,Gene 3
428.11409671928703,599.4169537956915,Gene 6
428.1356083944833,595.5254138855923,Gene 6
424.30881612339425,593.9311799101012,Gene 6
422.1256787281985,595.2115561053671,Gene 6
422.6928577156995,595.4929714039799,Gene 7
421.54157975269794,602.4376335954381,Gene 7
426.18844739108704,593.3318933179711,Gene 7
425.5556487695075,605.5835152905908,Gene 7
428.5032303035226,597.8674069536312,Gene 7
423.59366492259085,593.8570464428855,Gene 7
423.97575720136655,603.2429785715639,Gene 9
427.68714306489915,604.6115439440362,Gene 9
423.55525799176615,599.6465460824473,Gene 9
422.40277124699634,599.4176724338873,Gene 9
423.8696102789557,602.8253378225385,Gene 9
427.2083684937703,594.6441418109371,Gene 9
427.150258709527,602.3832596871841,Gene 10
422.8052345788798,594.974593732429,Gene 10
422.13840535573627,603.4503305664456,Gene 10
429.6165080243449,599.1048701167738,Gene 10
428.69858759112753,599.1072399813277,Gene 10
427.2482335468585,592.9365215998406,Gene 10
426.8741254726975,592.5253061357564,Gene 10
429.51427896564536,601.3662212313534,Gene 10
423.2703546833766,604.1699135679362,Gene 10
423.8986897731562,604.7411904616348,Gene 11
423.56019717260097,594.0216271843274,Gene 11
428.12986652154495,596.0976329637344,Gene 11
426.0890563852235,603.1212479893147,Gene 11
426.9018144695617,598.1411476343162,Gene 11
428.9783303094595,602.0393177627708,Gene 11
425.96979354030475,594.5360204255338,Gene 11
430.30920354256733,601.0118788207784,Gene 11
423.2190366088529,603.4998526836617,Gene 11
421.09336430029884,598.2229478613391,Gene 11
422.32637986103475,598.0658971594308,Gene 12
428.61468428573755,599.5794917815587,Gene 12
428.84183039672934,596.9823563217777,Gene 12
426.51546652901607,602.3426087571894,Gene 12
424.01941838306647,594.6748603606784,Gene 13
424.7235068893336,599.0102774972062,Gene 13
423.0683319284444,600.2276945811759,Gene 13
425.83748926382185,605.294060730631,Gene 13
428.98695728875305,596.7424928369239,Gene 13
423.2761186834719,593.4119936012921,Gene 13
422.60382452477165,599.1959654794455,Gene 20
421.847328064875,602.8920681396886,Gene 20
421.9295255819946,597.9698103974267,Gene 22
427.6392363691261,596.348848684815,Gene 22
422.50713931038825,600.908459123282,Gene 22
422.3712472641603,597.6359038934315,Gene 22
428.8443061445908,600.3661739443024,Gene 30
420.99687870679537,600.1839779798247,Gene 30
428.94608500128965,597.5622752868336,Gene 30
421.7011204393426,602.1075586093436,Gene 30
423.7256583134821,601.3965870715133,Gene 36
425.6839104267046,595.8279392628411,Gene 36
428.96588790255635,602.4490446100469,Gene 36
422.40945251311535,599.4717591028253,Gene 36
424.446019221221,602.1949354507334,Gene 36
425.6987058073176,602.2243434995975,Gene 36
426.93240682772154,603.8519734810891,Gene 43
425.26355867205064,594.6182696723856,Gene 44
428.5359401244212,596.4044016416536,Gene 44
437.47742614297664,603.1584584683254,Gene 0
440.6236901377021,594.5332955633063,Gene 0
437.82410079976944,603.1637180206549,Gene 1
441.6818053105355,599.9399687328057,Gene 1
440.8940394223318,597.8410326629854,Gene 2
440.23702519433,589.6551317291173,Gene 2
440.784896101885,594.2248242244028,Gene 2
437.87293910900996,596.1154487196277,Gene 2
441.34100467217706,596.0524485623317,Gene 2
437.81688213985984,603.8819316782129,Gene 3
438.73795285446124,590.9273329574877,Gene 3
439.4335895870531,595.9573040653792,Gene 4
437.49095312614065,594.148481496555,Gene 5
439.0090168446209,602.3283898653513,Gene 5
438.8996105380582,605.2827495984986,Gene 5
439.5726601741089,607.0725843777747,Gene 5
439.01208852153235,606.2081377700538,Gene 5
439.7551941511128,593.2162884370897,Gene 5
440.6715564172727,595.6279165770939,Gene 5
441.3176224893915,602.1225356171958,Gene 8
441.1239283306991,604.893717915924,Gene 12
439.6986442940718,602.7981074843839,Gene 14
439.078111717111,601.9146097133943,Gene 23
438.8727776439934,591.437809608124,Gene 23
438.7140359928702,603.2796612521859,Gene 25
440.96739232702686,600.9613232190395,Gene 28
438.4725449180044,593.6599902331243,Gene 32
440.0343553758447,603.8616760732107,Gene 32
438.08174527265527,597.2433129069605,Gene 35
441.366745043686,597.9808786576396,Gene 35
439.82583654521375,597.6611043431626,Gene 35
441.3579184408553,595.0994913836136,Gene 35
440.5034151848009,605.706811865621,Gene 35
440.19677461326893,604.1247757735205,Gene 35
440.3061316440736,592.3127504809785,Gene 40
438.81784535058165,604.0006213840697,Gene 48
441.056878749057,603.1572984919493,Gene 48
449.123738323415,606.3266620957553,Gene 0
450.68618192354427,602.0505775355579,Gene 0
448.66733234550134,605.2831267544769,Gene 1
449.6619973593517,599.9995708769345,Gene 1
449.2342948615795,595.6712108155554,Gene 1
446.61186246044696,596.829074987369,Gene 1
450.0537487638788,606.1451767808626,Gene 1
448.9629476605332,592.886632116832,Gene 1
448.29204531298836,604.6529714324818,Gene 1
450.88993400078346,597.9256308139857,Gene 1
449.560623613474,593.8246529014525,Gene 2
449.85309971841264,605.4763369983182,Gene 3
448.2536810225048,603.1736901148984,Gene 3
446.8088998926196,592.2523896749605,Gene 3
447.6203052170324,595.3865453649987,Gene 3
447.4640271015126,603.9490166321699,Gene 3
447.9880262769671,591.726804787469,Gene 3
448.0949473937962,591.0132008773468,Gene 3
450.03043982908997,591.4197477690818,Gene 4
451.2636618720638,596.7691910994148,Gene 4
449.71413229567855,606.6806258555431,Gene 4
450.13610720013503,603.0570723080797,Gene 4
447.7546980045953,605.529669234406,Gene 5
447.82970046796004,593.5661384485043,Gene 5
448.4992335496975,604.0974765927667,Gene 5
448.1372279666658,598.3578666093961,Gene 5
450.2799735230901,602.5730882942589,Gene 5
445.84199012642057,594.710819628565,Gene 5
450.654215936541,604.9104758507283,Gene 5
449.9627104379646,603.3581620409407,Gene 5
447.5468238019929,597.932843062676,Gene 5
446.25995615485647,598.355926400578,Gene 8
448.7081306959898,593.4157354012749,Gene 8
450.7663793589427,601.9154461699376,Gene 12
449.2211067705188,592.4346651033895,Gene 32
450.67486738656385,596.3502848427842,Gene 32
448.61315865211685,591.3132860711431,Gene 32
446.95137409798696,592.812429495891,Gene 32
447.3149683020081,599.3831164565944,Gene 35
448.6218108823254,604.6503874773201,Gene 35
450.81776598980787,592.040798373916,Gene 35
449.75420813645405,593.9596330288299,Gene 35
448.05785027513906,600.9795521021641,Gene 35
447.9202485186224,592.9028588752948,Gene 36
447.9429363860484,605.3729641062146,Gene 37
446.70935132053063,598.4174765375781,Gene 37
446.3141813650343,600.9420945845645,Gene 48
459.9364064309531,605.7028276942183,Gene 1
458.04024779090344,593.4590729586704,Gene 1
460.458453898198,596.9919343685608,Gene 1
458.5860564915941,599.6668399517089,Gene 3
459.10730352332547,591.1683405627128,Gene 3
460.2183737122816,593.3933630922728,Gene 3
460.4384908795995,605.0091421215419,Gene 6
458.0275585757978,600.177453661428,Gene 6
461.2689032057715,600.5140254999849,Gene 6
459.8248285590363,588.9141021056017,Gene 6
459.2578679939516,588.7856985641985,Gene 7
461.34591039833566,596.2607833726476,Gene 7
458.9418544314716,589.9261319774309,Gene 7
461.18961191627426,597.1903144885838,Gene 7
458.16343034212474,600.5472349043728,Gene 8
460.34710481906575,593.873034504685,Gene 9
459.1528880796411,606.6819012023055,Gene 10
459.08015114685855,606.9216292312553,Gene 10
458.67800607290826,605.8261422551669,Gene 10
459.42083035816853,605.0510438583315,Gene 10
460.8390420882219,592.5794554151856,Gene 10
460.80904785057567,597.9169187132529,Gene 10
458.5245222618501,599.1596647775864,Gene 10
458.3290638812449,593.7097990126463,Gene 11
460.2648787201555,601.409219714473,Gene 11
459.651595851107,601.8675942129137,Gene 12
458.9288276074771,601.0059274107854,Gene 13
458.71541827225013,605.6267152409912,Gene 13
459.17053248252626,597.3153178589022,Gene 13
459.6537709293343,604.0482600369924,Gene 13
459.34847588961316,606.1257855887155,Gene 13
460.5665275095374,595.9933237333411,Gene 13
458.30386662361303,595.7333547135341,Gene 14
459.8060136159929,606.1515639595884,Gene 14
460.82972779160747,591.1546662306391,Gene 17
460.14983759541724,604.9908896071474,Gene 17
458.81406417853833,603.00735481092,Gene 30
457.86643237682244,597.3272975642426,Gene 30
459.8242967413248,605.474778106822,Gene 36
461.0117182274113,600.9617247826553,Gene 36
460.885412115521,591.7701824729659,Gene 36
458.70064577232563,598.4754088827832,Gene 36
457.93397973168743,603.2762443356929,Gene 43
459.772454483311,589.5601661506304,Gene 43
460.35323583596255,603.5330750182017,Gene 44
470.40628888587355,596.7753048346401,Gene 0
467.47035803876554,593.5708504860629,Gene 0
468.8949079491516,604.9863665605303,Gene 0
467.7944803035252,604.4130456731151,Gene 0
471.04737098772824,599.6651866889005,Gene 0
469.48641176494317,605.1655117165428,Gene 1
468.0751932192997,602.8570008039665,Gene 1
468.2715310663873,606.6443616214895,Gene 1
469.3780798361147,590.9279629967447,Gene 1
467.4184336436708,596.8616386249314,Gene 1
468.4539158590518,604.7801381520701,Gene 1
468.2437181741123,592.9716410700823,Gene 2
467.2854437830156,598.0515611861771,Gene 2
470.8041671803374,599.6633779387342,Gene 2
470.11736232795266,602.6658494475912,Gene 2
470.24946286181523,598.4385053735605,Gene 2
467.0335435257274,597.1553716095755,Gene 2
467.1347917429667,602.7467348140943,Gene 2
469.64440038767407,603.9979298732096,Gene 2
467.8738843530871,593.281449803474,Gene 2
469.5217981801002,596.1593613392088,Gene 3
469.2795793768346,590.4963100188273,Gene 3
467.52586813580035,602.0214024768268,Gene 3
467.05822665058884,597.9317373325844,Gene 3
468.8859518680842,602.0926817502494,Gene 3
468.2247928919864,604.3853169329013,Gene 3
467.53917432513407,595.4471874196396,Gene 3
470.7304849572875,595.1470237950219,Gene 4
470.1430826791834,596.3206445269021,Gene 4
467.4704976746716,594.7773459674529,Gene 5
469.04011141928,589.499551105525,Gene 5
470.25416929009384,599.2135790261709,Gene 5
467.0309134511079,595.5047117614395,Gene 5
470.2831750652323,603.0265870331685,Gene 5
469.1554699459619,605.8956577760692,Gene 5
467.5172119485771,594.0797798318891,Gene 5
466.88630191618324,599.6306691552803,Gene 5
469.3097017836695,592.5688069940843,Gene 5
466.8540876459789,595.92867673526,Gene 8
467.5767304689446,603.0297200803864,Gene 8
468.6664875162787,593.5867463702099,Gene 12
469.3547649931354,605.6183958268942,Gene 14
469.7797667643067,594.9629002312994,Gene 28
470.04706879681345,599.3874277827298,Gene 35
467.753816495914,593.789197219318,Gene 35
467.74865700101947,599.0080490516187,Gene 35
466.783214758767,601.7511518469803,Gene 37
470.9137229193348,601.3176637989225,Gene 37
467.55412749899153,592.8588625279101,Gene 37
470.1568259804858,602.6682825989653,Gene 42
470.2056266831271,595.3460441543717,Gene 48
470.4769464029393,592.4100267237496,Gene 48
478.45996892923694,596.5416125497802,Gene 1
475.31233317003307,595.9594026349954,Gene 6
475.99692013961567,598.1047601996204,Gene 6
477.0381922709732,601.3021233855934,Gene 6
480.24391711069103,600.1422633388707,Gene 6
479.0521871969181,590.9602416992816,Gene 6
476.8504293723929,593.1788837621257,Gene 6
478.1045250838002,593.0734048369825,Gene 6
481.66579647092897,592.8897013563405,Gene 7
476.08114424871366,599.6019086375828,Gene 7
477.1194688249434,596.1466749777558,Gene 7
477.46910958992913,600.0014400622806,Gene 7
480.72368879266935,591.7969811077613,Gene 7
478.7022298749462,594.5230022470267,Gene 8
480.1442476709612,599.9597748044348,Gene 8
479.9743160337936,591.5882309335082,Gene 9
479.49631321259926,601.2708255808986,Gene 9
481.87230096437656,597.9739790010582,Gene 9
480.82446429880207,596.0836405462471,Gene 10
480.40366005587686,591.5884429387177,Gene 10
480.58497026940927,597.956745223844,Gene 10
477.4791947160768,600.3914701389633,Gene 11
475.92933011782384,593.7196163846281,Gene 11
475.4842708791568,594.960562754603,Gene 11
475.06805707369165,594.7595679142472,Gene 11
479.6534515411613,600.5239482935838,Gene 11
481.83979917523646,594.770949332941,Gene 11
477.07606740331016,602.1388446934973,Gene 12
476.34582085331755,596.8679983932481,Gene 12
481.0749277138827,590.4551520119762,Gene 12
477.8458334719017,604.2048445828356,Gene 13
480.0395836250524,589.8331469281347,Gene 13
481.0121176512858,600.3400441243743,Gene 13
477.7546899644256,588.5106709481606,Gene 13
479.28179162062276,597.3435595575357,Gene 13
478.266859625494,602.6988447165464,Gene 13
476.66257411843753,600.426659822426,Gene 30
478.5069128400555,602.2750671112507,Gene 30
480.29759391399466,601.2442431275426,Gene 30
481.095776296094,590.4810096240417,Gene 36
480.0679447415289,597.5866936339407,Gene 36
481.38584602623166,593.9389431076391,Gene 36
487.77983993364074,596.1644077609901,Gene 3
490.67699101157916,588.454016720963,Gene 3
487.663657143003,596.1856395971788,Gene 6
491.0259951559383,587.3980806121336,Gene 6
489.490031722973,594.1350506041872,Gene 6
489.9166234923927,599.0299302507814,Gene 6
488.03972334181947,594.120475289285,Gene 7
488.4268020922094,589.8630369574026,Gene 7
489.0525237611329,591.0922092699061,Gene 7
493.4135638168754,595.1140047856647,Gene 7
492.4959574616164,599.2145909407582,Gene 7
489.39623574929743,589.1820387242695,Gene 7
490.41198758560466,599.9205515323341,Gene 7
489.2068540001088,590.6385367557974,Gene 8
489.6175669643721,592.381060336913,Gene 8
490.9477010640175,586.4244846115297,Gene 8
490.2461128269927,587.7148545645246,Gene 9
492.12997996114495,589.8243290039272,Gene 9
491.7075026319026,587.8936283420883,Gene 9
491.4725588320955,594.4897322086866,Gene 9
492.4160749753131,599.8052104999131,Gene 10
491.2896956175764,601.8284600824454,Gene 10
493.387443511818,592.8421883729113,Gene 10
489.1052745378929,600.0032395162349,Gene 10
488.5794323879005,597.0577615122319,Gene 10
492.2566881481011,596.108547615196,Gene 10
492.6683146494879,598.172409840364,Gene 11
488.6249482274513,592.3965785215452,Gene 11
491.95747623897273,591.0654141078596,Gene 11
492.4120231703023,588.6247193438387,Gene 11
491.0741064289678,594.607393866836,Gene 11
490.1942744399532,601.9197183665563,Gene 11
487.80011947577486,596.5928326492233,Gene 12
490.55729640410357,592.3896977920851,Gene 12
492.9063242704912,597.8418012396579,Gene 12
492.1472095029658,601.3683320422382,Gene 12
491.45519650299997,601.078667444831,Gene 12
489.3193803355808,592.6510466940736,Gene 13
488.67110473345844,588.8172350207443,Gene 13
493.39807992734745,596.9300959863094,Gene 13
488.438402884908,592.3141623019077,Gene 13
492.02422044890415,589.5150434461445,Gene 13
490.7697684341859,601.1936858882008,Gene 13
489.94118912639215,599.9084187407334,Gene 30
492.72144546613833,597.5356244234255,Gene 30
491.44936075463187,589.0416732875058,Gene 30
493.28754289723014,590.5163592950958,Gene 36
489.09854547530415,591.6500056659856,Gene 36
492.19637197571814,591.0400398448937,Gene 36
490.07130166008966,599.5770514005427,Gene 36
489.4584148950269,590.3001273000649,Gene 36
492.2129692377764,590.3757433232606,Gene 36
