x,y,gene
499.60819832708444,7.141861121423062,Gene 8
500.2009041198204,6.565190107240097,Gene 9
502.71492503020954,4.212695306916198,Gene 15
500.7810991721803,14.472321149179738,Gene 17
502.16229698548244,8.0433067234833,Gene 17
502.61288101863113,4.797763041092192,Gene 24
500.02803937135735,2.8383649855037447,Gene 24
500.32050704757074,5.310653730905465,Gene 28
502.82497011415643,8.487515946709726,Gene 31
502.95190942886813,11.053070450185501,Gene 34
501.10685078998694,18.705121471694383,Gene 42
501.95892409726986,3.435443648633089,Gene 44
502.0574220826075,16.800844883795413,Gene 44
500.4233108241118,6.868371794277873,Gene 45
500.0908115490036,7.614083796735972,Gene 45
500.0231170391005,11.054796728978536,Gene 45
501.80874816017,12.807790544080829,Gene 45
502.0678594413605,1.795087628890256,Gene 45
501.7489663466276,7.727763470306656,Gene 46
501.7165870379493,15.05198168189974,Gene 46
501.4480196874971,17.766068340359336,Gene 46
502.3128513242027,7.982944576522451,Gene 47
502.38469694763245,15.832680979139354,Gene 47
500.9307613521592,15.565980315628277,Gene 47
501.99284298069773,16.89159226316802,Gene 47
500.1728581287837,6.140523786644168,Gene 47
502.3572553192412,10.662163226525674,Gene 47
500.8915714711088,2.484979036942331,Gene 47
500.44728238325496,16.814260561583602,Gene 48
499.9866421438828,8.899079106454595,Gene 48
501.8889998628294,7.208946950876064,Gene 48
500.408044899854,6.053771054348103,Gene 48
501.844279444983,3.774794966225568,Gene 48
501.5138280342655,15.560489267188759,Gene 48
500.69673011759005,12.971684031797077,Gene 48
501.66575246150995,13.582129748688281,Gene 49
500.2506300383362,3.634433732434114,Gene 49
500.60687705541903,2.794540154007259,Gene 49
502.55039665063606,5.998986517085579,Gene 49
499.7714021581703,10.092491748598169,Gene 49
500.207114333925,17.69021715403775,Gene 49
502.11357214805304,15.392875267428904,Gene 49
500.3049177837448,3.583308524988732,Gene 49
501.3242912023156,2.861747695840962,Gene 49
509.2268063408557,14.59588514507856,Gene 6
509.1721569338032,13.266856379471946,Gene 8
509.0208701612094,13.916766534128516,Gene 8
509.08052247225106,19.116012253345858,Gene 17
509.1251020559205,0.5214446301222422,Gene 24
508.9612636230771,12.456207866909187,Gene 24
508.9850201584777,16.607369114488822,Gene 24
509.1962768905748,9.340476542101484,Gene 44
508.9573733738436,1.096325864756147,Gene 44
509.28686253780376,5.61644655963569,Gene 44
508.8292750746833,7.687885316835554,Gene 44
509.29615535932015,8.652320255598886,Gene 45
509.05119563056996,13.078588537625354,Gene 45
508.8339327278968,8.344507463676626,Gene 45
508.8069319076675,9.602151498334772,Gene 45
509.08968055350084,18.966455182373693,Gene 46
508.89413056912247,11.324552842492343,Gene 46
509.21142329045614,10.550492044642874,Gene 46
509.0870959940671,-2.3739682421035884,Gene 47
509.27058779929314,3.6829211108151183,Gene 47
509.14354151359663,15.95305026421153,Gene 47
509.04794359784705,14.792310486979918,Gene 47
509.03486144009815,1.5239454901201341,Gene 48
508.84580867432794,7.040387135853168,Gene 48
509.24269497991764,4.060516635028236,Gene 48
509.1718322948573,16.094210236455698,Gene 48
509.0377124491188,-0.6526321238280897,Gene 48
509.24932185010937,10.575925265543285,Gene 48
509.2105176551269,3.5947071220414264,Gene 48
509.0546547750221,0.7999204098270667,Gene 48
508.9017273781312,0.9652861047097492,Gene 48
508.92182118265066,2.017243204196829,Gene 48
509.2152725963199,5.683736834812355,Gene 48
509.10612961919406,8.775525204644058,Gene 49
508.94868132524664,15.553013794169159,Gene 49
508.92296207069876,11.074912426486632,Gene 49
508.9318786829728,10.469784756425968,Gene 49
509.2900782922033,8.56984546728668,Gene 49
520.2389494594187,14.509815913428731,Gene 8
521.1463359329724,16.99973292527647,Gene 8
519.3411848565555,13.473328504490306,Gene 17
519.9007749042515,16.25750785812025,Gene 24
519.0913123356733,9.014225476531307,Gene 44
520.6847030136031,4.468878135192319,Gene 44
519.9899696721191,17.968558870405964,Gene 44
522.7688539758888,12.069931965768827,Gene 44
521.9501267283335,16.075049969028385,Gene 44
521.8854884397489,3.1380039643943247,Gene 44
522.2561983222395,9.924055058081594,Gene 44
522.801675822571,5.901033576869053,Gene 44
521.3171739201564,5.340671526675746,Gene 45
518.9563499008393,15.445328398145174,Gene 45
521.0370699226995,17.361852054189796,Gene 45
519.896138811979,17.267031961465356,Gene 45
519.5887359896526,4.9868998654161,Gene 46
520.7472280596077,5.119741335345713,Gene 46
521.2891539372146,13.992193384563663,Gene 46
520.6161110555092,13.142678852612299,Gene 46
521.6331760433922,4.063961730435429,Gene 46
519.3778752163813,7.427500038065384,Gene 47
519.2726112715916,7.345234678453894,Gene 47
521.439975946846,19.58894749130979,Gene 47
521.8794805592878,12.940331993109062,Gene 47
521.7931985084246,15.19626316533595,Gene 47
521.3897001482294,14.19333219431252,Gene 47
522.7217620768577,9.951909190974067,Gene 47
520.8846092524717,7.151500616369576,Gene 47
519.5814164844248,17.013197483124742,Gene 47
520.6037897586856,1.6881947081029995,Gene 47
520.2561545741468,0.9895538451545196,Gene 47
520.7393017775886,17.99391941757287,Gene 47
522.0451155899779,3.1752764624165195,Gene 47
520.8168931529202,17.243014100094396,Gene 47
518.9373823381162,12.084523088260813,Gene 47
519.511485527934,10.357771749392631,Gene 48
519.6289299088559,12.04903263344778,Gene 48
519.8957096337302,13.626405388417773,Gene 48
522.0846359074243,4.1823700336235445,Gene 48
518.8092904598172,10.197594818020335,Gene 48
518.9584962802918,5.294096045580428,Gene 48
522.3144135516801,13.042086332385066,Gene 48
519.3397559336753,15.067522697393837,Gene 48
521.7322377742042,7.121719294644381,Gene 48
520.2292232062131,10.387947806224814,Gene 48
520.0413919832574,14.140898683646823,Gene 49
520.8793735364027,4.626610296309129,Gene 49
522.4014933919453,13.217027886649507,Gene 49
522.1312137108062,11.78425533192212,Gene 49
522.5367488413567,8.396607933311218,Gene 49
519.3654180898476,10.507983094031498,Gene 49
521.3543127965927,13.12075218784791,Gene 49
521.4510755559775,4.8825062849616945,Gene 49
521.0980511390048,15.734727598900989,Gene 49
520.348768955915,6.58956091074383,Gene 49
519.1007969665258,13.261631665520676,Gene 49
521.9138104633461,11.52317567658998,Gene 49
522.8869814501069,5.912098897655568,Gene 49
518.8571392600945,7.990293689337237,Gene 49
520.9553721318321,3.6510000404106284,Gene 49
526.4608501974881,8.125116875937032,Gene 8
525.4314751313681,3.993251082901648,Gene 8
529.8713367684945,3.3575059607556077,Gene 8
531.9476109581086,7.760762345934719,Gene 15
530.673427033564,6.837386254993254,Gene 24
525.2793239812747,8.775094874247777,Gene 24
524.3680833642733,4.496302964656203,Gene 42
528.1179398279652,-0.500274172314584,Gene 43
528.1742759855332,11.577198747887822,Gene 44
532.3646742736413,3.621532320674702,Gene 44
525.4911627585145,2.1375470185842005,Gene 44
523.4624625716584,4.610927945760228,Gene 45
529.4658319066749,4.165670983796494,Gene 45
524.4124252255484,6.204381635406673,Gene 45
529.5464098504617,8.846615645732443,Gene 45
528.8389085031456,2.3140039081120523,Gene 45
528.5821915139137,12.04487214673901,Gene 45
531.559627678794,2.847356294164009,Gene 45
529.2440038256715,4.45743478406244,Gene 45
530.4256720451777,3.8402494998153456,Gene 45
529.3136747153883,1.1626490990081777,Gene 46
524.0127691446505,10.238868604635137,Gene 46
525.3605627855301,11.221531505118884,Gene 46
529.2749026232219,11.67307831026039,Gene 46
524.4421064099356,10.77550619308608,Gene 46
530.4229502349567,11.256881998792963,Gene 47
532.468299936369,4.767921441482619,Gene 47
530.5636856781748,4.7079579765463295,Gene 47
531.091717469269,9.671724699427598,Gene 47
525.9869423876628,-0.06883791462990274,Gene 47
529.5600093032838,9.171015980837945,Gene 47
525.0724513595102,5.599250700708327,Gene 47
525.5421161732227,0.9956503364363725,Gene 47
530.8734893753913,2.726187559915321,Gene 47
522.8735926100184,5.095539574751775,Gene 47
526.6445389738436,0.007934158819650428,Gene 47
525.9557562523992,4.53480167261539,Gene 48
531.2557576643179,2.7330746326951916,Gene 48
524.5860543594212,8.817969288478448,Gene 48
527.3357799399349,12.228962160992625,Gene 48
526.2263682894389,8.710825356435004,Gene 49
531.8415102347678,8.644332809748061,Gene 49
529.2837074592414,0.11015601849269263,Gene 49
529.0470263679468,10.3354580347209,Gene 49
531.0062641656964,8.47293336594051,Gene 49
525.5402731176845,3.9514927400097486,Gene 49
524.5173275125305,11.082256237342452,Gene 49
526.3940878868333,12.062757783976707,Gene 49
526.8889873312579,2.0645430613528255,Gene 49
531.291864675051,6.855167181558435,Gene 49
531.9927964875735,3.1917976094282405,Gene 49
541.1988214983228,15.226714455779089,Gene 8
543.2223359726789,14.770197824043326,Gene 24
539.775721129231,14.743111750998603,Gene 24
543.0437638950158,7.971293731773413,Gene 42
539.3191579376696,3.845021100785732,Gene 44
538.4959687985473,13.373648480810253,Gene 44
542.61166977755,12.123965156427204,Gene 44
539.4020549676869,15.019921825262632,Gene 44
540.3484964918174,11.678570732028149,Gene 45
539.774256571361,15.554402863522022,Gene 45
539.6821703055983,3.358367248436548,Gene 46
540.9094538860651,13.108625609157684,Gene 46
540.5436119886479,15.565084500678978,Gene 46
537.3521831589665,5.276499753001874,Gene 46
540.3010515838938,16.406932679130428,Gene 47
543.4307406902518,13.155286109761033,Gene 47
538.325910380288,8.934060586864536,Gene 47
543.3062541872976,11.383754688729098,Gene 47
543.6991147355601,11.468360244667627,Gene 47
542.4182101771131,13.344983342876464,Gene 47
540.344815916332,3.8504382379352364,Gene 47
543.4144477448482,11.633956530107326,Gene 47
543.0157140291656,13.171907781002577,Gene 47
543.1631426816275,12.873568169051428,Gene 48
541.9291210870533,13.631494867567023,Gene 48
536.9115147757874,11.011626088946628,Gene 48
538.6868450246943,14.841138964236293,Gene 48
541.8110747670981,10.21462501342474,Gene 48
539.8360716129602,6.526924889414996,Gene 48
539.516075720985,7.014191017192754,Gene 48
541.7627825524511,15.10892808102731,Gene 49
542.0736928223271,10.096492432028315,Gene 49
541.3397932513611,2.704991045167924,Gene 49
544.1223178824318,9.185686418134106,Gene 49
540.0050244521592,5.001756015173976,Gene 49
551.4220071006021,13.385708542076712,Gene 8
551.2386479284189,17.502821985727035,Gene 9
552.724794414605,5.7974237141644664,Gene 15
551.284443711621,4.544244895226248,Gene 17
552.4330923536635,15.773551935025184,Gene 17
552.5542583578848,13.754125751398949,Gene 24
549.5352613996624,11.395753972615973,Gene 28
551.4671635812992,0.17738096747450882,Gene 42
552.8033018543259,9.668191939438836,Gene 42
552.393345920206,4.265051961468937,Gene 43
553.9630671965466,9.904628146552493,Gene 44
550.2030985713866,2.2755238450822395,Gene 44
551.6266236236576,2.3911924960888573,Gene 44
552.7396582681376,11.36370996285746,Gene 44
550.31782146692,4.630576058128479,Gene 44
549.5399392429118,8.29713029440616,Gene 44
553.9004321528703,8.487883994821715,Gene 45
550.8665917302537,14.392123663640017,Gene 45
550.7815283662306,16.04196342864003,Gene 45
550.6554664424478,10.882451148205353,Gene 45
550.4757363558014,15.388711988364136,Gene 45
551.0315605525699,1.5942835493097922,Gene 46
549.5662428606097,15.635659837439594,Gene 46
553.5374301450291,9.904598797795561,Gene 46
550.3206053328549,13.322054912136224,Gene 46
552.4590669053716,1.8605733391315997,Gene 46
549.289912290301,11.594074268769205,Gene 47
549.7129818966233,4.76684195364908,Gene 47
550.0643275378251,12.114746382023327,Gene 47
549.9979895165992,4.688907214242761,Gene 47
551.719992420884,13.123997819921023,Gene 47
553.3316876785954,8.487213670118589,Gene 47
550.3761293704299,4.29771472638211,Gene 47
551.0885742995657,14.64054835080271,Gene 47
550.44166531926,4.078709300184866,Gene 47
552.0565231569219,6.090662249945174,Gene 47
552.6928071987686,4.72009058299392,Gene 47
551.6136407181239,2.3290357194444065,Gene 48
551.5193324157494,1.1716420489811394,Gene 48
548.947584972598,8.008857655599268,Gene 48
551.2751461016528,2.794167311192857,Gene 48
549.7561525582779,14.524059643889345,Gene 48
550.2144029555581,4.333779122693064,Gene 48
552.7652288698276,8.635039147786259,Gene 49
552.2891420087395,6.870074476015374,Gene 49
550.3160716124275,3.036924950031797,Gene 49
552.9542394164702,6.343230776293676,Gene 49
550.5030941280959,6.231084073261039,Gene 49
550.747928310854,13.274660015581079,Gene 49
551.2759379983737,14.487209018506762,Gene 49
549.2957614085636,5.442628376043233,Gene 49
558.2539511901155,0.8630128939787483,Gene 8
559.188640383492,15.435431985601989,Gene 15
559.3099391631853,12.033355796023423,Gene 21
559.7482326928148,8.192673296985177,Gene 21
558.105748193275,6.708350463441599,Gene 21
558.3144808263843,3.924563339844231,Gene 21
559.2663329618833,0.2229696222860298,Gene 24
559.7466474507568,1.1944937002518792,Gene 24
557.741762761122,10.054817562498926,Gene 31
558.8704750302371,-0.05524395580135,Gene 33
558.0794432516259,7.918178888498775,Gene 44
559.1816965655763,6.4459392046080115,Gene 44
558.745348414268,4.261032005947392,Gene 45
559.7519788302319,4.560291581462784,Gene 45
558.354580882444,7.971993144490377,Gene 45
559.4519234239084,3.669813044910267,Gene 46
559.9302055548678,11.618240025839564,Gene 46
559.1032693080346,-1.197850046343003,Gene 46
559.5658760685712,12.743727144927412,Gene 46
557.7095051350226,7.901522773288639,Gene 47
558.9763106641857,12.621007354182716,Gene 47
559.8798343466041,13.777894578043485,Gene 47
559.8950727795599,12.966507328714654,Gene 47
559.9943843409887,8.242443258142224,Gene 47
558.2787134523599,-0.37131100501039427,Gene 47
558.599747480651,13.495619046943297,Gene 47
558.5228346558663,-1.4444334460869754,Gene 47
558.9502536955657,14.585088425598197,Gene 48
559.7967959560121,2.9498255179603676,Gene 48
559.5680314023599,9.162152797313299,Gene 48
558.4765578849617,12.572952380517275,Gene 48
559.6497592201215,0.0653483418379448,Gene 48
557.9079842004556,8.398439006828397,Gene 48
558.1736543986098,9.782044161763555,Gene 48
558.875706672975,17.640680987844334,Gene 49
559.4300814256852,11.848777961968244,Gene 49
558.7996172941965,15.844075728575694,Gene 49
558.8734472829981,0.3740162163122527,Gene 49
559.2107676783467,-0.3015965162460539,Gene 49
558.114666007296,13.523351264585916,Gene 49
559.1908120678331,-0.9964719762881096,Gene 49
559.9464820842109,11.780692091258045,Gene 49
559.8927995452844,11.994542837928027,Gene 49
572.2169660499405,9.780740007946207,Gene 8
572.7042593963517,8.26826438013364,Gene 9
568.4309172378028,8.631933260961556,Gene 15
572.1552782412723,16.598201159124038,Gene 17
572.1815670425767,17.456850790176897,Gene 17
568.8477568389509,17.638738186090336,Gene 21
570.1572850428992,17.505399558705797,Gene 24
571.6433013097208,8.054257210760147,Gene 24
568.4171213135814,13.819767469574991,Gene 24
569.4944188963142,16.10736132314191,Gene 26
568.8283444486447,9.778213447002951,Gene 28
569.4116899884269,5.696129045872212,Gene 31
569.8418138931177,14.418837730433875,Gene 31
571.4635436406581,4.345147276071506,Gene 35
572.7742487226578,7.33216037239001,Gene 40
571.3499263339194,13.79266158417245,Gene 42
572.4958261025748,15.476685662565357,Gene 44
569.3046031325674,7.93656943356857,Gene 44
571.7967898602651,3.3031210456570212,Gene 44
571.5836193044042,16.15192077172647,Gene 44
570.0794916137932,2.3527742867575867,Gene 44
568.9150295106889,14.172119131227952,Gene 44
568.2347522051103,6.742908697607633,Gene 45
572.728703650906,15.800381394006813,Gene 45
569.2041171531544,13.218629903350998,Gene 46
571.5704911429436,4.577403426556744,Gene 46
572.503689413119,13.244413848764466,Gene 46
568.5395789552657,6.603093487073292,Gene 46
570.1024455400723,4.97148815965657,Gene 46
569.7427768119655,8.244484294540555,Gene 46
569.473712907818,16.046286786313136,Gene 46
570.404693729715,6.312934076834867,Gene 46
570.1728632488752,19.105943399304632,Gene 47
570.0303891405026,16.775556835895884,Gene 47
572.3743761934506,6.499510731829491,Gene 47
572.7001660619169,11.597370942763355,Gene 47
570.3574082304817,5.269228719181343,Gene 47
571.9779197131537,10.190613292114255,Gene 47
570.3471966633518,4.103374441748132,Gene 47
570.9509540266025,3.8344792716369662,Gene 47
570.5787262352322,5.339992492267701,Gene 47
569.3629240462709,7.1146533646896035,Gene 48
570.4293074107446,9.873262535079487,Gene 48
570.6371978655229,2.705715585491088,Gene 48
568.574832545295,14.980993447467558,Gene 48
568.6807232510791,13.98945226346891,Gene 49
572.0259245603115,17.860827822872984,Gene 49
569.6360834455955,13.264855741475245,Gene 49
570.3053692234001,8.997215701413003,Gene 49
570.7459652780783,17.915255219692085,Gene 49
569.8525403447906,3.785067729102618,Gene 49
572.2425446500969,16.85077221998264,Gene 49
570.3314233228793,15.317987432029621,Gene 49
568.6193205201253,15.747916591692281,Gene 49
569.9283017576738,14.448434749227065,Gene 49
570.5209226955452,11.059526556226405,Gene 49
571.7394093459909,5.1943273648598,Gene 49
572.3039101093079,16.350871707518888,Gene 49
574.5386054670963,5.2096989158573415,Gene 8
579.3516317391625,7.410706909506983,Gene 9
573.1270619286972,12.378567288994041,Gene 15
573.9263743121929,4.843853422058806,Gene 16
578.7202878452051,12.292185648866917,Gene 24
578.0704408681225,13.109065123686738,Gene 24
574.2454509566576,12.856276877306422,Gene 24
579.9081741436808,13.38659763201543,Gene 44
577.6417925510132,10.525182952372262,Gene 44
578.5145327310324,3.7928935595946536,Gene 44
580.0399794738754,12.259873036549104,Gene 44
580.6905086154102,10.282238551534531,Gene 44
575.0229348656421,3.259888652933883,Gene 44
575.2422705046608,9.663819272377832,Gene 44
578.8256161091688,13.105315847972914,Gene 44
575.9029264471906,15.822700210255412,Gene 45
576.9637649044449,3.6545789293848765,Gene 45
576.1735333323941,15.487919819186269,Gene 45
580.365543679649,9.59344666544554,Gene 45
578.1660533565688,13.415365746824254,Gene 45
575.4327933209206,3.728225199158347,Gene 46
574.9062798395779,7.18826229931075,Gene 46
578.4904695591392,12.342993909342713,Gene 47
577.5823479721439,14.337389256769292,Gene 47
578.2258061065804,6.681577576622473,Gene 47
577.5625770874852,14.16618306014486,Gene 47
575.8902997981226,4.264566875347205,Gene 47
574.1085296253964,7.121938379056294,Gene 47
574.1323848964846,5.991779250148902,Gene 47
574.0933661990329,14.24176512225572,Gene 47
574.2522716013183,10.897696896278642,Gene 48
576.5936631103962,11.411185886378245,Gene 48
574.7502098305348,10.40503412913628,Gene 48
573.8980698027398,12.730139904461861,Gene 48
574.8243851586404,14.406129535463364,Gene 48
579.8024133205237,11.217831666870232,Gene 48
577.996869505791,3.4939721397911567,Gene 48
575.7971229639943,2.6555074616808714,Gene 48
579.1840268666667,10.904848219042917,Gene 49
579.0936017240555,5.657520766790162,Gene 49
575.6040987893888,4.993693414171876,Gene 49
577.9423867361064,11.753942757157912,Gene 49
579.8817561098086,4.7341927478070005,Gene 49
577.6268902308166,4.841239144692526,Gene 49
574.3850881975209,9.078432008522432,Gene 49
591.82667444095,8.259391724990857,Gene 8
590.8997694780021,2.4352212939554088,Gene 9
590.9148551233845,16.989839367130656,Gene 17
591.9933640863361,10.496529328117017,Gene 24
591.128396453034,14.733250524209401,Gene 24
590.762003362937,15.892458061454068,Gene 24
588.7279602665371,4.862932011495164,Gene 24
592.1296875328309,13.073877347374427,Gene 24
588.6314761582447,16.962823985664937,Gene 28
589.2718360664202,7.064309966738774,Gene 28
590.9155392489268,5.283668360147056,Gene 42
588.0074523465149,13.869520481020224,Gene 44
591.2377979707223,10.158147068346626,Gene 44
588.0087823371113,13.086244270593156,Gene 44
591.1866695284541,13.021131983993678,Gene 44
588.4842372403381,10.987242120852533,Gene 45
588.8149472529908,7.756956531862578,Gene 45
588.6118846863269,10.210184779427443,Gene 45
588.8865729575956,6.0242570656371175,Gene 45
591.388580061899,13.447067047412252,Gene 45
592.4878119322643,11.732995690467737,Gene 45
592.5019132114971,7.38827640956246,Gene 46
589.542287833827,15.088038603371153,Gene 46
590.9807522465569,2.5097351601311058,Gene 46
592.3338990982442,11.60256960159836,Gene 46
587.4352734237667,9.545232596778296,Gene 46
589.0968082319686,0.41097504299616183,Gene 47
588.1312512633425,12.78740146334504,Gene 47
591.4587379851292,16.85027464178018,Gene 47
589.9763959205231,3.764145317479839,Gene 47
589.2330218763238,7.2847495149607955,Gene 47
592.6263068220745,7.226270863740721,Gene 47
589.7382241995257,2.897083745566979,Gene 48
588.5519279780865,9.88584873863711,Gene 48
590.1640194367799,13.591143232283997,Gene 48
590.5153250073686,13.271653775226913,Gene 48
589.5311376596013,1.1911791053414031,Gene 49
589.1801942469715,2.092695160256107,Gene 49
590.3873284061492,16.359301651416327,Gene 49
591.7739076886367,11.483608947912026,Gene 49
591.807948901739,15.736047929895312,Gene 49
591.1838305891202,5.903445673779031,Gene 49
591.3529855457676,12.654167249628188,Gene 49
505.4444997989726,11.025494858300936,Gene 8
506.13313059504304,12.42997695571178,Gene 8
502.35437082123957,22.976785387292722,Gene 9
506.30245545971866,11.580839213982639,Gene 15
504.00333759326,26.961340188910405,Gene 15
502.9317701183773,18.26993809678168,Gene 21
506.9581133984984,19.52109758342114,Gene 24
507.1920671298157,17.63884268612732,Gene 24
505.0553755817488,12.728094699314907,Gene 44
506.34179269028044,20.361492908257617,Gene 45
505.4357077469442,21.077014784582467,Gene 45
506.40511998873296,19.514822881832593,Gene 46
506.61069860476465,20.08310994091144,Gene 46
502.7821864505425,12.551736364607837,Gene 47
504.71458235704415,25.513930557252174,Gene 47
504.42201495869875,13.040733973302615,Gene 47
503.3667942331161,20.425849370042712,Gene 47
503.1994421913887,15.431071561857925,Gene 47
504.0209873319446,20.963939551931418,Gene 47
506.8778089705633,23.23449619227786,Gene 47
505.148607594076,13.171242076790524,Gene 47
505.6446423189294,23.183770826162128,Gene 47
501.8353152289156,19.21884287517576,Gene 47
506.88997449157006,21.801825794562994,Gene 47
506.0677802369816,12.233793590413477,Gene 47
505.74735058896266,13.155386781970805,Gene 47
505.94475006188503,25.6181341021791,Gene 48
504.7064736296873,20.309365922146046,Gene 48
503.07127741026653,18.036146512615872,Gene 48
506.5155252549895,13.244680033247722,Gene 48
505.10362319878016,26.755100092198802,Gene 48
505.0350915857658,24.527465882925505,Gene 48
502.45770728818457,12.989533879199325,Gene 48
506.74687604625774,20.917695340229695,Gene 49
506.50029925882285,14.483489519134572,Gene 49
503.3758587894753,15.271845022206248,Gene 49
506.8856692091775,20.86371114643613,Gene 49
506.6839406435439,18.214288245269064,Gene 49
505.63129917507285,19.278128178349803,Gene 49
506.31140622184444,18.618340916545225,Gene 49
513.8955199312446,27.80607669365302,Gene 8
512.3126994474657,21.73393543838138,Gene 8
514.3128665559556,11.558948398112726,Gene 9
515.352378207667,14.542812012081379,Gene 15
516.3812440105835,20.667312066967437,Gene 16
512.7619490493506,25.511235452318918,Gene 24
512.4823949240599,14.209379190658147,Gene 24
514.477794447285,13.697648005646187,Gene 24
514.0128695544803,18.570556207159317,Gene 35
513.3692726293307,10.410687844768841,Gene 40
515.0189102839172,20.97595518955414,Gene 44
514.0049185928524,12.568996928375025,Gene 44
512.7691824573856,13.25132583576275,Gene 44
515.6892156327706,22.068559764581167,Gene 45
514.0986374382747,9.55548244106775,Gene 45
516.2869373746356,14.566778080321841,Gene 45
514.9480350708224,24.24246066450402,Gene 45
513.9678907843579,24.29507265366331,Gene 46
512.4788242312486,13.83798613346156,Gene 46
512.7255528787242,24.35909690287693,Gene 46
512.8801474068459,26.120090506288374,Gene 46
513.8833883595032,12.81110746709739,Gene 46
515.7848209583894,20.458972718067482,Gene 46
513.3752942823651,10.934031295856334,Gene 46
513.6366732748878,24.79490223270733,Gene 47
515.7818944575832,13.753077718053792,Gene 47
513.4390635813224,25.20537067626886,Gene 47
513.8070102890197,11.515868518093288,Gene 47
513.5883924248849,16.002724532037494,Gene 47
515.763508439651,23.080755687725105,Gene 47
513.4629372621873,26.384611899024122,Gene 47
515.7147966061723,13.32960388001024,Gene 47
513.2325862851671,13.844461774920862,Gene 47
513.7361778600917,23.492921658212182,Gene 47
515.2538882095232,12.744470452689868,Gene 47
516.3576578058226,16.295152021694634,Gene 48
513.0610546110044,20.40609586473243,Gene 48
513.7843398836488,24.677865743658945,Gene 48
514.0124260867641,26.08692447238466,Gene 48
514.3282909216812,10.912372102461209,Gene 48
513.4594635929365,19.11233550550795,Gene 48
513.6355805680217,12.399203561866845,Gene 49
514.9722226192063,11.909438449703341,Gene 49
515.741222808682,13.21208056872949,Gene 49
514.3430956008806,10.454880150458997,Gene 49
526.3708089411426,13.484488901504461,Gene 9
525.035532095365,12.832062757090885,Gene 15
525.0997343434491,22.69617684377454,Gene 15
522.2098369238485,19.603667239984322,Gene 16
520.425310579758,19.033815288552297,Gene 24
526.6404722007453,18.22391352019344,Gene 24
521.752424959118,21.472061962930717,Gene 24
523.5382933984249,18.45247665305377,Gene 28
524.3615791220768,9.673911225621477,Gene 44
523.3840053495924,10.993541304404431,Gene 44
521.6324693360783,21.69295314958313,Gene 44
524.1050791875268,13.381515457943657,Gene 45
521.2339560080038,22.41197328054214,Gene 45
522.714307690539,13.152741917025114,Gene 46
524.639544902747,16.926861579043713,Gene 46
521.586710089051,20.055830064583926,Gene 46
524.0649271257223,10.529880453859512,Gene 46
525.2615718798821,24.116037501977132,Gene 46
522.5079644409607,12.389714458131518,Gene 46
520.7062402096568,13.15615604551703,Gene 46
521.3618590216992,18.70495743490206,Gene 46
524.9763343530598,10.464902570119976,Gene 46
525.7620096598606,16.339354789352576,Gene 47
525.531969295454,18.00165993018487,Gene 47
524.0162537918771,25.012403694065846,Gene 47
522.0631661138262,17.531872102482172,Gene 47
523.7762966944725,22.756782215358967,Gene 47
525.6087771985074,18.09854140886697,Gene 47
525.1701074422074,23.381345602921034,Gene 47
523.3739392906522,21.658056101957317,Gene 47
521.0501835029052,17.106731348107076,Gene 47
524.9551152074552,24.33124352941194,Gene 47
525.3626869909039,22.042986282010006,Gene 47
521.5427216657732,14.656898056321971,Gene 48
521.9168156313905,21.739100765716984,Gene 48
526.2078660465409,14.347133785000956,Gene 48
521.2097903959233,12.15154519378451,Gene 48
525.3770131324607,17.874227556761472,Gene 48
522.1997196605784,23.978371874827733,Gene 48
523.877345158841,19.626372386817174,Gene 49
520.9928590551085,14.728416510611915,Gene 49
521.2934102859152,16.530483057791663,Gene 49
526.0171384330641,18.586055735469714,Gene 49
524.9329987226845,12.062434291071629,Gene 49
524.5250395590235,23.120380879053627,Gene 49
526.1563695145651,13.325511973202644,Gene 49
523.9685720114221,25.091062114918596,Gene 49
525.5735401881037,17.702556568141443,Gene 49
534.0160918921285,14.453714563237078,Gene 9
536.5602963856131,24.6661911595779,Gene 16
533.1756128764555,19.38302716456078,Gene 17
535.1627475062807,15.42050509231472,Gene 24
534.7445268609835,26.538149724413323,Gene 35
534.1898684836664,23.88872420534537,Gene 44
538.1653603937413,19.929064864222084,Gene 44
535.3261996566258,25.557466038843934,Gene 44
534.6373058706878,26.97666729238352,Gene 44
534.0586390467163,12.644140791142789,Gene 44
535.6290964428856,16.788378012225756,Gene 45
534.2800361226505,22.302908280341455,Gene 45
534.7745935455956,13.11407068784799,Gene 45
535.2906527343031,17.25611979816278,Gene 45
535.0463324054493,14.291246262375374,Gene 45
533.8272128132112,25.59713917131077,Gene 45
535.4012328503193,25.054548845442667,Gene 45
534.0970006512955,15.574607758563603,Gene 45
534.0176665480274,16.49011585592699,Gene 45
533.1964895984904,20.47766248625758,Gene 46
534.3789432200592,27.25727159883852,Gene 46
533.1239964624434,24.44735405542354,Gene 46
534.5109285857426,14.142432090428006,Gene 46
536.8419456463238,25.778840129442038,Gene 46
537.034433904146,24.134447927488406,Gene 46
536.3929792988539,12.034075221686592,Gene 46
535.6841204190279,25.031378089735565,Gene 46
537.9521829502845,22.168749596762652,Gene 46
534.5936572536601,26.154785206901273,Gene 46
537.227447016655,24.329070631057053,Gene 47
537.2363367358741,20.87825248498388,Gene 47
536.505908498186,26.333652377134015,Gene 47
536.5002123937252,26.92666096651977,Gene 47
535.0100258337815,12.848917363224984,Gene 47
533.2788363781917,15.757468591485573,Gene 47
536.3455799387567,15.785435589612625,Gene 47
535.346960670501,22.763778844778173,Gene 48
535.0032525383829,27.33162296718447,Gene 48
535.7744242704609,26.07773483625727,Gene 48
537.1178275250763,16.18994711838092,Gene 48
534.732169063478,13.407311869401482,Gene 48
535.2020262128253,16.77707131355732,Gene 48
536.2267217881199,28.2690753017369,Gene 48
537.4787720826356,23.000484310074164,Gene 48
536.4136225715256,26.60918115927354,Gene 48
533.6248037173187,16.802354442631295,Gene 48
534.6067302499054,14.63304894606463,Gene 49
532.7038165336846,24.16041594096484,Gene 49
535.8997031192314,28.86942979449416,Gene 49
534.0133940534138,27.082049367863508,Gene 49
534.8224309777684,13.041111120099586,Gene 49
533.3047749261781,24.529745166182337,Gene 49
534.1159920413877,26.525286823033834,Gene 49
537.7436819589334,16.50823672578082,Gene 49
536.2220606337091,26.414817966234075,Gene 49
535.8602130979494,12.006266232987803,Gene 49
535.9267246486748,25.630280790401255,Gene 49
534.2738035554421,14.270606561012613,Gene 49
537.0221516069785,22.458049792639827,Gene 49
533.4569333724313,13.912609766350688,Gene 49
541.6810477453824,12.930262881648055,Gene 8
541.5324347204255,25.81234661074329,Gene 8
541.3501320871014,6.342428866710504,Gene 8
541.1362006252767,11.164852112504262,Gene 8
541.5987878260619,10.200568122119254,Gene 8
541.2357077444024,22.512575510405018,Gene 9
541.292466431546,10.712770491984593,Gene 9
541.6834811315404,23.043232608532016,Gene 9
541.7031224407997,15.914097399614061,Gene 16
541.15843334098,18.504981434238296,Gene 24
541.367439219736,7.362360162419031,Gene 24
541.312851903105,24.617251035490593,Gene 24
541.2823543178517,19.951054130530025,Gene 40
541.4407260401796,7.403781296546013,Gene 44
541.3614638700235,11.49868235236832,Gene 44
541.292520117056,7.978407075343578,Gene 44
541.3774006948029,7.475882386926225,Gene 44
541.6787915594336,7.9821952957451785,Gene 44
541.7113651746942,15.279969533663484,Gene 44
541.5862254469923,24.343893701398493,Gene 44
541.3141442046733,21.61836635788238,Gene 44
541.5637538959954,5.0890983572588,Gene 45
541.3652824461742,7.641695848533165,Gene 45
541.2639677493513,19.62133906601363,Gene 45
541.6106454731594,22.779512711853457,Gene 45
541.3159396964622,24.54149390353467,Gene 46
541.305341030122,4.6938865163208,Gene 46
541.5992335434418,9.880845412449844,Gene 47
541.214100897559,17.726301610207113,Gene 47
541.2640850335263,17.120903882659277,Gene 47
541.4889035079891,20.243108186677144,Gene 47
541.3172767929226,5.923058243197273,Gene 47
541.3026683983884,21.72096741717268,Gene 47
541.6758304882951,18.5788960249731,Gene 47
541.4954403323723,3.6877722956298857,Gene 47
541.4530385870291,23.579088924635585,Gene 47
541.663811053899,16.579453525584448,Gene 47
541.2570809200231,22.679480454040565,Gene 47
541.1693727816881,11.00727515418549,Gene 48
541.4879476318968,10.964374367758083,Gene 48
541.4461406469734,23.259786353962355,Gene 48
541.2620205207685,13.745023634942168,Gene 48
541.4715825650854,9.426032643092588,Gene 48
541.3046063220896,12.073029694100997,Gene 48
541.6334599237979,12.013576237425887,Gene 48
541.4247433102611,26.507491077017644,Gene 48
541.6363107360868,21.550448298976256,Gene 48
541.3369267316676,5.780588551885446,Gene 49
541.3682530067603,23.43781665656657,Gene 49
541.1806299543816,11.297010855614452,Gene 49
541.2948096257039,18.018081933057072,Gene 49
541.5668816710086,8.15939190769829,Gene 49
541.5108930363571,8.767136234729952,Gene 49
559.761186326587,12.753815215051043,Gene 8
560.4168732022831,22.663527034075134,Gene 24
557.7065170428654,22.184118723951894,Gene 24
558.4105559276421,11.529495930925474,Gene 44
557.8305195927634,21.01034153800873,Gene 44
556.7205520886225,17.760988527248635,Gene 44
557.1962915057743,11.938685066678485,Gene 44
558.5108340668829,12.822469651533282,Gene 45
559.4571018657632,22.122886024979003,Gene 45
556.7490270803567,19.252861806194968,Gene 45
556.9733246854539,21.09503934145373,Gene 45
556.8770477425036,18.944541948704426,Gene 45
559.9229134005411,8.897510693798935,Gene 46
557.7448164117154,14.581122248398481,Gene 46
560.652392735103,19.44279233185894,Gene 46
558.9252891780145,24.16734924055004,Gene 46
560.979712998622,14.969998689546584,Gene 47
558.1674081074513,23.51145372087819,Gene 47
557.3556704947863,19.64465772536974,Gene 47
560.0581218449108,21.54834912172145,Gene 47
557.789966981626,23.67284618504675,Gene 47
559.1963069835193,25.043604960182076,Gene 48
557.5691776562196,22.80282700196959,Gene 48
558.9975402386701,25.530670448063894,Gene 48
558.0688985541575,16.303598945379346,Gene 48
557.3615569338572,20.742208692234268,Gene 48
557.74853200431,23.43813883523445,Gene 48
559.7398877282493,14.033875187078102,Gene 49
557.7015089566842,22.548172237149966,Gene 49
560.0952284171257,13.00186307224612,Gene 49
559.423344401697,10.2460976579692,Gene 49
558.717521019129,22.37015147813146,Gene 49
560.5291155639078,23.688122646873797,Gene 49
556.9405524902414,18.508737933436038,Gene 49
559.0912119550869,21.42838016211635,Gene 49
560.4054044384545,15.068969372372639,Gene 49
558.6883186443071,25.193515145771666,Gene 49
560.1584847995198,13.097953437244815,Gene 49
561.2533571050906,14.0420041264055,Gene 49
559.8474481997603,13.787045476651986,Gene 49
558.5327761179893,24.49970095318587,Gene 49
568.4877727433224,20.139401406520324,Gene 6
564.9682400942919,11.45649556482076,Gene 9
565.3604284862153,24.762400513723772,Gene 9
566.1400650460175,10.538159107930463,Gene 15
565.4982299603203,14.074119260030397,Gene 15
567.0535391814533,10.73305783866256,Gene 28
564.475924633079,20.487335883181366,Gene 44
566.4710018399259,9.249773175234205,Gene 44
564.5692877564427,15.374955627247592,Gene 44
564.4480460984435,14.887252213509784,Gene 44
563.9115684372628,16.209011965722652,Gene 45
564.4088453601735,20.852851255023538,Gene 46
565.0864293674935,18.971442736023405,Gene 46
568.0805413835111,20.234058313515035,Gene 46
564.7810610651039,17.60521330520849,Gene 46
564.5498602627467,23.38554978080378,Gene 46
565.6384069909548,8.992639375542364,Gene 46
568.2225662426933,14.6687808167349,Gene 47
567.8844853069836,16.597130343649678,Gene 47
567.0707799220121,21.964095999153766,Gene 47
566.7966851162763,9.015633702622246,Gene 47
566.9779162203865,24.573327826426933,Gene 47
566.5140802497558,12.779620470425316,Gene 47
567.0437446419885,23.418279380367828,Gene 47
565.7279248662412,10.597195334897016,Gene 47
566.2956942723334,20.279107828207692,Gene 47
567.0727186069777,10.567531969077312,Gene 47
566.9777972981205,12.89578954735937,Gene 47
564.251772905664,18.31596391537009,Gene 47
565.8213495134813,9.844897723712322,Gene 47
567.380087259869,18.913420191723418,Gene 47
567.6743520773355,20.296822124614998,Gene 48
568.2420952245595,14.482287405495013,Gene 48
566.0657630241811,23.930472094205676,Gene 48
567.4075790635067,23.115914579243302,Gene 48
566.9257630804315,11.289282123917376,Gene 48
564.5748008285636,19.976635711792426,Gene 49
565.2433951532828,25.8028501184982,Gene 49
566.6357966859637,20.454825258092185,Gene 49
568.3414246922955,18.08345184189625,Gene 49
564.9042994177411,21.537776898342088,Gene 49
567.9570146015686,20.450820187062995,Gene 49
565.5787475855798,20.0882347520672,Gene 49
564.9638293109986,23.07711757848422,Gene 49
568.0909362825317,19.968936757080122,Gene 49
565.0873067489955,9.5549353336466,Gene 49
564.2386444690226,21.567031441509723,Gene 49
564.2407965152318,18.828170558289386,Gene 49
564.3444449804035,24.33079634504346,Gene 49
567.7485176646146,17.46868475604098,Gene 49
573.4295563672694,13.25090810091524,Gene 8
571.7636170488773,8.525489735528463,Gene 9
574.5581499352584,12.20592348679538,Gene 17
569.9776036471725,7.3539084465912525,Gene 24
571.2715246419616,7.839031220876076,Gene 24
569.3424719366421,14.548907970663091,Gene 24
568.726782328811,14.088679617556851,Gene 24
571.4706361462173,12.586781362066011,Gene 24
570.1523361575843,7.94979327217841,Gene 24
570.386534635538,8.09141539971639,Gene 28
568.9366696285646,15.988963505191986,Gene 40
570.7073454201142,19.530422756708255,Gene 43
570.4352630399243,12.58956606880539,Gene 44
572.8660311351659,7.5738836740885045,Gene 45
573.111226124171,18.774199223393072,Gene 45
571.0327887207709,6.436897463528789,Gene 46
571.3251747228445,11.911693658323081,Gene 46
572.2472595299797,15.268690010712088,Gene 46
572.0952281405303,20.040354981898886,Gene 46
570.6883217715671,10.0283015590785,Gene 46
569.8016934080429,15.958386479009103,Gene 46
569.448425585482,9.584427547852027,Gene 46
573.5702492788987,18.65657947621571,Gene 47
570.8046023796583,10.054851766044468,Gene 47
572.437852075164,21.687604654548192,Gene 47
571.0635295230044,18.93636061007144,Gene 47
568.5038252100614,15.162739294986048,Gene 47
570.6354758757986,11.860697394137087,Gene 47
572.2609832994168,21.360262828067473,Gene 47
574.4833427734688,12.18166714488471,Gene 47
573.4342068030911,9.24471446342265,Gene 48
569.9464045800383,16.645582923748073,Gene 48
574.0581836997379,14.600656999551772,Gene 48
574.0724443419183,15.198555789084683,Gene 48
571.0467986229523,18.333401725920428,Gene 48
573.1264301258926,20.059751997737276,Gene 48
571.1624409186965,7.600818440539031,Gene 48
569.8970271150332,8.950967531178597,Gene 48
568.38744564023,14.671020761996642,Gene 48
572.0637910019235,10.212879806476524,Gene 48
569.5064378621,9.969901473088957,Gene 49
571.775418067829,7.585172555793394,Gene 49
571.7239522755353,20.817410378554378,Gene 49
573.6705130863285,18.027641501021108,Gene 49
574.4968145644957,12.962020459463925,Gene 49
586.0735658180934,29.90811575679857,Gene 8
586.5783401946566,14.445496306850174,Gene 9
586.7969573466199,22.610219009358648,Gene 9
586.2225289886632,20.478165035088864,Gene 15
586.0059876737813,26.85417227295448,Gene 15
585.4983390828813,29.702798432916588,Gene 17
585.3209605562265,19.73230568246099,Gene 24
585.9675012770152,13.060758064165457,Gene 24
586.083666433651,28.70471645691289,Gene 43
585.7063866388401,13.376483868786977,Gene 44
585.4226641226657,12.399158310456938,Gene 44
586.8624511346084,16.25877166749894,Gene 44
585.6613181097935,15.121825872948733,Gene 45
585.4411529207821,31.215573201699414,Gene 45
585.9052913648966,12.737596708830278,Gene 45
586.6434447031518,23.003831201760576,Gene 45
586.5143530180183,29.842607530836784,Gene 45
586.7194350614611,21.820591769908205,Gene 46
585.5403601483098,13.157665354682829,Gene 46
585.4648204805912,27.694551246204927,Gene 46
586.5645832354378,22.865748576223226,Gene 46
585.8598637287333,15.707812367568833,Gene 46
585.8248424835787,28.398416953521103,Gene 47
585.6979640210633,27.24156887607447,Gene 47
584.8377169360427,21.616826201525043,Gene 47
586.2306547490166,29.31028158638955,Gene 47
585.3699673495029,24.359159069809756,Gene 47
585.9292189540931,27.271014885060367,Gene 47
585.8448540708567,14.562768612075063,Gene 48
585.6421280968871,32.4990845716659,Gene 48
585.3722998038277,30.041783311449965,Gene 48
586.5614932588607,13.24593032860113,Gene 48
585.4544899718085,30.02791480432196,Gene 48
585.0287847490756,25.286230237238833,Gene 48
585.4358723451064,22.176461541417694,Gene 48
585.0332072293797,20.32723878230857,Gene 49
585.4492147900519,12.090277661845034,Gene 49
586.0893552684431,31.047280302351624,Gene 49
585.1397115799512,25.26972942552475,Gene 49
586.3744999356413,26.46975442056599,Gene 49
585.1475115115614,22.026166953713904,Gene 49
585.631838694425,31.91833258068509,Gene 49
586.8169752138638,22.038389705748283,Gene 49
585.5461649710952,17.250981952303412,Gene 49
585.9808106904758,31.615318683508896,Gene 49
585.9545490954886,23.433383021565593,Gene 49
585.1351763410761,22.684505207229865,Gene 49
597.3573142656525,12.936430386115198,Gene 6
597.1553893335275,23.677413451765673,Gene 6
597.1917738540203,9.600710755679751,Gene 8
597.2591008649216,23.192628389820605,Gene 8
596.6301283435845,8.032404232059935,Gene 9
597.2231810256868,21.810929612582193,Gene 15
596.4249596939877,24.10280331171944,Gene 16
596.5815213135377,14.96418928737087,Gene 24
596.9051302632791,23.046166661967465,Gene 35
596.803046272319,11.491103930898465,Gene 44
597.2919913206628,22.60105648479936,Gene 44
596.4177152386866,16.564734615897088,Gene 44
597.4071596765681,16.05676902144509,Gene 44
597.3505213495719,20.80678753873006,Gene 44
596.5593732232421,20.704688001585435,Gene 44
596.6626825000485,12.227656898834887,Gene 45
596.5749881269213,7.377390613588034,Gene 45
597.2846953731341,14.418665812197696,Gene 45
597.0880983551391,9.58603162173224,Gene 45
596.4041548485646,16.50228222014535,Gene 46
596.8992155064565,23.004741787978894,Gene 46
597.1656029525881,23.656054186766895,Gene 46
596.5559101206632,7.526879051353271,Gene 46
596.7048576564796,19.786688970024127,Gene 47
596.6759248636497,13.715116059177856,Gene 47
596.8916417360542,26.848991082950036,Gene 47
596.2827872770017,18.507986443683606,Gene 47
596.6236751906047,22.054628755926387,Gene 47
596.9626131736479,8.471367520498122,Gene 47
596.5079623536839,19.344703002616548,Gene 47
596.5966672896811,21.53830564820075,Gene 47
597.0412373515774,24.461797126340674,Gene 47
597.1675200164684,20.15065821964147,Gene 47
597.388999928678,17.67162592631568,Gene 47
596.9880399247515,7.2456953629875684,Gene 47
596.9049939272838,21.980702525825738,Gene 48
597.0803905391015,24.219669894887417,Gene 48
596.9905107794963,25.24218208917251,Gene 48
596.7522662570105,13.284343060840255,Gene 48
596.5078015640732,22.904313233320693,Gene 48
596.7440976693346,23.809074959170328,Gene 49
597.106049468014,10.663866661647507,Gene 49
596.7826568514616,5.896220703728293,Gene 49
597.1338616385361,10.864098813077852,Gene 49
596.4389359864211,10.798994231830703,Gene 49
596.9413885758128,6.893149978395593,Gene 49
596.4813390285535,21.43521858723598,Gene 49
510.03296999446945,20.097509554978185,Gene 8
511.011182752183,29.23450320644859,Gene 9
509.5531791516363,24.11618308489217,Gene 17
510.51807564959415,21.434050686141845,Gene 18
512.0561296232004,30.33139091187886,Gene 44
510.37723434617544,20.982939775255605,Gene 44
509.050608626391,21.65914986439882,Gene 45
513.5007646294106,22.814844165914366,Gene 45
511.35074935782876,30.37334457150956,Gene 45
514.6160693265107,29.259124053412975,Gene 45
513.8242566942909,29.419322716651862,Gene 45
513.9256827048065,29.26673034058691,Gene 45
513.124808566501,26.55808466062079,Gene 46
512.3080436541051,20.689494715020203,Gene 46
511.99840519225415,30.16884927589415,Gene 46
514.9651592608234,25.643413827909942,Gene 46
509.7565782943889,23.243969306466802,Gene 46
509.95292994489654,26.080792745162533,Gene 47
515.1633067942505,25.746589010902444,Gene 47
509.7466516743826,21.675326520896157,Gene 47
514.5061034994085,29.1173359980399,Gene 47
514.0472067418534,24.355830592313485,Gene 47
511.45652814757216,28.080413136126534,Gene 47
513.8634956962761,24.851895293776593,Gene 48
511.34493510290946,21.581904686319877,Gene 48
510.63571927427466,26.871476984864543,Gene 48
513.8305653385987,31.251684902727025,Gene 48
513.3301107668822,25.368207783606866,Gene 48
509.599297037644,29.110459740830365,Gene 48
512.8801190981828,30.080200793605073,Gene 48
512.4885734055434,32.629657884700066,Gene 48
510.111132143118,18.982390468266118,Gene 48
512.9400446151741,21.23077594437017,Gene 48
510.89076396727603,27.09552789088697,Gene 49
512.6534593190977,17.527842035511426,Gene 49
512.2286684306143,32.108572179560625,Gene 49
511.8893443254222,17.68722076374992,Gene 49
509.7239815085081,19.915700914663574,Gene 49
510.7891633852561,31.349278025180244,Gene 49
514.176893654818,21.38555964994924,Gene 49
513.7642155239337,28.42989504995668,Gene 49
511.86531880882166,21.070835913995573,Gene 49
517.5404319236746,26.269441486327768,Gene 8
529.1993283591619,28.013875234671666,Gene 8
515.1301136405589,25.518616106791686,Gene 8
528.9652535240709,25.974041520261952,Gene 9
525.5279729621819,28.086622403286743,Gene 15
526.0377188334978,28.515545453661524,Gene 15
520.4210116344137,24.135098876859598,Gene 24
521.4655312204331,28.842206019043847,Gene 28
519.932039402474,24.921998251527942,Gene 28
517.0839254091369,28.466178430586183,Gene 44
525.675417570584,28.966683756192676,Gene 44
518.0734224614196,27.954529273814725,Gene 44
526.2613351684181,25.36732701027029,Gene 44
521.9136578206135,23.914905609976454,Gene 44
522.2882924431226,24.334396521121928,Gene 45
517.9174852559496,28.87433532292903,Gene 45
524.5631811624473,25.065846944625406,Gene 45
526.8783548280293,28.60370622698237,Gene 45
516.940410417745,24.545180528231374,Gene 46
521.1014483343635,24.617456612949784,Gene 46
518.9486927250808,25.594060480586972,Gene 46
520.3721395481147,25.68294738610851,Gene 46
524.7990596262856,28.276561979329017,Gene 46
523.7233926590008,23.69369553491029,Gene 47
517.7071433455803,25.94905254565599,Gene 47
526.4333743455879,28.447501018374602,Gene 47
520.5328095457542,26.703497162394115,Gene 47
517.6557624127173,26.942889161948024,Gene 47
518.5966333759559,28.07308841623132,Gene 47
515.7789050480067,28.55063777357375,Gene 47
525.8886222971531,26.449782222668983,Gene 47
521.0083659648387,23.89798347534621,Gene 47
518.222440859297,26.22213196691354,Gene 47
518.1580923442164,29.639307424213353,Gene 47
523.4815199076357,27.258689097345876,Gene 47
524.3748343086878,24.93570215625478,Gene 48
517.4379565788436,28.496780155310983,Gene 48
521.9794627762644,30.069266181949722,Gene 48
523.638814127039,24.19086165584585,Gene 48
527.7140603682167,27.875202687684805,Gene 48
522.8531981151631,28.839187014640142,Gene 48
529.210403148537,25.893332829530344,Gene 48
528.929508833365,28.054445781268434,Gene 48
526.8431147986255,28.486795421425022,Gene 48
524.2918340716349,23.361000936157048,Gene 48
521.9152661658222,24.304323814978424,Gene 48
523.8161221908898,27.694357654096052,Gene 48
519.8603525447187,24.863279343586353,Gene 48
515.0763631176184,27.869505977666382,Gene 49
519.3338228629627,23.77416097098981,Gene 49
521.3609745944617,28.507214260138817,Gene 49
516.2204046017478,27.933605017252958,Gene 49
519.4095203253463,24.024081119652887,Gene 49
522.3288917510259,28.944452625698244,Gene 49
525.043494716838,24.52674962007661,Gene 49
520.6454740960316,29.517580967004577,Gene 49
527.7788570808821,25.283051684244608,Gene 49
531.8854558607429,17.67560730937359,Gene 8
532.817999184079,16.47796431750978,Gene 9
532.9564579679721,28.813614136979805,Gene 9
536.2562864664595,27.731408960806405,Gene 16
534.9233985956664,23.108109377516268,Gene 21
533.9548658247212,18.69734547208816,Gene 42
534.3593806917128,18.695962982129544,Gene 44
535.8451447808771,28.227553826861573,Gene 45
533.8065578829573,18.190308285218936,Gene 46
535.0946761198219,16.987992721417026,Gene 46
533.1989164621281,24.765136340256806,Gene 46
533.4163699396305,18.24508972254986,Gene 46
531.5410821521639,24.940235511676452,Gene 46
535.0761464055881,21.089724582930593,Gene 46
536.9366240477044,26.75252836657114,Gene 47
535.9319303992604,23.23902538845517,Gene 47
533.8826177850392,19.342188771228624,Gene 47
531.9003918130616,22.84783632709086,Gene 47
533.7487836612094,21.393369106546047,Gene 47
536.2831336582245,20.73595109009958,Gene 47
531.6727744263088,21.95817360353378,Gene 47
533.319070822315,17.735385700080894,Gene 47
535.1846000386707,19.70020210700845,Gene 47
532.6210627251461,22.7827542431525,Gene 47
537.1933463392527,28.007990196510708,Gene 47
536.9691025182912,21.724741848027676,Gene 47
531.3159702868164,19.57940455718858,Gene 47
535.0309179936821,26.12534403168054,Gene 47
532.5847311202975,29.589113052962745,Gene 48
535.025478361608,18.043533520570936,Gene 48
532.0658319624048,27.013604735098248,Gene 48
533.9687551263455,29.251406683875558,Gene 48
531.7149027116211,18.101571930754297,Gene 48
536.7921561256519,18.901679140338906,Gene 48
534.0870734058626,25.7306358270236,Gene 48
535.537843839526,28.202321630846214,Gene 48
533.8361604870798,29.080548160024406,Gene 48
532.4870004333222,20.923701669757385,Gene 48
534.6607543607256,16.447594681759863,Gene 48
534.5381329939601,16.887972158408736,Gene 49
531.1341100194312,22.65296786561954,Gene 49
535.1043600993693,23.563127485831764,Gene 49
530.8303970132854,21.519218556451918,Gene 49
531.6899429101461,20.98174952045103,Gene 49
533.1413425023879,30.487240818294037,Gene 49
544.1143088456137,26.06496698727021,Gene 8
541.0614621490388,17.504504659537012,Gene 8
544.1226207980309,27.126166619043733,Gene 9
539.2555656181071,27.692341397943164,Gene 9
542.1879803072752,18.25239202706968,Gene 15
543.8128538389611,19.85018968027016,Gene 17
545.4502126101929,24.156249345276116,Gene 21
544.1261330633051,26.390157377278,Gene 24
543.404908943786,19.410067920539717,Gene 24
543.582307399329,20.013202062847927,Gene 40
543.5232182631904,28.60170436090257,Gene 43
537.5216521671615,21.75133624615044,Gene 44
540.5904617070977,29.602373087180236,Gene 44
541.0350815984626,30.48148818920898,Gene 44
538.6148390646521,20.909261456065348,Gene 44
538.4623410369646,26.103138870856785,Gene 45
540.3379330761314,28.533562920805974,Gene 45
541.0937036910067,28.35921205748911,Gene 45
543.5979555360162,23.96272307315462,Gene 46
538.2305955304469,22.73592159516631,Gene 46
540.7533842235725,30.087916205965783,Gene 46
538.5689380793548,27.87705726937319,Gene 46
542.6402970930419,21.73821675172259,Gene 46
538.1935212986326,26.77858495189459,Gene 47
541.4396383947399,30.788413699989302,Gene 47
544.053727470657,22.93991984177801,Gene 47
543.7530788699513,30.20781876154412,Gene 47
543.4053103778872,28.68972369963625,Gene 47
540.9306802333928,19.010454112929022,Gene 47
540.1786439690324,17.78334446903227,Gene 47
543.2900049037413,29.114320876824834,Gene 47
543.8923933712043,19.754468058164022,Gene 47
538.8872345750574,18.30389920074146,Gene 48
543.612403770663,27.07312063275155,Gene 48
543.1116146614957,28.03366560871713,Gene 48
538.4805855611274,29.682480200633044,Gene 48
542.5152245019696,25.058299171544853,Gene 48
537.9436836080241,21.64449631184845,Gene 49
541.7856556640452,17.976133362260146,Gene 49
540.63204294068,29.70181477655612,Gene 49
539.5518179292407,28.282389983467148,Gene 49
542.2912212927844,19.949170229651052,Gene 49
540.3756351408975,20.87384674359433,Gene 49
541.5484024573811,26.528396642546124,Gene 49
537.0023280044132,22.82330906551471,Gene 49
538.8760198727138,20.269267191809686,Gene 49
542.4533532370341,23.968640079963542,Gene 49
540.3005413033113,20.211702564606682,Gene 49
539.7402653379171,22.63969607040148,Gene 49
554.6653791743889,25.746518843142045,Gene 8
545.9149393989326,30.754323667381595,Gene 9
543.9715521589342,28.11336385766046,Gene 15
551.166199653864,31.184530676890958,Gene 22
551.9179200992832,25.858454169064938,Gene 24
543.3515405701793,29.24024344230698,Gene 24
550.9214120732831,24.01538454175719,Gene 24
552.2615138983887,29.176077947608647,Gene 24
546.185421368101,23.472218241111243,Gene 31
546.2836038366419,23.455379352448176,Gene 44
544.2730589038381,25.7611459286161,Gene 44
550.5849859093056,23.390096689026223,Gene 44
547.4036055261081,22.685807000459974,Gene 45
550.1537134541178,22.481234564980767,Gene 45
550.8191846358119,29.274312180237438,Gene 45
546.5166900306178,29.24713516274011,Gene 45
543.8152398338742,23.770854304661672,Gene 46
545.3263792728826,29.426472654705464,Gene 46
552.9046135516143,29.64202940488516,Gene 46
544.4533842808519,25.983031124752955,Gene 46
550.8980805028114,29.83618995444492,Gene 46
554.3683872732205,27.29566116569545,Gene 46
546.1624921898422,28.56647417485075,Gene 46
548.4075238674911,25.45821179950388,Gene 46
552.7543814479137,26.736496320004175,Gene 47
550.601519922303,30.95764709337751,Gene 47
546.7025307218955,23.15750165604892,Gene 47
548.1263204825175,30.40384321328041,Gene 47
548.4407420514888,26.46163126608093,Gene 47
547.8553949660809,22.00156670588929,Gene 47
549.609787045004,30.828474726258673,Gene 47
543.6170891336525,25.408440977546057,Gene 47
553.3733102377546,25.055604508127324,Gene 47
545.5905303402444,26.39615743174023,Gene 47
552.9790534002896,24.151315297314625,Gene 47
544.7973435626004,26.50659068262672,Gene 47
554.6367590568407,27.98051815120223,Gene 47
547.1672761417435,23.68509300261754,Gene 48
550.920838709948,28.337489242639357,Gene 48
544.4102920420136,30.489802772575093,Gene 48
542.7850196896873,26.878868211903818,Gene 48
550.9947375947639,23.572613738124904,Gene 48
546.4534095939209,22.349613104917044,Gene 48
553.5409893131445,26.86759439328925,Gene 48
548.5236531241436,23.665956037748177,Gene 48
548.2828542551363,23.463654092053055,Gene 48
545.3705107155577,26.016483219284464,Gene 48
547.034682595861,22.928556831353685,Gene 48
550.6358125424724,22.559927791933823,Gene 48
544.3654154162948,29.618456947424814,Gene 49
549.298784870267,29.076685233215446,Gene 49
551.7416206425214,25.700180704524186,Gene 49
554.2271527576879,26.318768795834345,Gene 49
547.1839103423083,27.253808420109223,Gene 49
546.2637643849042,28.82103630492551,Gene 49
562.6328225521743,27.618757382071117,Gene 8
561.211444165554,21.225993959463615,Gene 9
562.1667027477079,26.745757946704323,Gene 9
557.2824844618192,23.428432413595015,Gene 17
563.2700980466875,29.29793744137028,Gene 17
559.3009185644371,21.897515095508005,Gene 24
564.2694834040757,25.311960913413685,Gene 44
562.6735871265295,28.560449672530265,Gene 44
560.9559944725148,29.727080020412878,Gene 44
560.1899356902386,28.675459479787435,Gene 45
563.975735737677,23.72837910154709,Gene 45
560.0622313142532,31.473492205544055,Gene 46
558.9983513934715,28.827996114359344,Gene 46
562.2812661380326,22.631677301698232,Gene 46
562.9636429362074,21.746888351524888,Gene 46
561.829446052649,29.627100166438144,Gene 46
560.4200656955044,20.02299855669682,Gene 46
561.6012934648559,17.28490127998449,Gene 46
561.623705440933,27.234906564892736,Gene 47
559.4198806827309,32.275877838472205,Gene 47
558.1176274847704,27.602027135884335,Gene 47
559.9325074659689,18.123325204981384,Gene 47
557.7850395084458,28.60843754951329,Gene 47
557.2938844524983,26.5332183291956,Gene 47
563.2359783843476,23.783862632342245,Gene 47
559.3293922857301,21.209478514922814,Gene 47
558.0649700618002,24.905205031252915,Gene 47
560.5809354045357,20.87627674853048,Gene 47
562.9921698357418,27.000542947781724,Gene 47
561.820744086843,24.039117585127286,Gene 48
562.4595415935463,24.117669405270593,Gene 48
562.2852692838643,27.368872529716402,Gene 48
561.480627878687,29.05638107912883,Gene 48
563.4232882589357,25.774229187199914,Gene 48
558.0085997588158,22.95471200304543,Gene 48
563.9234218424301,23.384273873277937,Gene 49
558.0185672642083,23.99883448808585,Gene 49
557.4569927681697,26.70208432069461,Gene 49
557.6653570515429,23.935205346513325,Gene 49
559.6430908310808,18.745718922909315,Gene 49
563.5000456457154,30.118173063348777,Gene 49
561.935212658072,31.05110729949591,Gene 49
561.5243840192011,19.740982714349705,Gene 49
562.8270413736407,23.882827723079007,Gene 49
558.2604294037743,21.05976810718509,Gene 49
558.5213843472671,23.048645979695156,Gene 49
559.7854929806093,18.694363637938146,Gene 49
558.2599996508703,28.802250132358147,Gene 49
571.8091381703164,25.60034133615873,Gene 8
575.8286349244298,21.612630392010683,Gene 8
577.4028517291306,23.820449177724193,Gene 8
569.5976589611031,25.50100845615265,Gene 15
576.1030194049785,23.425172887258988,Gene 15
574.9958460743794,23.951839064810773,Gene 16
574.6552798315159,26.33017315361984,Gene 17
569.9477042846754,26.54874717292904,Gene 17
571.2100789047263,27.376439839490125,Gene 21
572.648667450642,19.59543556700884,Gene 43
572.8805101275034,20.547516017704858,Gene 43
575.770072880697,25.47735944999038,Gene 44
572.5408556847077,24.269056972429464,Gene 44
573.4461045054262,21.197072033459584,Gene 44
572.0869660831055,21.562381235346653,Gene 44
566.9923661747489,20.88967906700483,Gene 44
576.0135143544214,22.483402928758053,Gene 44
564.4880367340688,24.40236232370366,Gene 44
576.072419449029,22.55394889410561,Gene 45
573.0219678085557,19.843171555287707,Gene 45
565.5005927779108,25.24467962927734,Gene 45
566.9766495387336,21.801191175254,Gene 45
563.912927602927,22.59007954831286,Gene 45
573.8809064779219,20.444351475807572,Gene 45
575.2562899541971,26.21453291033443,Gene 46
571.6530005946438,20.34044368089153,Gene 46
565.1073270114355,24.319096489914493,Gene 46
567.8721311857629,25.759542193390903,Gene 47
573.7656319779261,20.58818782952779,Gene 47
570.0387508399226,22.293058599479107,Gene 47
574.8136290917826,25.54562934801605,Gene 47
568.726992261888,27.139258998481957,Gene 47
575.5603509589055,24.615844036774153,Gene 47
563.2967200131692,24.09913655099513,Gene 47
569.9487512187715,26.886720551329976,Gene 47
574.824852247919,22.335150845109247,Gene 47
573.8624880227906,24.340027233621687,Gene 47
570.0332272771394,27.142694395753168,Gene 47
565.4146390673658,21.908254247421908,Gene 47
568.9791074125261,21.59796812573255,Gene 47
575.4826646999555,23.406679279749675,Gene 48
574.1053962260044,21.640374393241427,Gene 48
574.8660057837985,25.76414858372744,Gene 48
572.802037386371,24.964727407001476,Gene 48
566.6746046119572,23.762152968198073,Gene 48
568.2721628120956,27.07253914266658,Gene 48
576.3982947968988,22.597004630010737,Gene 48
565.948733020825,22.27721557583743,Gene 48
572.8855981723442,21.692479816099155,Gene 48
564.687353262962,23.986670635599236,Gene 49
575.5076503438477,25.408268024212163,Gene 49
565.0040645036081,24.286366932098847,Gene 49
576.3614185571838,25.56632547038957,Gene 49
564.7871892196872,23.523635606908986,Gene 49
572.6419223261488,21.069996419108744,Gene 49
568.1887570289718,21.378222031721613,Gene 49
568.1392902685357,26.93107965237098,Gene 49
576.9265219334372,22.175573308699764,Gene 49
566.7056125650777,23.08537087592992,Gene 49
581.1852697973752,30.156487768892376,Gene 8
580.4280136208548,21.927951270860156,Gene 15
580.587606831186,24.31680302286651,Gene 15
581.9316176127181,16.98605209162858,Gene 24
581.3383437069069,25.908609207728333,Gene 24
581.8562999921655,29.09436575172271,Gene 24
581.663881250986,16.77191416897629,Gene 44
581.1271159056326,32.12774386289368,Gene 44
581.9047706900536,27.631419885779223,Gene 44
582.0041989364738,31.7119962770124,Gene 44
582.2227148763541,21.377662830137716,Gene 44
582.9408347153732,28.989265224070124,Gene 44
580.909871714175,21.909193764901655,Gene 44
582.3913748237039,17.30625251398559,Gene 44
581.0704198587432,17.332501556538496,Gene 44
582.125945772377,17.756849731300186,Gene 45
582.3610396479384,29.929304177322575,Gene 45
581.9602887042628,15.51026968479507,Gene 45
581.7277181529032,16.27062156316081,Gene 45
582.2158478878624,28.052764313368407,Gene 45
582.7001740089202,30.127132582223993,Gene 45
580.3612441127025,22.943708521198577,Gene 45
581.951183059498,14.426080153985243,Gene 45
581.560831524285,14.79076823718873,Gene 45
580.6466055899551,19.92917012008404,Gene 46
581.7568792752895,25.188364454109653,Gene 46
582.4809755818693,23.517215379615724,Gene 46
580.6038381648043,28.398958853170576,Gene 47
580.8006836627859,21.61230017361556,Gene 47
581.293295315934,30.319864833142205,Gene 47
581.8168128382413,33.39841660168865,Gene 48
580.4058761000745,19.325617535567318,Gene 48
582.1663935493585,32.47334740971439,Gene 48
580.7198829308776,16.894927391302026,Gene 48
581.8152619467778,16.053065135878406,Gene 49
581.569346398592,30.948560929892935,Gene 49
582.0826243845679,21.407726226900202,Gene 49
580.8982236615599,15.058192021549432,Gene 49
581.0957823936611,14.5662353669952,Gene 49
581.1235321282891,19.262763066423105,Gene 49
581.0213253287515,16.42436156420902,Gene 49
580.8355480052776,18.664925428070948,Gene 49
582.3020986863238,15.347553265415511,Gene 49
582.2952555146563,31.146155418618978,Gene 49
590.084229704798,35.57092747854041,Gene 9
590.0834291735794,20.239406178496925,Gene 17
589.9617916098384,19.87204920327118,Gene 24
590.0940332358593,34.4846032274139,Gene 24
589.947522422915,28.627263683835594,Gene 40
590.1052679719899,22.925762853773673,Gene 44
590.0565836204211,26.021061279432093,Gene 44
589.9478673251008,32.35929521223394,Gene 44
590.0805242960174,18.923020576875757,Gene 44
590.1045229191949,31.353928264791133,Gene 44
590.065488660551,18.39173065897193,Gene 44
589.9461796835208,24.312193870878758,Gene 44
590.0687288043986,35.82906022014165,Gene 44
589.9895431363527,17.170642429188437,Gene 44
589.9855005214117,23.510818612309905,Gene 44
590.0688130238566,30.96309305393312,Gene 44
590.0099802707533,19.909123723619775,Gene 44
589.9301922786839,31.245884332885993,Gene 44
589.9594863215588,31.337622847667365,Gene 44
589.9458730313964,29.00746972046993,Gene 45
590.0382047365005,19.932624661759093,Gene 45
590.0282330722576,33.858508961057346,Gene 46
589.9985060978415,30.317601327275277,Gene 46
590.0381081326552,34.4618243762394,Gene 46
589.9351187453524,30.15026249067095,Gene 47
589.9355755316814,32.03720107191223,Gene 47
589.9678093631663,21.57280153564474,Gene 47
590.0756555164548,18.57417728350305,Gene 47
589.9645841861889,31.09910763255512,Gene 47
590.0379744672017,21.85091694992243,Gene 47
589.9735164823334,31.00152434031635,Gene 47
590.0264046622824,20.595875258038898,Gene 47
589.9661274824981,17.75802971269627,Gene 47
589.9411653556305,34.85685864863032,Gene 47
590.0685877113316,18.299130981180888,Gene 48
589.9793704455091,32.800599252759575,Gene 48
589.9622268031068,36.316927148882556,Gene 48
590.0134095741639,18.81675741623509,Gene 49
589.9714454459088,23.395938862850365,Gene 49
590.0475508352929,24.06057164128308,Gene 49
590.043970958316,24.891926677560733,Gene 49
589.9358715358625,24.841908494084336,Gene 49
590.033684874599,23.876594992546305,Gene 49
589.9385255220465,23.959859202195855,Gene 49
590.0654662638254,29.32683503754921,Gene 49
599.3787849954316,27.069730219147367,Gene 6
597.2925244342365,20.097231593741178,Gene 6
600.6928640642814,20.07562266777798,Gene 15
597.4890079751689,26.10492916841312,Gene 15
601.4037365076587,27.887875558271247,Gene 24
597.7338866209899,29.241154640535584,Gene 24
601.4309634995393,22.478154585243406,Gene 44
602.5041200734829,21.816390438923857,Gene 44
598.4165397027931,27.99328377299178,Gene 45
602.969313755744,24.65905956126833,Gene 45
601.836811539528,30.21483904988662,Gene 45
599.2812950728795,18.969767351043764,Gene 45
602.0178967400731,24.76902830778645,Gene 45
600.1610551313203,29.52309053268222,Gene 46
601.2984770675906,24.62931387202422,Gene 46
598.1833153594127,31.48506962553187,Gene 46
598.1964364152846,32.14587134899043,Gene 46
595.5987074794936,20.919697167345547,Gene 46
597.5946318089746,26.020447072061888,Gene 47
597.5459193494898,18.292991876455492,Gene 47
597.4405521469042,18.076234667493985,Gene 47
601.1901807300253,29.715219122833233,Gene 47
596.8744565994259,25.069870385260206,Gene 47
595.3642095625573,24.509493622004083,Gene 47
599.8319905301246,28.59330739289481,Gene 47
601.7090079540176,29.182562798675434,Gene 47
596.6909955232074,30.928920789526874,Gene 47
601.6083402773278,19.44173800398953,Gene 47
595.3213745273937,20.528077832907268,Gene 47
599.9389777639087,18.529985955680836,Gene 47
602.4961562733288,27.362722216838023,Gene 47
603.4175037641667,22.62613114001796,Gene 47
601.771948712916,23.810209643158398,Gene 47
600.7734095843708,28.526561772643554,Gene 48
600.349717847475,32.560814528039614,Gene 48
600.2182852059597,18.19535452893983,Gene 48
601.9767123789659,24.902721568597055,Gene 48
600.2797973857304,17.432770592421747,Gene 49
598.5478556857819,19.767926984086806,Gene 49
600.446676368134,18.368831899317204,Gene 49
598.2132169729343,20.980106635102413,Gene 49
596.7313461923967,22.096320272528107,Gene 49
598.7370862582121,28.648418077137123,Gene 49
598.9716730672449,23.20296388428056,Gene 49
598.3106986781255,21.019380957240106,Gene 49
598.2979429424456,31.747367806315832,Gene 49
603.4188871418959,23.673033840091573,Gene 49
599.8917129547862,19.940590779611473,Gene 49
598.8511804933273,18.150840162221677,Gene 49
601.8303439354885,28.017211140920033,Gene 49
596.0236855198414,23.931753834695716,Gene 49
504.5601626247479,46.53334568922265,Gene 24
504.6038068144043,41.943691800524284,Gene 24
504.66364300355843,45.495310432967955,Gene 31
504.34151180869117,37.389807495699856,Gene 42
504.8095050284217,42.82354254170316,Gene 42
504.4639842944425,29.995993397081488,Gene 44
504.83866377493916,42.786850111882636,Gene 44
504.62366769334625,43.39218697499042,Gene 44
504.74481062535216,43.19870595840286,Gene 44
504.58001007551127,46.47030792484101,Gene 44
504.73525330021755,26.91412562868252,Gene 45
504.596261092758,43.466993240359216,Gene 46
504.71879247917457,36.6225505712057,Gene 47
504.7655208296206,26.88686919202864,Gene 47
504.4793621303783,33.82684247773011,Gene 47
504.47133134229745,43.121249566534814,Gene 47
504.93815527635985,33.636906719403676,Gene 47
504.9300085016993,35.48084943261345,Gene 47
504.5935249068095,29.65882991487631,Gene 47
504.6336199838925,28.505431136241853,Gene 47
504.6252678180634,42.85098461839505,Gene 47
504.4763602232215,29.07723376001693,Gene 47
504.4167163837573,39.863100829050886,Gene 47
504.6838210887788,44.09845974811029,Gene 47
504.61435023858616,41.977182792732485,Gene 48
504.36956652902063,36.15514757018498,Gene 48
504.9706812534242,36.82531639248469,Gene 48
504.7543845013719,40.322579135435106,Gene 48
504.5590442769461,26.522730869305008,Gene 48
504.56270162223404,44.876838721956986,Gene 48
504.52213467508005,41.617946394544866,Gene 48
504.65081188904,28.570701973424768,Gene 48
504.5295172024028,46.289757060903284,Gene 48
504.7253945589012,40.01128640510723,Gene 48
504.40374960571216,34.84983954797342,Gene 48
504.55205328170234,44.595903796719234,Gene 48
504.8863962533153,38.85146107280646,Gene 48
504.86297086528805,38.898934158004906,Gene 49
504.8542337973056,42.221416265712676,Gene 49
504.883846492131,34.4839324777081,Gene 49
504.8792572477004,32.574887622641036,Gene 49
504.50931191214534,43.82701495994662,Gene 49
504.82075280754185,38.670022418121484,Gene 49
504.7125411620289,27.312516549156292,Gene 49
504.53739296440574,38.955345076166864,Gene 49
504.4848495412112,29.262612006153404,Gene 49
504.73095883122653,37.74871365595589,Gene 49
504.7398864184843,37.33638007054962,Gene 49
504.7567503516797,34.26015018138691,Gene 49
504.470319162068,32.76740482587016,Gene 49
511.3681302075906,32.806998703446055,Gene 9
509.529165532629,34.190150329518296,Gene 15
511.7076309844692,32.392396571698704,Gene 15
509.59287965471253,35.083031183334576,Gene 24
511.17449769404686,29.091380774307456,Gene 24
513.1428307968698,27.644916106458048,Gene 24
511.9954805692579,27.769160005067896,Gene 28
513.4754060982399,30.812007794944957,Gene 40
510.3203052925181,31.515061904210707,Gene 40
511.72832426765586,41.83058753702327,Gene 40
510.5686264128026,30.66292641937143,Gene 44
513.6312652327664,30.97876579123276,Gene 45
509.8867814802503,31.74663083427095,Gene 45
513.361586846316,29.03080703030833,Gene 46
509.6573796354778,36.75355686629186,Gene 46
512.1144773242993,28.46226729612352,Gene 46
512.5440605074918,42.5583562740283,Gene 46
512.337718591532,30.165242889706757,Gene 47
513.1544944499205,39.31313665125614,Gene 47
512.9085607389316,34.12739911593688,Gene 47
509.66804505702385,39.857517243967244,Gene 47
513.3090782297793,30.068757494186,Gene 47
510.7830706196121,34.993303184300416,Gene 47
510.1473823176766,39.20403365040959,Gene 47
511.0706423947879,38.22845706997668,Gene 48
513.1694849226668,38.67894168253715,Gene 48
511.44766223811337,43.813407953332245,Gene 48
513.6630846248931,33.17486321663239,Gene 48
513.094934617802,29.292744828604615,Gene 48
511.3890356520726,30.314768651054255,Gene 48
510.13705668597123,38.405915219731085,Gene 48
510.43737435336016,27.673426816958628,Gene 48
512.4494394372584,42.98497483295786,Gene 48
510.8854179311018,39.74697302209421,Gene 48
511.9491740090983,41.459500434119896,Gene 48
509.6892962925102,38.31609737265779,Gene 48
510.019736773127,39.21151996288428,Gene 49
510.01661498499845,30.08713055532344,Gene 49
513.6159614496615,30.3650125065043,Gene 49
513.0677253476097,28.96548536955815,Gene 49
510.42617055190397,29.620114312009775,Gene 49
527.1830141784596,28.956289672785438,Gene 6
528.8944059667393,38.327628015557984,Gene 9
527.0322088719865,30.071943469409504,Gene 15
527.9093727783095,29.569347348912757,Gene 16
526.4344598955352,38.2226495336895,Gene 24
528.7286891936319,42.11719436958628,Gene 24
529.3598862288047,32.562104374246545,Gene 28
527.6326102140656,27.255096383963746,Gene 31
527.6776518473707,36.95105723845396,Gene 44
529.1373141161704,37.67935948823766,Gene 44
528.3749611122395,32.206748572503145,Gene 44
529.0690179514364,31.49416071060223,Gene 44
526.8220033533469,30.400599861050942,Gene 45
526.634039704797,41.60121638647195,Gene 45
528.413530126988,43.98581187476431,Gene 45
526.1965112775049,40.52346027374801,Gene 46
526.5697264004293,35.717267495318815,Gene 46
528.1470805171552,31.71911730865429,Gene 46
525.8062738877891,39.17749878369254,Gene 46
529.1747555625899,36.41232676136738,Gene 46
528.9707263789885,42.259363651698735,Gene 46
527.5843730026564,43.6573307501235,Gene 47
527.6710116523816,43.718192318480064,Gene 47
529.121917686125,41.99330060162578,Gene 47
528.5848982254354,43.076012248731395,Gene 47
527.2111911141895,31.374422236888574,Gene 47
526.6311013092414,40.741520146655546,Gene 47
525.6207839489434,37.69305658664104,Gene 47
526.1893795756087,36.8659507015596,Gene 47
528.0125141576766,30.96722031393561,Gene 48
529.493651704278,37.819864335762965,Gene 48
526.3382553573327,33.27802510449896,Gene 48
528.2451545090576,29.571949459154794,Gene 48
525.7499972088444,41.71308888216761,Gene 48
527.7207067992928,28.62172359655549,Gene 48
527.8310136488485,45.273436517355805,Gene 48
528.2465752111199,37.65596744003063,Gene 48
526.2982211611416,42.150040950595226,Gene 48
528.0363159055851,39.984965061488445,Gene 48
525.799727690309,38.0644621509656,Gene 48
529.4450815112699,37.42215375718501,Gene 48
529.1711776851887,31.900443288031084,Gene 49
528.523157588525,30.043308685130253,Gene 49
528.7329801007402,29.479818546034537,Gene 49
526.658870284534,41.07742829304459,Gene 49
526.1624215591834,34.56598188146713,Gene 49
529.1250430601056,40.95442904742011,Gene 49
529.303862792902,36.14674870301899,Gene 49
527.8191101090533,42.938951145561695,Gene 49
528.1996676230501,32.379436380684666,Gene 49
526.4112777571921,43.83507515842752,Gene 49
528.9595606283566,33.27369214233832,Gene 49
528.6945635071818,33.22063649544979,Gene 49
527.2715751809945,42.85841326045128,Gene 49
532.6699193366079,34.72672149439863,Gene 8
532.0317789030568,25.825360118972885,Gene 9
532.4328650135229,25.044226944872705,Gene 16
532.7042780166894,37.280202898229845,Gene 21
532.2890705103093,43.196588583913595,Gene 24
532.0578303282902,38.99764908202294,Gene 24
532.4491944785136,37.23467869908947,Gene 24
532.2969291281142,22.943124020096892,Gene 26
532.0116342667787,35.13010295126268,Gene 28
532.2618104165526,42.08323598373394,Gene 31
532.3009346731433,35.16845007443082,Gene 44
531.9216494726317,31.54116060784272,Gene 44
532.4966740386925,27.343839722240034,Gene 44
532.1486852385498,29.726370126363825,Gene 44
532.6240094335781,31.815249636397038,Gene 45
532.408416641364,42.64067726633531,Gene 45
532.0112936536195,28.682538748551302,Gene 46
532.0991165258883,39.303905708821326,Gene 46
532.1293350338589,29.88314731221607,Gene 47
532.3728925058001,28.439426071534783,Gene 47
532.7627646898688,26.313780401136476,Gene 47
532.1956858101277,37.25008379354807,Gene 47
532.7917274949149,30.258413974185796,Gene 47
531.9699484321688,25.374601107348347,Gene 47
532.4216462103352,39.684930868933705,Gene 47
532.1005073378542,41.12967610435086,Gene 47
531.9799888465685,34.98586389354041,Gene 47
532.0190893804718,24.640053383087455,Gene 47
532.6849841725427,38.60942684255458,Gene 47
532.8132329470983,34.54363914197416,Gene 47
532.2099430704432,39.25457424844944,Gene 47
531.9512997380779,36.06959132369634,Gene 47
532.3836105393793,25.803914091511448,Gene 48
532.5231521512205,35.99510727116058,Gene 48
532.8452781792083,33.60895982605854,Gene 48
531.8241029277543,32.71781331643293,Gene 48
532.6569074144512,28.64355719450935,Gene 48
532.6846969661067,34.82597543438812,Gene 48
532.576425580067,35.332417275368115,Gene 48
532.6322984208068,33.75139980124366,Gene 48
532.6557411240179,35.9059292158405,Gene 48
532.4053470905617,28.587113882916938,Gene 48
532.207349415587,41.131092522980325,Gene 48
532.2179065482381,27.327618915585944,Gene 48
532.596470174141,38.575818832165865,Gene 49
532.759504669666,33.816305271103516,Gene 49
531.9156917686402,32.5031856885179,Gene 49
532.3922378215375,25.98605619464503,Gene 49
532.0532230317938,26.932863466610815,Gene 49
531.8184263648284,34.45915650157631,Gene 49
532.377942290171,32.46886762542787,Gene 49
532.1865275281715,23.58669889259029,Gene 49
532.1403532196771,38.28161964913189,Gene 49
532.6942093230692,29.408660847758,Gene 49
531.9253160433399,31.560265910896565,Gene 49
542.3475824832552,33.435944642041164,Gene 9
544.8738850711868,41.20140516871257,Gene 9
540.9222358725249,37.360475697880496,Gene 15
546.6456319904217,30.20141607977566,Gene 15
542.8587888619646,30.308052134356895,Gene 17
544.425730811964,36.862039253784886,Gene 24
545.5830188826505,29.27756005078752,Gene 24
542.6537147557627,41.07400367648758,Gene 44
545.5261847159419,35.7841102805296,Gene 44
543.5689236126018,40.775735026558884,Gene 44
543.9855062029764,38.71956736563043,Gene 44
544.1626724188854,42.45228077650347,Gene 44
546.6301061200021,32.74009985851816,Gene 44
545.0445762225157,40.791422140116126,Gene 45
543.6980167316218,43.15687394994267,Gene 45
545.9932389186839,40.048493588486906,Gene 46
546.9988560342315,30.035375829845147,Gene 46
542.1762507620793,29.81088117706715,Gene 46
546.8791049040991,32.67627856030549,Gene 46
543.1526660680014,28.835696240450773,Gene 46
542.9007062271126,27.585960209971542,Gene 46
545.3535952352538,35.88040195580344,Gene 46
542.8171868465221,41.77913935458477,Gene 47
541.4300445804516,38.22141273918225,Gene 47
544.5032769546225,29.2145506977724,Gene 47
544.1638072380806,28.253104976678333,Gene 47
542.9982562477941,33.31379610908326,Gene 47
546.5468746419893,36.68137954808169,Gene 47
543.5406933728696,30.6839494488699,Gene 47
545.0562256325662,26.523256947257657,Gene 47
546.7278138700246,30.07104811428656,Gene 47
542.5649245756055,40.6316898031332,Gene 47
545.4643409959971,41.30842152755801,Gene 47
544.5251492640646,43.06246026326833,Gene 48
545.3959154481684,34.878875244049965,Gene 48
546.4300525491311,38.65950553024788,Gene 48
541.9609917164747,29.997230117645632,Gene 48
543.2471617061227,38.415089698771254,Gene 48
544.8530856740292,27.30607767553551,Gene 48
545.3089924418456,42.400321820914456,Gene 49
541.0454019009513,33.98463666348411,Gene 49
542.9247587897022,41.32221375508688,Gene 49
542.0674816542291,32.65731207433441,Gene 49
545.4761131100275,35.0408662164648,Gene 49
541.9210445360503,31.15571284472925,Gene 49
546.1846770613614,38.72962637254411,Gene 49
544.026786287218,28.247953540268583,Gene 49
542.5819996232668,32.20114311851255,Gene 49
543.4259587871318,28.61711503566652,Gene 49
546.2770218174742,39.286439578298086,Gene 49
553.7482970669632,41.42215242710895,Gene 8
553.8780844866805,33.01338244703194,Gene 9
554.0322457199551,39.21653565418585,Gene 17
553.8426615354872,31.99257257961075,Gene 17
553.8219893020204,31.508030073693213,Gene 24
554.0485995746293,38.96806136755764,Gene 24
553.7225835494321,41.53335818502762,Gene 24
553.9914972143099,30.346852218567456,Gene 24
553.657358768952,21.956225768530285,Gene 28
553.6765730360627,38.07161320537159,Gene 44
554.0311814324973,39.031150980927926,Gene 44
553.9765416697945,32.732020827278895,Gene 44
553.6662909064049,41.19767918856641,Gene 44
554.0627843971437,35.53082559788812,Gene 44
553.8956233748623,23.13836808633612,Gene 44
553.5829364538636,29.04118441452019,Gene 44
553.5310891461904,28.385153035662903,Gene 44
553.5799197156111,34.949514351481106,Gene 44
553.7991294075567,22.641357701400466,Gene 45
553.5804613773572,26.61210033688962,Gene 45
554.0372941282826,34.00128159361404,Gene 45
553.7101705509106,24.97337347172553,Gene 45
553.6012074777095,24.572338015280813,Gene 45
553.9914860653482,33.608884917609075,Gene 45
553.4185043913867,32.74450410865739,Gene 45
553.694244428778,30.218085878615497,Gene 46
553.8636147076828,24.52925445269512,Gene 46
553.8203193113449,24.623680659806094,Gene 46
553.9646360688868,35.03241410111145,Gene 46
553.5367908428241,33.233612865267624,Gene 46
553.5549480439829,29.767043400382363,Gene 46
553.6499761795137,26.920558186109375,Gene 46
554.1124371781093,31.376019563565883,Gene 47
553.4743938045183,31.243339162787873,Gene 47
553.9663181698791,24.571039811486923,Gene 47
554.028901917496,27.426004478863682,Gene 47
553.9826551662096,30.273631873147586,Gene 47
553.4508958949929,35.66606716708455,Gene 47
553.9266993458758,22.99520857167343,Gene 47
554.0023468494129,40.5810884584358,Gene 48
553.9733707271973,36.92998341109679,Gene 48
553.9581273025204,24.356003077105917,Gene 48
554.0245501330261,39.78875929837139,Gene 48
553.6016405713071,30.00112378262285,Gene 48
553.5368326224743,35.93533237398097,Gene 48
553.7566219026895,41.869870844133914,Gene 48
553.5638986245054,29.48745624527775,Gene 48
554.0978023456901,38.480991756643554,Gene 49
553.4531939158574,35.35303850209066,Gene 49
553.5192084471684,34.25621979609899,Gene 49
553.4634533452742,33.53006391335292,Gene 49
553.5482907528492,36.995389883279785,Gene 49
553.9713489699359,27.85625108522494,Gene 49
553.9140637100795,40.95533206357235,Gene 49
564.4270471472555,45.93307389716442,Gene 8
567.3874237885738,39.096013792097686,Gene 9
561.4552388191975,41.98189053139939,Gene 17
561.0367835054059,42.69628475767239,Gene 17
564.1868730463358,45.67320417453899,Gene 24
564.9946380839841,33.65407829088336,Gene 24
562.7746799276044,32.917262187131946,Gene 24
565.9223585154098,47.43587504227757,Gene 24
566.0556635402138,38.04445332771615,Gene 44
563.1820671238756,41.00754755148231,Gene 44
562.5811896664641,35.07003547161964,Gene 44
562.3630727378703,42.65525107447104,Gene 44
563.2966158226351,45.03831524205546,Gene 44
566.3243959022652,45.82594162123681,Gene 45
565.8657319350651,36.54454403588947,Gene 45
561.6800829917603,36.23314914342556,Gene 45
561.7533892747393,44.18243747309798,Gene 45
564.3768180421365,33.61225182078314,Gene 45
566.3462416631406,45.51078073547913,Gene 46
562.0471297419945,45.06646308490938,Gene 46
563.9828317736778,46.31929384029836,Gene 46
564.9783221571366,44.290768416500526,Gene 46
565.9585851251978,35.49457712249047,Gene 46
563.7816934419524,33.684729601194476,Gene 46
562.1142694510206,46.5250628528106,Gene 46
561.8315385639602,46.595511659994415,Gene 47
567.2204313888451,36.37499226435695,Gene 47
565.8911294602201,37.83076875556771,Gene 47
562.0054968843061,45.890977816175784,Gene 47
564.5785440509519,47.129943720087326,Gene 47
567.2788432314326,43.05808902998425,Gene 47
562.4713497663314,40.71735733149602,Gene 47
561.607999941863,38.33961614614359,Gene 47
561.2799992279272,38.90970180131483,Gene 47
562.3329773009427,44.98286158467437,Gene 47
561.3937750654824,44.33523577036293,Gene 47
564.6678796145566,31.834540416433356,Gene 47
566.2023342430701,46.6346492784289,Gene 48
561.4647152931262,39.96775903736257,Gene 48
560.6765006078464,39.62205648270093,Gene 48
564.4321710715002,43.764014055206516,Gene 48
564.4073303121331,36.0068731236003,Gene 48
564.3955503372785,47.715733967802194,Gene 48
566.6953663661077,43.385918121351295,Gene 49
563.9977333810239,36.80824453638677,Gene 49
563.443987697318,33.71143441781643,Gene 49
564.6143183162789,33.823973764998826,Gene 49
562.2137975673378,40.567634787209045,Gene 49
566.7379493767363,39.22296083591029,Gene 49
563.1485336938431,38.36949009115423,Gene 49
566.3192882642438,41.474613484244266,Gene 49
562.3434131570057,42.91665904352731,Gene 49
572.564994641392,29.963061710421506,Gene 6
574.7759686567047,34.3215115175474,Gene 15
570.9165487411045,32.515857556934066,Gene 17
570.7382553699199,33.578812502458355,Gene 24
572.0283872908054,27.060950074055178,Gene 24
575.5487265174542,37.3163724679571,Gene 24
570.0569198350058,31.754929815518775,Gene 40
573.4310547787736,43.52566134588355,Gene 40
570.9736792778795,36.45182545911245,Gene 42
571.0178016458,39.204331411969385,Gene 44
570.9081526468357,35.853987943715204,Gene 44
572.7160056399933,27.21565156691137,Gene 44
573.9057499019553,40.41331269878053,Gene 45
574.4983869499317,38.2017733584922,Gene 45
575.3078546727332,35.86798418178218,Gene 45
574.5196974032555,34.20576646637387,Gene 45
571.4821171536294,40.00750901418297,Gene 45
574.7898467910536,38.93187557589059,Gene 46
570.4307889409935,39.36218137286536,Gene 46
572.2879507083535,42.0155887933487,Gene 46
570.2729022046641,34.24659190701748,Gene 47
575.1587856716305,39.74519702402445,Gene 47
574.5675122067145,30.1471995023554,Gene 47
574.2127113346929,32.51467693797825,Gene 47
572.4509313120535,39.10649391893831,Gene 47
570.1643310543046,29.9453732763981,Gene 47
574.7989312682142,36.40303839598444,Gene 47
570.9316182538204,40.56844722221401,Gene 47
574.2495854344921,40.406271599817416,Gene 47
571.2546130457578,37.48429156057018,Gene 47
570.3268872296627,35.83537672701892,Gene 47
571.315879907866,40.45966437075288,Gene 47
571.575959875903,42.37851750665032,Gene 47
574.8257928418293,33.41927723014232,Gene 47
572.48117420714,29.990486300601702,Gene 48
572.3225631610494,35.744206168145496,Gene 48
574.2886199396506,40.49311010981984,Gene 48
570.4037780805113,30.100541527477578,Gene 48
573.6429530129736,31.142322666683892,Gene 48
575.694412812406,36.070629139159514,Gene 48
572.8849185870472,39.68193562106299,Gene 48
572.0235524801108,41.12836438956443,Gene 48
571.0988494725716,37.93315840303587,Gene 48
574.8284836915917,38.56226956723879,Gene 48
572.8856935443201,36.987448279025166,Gene 48
569.9428653060263,37.67623187638127,Gene 48
570.9530755524714,29.53937055348501,Gene 48
571.6086914237956,33.12759783005273,Gene 49
574.9963766747652,35.15273327932059,Gene 49
571.123078136746,32.608838459313354,Gene 49
570.4340122188294,39.639078054079384,Gene 49
571.4398972032169,40.04414839678665,Gene 49
572.4017468484031,27.50348018391383,Gene 49
584.7501634866153,37.0689423320085,Gene 8
583.6164890650416,31.695891901594667,Gene 8
584.0626416364335,33.40855660910498,Gene 8
582.5411947177499,43.92100919115725,Gene 9
582.4063821112417,45.1984572274406,Gene 22
582.3572614321084,32.23419816796986,Gene 24
584.1694545597046,29.723628665856513,Gene 24
581.8636706035105,43.97590757568878,Gene 24
583.0167189857316,44.96346985233093,Gene 24
581.2222021726614,38.37940399772963,Gene 24
580.6784755198487,39.743986793969306,Gene 40
583.7135323918827,44.908620158521096,Gene 44
583.6078783906477,30.943873383663846,Gene 44
583.0537150779218,39.50528219002969,Gene 44
585.1228983269791,35.385301660944414,Gene 44
580.3100132034795,42.6134636892048,Gene 44
580.6168769024268,42.28745870911521,Gene 44
583.6431428609055,37.76118489276189,Gene 44
580.6695942179799,36.836116226751344,Gene 45
582.534309610014,32.08609475947485,Gene 45
582.571840671961,44.19488151145972,Gene 45
582.1544268447111,30.63361347499474,Gene 45
581.2119544311879,31.279179562935674,Gene 45
580.2997681324073,41.589485874011835,Gene 45
581.0836273477046,31.37678722575353,Gene 46
581.862877144244,41.93791774075641,Gene 46
583.1676896656528,29.26279659441665,Gene 47
584.244267695261,42.173486938856826,Gene 47
584.8323249502369,36.954311719006895,Gene 47
581.1588150864475,34.529558454376094,Gene 47
580.0952730243126,33.17401607014087,Gene 47
580.5769552896321,30.22854293057645,Gene 47
581.7929417281341,32.318255675589604,Gene 47
584.0350376045304,31.527279266925262,Gene 47
583.5093405244312,43.21224932292026,Gene 47
580.6712319274494,33.186062703934056,Gene 47
583.4163762265966,33.16449522518948,Gene 47
582.7758393466629,43.30453130217147,Gene 48
585.409526316758,37.818633819596855,Gene 48
582.2537794067747,42.51498017872151,Gene 48
581.4467482458398,35.512329516599564,Gene 48
582.3721940071383,31.248088237335672,Gene 48
584.5717343051919,39.937280663263486,Gene 48
581.145448673409,32.5009618220532,Gene 48
582.0056658846231,31.905807431905032,Gene 49
579.6079823662928,39.08194904803276,Gene 49
585.0424109110521,36.353699843416834,Gene 49
582.3919818789983,43.455616022242964,Gene 49
580.0602723782433,34.85545214058821,Gene 49
582.8049844574664,43.45325549722129,Gene 49
585.0157422659047,34.851560001938545,Gene 49
583.6827672629978,31.130925315140423,Gene 49
582.0506259633914,41.82246786964376,Gene 49
591.0168214616511,39.76006063813794,Gene 17
591.901361962972,22.628714876986425,Gene 24
591.4833163662122,25.514136617541695,Gene 31
593.1147792567357,32.629496924275536,Gene 44
593.2319662027095,26.905228236574757,Gene 44
591.8972498465413,44.11185792457979,Gene 44
591.6315473793672,24.959192295040012,Gene 44
592.5425316447697,43.41850402982213,Gene 44
593.1481859295136,36.860495468862766,Gene 44
592.8064101957456,40.87728196814258,Gene 45
592.0761975153764,26.993311325496563,Gene 45
591.8054593822251,22.995887060128787,Gene 45
591.1576838956892,28.57568746333735,Gene 45
591.2039796519059,37.308735849330475,Gene 45
593.4898413454677,37.046859273766216,Gene 46
591.6267980742988,36.564835823605264,Gene 46
591.8520882462726,45.51618518135818,Gene 46
592.0584346897292,41.74299009746,Gene 46
592.5944387904821,22.7842986652103,Gene 46
592.3531034568017,41.111550208959166,Gene 47
592.1589108554118,27.189980571058737,Gene 47
592.8281363330706,34.60664667945876,Gene 47
590.6202126870065,31.081142673394094,Gene 47
592.0411761035984,41.846242658309116,Gene 47
592.498403492812,21.98256352150145,Gene 47
592.5826818777253,26.365079023454058,Gene 47
592.498723932736,42.60544379739517,Gene 47
590.8938255440369,32.05913215800969,Gene 47
592.7795181522614,41.06687822710839,Gene 47
590.7043350597453,35.2167773123024,Gene 47
591.5049720664667,23.541215984326264,Gene 48
593.2650436061765,35.171430995706025,Gene 48
592.2533453618851,43.74919297269412,Gene 48
590.9957342052943,30.73970664865592,Gene 48
592.9305724514267,38.56959835522601,Gene 48
592.9003187933815,23.258238549931075,Gene 49
591.3846585678901,39.099680650789445,Gene 49
591.9660000930804,37.1336245810141,Gene 49
592.1140029729147,45.35516179262246,Gene 49
592.9266279966361,38.5429428421606,Gene 49
591.0571629524745,40.09731548551022,Gene 49
592.7063876778655,34.73129622322577,Gene 49
593.1215449533227,33.909806597707146,Gene 49
501.49098969701936,43.90226957570659,Gene 8
501.22065061258473,32.452980582746434,Gene 8
501.79770998433435,31.6592317561343,Gene 8
501.6009829879015,44.20847053211615,Gene 9
501.1663615813444,31.991311529969423,Gene 15
501.7348624570448,36.185875595487474,Gene 16
501.6615911595547,41.89121202281565,Gene 17
501.61318094037046,38.28586925849086,Gene 24
501.3001120130593,47.53946478527584,Gene 24
501.79308263964253,40.70626289698833,Gene 40
501.29046959292174,45.42650127361862,Gene 44
501.16797254853526,47.94690385733665,Gene 44
501.1413476756453,47.55356974701805,Gene 44
501.1785805970034,29.168715599195618,Gene 45
501.0806565236513,37.96919082233778,Gene 45
501.60533420111557,29.75344119513818,Gene 45
501.0912482950397,32.63070131700875,Gene 46
501.4643005033017,34.751848419079984,Gene 46
501.22319693782543,33.20781007425986,Gene 46
501.4352650077564,47.06941143610134,Gene 46
501.560414038299,42.45159698096739,Gene 46
501.5632018856062,46.04955524124191,Gene 47
501.02140287604965,34.678908527506614,Gene 47
501.67157003082315,32.09607572948353,Gene 47
501.4017014127268,42.58908740136741,Gene 47
501.36409928377515,48.62428079578689,Gene 47
501.767090366623,43.0772907441327,Gene 47
501.33038257294015,47.39151285560726,Gene 47
500.956123213062,42.020219959497,Gene 47
501.4850981512696,36.755415591478844,Gene 47
501.6968242401041,43.85551743694967,Gene 47
501.4010917411717,47.5456692118554,Gene 47
501.38686682426703,29.923175750375563,Gene 48
501.1914851732834,44.59607226929678,Gene 48
501.09849181372215,40.64277556361631,Gene 48
501.1974506387732,46.41158684782337,Gene 48
501.43427826558,47.1183179586172,Gene 48
501.32839868735755,32.7720334348424,Gene 48
501.7579737780543,40.15566955669863,Gene 48
501.7399963674197,33.07788927546614,Gene 49
501.263772359524,47.18452640454804,Gene 49
501.490444385161,31.40504008392331,Gene 49
501.77621738140004,37.853103572313245,Gene 49
500.90627344880585,37.75906250853456,Gene 49
501.7389825288468,35.10938468631762,Gene 49
501.5691830291366,45.13637197900445,Gene 49
501.04178128145895,40.38288241162022,Gene 49
501.4035890448776,45.182544917310146,Gene 49
501.37922990140663,30.232863520024765,Gene 49
501.67285321319275,45.85664168491574,Gene 49
501.7760719813697,32.102781653297654,Gene 49
515.0999980756651,46.51342352601894,Gene 8
513.035533418438,51.24724307052834,Gene 8
512.8298345501717,41.137546148742295,Gene 9
513.0132684849866,39.48440856025386,Gene 16
511.2935931322876,37.996470763837664,Gene 24
511.4899495796262,38.663096635404465,Gene 24
514.1973701970416,48.9667820985185,Gene 24
512.0364549236374,41.12025119520619,Gene 24
513.0536523750411,40.65652171084681,Gene 24
514.6524877706184,41.07908096823864,Gene 35
512.4557368769603,36.58417219835992,Gene 44
512.8070628172836,38.305345050411866,Gene 44
510.5524633228876,50.94312519426418,Gene 44
511.9292464692277,49.873592679208336,Gene 44
512.7177590260455,36.47466905209481,Gene 44
510.2446864526889,43.63067507675062,Gene 45
514.5081016277182,39.53426823741066,Gene 45
512.2749529116908,37.11906688339877,Gene 45
513.3367595730299,38.55220204984407,Gene 45
514.5589440679863,47.61986188274954,Gene 45
509.84469662312665,45.596530908998794,Gene 45
512.0886611730282,48.36596610770111,Gene 45
510.43333323500207,40.100034606167824,Gene 45
511.93821463749435,46.800104109084636,Gene 46
509.08129040115284,44.79507665001469,Gene 46
511.13638491579127,39.02011985949617,Gene 46
512.3755811323641,50.39504614928686,Gene 46
514.7745889613847,45.992436455546674,Gene 47
511.4829803071756,38.32529083628669,Gene 47
516.1413952714234,43.85255309160088,Gene 47
509.4319016065364,42.8379567262578,Gene 47
509.71260081245475,44.23634839362869,Gene 47
510.26785434058115,41.54969615246284,Gene 47
511.07282635088586,37.823501416317065,Gene 48
511.6737453186121,47.587548166443135,Gene 48
514.2299077667694,46.72369936873057,Gene 48
515.3126905919615,42.559707735363446,Gene 48
514.6916464041873,44.251683389710756,Gene 48
515.7705304673042,45.13155761927839,Gene 48
509.86562578467186,40.95845921265463,Gene 48
512.2637148017199,39.92120215994741,Gene 48
512.7781010240493,48.34260788589578,Gene 48
514.1719558333804,40.42091520434675,Gene 48
509.32490779781216,44.57356610107083,Gene 48
510.67809788276793,42.382528631731475,Gene 48
513.5098970031369,50.3236752603241,Gene 48
515.1114839226763,48.64108456345373,Gene 48
513.3714342290468,47.35134884159007,Gene 48
511.92376756923335,49.655155509490676,Gene 49
509.873590220696,46.5278195895691,Gene 49
516.089540585892,43.322326424241645,Gene 49
512.7709835615291,50.74480614542315,Gene 49
510.86563132551726,45.831335098465004,Gene 49
515.7873731464582,40.67857007191707,Gene 49
514.2943784984215,43.88519273636673,Gene 49
509.0985832444361,43.277422921639435,Gene 49
516.0992155478856,45.343208424174854,Gene 49
510.85518162852134,38.23760151970871,Gene 49
514.7812744984119,39.16347038032537,Gene 49
518.883879143757,37.26078823426006,Gene 8
518.9188856579666,39.32961065119908,Gene 8
521.6674460647333,48.306410642826926,Gene 9
522.4551115595768,45.53411635461772,Gene 16
515.4863815707156,42.85890347385359,Gene 17
517.4900791923349,37.43231607202196,Gene 28
522.8981332663847,44.17535499578232,Gene 42
517.2618207069602,42.01975487833506,Gene 44
520.2996180068635,39.137584950705644,Gene 44
521.5747488164862,36.97281547623625,Gene 45
521.7684741232559,44.5468119341389,Gene 45
518.3440062210475,36.760188395447045,Gene 45
518.7778089833535,46.91238489257498,Gene 45
516.102593011838,41.51527440321863,Gene 45
521.6232651564432,44.120395002930074,Gene 46
517.711362948588,45.9185484853699,Gene 46
519.7389439184703,46.24945106471546,Gene 46
520.9438814110915,40.79219425412518,Gene 46
521.9549594592064,39.994716140303346,Gene 46
516.0591111407259,46.60684613992166,Gene 46
518.2412989419071,37.31823375521241,Gene 47
519.5737688899088,36.23042402761868,Gene 47
521.0568868853245,41.643143861278205,Gene 47
515.5317634485746,42.55634013538964,Gene 47
517.5145822649765,37.59991342824533,Gene 47
517.3733585042619,48.83595927722069,Gene 47
516.9052085810722,38.586719695481314,Gene 47
516.6075761161671,41.10490620056617,Gene 47
520.031915343962,35.64127384807905,Gene 47
519.2342730585618,46.77677812240319,Gene 47
521.5212985219711,46.46736848628807,Gene 47
519.4915126826836,38.6748802326768,Gene 47
517.1055178685871,44.996516038322284,Gene 47
515.9959919293295,39.30374856005115,Gene 47
518.4934274180221,45.65656266538018,Gene 47
521.380309017351,42.36032037813085,Gene 47
517.4588301354476,41.58442739713585,Gene 48
519.5687038339787,34.96277964183503,Gene 48
519.8046683270304,48.20345576440341,Gene 48
516.8433189058577,41.48555812694691,Gene 48
515.3938158387864,39.71434610767738,Gene 48
517.0104604540564,37.38469007180111,Gene 48
518.1247723155316,47.407306045287086,Gene 48
516.7763646848682,39.56698398168227,Gene 49
519.1455955709995,49.18211764830023,Gene 49
520.4477192014078,36.417236978743865,Gene 49
518.2885954979168,46.19194475280047,Gene 49
529.5313078178672,50.09302367681302,Gene 8
531.8641183781248,38.54612587778089,Gene 21
532.541895191514,49.075495914306394,Gene 22
530.0418366903122,51.81497953426209,Gene 24
532.812636814007,45.89674467394736,Gene 40
533.0817956839046,41.38682935844708,Gene 44
530.8100099282944,42.2180895297972,Gene 44
531.6653204104917,39.256207467418704,Gene 44
532.2863372353229,53.24543634723853,Gene 44
531.4732845572462,38.68755507094006,Gene 44
532.9399111691147,48.82870263464766,Gene 44
532.8916046495848,42.269609481470326,Gene 45
530.8337432084982,38.129665716778845,Gene 45
531.9798800733444,46.62750483272239,Gene 45
531.5037057970544,37.001320566169326,Gene 46
530.4017299221742,45.48574017142119,Gene 46
531.1647623513394,50.55597630664611,Gene 46
531.523026141677,55.04967173509092,Gene 46
531.1747186538958,54.85288724194926,Gene 47
529.8003287282262,47.26141536366773,Gene 47
532.5494621125266,54.584139083735124,Gene 47
532.0127280417296,42.76828929294051,Gene 47
531.5358290107501,38.270708042552016,Gene 47
532.6643704376046,46.75634324059937,Gene 48
529.8973877772008,45.89143174338221,Gene 48
530.5023547816161,52.11336478774894,Gene 48
531.7345777977034,44.7948992531122,Gene 48
530.4104687967633,50.613996979919094,Gene 48
531.6249279148548,38.023171956944516,Gene 48
529.5199433959498,44.506780461422785,Gene 48
533.5669302835196,44.495405009788875,Gene 48
532.6144699210763,47.56365429003577,Gene 48
531.4887411888335,52.09193884458771,Gene 48
531.2381524596863,53.392665911254376,Gene 48
532.5888873975847,40.894162783990524,Gene 48
530.1132963345336,44.11548934759027,Gene 48
533.1006468546668,45.626853264151215,Gene 48
530.7401015941253,43.020774731152244,Gene 49
531.8083554819281,42.87348203558748,Gene 49
533.3439477526258,50.45231898280156,Gene 49
531.4870829858567,39.74882771925271,Gene 49
531.7900393849318,37.19848482608602,Gene 49
531.8903162538818,51.541308736943634,Gene 49
529.9328567711883,48.8518183645032,Gene 49
533.2117020086594,47.44712305951314,Gene 49
530.5166762738266,53.28868555935139,Gene 49
540.5593178401836,49.40656658658903,Gene 8
537.8574545258958,38.3474252153104,Gene 8
541.4672509334671,46.87012076632505,Gene 9
537.160005822043,43.80107690153384,Gene 16
537.7893109216457,43.59734062965125,Gene 24
537.3223294277822,44.417907426581635,Gene 24
537.7684165509813,48.310594075142696,Gene 24
540.2934401038599,42.744642801275305,Gene 28
536.8719345075991,39.56699121813064,Gene 44
539.6787546493423,48.439282486555115,Gene 44
538.278212409973,51.4051181160103,Gene 44
538.051939556081,38.487135067576034,Gene 44
539.4965313330774,44.41830549216893,Gene 44
540.2080435225249,48.96527056922116,Gene 44
538.6606402942309,54.243311633109556,Gene 44
541.4795922529215,46.54580846798861,Gene 44
537.3075929970739,39.74055618802486,Gene 44
540.4738704004626,49.76333132217729,Gene 45
540.8902307651714,50.54647678076485,Gene 45
539.7000866757303,51.102367480564915,Gene 45
536.1604281713624,47.578782481269,Gene 45
538.8317743523569,54.64885410096514,Gene 45
537.3709601984967,53.41659470031978,Gene 46
536.7793762909863,46.49192532807254,Gene 46
541.3831176476764,43.779116424045014,Gene 46
537.9463829176341,47.40713702686906,Gene 47
539.8193983790818,39.315787668748555,Gene 47
538.1940931765001,39.277271239378145,Gene 47
537.3365508462921,46.94407203676451,Gene 47
538.155793310412,40.569145023347204,Gene 47
538.6259963108259,51.19743630591393,Gene 47
537.4001521976198,44.10841063530854,Gene 47
538.6494967051134,36.900961307932626,Gene 47
540.773188528814,43.75216281493222,Gene 47
539.1638768129852,53.207566107206645,Gene 47
540.9695640132879,49.05944561352799,Gene 47
541.6606844314632,41.77251357567501,Gene 47
540.2512820654267,49.34484969793129,Gene 47
538.3167230105918,53.59006242732643,Gene 47
540.5802666959067,51.57847149198845,Gene 47
537.9406806456174,42.850609293612884,Gene 47
538.396477086773,39.22954805775318,Gene 47
538.378650390272,51.300648380588015,Gene 48
540.7936928998107,48.57561251752593,Gene 48
537.8082788694228,41.77429313444296,Gene 48
540.6841339806255,46.58525643812448,Gene 48
537.1128300831607,43.07710077270227,Gene 48
539.6565812870989,52.539342667137305,Gene 48
538.4519593028576,40.96286631496054,Gene 48
537.432610942595,44.285274971203386,Gene 48
539.358864180845,48.187587327952,Gene 48
541.0343161116865,49.729373540580916,Gene 48
541.0871267342725,41.29198287849736,Gene 48
539.5160398651435,39.290317454639215,Gene 49
540.4060671635687,43.47120034969726,Gene 49
541.6028059934356,46.18981992296914,Gene 49
541.1094391472467,51.822695162080656,Gene 49
539.0451763790169,51.13632345917513,Gene 49
538.3492981131006,41.778580860033685,Gene 49
541.6034510048703,46.99053914509249,Gene 49
536.5025576557875,48.1284723282597,Gene 49
552.9548308944518,36.32090699293185,Gene 8
549.8643942867964,39.076675722285415,Gene 9
551.8794223669164,36.0304850122503,Gene 9
553.9277148587282,37.42128245253366,Gene 15
553.1883815224519,37.60239995732397,Gene 17
551.1251113345509,45.84496282281202,Gene 17
552.9665636428596,39.72617649545523,Gene 21
551.6644126268658,46.01853858544154,Gene 24
549.5712502768785,45.326524486314895,Gene 24
553.7164111238606,36.82628015418891,Gene 24
548.9434359594342,45.2299932826537,Gene 44
548.4082702855073,43.84860048216228,Gene 44
549.7628735107616,39.15381697240827,Gene 44
556.7744990203332,44.229090259743614,Gene 44
555.3041477786267,37.11013047702687,Gene 44
555.2386211149211,41.14805325527799,Gene 44
552.8771062810332,38.12789574790876,Gene 45
555.6169026855197,41.353733758485475,Gene 46
553.1524152086633,38.38931505367985,Gene 46
546.5523387026661,38.953716272430995,Gene 46
546.9663198089611,39.60658455163985,Gene 46
553.2804204342376,38.764296506424394,Gene 47
555.0479670700092,41.473086721671336,Gene 47
554.8108871159143,41.01282944741682,Gene 47
554.4268949508117,38.13311453483686,Gene 47
554.5418754838911,37.6533163206062,Gene 47
554.7678214717114,35.88803031926271,Gene 47
550.6200729946733,38.47012406371214,Gene 47
552.764208876999,36.97125247948758,Gene 48
549.7669616766294,46.4565328657276,Gene 48
555.4545467624267,38.07517819080696,Gene 48
556.4091786338092,44.96509226276394,Gene 48
554.0380910365393,40.94950114087469,Gene 48
554.9977177603763,40.77906622245397,Gene 49
550.5134241480733,45.33624792783665,Gene 49
553.6365627461993,40.586005933251094,Gene 49
551.067928040674,45.81024955997494,Gene 49
548.8151721239863,39.613610910628516,Gene 49
553.4188751335571,42.32044215392908,Gene 49
555.0074597093461,42.65971524992853,Gene 49
549.804534937596,44.84486949246348,Gene 49
559.6502242154319,49.21049686312283,Gene 8
559.5470502138079,30.56224647724759,Gene 9
559.4773308744715,50.321117852976045,Gene 9
559.9175941876364,44.653671440804715,Gene 15
559.4034041046071,50.405538096646836,Gene 21
559.7620156419546,47.63437438654388,Gene 24
559.3442744482574,44.28028811260714,Gene 24
559.8142464846086,41.113648879847396,Gene 24
559.8314421388508,41.812827219305326,Gene 24
559.6829900644954,31.731203632050004,Gene 42
559.4578010790943,49.7623273732741,Gene 42
559.8416380688653,44.29236834866825,Gene 44
559.9182797732144,40.106959012339935,Gene 44
559.5087152015531,33.65369360341195,Gene 44
559.731802564425,32.10264959856859,Gene 44
559.8784928410304,38.49261184554223,Gene 44
559.6077607933237,46.22891509973039,Gene 44
559.765671227301,45.933918655999015,Gene 45
559.7759363157461,38.73803027876815,Gene 45
559.8388262032031,41.113736485995034,Gene 45
559.9541210460696,39.73428658821665,Gene 45
559.7547093795151,43.846231829941914,Gene 46
559.6115652433351,49.57547174557961,Gene 46
559.3702738008661,39.586838292560195,Gene 46
559.4020839448666,36.58297440870773,Gene 46
559.3853712992332,35.05141875592902,Gene 47
559.6242402228755,33.58490484147284,Gene 47
559.7692230869308,44.477088584910305,Gene 47
559.3846994154053,44.80602024265876,Gene 47
559.374120360544,40.225113860747996,Gene 47
559.3284374834036,41.391147240487705,Gene 47
559.8461374350462,48.85669364323737,Gene 47
559.4585042478615,33.268738013450424,Gene 47
559.8859541615603,37.39228420593119,Gene 47
559.3215882309701,42.11070882288853,Gene 48
559.6834156073718,32.21378999527799,Gene 48
559.4430809647222,33.836660928695125,Gene 48
559.4079733711625,46.894583940994714,Gene 48
559.2870383016747,36.51043789870759,Gene 48
559.3503037912003,43.03348243767138,Gene 48
559.9968578994003,40.47413547746133,Gene 49
559.778528167431,45.748178792994274,Gene 49
559.9145055401477,40.142392718260815,Gene 49
559.5506262945473,32.18336093258603,Gene 49
559.6612703687571,37.85497459446884,Gene 49
559.8091672454216,44.02966920783901,Gene 49
573.3316955274985,40.21642089769845,Gene 8
572.5723948952825,45.39827342667906,Gene 8
573.1692604882196,28.521942664660408,Gene 9
572.9467803289872,48.44305802720364,Gene 9
572.4043781655035,43.28542045359788,Gene 17
572.5013263714119,44.18987955527511,Gene 24
573.3971903654943,40.57386524584783,Gene 24
572.8890291531542,27.943417116739454,Gene 40
573.4556605106161,36.5275303889326,Gene 40
573.0667764907303,35.56236033761674,Gene 43
572.9924975246411,29.9827272439069,Gene 44
573.20637851558,41.89527424663484,Gene 44
572.9756121521687,36.78229711620825,Gene 44
572.4938707859634,33.729228075872186,Gene 44
572.3761598857842,42.55051382168713,Gene 44
572.3667844147832,40.59493524712043,Gene 44
573.2017529138488,46.16574555538269,Gene 45
572.5915244258962,28.211894344199592,Gene 45
572.6256604595507,32.25217596474021,Gene 46
573.272420122429,44.93381709493358,Gene 47
573.1652497843103,42.21117650612904,Gene 47
573.110790412515,34.457883913005745,Gene 47
572.3977630067341,34.0008754825253,Gene 47
572.6946163243606,45.79073341742807,Gene 47
572.5038862270362,35.66143776990407,Gene 47
572.5810494191372,45.881199435312766,Gene 47
572.9406727460434,46.162980366942215,Gene 47
572.9941205910244,50.58477539934759,Gene 47
573.1300661384169,28.643984675318656,Gene 48
572.3474812666701,38.706742218839665,Gene 48
573.112325003611,45.172973089624406,Gene 48
573.1607113991645,44.20906504889996,Gene 48
572.8574268905718,39.937630910538864,Gene 48
573.3342980428188,42.86233804475941,Gene 48
572.5891298071865,29.43273180423519,Gene 48
572.3788991412434,41.58147921617265,Gene 48
573.174489138037,37.4946678660232,Gene 48
573.0360803406645,45.24097886950422,Gene 48
572.5793630460454,42.81066143387814,Gene 48
573.174048290848,34.77879902615603,Gene 49
573.1243081388561,45.906402863841336,Gene 49
573.3839185116248,35.09548296413801,Gene 49
573.1821263105435,44.690133984043925,Gene 49
573.2097758130407,34.58470356560657,Gene 49
573.1218154147998,34.70953794770259,Gene 49
572.7745563594701,28.237572880374568,Gene 49
572.5109358432436,36.36429822293947,Gene 49
572.5606978873018,45.335135367217944,Gene 49
572.8242097455685,30.551538067765676,Gene 49
582.1637452980776,42.946549771612,Gene 24
584.9677237226383,38.96312032525486,Gene 24
583.9706925776638,40.64144418519336,Gene 24
584.9774338404769,35.89430690574348,Gene 28
581.9267267772783,42.88036726192336,Gene 44
583.7938044258333,37.80639851468242,Gene 44
582.3478645220143,36.30733034580593,Gene 44
583.5660129956648,38.421790033182795,Gene 44
581.7840368987808,40.720957935974845,Gene 44
582.2332100290381,44.68725932110087,Gene 44
582.2580954627385,40.06194935414941,Gene 44
584.1493519644201,41.832182728604145,Gene 44
582.9711510634022,31.338850270122236,Gene 45
582.264546223061,38.102361353822815,Gene 46
584.2309559583321,32.92268708757233,Gene 46
583.8987199241791,42.55326922575895,Gene 46
581.8070882952314,35.98933765893146,Gene 46
583.121706970018,44.16751605946358,Gene 46
583.0958152800001,33.648556030370074,Gene 47
584.3986255281663,35.273359732360106,Gene 47
584.4965615378659,32.58300274000006,Gene 47
584.2701740084248,45.360474587647104,Gene 47
584.4100338510045,38.29880980166615,Gene 47
584.662641662796,36.070197265893775,Gene 47
582.3049082400979,44.472756305432554,Gene 47
584.6772329715781,37.624372974120014,Gene 47
582.5843791115853,38.01846313013204,Gene 47
582.2653819829977,36.43092779179253,Gene 47
582.20466344568,36.96067718152644,Gene 47
582.2426236206162,32.6995105617119,Gene 47
582.992477597025,41.304153553882855,Gene 47
584.986149924488,42.525515163904906,Gene 47
583.6899252950492,37.73423618261982,Gene 48
584.3847834772896,41.12069352134496,Gene 48
583.9734422310753,31.54047484001638,Gene 48
582.4110024005709,43.58460203576748,Gene 48
582.6014762523483,31.998294275940296,Gene 48
584.8039253907771,36.09142705599153,Gene 48
584.7282048836023,39.30129256533129,Gene 48
582.7155067210236,45.575021517983586,Gene 48
583.232054686261,46.09558751108625,Gene 48
584.0650005132832,38.21637104492906,Gene 48
583.1853235756187,47.78957861051125,Gene 48
584.497752858632,37.28466805664369,Gene 48
584.5237623330622,44.46096358033191,Gene 49
584.2463493367567,46.20842272655729,Gene 49
582.3247190890675,37.617851517861446,Gene 49
582.4331242097136,32.06796956384375,Gene 49
581.8963980917222,43.837648344084506,Gene 49
584.8699231009459,40.46917365031166,Gene 49
582.506743391052,44.26958385156994,Gene 49
582.6707542090878,31.778649712786482,Gene 49
583.6330337897391,46.213563553110575,Gene 49
585.1362644970221,37.938613218093735,Gene 49
582.1185474957919,39.166829529760825,Gene 49
591.1845525083788,49.45300727590024,Gene 8
590.2663641178026,41.85130446718585,Gene 15
591.9071316490387,39.47391745281418,Gene 15
589.3461065430897,35.40090172965178,Gene 15
590.0002133139959,34.759903266346896,Gene 17
590.135586862306,37.21519064289795,Gene 17
589.9630845410305,34.20508075374746,Gene 17
588.9837801707787,44.814125021659684,Gene 24
590.1401409426766,49.61087558164486,Gene 24
590.2323675829333,58.540229122479595,Gene 28
590.110357071549,52.47586101442947,Gene 44
589.2965840816895,56.745707311474376,Gene 44
589.2368414751782,50.657786042318236,Gene 44
591.9213412380844,49.1289801836144,Gene 44
591.3926615922123,37.17239763573248,Gene 45
589.7304274161361,53.379843998212145,Gene 45
589.6723454396827,38.05536215513835,Gene 45
589.7573567004274,45.933408442454635,Gene 45
592.3115752762011,45.110185131726254,Gene 45
591.0494919514878,49.76444281505439,Gene 46
589.9631868143485,32.48769551643416,Gene 46
592.0354264407582,51.05202122579152,Gene 46
590.2740595199285,58.40773574540118,Gene 46
590.4432557085197,52.75425607060851,Gene 46
588.9321807231195,43.335675219540796,Gene 47
590.7056617560562,36.35508885111179,Gene 47
588.8841654049515,48.35548071890544,Gene 47
592.5249759450261,47.542480420407635,Gene 47
590.3663606571376,53.59900062483475,Gene 47
590.5211946042006,30.927948674095333,Gene 47
590.1275771035968,52.60594490228424,Gene 47
590.5614072517513,54.41204775046063,Gene 47
589.838404961784,50.10752983583872,Gene 47
590.4060153299355,33.84994526724121,Gene 47
589.2597899355675,51.01541156622307,Gene 47
590.5659362354514,35.139597890127725,Gene 47
588.6439472744769,41.23154275184376,Gene 48
592.204376054675,39.47533038894922,Gene 48
589.3920372941775,37.88329231529878,Gene 48
591.0258614856238,56.882423602087,Gene 48
590.1854053424546,31.761619185111314,Gene 48
590.0882163403277,60.185126999781296,Gene 48
592.2631313588932,48.15717405692105,Gene 48
590.0023739175449,53.462346215040405,Gene 48
592.2429495941893,51.88940313785292,Gene 48
592.3797480369807,45.94635071632818,Gene 49
589.3505288221012,39.69201201427389,Gene 49
591.533243864809,38.59708005482485,Gene 49
592.1770019180245,48.24850112616536,Gene 49
591.5515248987034,39.82214377127235,Gene 49
591.9975544195008,42.308682698223855,Gene 49
588.8411724049934,48.911388090440724,Gene 49
592.0451926597084,50.85900255493279,Gene 49
590.301548216882,37.37630582729337,Gene 49
591.4195782918271,35.825053080848384,Gene 49
501.8593903149688,57.411060204657026,Gene 8
501.8386055244764,60.81391386406717,Gene 8
500.40800697038156,53.36990329929968,Gene 8
501.85820527323295,54.04869819835541,Gene 8
500.01481509657236,47.850666066823315,Gene 17
501.8623247200959,52.908395763965785,Gene 22
501.21838625234074,59.49841110945222,Gene 24
500.750781570704,43.540069966323074,Gene 24
502.1755309215867,54.33473473856937,Gene 24
500.5258432173899,56.95008724086315,Gene 24
501.69257208899944,51.5462763445675,Gene 40
501.73149549349455,61.84452352893084,Gene 40
499.9836714139489,57.23220710199318,Gene 40
500.75436409715337,59.30668623135708,Gene 40
502.1300592894243,54.97714175357285,Gene 43
500.67913236980615,46.23007466806179,Gene 44
501.6919327569033,45.567350348028796,Gene 44
501.94260911218186,49.3934429481692,Gene 44
500.53802332462783,61.36154692166827,Gene 44
500.835552766583,45.38964016856231,Gene 44
500.43410177848125,45.614787652209955,Gene 45
500.59356541062215,60.22110919715388,Gene 45
501.2091452153409,62.30228499486487,Gene 45
501.8652138221697,54.85281436915473,Gene 45
502.1313529403827,56.10565554691281,Gene 45
500.8046338418755,62.07509570119735,Gene 46
500.628759063251,49.52203234190122,Gene 46
500.39561399012774,44.05349265547673,Gene 46
500.41846313823544,44.38469594103652,Gene 47
501.0002183668171,45.71862888548017,Gene 47
501.61798149227656,47.39508081620337,Gene 47
500.1603160109737,50.38448721469581,Gene 47
500.1749591776308,50.317335378823394,Gene 47
501.74225926321,50.195183216102514,Gene 47
501.0587420322966,50.7815439352582,Gene 48
500.0970088809298,59.17450261813836,Gene 48
501.2727188477824,45.11724994100038,Gene 48
500.3616498643925,46.8629900745579,Gene 48
501.87191290045695,60.39499991219698,Gene 48
501.0076780897721,55.63961871753327,Gene 48
500.86859565951113,44.664056955133624,Gene 48
501.09208974380044,45.461118165373975,Gene 48
501.31466815474835,47.370751054564934,Gene 48
501.5725964967623,48.56641234965494,Gene 49
501.98588232259175,49.412178856766545,Gene 49
500.4148132161974,54.042450170909056,Gene 49
501.0472289700249,49.41199196160711,Gene 49
500.9005334292252,57.08017847025148,Gene 49
500.28841455464175,50.023470698634405,Gene 49
512.3844865473641,54.507350691108265,Gene 9
508.32348433200724,44.308959845470866,Gene 24
512.5622862040403,46.36394181977646,Gene 24
510.3266917340789,47.268386276001024,Gene 24
512.082027428825,47.145987286283024,Gene 42
507.1616982793262,47.61910922206704,Gene 42
509.1887963279856,44.63826163049927,Gene 44
508.33490631161527,52.99338078979623,Gene 44
511.4558039239309,51.88027648840116,Gene 44
506.49636049978074,51.86686529468838,Gene 44
512.9971663935726,51.57742334251278,Gene 44
508.96456749583774,46.43621853294394,Gene 44
512.1231565420969,52.773684054539466,Gene 45
512.6867912561319,50.88846434823778,Gene 45
508.8748756809076,55.43311285628878,Gene 45
507.55888735685096,47.20952018870221,Gene 45
510.5757190461838,47.403220289233865,Gene 46
509.61064157667545,56.047688753686295,Gene 46
507.685451133489,55.8312852904684,Gene 46
512.5251077074272,52.08080480055353,Gene 46
509.9204170387241,47.59590172054846,Gene 46
506.9207489669657,53.339139180010626,Gene 46
506.2884301548255,54.31554872632601,Gene 47
508.35814131997284,45.3905893724253,Gene 47
507.9078626086712,49.490324144261834,Gene 47
510.4667878171126,49.2765076682574,Gene 47
513.1157355463652,48.940073708731255,Gene 47
510.271731158631,55.84932066047503,Gene 47
507.0491260844351,50.2002217695129,Gene 47
513.6748071966006,52.29918413615792,Gene 47
509.4219960774223,52.20938519193431,Gene 47
508.7250524564673,48.352205238586414,Gene 47
509.1283601704664,48.784191094085045,Gene 48
512.2594439914653,54.685492971055524,Gene 48
507.73128565717263,48.207728370957845,Gene 48
512.8539279906613,48.2071493063063,Gene 48
508.0348640117137,56.01511114479197,Gene 48
508.0774503983427,55.32397525417786,Gene 49
509.9068761685007,43.18122795480519,Gene 49
508.77054265879394,56.03974859531621,Gene 49
514.0557581814371,49.145688869103324,Gene 49
510.1479861239272,45.62155260770433,Gene 49
505.6486879840536,54.27481233608582,Gene 49
507.61907661947095,46.30730267065012,Gene 49
524.8206713851915,55.47833769878651,Gene 8
520.7757825184932,52.29347683797395,Gene 8
521.7817476920479,52.44561549149661,Gene 9
521.5452046537648,59.33736482900477,Gene 15
522.3997691129091,47.81422931981605,Gene 17
523.2115197396282,59.245540256261116,Gene 21
525.337131796597,48.25074737209594,Gene 24
524.4792880304437,58.921097810958514,Gene 44
520.707437741347,52.777430903055816,Gene 44
520.6568578351464,49.749602405625154,Gene 44
522.8603805203867,46.080897938751754,Gene 45
521.1365605468349,46.85969443522042,Gene 45
521.706841290096,52.08852864428154,Gene 45
525.0473350647169,49.69906398310297,Gene 46
524.6092028020103,48.28639594383931,Gene 46
522.5639669324121,44.69308578346292,Gene 46
520.893775579399,47.2886008638026,Gene 46
525.8617994825955,50.07109505730368,Gene 46
523.2018450644758,59.610754156257,Gene 46
524.4433706496739,58.642619851624175,Gene 47
523.2382645796796,47.38450126336757,Gene 47
522.7814271891798,48.169842740397215,Gene 47
520.8348583814329,55.40011001728866,Gene 47
520.6345255067121,56.869137682617946,Gene 47
524.8816207574256,45.46674818274281,Gene 47
523.9102131991359,47.67268014712788,Gene 47
521.7960889381727,59.38333672227483,Gene 47
521.442683223463,51.30993408653235,Gene 47
524.6268993918908,57.672310880877966,Gene 47
522.7920977672503,57.54322925955998,Gene 47
524.8115700098157,44.45484454738799,Gene 48
520.5108396990803,50.47549890980569,Gene 48
521.0618639856556,52.37803769996772,Gene 48
521.0581780889399,57.66105148053831,Gene 48
522.684212500808,56.69163338877109,Gene 48
523.0290293010219,55.73763813296559,Gene 48
524.072435800122,59.04646872581023,Gene 48
522.0230375270306,47.15943920345718,Gene 48
523.0662991188344,45.70164732365321,Gene 48
521.0705856575963,51.25571321062635,Gene 49
524.1262848018797,55.380137141354965,Gene 49
524.0715517246279,46.28208590420224,Gene 49
522.2561670358913,55.09681997446801,Gene 49
523.9329583739511,46.325702099702674,Gene 49
524.8562248281047,55.711074418320166,Gene 49
525.0455570183891,54.31709705073739,Gene 49
521.7847213959506,55.023886977939455,Gene 49
521.2938554024787,55.90567874144884,Gene 49
535.2987549979997,49.514936758017534,Gene 8
538.4534934937436,52.00972125390437,Gene 8
539.0005844670173,57.33612353274664,Gene 8
535.3356356796238,47.57238457361701,Gene 17
538.0643780130368,51.95717538733372,Gene 24
538.3772065177151,54.59288044135628,Gene 24
540.4409161901197,54.88822298974096,Gene 24
539.0224693405586,44.015592600150306,Gene 24
537.0950122665141,44.58703478015216,Gene 24
536.9005519174212,45.81091709928481,Gene 24
540.7548830633501,54.34756448583743,Gene 24
540.7090560829596,44.40349920940025,Gene 28
540.6222029587133,45.81629067443,Gene 44
542.204777697346,49.89873349591991,Gene 44
536.3909768485413,45.264239428194976,Gene 44
538.7768624968485,57.522613899684636,Gene 44
535.0914301827424,51.03577320685994,Gene 44
537.7938586589981,46.537558771734176,Gene 45
536.6189392773223,53.46400473941929,Gene 45
539.2615309899627,46.84197570920731,Gene 45
542.3227957432723,48.44858993037459,Gene 45
537.2266043563371,44.76891645317337,Gene 45
541.1282701963006,53.19613222884513,Gene 46
535.8683593872112,50.87133982250555,Gene 46
536.5287786094004,46.531051317656704,Gene 46
541.564552470912,46.345642063829665,Gene 46
540.2753053466216,46.675062511464816,Gene 47
539.4155784919135,56.784090187345996,Gene 47
540.7612696603469,57.04850342446578,Gene 47
542.324292205736,48.35035240460623,Gene 47
540.2415189289017,45.89343034763357,Gene 47
536.7117949905046,46.345011426228,Gene 47
536.8987751163078,52.8601642938814,Gene 47
541.3135070494278,46.92898432423566,Gene 47
536.3640916480388,55.711275978672326,Gene 48
538.9208854928771,54.51876849692396,Gene 48
541.7296938013361,52.31151203829939,Gene 48
541.71236486365,54.286786687250704,Gene 48
535.5503635041728,51.06113052779201,Gene 48
541.6484095715241,54.182438963872976,Gene 48
538.6352662990299,46.252451250343064,Gene 48
540.8842677668868,47.32296943435465,Gene 48
537.7015539234518,49.567563508423696,Gene 48
540.5428366825508,51.69215952199045,Gene 48
540.0961675740951,56.530818052982106,Gene 48
542.8726146198345,50.37914651296653,Gene 48
539.3606650097157,47.12747314338888,Gene 48
542.2786782875795,51.21879705045934,Gene 49
539.3731553916135,44.255595142145786,Gene 49
542.245825448523,47.90934892450077,Gene 49
535.2049756368671,52.171736068176074,Gene 49
535.2868294316719,47.468785804906055,Gene 49
539.679696595653,42.78487512786331,Gene 49
540.6288787135162,57.25766434396763,Gene 49
542.2755445096476,50.684736726664525,Gene 49
537.426108771254,52.0463421089048,Gene 49
541.1038828105309,55.266959750528,Gene 49
549.484066121177,58.194108874268146,Gene 9
545.818593244011,49.44763046293052,Gene 15
549.9193655959203,57.07549296094092,Gene 15
548.9992371986824,55.3773842567227,Gene 17
549.6484899464193,54.2628761413736,Gene 28
547.0362923184756,63.48197281005063,Gene 44
543.6628652003739,61.87731841222695,Gene 44
548.8383159575737,58.588635403343815,Gene 45
543.6997896411741,57.571284671487966,Gene 45
544.4343111161189,56.85362043033188,Gene 45
547.4428857848086,52.55753421970694,Gene 46
548.2913526990781,57.028921643287234,Gene 46
546.7393664703038,53.26367882319687,Gene 46
547.3775129978413,62.27909600685301,Gene 46
547.5915054395148,59.34967309431341,Gene 47
549.1477494697358,57.67796382771334,Gene 47
547.6025965625983,63.452932503532196,Gene 47
546.1919730865793,62.50159822547447,Gene 47
546.9884319909726,53.49066819916375,Gene 47
544.656454196361,62.665037234239904,Gene 47
546.8207672310829,50.42364141044572,Gene 47
549.5584666007953,52.91618846174104,Gene 47
544.5339626025218,52.83003161423688,Gene 47
544.5447798445269,58.49701246537675,Gene 47
548.6733094231791,58.38110040313849,Gene 47
548.7852449329646,62.77911445509939,Gene 48
546.6854313027128,53.920732312456764,Gene 48
544.303771152127,56.594430548791216,Gene 48
544.6384215259862,52.60761271861541,Gene 48
547.8694198866722,50.45234577305408,Gene 48
543.3619484540303,59.125811676029606,Gene 48
546.4321312742958,63.374612101791485,Gene 48
547.6429094428936,54.669969888887636,Gene 48
548.7284614143368,54.98461604408263,Gene 48
545.0330420368273,54.70347135210731,Gene 48
544.4503818554539,56.08331798611844,Gene 48
549.7726951977637,53.93946004954484,Gene 48
547.721721743132,52.44319803539064,Gene 48
546.0798227999454,62.345149376056085,Gene 48
549.4877550233961,53.77876718306586,Gene 48
546.5939789676712,59.68882533515886,Gene 48
548.6890669463658,53.41429525719994,Gene 48
546.759784973509,55.00113130674638,Gene 49
546.6431656316141,59.19408624764872,Gene 49
548.8280681650755,59.03105444427737,Gene 49
545.2463798929628,59.290459810670974,Gene 49
544.4017741178952,57.514190647212075,Gene 49
549.3894736941158,55.680802980686394,Gene 49
544.6631521525163,63.04364398567327,Gene 49
545.0482000155424,59.39628602540589,Gene 49
550.8408802594968,49.08471510048363,Gene 9
551.0002413988274,54.33492683716425,Gene 9
557.3188144896568,44.510516122317924,Gene 21
557.5711969757388,51.9043264154411,Gene 24
553.7143918359302,43.12471223301193,Gene 24
551.0791773970226,45.034591069228334,Gene 24
554.0299527974646,42.216261722199214,Gene 40
554.260046855459,53.53629650851098,Gene 44
555.8546813297994,46.51390211081386,Gene 44
557.6762277106792,52.104412653909584,Gene 44
555.7852062305479,44.24039921358094,Gene 44
550.0234242393698,47.32632072760913,Gene 45
556.501362945598,54.76430138798793,Gene 45
557.8281387073041,51.05928009710075,Gene 45
553.1649183234456,53.53836467839193,Gene 46
556.4619648877795,50.731817476408466,Gene 46
556.2442544013101,49.013039423427614,Gene 46
556.284170367313,53.37569994187149,Gene 47
556.1971074468439,45.357761556894395,Gene 47
554.7893779558505,53.66787132723408,Gene 47
553.0334272093635,44.9815543458292,Gene 47
555.6366128547106,44.65666211813374,Gene 47
553.2864194773703,45.40875445941297,Gene 47
554.4738428413943,46.45249016391856,Gene 47
555.9454319052132,54.558102682198815,Gene 47
554.8727030817574,55.78845878816962,Gene 47
553.7503728352474,55.611951040189254,Gene 47
551.4243072145014,48.64361715828937,Gene 47
553.711306794924,42.789832123392316,Gene 47
550.0490714581174,46.36305412794276,Gene 47
551.7317991090357,48.936039321326746,Gene 47
556.1444965754432,49.71373022908261,Gene 48
554.5005932579165,53.72179313570239,Gene 48
550.0973664317887,48.545276797830525,Gene 48
553.3251863504246,52.74140124323121,Gene 48
551.5976365571626,45.89574357297028,Gene 48
554.4278260288113,43.888946923573414,Gene 48
557.1823167936245,50.24534836907033,Gene 48
555.2515736763291,53.09986030956111,Gene 49
550.1392495970475,45.85368678859296,Gene 49
552.2603399201184,44.675970233174645,Gene 49
553.4015586148513,45.78454958374429,Gene 49
555.8910789973548,54.16528583511318,Gene 49
557.8082369667603,49.378464180461336,Gene 49
554.128005405876,44.409887521438094,Gene 49
556.3912745000509,46.18534475969122,Gene 49
555.8714250677816,51.27811203477616,Gene 49
550.9935867333397,49.59516649677843,Gene 49
551.8042604414156,54.39314109421368,Gene 49
556.0905109052995,54.85471895953156,Gene 49
555.890881433058,53.939221284641576,Gene 49
566.292292498248,58.715552595107475,Gene 15
562.0865163282107,52.81617342215432,Gene 17
566.5362497076827,47.71616620484015,Gene 24
564.7573734294531,55.53248923334414,Gene 28
562.6183695981154,50.07809714349859,Gene 42
567.0245448291727,48.783894213001595,Gene 43
566.2646484894734,46.67730768558839,Gene 44
567.1129961277189,52.198580918462895,Gene 44
569.1833783666805,53.89919671032223,Gene 44
566.2348841248713,55.86167263286499,Gene 45
565.9395238340688,46.36386857242239,Gene 45
565.2673436644816,57.0522253681282,Gene 45
567.4825120082627,48.86632716696196,Gene 45
565.7987203589557,57.81928314077061,Gene 45
567.6349551067113,55.348848661274175,Gene 46
563.4657943785453,54.32882110431254,Gene 46
566.9867661965112,54.61473384607519,Gene 46
569.0735627268922,52.68666113181352,Gene 46
567.3250436297043,57.890890496362466,Gene 47
566.8813427194185,46.40744757452427,Gene 47
568.2714571571485,57.39849673153088,Gene 47
568.5688701992249,48.178908220380976,Gene 47
564.377677095896,57.178936288005055,Gene 47
565.2424548061632,57.70084148550626,Gene 47
566.3915525073227,58.48281453108021,Gene 47
564.7722102540389,47.29039753281437,Gene 47
567.0744450579862,57.02251133229248,Gene 47
563.4995786271539,52.356407281845115,Gene 47
563.3145013464807,46.82488728377117,Gene 47
564.8672602569522,53.53770312858014,Gene 47
566.2554727151701,46.48642131235193,Gene 47
566.3832500940312,56.60739458976897,Gene 48
563.5209134303527,47.04297492926965,Gene 48
566.838149120936,55.74256198211051,Gene 48
563.7502773967879,57.43381951207489,Gene 48
567.1841094496995,55.063753346908655,Gene 48
564.6351160140202,46.10018315104969,Gene 48
564.7433045558507,51.83633880672528,Gene 48
568.9805786441013,54.99386183496612,Gene 48
562.919530490908,56.29611031947238,Gene 48
563.0086996989941,51.715216966822354,Gene 48
562.912934928876,49.28511443391906,Gene 49
564.9990910801649,46.51713962336134,Gene 49
561.7346592077254,52.24054910043518,Gene 49
564.1303934568095,54.76712709162023,Gene 49
563.8681513436711,50.39647817640888,Gene 49
563.1019144785172,53.23021194783588,Gene 49
573.8792802045439,48.916540010481285,Gene 9
573.4781060611477,50.875166295504386,Gene 9
574.7378444434727,48.60634418195338,Gene 17
572.4873311040355,54.15597417219373,Gene 21
575.8079809498865,49.46835635542362,Gene 22
576.5436506164051,50.748211767873535,Gene 24
575.4003205433728,60.13013281404319,Gene 28
575.6441625825477,61.07677148905102,Gene 42
575.326781562056,55.76996906579236,Gene 44
574.5488359709166,56.1914176873593,Gene 44
574.5501184292638,56.708737296829455,Gene 44
573.1873134421762,47.389783633955574,Gene 44
573.3700676184218,52.47898389687488,Gene 45
575.9046238368051,46.503932851420956,Gene 45
574.844512373087,47.540725268352624,Gene 45
575.3611761292656,54.915139367977766,Gene 45
575.5827273972366,47.02920273121463,Gene 46
574.470302261247,45.58180196506962,Gene 46
573.5342063226782,48.64364100172539,Gene 46
574.5497696236216,60.40534204673862,Gene 46
574.9295844685593,47.42086429547931,Gene 47
573.70842331537,52.88427763887908,Gene 47
574.0800745797977,47.5856702248818,Gene 47
574.5021129691914,48.006510652282664,Gene 47
576.1452827364741,56.23384225265086,Gene 47
574.4393727899726,49.69920859094842,Gene 47
575.3450703784245,57.82128248475489,Gene 47
574.1910578344157,59.13043116025524,Gene 47
575.1498035473188,50.32711454811983,Gene 47
576.8900783375469,58.09489002063633,Gene 47
573.9942032383552,55.1196329713722,Gene 48
573.8128353581285,47.68532839531606,Gene 48
573.3298211580961,52.58154044026218,Gene 48
575.5032698288855,59.66984771333755,Gene 48
576.3955517826794,52.51979270707537,Gene 48
575.2271533205669,48.48698026185565,Gene 48
573.8954947544368,62.138710066914875,Gene 48
573.5096544106194,47.590872320957764,Gene 48
574.3091739791746,58.27339037248102,Gene 48
572.8403717245978,51.570283412958425,Gene 48
572.9681320998595,55.26829612211659,Gene 48
574.788845195111,61.95512406145616,Gene 49
572.5286763321792,53.05599177327378,Gene 49
575.410099022584,57.22311108337115,Gene 49
575.6461308524197,60.083488451280914,Gene 49
576.6069299474358,50.61610231965181,Gene 49
575.0730974083987,48.51279357110132,Gene 49
575.4483282890031,59.81873951095005,Gene 49
587.2299003145224,48.24429380778558,Gene 8
587.2003806857699,57.24312987955583,Gene 9
587.0613295229963,54.096104523568414,Gene 9
587.1636011321942,63.601069790684974,Gene 21
587.1411487211649,43.4626313560195,Gene 24
587.0922378773508,61.351232675789156,Gene 24
587.2692827168714,55.8676864288624,Gene 24
587.2469855912034,53.67456106717855,Gene 24
587.0432112483008,41.95457668646074,Gene 42
586.9420032059965,60.523108222906245,Gene 44
586.9794559187474,61.38692824639563,Gene 44
586.953145542809,52.060794131749915,Gene 44
587.127728238602,58.278823362008794,Gene 45
587.1103609363881,60.73949443249925,Gene 46
587.0152936901611,61.96212778103743,Gene 46
586.9435028105788,54.28666343751062,Gene 46
587.2054785752576,56.328128809874755,Gene 46
587.0777574645226,59.15711960915256,Gene 46
586.9629436009303,60.87319618623626,Gene 46
587.2237369838215,50.12430052019114,Gene 46
587.2796054005289,53.87158058683722,Gene 46
587.1187748705518,61.9257940859871,Gene 46
586.9706259507208,47.67614774561725,Gene 46
587.1798911222273,57.76498022163352,Gene 47
587.0233401141357,44.30028687924351,Gene 47
587.0477528597697,62.90805735875978,Gene 47
587.098903075652,45.24304301811644,Gene 47
587.235677787701,57.13372354425576,Gene 47
587.2213056442216,47.16206543877143,Gene 47
587.0495619983095,65.03769340363935,Gene 47
586.9577852641445,50.78907921719749,Gene 47
587.1085312555867,44.70692331908384,Gene 48
587.0145148337165,62.250157093113486,Gene 48
586.9461058447124,49.72538242476784,Gene 48
587.1889290919657,58.13383742407323,Gene 48
586.9446997108195,52.20651667887473,Gene 48
586.9769905221891,54.949587838745785,Gene 48
586.9986488675702,53.777998800967765,Gene 49
587.1451752099805,63.054977617874385,Gene 49
586.9199020525834,52.91304365311796,Gene 49
587.2310679553848,58.99979923917019,Gene 49
587.1418031530999,55.54196084162481,Gene 49
586.9718325083934,53.73434995306721,Gene 49
587.1271457323819,47.639041142165816,Gene 49
586.9062709701835,51.430769211021364,Gene 49
586.9293794265553,48.566462833648345,Gene 49
596.8056202429609,44.838335490233504,Gene 8
595.2404284198393,58.62094185840061,Gene 8
593.6955928879693,56.892909539770145,Gene 8
592.0904106533226,52.09492894990705,Gene 9
592.6702210324985,56.40264328146346,Gene 15
591.6931236983713,50.182994335726114,Gene 22
595.9231561126959,49.56936389273975,Gene 24
591.9988195768867,54.601997024898274,Gene 31
592.6204550508177,55.867611667549035,Gene 35
592.1412771355359,55.55777369579408,Gene 42
595.6148774590068,52.468468766341196,Gene 42
594.4203529800515,42.28690054793295,Gene 44
595.4557272400159,53.47524294548795,Gene 44
593.9871197419623,46.877631420951374,Gene 44
591.5599801899887,50.61019316725256,Gene 44
595.7618489957548,44.91249776715938,Gene 44
595.6067208104294,43.21129345612108,Gene 44
595.8106279383215,44.05426048614509,Gene 44
592.8621504110831,45.80524637310793,Gene 44
595.5064159667669,57.37879382143147,Gene 44
595.7064504241075,45.9594014278294,Gene 44
594.990378360318,42.420399946648075,Gene 45
596.7685676176242,52.16509609392121,Gene 45
592.3838304573644,47.348750237516676,Gene 45
592.4111686575396,52.15990499481308,Gene 45
592.1489746098476,53.292362643395144,Gene 45
594.5207149276426,45.9095675113721,Gene 45
595.8524859701822,42.157150333511375,Gene 45
594.510330560072,42.51751590780067,Gene 45
596.5453353225898,46.305389645305674,Gene 45
596.266753316152,46.40409965850851,Gene 46
592.7509252648587,52.23859931203235,Gene 46
595.2305024122192,47.34821623705331,Gene 46
593.6306380512532,55.93777672294324,Gene 46
591.8863119367052,52.84786937652692,Gene 46
592.8555016333747,47.8526867094885,Gene 46
592.2024272151249,45.73990647211568,Gene 46
595.4507921325004,49.64050595038618,Gene 47
594.7976413972593,44.79603163178726,Gene 47
596.5125702022443,52.00954232659138,Gene 47
594.2207829931751,43.106923570643,Gene 47
592.3202225068629,46.78874036023938,Gene 47
591.9644323412604,45.84562880194807,Gene 47
594.5196397543431,43.40211829567703,Gene 47
596.8736223341821,52.30745643033504,Gene 48
595.1062307912952,44.266819375094904,Gene 48
596.940038617157,47.49171820041367,Gene 48
593.2011395314223,54.83325403498091,Gene 48
595.726645603224,52.06208214060979,Gene 48
593.0037548415519,52.22674484417205,Gene 48
593.9867382101395,56.676295277077294,Gene 48
592.7963207613286,46.14650092089008,Gene 48
592.5657844904732,54.70049780081175,Gene 48
594.0150845177341,57.14641553256707,Gene 48
592.3221518896089,46.337186598894846,Gene 49
593.3486354903413,55.95095714292145,Gene 49
595.6565567056963,51.97369609859477,Gene 49
593.1670945732326,46.154883563906544,Gene 49
596.4384464799017,45.99464903636989,Gene 49
594.5770243653251,41.47832662322328,Gene 49
503.06438495917246,56.00143597557328,Gene 8
500.01439747311656,53.45930407175624,Gene 8
499.5392944646861,57.50937037651929,Gene 8
497.40993522512616,59.50658470738106,Gene 9
498.46922235539887,56.305839599008365,Gene 9
500.03245522308066,51.38652970762239,Gene 17
500.8878136392311,63.82145634346876,Gene 17
502.4130802340571,57.09382984971258,Gene 17
504.4696703776576,59.808241970402,Gene 24
497.89502206865376,53.41752977247894,Gene 24
499.9095370143288,51.540889647649244,Gene 44
499.4927484016003,62.70384767951772,Gene 44
497.9669492733734,63.69474295148659,Gene 44
499.42796747314816,53.02526950331445,Gene 44
500.416234695236,55.56814159067964,Gene 44
502.43882847161603,57.3191129414399,Gene 44
499.9728686230129,54.142074117035705,Gene 44
502.625245409089,60.65208436132879,Gene 45
500.15494801166415,54.37250957190743,Gene 46
502.6951660689543,61.237524632149885,Gene 46
503.0589662136883,61.580017928328104,Gene 47
497.2957287442332,57.24536266991134,Gene 47
502.7747907808002,58.51840367299963,Gene 47
500.82342772843305,61.220145243037074,Gene 47
501.59084791513214,64.88067093551444,Gene 47
497.87410320963835,62.92431822513385,Gene 47
497.1831274382792,59.99777238250507,Gene 47
503.9438466796597,62.1517590884052,Gene 48
496.8431858788792,56.97839359769022,Gene 48
502.7179374912474,55.30824502414084,Gene 48
500.90505464396983,62.839519158198456,Gene 48
496.07914795783915,57.0827301729734,Gene 48
503.2631175068324,61.16892436954001,Gene 48
498.8221605758586,63.61104440448824,Gene 48
499.73917951565556,52.547717240288385,Gene 48
497.5668359671509,59.68879118996712,Gene 48
498.13781327897215,53.80406846411357,Gene 48
502.219099362263,63.97369511604559,Gene 48
497.7604673904632,58.32329241301514,Gene 48
500.95069591110104,58.16908042872352,Gene 48
502.203764614654,53.82186427747624,Gene 48
501.53218758897646,60.03746027206661,Gene 48
496.24267185601883,60.92297315032871,Gene 48
499.9511165350493,61.999349438536285,Gene 49
500.80424206459406,62.667548938872486,Gene 49
496.6376051709601,60.08192159179763,Gene 49
496.360356465573,56.16061565128831,Gene 49
498.24567110234506,63.18867380689957,Gene 49
498.34724693716754,61.10180933516308,Gene 49
495.7589613507898,56.57460519879006,Gene 49
502.84747109608594,54.19328986455638,Gene 49
496.8072578813235,59.82617371204686,Gene 49
497.990576162073,58.63573150290193,Gene 49
501.7672613014949,51.90914130633186,Gene 49
510.83752696219796,56.26044913735748,Gene 8
512.413880934994,59.703881416119174,Gene 8
511.0205048165892,55.22685751120531,Gene 24
515.3018842016165,58.49522885428462,Gene 24
513.676134501425,54.14108173342622,Gene 24
508.95206678339457,64.61218790984064,Gene 24
513.502144894464,61.03134722070459,Gene 40
509.17036455772774,54.168920126079804,Gene 42
513.5258855716934,61.66178142891164,Gene 42
512.9163545043062,55.519166890341566,Gene 44
508.23087175020413,61.672021412426204,Gene 44
508.57558495719724,61.15039376132541,Gene 44
508.65625960577825,54.655707473975944,Gene 44
508.2527522238376,57.95854891726012,Gene 44
508.3687082024267,54.694857413228206,Gene 45
512.1253551422726,63.87195349235231,Gene 45
510.4490289125073,62.79391951162905,Gene 46
509.30105648794245,65.21085391706552,Gene 46
514.263626755984,62.46577576384295,Gene 47
514.6285129748661,55.92367093523609,Gene 47
513.7018861240093,62.935494050453364,Gene 47
508.1738765393214,62.677506520567405,Gene 47
512.6902636471729,62.40898692634665,Gene 47
510.7542805000265,65.88016128016973,Gene 47
511.73432815550575,65.73178782540802,Gene 48
513.9511225451746,60.469245077262116,Gene 48
512.1099592892032,62.65421107768214,Gene 48
512.4558356707496,57.561106610463945,Gene 48
513.1470602495401,53.257728738360946,Gene 48
514.2498867291396,56.38975576788214,Gene 48
511.058626939641,53.90666026243822,Gene 48
512.0467222803017,66.12462603770221,Gene 49
507.59729294660906,57.52960039503956,Gene 49
511.96846613477885,53.93292988661477,Gene 49
511.2113363414955,66.09499186682214,Gene 49
513.7449146990349,56.939524538980656,Gene 49
510.6835867765094,64.4559167520975,Gene 49
520.7929651341454,60.298463310546545,Gene 8
524.0604790110267,67.95111186892369,Gene 9
520.7220757405956,55.819366315388976,Gene 17
524.7111313660708,56.897161462313655,Gene 17
524.2133361926017,60.72528532072371,Gene 21
520.7596112423671,67.46097275466026,Gene 24
520.290902054592,61.41383685089595,Gene 28
521.0864652108532,66.27011996530786,Gene 28
522.4065970771204,55.40204920649817,Gene 31
521.5039085720646,66.84861392674625,Gene 40
521.4872362132328,57.31047877626302,Gene 44
524.3886473837298,61.6114592600945,Gene 44
521.4353377120954,58.09413928514283,Gene 44
523.4531041769086,67.95735294453497,Gene 44
521.8988168973541,57.96786200098024,Gene 44
519.9485180278216,63.18692117755483,Gene 44
524.7668290615776,68.48395995709251,Gene 45
521.9205681449502,59.91366139823323,Gene 45
519.8770163103004,62.99114001573011,Gene 45
524.1659166674775,65.35392971897996,Gene 45
523.8143139199656,55.116703944605305,Gene 45
524.0892978288101,66.63358280283806,Gene 45
520.91697365056,68.52211643255785,Gene 46
519.5160291688894,61.49977384239041,Gene 46
520.1589496148555,62.038116825260275,Gene 46
521.6048718333425,65.81073577622091,Gene 46
522.8544971420798,58.28071750660833,Gene 46
520.503474733001,68.04400287824399,Gene 47
520.7587798950412,57.573446607716,Gene 47
521.5355594518765,68.95706734477683,Gene 47
523.7681573914716,66.72390670879247,Gene 47
525.2156931592547,57.95016433082193,Gene 47
524.0596988898842,67.52853699435398,Gene 47
523.899713738982,62.37564133201351,Gene 47
519.8825144214522,65.71409551331853,Gene 47
521.2979203369861,66.33258123490027,Gene 47
520.1015265364473,69.21152307778043,Gene 48
521.4274903287711,57.037254273190186,Gene 48
525.2465290692195,57.70180523117951,Gene 48
522.1466228758743,62.06254680732537,Gene 48
524.7417020005614,64.1875126640766,Gene 48
522.5878465852742,56.01630539706187,Gene 49
519.5231214307481,67.38154624031708,Gene 49
525.026361780518,65.24190190118492,Gene 49
520.0524016348705,63.78020854793374,Gene 49
521.2791753356828,70.34277274369919,Gene 49
522.4678156515238,69.82848928533437,Gene 49
523.3423166103046,67.10555683442897,Gene 49
522.2391929493394,58.606535461320405,Gene 49
523.2756530790264,55.266485253608785,Gene 49
524.620505215507,60.223602842725256,Gene 49
525.6462654263167,58.48163434560725,Gene 49
523.7887092740583,62.87765185334501,Gene 49
524.9767367041103,61.142011373050394,Gene 49
519.8645596955492,66.90658659186423,Gene 49
523.5214654103264,60.044686164904896,Gene 49
522.5576588417085,56.68867149699016,Gene 49
524.8782070767044,59.54748574927678,Gene 49
529.7957148194864,59.81971960585769,Gene 8
526.7835889007575,54.254913418129746,Gene 9
526.1309287880335,55.79059089358558,Gene 9
529.0875898313589,54.524931772446735,Gene 17
530.8781277512383,57.772689283393575,Gene 21
526.5672600051606,64.95341018164548,Gene 24
528.1044867333055,53.86136501437657,Gene 24
525.7110395855783,61.5920893429323,Gene 24
530.5278455556082,57.39434529912192,Gene 44
530.7030996636738,58.847074496314576,Gene 44
527.0116231333309,65.8348262940698,Gene 45
528.7100428999048,62.798279013483516,Gene 45
528.8696925931678,54.43703737627329,Gene 45
529.5300622140835,54.08418560206596,Gene 46
529.0708546908241,57.21058803445853,Gene 46
530.6259156577046,60.50872749181652,Gene 46
525.2772982285985,56.331685155899855,Gene 47
529.228715318995,59.16496185154438,Gene 47
528.8936448751937,63.42119484830747,Gene 47
527.5684259038466,64.55593861879726,Gene 47
530.1137395875747,66.8332332618558,Gene 47
525.733313367826,65.42000124365782,Gene 47
526.4587654280738,54.640215616526525,Gene 47
528.8670315871859,52.734104268443446,Gene 47
529.2995656027296,65.49956410143866,Gene 48
525.2987139991295,64.72303704213977,Gene 48
529.9896185188082,59.88717852436612,Gene 48
530.4808769926649,57.02769455691373,Gene 48
528.0234477355518,55.632267057456,Gene 48
526.6625270330414,64.82854948836292,Gene 48
527.3817480101173,66.72207659847916,Gene 48
528.0650621920738,68.16312147921707,Gene 48
528.3154651786589,65.32985790516429,Gene 48
527.6886951941724,53.50405115883533,Gene 48
530.3852077419067,55.52961332155002,Gene 48
529.5736654435201,63.82506895337313,Gene 49
530.4792769075815,57.22725212906723,Gene 49
528.2880082212694,54.193745339249816,Gene 49
525.9543423731443,60.281626916097075,Gene 49
529.0872981737058,54.35352599473567,Gene 49
524.9541395191238,63.553456630374015,Gene 49
526.8908049059909,60.381869158250865,Gene 49
528.8652351061081,54.43103095110742,Gene 49
527.7866481398937,65.5067224113736,Gene 49
527.766113787611,54.32817689937047,Gene 49
531.0524350316977,62.99095641905058,Gene 49
527.377684542945,67.08231988944655,Gene 49
528.3676093752059,55.30277775579308,Gene 49
541.6899934480948,66.3933411499865,Gene 8
540.0340162911587,51.81217974292783,Gene 8
541.3029655636637,56.89996173309867,Gene 9
540.0596791197489,53.35528503287083,Gene 10
537.8459233682154,57.50066267804379,Gene 17
539.1850841077426,52.21739358388215,Gene 17
540.9752825508039,51.60216224212337,Gene 24
541.1422771966131,66.0442080097392,Gene 44
540.4810655883466,51.7788920909688,Gene 44
542.1094011579454,57.21526603286281,Gene 44
540.9462974720965,60.49145230453183,Gene 44
541.3722272074981,53.79838448598258,Gene 45
539.8012725063181,65.43256993603686,Gene 45
539.2133277659751,66.07905074493529,Gene 45
539.0259782321693,66.02942399150966,Gene 45
538.0420422354473,54.47712498656408,Gene 45
540.6731151640566,63.13798234757997,Gene 45
540.9930084019094,65.59646347210426,Gene 45
540.8515434347067,51.25589755659042,Gene 46
537.8315235663899,61.15372142997916,Gene 46
540.9498121826091,66.22529814138734,Gene 46
540.9052259343579,57.04792378429032,Gene 46
541.553359675564,59.31148679397773,Gene 46
542.283680918404,61.09210641741059,Gene 46
537.8567967849102,64.0365473212192,Gene 46
541.3354792019247,65.6022660369382,Gene 47
541.375450263183,52.90533397172991,Gene 47
542.2071969754398,56.56429218726565,Gene 47
542.111221890979,58.90242324183215,Gene 47
538.5776746533827,54.91616983821366,Gene 47
541.2984059675724,59.2532880285449,Gene 47
542.2506841110439,54.180088162234384,Gene 47
539.6730207465529,65.06372363883898,Gene 47
540.1103290840923,63.5105150361877,Gene 48
540.3591631775174,52.09096546941659,Gene 48
542.5311144312,55.58026254435627,Gene 48
540.2748233071461,64.3339884496946,Gene 48
541.2425391608953,54.597399673628495,Gene 48
539.1925848415062,63.96911689764699,Gene 48
539.5539075099241,63.51778684675994,Gene 48
538.0599628747899,59.23400300036827,Gene 48
541.1661279300525,61.374994165602104,Gene 49
540.6634922254741,54.849515433247106,Gene 49
540.786758915153,61.94037419166212,Gene 49
540.6550892167174,64.27455487899103,Gene 49
541.1716501643568,64.40409917747424,Gene 49
538.1278730892063,62.097829800979596,Gene 49
538.2558482014512,65.34212234352663,Gene 49
537.8150584748745,60.07648178411977,Gene 49
539.3180165654248,56.158120317239856,Gene 49
539.7424042637693,52.450870880982784,Gene 49
541.4953786683583,64.64286746679818,Gene 49
537.6629058198304,62.443228188154826,Gene 49
546.9214313673036,70.84888253070231,Gene 6
548.1890971766767,58.947815288339335,Gene 8
545.1867576365037,62.313157481005064,Gene 8
547.5765524651797,68.27647606303248,Gene 15
547.5183222829243,66.15895478756106,Gene 16
545.4126937251027,56.14350537561839,Gene 22
547.7785686872676,57.71681432341492,Gene 24
545.3611547988767,60.522433625404815,Gene 24
545.8643630698728,60.16985803288108,Gene 24
547.5963880653051,69.41016037767449,Gene 24
548.0901616019785,66.83703575664386,Gene 24
546.232158849092,65.80309698792993,Gene 44
547.9106270192052,59.285844649240275,Gene 44
546.308495317885,52.98904520803566,Gene 44
546.0505268915193,70.56132976092208,Gene 44
547.611208750237,61.695378144520696,Gene 45
547.9614625267322,64.79970828988313,Gene 45
546.8538386791562,53.51585006427509,Gene 45
546.7896502127684,69.30899358082182,Gene 45
546.7955263850497,56.29034605535169,Gene 46
546.1316667687495,62.74316951959203,Gene 46
546.590195417842,65.09888921651068,Gene 46
546.2827589651899,69.14653357739977,Gene 46
547.0583483219527,56.220386196876206,Gene 47
546.8997779681329,51.39924385100041,Gene 47
545.1379997773498,57.37892753787616,Gene 47
548.0769739483097,61.840174188681615,Gene 47
547.345758669362,69.50698775524225,Gene 47
548.029998481459,66.64199834296386,Gene 47
547.2802685239694,68.62508976730741,Gene 47
546.8342986808294,52.898097920832036,Gene 47
546.9490638017678,65.14770890508275,Gene 47
545.9035370196303,53.2256437438349,Gene 47
546.6270299497465,67.6899396499186,Gene 47
545.2285693674636,58.37913419613874,Gene 47
546.0536681095222,67.24286399284526,Gene 48
546.9689281469992,58.714202042729,Gene 48
545.8529714685411,65.54407175442185,Gene 48
547.7655947306722,60.95167843181581,Gene 48
547.2343981061056,66.76539696585037,Gene 49
545.4660306029881,57.12228623929697,Gene 49
546.2887681331761,69.88694185167546,Gene 49
545.4217131630014,67.81673958393182,Gene 49
545.3349813904476,65.10596952355833,Gene 49
555.2847976814694,60.87677529033309,Gene 8
562.2509872659979,58.914771247229595,Gene 8
561.2639269138436,63.56117353432502,Gene 9
555.2216011341961,59.69668637192062,Gene 9
556.254649293858,64.26433296192292,Gene 9
558.418575271861,62.48670213660549,Gene 22
557.6566626340357,53.48892925016666,Gene 28
557.5989503272558,63.58284204620857,Gene 28
556.0820663600257,62.68867897787729,Gene 40
560.5976691287821,57.75991676005156,Gene 42
556.506901096676,55.716735526086126,Gene 42
560.4166337192332,61.77197841609408,Gene 44
557.0538920978474,55.49312935947636,Gene 44
562.7764961599427,59.37356518373695,Gene 44
561.759754224925,56.36674587824945,Gene 44
556.4136583466404,54.76898323259011,Gene 44
557.9596711811427,62.07436185446935,Gene 45
556.2724579369302,64.31199442951561,Gene 45
557.4890986009309,62.38917468616375,Gene 45
561.7572350171481,60.9897425891702,Gene 45
560.5370834330382,52.65831608270726,Gene 46
559.7340415980791,56.514307125804535,Gene 46
559.5126771406188,62.69780730072257,Gene 46
555.8155195924589,55.60109474073609,Gene 47
554.3125792353735,61.56516493688438,Gene 47
557.3340414640994,56.425982001041554,Gene 47
556.7734040194468,55.81775179730348,Gene 47
556.009892943715,55.379183351704015,Gene 47
559.3318636473704,64.80001392519341,Gene 47
557.8243517223042,54.4025696242982,Gene 47
559.2362860569597,64.66767407588844,Gene 47
561.5975176112357,60.57629432409416,Gene 47
562.291715257195,58.38636901413505,Gene 47
555.345540637167,55.43384842136583,Gene 48
556.060045747556,64.22495202643296,Gene 48
561.2313601657105,55.49622533424186,Gene 48
556.461555349037,61.311559787901516,Gene 48
559.4973185189938,61.235657245845154,Gene 48
560.6042295450206,54.944419475016005,Gene 48
560.7880159295818,65.54555170711119,Gene 48
556.9249210175923,56.39239173500433,Gene 48
557.5825415049991,57.83221136182292,Gene 48
560.2822889215992,63.75613687384713,Gene 48
556.0449773415124,61.771936681619025,Gene 49
559.5092928937445,61.77947890614376,Gene 49
561.2759658744814,54.70771357567426,Gene 49
556.358393456216,55.18767343701896,Gene 49
556.7799659618508,59.02246640650312,Gene 49
560.9862043054792,62.13645239557246,Gene 49
558.6921219627434,57.20098996436216,Gene 49
556.8425266609623,54.70858074855938,Gene 49
556.7258133231782,64.86365622624368,Gene 49
568.9412328464082,48.19264155871424,Gene 6
568.770381472063,50.32089001754332,Gene 8
569.2327074556287,55.3107879709842,Gene 8
570.0836942689194,60.02468469798012,Gene 9
567.7018012826044,53.24670651216615,Gene 17
569.8097762704147,63.15035458078576,Gene 22
568.1664303702416,63.19397516871802,Gene 28
569.2592354865178,61.21207272368985,Gene 44
569.939185655452,64.66141465029536,Gene 44
568.8377410838796,48.32234596524046,Gene 44
568.5076153547141,65.23129372960145,Gene 44
568.4226777094848,63.56080481786319,Gene 44
570.0579460385835,54.93643636408925,Gene 44
570.0513590165352,54.89194465881227,Gene 45
570.0330718279495,56.83650385272749,Gene 45
569.3219290528776,63.25642980127497,Gene 45
568.7913295448925,66.22124363782066,Gene 46
567.5071410018395,53.83009900223689,Gene 46
568.7041804758987,62.879330480941334,Gene 46
567.8946228941328,51.883237768787936,Gene 46
568.2019817827769,59.81742546793442,Gene 47
568.507368806143,62.94167828476517,Gene 47
568.3048231116995,56.501878599423904,Gene 47
567.676571548564,57.145868270385854,Gene 47
567.9910046281025,58.42273850496837,Gene 47
568.2836514394834,63.95799970149521,Gene 47
569.7843808659475,63.582639456882085,Gene 47
569.0817569020493,68.18286876438894,Gene 47
569.8427660612898,53.508775630342654,Gene 47
569.7064281132818,61.533512475266576,Gene 47
568.5540332387795,50.59407410340943,Gene 47
570.0324929638515,63.63109322119573,Gene 47
568.9737329735021,63.30839168344768,Gene 48
569.5096778249901,53.71562438492175,Gene 48
567.8081436353029,55.39551738885107,Gene 48
569.5870585066575,64.8321801153972,Gene 48
569.680381459874,65.25353465972424,Gene 48
568.0862069897998,61.54442801419517,Gene 48
568.502384356615,55.465841968309626,Gene 48
569.4990044911416,66.47397428983265,Gene 48
570.1017999254218,63.36396526189036,Gene 48
568.1777429227235,62.06163348876226,Gene 48
569.6145507404725,50.57299328195562,Gene 48
569.5742952960242,51.56147289480245,Gene 48
569.9448713977608,52.567970180373635,Gene 49
568.549076107329,50.213763337549715,Gene 49
568.1212677753235,50.497913741874115,Gene 49
570.0701204875047,61.23394849095838,Gene 49
568.7621633291227,49.913087499563176,Gene 49
568.3110586516005,53.31559027086333,Gene 49
567.9814322447331,53.483657633744265,Gene 49
568.0158935301881,58.9111855320955,Gene 49
569.1259292792577,62.144737206828154,Gene 49
570.2002670608395,55.37347700922496,Gene 49
567.8622816366304,65.73506873993198,Gene 49
567.990770744984,64.39504502728093,Gene 49
568.4148312856443,57.53689284246897,Gene 49
568.916801328568,62.46231530000666,Gene 49
569.7135518483013,56.23641244035221,Gene 49
567.9269317856882,63.85597018293733,Gene 49
569.6571104319759,63.31053228511792,Gene 49
569.3252705069632,54.23592032964877,Gene 49
580.0061309916541,64.43268454603147,Gene 15
574.0968349036791,60.173595474596674,Gene 24
578.226826849449,55.74593443345236,Gene 24
581.5174630699141,62.39638048121211,Gene 40
580.5165446493761,62.95325307352998,Gene 42
581.5892573941725,61.170573565502444,Gene 42
582.0030749288634,61.25378345076398,Gene 44
581.1544342143407,57.42056443304186,Gene 44
574.3335221599315,58.94113949733438,Gene 44
582.628459820845,58.920123383604434,Gene 44
572.8704086734482,57.895522523805774,Gene 44
577.2047107143215,56.05118557740574,Gene 44
574.185111618365,63.347135217786786,Gene 45
573.1900359843836,64.52193184051147,Gene 45
576.712823957085,65.04645073922451,Gene 45
578.7530277219703,58.183327255361476,Gene 45
580.283997255643,64.57792249167348,Gene 45
576.4895839964049,62.467089895523614,Gene 46
573.3252570381696,62.752830850678635,Gene 46
582.571342513769,58.930027711418646,Gene 46
581.087395025211,63.98339204279684,Gene 46
581.7371235472677,59.46978547089248,Gene 46
581.5817713682677,64.80585835419278,Gene 47
581.3961683492918,61.189368024891856,Gene 47
581.392465020449,61.18308019672207,Gene 47
571.0102723677941,62.768903400447655,Gene 47
580.7892223372966,57.49475101832846,Gene 47
581.8821509476428,58.50751333844351,Gene 47
581.5061767555288,59.56249667812545,Gene 48
578.9721014874788,59.46566273549432,Gene 48
574.5328244083925,60.70355804438421,Gene 48
577.7646734036032,56.530807558937596,Gene 48
579.9428892133583,66.22864199542644,Gene 48
580.1328709272954,59.52782135577929,Gene 48
581.930243354566,57.23046445115524,Gene 48
581.9643885045584,56.486416696250394,Gene 48
574.581495754019,58.4252755817295,Gene 48
583.384974855306,61.652206193044044,Gene 48
577.1433643846406,64.38052056228435,Gene 48
573.1927632168024,59.578224436676166,Gene 49
577.3198717744639,56.53788791799144,Gene 49
582.3790829872506,60.01833875368043,Gene 49
580.419285800335,64.33644208987582,Gene 49
580.2902867359288,57.01983027879223,Gene 49
580.9779392005078,62.176099904050595,Gene 49
570.8614669347064,61.94649169704004,Gene 49
578.9926606087143,64.1520513378856,Gene 49
586.9713255571952,67.06582871329049,Gene 8
588.3151188465031,57.201684653682165,Gene 9
586.5968744226519,63.8398653575676,Gene 15
588.0664886301674,54.26319459222657,Gene 15
586.7609331548709,64.3613293747172,Gene 22
589.2984952054672,55.58874581905331,Gene 24
586.6490664359767,62.995309220529236,Gene 24
589.1831503741532,66.29397427281869,Gene 28
587.0570878450394,63.86051715759512,Gene 40
587.4279828984561,68.88673905289279,Gene 44
589.4173382936453,56.51794388535203,Gene 44
589.2698678455145,57.61375502921389,Gene 45
588.3163482405831,52.34101277156264,Gene 45
587.9840830381866,58.38763209510782,Gene 45
588.2481116416608,67.6657844835502,Gene 45
589.3246136814689,64.41811775363122,Gene 46
588.360591686248,53.518960830668576,Gene 46
587.0825365135948,57.389324147209685,Gene 46
587.1329818930659,60.40908382872601,Gene 46
589.6851633757142,57.87143156087836,Gene 46
587.2685893752183,65.3560887839193,Gene 46
587.5789049778367,61.491490210886134,Gene 47
587.2237157920047,67.90397009971429,Gene 47
588.9709671147988,61.01066458254877,Gene 47
588.9457232764353,55.66743939217654,Gene 47
588.4404079827684,53.50361568813489,Gene 47
587.2023696136495,64.35382128379138,Gene 47
587.6029084589736,61.723371917390295,Gene 47
587.223579090317,56.43773704000247,Gene 47
589.2135119418568,54.2522543465811,Gene 47
587.5930227411092,56.18944659150726,Gene 47
586.465138637099,62.03338964435342,Gene 47
589.0750941137045,67.1222889113357,Gene 47
589.133176629639,56.8933968646824,Gene 47
589.4650705621302,62.65693605363286,Gene 48
587.4347029829122,55.34411151313523,Gene 48
589.2022085106348,58.55634086611532,Gene 48
586.8104687182579,55.221950622051864,Gene 48
588.3738684067441,57.37761892222431,Gene 48
587.5163238843921,54.48183313036242,Gene 48
586.8477790822249,65.46058833330451,Gene 48
589.60312316481,56.3484268941371,Gene 48
589.6546279928145,60.05448320360901,Gene 48
587.6064858020534,69.1890684613437,Gene 49
587.5227587550002,61.27767955575293,Gene 49
589.0299698939405,56.42339914496081,Gene 49
588.4395099010876,51.39045558022912,Gene 49
587.6744575197218,69.64223468262385,Gene 49
587.1439572572925,59.10985997003373,Gene 49
588.0973399534678,69.79724164079745,Gene 49
587.751806931658,64.8745426028776,Gene 49
586.4619591566818,58.466973221864485,Gene 49
597.0781075926083,65.6922963931539,Gene 8
596.6981397389792,62.102002458811846,Gene 9
596.5626512855649,58.102498845892754,Gene 15
595.7062225949713,53.52239398075615,Gene 15
597.3480203087981,62.571822859650794,Gene 15
597.9619269344431,48.2192194673482,Gene 17
596.9126433086283,65.2706699005683,Gene 24
596.4374644252937,60.58138752448768,Gene 24
598.5861295081592,62.63615391357698,Gene 40
597.2550875163859,62.54114848832739,Gene 44
598.2288126087631,57.68774390349831,Gene 44
598.3833410436765,56.63937914111884,Gene 44
596.0359459736396,63.80828787620675,Gene 44
598.2004159765305,56.53294898816245,Gene 44
598.8194471162935,56.5717334651094,Gene 44
597.9050657677154,51.5641779693019,Gene 44
596.0343690725514,53.13689439251439,Gene 45
596.3052214030674,57.15760906844886,Gene 45
596.0532145154929,56.925493245166166,Gene 45
598.9462904950975,54.27866058859264,Gene 45
598.6962191493782,50.15766607386861,Gene 45
598.5645702736917,56.578288066406074,Gene 45
595.7264466722651,61.459437175044116,Gene 46
598.3079806377273,51.51974544723892,Gene 46
596.2104992219387,63.910132633299085,Gene 46
598.1725028240745,50.26598812996273,Gene 46
598.8490839076733,51.287832280413376,Gene 46
596.4781692041361,50.028604818572774,Gene 47
597.619551808295,65.92891412747417,Gene 47
597.0126225233408,65.7976518463537,Gene 47
596.6637027032958,57.24893766156702,Gene 47
596.8813820913957,48.94322735006778,Gene 47
597.1398070540941,61.56798761387488,Gene 47
597.3992389507994,49.01140728624232,Gene 47
596.4192975784797,60.713081697739014,Gene 47
596.7769482598252,52.36451570160887,Gene 47
597.9465451940624,64.4720076904895,Gene 47
595.5932247673028,55.345053182278605,Gene 47
596.3948244884626,62.26218715334713,Gene 47
596.9217579445724,53.3344853818074,Gene 48
595.7015714657505,63.14789388479187,Gene 48
597.9538713423541,62.649062170921965,Gene 48
596.7423312001129,51.757734412401774,Gene 48
597.497239905601,51.1976537762512,Gene 48
596.520091128062,57.41686046131389,Gene 48
596.301502175121,64.06102054575476,Gene 49
598.9687777261067,62.95694195535875,Gene 49
595.7123552279486,52.972525915249456,Gene 49
598.5590204056207,49.68010480060974,Gene 49
597.8538960673402,64.75097850279947,Gene 49
598.3779980954401,53.167365184873866,Gene 49
596.0793985988144,60.160167180505475,Gene 49
507.91512678950255,66.68111502754131,Gene 8
507.68843607201853,62.45971617128368,Gene 8
508.15097169440514,64.27729594952935,Gene 9
507.86921894194523,62.465090387522196,Gene 15
506.5615604069306,67.53221911505477,Gene 15
504.725406152721,58.34674383245647,Gene 15
507.7221043920526,71.0635466850974,Gene 16
507.4825731299172,71.18440130180228,Gene 24
504.09318179240466,65.47874940374284,Gene 42
507.6526278799801,61.88131534401249,Gene 44
503.6022304386579,63.888537565123194,Gene 44
504.1330676516358,69.348021872829,Gene 44
504.59593937601005,73.64471348419704,Gene 44
505.3178383007947,61.26271708566781,Gene 44
507.4688537055508,61.17440562337063,Gene 44
507.48754848977916,70.81819865135364,Gene 44
507.7716720706998,68.33654693774788,Gene 45
503.4128041446964,63.132359490266374,Gene 45
505.7715560573299,59.43015030669394,Gene 45
506.438273339955,62.271683396810914,Gene 45
507.2553816139947,60.11878076707595,Gene 45
507.1647779865973,66.15417034388146,Gene 45
505.4408121232747,71.58958553678997,Gene 45
506.3893064091193,66.18942988955996,Gene 45
506.753350210712,73.48448350651682,Gene 45
506.522145037582,60.214936270461614,Gene 46
503.5897254096815,68.76109019008634,Gene 46
505.0308805709788,74.24533149598417,Gene 46
507.16515871379806,67.5863074541348,Gene 46
504.7591926301814,71.38372457156599,Gene 46
506.08259570915936,74.12365280920959,Gene 46
505.68560923395654,71.01268385482801,Gene 47
507.52590805167426,59.883126390225854,Gene 47
507.89895739750796,65.68092360703919,Gene 47
503.92243413621287,69.82750551886667,Gene 47
506.5875113289001,70.75002302612565,Gene 47
504.7962250667797,68.28517485144029,Gene 47
506.9967340247958,65.38070977014047,Gene 47
506.40977857111176,71.74353085237728,Gene 47
507.95130351498796,64.00967780423707,Gene 47
507.4140167111315,60.24396860616603,Gene 47
507.77515292041664,66.12937252747068,Gene 48
505.5701814935958,67.26561147944729,Gene 48
506.684914612935,58.387934342297775,Gene 48
505.2067964072304,69.607989228337,Gene 48
506.6975230676847,58.79373137284851,Gene 48
506.452243738668,59.99056538777546,Gene 48
505.3730735908344,60.08837215616707,Gene 48
506.2748312452194,60.85763671472834,Gene 48
505.7090155854504,59.63304620811578,Gene 48
505.0884732896004,70.5037344177054,Gene 48
507.3056548457483,64.65588339583945,Gene 48
505.4324426899523,73.434503374261,Gene 49
507.3380816389884,62.444211176874454,Gene 49
506.5116633678163,63.348850963980055,Gene 49
504.72018415017163,60.63874499096758,Gene 49
506.6569357376492,70.44098929156463,Gene 49
506.52554419931016,58.197725621536975,Gene 49
507.2579354567003,62.0418222656068,Gene 49
516.0978436741511,77.4725451074063,Gene 8
514.8379336991477,64.5365131721918,Gene 9
515.0502265934161,64.28485451799688,Gene 15
515.849792387878,68.9027799360088,Gene 24
513.7413428740814,80.27385419901229,Gene 24
516.0504840567447,73.02703371911191,Gene 24
513.9207262224105,79.22120790298794,Gene 31
514.2918952909017,78.60587086897532,Gene 40
513.678577038764,65.64901016729814,Gene 40
515.9525738362544,69.64370514581711,Gene 44
513.4796124099846,73.2022236680152,Gene 44
513.8441956358236,68.2405647476542,Gene 44
515.8383750952196,73.31676640242159,Gene 44
515.2641124871042,78.89430175461378,Gene 44
513.4657497863573,68.8974246990646,Gene 44
515.1890739352378,63.65563870117127,Gene 44
515.2725112867115,68.96416882076393,Gene 44
514.793829089955,81.1417590092018,Gene 44
515.3974753120466,67.45271749307075,Gene 45
513.9931771262217,74.25059619404995,Gene 45
514.1230920792407,79.89550100443012,Gene 45
513.8899030479332,64.97175130078904,Gene 45
513.9459749215501,68.5430378746838,Gene 45
513.2047479325686,71.45650882753907,Gene 46
515.6109452914454,79.75591528046543,Gene 46
512.9806241331758,71.83481151016481,Gene 46
515.2626665551832,63.88982939586019,Gene 46
515.3734535362449,75.0194446689623,Gene 46
513.0740274782115,69.60687652635879,Gene 46
515.814527991012,74.39881346571579,Gene 46
514.7614223446799,70.30809799651979,Gene 47
513.7015572317817,75.96172999326633,Gene 47
514.3748871527898,77.20443063014172,Gene 47
513.8216101673097,69.84228430903836,Gene 47
513.5243912917638,69.08501591955806,Gene 47
515.3105525991477,76.62804453400588,Gene 47
515.6872768588244,66.6939252819189,Gene 47
512.8952205757263,71.66813944611523,Gene 47
516.2995985715335,68.40728796680612,Gene 47
512.9398136659122,69.85215334301571,Gene 48
514.7273474807678,75.48087156333955,Gene 48
513.2989554507534,70.16751400750974,Gene 48
515.8043946821547,74.41997729357479,Gene 48
515.9247603352793,69.34948618670334,Gene 48
513.6351685324362,67.69409263190474,Gene 48
515.5115795519142,78.03062446381414,Gene 48
515.0336055823637,78.73199107282429,Gene 48
513.5063771954999,78.51541257185717,Gene 49
515.1368433053622,69.56571357132287,Gene 49
513.6196518804367,67.07183230911389,Gene 49
513.9012877581133,77.68727959951869,Gene 49
514.4003087999612,79.98251994176566,Gene 49
513.0307832030433,72.92569290254042,Gene 49
513.3468639127238,69.58404627305856,Gene 49
513.8990557049963,65.85168858119596,Gene 49
514.3241105870832,64.16328637292268,Gene 49
515.9603700973934,73.34659234065846,Gene 49
531.7940019454362,71.5323357258232,Gene 9
529.545845682051,66.38125046150154,Gene 9
528.9017507861015,74.76325421614904,Gene 9
530.71633492087,64.27386209407572,Gene 9
528.672102284164,61.18683915868846,Gene 17
529.8177307730481,76.22485769459269,Gene 24
531.7459347153372,72.11530638155637,Gene 28
531.5076042750476,63.39549592433427,Gene 28
530.4844980895144,75.2208483652851,Gene 44
527.9965133330818,68.2229762961951,Gene 44
530.8984756393129,75.88668504106596,Gene 44
528.3000255955709,72.75920721789748,Gene 44
528.5420272505929,69.66903305010091,Gene 45
531.065696224274,63.21891273087002,Gene 45
532.1775136001173,70.35905072135114,Gene 45
529.2363566611048,63.650879337703955,Gene 46
527.9329623812927,66.73621704428334,Gene 46
530.0692677092229,73.39683227921819,Gene 46
531.3300224960362,72.29963784533308,Gene 46
528.2224686028707,64.0711169911961,Gene 46
531.5725602024422,71.48756837026625,Gene 46
527.7180741967504,65.92285324254925,Gene 46
529.8009258195834,61.70625413076765,Gene 46
530.485157483875,60.246718832524806,Gene 46
531.5228360316938,74.75955383429402,Gene 47
530.3094511503267,75.6673215778891,Gene 47
530.3946986992571,72.8186047257153,Gene 47
528.4631953020025,73.87039768060353,Gene 47
529.0807027941651,62.81773520124139,Gene 47
531.5800681627376,61.68043573284348,Gene 47
529.5288339839258,74.89259774344974,Gene 47
530.671065372093,72.4396495875234,Gene 47
529.2425066507391,64.80154751785808,Gene 47
532.549341965696,68.01804052041686,Gene 47
528.5166880910542,69.79095248567057,Gene 47
529.9064335239957,58.679280111673876,Gene 47
529.7014639568856,61.68565105563857,Gene 48
528.9471156480098,64.18213008258303,Gene 48
532.4494418579451,68.97021071517155,Gene 48
530.7590518777109,65.50920522831294,Gene 48
531.9367647861811,64.57014251268154,Gene 48
528.6883727537188,65.35205687193556,Gene 49
531.1327204775242,66.31220929634205,Gene 49
528.8981778198247,75.2544624359167,Gene 49
528.2811270769962,68.62584231474904,Gene 49
528.107380929042,68.31295138962187,Gene 49
528.3063699623705,66.41652974564836,Gene 49
530.3126361743186,77.30301543435078,Gene 49
530.6334401159704,65.37608669072786,Gene 49
534.8037265149477,58.46911217732843,Gene 8
533.8184068381862,58.370904953471104,Gene 24
535.0051465288019,61.53493075836051,Gene 44
533.4675473094595,57.881110489104124,Gene 44
534.31378283092,59.78596187619206,Gene 44
533.5704483378489,60.54556535803542,Gene 44
534.925927257392,74.42181398695324,Gene 44
533.2941442583274,66.22841063761666,Gene 44
535.3775722117357,61.3493261754796,Gene 45
534.978386878335,63.247122537859894,Gene 45
535.2812956716607,66.96845954286789,Gene 46
534.5037738322329,57.73975546710066,Gene 46
533.4152108921276,66.20135858866225,Gene 46
534.6126734618578,74.58055897616016,Gene 46
533.313236203395,73.51416133320568,Gene 46
533.0937870960587,71.11049310658771,Gene 46
535.2204485658854,62.68422067133666,Gene 46
534.1975402532815,72.25197810766143,Gene 46
533.7190353103357,61.58111231347401,Gene 47
533.4950008845133,65.75412155149932,Gene 47
533.8682217866622,60.37485972230449,Gene 47
534.940272097915,61.40168309631027,Gene 47
533.7183943356423,67.78127834243803,Gene 47
535.3742572179053,60.03313121554537,Gene 47
535.2692676526378,63.54256832007887,Gene 47
533.4277430003608,61.6326344689305,Gene 47
534.9529986425466,68.85813214956553,Gene 48
532.7662326459586,65.72394738219579,Gene 48
533.4079619444466,62.94289939459226,Gene 48
535.324455172812,63.31611309035219,Gene 48
535.7333986789126,68.73068532546182,Gene 48
534.0735453557827,58.106748564607706,Gene 48
533.4246292785634,72.68335396940536,Gene 48
533.957273648099,73.5839824039214,Gene 48
534.8391337428194,59.27172502527028,Gene 48
535.6389318195288,66.32257863984341,Gene 48
533.7180687989684,63.72941284183773,Gene 48
533.5086188241767,58.59558536041719,Gene 49
533.9025996729993,57.92163479842225,Gene 49
533.10181786451,71.2484226662718,Gene 49
534.8183040234186,58.7630820710562,Gene 49
533.5530421949778,62.9530959535631,Gene 49
533.7035416829088,61.089082335814425,Gene 49
535.068209183792,72.56789716993549,Gene 49
534.2882122183173,72.78511031874463,Gene 49
534.1455660616656,74.93401386691946,Gene 49
533.3803453796362,59.69981594169151,Gene 49
534.2570299939058,74.77845120516558,Gene 49
534.013693004432,75.769495923987,Gene 49
533.3214902262077,64.96984045750553,Gene 49
547.090532541041,71.01868229952886,Gene 8
547.5395438934136,74.507631251312,Gene 24
547.0857764582283,70.35559737072174,Gene 24
547.3953678125018,74.11994949353625,Gene 24
546.933417572674,68.94212228591914,Gene 28
547.424966948765,69.50732542864266,Gene 42
545.8826749373892,61.51394467768008,Gene 44
546.5877822428606,76.46593107193296,Gene 44
546.2495746525825,69.68855872438296,Gene 44
545.2305873673364,71.04136224270694,Gene 44
547.0903109728354,76.53762555200451,Gene 44
545.4187664389676,76.267637433121,Gene 45
546.9563410882279,70.784843537715,Gene 45
545.0623489987779,71.95501294283918,Gene 46
545.31080159506,65.46024754673748,Gene 46
547.0741069788437,70.21042271781394,Gene 46
546.287828114251,80.05808961553296,Gene 46
546.993309286202,69.06308607868462,Gene 46
546.0116799375535,61.90443531528806,Gene 47
546.7504956023595,67.95450794321339,Gene 47
547.0469531147719,73.86162441072595,Gene 47
545.866398137482,64.82237467963446,Gene 47
547.0512139143024,73.10109345009502,Gene 47
545.9721191250973,78.52488069563668,Gene 47
545.5242690190234,69.15070217885518,Gene 47
545.3870414526007,70.54688634333607,Gene 47
547.0646752717143,70.78585374110406,Gene 47
546.1039482836494,63.33028725273733,Gene 47
546.8681695402491,63.4171550161944,Gene 47
546.5594070710268,67.83834978496385,Gene 47
544.9816358429966,69.84119386171292,Gene 48
545.3344135259192,66.88417143822677,Gene 48
547.0080982104248,75.01767686319796,Gene 48
546.6387765090234,72.84983046810403,Gene 48
545.534474518274,69.84875016432952,Gene 48
547.0763804527968,66.01812678391417,Gene 48
545.545620801126,67.7599752309383,Gene 49
545.0153644770247,68.76703077529675,Gene 49
546.1294050624722,80.25335544080495,Gene 49
546.1844318410992,78.6747189178044,Gene 49
547.1424509962474,70.1486041584226,Gene 49
545.9528219439426,65.47905667232918,Gene 49
545.4610838081223,66.54003162020757,Gene 49
547.0423973107523,70.7511304589385,Gene 49
545.7950271039876,66.92462766739463,Gene 49
547.3197999403677,67.694882064702,Gene 49
547.0041921129797,77.12245013915661,Gene 49
546.6426021816823,80.59120526250908,Gene 49
545.9112797890077,62.18599132977846,Gene 49
560.9633554219896,63.658730982143354,Gene 9
557.2456160674999,62.41787454661473,Gene 21
558.4582868234844,62.04982844192786,Gene 22
556.7139292773751,67.43225606658825,Gene 24
560.7018835896572,61.604753701848594,Gene 24
559.5187805544095,62.5552798953693,Gene 24
557.6079071351609,68.2397354253904,Gene 28
559.9068689356409,64.24569853553236,Gene 40
560.6006385320836,68.0143588304717,Gene 40
559.3522160585364,76.1456650320113,Gene 42
560.3008584990749,66.15901215168503,Gene 44
557.6085837790131,62.6909576286744,Gene 44
558.6853700368783,76.15916164714551,Gene 44
561.4266882772625,64.80644008705538,Gene 44
557.8123115562237,64.56285892763,Gene 44
559.8616930431398,76.24241768546706,Gene 45
560.2371146986904,67.20463845201678,Gene 45
560.5076349071227,60.385863738127114,Gene 45
561.3857454855388,75.46147275306329,Gene 46
559.0557710016034,76.62518372123884,Gene 46
556.8877757989943,66.16247528757565,Gene 46
557.9995315954221,76.24004506454858,Gene 46
558.748625934035,64.25176213088093,Gene 47
559.0647251234867,72.26817950477378,Gene 47
559.6836758922786,61.04529078550696,Gene 47
557.4761131754076,70.92815106358327,Gene 47
558.7283241854062,63.23013929415588,Gene 47
560.5665111051634,65.63999334640441,Gene 47
559.2219119238712,64.1622821571285,Gene 47
559.0028042324974,62.70389974433242,Gene 48
561.9273956180735,74.26750832965311,Gene 48
561.2595155473706,74.19886604845055,Gene 48
561.9027866606435,65.16247422813723,Gene 48
557.3200425529931,65.02795788875778,Gene 48
560.8804107916371,62.72663681633292,Gene 48
557.6081893043914,65.70389750494815,Gene 48
556.7192110609851,72.80629261384966,Gene 48
558.3741136419517,76.05170416908518,Gene 49
557.5406430724754,70.36627730622179,Gene 49
561.4232752195963,68.98281130492946,Gene 49
561.0215928053265,63.669266439090244,Gene 49
557.9575215987779,74.22592210002924,Gene 49
562.1445781381166,68.5847002165568,Gene 49
558.3868182407787,70.78841424098864,Gene 49
562.4721024585392,68.61460181303624,Gene 49
561.1150488569339,66.85796880960781,Gene 49
558.7494039234649,71.25534366319833,Gene 8
561.2217343925425,76.07337171524179,Gene 15
564.500053653276,72.4284111346463,Gene 17
559.9295789453298,75.26579829328647,Gene 24
561.3980209187328,66.28306372833946,Gene 24
565.4682119207798,69.4916191112757,Gene 28
564.0272036760913,68.83743922146928,Gene 35
560.8862546334175,77.26200224496259,Gene 43
560.5625173620448,64.01719748411688,Gene 44
561.4459856514428,63.32106586222447,Gene 44
558.5868549126749,69.4771434423768,Gene 44
561.5404615533079,65.93539297907893,Gene 44
564.4340150235564,71.95717387459939,Gene 44
561.224529880268,75.36399489451017,Gene 44
564.481454549102,69.28821089994514,Gene 44
559.2164204873276,73.70839514044012,Gene 45
564.7014726734456,70.32781856935222,Gene 45
561.8741753244113,65.35805992319152,Gene 45
564.4121950832949,68.93168850101361,Gene 45
563.0600904257617,62.24649983778117,Gene 46
559.4004590731323,74.33797944929216,Gene 46
558.3221809679005,71.49169770177325,Gene 46
563.1966982793343,62.30691369949292,Gene 46
562.8910755413398,72.33136353723091,Gene 47
559.9809652533024,69.02714174239588,Gene 47
564.4983014215675,70.83811647305973,Gene 47
559.3968715731434,70.32864058532805,Gene 47
563.5576124378946,70.12580355511372,Gene 47
564.1112584302649,74.65350229936993,Gene 47
564.3710508456405,70.35207536277777,Gene 47
560.942228690012,65.07933911107163,Gene 47
559.5981291342637,71.03827341637101,Gene 47
559.2712633134304,68.64606306761549,Gene 48
559.4200428904365,73.44957946995905,Gene 48
564.0539113834611,74.68048719399744,Gene 48
560.2791559674964,72.86425732866584,Gene 48
560.8059457839926,67.0801549343523,Gene 48
565.4104248209712,68.38759234480294,Gene 48
564.4144460928754,72.0819717868238,Gene 48
564.0313845617694,75.98102241695513,Gene 49
563.4775712177567,66.44967942097968,Gene 49
564.3408169334965,68.84088501917677,Gene 49
565.728236580857,68.1012421355423,Gene 49
564.6812426689303,72.93625068483655,Gene 49
559.3349773971499,69.72242222919289,Gene 49
564.9836573982592,69.9924112835025,Gene 49
560.3070999824384,69.01699922924095,Gene 49
564.4572456600049,65.81841087939127,Gene 49
559.763525762462,66.89205937578667,Gene 49
562.9125958144841,66.88631672534838,Gene 49
563.8028461935316,68.62455851754169,Gene 49
562.2032232830232,74.70949588577865,Gene 49
561.2658352500404,70.40991357612268,Gene 49
564.1720788337436,66.89634710449971,Gene 49
559.6144373290558,73.33561314063013,Gene 49
577.4863308694255,63.21752077201337,Gene 9
577.7171962210566,81.8508439529787,Gene 9
577.2342353833149,65.46024428308209,Gene 15
578.0177755447534,66.37121328835063,Gene 17
577.2274400851677,69.04422430939333,Gene 21
578.2753438691723,74.36385972192969,Gene 24
578.1410307493508,70.98902632002172,Gene 44
577.9487437970313,77.44403687609322,Gene 44
577.4197997512167,81.31255810915593,Gene 44
577.4908131290427,65.2897690626945,Gene 44
577.1239612209121,68.67525333292262,Gene 45
577.682840688412,76.99782124850617,Gene 45
577.7166428169234,65.2054735829608,Gene 45
577.9178218998206,66.14519821522765,Gene 45
577.5972720864062,66.26038573819858,Gene 46
577.1300249540815,74.80974862013184,Gene 46
577.335337845092,79.8885017438062,Gene 46
577.3892186231184,77.99577666125738,Gene 46
577.5178814937976,64.57634706719519,Gene 46
578.2764074082237,71.51362206834253,Gene 46
577.5593119551517,75.59369526714435,Gene 47
577.0945548756621,65.5657343884667,Gene 47
578.2864717903941,68.00162328444434,Gene 47
577.0552211448318,75.47654065064208,Gene 47
576.9551508677173,66.3350163242559,Gene 47
577.3469335289208,64.1858343058698,Gene 47
577.2723493619311,80.93280702902426,Gene 47
577.296202570065,65.48705450590009,Gene 47
577.9765777921647,79.2608521118892,Gene 47
578.1679272867341,69.24312695425765,Gene 47
577.9672505186168,67.68504376637142,Gene 47
576.9866353342896,69.36018979001987,Gene 47
577.0033479698145,68.19982514918897,Gene 47
576.8785745164832,68.25470902242526,Gene 47
577.6682099677619,77.55977274132329,Gene 47
577.1957754495024,73.61967140697458,Gene 47
577.0279354876734,70.29208405635298,Gene 47
577.3629082426838,64.228958227147,Gene 48
577.3029649283361,79.83474819619373,Gene 48
578.1914023883272,78.17610081561702,Gene 48
577.3926113262776,65.78062626444043,Gene 48
577.1762792606502,71.56148159588335,Gene 48
576.998583342974,74.03357346858834,Gene 48
578.0691561314399,78.05684628510824,Gene 49
577.0616696803482,75.0095949625432,Gene 49
577.512489582805,81.3971962719909,Gene 49
577.2647130911624,77.7533149985046,Gene 49
577.2187587085687,67.27204321087737,Gene 49
577.9182773452206,70.06750194779389,Gene 49
578.0103005380101,71.16077780115086,Gene 49
578.1323329143202,77.5838121881492,Gene 49
578.0148758299049,72.09749272917684,Gene 49
577.5953583093677,65.87685715429085,Gene 49
577.1029410258658,65.68083137874571,Gene 49
577.5509765340705,64.79125300535159,Gene 49
577.2590676666118,69.02029783180011,Gene 49
587.7361525020025,73.307029204739,Gene 8
585.416840611737,65.81169503223184,Gene 17
584.7346075494229,67.3658902193344,Gene 24
584.5546676150067,75.48801634068761,Gene 28
585.2716964492039,66.96873709664379,Gene 40
585.5534622554761,63.64569253049829,Gene 44
584.7747068242084,77.03618736713469,Gene 44
586.5843678416172,67.1910565132107,Gene 44
587.0758102547695,74.60065510666848,Gene 44
584.2706927428966,75.84289110989165,Gene 45
585.5022093913858,61.745124527060845,Gene 45
584.7397187565699,69.57889824700939,Gene 45
585.8646415458535,74.54328748655169,Gene 45
585.6647057911333,80.83199970680384,Gene 45
587.2414502390901,71.0454429467348,Gene 46
587.1433056147223,74.70802966612703,Gene 46
586.3158490525234,66.76191180680253,Gene 46
584.5067667344371,71.61757120998335,Gene 46
585.4589082367385,80.9947568763304,Gene 46
585.9125357744398,79.4015292615225,Gene 46
585.5499301994088,79.940582298576,Gene 47
586.4966137013864,65.48884679017537,Gene 47
584.5169827075309,77.22038988657664,Gene 47
586.1989691570967,65.03049065893796,Gene 47
586.764673098746,76.45631208305801,Gene 47
587.7130992431374,73.26253347789661,Gene 48
586.4419442587927,78.11174867829413,Gene 48
585.833148262453,77.29687993361932,Gene 48
586.0449027127902,66.08619990616712,Gene 48
586.7109835069125,78.8190894344899,Gene 49
585.7363412881939,77.12362294651204,Gene 49
583.8619011363081,76.43663931823859,Gene 49
586.8097813880067,77.2207250138354,Gene 49
585.6833622315231,65.35283099480192,Gene 49
585.5686395927411,73.45342649871097,Gene 49
585.5387349203543,79.25242078203681,Gene 49
587.3259660826853,68.3059972240794,Gene 49
584.6084109807965,76.06521760940652,Gene 49
587.1187117096305,71.2987360449041,Gene 49
586.8236006067589,76.14348094516231,Gene 49
585.6848721188283,67.84997910710136,Gene 49
596.2971470909122,62.173533103064905,Gene 9
596.78977208257,63.88413336991079,Gene 9
595.8928355197338,65.70514136901357,Gene 15
596.3264755970132,65.3169919971602,Gene 24
596.8442812550305,65.46743355700369,Gene 24
596.074719439897,57.851781574058926,Gene 31
596.7009230530917,66.87002833409204,Gene 35
596.3276173010357,64.1162274380733,Gene 40
596.4363491168799,76.28243692394696,Gene 44
596.7913102539652,69.33651148406592,Gene 44
596.5691702099007,58.5447997857776,Gene 44
596.9225190003947,66.76943083459538,Gene 45
596.9963242474655,67.10148014196005,Gene 45
596.0362490844323,69.48848291198867,Gene 46
596.091962844596,58.493233691577636,Gene 46
596.0519746696266,67.67286247108629,Gene 46
596.1402157641315,58.943346541115886,Gene 46
595.9462326893889,67.73789417949257,Gene 47
596.8751155978601,67.84385209052668,Gene 47
596.7747286436725,62.796275163666266,Gene 47
596.5095906519315,72.732788181532,Gene 47
595.9454444791321,63.445369443667175,Gene 47
596.0655000952529,63.90826215950633,Gene 47
596.65134141345,69.4162869250074,Gene 47
596.1752039529812,65.14558595075897,Gene 47
596.0566842417473,68.70273936025835,Gene 47
596.7750530798826,66.23159695593384,Gene 48
596.1945044596084,62.97965253229494,Gene 48
595.8389836919685,70.45579724107769,Gene 48
596.5334693295811,73.54293104816378,Gene 48
596.7811405493758,68.58535868269898,Gene 48
596.8990737928839,68.65955793219902,Gene 48
596.8415150430461,59.26234000779786,Gene 48
596.9142626307593,64.92890943559452,Gene 48
596.1141873132422,56.91713178254901,Gene 48
596.0954676098393,56.8045189804041,Gene 48
596.0951786497614,58.93512213197847,Gene 48
596.3131532250461,74.18916339722347,Gene 49
596.4974183511861,61.632652789090606,Gene 49
596.8600553641012,63.60027908365844,Gene 49
596.6674477405672,68.36170217981113,Gene 49
596.2379441865559,59.32783447714152,Gene 49
596.3840905998165,55.7988690588127,Gene 49
597.0165885838264,64.63375294760279,Gene 49
596.8445609322384,58.4508606272242,Gene 49
596.9007380435241,68.53714814647209,Gene 49
596.6500750745043,67.1207013015639,Gene 49
499.3576693478491,84.9643657583249,Gene 8
500.9635604449197,73.68986375913634,Gene 8
501.2000599737065,75.65566287922616,Gene 8
502.1601354353534,75.16852518216265,Gene 8
501.60944911883837,75.07275838114512,Gene 9
501.7108049305006,80.66679458615121,Gene 9
499.3195602353889,80.65652163607166,Gene 15
502.88809039170474,80.06550409715058,Gene 15
501.63501652795173,72.68019080585537,Gene 24
500.5665191260294,73.95235777541203,Gene 24
499.23429880259664,82.0924684097153,Gene 24
502.6906602937809,73.6937726568198,Gene 24
500.11845043585265,87.73713489729815,Gene 44
500.7408629679066,70.17182819674757,Gene 44
499.20225453230626,74.71818466008422,Gene 44
502.2421207733646,88.19311622554261,Gene 44
502.3777288053235,84.74131945593655,Gene 45
499.98020950573994,71.84727170186929,Gene 45
499.41287573267067,81.81193377181262,Gene 45
499.06550552033224,83.28316402187255,Gene 45
500.17062278889176,86.55043368938698,Gene 45
500.7657928854957,85.52122128051916,Gene 45
502.88081049230897,81.5179703655629,Gene 46
500.15509345330446,74.41004103105652,Gene 46
501.5621111305506,85.71813849229113,Gene 46
501.63090097682925,73.63119409567652,Gene 46
501.74922216135997,86.53970467397774,Gene 47
499.20957741179325,74.02664162801439,Gene 47
500.2787718835461,72.16622033378503,Gene 47
502.0291648475061,76.97923574659501,Gene 47
501.78815316651156,72.99810015523356,Gene 47
500.6000126060073,77.29046693370537,Gene 47
502.50278638336636,74.69284560980971,Gene 47
499.8615346577434,73.57348880492397,Gene 48
501.44167329917576,75.46814453379082,Gene 48
502.25822989968736,72.39443440360331,Gene 48
502.13368844151364,85.07416880244278,Gene 48
502.6270603872672,81.36276066701502,Gene 48
499.735828641564,84.33145874230755,Gene 48
502.88480347919767,73.34496706012351,Gene 48
500.33064392818795,76.00413295391732,Gene 48
500.72039538718724,73.92848074027803,Gene 48
500.48336354762733,83.70119927933551,Gene 48
503.2272156065682,81.44811164569877,Gene 49
502.04395686116504,81.28925737043043,Gene 49
499.89425978300903,86.26192809060056,Gene 49
499.27865385245445,74.99949662549966,Gene 49
499.74274869741134,82.84778188487907,Gene 49
499.67452929321917,74.41678588101554,Gene 49
502.87863535392415,74.19136563253353,Gene 49
507.74688073005325,79.48457623572064,Gene 9
506.80496820630606,76.15625100169785,Gene 17
506.50982065712236,78.4167964483487,Gene 24
506.38773910026924,77.30506280616113,Gene 24
513.8190536467166,73.7776128291793,Gene 24
510.95411837928077,69.60046670611362,Gene 24
507.76117479678254,79.17289504114068,Gene 31
512.2521484124777,80.49888293674253,Gene 40
510.06928920124807,80.43951541889737,Gene 44
511.64467379536796,69.48010628203518,Gene 44
510.53829891130374,69.71285721797327,Gene 44
513.1970662618533,78.56813965041778,Gene 44
510.00739638979445,81.83045543984221,Gene 44
509.5325146202467,69.04386164775468,Gene 46
508.3980461001065,70.25455285544321,Gene 46
507.8891713087403,70.05772504121458,Gene 47
514.2145806175771,75.74373408139206,Gene 47
510.61237353259236,81.41210019570146,Gene 47
513.1371255190807,78.68613253343159,Gene 47
510.88776093923263,81.3267720099036,Gene 47
507.861465529141,78.36134256253841,Gene 47
508.6067869686797,80.66872743941788,Gene 47
514.7351151492159,76.51351788367367,Gene 48
508.4738324923908,81.77128044659965,Gene 48
511.82548424531376,71.28101718927346,Gene 49
513.0816763878144,74.74738779413616,Gene 49
508.88109944365533,72.00812423442504,Gene 49
513.7260333486854,80.12189516389724,Gene 49
512.9652380332582,73.80375906227164,Gene 49
512.8310107199856,79.74599826898515,Gene 49
508.2017728959528,74.84554899036556,Gene 49
518.154096749095,76.87141463885258,Gene 8
522.7939737824971,71.07166583785111,Gene 9
521.7373018912795,72.57854947305934,Gene 9
523.7312140549361,77.16342629714849,Gene 16
522.2285608597398,79.29587318565657,Gene 16
523.8510798137509,78.53738274218311,Gene 17
523.0339506449086,81.68739482286148,Gene 17
523.1591088160844,70.22675964893098,Gene 24
520.2724837278014,82.61014850916284,Gene 24
523.0685297544388,76.48827437384894,Gene 24
521.9763350618574,73.80662291356205,Gene 24
524.7762836290924,74.36297443131015,Gene 40
523.0645444228081,70.38393871336561,Gene 44
519.4983641590377,78.41971082272912,Gene 44
522.5461451268071,69.86879428497757,Gene 44
519.216136642159,75.61366945670673,Gene 44
524.3334153286971,72.18799519379724,Gene 45
522.318632936599,70.25994145902735,Gene 45
522.447447267972,69.54074081527935,Gene 45
518.1862833532266,78.85175311823282,Gene 45
519.9561821989892,79.44223057738665,Gene 45
518.4341413935218,72.28324136679025,Gene 45
521.3020655595287,70.91583297673145,Gene 45
522.9618235513685,82.84300920282804,Gene 45
521.1085503598358,70.3552536857713,Gene 46
524.3738862134516,77.80524823625646,Gene 46
524.3427786390728,79.92445193092296,Gene 46
518.6985240656373,79.13650099549471,Gene 47
520.7087163561366,79.40448688533205,Gene 47
524.5221061669035,72.17917238254331,Gene 47
522.41941062239,81.42379479093633,Gene 47
524.160734107134,77.62255072095464,Gene 47
522.3077433062085,73.64293595537873,Gene 47
518.6513350282142,72.97852060111651,Gene 47
518.1625104245712,73.36961224894459,Gene 48
518.8496933676413,79.28151040402868,Gene 48
521.0453991378502,81.32171360373651,Gene 48
522.7509932026488,79.94665878272032,Gene 48
523.3773611786064,74.72110545848375,Gene 48
524.2837292608186,76.21041668040942,Gene 48
518.4831055173564,74.67205542939817,Gene 48
521.3188218469493,71.56299537905811,Gene 49
524.8505003159463,78.62034157454458,Gene 49
518.7478756128594,72.15892556697996,Gene 49
523.3931692635468,77.3206364085358,Gene 49
523.1632757839961,73.10845006657176,Gene 49
518.8623192673793,74.09479653351768,Gene 49
518.2374730520004,73.0782127355529,Gene 49
522.6875427845905,76.64628114134248,Gene 49
522.8664177011549,70.58005278607808,Gene 49
519.2407745839433,69.98059989308612,Gene 49
518.0900220493643,72.40800766708067,Gene 49
522.8131798769616,80.55414895163823,Gene 49
518.7083614365856,71.2856843511764,Gene 49
519.1591189727823,76.25686198131976,Gene 49
523.4722427356643,77.70413959862307,Gene 49
529.3095974733201,73.26681506816858,Gene 6
528.0484092551728,74.41990008445069,Gene 15
531.642191925966,80.10151551495085,Gene 15
533.0921848810171,81.1368243433043,Gene 15
528.0768523306721,77.44506630841975,Gene 22
535.5540998072767,73.22432436274772,Gene 24
531.2946882269209,80.53102163798448,Gene 24
531.4951145254721,80.08654572045518,Gene 24
529.5803564466906,69.97769753087789,Gene 24
529.2637773844832,74.33085752678295,Gene 28
529.5730120594163,72.12837133851001,Gene 31
529.3713832048026,78.36288816025346,Gene 44
531.2805556133193,72.98303329756394,Gene 44
529.5589782538467,78.44279515827003,Gene 45
528.236703605727,75.22368633337543,Gene 45
529.0033802771698,74.33659654634408,Gene 45
533.7714392220123,81.95434476902366,Gene 46
534.8870353355886,79.9438722954844,Gene 46
532.9671758379544,73.34410657274478,Gene 46
535.292317614585,73.25538218858836,Gene 46
533.1959784176776,77.48052965984262,Gene 47
532.5158567749685,70.39798611988269,Gene 47
530.4582429270383,81.60646062937334,Gene 47
535.6382692977636,72.77301100637378,Gene 47
529.7544257178824,73.1237180800155,Gene 47
532.8677361590463,80.49251940104864,Gene 47
532.6021755531305,81.39630057893999,Gene 47
529.2959090177219,74.18488454961496,Gene 47
535.6198590412837,72.7159655955412,Gene 48
535.0216924417482,75.46482312322107,Gene 48
529.9853879753729,69.56297317994603,Gene 48
535.123941760066,70.0684563665183,Gene 48
530.6086757651726,69.89372082564316,Gene 48
533.3579639550462,72.76956259703867,Gene 48
534.2082484283663,69.52739079113945,Gene 48
532.0367882299558,79.44281982617255,Gene 49
529.2832737334975,79.29688625803344,Gene 49
535.31779855947,72.0390721462168,Gene 49
529.1392954918944,77.49261389542517,Gene 49
533.5822477291828,77.73029595382675,Gene 49
535.4875689342565,77.33685342458121,Gene 49
534.9056199291421,71.79715597612035,Gene 49
534.3794407556892,77.29381189844914,Gene 49
533.5658080348707,74.04094884876444,Gene 49
530.1980851526981,72.43477297770347,Gene 49
532.271919648083,71.48074023094283,Gene 49
531.6327816411232,71.42329377688083,Gene 49
534.0904086873367,79.53390784903016,Gene 49
532.2151405633964,70.6721278421057,Gene 49
530.1487927953942,77.62145609670719,Gene 49
535.3272024087559,77.03386786061002,Gene 49
528.981303586699,73.7023642789713,Gene 49
536.9813058242244,65.51867165971271,Gene 8
537.0156481450373,82.29042221349684,Gene 8
537.0162719584339,87.03273982444969,Gene 8
537.0110414937693,86.42503267771981,Gene 8
537.0896412259843,78.85973246071013,Gene 9
537.086741386308,78.85369201430072,Gene 15
537.0580513698129,67.88697512737119,Gene 17
537.0204443336402,84.37383278624637,Gene 24
537.0525257928807,65.83959462718019,Gene 24
537.0277396503266,63.0711822777379,Gene 35
536.9951765460557,73.92529556179629,Gene 42
536.9851359030056,73.25242489658623,Gene 44
537.0142326767225,67.63155732940942,Gene 44
536.9679677308193,73.84330028217812,Gene 44
537.0331904052202,66.83211689371012,Gene 44
536.9765098362298,72.90507452721363,Gene 44
537.0312412901499,85.19818884275085,Gene 44
537.0608803065145,76.83781315555522,Gene 44
537.0579169690167,65.66595852235348,Gene 44
537.0880000683101,77.90520295451216,Gene 45
537.0110176334551,83.48401889022108,Gene 45
537.0767314131324,77.6730236247802,Gene 45
537.0137890123375,83.86087167781184,Gene 45
536.9962277552124,76.32841167909112,Gene 46
537.042256477254,65.8377131215056,Gene 46
537.0671804325798,74.07366216163813,Gene 46
537.033067912765,67.39184537218178,Gene 46
537.0517315161429,75.16248723829528,Gene 46
537.0670910501404,82.45335185982042,Gene 47
537.0604686515724,82.64509211561328,Gene 47
537.0482458949926,82.99023714196976,Gene 47
537.0657280227788,74.18837006414846,Gene 47
536.9777293338365,83.82417840639323,Gene 47
537.0337906576736,80.99113790931884,Gene 47
536.9919690601364,66.68267477135717,Gene 47
537.0798819932153,76.72464055860902,Gene 47
536.9959942521759,81.56499169426345,Gene 47
536.9749274544026,70.33373518930064,Gene 47
537.0665119779493,69.31196983461957,Gene 47
537.0188537987688,84.20488471870375,Gene 47
537.0811293807587,71.59734389453153,Gene 47
537.0527586208375,67.67276833252528,Gene 48
536.9779110744363,76.06679005702107,Gene 48
536.9871147551264,74.46965699445369,Gene 48
536.9932214966407,78.50896344735199,Gene 48
537.080073720077,75.37178113070644,Gene 48
537.0308467323661,65.90141595814715,Gene 48
537.0061026214564,68.11353465150059,Gene 48
537.0597100851253,78.91376041948855,Gene 48
537.0377098525857,83.02682317062273,Gene 48
537.0045222462239,84.89152184266887,Gene 48
537.0015141239529,70.97991800622712,Gene 48
537.0527882616825,71.27789137262054,Gene 49
536.9983301527448,68.6518753126342,Gene 49
537.0579442415042,66.63757527081557,Gene 49
537.0798791929772,72.51243995880908,Gene 49
536.9777539650321,78.1911666014338,Gene 49
537.021239324749,65.4680477560532,Gene 49
536.9638469795249,73.17487923723715,Gene 49
536.9983954291066,65.55115006249318,Gene 49
536.9977634099794,72.8031847192158,Gene 49
554.771558937597,76.11342099354466,Gene 8
554.0551852799541,82.96167215247472,Gene 8
552.2950295885875,73.00789464788514,Gene 9
556.3812031671442,75.32316460236268,Gene 9
555.4614868556121,83.31390030229966,Gene 9
549.7857081536225,74.63530766470667,Gene 15
555.1614565636436,74.25934172906082,Gene 15
555.6500241455515,72.93876618135383,Gene 21
552.7433631440153,79.01011271374568,Gene 21
553.2892450342736,73.58653092729311,Gene 24
549.5361405024789,76.136752931511,Gene 24
552.9898009945523,72.25794636972928,Gene 24
548.7399416128592,79.9917841212543,Gene 24
550.2835170313933,82.45855157191966,Gene 24
557.5430874917184,74.43921608023975,Gene 28
550.6924969997409,72.95843634522261,Gene 28
556.1941816800537,81.87269697377697,Gene 42
554.3081618891364,74.3060382262057,Gene 42
553.5868672577205,72.40459269666052,Gene 44
550.0659835068366,81.287756987873,Gene 44
555.0548754652173,80.78229673468343,Gene 44
550.5342044899621,73.51549120466012,Gene 45
552.2066028604494,74.4565636994428,Gene 45
553.038040476133,82.3380919939856,Gene 45
551.8647936815709,77.58946882377991,Gene 45
552.9228213345918,73.41497967818042,Gene 45
551.2868401807531,73.25426990643803,Gene 45
553.3140488968854,72.17131640582029,Gene 46
557.0285446824178,77.89022612783754,Gene 47
551.3989911191073,79.99731114765619,Gene 47
554.599774610695,79.36545575913918,Gene 47
548.7539045385673,75.73437240677548,Gene 47
549.5233590918583,77.01111052090641,Gene 47
552.9131474316116,72.53364985025482,Gene 47
551.2550585278074,79.88650192982236,Gene 47
551.1460848884288,73.55511776684646,Gene 47
551.1151275608822,78.04273520365699,Gene 47
553.7295471984028,83.66730325348422,Gene 48
549.8622244639618,81.22156749912142,Gene 48
553.0171622352407,72.49178578895072,Gene 48
554.7165840572952,75.59947995930366,Gene 48
557.4958752679871,75.21796816976853,Gene 48
552.858203218647,82.2350833642439,Gene 48
557.5270800526688,76.67148860288377,Gene 48
558.1101017323917,79.37725899572295,Gene 48
556.4509305127362,74.36638413251042,Gene 48
549.1129572141576,77.04309143786918,Gene 48
558.5344460637278,79.46144267369161,Gene 48
556.0220745144594,72.56249922442863,Gene 49
551.5698920745364,74.45540661005826,Gene 49
556.7033709742872,72.77950631759836,Gene 49
550.2945481084371,76.98976036113056,Gene 49
556.4048231406479,82.95027355974173,Gene 49
552.4776670298181,74.53119684934238,Gene 49
549.7418571128053,81.45699001691997,Gene 49
548.1804998512433,77.2907031682774,Gene 49
562.1264863172378,71.27846326351978,Gene 6
561.2528342877451,83.45749990942991,Gene 8
562.6872410154126,82.65758988925765,Gene 8
563.2829437604565,75.56582647640981,Gene 16
563.1995131801997,77.03449901488545,Gene 16
561.0268804732605,79.84512523300285,Gene 24
561.9307907133883,86.71519466471081,Gene 42
562.3093986670683,74.31756058143549,Gene 44
561.4386226166134,84.85245295060683,Gene 44
562.2384760372283,85.85552562075773,Gene 44
562.8461578886106,79.23492361587921,Gene 44
561.0384152891728,75.52985238471076,Gene 45
562.84483713702,72.47611935052863,Gene 45
562.7925206464197,74.51275030767944,Gene 45
560.731696716414,80.74161848584036,Gene 46
561.2037749526871,75.66702432240814,Gene 46
561.2812393642994,71.77938393257747,Gene 46
562.0620355321192,83.23200995040139,Gene 47
562.9370670045566,75.72122655659798,Gene 47
563.1982575809072,74.01412462061363,Gene 47
561.8077587835329,73.6072527023883,Gene 47
562.9103076527147,74.4563403877,Gene 47
561.5002892350706,81.0808107961709,Gene 47
561.1646416958048,82.40923629048389,Gene 47
562.1561485907492,87.5242530489295,Gene 47
562.1135290693732,88.57536460061199,Gene 47
562.9864170744638,78.99652525657298,Gene 47
562.9822690105746,76.2524963459495,Gene 47
561.1686378103308,72.94240143915397,Gene 48
561.8901792222167,72.26587569133133,Gene 48
562.7957729780686,83.80308008186397,Gene 48
562.4560853788182,70.84637625033434,Gene 48
562.1331397381323,74.15600055133099,Gene 48
561.8074238028416,70.436021237512,Gene 48
562.1612800458502,72.06149752195904,Gene 48
561.7596507444566,70.47007692096739,Gene 48
561.9799151319042,84.863290348607,Gene 48
561.1666772610427,78.22400047601352,Gene 48
561.3787852231668,73.66013573817462,Gene 48
561.9039579669251,81.447101104647,Gene 48
561.3379968550154,71.11887620260883,Gene 49
563.2478886804707,77.77909676714741,Gene 49
562.3980420218994,68.61249392496042,Gene 49
562.7728640919601,84.55207492567217,Gene 49
561.7645808933188,86.80605056757115,Gene 49
563.0704432569472,76.13990691448211,Gene 49
561.0372920817304,81.48608544039841,Gene 49
562.6839119362828,72.0682507683419,Gene 49
561.1126965080169,83.41826752671514,Gene 49
561.6668163962735,82.58368452278702,Gene 49
561.0454225161632,76.6745008536614,Gene 49
567.9066271489978,82.37347683438465,Gene 8
567.8673698701886,73.33727751417358,Gene 8
567.7661453915954,87.50781278873467,Gene 9
567.6306497070163,78.0557535548687,Gene 9
567.6158603466936,80.88658836289788,Gene 24
567.7234216066935,70.80959937376667,Gene 24
567.6499720011607,89.28750938743177,Gene 40
567.6738759847274,70.05524220587839,Gene 42
567.7473895058585,69.86720751650684,Gene 45
567.7128724162169,75.84947531618825,Gene 45
567.7837731283325,69.42501639967013,Gene 45
567.612670863948,83.84537208032052,Gene 46
567.6279301316785,84.43554153747182,Gene 46
567.6504944943562,77.06674707774822,Gene 46
567.8103195341529,74.12054267422636,Gene 46
567.7554429403699,88.85889077860321,Gene 47
567.5678158263095,83.41923410915723,Gene 47
567.6699208625321,77.20074667419213,Gene 47
567.8062734698665,73.50170129583866,Gene 47
567.5639204000282,80.89490979333084,Gene 47
567.7594742544092,71.87371598680208,Gene 48
567.6802658342459,74.38129809644583,Gene 48
567.7646373224615,85.41236685793257,Gene 48
567.6311452075892,83.8836375665055,Gene 48
567.6333149028277,80.21135466801043,Gene 48
567.6230389998454,88.5006702759585,Gene 48
567.7120931736168,88.69735573627625,Gene 49
567.8634559799735,87.04097632420624,Gene 49
567.7876599911779,89.63516409497389,Gene 49
567.8875848974175,85.93733770722287,Gene 49
567.6203640405648,72.53799306803543,Gene 49
567.6015309085866,75.23550546967469,Gene 49
567.5817317918885,75.59822608980846,Gene 49
567.8863700038705,76.10930388531766,Gene 49
567.7507283157838,73.2490835158713,Gene 49
567.5902207017,78.18282241420742,Gene 49
567.9210383804703,78.2638466061485,Gene 49
567.6663403497181,82.04231648583948,Gene 49
567.7113336287144,88.60474548866418,Gene 49
567.6708321506947,85.64005427173245,Gene 49
567.7726930977794,89.22347934601463,Gene 49
577.8350808818253,76.03329110337404,Gene 8
582.9555688816794,73.54890203265866,Gene 9
577.921128022794,76.60798779740706,Gene 17
580.8753669396431,69.58929849559848,Gene 24
579.4810594163807,81.0534310324435,Gene 24
580.8629391998035,78.79813246349642,Gene 24
582.7929355433063,73.31603201094259,Gene 28
580.2131432740571,69.32402876466234,Gene 40
576.6078228651741,72.174607433003,Gene 44
579.6801539970041,69.94831264248936,Gene 44
578.5031125397875,68.75584455469131,Gene 44
576.4293619136728,75.85333765426078,Gene 44
581.637782987631,68.49152794275516,Gene 44
581.3718849911238,74.94093801716186,Gene 44
581.1973787067554,75.62551086212164,Gene 44
579.4238637515081,70.24245274690925,Gene 45
583.5281553168393,70.83440053449372,Gene 45
579.8872284391518,77.54530169153455,Gene 46
577.3008177936404,74.56801447953184,Gene 46
578.3186385642804,79.59192773612091,Gene 46
583.2130884549204,72.82397414462379,Gene 46
580.8805504083222,77.30803293566841,Gene 47
577.524831683977,78.3866258481704,Gene 47
578.508540504217,80.17173559530917,Gene 47
583.0810481305847,78.36740057423275,Gene 47
581.3436960991241,70.5946201842892,Gene 47
580.3711610828898,78.78066056896623,Gene 47
581.3823545531624,81.61437799648432,Gene 47
579.3001814312058,78.01027784601476,Gene 47
579.0138439686823,78.12523452120958,Gene 48
578.3450981932845,68.26139348769046,Gene 48
577.6919408216494,76.58920694419955,Gene 48
576.9880555941166,77.84483728091445,Gene 48
582.1226050515429,74.46309267813608,Gene 48
578.9656909156266,78.41107240197853,Gene 48
582.4660485637372,69.44503229752961,Gene 48
580.6414114934081,79.16195767451143,Gene 49
580.6070130932488,70.09532644141363,Gene 49
582.2510007995038,71.81824880730635,Gene 49
577.0457333763065,69.47441008719827,Gene 49
579.8546582284256,79.40943825506506,Gene 49
576.9895822752883,77.0043088042813,Gene 49
578.64369056994,74.63217718279411,Gene 49
582.3839978858383,79.98406663855211,Gene 49
577.7420176442007,80.79276449052482,Gene 49
580.1648810914196,76.5741425553675,Gene 49
581.5727798213981,70.18453666303108,Gene 49
593.0455135692745,67.76276470905297,Gene 8
593.0306042958177,78.62451420068848,Gene 8
593.0808094413985,71.90731434603629,Gene 9
593.1005701699941,75.31022590137752,Gene 15
593.0756948904577,80.88626763485199,Gene 22
593.0289193821266,74.75046659712781,Gene 24
593.0553310205776,85.55230921255708,Gene 24
593.0271874585466,80.54007145940616,Gene 24
593.0175236594557,80.47067919532161,Gene 24
593.0669849914958,85.38194239125689,Gene 24
593.0283469349548,71.29144502369371,Gene 31
593.0122543848156,80.2933416816779,Gene 43
593.0556146434735,78.83462663672765,Gene 44
593.0336760171333,81.69826134128989,Gene 44
593.0790488814716,71.09935057224646,Gene 44
593.0492814943651,88.46738147118371,Gene 44
593.0782532106517,84.74024204095272,Gene 44
593.0400817009108,72.81371067627899,Gene 44
593.0338663178935,75.25105682566978,Gene 45
593.0840310600968,71.50745239560061,Gene 46
593.0633884633486,86.6513342721256,Gene 46
593.0518774465124,71.8081590428589,Gene 46
593.0319274830363,82.67294211288923,Gene 46
593.0508664720496,84.90493625639958,Gene 46
593.0159764145171,75.4647924205977,Gene 47
593.0723544063536,71.86292525309327,Gene 47
593.0106889026554,71.04525933632135,Gene 47
593.0457815712907,79.4895894592911,Gene 47
593.0276982592542,82.96944249534928,Gene 47
593.0049833911676,75.89915635004846,Gene 48
593.0904249461084,81.57531927096196,Gene 48
593.0130559919259,79.30014738088514,Gene 48
593.0592669841936,80.7567071712803,Gene 48
593.0989241360548,76.69537445256556,Gene 48
593.0856265616692,81.00077283671541,Gene 49
593.0675400030156,85.7451543240172,Gene 49
593.0988757694804,81.09136139929834,Gene 49
593.0109177735756,78.05742040284532,Gene 49
593.0285900655159,83.2187940838305,Gene 49
593.0268979603347,74.92909636331684,Gene 49
593.050570450625,79.97271514261381,Gene 49
593.0287855598638,81.79887776160074,Gene 49
593.075557028793,72.9077633497562,Gene 49
593.0163286382332,72.38043802242342,Gene 49
504.8964570142032,91.91252617276831,Gene 6
500.82343382965934,88.02464399929758,Gene 9
501.9050080562344,88.84190648558076,Gene 17
507.9611170653553,87.86274359456132,Gene 24
504.8279591420761,83.65192821529672,Gene 24
505.75088185386466,89.83852705541037,Gene 24
508.6129982806767,81.32012242831298,Gene 28
505.8275181522505,90.04007556254159,Gene 40
504.237584884028,79.7605367113441,Gene 42
508.0114964130637,85.8700132108983,Gene 44
504.51691877385787,82.81566433440537,Gene 44
505.73360509438027,81.09823334121049,Gene 44
507.0346146317723,80.6238853219484,Gene 44
508.26825114153496,81.05090751333142,Gene 44
509.6072418202579,87.51324871963183,Gene 44
505.4255531277239,89.2675673962903,Gene 44
508.11359047447644,84.96325065677341,Gene 44
503.5864870382438,85.10211658756477,Gene 45
506.0338075047444,81.38297556691685,Gene 45
507.32243604542674,89.69850905044993,Gene 45
502.31171817244325,89.18693482848082,Gene 45
504.0064631833001,90.82292753232214,Gene 45
508.53139045646344,90.34628575627279,Gene 45
501.876663135241,84.04091485078152,Gene 46
508.4705487902771,90.10892407645356,Gene 46
505.388496657131,79.1748620060804,Gene 46
501.88427344671777,85.72079991268178,Gene 47
507.2250209515051,81.73325030414568,Gene 47
507.2946826642248,84.29849595714894,Gene 47
509.3674288305568,86.68380048587153,Gene 47
503.6677063132879,80.24458249009832,Gene 47
504.93794894256934,82.45599873939501,Gene 47
503.2648975819255,86.29822969691816,Gene 47
502.1385757209681,85.66647325292793,Gene 47
503.21141396374986,80.55687163009665,Gene 48
503.66491861945303,87.66144954558918,Gene 48
501.1768356175342,90.52602833874454,Gene 48
501.65972304227915,87.36950235937893,Gene 48
501.24854987286767,83.75408371607021,Gene 48
508.02965831789663,85.2540160438572,Gene 48
507.1897908082809,83.01278768973039,Gene 48
507.7568452974438,87.9267731643872,Gene 48
508.57119438043117,86.36387126852179,Gene 49
502.18435895009105,88.41335974700003,Gene 49
504.67800825226146,90.83199699568023,Gene 49
506.3389835898531,88.59261805879576,Gene 49
500.77195116216234,87.01741870928052,Gene 49
508.1332187650677,81.6881654723543,Gene 49
507.6322899872919,85.55872029795107,Gene 49
506.48147512430955,88.57172285758045,Gene 49
506.40539892708966,89.16519575041355,Gene 49
508.01262063455056,81.2672666365428,Gene 49
504.7042591483976,92.51766506824498,Gene 49
509.48815688458495,85.59321433219412,Gene 49
504.7399319997094,80.89934509127717,Gene 49
514.1849432208662,83.10845707056966,Gene 8
515.5754302013365,88.16284005578676,Gene 16
512.1263272567694,93.13851195880488,Gene 16
513.2125226750344,82.65911748527067,Gene 17
514.3597802521169,85.1645677542463,Gene 21
514.2932720231464,93.80361071741585,Gene 24
516.2549327263218,85.78036724289831,Gene 24
516.204305408331,92.73999703967944,Gene 24
513.444372230039,93.6398541906326,Gene 44
511.19343441380664,87.36504250333611,Gene 44
512.9728701495852,80.93480512539985,Gene 44
512.5064281421137,90.93334685285095,Gene 44
514.4215609540784,90.40187704423587,Gene 44
514.493389231171,90.51933939717179,Gene 45
514.7330278222569,93.57789633305472,Gene 45
513.4816987523423,91.87331335948664,Gene 45
513.345674225246,89.9961114545286,Gene 45
511.48848021793106,89.26825133891056,Gene 45
514.674864947009,93.22665819665366,Gene 45
511.2284684903094,91.03760502301135,Gene 46
511.5989095242228,93.24765584644484,Gene 46
511.9338730279154,85.79449562200315,Gene 46
514.5349397579272,93.94404380773781,Gene 46
511.7426164672342,79.9282082104671,Gene 46
515.7228674853815,89.30047068229571,Gene 46
514.4761750957152,82.20127950595413,Gene 46
511.32358039746475,89.85559640939074,Gene 47
516.5079341411895,85.04471761675997,Gene 47
512.8080815616433,95.17045702501716,Gene 47
515.8092762764103,87.62748982755139,Gene 47
512.9957389176732,81.47085305564114,Gene 47
514.3339531716593,92.5944940066445,Gene 47
515.1200747078672,85.78289681573857,Gene 47
510.5871499260296,89.9593048097761,Gene 47
516.7362543408158,88.74538198889752,Gene 48
512.2503466887847,91.77619907112599,Gene 48
511.39516174819295,87.39597187818552,Gene 48
514.5091700814762,93.98210022569128,Gene 48
512.1900914350555,83.95316313938115,Gene 48
510.5007108667003,88.94371581820155,Gene 48
512.4183602945695,81.79509011456143,Gene 48
512.4227828322861,91.47219537048561,Gene 48
516.7732174788404,88.94182550757469,Gene 48
513.3204710016615,95.67424097693396,Gene 48
516.6354855804152,92.09299998434064,Gene 48
516.7185173248381,87.19885527337719,Gene 48
515.0669464595295,92.87808852024173,Gene 48
516.4589022036954,88.96331191145809,Gene 49
516.8326525895246,90.03032916407604,Gene 49
516.7752878237316,84.99802276609444,Gene 49
515.310213135154,80.8862240696735,Gene 49
515.6897743950582,90.24030025043427,Gene 49
510.1877797674468,89.8831496494169,Gene 49
509.87521503473636,86.85646542103494,Gene 49
513.7587902727988,94.388023653199,Gene 49
516.4153712024333,88.97122689760894,Gene 49
511.4178456820956,82.56501444453833,Gene 49
525.2171653431482,87.46535879130269,Gene 8
525.8174100965991,91.04666020093194,Gene 8
525.1145330598554,84.37427538277821,Gene 9
525.6923800679142,92.63565813667867,Gene 15
525.7552078498964,93.70096567321747,Gene 16
526.383671704502,90.74957781711048,Gene 17
525.8307081976332,95.16846724122563,Gene 24
525.8880954076091,93.5171526512857,Gene 24
527.7110659152007,84.67788029186804,Gene 24
525.8728626144799,94.39883226258353,Gene 24
526.1549456204261,92.09063994815259,Gene 28
527.2627275274215,81.9407559200592,Gene 42
526.3778261264144,81.12048008920164,Gene 44
525.5759141078747,84.60837277990343,Gene 44
527.0445329941953,79.96271207428042,Gene 44
527.6025411654266,82.03710012917713,Gene 44
527.4013642748123,86.0750698584535,Gene 44
526.5170219752454,80.82784654936204,Gene 44
527.1858632111225,87.91169672482826,Gene 44
525.4854810645651,88.78227510049153,Gene 45
526.3274151425853,93.92290057711492,Gene 46
526.7974429806213,85.64316961738768,Gene 46
525.6375994307571,89.06411168782101,Gene 46
526.1918909832559,79.15003288917563,Gene 46
526.8664398244258,83.32136935123847,Gene 46
527.0913327955766,91.97585586381501,Gene 46
526.0184705610682,90.48618305915325,Gene 47
526.6569387781976,95.36190090463518,Gene 47
525.3552571161376,84.18300221048332,Gene 47
527.431083740483,85.24973731734333,Gene 47
525.650821580533,79.41646262466335,Gene 47
526.837876889221,94.32326084960117,Gene 47
525.5557422840308,86.71315604355517,Gene 47
527.3323880136338,84.82398697510878,Gene 48
526.2836930509367,95.1104067261093,Gene 48
525.738249972563,78.2723369034794,Gene 48
527.5758557075865,85.4629269730008,Gene 48
525.1716946116559,87.07037174999667,Gene 48
525.3584997081396,90.29260454458374,Gene 49
526.2335173674326,94.34818234673453,Gene 49
525.3724461346294,85.34812103644367,Gene 49
527.7148973034122,82.53961536605121,Gene 49
525.1994380578815,91.44407120546276,Gene 49
527.1072549382844,95.27819949507084,Gene 49
525.9904134625972,93.76580213093234,Gene 49
537.9880900732688,74.85797471912379,Gene 16
538.1961938942488,90.98294052210836,Gene 24
537.9454812821124,84.99649007052885,Gene 44
538.0147148847502,89.99273562013894,Gene 44
536.3450639567027,74.38458043550155,Gene 44
537.2214197491035,86.73907385705702,Gene 44
537.9423568195009,90.95505999139375,Gene 44
535.891332619117,79.35848776643151,Gene 45
535.9997774553385,76.22070157415257,Gene 45
537.0345211034384,95.90502934686306,Gene 46
535.860532697581,77.41453423244972,Gene 46
536.6687810456739,90.43123696804591,Gene 46
536.6717592111067,87.05058015331109,Gene 46
537.9563407094495,85.46615924464925,Gene 47
537.1643031095051,71.77200882040617,Gene 47
537.1631636310724,93.65950627270686,Gene 47
537.7646958889356,80.98183111701097,Gene 47
536.5050305319425,81.09715810642884,Gene 47
537.7446822649237,92.59468737564444,Gene 47
537.6518264193905,92.2997318434473,Gene 48
536.732678063666,79.39118357665573,Gene 48
536.0947553471864,85.45991736610293,Gene 48
537.9235905364114,87.14554459612759,Gene 48
535.7494486319812,83.03939882813705,Gene 49
537.6490284067397,84.05503968482807,Gene 49
537.0022863780655,92.54265542446068,Gene 49
536.3236004367816,81.76538597632148,Gene 49
536.3236851448115,72.43184421015185,Gene 49
538.0821209481435,91.5155688535485,Gene 49
536.1772311791464,78.95974942680009,Gene 49
547.126979560275,83.51671158525104,Gene 15
546.8999733637374,96.10433446843184,Gene 17
548.9072856774286,84.93790322971624,Gene 24
545.846650480302,96.62290487579656,Gene 24
548.3247415511435,87.44201977400145,Gene 24
545.5960150841752,85.46383755102354,Gene 28
547.4582782471285,95.74097533049589,Gene 31
546.4323435291724,82.62245979330518,Gene 33
545.5879869186125,83.80854207270562,Gene 40
544.2576368909145,87.20807170313026,Gene 42
544.3870677128675,83.23467118867603,Gene 44
543.6367896722187,90.92064511455995,Gene 44
543.752220021118,88.21730930237732,Gene 44
548.3272305552375,89.65960144900258,Gene 45
545.4214402055911,88.88616781327897,Gene 45
546.9182793506768,86.57596771858282,Gene 45
545.9595301138062,82.9996437031835,Gene 45
543.9982942039285,85.02948624321058,Gene 45
544.4785528648887,93.89360573307924,Gene 45
546.7916276018318,97.69787317467414,Gene 45
543.8335342430818,89.08363912191845,Gene 46
547.7539385986203,86.99770396175654,Gene 47
546.1587152639154,84.84023246809895,Gene 47
544.2234256287833,84.21151016702035,Gene 47
545.1542353249525,87.60092905308544,Gene 47
542.8072574335107,90.823887922909,Gene 47
547.7098853782497,86.7407356240846,Gene 47
548.677477470445,94.12261390074816,Gene 47
546.031423496558,96.64650343720085,Gene 47
544.9091629250427,94.88670922370063,Gene 47
548.7948367335136,94.2033814714759,Gene 47
546.6301114900233,94.39432652853652,Gene 48
548.9896710358527,91.81475457778127,Gene 48
546.8987679082187,85.44795261724174,Gene 48
547.2898080420298,82.30670405178952,Gene 48
545.9947304705935,83.32765051808217,Gene 48
545.2773571130513,92.19115369942652,Gene 48
545.5428863188622,93.92790198065221,Gene 48
544.7737729698491,93.55102824450599,Gene 49
548.1476578052043,85.43137789117165,Gene 49
547.6307591447693,89.74529075754951,Gene 49
544.5287818496812,93.456591550204,Gene 49
544.754212569462,97.05771525322533,Gene 49
543.7499240263169,91.14979960091011,Gene 49
544.2386493231377,95.20403596280724,Gene 49
548.9755007843213,92.99994017145963,Gene 49
548.9751775223918,92.83511225100544,Gene 49
544.5258110152107,90.57085089421213,Gene 49
553.1161077822741,82.60699158491975,Gene 9
554.7813579358524,88.9561820414156,Gene 9
553.7990210531409,78.91754643905902,Gene 15
554.64230927418,85.20526907654643,Gene 15
553.9030336007562,80.76923847345317,Gene 21
553.0355250773365,87.53989727995982,Gene 24
553.8008784719117,79.64635528100268,Gene 24
553.5164753579187,82.33549100405753,Gene 24
554.573647273116,81.0301931449373,Gene 28
554.7861805266144,90.81110003506618,Gene 40
553.231774026767,92.33264275088014,Gene 44
554.2431804184848,79.84126141894777,Gene 44
553.2069395092051,89.13441952375541,Gene 44
554.4787336432528,93.18125440705208,Gene 44
554.0022917884838,97.23413397033497,Gene 44
554.1829238495446,78.67654850188258,Gene 45
553.1637521382709,83.47375159195335,Gene 45
553.2289140828649,85.41886681801972,Gene 45
553.8642772871127,81.02154872410712,Gene 45
553.2524747732825,81.26006256944085,Gene 45
553.9960516884835,92.90027656699118,Gene 46
553.5668781703961,80.92780189524167,Gene 46
553.7212437003611,94.0391740857055,Gene 46
554.3870463988006,93.37403332289219,Gene 47
553.6294915973021,92.09165505622548,Gene 47
554.4535497021242,91.02017193231947,Gene 47
554.4889409055215,86.9015928735717,Gene 47
554.6627414108056,89.08311292201094,Gene 47
553.2677359440681,91.95427551285674,Gene 47
552.9038866224354,91.58150823986588,Gene 47
554.80090918863,85.32097504843344,Gene 47
554.677680979917,87.46025713842715,Gene 48
554.1606996364774,86.8739429825884,Gene 48
554.32004159307,81.75883074269414,Gene 48
554.6210532969575,83.54878906510734,Gene 48
553.1594962802394,86.00949171859556,Gene 48
554.4125691587788,81.57500232414795,Gene 48
553.6582493396608,96.03669586021338,Gene 48
554.2212255437479,94.8567957385142,Gene 49
553.1995616935205,89.39919787642953,Gene 49
553.6598266939574,81.40377176659574,Gene 49
554.2957010902101,89.379214095508,Gene 49
554.6921231370125,83.14948501066533,Gene 49
554.272546616023,79.73568542141297,Gene 49
554.2070215063412,81.80815399067276,Gene 49
553.1364274989709,87.8521337201908,Gene 49
553.546030824616,89.96943037077737,Gene 49
553.796863790492,80.5604504754515,Gene 49
553.9011500785454,82.17795529882018,Gene 49
562.7176902064006,100.33525346638109,Gene 8
562.6787522958127,99.09982479638853,Gene 8
562.9171978954461,96.20468760909318,Gene 15
562.1102587274809,97.61201966441988,Gene 22
562.3245841392144,84.65127533313725,Gene 24
563.8170600167249,86.09313404714621,Gene 24
561.6290360627569,98.89787201212557,Gene 40
562.8176576474747,82.21827805471581,Gene 42
561.5186675491902,96.31406923864975,Gene 44
561.5132168268863,98.0832112467981,Gene 44
560.8789221304332,84.55766847674336,Gene 44
562.88613915034,94.09788310049379,Gene 44
561.3524770104643,98.37198683778357,Gene 44
560.5504287815057,91.24660027798735,Gene 44
564.0035924308235,90.96922454295593,Gene 44
563.7067245347159,86.4085647366518,Gene 44
562.7201412586932,82.57079914984851,Gene 45
561.0803641076251,93.51195747393646,Gene 45
560.7434624421124,90.9555666076647,Gene 45
560.4515294619096,90.20549210333907,Gene 45
561.7419360243099,96.40935887681883,Gene 45
561.4031112409818,96.83498351648198,Gene 45
562.4841178899204,83.38685948845263,Gene 45
561.0198826425174,84.94869874318677,Gene 46
563.9835184676208,89.69611301031367,Gene 46
561.1985968161333,94.78056754544511,Gene 46
560.6687228503789,89.06367195919044,Gene 46
563.3360330977785,95.21382327003919,Gene 46
561.6481653581502,94.51137291547234,Gene 46
564.1077991090348,88.7897623266126,Gene 46
562.2170930505017,83.19350033462551,Gene 46
563.0875415421331,85.5489450118811,Gene 47
561.7443888108569,94.52066264104664,Gene 47
564.2741016216688,90.73248017518273,Gene 47
561.2576689015541,98.03772654045852,Gene 47
562.5941915990704,83.58699527623573,Gene 47
563.3502361519985,92.31737099458141,Gene 47
561.6034766314972,98.44924338695901,Gene 47
562.9219478632785,98.06769381343331,Gene 47
561.7369244714623,93.64973156434208,Gene 47
563.8215938418751,87.60006824931284,Gene 47
561.1633271329134,84.48620135819084,Gene 47
563.2271790934351,83.45103861543812,Gene 47
563.6853278454223,88.42548403744568,Gene 47
564.1091237463957,88.78876684429834,Gene 47
563.2458165636953,96.57097115453989,Gene 48
561.1666688405373,96.57850310232207,Gene 48
561.4260799259912,88.78421343427028,Gene 48
561.3082881044453,84.03537360317881,Gene 48
562.9374629694234,92.2706141764105,Gene 48
561.6567639362192,99.39112245537679,Gene 48
562.7346873208872,98.67204929915698,Gene 48
562.8402875615589,82.51666792382878,Gene 48
563.1329083878194,96.5486498257,Gene 48
563.2217081920579,98.4588694605101,Gene 48
560.9689306146481,86.4901952895717,Gene 48
563.2084890792887,82.8484951211124,Gene 49
562.6799395034867,87.87998843766407,Gene 49
560.8119092770556,92.84422634885104,Gene 49
561.1743830235002,95.43818231411336,Gene 49
563.6610198306241,86.56932670496136,Gene 49
561.0267067302449,96.9396373014548,Gene 49
563.7522593861407,92.12344298037334,Gene 49
563.721065956074,93.41299383227464,Gene 49
562.0360783624261,85.98157887865297,Gene 49
560.8633870148371,93.87747089792036,Gene 49
562.3391128600216,86.8645180807161,Gene 49
560.7904623831595,86.68912141119593,Gene 49
561.6321478932904,94.51019510032964,Gene 49
563.9870359478331,89.25523106561526,Gene 49
578.1243891748695,85.05315244088607,Gene 9
575.4157105292328,82.66438988583317,Gene 24
579.0594933803392,84.93711830524491,Gene 28
572.6629358485604,82.1634560212439,Gene 28
572.4271520702996,86.1464616502434,Gene 40
576.7715119268333,80.90666942876528,Gene 42
574.451981116578,87.79090481398768,Gene 42
577.6481598719031,83.1477412980838,Gene 44
573.0568727857324,86.72196110565227,Gene 44
573.0802592085068,86.89074008598784,Gene 44
576.4340343341721,87.65186066092112,Gene 44
574.9025978762833,80.72432111454143,Gene 44
574.7450771997125,87.59134559610806,Gene 44
575.9953670121542,81.75497415771969,Gene 44
572.3930429225396,83.6948191833865,Gene 45
575.0639031017281,75.7196546709613,Gene 45
575.1058977259097,78.05105197905806,Gene 45
573.1531568112758,85.29931306011335,Gene 45
576.4997006088289,86.69995539924288,Gene 46
578.6913236223019,78.34463556759744,Gene 46
577.106379305335,77.75050296165142,Gene 46
575.4652522713743,80.66228762850493,Gene 47
578.4497666746515,79.7558203315141,Gene 47
574.8648862204159,78.40988229708542,Gene 47
577.2709480710547,83.06042794183057,Gene 47
575.7405409169862,77.0593482698945,Gene 47
579.5763049546971,82.8889984349446,Gene 47
573.3888194727758,85.28194665794695,Gene 47
579.1728245185423,84.79327355138699,Gene 47
573.7140648455957,77.89401325441857,Gene 47
576.6507502502819,88.32458497098598,Gene 47
576.4744056244512,79.22664689721101,Gene 47
578.372406967369,82.89995357157234,Gene 47
578.089705537101,83.1389625889189,Gene 48
579.3380876337404,83.65543964743264,Gene 48
576.105381770335,81.32237586205586,Gene 48
578.0034067221613,79.58689620135475,Gene 48
573.1726641085301,80.44316096721778,Gene 48
578.7969760441641,81.07927975074733,Gene 49
572.2048416700009,81.88403311175007,Gene 49
572.2419532874947,85.27340993994136,Gene 49
574.9896827349015,88.09561166232642,Gene 49
574.0899194574434,78.57760593433306,Gene 49
584.7068068721479,88.51479328261608,Gene 8
581.6298393523198,78.00000272402484,Gene 9
583.8218318499859,87.91540472801024,Gene 9
585.4784394744418,84.60520312745186,Gene 9
586.0184994624603,78.12535360079333,Gene 15
585.8959625638776,83.10000812256848,Gene 15
585.0909505600312,87.89471586631052,Gene 15
586.2380043002574,86.78165499412867,Gene 24
582.9281223074338,83.97040791283668,Gene 24
585.205956438951,78.30760480215626,Gene 24
581.2445531296684,83.58025864815053,Gene 24
581.5932693211023,80.38244612727561,Gene 24
584.3819146013834,74.77296602124072,Gene 31
584.9217570631888,82.29423644497288,Gene 40
585.3856580427448,85.92750859865457,Gene 42
583.0583015783243,86.33971927440734,Gene 44
586.0609021481198,76.89718730026534,Gene 44
584.2310628849677,84.2534273617252,Gene 44
585.3331190800335,80.15671171028912,Gene 44
581.4753065383366,79.98469661278139,Gene 45
584.0787715647516,73.61196295269032,Gene 45
584.1580367232491,76.4872921275328,Gene 45
582.3076147649112,73.74340860003223,Gene 45
584.3629438280922,83.5457938736005,Gene 45
580.6500760585433,80.71677650328417,Gene 46
584.9008572105478,76.24813274750005,Gene 46
585.1691516753372,76.4625789581869,Gene 46
584.1471333755452,72.87770031831117,Gene 46
584.7363869868196,73.7934680900635,Gene 46
585.9785646839089,81.01726277205782,Gene 46
583.3786099850699,74.0827876174348,Gene 47
581.2596274399579,82.87254857965303,Gene 47
586.2653801233736,79.58647664557387,Gene 47
581.8117674520752,76.44905749459409,Gene 47
585.349426271496,79.11882819488764,Gene 47
585.2067073382074,78.39708401745433,Gene 47
585.7145862126047,82.2229581873858,Gene 47
583.693427271851,84.14111866627117,Gene 47
584.4271405277232,73.59845951171505,Gene 47
584.3309764842019,85.11305443733508,Gene 48
585.4947476912943,77.47708902736325,Gene 48
585.3782449840502,83.88553740106147,Gene 48
585.8378773604053,84.99573848629511,Gene 48
583.7377149526545,72.0588977604775,Gene 48
585.9450896238731,78.89945270119803,Gene 48
581.3636848252625,80.12626566621259,Gene 48
580.9934412557833,82.7021000613565,Gene 48
582.0259970930418,77.58256118487692,Gene 48
585.5271323509332,78.07209028643241,Gene 48
581.9423812905867,78.87720866280722,Gene 48
585.6666244652663,86.59200411568295,Gene 49
584.0890331875886,75.60732816950176,Gene 49
582.5194558999503,87.58640526380313,Gene 49
584.2528515865193,76.67443447084258,Gene 49
582.5539078306834,75.4530580413714,Gene 49
585.0637712436169,86.61599186867782,Gene 49
585.1785994796871,83.66804671305124,Gene 49
585.3002622486849,75.39781829871362,Gene 49
586.3592165517771,77.40680929205668,Gene 49
585.155343232544,86.09761278436086,Gene 49
581.3897855440816,76.58407593954358,Gene 49
583.6002865537639,87.80520957032998,Gene 49
593.0551933575268,82.00897482619237,Gene 8
591.7172284459754,83.5021916998868,Gene 21
594.508305466632,91.72969444957677,Gene 21
590.8567602790077,87.20461657914045,Gene 24
593.2071452014401,92.88237729539928,Gene 24
590.9127314491384,91.68872737355304,Gene 28
594.0670102160716,79.47154162361278,Gene 42
591.402736116142,81.51977110685274,Gene 44
591.0365184843221,87.62191075168528,Gene 44
593.4476857869138,92.25392336470289,Gene 44
591.4656210793524,85.82103065423813,Gene 44
591.7240745968394,94.25780774465643,Gene 44
594.5428897006112,83.90629824465026,Gene 45
593.3540789327644,81.99378101262569,Gene 45
594.6942599044766,84.54446672930143,Gene 45
594.2184339309939,93.82254173519392,Gene 46
593.8519684438833,81.34989656991321,Gene 46
592.4815940842659,80.47604031711172,Gene 46
592.3240170769135,80.94995429526024,Gene 47
592.6177702700485,92.92482536017228,Gene 47
590.8408144061567,88.92106780695744,Gene 47
593.8828197882509,94.1782394512227,Gene 47
593.7788165283358,94.71639556702107,Gene 47
592.1387141428796,80.05040557474346,Gene 47
593.5107502764106,94.0018621844194,Gene 47
594.5531132551182,84.18726597375903,Gene 47
591.2439120695367,82.08510937120691,Gene 47
594.8359815161172,84.2631164583043,Gene 48
591.386347611341,83.10471508805992,Gene 48
591.1930385283193,86.25541964528729,Gene 48
593.027452772761,83.58066462129007,Gene 48
593.9910266938293,90.621964639107,Gene 48
594.7715245561267,88.22567535317104,Gene 48
592.4677660321626,91.50734480059828,Gene 48
595.254700252281,87.55566676627795,Gene 49
593.5698037358197,81.79257723160806,Gene 49
592.6223750865101,80.86678244933825,Gene 49
594.8223688222487,83.09739387942986,Gene 49
594.041585510592,81.29145610619754,Gene 49
592.4412093752973,93.41821735264814,Gene 49
592.0972949940793,94.31029390360074,Gene 49
593.8228498565081,81.06603819003857,Gene 49
595.0964134304041,88.6650315784486,Gene 49
499.9425829865412,85.87708844392705,Gene 9
502.720774801043,94.88034051497446,Gene 24
501.0338953064526,88.98259782677532,Gene 24
504.23483899369654,95.17545287640404,Gene 24
502.88496204695514,89.67999544653712,Gene 24
503.1806262709906,97.79381722714456,Gene 40
504.2103360952893,96.19580863634327,Gene 44
501.7326868819017,91.11842551184557,Gene 44
499.1307059151285,96.7340333335293,Gene 45
502.36409584893306,86.31638177532531,Gene 45
502.01166489977925,97.66630845278078,Gene 45
500.65220912600284,85.36913663168083,Gene 45
499.4119205705035,96.16255987898032,Gene 45
503.6337105169202,92.33856910558471,Gene 45
503.20302789507303,89.4756232261849,Gene 45
503.6161303554457,97.15300278736656,Gene 45
502.7000017692045,96.49049155793439,Gene 46
503.7695609066511,90.82018279512201,Gene 46
500.5865461249525,96.7953320585311,Gene 46
501.47415413300706,97.90960765795893,Gene 46
503.68718245544954,95.28215365595162,Gene 46
499.12491142819636,95.55194108352995,Gene 47
504.1602611679177,95.82936215136301,Gene 47
499.44150612306504,95.4573057312653,Gene 47
498.2520590322432,94.60162614079279,Gene 47
503.10064444607116,96.90550441842866,Gene 48
500.5815883256005,91.94180856061539,Gene 48
503.11337367615266,88.3138606169515,Gene 48
499.44032662342886,91.7866184620376,Gene 48
499.4045773236178,95.05983724341414,Gene 48
504.1090004448517,94.29432094162625,Gene 48
500.2237380094539,93.04008637368783,Gene 48
501.2915101154478,97.69159435418376,Gene 49
502.4483995403028,98.9095841861507,Gene 49
501.42504880651876,92.34540042379055,Gene 49
503.10011441002956,94.20989579314845,Gene 49
501.7193887356194,90.7770317639243,Gene 49
513.0262831422044,92.60370908068755,Gene 8
508.52661871977165,97.31637001346007,Gene 8
511.05323801871515,90.864285956552,Gene 15
512.4882455098765,101.80585439812833,Gene 15
508.5114939503663,97.52232873443704,Gene 21
507.3164322314011,93.34631628993431,Gene 24
507.6886112709776,100.21883788869623,Gene 24
508.5111346071891,90.32863020178839,Gene 24
506.27836933504113,97.60900292020135,Gene 42
511.9563462015522,94.16531366914997,Gene 44
513.0168778135659,95.95058519898298,Gene 44
508.9886823813749,103.62582642802477,Gene 44
509.49396849314184,103.99113803705075,Gene 44
506.77356945407047,92.28850628671168,Gene 45
511.2104519087998,101.52517371600231,Gene 45
506.5179337326186,95.43893781073065,Gene 45
509.075611192813,103.62145817318292,Gene 45
510.13596967132474,105.28372295098035,Gene 45
510.2830108142895,102.03964410695133,Gene 46
507.7720302928685,102.31852451004521,Gene 46
509.02892853541385,99.47475490208467,Gene 46
511.8754235870426,102.40403005528353,Gene 46
508.65210273843536,93.4757578570937,Gene 47
512.3976797973148,92.9989786782722,Gene 47
511.54809082741235,102.20412067820915,Gene 47
507.0311139956228,101.45744406500351,Gene 47
508.5353254110677,90.59200961374914,Gene 48
513.396006872549,96.3011524709264,Gene 48
507.84018954977563,97.77181147374642,Gene 48
507.7922740482299,93.1754319283643,Gene 48
510.34079057582204,93.97451990058306,Gene 48
506.34489927938745,96.46674525394253,Gene 48
508.6060924337655,100.48753580195903,Gene 48
507.41214118995157,102.08570147781256,Gene 48
510.3445861366667,103.45939501908988,Gene 49
507.4499945813804,101.2865370308334,Gene 49
513.0666389587996,98.21126115787241,Gene 49
509.78123525697697,90.45622511983531,Gene 49
512.7242792004347,93.1638824602978,Gene 49
508.65741768831197,102.57775878323083,Gene 49
506.8471069904167,100.7379169274129,Gene 49
508.42166946864637,91.4764011346041,Gene 49
508.3379511357825,101.00370120065448,Gene 49
511.8860919750828,102.53004766925731,Gene 49
520.6351620670059,102.39657631594774,Gene 9
519.7075654050069,91.16553968243073,Gene 9
521.7769232091563,97.59569148612378,Gene 16
520.5217798587859,103.1798642033079,Gene 17
519.5451643075561,95.3435943074937,Gene 22
520.1927016551649,104.7324294200909,Gene 24
519.5597890926175,91.30357058171491,Gene 24
519.4768701359583,92.82578036380163,Gene 24
520.1123203108298,103.25583763773734,Gene 24
519.6741634981064,93.2657049496799,Gene 33
519.5208729508607,98.63679228229425,Gene 40
520.8651693201458,105.59231186055679,Gene 40
521.2631685351162,102.31454260420792,Gene 42
520.9072126947925,100.18642109031337,Gene 45
519.4335327102049,97.71367550994728,Gene 45
520.0712186052302,92.36449089831216,Gene 46
520.754348046374,91.55351152603052,Gene 46
520.1040482955677,99.86544786094599,Gene 46
519.7286855065802,97.52742395456198,Gene 46
521.5255489403356,98.1273321632843,Gene 46
520.6714521540725,89.57495257300918,Gene 47
520.044086022732,90.2492949512676,Gene 47
519.4565532865262,100.61679137329533,Gene 47
519.5997484204827,90.57272088239618,Gene 47
520.7355626037127,106.01911837667704,Gene 47
519.4685039330448,96.92342948632202,Gene 47
521.3351363765186,89.8887672179586,Gene 47
519.3123643989463,101.4757770370271,Gene 47
519.9090958976151,89.71788828656801,Gene 47
521.2087023884407,104.40924682114445,Gene 47
520.4068397540168,105.65949719426857,Gene 47
520.1142522902522,91.70406194853493,Gene 48
519.8967408961175,103.41702895912316,Gene 48
520.0016777766677,90.97724395406476,Gene 48
521.2467994015907,100.3706118801552,Gene 48
520.3791294384373,104.53448166790137,Gene 48
521.6540775848787,92.97073858543013,Gene 48
519.4815031131194,94.42364180996049,Gene 48
520.2254180093956,100.41874848913773,Gene 48
519.6087217075201,100.6353110303855,Gene 48
521.2959548023996,99.15487065125073,Gene 48
521.5288592036216,90.74705679852188,Gene 48
519.7580599171113,95.86666982322102,Gene 48
519.6764174593811,92.880078230674,Gene 49
520.3161272313174,95.67885514874774,Gene 49
520.9752032360228,101.07218641200924,Gene 49
520.2159235281991,91.08645815931267,Gene 49
520.98616631555,89.68469866615156,Gene 49
519.488133551564,92.42726234270842,Gene 49
520.1571023517262,100.29367741214979,Gene 49
520.0543614445149,88.66647305922699,Gene 49
521.583828703379,99.28137962359443,Gene 49
529.9641943719365,92.50444934524239,Gene 9
525.7785194096712,92.41299952427,Gene 15
530.4190632309019,91.72130197838396,Gene 17
528.931478756583,98.5427586976477,Gene 24
527.9360425662413,94.59662468260191,Gene 24
529.9499940938882,95.46033182761248,Gene 24
530.1864824109414,99.67708449600705,Gene 24
529.5126342314395,99.09990330538535,Gene 24
524.6955406078029,95.68893205352504,Gene 42
525.6004936313137,90.72988720100174,Gene 44
529.1237865864374,98.68093633798637,Gene 44
532.777880238444,94.44891405933569,Gene 44
529.227148632423,90.46748855991414,Gene 44
529.381110194067,90.04376848255079,Gene 45
523.0751312993186,95.53076380457183,Gene 45
522.9870039955715,97.10775974423109,Gene 45
530.9927822104228,91.65130701873954,Gene 45
522.3338256069047,97.16296926100829,Gene 45
529.9273689545957,97.51238240377259,Gene 45
531.2175421822358,92.45532714956686,Gene 45
527.5498739253304,99.02262146887666,Gene 46
532.4653043247426,93.64210358114374,Gene 46
525.0147462311805,93.72472177819522,Gene 46
525.8051154888805,98.3457054098441,Gene 47
525.6525324103269,90.45672372630375,Gene 47
523.6667584421026,93.02785803362887,Gene 47
528.1680453296666,91.53672751608171,Gene 47
528.4941967532761,97.22020446077057,Gene 47
532.9551679488375,95.15723342025143,Gene 47
527.5376431062975,91.93411964891148,Gene 47
527.932245597316,100.07533997785936,Gene 47
531.9802105609286,93.06435596425092,Gene 47
526.6019940821518,97.27022939769745,Gene 47
531.0089229627683,99.08091881019647,Gene 47
532.3196293029163,94.39499237333048,Gene 47
521.6040046514813,95.16649698927654,Gene 48
531.9269834956358,94.89643810677393,Gene 48
528.3923036052959,98.83060778261475,Gene 48
524.8159664440409,91.2260395618256,Gene 48
524.7139342771195,94.58246941262753,Gene 48
522.7422104378246,96.49274192361702,Gene 48
522.8641918244477,94.5200751552696,Gene 48
529.982580327105,91.77374563424013,Gene 49
527.9645579870818,98.23012168091273,Gene 49
531.4940231292566,98.22187636458466,Gene 49
532.4411915952966,94.7996676434697,Gene 49
531.2902577128472,93.2944325651272,Gene 49
523.7120959360669,97.33507147100457,Gene 49
542.2436991771532,93.42323448550444,Gene 8
542.2472451881422,95.98214774776947,Gene 8
542.9070196646147,95.05401835817,Gene 9
543.1182862905039,94.07382886395573,Gene 17
542.7861437352781,101.44357551902773,Gene 21
543.5900738500819,98.13965253855613,Gene 24
541.2441926293702,91.14018314865373,Gene 24
542.0953340898205,99.1079694425864,Gene 24
539.7164549071567,104.15485022987853,Gene 24
539.3485617971974,101.37405648036234,Gene 24
542.5424298608197,90.61587048233201,Gene 28
540.6128610748682,90.67380380875032,Gene 28
538.6431106287281,95.8326563389804,Gene 42
542.9823907969908,93.03355145617284,Gene 42
541.4214114427566,102.74192964419953,Gene 44
543.2081317024997,93.96352610560027,Gene 44
540.8009617452938,103.80251930587326,Gene 44
543.4859143087974,98.80921259123274,Gene 44
543.0111621056682,102.55704714797511,Gene 44
540.3683301170819,92.42335032722534,Gene 44
539.2586404866241,102.08258275012994,Gene 44
539.8334974781355,102.51228652970474,Gene 44
542.9835575194728,99.37436158357761,Gene 44
542.8962394104631,101.00397608809305,Gene 45
540.296049247436,93.61775557465936,Gene 45
539.8746071466152,91.0258785965615,Gene 46
540.6321373202967,89.72966246167226,Gene 46
541.8616791764624,91.91067468164445,Gene 46
541.2694805777826,103.969429754662,Gene 46
543.0021941918197,92.80218075257608,Gene 47
539.4788355111237,101.48016546068554,Gene 47
541.5677008904312,91.67277605356679,Gene 47
542.3149816332525,92.0074173670886,Gene 47
540.6836114425784,91.9888095572937,Gene 47
541.5627045888783,102.36506108724384,Gene 47
541.694177645763,100.29160305173221,Gene 47
538.5798511565064,97.26224053868951,Gene 47
542.0508121036705,102.39400363373903,Gene 47
541.7680462886261,101.72123001935577,Gene 47
542.6510787540467,95.67518330860058,Gene 48
539.9639678681148,95.3915019875087,Gene 48
542.8520779675921,91.252449964768,Gene 48
538.4840037025392,98.8265282692901,Gene 48
538.5340740632654,99.9059871498638,Gene 48
542.2856471645531,96.89333345581002,Gene 48
542.7832120701461,101.9069148781819,Gene 48
539.6678869814966,102.41657787985896,Gene 48
541.1079705355124,99.66341936885797,Gene 48
541.0366990541086,96.95189178265893,Gene 48
539.1451171275653,95.79648725889801,Gene 48
540.465667890727,100.82739579244091,Gene 48
542.8563203307417,92.55421750678974,Gene 49
542.6730789777176,100.95692641741346,Gene 49
542.101322987386,99.3443498188899,Gene 49
541.9131880480601,92.4243079078271,Gene 49
541.2644182786288,90.52761229629137,Gene 49
540.7822929599228,100.58530331938556,Gene 49
553.6120505035016,102.94902739003786,Gene 8
551.7011438841389,95.86138338276982,Gene 9
551.8324720016246,92.17382249341182,Gene 9
553.4802004893769,91.36494266389896,Gene 17
551.8952400313109,88.78438662926166,Gene 22
551.7778156739939,99.5646509540415,Gene 24
552.5843297879015,102.8707391418374,Gene 24
553.8420234566486,88.16979021448624,Gene 31
552.7993739136258,98.84053037401756,Gene 31
551.7286985857942,88.25394637699091,Gene 40
553.5305965600402,86.42758582016494,Gene 44
553.215649786515,99.97633362569138,Gene 44
552.0409210652671,87.42701896326801,Gene 45
553.4008752449506,100.74857908143042,Gene 45
552.8547685209628,97.48464709679155,Gene 45
552.2868758607515,98.02431649215875,Gene 45
553.8735430629674,91.41189202576628,Gene 45
553.9620394239162,96.31870087330033,Gene 46
552.908229306944,89.92021408030442,Gene 46
552.188481865653,96.92001506892689,Gene 46
552.2717529721116,96.75189467049647,Gene 46
551.9805353692406,86.9773675557526,Gene 47
553.3492123624233,85.42678465235964,Gene 47
552.9299756422005,85.21634690554069,Gene 47
552.3395349348704,101.83127994058032,Gene 47
552.5793051735769,85.3981433041327,Gene 47
553.7097528165899,99.8297316729926,Gene 47
552.1582012821187,88.77568491170764,Gene 47
552.3443058927884,96.60353159686684,Gene 47
553.1420109400887,85.50463721329267,Gene 47
553.6902988798751,86.91871087499165,Gene 47
552.597208931592,87.1217762749804,Gene 47
552.4858439405065,100.71838485440715,Gene 47
552.0926544409898,88.46508075069949,Gene 47
552.4147143244019,89.12595717890352,Gene 48
551.4008071253777,91.69868028267928,Gene 48
553.3664849394852,89.21314799301516,Gene 48
551.6052088954422,94.19005061990929,Gene 48
553.7711749772417,86.07037302102437,Gene 49
552.5606903351129,87.01453552159832,Gene 49
552.6445546049372,103.9751998926007,Gene 49
553.4340334412477,89.05847788789754,Gene 49
552.941485599558,102.47135943215523,Gene 49
553.3833536522088,90.0334159211985,Gene 49
553.2768003006108,100.38560410978391,Gene 49
564.3378917951544,100.07526045463742,Gene 8
563.0469880328039,88.92283532110626,Gene 8
565.3572275455588,94.8675871660714,Gene 9
564.210266318017,87.02730516165859,Gene 17
564.0067902860974,104.47804743546565,Gene 24
564.2281654317005,102.39250387331188,Gene 28
563.2905306477571,102.18022863271104,Gene 31
564.9113615570877,93.8070279664485,Gene 42
564.8732930111447,87.82475995808785,Gene 42
563.2848080911455,101.22571758116715,Gene 44
563.407585411585,101.29943432033362,Gene 44
562.3272127074389,95.05618948370673,Gene 44
563.6797183327668,86.98153549978099,Gene 44
565.6892321155327,96.16310491490876,Gene 44
562.975687588495,89.09930298454651,Gene 45
564.0146260329633,99.48757479295855,Gene 45
563.002783834514,88.61984161029771,Gene 45
564.4848615695341,88.7385633529649,Gene 45
563.3763163018191,86.19962600317479,Gene 46
562.559301238593,96.21823387838876,Gene 46
565.3686173098008,91.33357706703255,Gene 47
564.4696589278427,104.4876171980145,Gene 47
565.0544634776309,87.28598926030087,Gene 47
564.8922447837392,88.10364668565165,Gene 47
565.041383295598,100.77002324243162,Gene 47
562.8567781962132,100.58670984285551,Gene 47
563.5802416196237,104.06324064350525,Gene 47
562.4852314085696,97.10038939333153,Gene 47
563.8444656226109,98.79768197144746,Gene 47
562.6098594689718,98.11369995133948,Gene 47
563.9355583899359,85.1770998825491,Gene 48
562.9072013690404,99.36436470600238,Gene 48
563.8157499678396,87.31488220729756,Gene 48
563.8782296001084,89.66941678518138,Gene 48
564.1379530168979,90.64479280605883,Gene 48
562.7883561204329,88.76200970789726,Gene 49
563.8669397933088,86.77107663206122,Gene 49
565.2105829433722,93.11924175727746,Gene 49
565.3938809745289,98.61015292755565,Gene 49
564.3765142149527,89.01510742796717,Gene 49
564.8162385561075,91.3984990209912,Gene 49
564.9404659764903,88.6766415217881,Gene 49
562.7467788896913,89.94871704439319,Gene 49
563.236663201176,89.94819494268458,Gene 49
566.6222107097368,98.04571194126194,Gene 8
564.4976142769175,91.91760608864504,Gene 9
568.0820148073767,89.95197609113053,Gene 15
567.9690386009461,96.10020113827117,Gene 15
565.0657156530474,89.79336484371541,Gene 15
566.5278228833332,98.66912264257388,Gene 17
567.1364630847677,87.69899739721043,Gene 22
565.3507544284669,97.32470126727523,Gene 24
568.115784278436,95.91685952562352,Gene 24
567.3471741874804,95.87762183436467,Gene 24
566.5630611375333,88.90645723977752,Gene 24
566.8925678107943,101.39910204875667,Gene 42
565.8895760614929,89.56691070910504,Gene 44
565.5236259826607,96.1327617246187,Gene 44
565.2204940789029,87.33132753097595,Gene 44
564.9852773235843,87.5989929532829,Gene 45
564.3481801940346,97.31082387973268,Gene 45
567.4756932064262,90.64968076428777,Gene 45
565.9516661060139,85.32952712592815,Gene 46
566.4527437523749,87.8372360468252,Gene 46
564.8425214401209,95.174977722095,Gene 46
567.7880615898264,97.25585178626963,Gene 46
568.0734171017135,94.21100680801807,Gene 46
567.6222697392092,99.9639392445958,Gene 47
564.2439155991528,95.40120909972744,Gene 47
567.6017202648077,89.50445029534386,Gene 47
564.3327790040172,96.92141497367732,Gene 47
566.7312120610599,98.4437402170417,Gene 47
567.8064301728335,94.19288418724987,Gene 47
566.157468738259,84.80819703164728,Gene 48
567.1804552166416,98.16862887830072,Gene 48
567.1409025571324,92.10128534233453,Gene 48
566.795093020243,93.64237057395263,Gene 48
566.1193059864869,101.3906064777413,Gene 48
566.241799271271,99.57079010497414,Gene 48
565.175785102188,91.19906982968183,Gene 48
568.5842698200488,95.00359613523804,Gene 48
567.9755315152743,98.89428686437383,Gene 49
567.1504134468667,86.82994259221645,Gene 49
565.5248468415946,96.32959360394715,Gene 49
563.6680135967955,94.17032459677434,Gene 49
565.3950287883417,101.05933275611432,Gene 49
563.6201146765161,94.44227594020388,Gene 49
567.1204666173126,87.6263690436697,Gene 49
565.9134055456358,84.51983473669459,Gene 49
568.4482658476351,92.4292328348935,Gene 49
565.1381350251675,101.01001582679362,Gene 49
565.9619316970814,89.27130591718486,Gene 49
568.0553619178037,89.28845470659822,Gene 49
579.0131654846283,86.16354445772035,Gene 8
581.164012740437,86.89475839035075,Gene 9
581.3112200852642,92.55896862718204,Gene 17
579.3520696964207,95.19799591579017,Gene 17
581.2950093894016,95.57976900173662,Gene 24
579.7712830166657,98.13127605505483,Gene 24
579.2850489162328,93.58449718931013,Gene 24
579.2508682035308,99.29163564984444,Gene 31
582.5810258107823,93.7957255052088,Gene 44
582.033626418109,95.32224445653206,Gene 44
580.458033117324,99.07180810535584,Gene 44
579.8344245113999,89.65101723832997,Gene 44
579.673628073813,101.92649121657644,Gene 44
580.6898159223109,99.0527579122678,Gene 45
579.5843668727659,95.3289100716439,Gene 45
578.5960068934553,99.07046887925067,Gene 45
580.2759537733359,100.70408255236649,Gene 45
581.8961768482022,98.08959377757213,Gene 46
578.9922100504657,94.84396845427268,Gene 46
579.3662731618134,96.9475764983242,Gene 46
579.9968623861802,89.38042231073705,Gene 46
579.14700500501,86.55173193585796,Gene 46
581.9541504008255,95.99296304514553,Gene 47
578.1822741560035,95.02398932591849,Gene 47
580.7387316114516,98.29566678853942,Gene 47
581.7504167987231,91.20977924331808,Gene 47
582.1075677951216,97.33780005807976,Gene 47
579.1665763858134,90.64139394204739,Gene 47
580.5019579564162,89.80085128810686,Gene 47
581.8135888177519,85.764844356652,Gene 47
580.293887070027,99.92486231788573,Gene 47
579.4023470495716,86.07335202272633,Gene 47
579.3699793560442,90.09811444820593,Gene 48
578.7482087481942,87.392023768601,Gene 48
580.9763854239162,94.43725677858961,Gene 48
579.1514938230807,92.73956595020613,Gene 48
580.1789262620584,99.9723132593344,Gene 48
580.9686701771737,98.32941434789163,Gene 48
579.0098235164813,86.29006133582271,Gene 49
580.0625589229658,84.97023605213181,Gene 49
578.4227687177107,91.2744377240728,Gene 49
580.3569326972012,84.94285828266221,Gene 49
581.9643929490286,97.32303190112893,Gene 49
581.3816997942972,86.75595247769242,Gene 49
578.3149669001309,89.22640605730867,Gene 49
582.39091898004,94.94948603383496,Gene 49
581.5321224928049,86.90372555414088,Gene 49
581.3499734451091,99.06622919248332,Gene 49
581.8520429189134,98.67593011388921,Gene 49
581.0289488254076,87.65722214956172,Gene 49
579.9893296898384,97.47308084871841,Gene 49
591.5911643468519,98.72987776852098,Gene 8
588.7366372013046,94.50853203355945,Gene 16
595.4647561964289,94.99465039812344,Gene 24
593.8057256518688,92.94601142111145,Gene 31
593.5785546909148,95.21456475584446,Gene 31
593.4699729077198,100.34237283945113,Gene 44
595.6441499792736,99.61471490830013,Gene 44
589.135501443067,98.23642097657518,Gene 44
592.6709498196255,92.93323704927518,Gene 44
594.7648042068646,93.10688122107167,Gene 44
591.6022985220005,100.74088287251435,Gene 44
593.8019113226279,99.86817675715704,Gene 46
595.1336103136288,102.02387588052552,Gene 46
591.225182146038,93.32777067241528,Gene 46
590.6436785233244,94.59054035500122,Gene 47
593.2216866116403,102.6102824974862,Gene 47
593.4057085267043,88.92420768311744,Gene 47
593.081561064253,89.70460868431995,Gene 47
590.7178970508903,98.54095479543179,Gene 47
596.2390804185611,99.04110901669927,Gene 47
591.2610612036692,100.1201598334897,Gene 47
594.8916485121554,95.49378583197772,Gene 47
594.362318406089,96.680684634776,Gene 47
592.2266981366869,101.54660001815022,Gene 47
595.2309514250853,100.87608464396436,Gene 48
594.7732661730715,101.90028424199969,Gene 48
593.4250472400385,90.59841745084745,Gene 48
595.1593394791033,90.367042582398,Gene 48
591.5156418163936,103.41407619676922,Gene 48
589.7075853297483,99.289857574112,Gene 48
589.9752595519602,100.12101774880388,Gene 48
592.5625102004104,103.79805749637144,Gene 48
594.8687025169811,92.97050909874177,Gene 48
593.9360027606506,95.10107311000328,Gene 48
594.4675214274723,98.90671476535904,Gene 48
595.7051145880216,96.09341180150842,Gene 48
594.6776216505054,101.87457848525091,Gene 48
588.9968933560807,97.40136905788687,Gene 48
589.3013451524652,95.54460279421795,Gene 49
593.2349680962956,89.38283998233779,Gene 49
595.2711649082945,94.03717977467295,Gene 49
589.5039676556374,96.50295130754918,Gene 49
591.2669325782283,91.52756008239885,Gene 49
590.525236899451,97.92018500802907,Gene 49
595.1662471406032,99.95388012191881,Gene 49
589.4375907957914,98.22352081289995,Gene 49
591.1099663919769,91.56364890853561,Gene 49
592.1433390139584,100.44213049327455,Gene 49
598.4956231933068,89.16966059547362,Gene 9
598.0027355218674,102.84106654827049,Gene 15
597.3399886755737,97.34508937877858,Gene 17
599.4073308389125,102.88613046535096,Gene 17
600.0917150015719,94.4418698649704,Gene 24
597.7416771712797,97.8484276284484,Gene 24
599.4320934132968,102.02716732920987,Gene 44
600.0454569384657,95.19591922531012,Gene 44
599.0570746656241,87.13869668764914,Gene 44
599.530112465624,93.6681595923737,Gene 44
598.150182200025,101.12329943168741,Gene 45
599.2244813915304,102.86710441917668,Gene 45
599.7918295027056,98.65194778151098,Gene 45
600.0480510277366,93.29763763847657,Gene 45
598.6205742488787,88.77553069335623,Gene 46
600.1219760504581,94.98209696324304,Gene 46
597.6132551417925,94.922857707959,Gene 46
597.7594358742697,92.61406876580018,Gene 46
600.0717682822669,95.16114099060236,Gene 47
599.7693309611738,91.10747325627128,Gene 47
598.7565816664043,87.91873804740366,Gene 47
599.129605719335,102.47464187261697,Gene 47
597.7597106791707,94.75204358642,Gene 47
597.8155713672785,97.63662448149287,Gene 47
597.7412246133185,94.57901954076952,Gene 48
598.8045443799035,102.7992719768189,Gene 48
598.4139817250804,101.94903968212489,Gene 48
599.5657762027663,92.6054834214992,Gene 48
597.9013048344781,92.57830790020591,Gene 48
598.8848407788594,104.9024603350293,Gene 48
599.7856134698766,95.62540932675977,Gene 48
597.867201523291,92.46140396211236,Gene 48
599.8661407453612,92.51219708941477,Gene 48
599.129747098835,91.74212493901011,Gene 48
597.7254350712703,96.41335624687862,Gene 48
599.9511025542196,99.62581651683784,Gene 48
599.1677705570478,87.33748014930303,Gene 48
598.0826514455792,97.40555282363405,Gene 48
599.5354662249212,93.43482271137384,Gene 48
598.6633982842516,98.49722749092149,Gene 48
599.4186107544095,90.31813535657456,Gene 48
597.3371082042753,96.67604982761051,Gene 48
599.813481601135,101.04960339085056,Gene 48
598.9817315955278,104.76061578807287,Gene 49
597.7940144891141,90.34704487810028,Gene 49
599.5287299022438,90.01622780736334,Gene 49
598.0381917675218,103.09805930940155,Gene 49
597.6083616598979,97.5793447887605,Gene 49
597.8644881717354,97.69264063805048,Gene 49
599.1404984835685,87.65438670777638,Gene 49
