x,y,gene,cell
24.133714605459552,15.863629204799565,Gene 74,0
21.363039891363353,13.573801465167,Gene 79,0
19.433822973191695,13.448934218450702,Gene 87,0
57.41258284945825,28.491107718600933,Gene 15,1
47.208221348125264,31.435810074150616,Gene 24,1
52.24788529874873,32.73239151419392,Gene 40,1
48.31918189055868,29.52866003332806,Gene 40,1
47.61856252109401,26.27845891607975,Gene 57,1
49.08346221713524,25.91622841268353,Gene 80,1
67.2816817807541,20.48306896073056,Gene 14,2
70.43001610092746,27.132570573118052,Gene 21,2
61.85650843664155,23.679321959263994,Gene 23,2
71.81637388876581,25.261594593297847,Gene 27,2
60.60159263396851,24.111666218164423,Gene 74,2
97.61684516286364,29.4257001352659,Gene 16,3
96.16366739985385,28.70607018997029,Gene 23,3
101.52519850228784,22.270707269841427,Gene 24,3
104.67107139090761,21.83115639099491,Gene 35,3
99.81753304880313,21.09495367583633,Gene 40,3
96.96508415340384,27.298484819190772,Gene 83,3
120.32598196489204,28.328635199425605,Gene 18,4
120.6283486549041,31.075558307673635,Gene 22,4
128.5882300243863,29.12097358462687,Gene 37,4
126.7783792501208,31.54970920192425,Gene 80,4
125.73648624903751,31.911494033616837,Gene 84,4
125.08019369861522,31.205601481324475,Gene 84,4
121.21031994963587,27.952047221559965,Gene 84,4
124.2139679164456,26.678483163486746,Gene 86,4
123.17869158393636,33.25311905613456,Gene 95,4
158.83517474902234,17.871327822995195,Gene 20,5
158.99130043846247,23.766549137289733,Gene 21,5
158.01567368591128,21.937145107920692,Gene 37,5
156.60852176160358,20.607971177078582,Gene 37,5
156.83395708918096,17.163321559927226,Gene 37,5
160.03714616336458,18.21272037354143,Gene 37,5
157.2176176990505,23.343031475523755,Gene 70,5
159.38044061051542,23.12864122944671,Gene 86,5
170.93144267114872,17.631976201358803,Gene 18,6
168.1444400349463,17.981217511162384,Gene 21,6
176.68939508050164,23.063077903697977,Gene 21,6
169.64660471294678,25.288387022861045,Gene 24,6
179.09861442127988,21.226424878129414,Gene 37,6
173.49030634151129,19.00152994322972,Gene 80,6
178.9815889742716,21.170961667520405,Gene 80,6
172.979769493185,25.987991883703693,Gene 80,6
166.31328827031885,23.704645790588096,Gene 83,6
190.8797133725414,16.978350412551137,Gene 41,7
188.64778784505515,19.562566059425585,Gene 76,7
197.71768296823552,20.001213435917435,Gene 80,7
189.193140162796,21.615253088234592,Gene 80,7
186.18195790309468,20.288303832756267,Gene 83,7
228.90117052369553,25.369030250723956,Gene 22,8
227.41916028380723,21.62573632167073,Gene 36,8
227.65316430810003,24.099481361604596,Gene 42,8
228.16013068490858,20.71037797401597,Gene 51,8
230.56439066614155,22.63485578841259,Gene 58,8
229.76903706224417,22.13778929744516,Gene 79,8
227.86978380647207,27.71871157718825,Gene 80,8
230.37862538779805,27.541775320899372,Gene 80,8
227.59566956881832,21.343021674654043,Gene 80,8
232.6321588535012,23.907631362201492,Gene 81,8
256.67398404391804,21.941530783470828,Gene 19,9
251.6941291117288,30.147384356514372,Gene 21,9
243.3001642279261,25.24003969485582,Gene 24,9
252.37585443132892,22.67002797064219,Gene 32,9
256.8580765872849,25.53638903267271,Gene 37,9
248.40349481614177,25.977193541816433,Gene 76,9
269.50172743103826,17.12554476566966,Gene 15,10
270.992492109179,11.288038951524118,Gene 25,10
270.3566753235081,17.07695429543455,Gene 40,10
266.31478504189346,16.90234455195376,Gene 40,10
264.588415109935,16.83598320460917,Gene 91,10
302.76567970415755,22.701087379542987,Gene 13,11
301.83106614897883,21.388439556863027,Gene 14,11
302.8201756269247,22.974039726061793,Gene 15,11
301.3510337138457,22.723098834650102,Gene 23,11
321.43694158169956,21.808460770826798,Gene 23,12
327.08143819639366,18.14936877268021,Gene 31,12
326.8552800451809,20.204042988951002,Gene 40,12
324.95243513969785,21.273252391047162,Gene 57,12
320.92057361942153,21.650643251741688,Gene 91,12
326.18638983638635,18.63226454810274,Gene 91,12
361.6695098599817,20.969674823071415,Gene 61,13
358.2334933714378,26.152663355510732,Gene 83,13
377.4627636188361,21.471353247899376,Gene 35,14
381.0386484137239,29.37002213969362,Gene 40,14
370.1622630735389,24.57131702626361,Gene 64,14
372.851298383803,28.471214284171843,Gene 74,14
379.49659850372666,25.292236565765084,Gene 86,14
389.5125280799503,33.2577591000918,Gene 40,15
399.2793260395926,32.29146763518945,Gene 40,15
394.9504713119927,36.37299996424866,Gene 79,15
399.7444910668681,34.40785313356591,Gene 80,15
392.21457435878773,33.253573892718194,Gene 86,15
420.3028028338721,26.002657966409025,Gene 13,16
422.4423107631572,26.464587505521955,Gene 15,16
412.3604756128954,24.650685665753812,Gene 42,16
420.4884928217825,23.10344946760652,Gene 42,16
423.37518935817695,26.916764629656996,Gene 90,16
435.49742713731985,15.909363220958419,Gene 14,17
435.2549534512295,23.397308127380388,Gene 30,17
445.53278379133974,20.69768868115817,Gene 32,17
437.01201683771353,17.073005953090025,Gene 33,17
438.24164313046373,22.924173272288087,Gene 38,17
443.43439656536896,15.660997418192075,Gene 55,17
439.16403160042637,20.472673555559243,Gene 57,17
440.4740346731747,15.568854948288418,Gene 82,17
484.5388729485489,21.8708913160061,Gene 23,18
483.13539957454793,27.84719684173872,Gene 23,18
484.22360023265264,25.87993503583377,Gene 23,18
486.98915851097513,25.940948027363177,Gene 34,18
483.75723313913267,26.03583085127087,Gene 37,18
484.10084696151773,25.919352955366715,Gene 40,18
478.7936985062126,23.144320734223765,Gene 70,18
481.62924985343784,20.038023713172315,Gene 78,18
482.0699536707125,25.292631932508503,Gene 84,18
497.1662155540745,15.85622007902132,Gene 86,19
527.2019003182696,24.801374388691652,Gene 14,20
528.1500575509577,25.274661901329065,Gene 14,20
535.9186793837863,26.30331196336108,Gene 15,20
533.7195669552751,20.681699341874996,Gene 35,20
535.7232433199501,26.248779462924624,Gene 57,20
531.8105464463981,20.533390013759604,Gene 83,20
532.7563102468265,25.64858348852135,Gene 91,20
544.2004093819104,15.492382873237705,Gene 13,21
547.0039441179457,14.451636467283782,Gene 16,21
550.2929470139965,14.610198837834893,Gene 18,21
545.4081414294653,13.791636096984782,Gene 20,21
543.3717794401557,19.751839633331727,Gene 23,21
542.3345539441863,18.116957918739615,Gene 57,21
553.35391140826,18.847240226455856,Gene 74,21
552.3614841720021,15.114638617622813,Gene 80,21
542.6659928178815,17.03783620514945,Gene 95,21
578.8556286661586,26.521952466941457,Gene 4,22
577.3920236699797,25.78246706635071,Gene 18,22
584.3763753412478,24.08822241990936,Gene 22,22
583.6323551413153,22.549059275405735,Gene 37,22
581.4332972063005,21.143538752417832,Gene 64,22
581.3174748111313,20.912495881736554,Gene 74,22
580.2615120593449,20.013765664504938,Gene 79,22
582.409023582126,27.31708295539729,Gene 80,22
583.4844696970973,26.79523516875369,Gene 80,22
577.155168295474,23.0828984030299,Gene 82,22
582.4787347344989,19.62483372735916,Gene 83,22
603.1901765280551,11.003337271877639,Gene 5,23
601.630968984025,18.48159522709517,Gene 23,23
603.5512276530573,10.366694626292691,Gene 26,23
603.6847020023667,12.57337693548969,Gene 26,23
599.7061547105383,11.063578914335233,Gene 27,23
597.3335715759969,8.665049028961326,Gene 28,23
595.3362778191341,15.287305599520801,Gene 29,23
596.7449346320786,16.527638570492243,Gene 30,23
596.90612752522,14.682940654456546,Gene 33,23
605.9171116093236,12.86045109024237,Gene 35,23
600.221477794575,16.194651040590504,Gene 37,23
598.8614289330222,16.99783967031336,Gene 51,23
597.6676104062057,9.887004355057554,Gene 69,23
636.9386394733576,21.756277715786076,Gene 22,24
629.7444973878528,20.657146748741596,Gene 40,24
630.0158115196294,29.603098383162255,Gene 64,24
630.1073410293583,26.056042294208925,Gene 79,24
633.9928220098404,27.571287316876855,Gene 80,24
637.9858157302208,20.796000054738595,Gene 82,24
635.8489735787243,19.391231613122567,Gene 86,24
651.3545032835086,35.10149777286587,Gene 23,25
649.9506670779585,33.0145031899713,Gene 31,25
653.9344575379065,28.74439169776884,Gene 32,25
656.3538578648818,35.23997519429598,Gene 35,25
659.6206412686464,28.063393662809144,Gene 38,25
670.5971777238026,24.691067714889737,Gene 18,26
672.0960643714158,32.49325176999158,Gene 22,26
670.6324996471948,30.016759169786127,Gene 26,26
675.3649172682609,29.564814662104602,Gene 35,26
672.8038996055808,29.35983565606076,Gene 42,26
673.6135505620265,32.25028099796356,Gene 43,26
679.6101845313927,30.029480420573048,Gene 61,26
682.0164632160819,21.95783337716786,Gene 63,26
682.9039386561361,23.702401409853316,Gene 76,26
679.3364578443411,21.01579476998665,Gene 79,26
682.291541451237,29.89132057102024,Gene 81,26
678.8024229672708,19.97147008776703,Gene 81,26
680.4067750755959,21.29007963064404,Gene 82,26
670.5222449101302,26.357833094717535,Gene 83,26
671.3331397401545,25.473411402215262,Gene 85,26
682.6081068833515,30.262174372052275,Gene 86,26
710.2608711359701,27.631078417528013,Gene 12,27
712.2749845653566,26.975616510668242,Gene 14,27
703.6395120318865,25.73087897772063,Gene 16,27
704.8915858073956,30.751102190079273,Gene 20,27
726.16373782364,24.83134486873506,Gene 51,28
731.5061142594461,16.575821899896425,Gene 79,28
722.1753077420045,23.930804374578276,Gene 86,28
747.0071744969762,25.393275981540654,Gene 28,29
750.9023646697433,19.29821054293323,Gene 30,29
742.9649580771371,22.605886510044595,Gene 41,29
753.6522903096316,18.146094614682728,Gene 51,29
751.0716305921121,27.423250859931606,Gene 63,29
780.2634493916144,26.331162759100714,Gene 14,30
781.0478795951816,26.509411647992525,Gene 25,30
773.9839225656553,26.265693942528717,Gene 37,30
779.3993134053912,25.892783616478567,Gene 70,30
776.5066476071884,30.60681776468932,Gene 70,30
17.045438151271153,34.45516225871584,Gene 30,31
10.865917672621752,38.304286906301094,Gene 30,31
21.770294358664398,36.847962489094,Gene 35,31
14.246638482771257,33.41764380641868,Gene 37,31
21.985055769028513,38.54273469156905,Gene 93,31
40.99220731885104,41.31705535394738,Gene 16,32
40.958345095877355,35.471627058511636,Gene 16,32
43.586917347782475,43.3972368117328,Gene 30,32
37.593511874702905,39.67397230243397,Gene 31,32
41.64474149562768,41.71954960810389,Gene 66,32
66.75870194295881,33.40097125584675,Gene 58,33
62.12621083940878,36.81485339124197,Gene 58,33
57.873946172076636,36.738615850694906,Gene 64,33
93.94956172122005,41.34283526264276,Gene 12,34
86.65361220777204,45.29169938704998,Gene 32,34
92.10538225840838,44.48593967307415,Gene 40,34
90.58903277617979,46.15779374889444,Gene 79,34
86.138593061948,42.802564601453824,Gene 83,34
115.08961458616855,37.84488209431635,Gene 21,35
115.54758138952776,37.423504232587675,Gene 37,35
113.61943145717284,40.32277977064356,Gene 37,35
112.85206696982146,42.14203658202807,Gene 42,35
122.13173799080762,42.06955955984301,Gene 74,35
120.61443382114088,43.826208142905635,Gene 74,35
122.49684885035353,39.7451085227096,Gene 74,35
118.69064307238281,44.884322398694216,Gene 75,35
115.79176209782905,43.46439045401782,Gene 79,35
120.65068606463667,40.16346028218803,Gene 83,35
139.05389430066472,48.96266001048129,Gene 37,36
134.01923501475585,56.25229267880725,Gene 46,36
130.1522457900319,51.25163721792153,Gene 79,36
134.87901989609853,56.242556653405124,Gene 80,36
138.63124250641428,49.98241754527437,Gene 81,36
138.54605659585866,48.60124219976157,Gene 86,36
163.18319646246317,38.2365216700948,Gene 64,37
153.27747737429647,35.017227157542806,Gene 74,37
157.8933785217867,38.478507037383665,Gene 74,37
158.0707521615592,32.93558458832153,Gene 79,37
159.92827909415632,39.27263427747922,Gene 81,37
151.0986939186986,36.76932775583123,Gene 85,37
161.09094363637098,38.810275194297745,Gene 86,37
155.60955915607224,32.660913164707075,Gene 87,37
195.87597539825393,49.230904273454875,Gene 14,38
196.50566705381388,45.80517298161761,Gene 17,38
190.39146636660462,46.2465038602102,Gene 18,38
195.72469288200352,49.322754519937845,Gene 20,38
192.06234562547297,45.119516588747565,Gene 21,38
192.99945465041512,45.064004716041495,Gene 28,38
195.92056882751726,46.558965104345425,Gene 42,38
191.45094235721908,46.37209041239877,Gene 80,38
192.7528094818383,45.096355766637025,Gene 86,38
194.814711528887,49.11513895455966,Gene 90,38
209.11492416030973,34.97233978821839,Gene 22,39
207.0485745532646,39.359514872706235,Gene 84,39
234.09777625867844,52.19209317617062,Gene 58,40
237.04890013493954,43.640281675937366,Gene 78,40
229.266639881554,47.12260856361425,Gene 79,40
271.9002638583669,49.35549427023639,Gene 10,41
259.70473706511996,49.90268784682836,Gene 25,41
257.088344665528,48.93245295065131,Gene 70,41
267.640748392576,53.33643727234813,Gene 77,41
267.28588914482066,55.059369213859405,Gene 84,41
262.3086435926303,55.04555467933381,Gene 91,41
291.291450772142,44.25345924954704,Gene 31,42
288.5014568332909,41.89933638037124,Gene 32,42
290.5032641501179,45.05599826455421,Gene 32,42
283.51857550365764,45.64381783086179,Gene 37,42
283.7332497041098,46.29725565556256,Gene 37,42
285.8089086297514,39.20364027889407,Gene 83,42
307.13725284087815,41.09424603072544,Gene 40,43
310.5494389787002,37.8633089148308,Gene 58,43
305.7489127702633,33.739996953264445,Gene 74,43
309.8058081411362,35.65159952878952,Gene 80,43
304.9883376403513,40.512817133500285,Gene 83,43
307.43290221775857,40.60370534503146,Gene 84,43
308.33487652846685,38.26248507869444,Gene 97,43
335.1282711836012,49.423135648112016,Gene 37,44
328.61016816094343,44.532480733892314,Gene 75,44
328.49308048897495,52.5628772434835,Gene 77,44
329.9800930902958,42.43894247648745,Gene 80,44
369.271460344491,30.087749910751548,Gene 10,45
366.9915098847488,33.666140446553676,Gene 26,45
361.7669170171503,26.58409637016031,Gene 74,45
364.45391908603483,27.093511326872953,Gene 87,45
377.23335826451336,36.77764852601233,Gene 29,46
381.35762574719723,37.88574651934387,Gene 63,46
379.94827449437605,39.67978332238843,Gene 83,46
407.3910111670487,48.225029390410285,Gene 4,47
407.44244949264873,50.859540312482956,Gene 14,47
420.8468820218991,52.07313873879801,Gene 14,47
418.2882298305465,47.46317980045792,Gene 14,47
412.40065005683783,51.42966755920858,Gene 15,47
421.4280511127602,53.007087542460624,Gene 15,47
418.36655508468124,46.29096377885072,Gene 16,47
419.08920466569515,52.691054596767465,Gene 19,47
414.4722887219664,54.096436938765464,Gene 24,47
410.53146565095204,46.55832577938818,Gene 24,47
413.2329845865157,54.18013176635326,Gene 31,47
408.88024226797336,50.4204916569749,Gene 42,47
412.83732128532296,53.58691415389989,Gene 57,47
421.9072860973628,52.070484167356696,Gene 83,47
436.3233512458096,38.763653900820806,Gene 21,48
440.1170354572738,37.665896147563394,Gene 90,48
457.58709998564615,48.268297510836526,Gene 13,49
459.0018488639246,44.57510658286823,Gene 96,49
492.00282041877523,36.1177001442172,Gene 10,50
494.23607447696463,35.9586988543497,Gene 11,50
487.63527746068274,35.56255913783146,Gene 22,50
493.52515919346155,36.182448131349965,Gene 24,50
494.2652180854424,41.14671305319799,Gene 24,50
484.6508669673227,40.51586102228524,Gene 29,50
485.2696657935564,38.55897834293287,Gene 91,50
502.82865134542834,39.48390903528757,Gene 17,51
508.18277916593206,37.957808096988565,Gene 37,51
508.96143524738886,45.008168594288996,Gene 64,51
501.7731515897699,42.73156020563307,Gene 79,51
503.2397206310967,38.93523985046802,Gene 82,51
537.1948308367995,50.194868547539976,Gene 13,52
536.1782194039824,50.928793280174915,Gene 13,52
539.2703468004214,44.63983134152599,Gene 16,52
534.6240997801684,48.21128705267086,Gene 23,52
539.7026194215057,46.83408756658259,Gene 24,52
535.9202623739462,46.995559881545695,Gene 31,52
539.5842545418769,48.583773552102066,Gene 70,52
537.5162794608225,44.31278277544531,Gene 80,52
536.2075853202375,49.677889463839,Gene 91,52
535.8648753045686,44.06365523851521,Gene 91,52
560.1743775383894,34.69093450559679,Gene 17,53
559.5798506660466,36.339287316329596,Gene 19,53
567.5424342857893,40.34808100813549,Gene 20,53
562.1480994750194,40.49579747351374,Gene 30,53
563.7181141972467,41.69438667930196,Gene 37,53
566.0634060715277,41.00873460891889,Gene 91,53
589.3836239188068,44.05861510345114,Gene 2,54
583.3728931208685,42.21838589538242,Gene 75,54
601.4952551246233,37.73905883162905,Gene 2,55
610.4891315689132,37.69642836565489,Gene 2,55
604.0993088439617,43.784519776100694,Gene 22,55
610.0734772432764,37.74697372045572,Gene 58,55
601.0144153749878,43.98358879300436,Gene 75,55
607.7928616280443,36.32571685616899,Gene 79,55
604.9822528706674,36.39383589183643,Gene 80,55
602.7584006150205,36.71185405167091,Gene 87,55
649.1907306405992,42.49715257283616,Gene 22,56
653.3963764015442,41.33336447389066,Gene 54,56
653.7423091045387,40.97024280562493,Gene 78,56
656.5458362590929,43.09986102939774,Gene 80,56
657.6871262300538,41.233695408392784,Gene 80,56
663.311996427375,40.98466130408339,Gene 19,57
664.7409371305279,43.66633817251106,Gene 25,57
669.3219908741191,38.48120807223662,Gene 31,57
665.6196623228914,36.09459918033759,Gene 42,57
669.2778314913497,38.504009473438614,Gene 63,57
687.2465612658584,43.154671587244515,Gene 1,58
682.7785254974701,46.97783728637324,Gene 24,58
677.9481939322756,45.84597363913252,Gene 40,58
680.7360688725033,41.37749659805255,Gene 56,58
685.6998963057049,43.22084889853312,Gene 70,58
709.9054828581892,37.36081017874952,Gene 40,59
699.9211299012322,42.954519854794775,Gene 74,59
706.0078860139923,34.08635117676988,Gene 74,59
699.7719414952824,38.83894807409541,Gene 78,59
700.4809870688894,34.87342432318258,Gene 80,59
709.1483734712423,39.526745815774554,Gene 86,59
740.9166014373292,40.14636851103473,Gene 28,60
734.4592288728172,43.42737305166482,Gene 30,60
740.2636103034296,47.331602027923246,Gene 33,60
737.8517438584736,45.914110179185904,Gene 47,60
733.4033501500386,44.843007116026854,Gene 68,60
734.4482593588599,45.587457348104955,Gene 69,60
740.3728886366526,45.80580467962592,Gene 83,60
741.0352874138079,45.39813717677192,Gene 83,60
759.4925137031767,40.30440940908588,Gene 37,61
760.108191256836,46.126435199647545,Gene 64,61
768.4257711549385,43.66642558177732,Gene 83,61
773.7815349473643,42.12328510719102,Gene 12,62
782.6525964618447,44.945463397908135,Gene 13,62
787.1649115593935,39.53045407553296,Gene 14,62
777.9939858342386,44.082834713789254,Gene 23,62
777.8567204161957,37.64158413181856,Gene 23,62
773.8723196833968,44.09672842083257,Gene 24,62
783.6409996753542,40.49618192359631,Gene 31,62
782.463230588731,44.95976740956935,Gene 37,62
786.7468682887321,43.31634695558731,Gene 40,62
781.772867543901,35.59580266217961,Gene 42,62
773.234715285171,40.64796485618215,Gene 70,62
777.3714953253037,45.68474070566998,Gene 70,62
781.5310776549709,36.27147648756345,Gene 84,62
784.688298706569,40.797591204155054,Gene 91,62
25.508431786462374,64.96751101419807,Gene 0,63
27.335391699918606,63.528771208991174,Gene 30,63
16.60716198662778,65.06376927369645,Gene 41,63
25.555322507003662,60.272233411226885,Gene 83,63
15.059426326294329,61.12464727789673,Gene 87,63
47.83139311085425,62.69671554144556,Gene 15,64
49.62865838289802,67.41406828674214,Gene 21,64
44.90087737680079,64.20002328057825,Gene 23,64
43.551014722567665,65.01894480560033,Gene 31,64
44.198808587693755,67.46444353738197,Gene 34,64
48.93765656164317,67.86557636590074,Gene 70,64
47.52526641804216,64.60618307970995,Gene 86,64
74.59455520664655,59.82378736968691,Gene 14,65
65.6834556018709,58.98459485664226,Gene 22,65
65.09166713463492,61.550168797668,Gene 24,65
70.6610594116256,62.06144822939458,Gene 25,65
70.34410059243322,58.04468736563092,Gene 37,65
68.27276028511885,64.2887803198046,Gene 79,65
68.70827243770408,63.83443290822096,Gene 83,65
72.78297948727743,59.9644143193908,Gene 84,65
113.18845261985719,65.30555012623475,Gene 14,66
102.24617673855121,61.185194305826286,Gene 17,66
104.29358290801568,59.5997941912282,Gene 19,66
113.01765650080297,65.05593349939038,Gene 19,66
106.37009835191752,59.93940306952102,Gene 20,66
104.43129346131353,61.66766765422644,Gene 24,66
105.95291971752083,56.72573085013029,Gene 40,66
110.36573601250294,55.80845844145574,Gene 80,66
112.82104846884717,64.60836089567451,Gene 84,66
130.30286697870662,63.15379141450991,Gene 3,67
123.14872057541515,64.74867189008916,Gene 12,67
129.07461888156516,59.97578632948572,Gene 14,67
126.86062676738021,60.99713493179768,Gene 15,67
125.97408107252897,60.92592390277988,Gene 15,67
126.67366404944124,60.16688071486609,Gene 21,67
123.20746834530574,61.97534739927208,Gene 24,67
152.91909269773055,60.49389054854919,Gene 37,68
158.11799827289403,60.68034841474788,Gene 80,68
158.2486569524903,63.56893066559756,Gene 80,68
154.18846434459192,62.27582458926349,Gene 80,68
158.23652561272903,65.82141348313748,Gene 83,68
174.24200950626806,64.75281622606084,Gene 58,69
170.35659616693547,69.6492791578327,Gene 58,69
170.2157107070643,66.02149623508723,Gene 74,69
173.49023368454095,64.23302458413129,Gene 74,69
179.5463140056124,69.974686824765,Gene 82,69
182.2806069500806,67.76461482252878,Gene 82,69
172.6952694569392,72.92420507112095,Gene 83,69
178.24005732636178,73.10258552969759,Gene 84,69
181.53118658565697,71.47845028773887,Gene 87,69
200.37087237592328,58.72805363739661,Gene 2,70
206.9224465719611,58.74528947707005,Gene 18,70
200.21320028115775,58.6277193722695,Gene 19,70
201.60418063087846,56.03878131792342,Gene 24,70
207.63691891822447,56.51435301077031,Gene 76,70
200.21788292076056,59.47124245712063,Gene 80,70
221.04131568677357,72.82462773587807,Gene 0,71
227.9604769083082,71.20295022805897,Gene 27,71
229.66653238522835,75.19844094092501,Gene 29,71
221.3192262400186,76.86990943677311,Gene 49,71
224.66601017900217,76.11385473457766,Gene 60,71
247.51618753439647,61.02952210542181,Gene 2,72
251.0997762451571,65.27426236810587,Gene 37,72
248.75877019637846,60.60567838472084,Gene 46,72
249.59387237075543,59.9522437831404,Gene 61,72
240.66208579403036,65.45927421484173,Gene 75,72
249.5599364883659,66.23577009928775,Gene 80,72
244.3091872222153,63.98949213313141,Gene 99,72
275.4353277358366,56.188122315637145,Gene 14,73
276.3023592196925,46.948378995912925,Gene 14,73
273.5085887043543,48.06866520981957,Gene 21,73
276.1249970929539,47.450463596499404,Gene 23,73
280.6795952548875,52.1271487489037,Gene 24,73
281.984483676333,53.16998222269022,Gene 24,73
271.6108214933231,53.87996210746621,Gene 25,73
273.8016809259047,47.10245715106328,Gene 90,73
307.2684387004407,63.25624560929256,Gene 6,74
300.47062306987846,63.85948884047854,Gene 37,74
306.7995435983632,62.10134774818889,Gene 42,74
307.33934881710934,65.01459758681575,Gene 74,74
307.0477600774017,65.76398327841709,Gene 74,74
307.95247785514186,61.990771205560094,Gene 74,74
303.6574955443149,65.57573290060446,Gene 74,74
305.91705572857427,66.65852637640536,Gene 75,74
309.2960541911917,62.496477454977146,Gene 82,74
302.4731184011008,65.62958400886798,Gene 82,74
306.3786113835723,66.13610436293598,Gene 86,74
329.0882675418513,60.91859780741745,Gene 35,75
328.38854424670905,61.96616932364161,Gene 74,75
321.73644586631553,63.9082536586893,Gene 74,75
329.2433867276693,61.44279615809026,Gene 74,75
321.4304713886981,60.179197121011015,Gene 80,75
320.53464322879915,67.87928498341397,Gene 80,75
329.5210232646729,61.65978895667081,Gene 81,75
318.88284950182265,61.569297933128524,Gene 82,75
329.0121501433493,62.24791522416183,Gene 83,75
319.72340654250553,66.46169736697412,Gene 84,75
328.6824503647405,63.16255452295405,Gene 98,75
355.4846024256432,71.63886661942527,Gene 2,76
359.49606957236773,68.28342528367028,Gene 37,76
356.2110424911231,66.5874703806797,Gene 58,76
354.8374462914598,72.68201488032447,Gene 74,76
351.91763838656465,67.73147850575732,Gene 76,76
356.8440399871933,71.85129768662672,Gene 80,76
351.95788613026974,71.51927715559897,Gene 80,76
377.1035958997929,60.57054948362231,Gene 40,77
382.8699221795322,63.61692978975158,Gene 41,77
371.97011549508505,64.07325375359868,Gene 75,77
375.79322845273856,62.50344105277114,Gene 84,77
400.32241296685345,62.41861884855689,Gene 5,78
402.79623192745873,67.4493990146437,Gene 12,78
394.1651165984773,66.27206177431634,Gene 12,78
397.9509566909128,66.64899630178091,Gene 14,78
398.1768326455083,67.7948895339822,Gene 14,78
396.0354350346356,67.52078391147029,Gene 20,78
397.17611252632696,62.329937926037246,Gene 35,78
397.97923244846135,61.911223627104576,Gene 70,78
397.81760116781123,66.16849658725975,Gene 90,78
413.6284945159264,72.46809124797133,Gene 35,79
420.15085091570387,75.92656006350514,Gene 40,79
414.2766550333193,72.05558386565359,Gene 61,79
416.4497370398529,76.66458669253915,Gene 76,79
420.0824365942933,68.2150680180858,Gene 80,79
415.2972013272122,72.06212328790535,Gene 80,79
414.90671271649956,72.5181414781625,Gene 80,79
420.96638924209276,69.48146568409277,Gene 82,79
415.4430536253182,74.46928914773375,Gene 83,79
442.21938803186544,64.20039690551341,Gene 18,80
450.8826570737473,62.415539914296495,Gene 23,80
445.73052261854866,59.22460810581321,Gene 24,80
447.5791826146922,57.68612280840221,Gene 25,80
449.7277725900383,64.77585115208804,Gene 70,80
452.3871558490847,60.38878399399847,Gene 91,80
474.32156095217266,59.80892837377867,Gene 14,81
466.9938908900811,60.34767598867268,Gene 23,81
472.71844260974086,59.456508232593364,Gene 23,81
469.5098276145647,59.79111926241481,Gene 25,81
472.6181190364436,64.8726944073551,Gene 42,81
474.88737297390367,63.74191037121494,Gene 52,81
467.6236633853567,61.94628510608715,Gene 80,81
507.8854757943083,65.2629986796064,Gene 4,82
502.9933709897338,68.4752856845775,Gene 15,82
508.6928047929005,70.8459002177088,Gene 23,82
500.1838568547044,66.5701966089112,Gene 24,82
503.15339196672437,69.23559418005306,Gene 37,82
499.1739162516528,67.31671269111823,Gene 42,82
504.82887324367874,69.36844712064772,Gene 83,82
538.438586895546,52.59841830639781,Gene 37,83
532.6036763005652,50.406152438363115,Gene 40,83
536.8409892711531,56.127647639405616,Gene 74,83
539.8317487993901,54.63771586910504,Gene 82,83
553.7971282374212,64.91149549105451,Gene 30,84
548.3259335313164,62.435602888492525,Gene 31,84
551.6827294834652,68.81282404697019,Gene 37,84
544.5037463089812,66.10117179820894,Gene 60,84
577.1406075290619,56.56952278714985,Gene 26,85
569.1288813814755,61.53148825979047,Gene 40,85
579.062263206663,59.93606538391068,Gene 64,85
575.4141162030119,64.35984158881054,Gene 69,85
569.6942686192107,59.020929206866946,Gene 74,85
568.2063914976968,57.7525418911982,Gene 77,85
578.7537313024245,61.393815057330976,Gene 80,85
574.8029630067415,62.55890423741492,Gene 80,85
571.7219393684313,55.06237001992349,Gene 86,85
571.3042476088259,59.53340316281296,Gene 87,85
568.6657910534713,59.2774502636074,Gene 98,85
602.0732163458737,75.40984894473871,Gene 14,86
606.8533819920018,75.69753922524377,Gene 15,86
599.8933752124505,78.72619924726472,Gene 16,86
603.0184036517642,77.4953912843192,Gene 17,86
599.9437664154228,78.23729047597537,Gene 24,86
590.9535663701756,70.92349251761743,Gene 83,86
619.1371368286218,63.357452682010305,Gene 13,87
624.497779932253,63.707070332974894,Gene 14,87
621.0593463763817,59.6905574035963,Gene 23,87
626.6751318852085,62.99760113253407,Gene 23,87
629.2140777502023,63.95744401543703,Gene 37,87
620.9045811441496,62.74682033162613,Gene 80,87
661.0386987538938,55.80367835956409,Gene 2,88
662.3022987867599,56.14140207756965,Gene 40,88
662.2951481734989,57.66487699626709,Gene 75,88
654.4755140153396,62.08221908027157,Gene 75,88
658.8883005660657,62.476382174830846,Gene 76,88
659.6524103592934,62.38170226188981,Gene 79,88
658.2038276202401,54.76357411424426,Gene 80,88
663.0809343778109,59.72685380246757,Gene 81,88
659.7633318867075,56.34254489906452,Gene 82,88
680.3138259048894,57.06688470849138,Gene 12,89
675.6235567160585,55.95942426122105,Gene 15,89
674.5823709347793,55.28599618708186,Gene 21,89
672.2118708510461,60.787839704532125,Gene 83,89
701.0572276035314,64.78444415919172,Gene 10,90
698.8350662584111,68.04193614258402,Gene 14,90
697.7235096009075,70.01920423927129,Gene 14,90
701.4844491344093,66.4885808431046,Gene 14,90
698.2966759418683,64.16326093576899,Gene 25,90
699.5037486421114,69.36824123002694,Gene 37,90
699.0243147173222,67.79391461432107,Gene 80,90
722.3516737558435,64.35734834616201,Gene 15,91
724.5188914491054,65.48976913180537,Gene 16,91
715.7968047358823,70.1794794867385,Gene 19,91
719.3312087918196,65.63968992444144,Gene 22,91
722.2797273324028,68.33529055690168,Gene 23,91
724.5848986925055,70.18340563723665,Gene 24,91
727.954556490773,68.57459346204533,Gene 37,91
717.566585977107,72.1158439217508,Gene 42,91
714.0563211993422,69.09773362477583,Gene 83,91
721.8916868576448,64.98107531847495,Gene 95,91
748.4846522519167,66.2341416672551,Gene 14,92
748.0750469470265,60.43250548214836,Gene 16,92
752.3382196059567,64.68651233566925,Gene 23,92
746.4472060799753,61.432018094543956,Gene 32,92
749.7853694622719,59.47299980987607,Gene 80,92
748.6734736087883,64.64385169018037,Gene 83,92
774.0243829932962,79.13585966575305,Gene 3,93
767.9963270025203,81.75256562588771,Gene 16,93
771.9678575150339,75.74011217888419,Gene 17,93
770.4383810624128,75.05782371055324,Gene 17,93
772.8257587894003,75.57259605415791,Gene 18,93
767.0923869938001,82.47562620011922,Gene 23,93
769.5715016666667,79.46811125490959,Gene 69,93
768.7762945009271,80.03452662870873,Gene 70,93
15.551687630388205,85.99017785966618,Gene 4,94
12.102142400352156,88.54554882901245,Gene 19,94
15.167239785514768,91.5199336464321,Gene 22,94
18.463466306604506,89.11683902648937,Gene 24,94
17.501968358607602,90.68675231002483,Gene 28,94
12.726171159770056,87.42808858005677,Gene 80,94
8.341313222002107,87.69888859285437,Gene 83,94
25.1341633766881,88.4988742380426,Gene 14,95
16.843824966023384,94.62532149311355,Gene 24,95
23.959559233820226,95.32993891361201,Gene 24,95
27.28834803930076,93.83778138133809,Gene 37,95
26.44276953529792,88.08111500292866,Gene 63,95
22.033063410101878,89.33059139730682,Gene 70,95
23.796447601825196,88.6099300439707,Gene 80,95
71.01203690688453,84.79992387329246,Gene 40,96
76.97168682012521,91.46368183696025,Gene 74,96
76.56904025271183,87.3633934138721,Gene 74,96
66.03924834953708,86.52295192901538,Gene 75,96
75.45047237836587,88.0080819936283,Gene 80,96
88.49836756574003,81.8133275359765,Gene 37,97
94.38752906803514,86.47663017045826,Gene 41,97
88.02916421608414,81.57888753965595,Gene 84,97
112.01922214699876,79.81703611071048,Gene 37,98
119.22661343756505,76.87950050633172,Gene 74,98
116.87681383872938,81.05705904074748,Gene 74,98
110.09907115413688,77.05044755096316,Gene 75,98
119.79669010307538,79.53298986023547,Gene 75,98
113.4618227090144,75.80727201150631,Gene 84,98
113.97108576498977,81.17833481755143,Gene 86,98
140.13383301890923,85.52145655267547,Gene 20,99
135.59917000724815,86.82351124725392,Gene 37,99
142.29289269649004,88.75517118713188,Gene 67,99
140.64747246389473,86.39737647578269,Gene 80,99
140.76812768140346,87.50837039288899,Gene 84,99
142.94116279169674,92.32851166322936,Gene 91,99
139.5982978520174,94.7310487506453,Gene 91,99
161.31967960470024,90.84881709391718,Gene 13,100
163.72391788370038,86.68264420637912,Gene 14,100
165.64503420791993,88.40632504628788,Gene 19,100
154.19384143457188,86.75161838262497,Gene 31,100
154.2885340722891,84.50414893938805,Gene 70,100
163.9073592876382,84.81391001777686,Gene 80,100
188.3782464653437,89.78239672149951,Gene 17,101
188.11160878625205,93.66036571890331,Gene 20,101
196.2962453776866,92.56914917714005,Gene 23,101
187.33552786769266,92.84375935852748,Gene 69,101
194.27374990411005,94.00394098805089,Gene 70,101
193.38930316010754,91.5766491001275,Gene 91,101
215.6754781595733,94.10464514797243,Gene 35,102
220.13482996535458,87.88472691051189,Gene 37,102
216.66270351976206,89.27722080260546,Gene 75,102
224.52827738237158,91.70930874368071,Gene 80,102
218.01799590219676,95.74439291679074,Gene 85,102
248.32697241795907,95.27043992732574,Gene 51,103
247.63539128469188,90.88389416149776,Gene 64,103
242.0456010076323,94.60591927754061,Gene 77,103
245.84351697579814,90.24224939289267,Gene 79,103
241.4966071459661,94.26883869903982,Gene 80,103
243.59016185074904,97.45115634664296,Gene 80,103
244.8531223267348,97.50725092546715,Gene 82,103
248.68991401014767,93.37042395999433,Gene 86,103
256.72201379169803,87.08214356552045,Gene 4,104
258.74885118867934,82.99341275728507,Gene 12,104
260.6990770424729,88.444757457007,Gene 13,104
264.8650190267319,86.45304846465886,Gene 14,104
264.2705369163525,82.53164638171812,Gene 15,104
261.18920631410214,81.65065092636819,Gene 24,104
258.33285805581426,82.59890266751908,Gene 70,104
264.4493230885955,85.71506656297333,Gene 76,104
263.09929205819225,87.7333773856052,Gene 90,104
264.93306248561566,83.29380187893085,Gene 96,104
279.4732569880451,89.88029563329486,Gene 18,105
283.1990791636485,87.49926149982508,Gene 22,105
282.8276410665649,89.32135899146682,Gene 79,105
277.74626834433394,86.72090185639772,Gene 81,105
279.4052086263308,83.5164898243952,Gene 83,105
296.9193243334488,79.10624860210193,Gene 18,106
295.1560957296315,80.9295502018713,Gene 18,106
300.22235601837775,77.29248472475277,Gene 23,106
299.8979834110302,82.21342396810799,Gene 24,106
296.02172481692355,83.20119635880282,Gene 86,106
330.51874656815744,98.0307424333345,Gene 22,107
330.67784079579695,93.73507281204814,Gene 51,107
335.41095936565495,93.7170805114768,Gene 74,107
328.7491481682061,98.25326874330791,Gene 75,107
327.320904773064,92.6367493752756,Gene 75,107
334.2991159493984,89.86361443402473,Gene 77,107
333.3864868485349,90.95516246763606,Gene 80,107
335.49384476849946,92.01672856510413,Gene 84,107
360.39013976332063,95.52023491161704,Gene 12,108
363.3048448565803,94.68159094529258,Gene 14,108
366.5154727237543,87.3101772222324,Gene 14,108
371.5305302793811,93.61222443897648,Gene 15,108
370.9793141562673,92.13512428033377,Gene 20,108
361.8456038288502,95.09926050824846,Gene 23,108
365.3081617221804,94.76866411726824,Gene 23,108
366.6636027438538,97.16057795331619,Gene 25,108
365.37434804918826,89.41528901367788,Gene 25,108
370.01482522460327,91.72614480020313,Gene 37,108
370.98805053815187,90.51554489751696,Gene 37,108
370.6816094139209,94.82191739668616,Gene 83,108
393.91763762655,80.67558957484361,Gene 10,109
390.4969267215036,85.47377810741425,Gene 13,109
383.6486740913866,84.06159453999521,Gene 14,109
386.50521759328956,81.51537579106878,Gene 16,109
393.5613099637161,84.16559376628632,Gene 17,109
388.30175875058325,80.29443208391326,Gene 17,109
389.46261999011637,80.75291789822825,Gene 21,109
390.1869617417213,79.06992357993829,Gene 37,109
418.7776448954658,93.52292040287955,Gene 3,110
424.1031667554682,86.21431409943492,Gene 14,110
419.1544656375784,85.8636167380476,Gene 14,110
412.43847350972436,91.12448424356961,Gene 28,110
425.0747781110091,92.8149843876428,Gene 32,110
419.7469074399021,92.88124940028999,Gene 80,110
437.1901305410287,89.14662249569464,Gene 13,111
440.128291528893,83.83664269486682,Gene 14,111
440.63676775016586,88.35862754999731,Gene 15,111
438.6004120830378,90.06521466758328,Gene 20,111
434.3182721890135,89.91587093647081,Gene 83,111
434.889916365295,89.79173157487683,Gene 84,111
465.1267012111444,87.13055815789029,Gene 14,112
471.2843686750432,93.46560544811435,Gene 16,112
464.66619975638423,85.95421020385933,Gene 23,112
467.03350915919725,95.46966418396136,Gene 23,112
462.85626798528773,89.19483480985478,Gene 31,112
465.1707591664923,87.30462309152273,Gene 37,112
473.51315606608824,93.19495487817068,Gene 37,112
473.5684328548901,91.40312694485233,Gene 37,112
464.4924265468146,85.77302353560108,Gene 61,112
488.5583009166234,86.68787301187034,Gene 13,113
486.31527450314394,91.15096220527695,Gene 24,113
487.47123813632885,83.10978336541315,Gene 40,113
482.9874942245442,88.81681356399373,Gene 83,113
523.1596328463442,83.68662978303841,Gene 12,114
526.6376335911864,84.84666120641145,Gene 37,114
526.6226268417621,77.94161278694925,Gene 80,114
532.2317959770066,92.74712156019017,Gene 4,115
534.4175977261766,91.62778256295661,Gene 17,115
529.4876295570576,90.6779478093999,Gene 17,115
530.9958641508011,93.7279420513724,Gene 40,115
529.2945161362723,89.57263523704817,Gene 75,115
531.5682991852914,90.87775098840277,Gene 84,115
528.6487536076196,92.11747855568521,Gene 90,115
561.4590067935433,81.40677789728326,Gene 2,116
564.0049221847969,79.84009526807834,Gene 22,116
556.9590308232387,77.54509153667344,Gene 37,116
561.2428019829465,77.24567856306136,Gene 74,116
565.1113522431281,82.22618015991306,Gene 81,116
563.1885144185301,82.05452919867875,Gene 82,116
560.7471508615897,83.60309861970488,Gene 86,116
583.217667692412,76.36722958551073,Gene 6,117
591.2730051429274,79.56612912997818,Gene 40,117
587.1733915970896,82.85367256211956,Gene 58,117
594.3379761445718,76.72966886308345,Gene 58,117
589.9565980342617,76.33837829069967,Gene 64,117
587.0827464683148,74.47897454123694,Gene 80,117
591.373595716378,78.7526138881133,Gene 86,117
585.9432087315279,81.91519018165195,Gene 86,117
608.090038398237,70.82952171154142,Gene 13,118
613.1000958700852,74.91223423508832,Gene 13,118
607.3765005974236,70.61490079783148,Gene 13,118
614.2966980921101,76.10131967914862,Gene 16,118
607.352778343742,77.52748192421853,Gene 24,118
603.0027719491711,72.77113847193428,Gene 24,118
608.2252944248607,74.60705647662773,Gene 40,118
605.5405687023882,75.87422058891967,Gene 80,118
638.8745073499915,92.7907475015447,Gene 14,119
629.4633307596766,92.67086204646587,Gene 16,119
635.9908982954556,89.77650196540918,Gene 22,119
636.5843263860253,87.31068519079281,Gene 42,119
658.5958513427516,90.05263479086078,Gene 74,120
668.6941953970969,93.0300340412116,Gene 74,120
660.0731245799741,94.0167677816493,Gene 74,120
662.2324472710441,87.65795212785675,Gene 79,120
661.7390264907644,89.78584718411959,Gene 82,120
669.0862851956541,93.8794832079207,Gene 83,120
681.2392483768374,92.76934086905773,Gene 18,121
681.4120558139994,90.70825307150558,Gene 21,121
683.107254447832,92.40472517543981,Gene 23,121
675.5152377415616,97.5528329404207,Gene 31,121
679.2991257021552,98.30714378087653,Gene 63,121
674.4575802925337,91.65694261632218,Gene 83,121
709.5433064920232,92.41536758193737,Gene 9,122
720.3092558558802,90.20578790300299,Gene 14,122
715.9680741677855,92.85495784403712,Gene 15,122
711.1305475089263,88.53448978787078,Gene 15,122
709.7434069837607,86.82831759809241,Gene 22,122
716.2481045904857,85.30656482167586,Gene 24,122
710.1574728130433,86.59503898076551,Gene 86,122
735.8066063035898,93.21266274579033,Gene 12,123
736.3913655058835,96.47777399877596,Gene 14,123
739.4666076412904,96.04765686163515,Gene 24,123
744.0179467760279,96.0677282106422,Gene 42,123
743.0440622759673,91.1793623453296,Gene 69,123
739.348992462014,91.91395198446293,Gene 83,123
770.5738121270272,80.29098684293143,Gene 74,124
765.705900692155,78.60426470254856,Gene 82,124
768.457843461484,84.03005872372685,Gene 83,124
786.7906478580912,93.21723174346054,Gene 22,125
795.0613887406518,88.40048041191412,Gene 51,125
792.4117719164811,87.98856618066512,Gene 75,125
791.2312026600031,93.60884735769903,Gene 81,125
784.6926706016659,89.39545605988216,Gene 83,125
788.0575035718871,94.26709633392713,Gene 86,125
793.5802175911772,92.83416187919605,Gene 98,125
31.15293462521257,110.88731471974349,Gene 13,126
25.538332140626654,108.43818172380139,Gene 22,126
25.718264826037274,112.52985473729088,Gene 22,126
22.038684992085564,111.93332225331949,Gene 37,126
30.258396588046267,113.61281420634826,Gene 80,126
26.461748755745063,110.39663513162192,Gene 91,126
58.42429281962834,95.69104930498577,Gene 64,127
58.29681802319267,99.38522619718678,Gene 80,127
59.912359762363835,96.40161487601256,Gene 82,127
57.49354420172883,97.05668156386247,Gene 83,127
76.86595810693424,108.15354840318463,Gene 14,128
78.41456194824342,102.88339978650853,Gene 17,128
77.13652288044581,106.58218421355888,Gene 34,128
80.08856909655738,105.49181489212503,Gene 40,128
74.33435170415238,102.18772614044437,Gene 90,128
100.30803476691895,121.30192340091168,Gene 18,129
107.42419700366771,113.97673910523075,Gene 28,129
105.8675828217267,115.23024586169102,Gene 35,129
99.06252126533194,112.14512714068508,Gene 37,129
99.18164288894489,120.15895055210554,Gene 58,129
108.7604677231212,114.11817046548343,Gene 64,129
107.44285006915102,114.62890039361918,Gene 74,129
95.77516833693309,114.52868151189413,Gene 80,129
105.24576934591158,110.9565225657585,Gene 82,129
95.06862045693418,117.76630086162788,Gene 85,129
100.66753785371179,118.69558073800292,Gene 86,129
106.21706181914573,117.91990206643213,Gene 95,129
116.36940092099644,113.05275992555961,Gene 5,130
126.67025715935955,107.6598031720125,Gene 29,130
117.51558323096948,109.91536024898602,Gene 42,130
121.92287519221195,112.7703037710507,Gene 73,130
121.74684655612802,114.5001079299791,Gene 99,130
165.8897051644951,106.54301484532094,Gene 26,131
154.94096649113214,108.24722584164661,Gene 28,131
155.7179245340339,104.05858418143691,Gene 42,131
158.54276003047997,109.80092323302905,Gene 83,131
162.7198093917035,108.78919054629037,Gene 84,131
182.7524108164841,103.02153361033672,Gene 33,132
184.94816910686055,108.35724487673937,Gene 79,132
176.7903493063791,110.50916785725964,Gene 79,132
177.08842384912302,106.28037802676894,Gene 80,132
180.4252340327402,103.2921910922349,Gene 82,132
184.51818540297393,109.32563823341049,Gene 86,132
178.82221536110276,110.40973595023027,Gene 98,132
192.16505607745788,107.46380828762356,Gene 37,133
197.1046506195773,101.9468250959257,Gene 64,133
201.74479947414594,105.70625661987339,Gene 75,133
192.47013088554488,105.22524163391893,Gene 75,133
196.73321616845095,107.3651489021044,Gene 79,133
225.20155732556435,99.59144241724248,Gene 13,134
223.7693249490203,102.3150034216332,Gene 22,134
215.0770337924538,101.25075297877314,Gene 24,134
225.21566543638207,98.76827774657716,Gene 35,134
226.8159087092158,104.66363651604169,Gene 35,134
220.45025619727372,98.36222308053362,Gene 70,134
224.43539351563103,99.82385654486923,Gene 71,134
247.45721792775245,105.2617718302016,Gene 64,135
249.9631945183794,99.3234616098193,Gene 74,135
256.9273153731296,99.850174724176,Gene 78,135
249.89732479869477,103.54116720608869,Gene 80,135
253.11884977115528,99.33304942228062,Gene 80,135
250.73095092256298,99.47479161156197,Gene 83,135
253.02446825490307,107.16391275951389,Gene 85,135
256.98172670636836,102.97707986256096,Gene 86,135
273.1863430326587,109.14131250593995,Gene 40,136
264.8949892716683,110.973740143388,Gene 40,136
270.09405450569585,105.55626378475183,Gene 51,136
273.7019424999632,113.31025431780209,Gene 75,136
262.6758836218866,114.30748977069452,Gene 77,136
269.8952916242132,105.77927215797925,Gene 78,136
264.3603868989574,115.66707939762675,Gene 80,136
271.2701957537076,106.62817534920605,Gene 80,136
273.09073635223666,113.6080765342243,Gene 82,136
264.63862074007415,112.45083742630088,Gene 86,136
308.7915648153871,111.71116708381898,Gene 2,137
301.9255511343783,112.37990067255188,Gene 40,137
299.2348526139676,112.99806801269649,Gene 58,137
306.1979416206319,115.1927828038197,Gene 82,137
303.2856919810438,105.7750942424016,Gene 82,137
304.39722965520986,113.61879673050544,Gene 82,137
301.73132390605286,111.07055912320632,Gene 86,137
328.26379535805745,97.73754254043051,Gene 12,138
324.5783811052633,107.00698606023143,Gene 24,138
327.8344440645433,105.33515394065282,Gene 80,138
327.714688954307,98.02643440545555,Gene 91,138
350.92457471272206,110.09848080612629,Gene 37,139
344.6148986285413,109.3219748499463,Gene 74,139
345.0288456699567,109.48038001765083,Gene 77,139
353.0457389575739,111.53693813195083,Gene 81,139
349.6667177059398,112.37644464813522,Gene 82,139
343.2180728566177,110.08855500094857,Gene 98,139
381.24668444963237,109.41508960209246,Gene 22,140
379.1377363237388,109.83214201794772,Gene 74,140
372.6605923657524,103.29451259772037,Gene 84,140
396.3396858522357,93.25245451584365,Gene 2,141
402.3905029078299,92.42858457650257,Gene 74,141
407.1869742257846,92.32324869444703,Gene 79,141
405.1379186886205,93.46650697469735,Gene 80,141
400.84724522996765,98.46009168376827,Gene 80,141
396.1329325876136,99.7035791611754,Gene 83,141
404.14389573144314,94.22515250868207,Gene 86,141
432.5050733353396,104.23819838002389,Gene 22,142
427.7817702698258,109.68716562784783,Gene 74,142
419.58630636912415,109.39907113099122,Gene 76,142
432.7502999585307,102.67746800273169,Gene 81,142
425.24427364999934,101.65714116523826,Gene 85,142
455.9991278732509,110.61554562946162,Gene 21,143
451.8027004064966,106.6197014796273,Gene 28,143
449.02293963165795,109.32007226666408,Gene 40,143
453.2028237989909,110.75483940143788,Gene 46,143
451.1688268277381,114.34654793067973,Gene 81,143
454.4970300720125,108.84695494317134,Gene 83,143
455.4226402842153,111.05904614468007,Gene 84,143
449.99195818095967,108.75474101426093,Gene 86,143
453.63523428370576,108.52208729424386,Gene 98,143
483.1092781469993,102.61582499059293,Gene 14,144
488.772652066926,106.19023646590988,Gene 19,144
482.4738813183948,102.0700119396321,Gene 20,144
482.4877256345839,101.80520461787047,Gene 22,144
478.5768820987271,105.25519163625842,Gene 23,144
480.2123848632803,102.5217626605062,Gene 25,144
480.9443208888878,109.02268414865192,Gene 25,144
484.182608191722,103.90335624155678,Gene 40,144
482.22820764964763,102.8570310488993,Gene 86,144
506.3046650143215,106.31243900141618,Gene 12,145
498.43517419462665,114.15441163691008,Gene 14,145
503.39551546161067,105.32382906241118,Gene 14,145
507.93341454055496,111.30229097844452,Gene 22,145
504.62848413441003,109.36955252217291,Gene 40,145
504.6773172519736,114.86731181243206,Gene 80,145
502.038674056165,106.63656282427435,Gene 86,145
524.194476989752,110.6863812323124,Gene 13,146
530.2586501829956,116.60275247486025,Gene 15,146
530.3373360888027,117.42546399032139,Gene 16,146
521.7280976529875,118.7239260445034,Gene 21,146
528.8089780598067,118.67142556452602,Gene 22,146
528.405483458978,111.8651402291253,Gene 23,146
559.7296363110426,112.12904955529555,Gene 19,147
548.7058570995678,111.76411357673759,Gene 37,147
556.9151859093394,110.27358410794191,Gene 66,147
559.9865345564253,114.9093895679785,Gene 83,147
577.4833981377365,110.75561005770547,Gene 22,148
576.49677554897,109.21067484301938,Gene 79,148
582.6265258369137,108.40263861285761,Gene 84,148
592.7844649304584,106.74639928909872,Gene 2,149
586.9532683878965,103.9010647300879,Gene 37,149
591.1159500028084,103.04291246459115,Gene 64,149
590.9088058573449,108.26793723007611,Gene 83,149
591.1263408301661,106.37751120622166,Gene 84,149
594.6108455912199,108.6948024072353,Gene 97,149
618.5668477441149,108.63465976394615,Gene 3,150
620.8412612504088,106.91944510077833,Gene 20,150
622.2641161999296,101.85677953004388,Gene 22,150
615.8794993422914,107.3473628302874,Gene 23,150
621.8834294460461,104.03862709018944,Gene 25,150
616.0111433117384,108.39582668882427,Gene 37,150
620.6572830654637,108.37145440189526,Gene 37,150
645.3229993887783,104.97888209517474,Gene 37,151
645.987060675896,107.64198269271111,Gene 40,151
653.3981075475679,107.28423470138459,Gene 74,151
644.8909497391462,107.3018377617147,Gene 74,151
650.587275648049,106.88163712224528,Gene 75,151
650.5333815127108,101.93512184399289,Gene 86,151
663.7817269002534,115.42134696179423,Gene 20,152
668.7261672879956,119.62289996403118,Gene 20,152
674.4060836648997,117.04219526138405,Gene 25,152
678.7000279716063,116.25741391329262,Gene 28,152
675.9450138232826,112.94423288167077,Gene 55,152
672.4021445445854,112.44219909752223,Gene 83,152
668.5157952107338,114.07130789665922,Gene 90,152
699.0156728236287,104.04166634990025,Gene 42,153
698.858137375551,101.11223367036398,Gene 64,153
696.23408777605,102.39472008511225,Gene 64,153
693.6786078881448,102.50764392841863,Gene 75,153
694.1289046041348,101.91843938263396,Gene 80,153
723.0108256328652,100.69776302094041,Gene 37,154
729.4696033502961,105.43883725143056,Gene 37,154
717.1023429023165,103.86294458160215,Gene 80,154
727.9954894827987,103.1095708237557,Gene 81,154
751.6688987228453,107.49133254465039,Gene 16,155
745.952215955817,112.42817608177117,Gene 26,155
750.8399097567997,112.4284728343603,Gene 61,155
749.2881166388892,111.62246276890548,Gene 76,155
749.5202532740393,110.59392158685941,Gene 80,155
747.4489019659397,113.06737806392428,Gene 81,155
751.1062194966869,112.61917289368917,Gene 82,155
771.2671269789112,105.93641581736773,Gene 58,156
780.3690491381518,109.36390890089933,Gene 64,156
772.8590203882094,105.98304875594194,Gene 64,156
772.4678562612953,101.45924560844624,Gene 74,156
780.933990327242,104.95070148699571,Gene 83,156
781.3786225923734,109.2689175974842,Gene 86,156
37.304377318875346,128.5770269792511,Gene 20,157
45.96066269259599,123.51633931461173,Gene 22,157
46.73374096341147,127.22672538325486,Gene 37,157
40.98350057819735,127.09503127804115,Gene 40,157
37.60349790050756,122.22696662648723,Gene 91,157
56.76275308521969,133.62715605293525,Gene 28,158
61.10066082616264,127.76451983688928,Gene 28,158
55.93438300163571,127.19677748590719,Gene 37,158
70.37628984208101,134.98992192917623,Gene 99,158
95.61902662533663,130.2611941364915,Gene 28,159
89.52074808074725,136.41281936089007,Gene 29,159
91.95861087647415,128.13418415058786,Gene 29,159
105.88696814577652,135.81578994752354,Gene 42,160
107.83779065577272,133.3339266215856,Gene 79,160
111.69403469829996,134.5929949858695,Gene 80,160
108.34093565124039,132.2569481073198,Gene 80,160
136.5812379732865,131.22166735383126,Gene 12,161
136.42566692068283,129.34042442686217,Gene 16,161
136.84685432475624,129.87365941713634,Gene 21,161
128.94282508066746,132.44072312690784,Gene 24,161
131.06742119640612,130.28132959319126,Gene 24,161
135.82320833582193,135.95390309334857,Gene 25,161
133.51783448917547,133.37887777258226,Gene 40,161
158.01223947799306,133.12977932995489,Gene 74,162
166.157021572826,134.81276703765104,Gene 78,162
169.34729036608027,131.69974972281068,Gene 79,162
156.95551007853174,134.41577865847728,Gene 79,162
166.0599833026657,131.78786746978997,Gene 79,162
165.48040777666293,135.89258553080455,Gene 80,162
160.4352398004095,129.76978818494828,Gene 81,162
153.33336503892815,129.46600283384225,Gene 81,162
164.39317021934625,134.19827374894044,Gene 82,162
165.25152110881274,134.84916661777285,Gene 86,162
187.38038384735788,121.67659091573722,Gene 15,163
188.41370291499783,124.50920762252186,Gene 16,163
190.87738834083973,125.67964901306848,Gene 21,163
188.77744182581867,122.5562080893325,Gene 22,163
181.89941943383238,127.64715784212405,Gene 23,163
185.78988408785239,128.939054777278,Gene 23,163
191.1420088528731,127.90445999403104,Gene 23,163
182.65570045615434,128.46378716868867,Gene 24,163
189.5617532590346,125.81582093273344,Gene 24,163
185.3581274234917,130.00636885280414,Gene 25,163
185.84002772694149,124.25483744405892,Gene 37,163
187.8998912598567,124.92190934893144,Gene 37,163
184.32526039615684,122.30046140235902,Gene 42,163
188.02016648432982,121.98795092412422,Gene 74,163
207.34158961646997,128.1515645661805,Gene 22,164
205.23396554969887,124.67653867053568,Gene 24,164
207.57030658807648,127.37415499395928,Gene 56,164
206.32512955868123,125.6692618207218,Gene 70,164
244.88381713731013,132.214665529021,Gene 0,165
237.9655510360347,132.4001909223079,Gene 8,165
245.24304301815383,133.61408530905817,Gene 23,165
244.91663850292412,136.91755713056818,Gene 29,165
243.70393010694755,130.951373887015,Gene 30,165
243.62311376109778,129.39375893070272,Gene 37,165
234.83927454636185,135.39689119296835,Gene 37,165
243.0119014505892,138.21924556948588,Gene 66,165
238.2088360348911,130.78948608043135,Gene 82,165
242.28545867734238,130.6423622436409,Gene 87,165
265.76295921295315,126.81641538248763,Gene 14,166
257.8103610514294,130.66792787129708,Gene 14,166
266.3822524152495,129.90746578887382,Gene 15,166
255.12701148618356,128.70643835508037,Gene 20,166
259.7253136812184,124.53053502672495,Gene 23,166
258.55913739094837,131.5949478758072,Gene 24,166
263.9175131687934,130.99752644656968,Gene 32,166
257.87215115908083,131.82366642089224,Gene 44,166
301.5948912649631,128.93641285324293,Gene 9,167
300.8094517630097,124.74282212647017,Gene 15,167
292.92485804244626,127.1282290467321,Gene 25,167
291.3293741390542,130.32275794925727,Gene 70,167
301.0936987537247,127.55099654943886,Gene 83,167
289.81871602473484,128.69461286968863,Gene 83,167
314.4439941122315,121.06852045913631,Gene 0,168
324.4548115349685,114.00618286391887,Gene 35,168
317.23198765794206,113.65821473499416,Gene 63,168
314.8716875952221,116.02207440923888,Gene 66,168
321.1231843872149,120.66981436348524,Gene 68,168
339.88249501973473,134.75551601196454,Gene 12,169
334.9791197402055,128.3293576572279,Gene 21,169
335.9207833421706,133.00974222195518,Gene 22,169
338.11244635972776,131.5741555066962,Gene 40,169
341.8016139973323,130.14609554552345,Gene 83,169
364.450163617643,119.13027883523168,Gene 3,170
356.20348232230185,125.4985277616444,Gene 75,170
357.4501386917013,125.08389025698298,Gene 79,170
363.09630668858694,127.14804997188402,Gene 79,170
360.03526286339155,117.80743779045811,Gene 81,170
357.4625446264474,118.37594284074193,Gene 82,170
360.13258113726187,128.61809668428447,Gene 86,170
396.41256934476934,128.2913206547658,Gene 2,171
395.84946306567997,131.81366154830317,Gene 64,171
394.5872363730214,127.1265713381911,Gene 75,171
389.1734720481317,128.76628589350173,Gene 79,171
395.29734604938704,132.5822252401955,Gene 79,171
420.383410957079,125.91672336094503,Gene 80,172
434.3478948837864,133.2156543943502,Gene 24,173
435.89298968605453,132.59114375482199,Gene 55,173
440.8022843357494,125.89248444428684,Gene 56,173
440.1899795456385,131.78664139382158,Gene 91,173
462.51210251666936,122.19622638757133,Gene 9,174
458.13599680245267,120.75952687180016,Gene 13,174
458.15451594876964,120.65930694011287,Gene 14,174
459.4628951579864,120.46655744483623,Gene 24,174
460.14364235268727,122.51972029760407,Gene 37,174
462.2797900698181,116.63732550455346,Gene 57,174
467.1499248582457,123.81680010507344,Gene 63,174
467.2939341641986,120.28480968406787,Gene 70,174
465.20370035696556,115.45290309796364,Gene 80,174
473.4743677582808,125.24411727421669,Gene 6,175
481.1726378224259,126.03587935829046,Gene 36,175
473.07665706240215,128.21984836966138,Gene 46,175
482.0862357150956,126.1610044071472,Gene 46,175
480.2886488965515,130.85209933785166,Gene 79,175
480.213605087378,130.51553311586656,Gene 80,175
482.67278220380854,126.1949118616163,Gene 83,175
477.5717335722905,131.4906533050405,Gene 86,175
513.2323140609802,132.83987745622005,Gene 37,176
519.3116286964494,123.84725118533146,Gene 46,176
513.8836548406952,132.34249294362667,Gene 75,176
521.4651007538747,131.6151320060818,Gene 80,176
523.5898371404372,130.7420788046592,Gene 83,176
546.8513102343358,127.80015103571262,Gene 21,177
547.9397303634581,128.23905330430682,Gene 37,177
535.9930488535215,132.1755874560414,Gene 70,177
545.1763497336347,126.20540679835483,Gene 76,177
547.1009744197502,129.531548271251,Gene 84,177
564.2064652884112,133.87231106713824,Gene 14,178
563.6775965661735,130.396802196073,Gene 25,178
557.3196704841791,129.3592490328501,Gene 91,178
586.5229557148491,129.9582341650317,Gene 22,179
581.0964674986548,128.60320244643205,Gene 58,179
586.8550417077603,130.7126539607156,Gene 74,179
589.6315895487446,129.09099056856826,Gene 75,179
580.9993784062261,130.64505060877644,Gene 80,179
581.0309363905847,127.62598062032872,Gene 87,179
613.8867008388784,131.1291353617718,Gene 0,180
603.8778969560557,124.57977486738613,Gene 8,180
612.786860783665,129.2831830339295,Gene 29,180
604.6748744572496,124.11041939898335,Gene 30,180
611.6885040092158,129.82669806111167,Gene 30,180
602.4540912690785,126.07696913953704,Gene 30,180
602.9641244642283,126.20074928842898,Gene 34,180
612.0908895193764,128.9910795248537,Gene 35,180
608.5324376687701,122.48340487108051,Gene 72,180
636.9733137422979,136.13728409370214,Gene 14,181
636.6732802486929,128.44189888531204,Gene 17,181
666.9355659001924,123.12010089368489,Gene 18,182
663.9489559531312,119.97163448862653,Gene 40,182
661.8475695920583,121.22811815982533,Gene 46,182
658.3219376360416,125.09427942478987,Gene 58,182
660.3473395993433,122.72541669159959,Gene 58,182
662.0645640341013,128.60161211705525,Gene 59,182
667.8706260714783,122.06356999653902,Gene 77,182
658.4015597137209,128.31353064406372,Gene 79,182
657.9738513958517,122.43705960009964,Gene 86,182
682.5721801765912,128.14777507965073,Gene 14,183
686.2148020099145,131.57796405425304,Gene 22,183
681.1341362726943,127.31789802366067,Gene 22,183
689.6508712826217,127.19849974504662,Gene 24,183
682.3056130672678,127.91804247915059,Gene 91,183
684.631421454351,125.9940456293453,Gene 91,183
707.5053512225659,129.9345592750969,Gene 37,184
709.952137043268,130.15754624248817,Gene 74,184
707.671050126246,133.28953387986297,Gene 79,184
744.1191487705642,128.1360128714398,Gene 14,185
734.4097924661398,134.05866031743847,Gene 15,185
741.5262379447262,131.0039165881214,Gene 15,185
734.7679312279527,130.26633239128532,Gene 19,185
742.2215814580939,131.7607241069152,Gene 37,185
739.8981160407642,133.58087100263572,Gene 75,185
744.6656824259303,130.19121199570546,Gene 86,185
768.8064662902129,128.8563687262548,Gene 21,186
772.7640743193992,130.17202934383312,Gene 74,186
769.0958162097089,121.54236159737921,Gene 77,186
768.3812423898058,124.41177530260103,Gene 79,186
767.5464558841262,129.56652573015606,Gene 79,186
773.5028196497209,124.46410461463304,Gene 83,186
789.686760440268,134.83544862713657,Gene 4,187
784.8531198723033,131.43665433388628,Gene 12,187
793.2263079781109,128.6228830803099,Gene 15,187
792.1161243710862,127.88238345577366,Gene 19,187
793.1314673707915,130.97878294329314,Gene 22,187
787.7715657074414,127.27370587320412,Gene 23,187
787.3158178826739,132.8444557493984,Gene 24,187
786.2575195363232,128.85549683157652,Gene 31,187
788.1427338619544,128.05127457669528,Gene 37,187
793.3310504755951,131.47948781723517,Gene 40,187
793.7891382199253,134.78374808018248,Gene 57,187
785.6453209603873,128.7866146408055,Gene 63,187
794.0795825712318,131.57639978889858,Gene 70,187
792.6392916356505,133.6168327638525,Gene 83,187
79.52375958140188,148.5167472960368,Gene 22,188
85.84552717314567,150.3068650333427,Gene 22,188
80.87829380245077,141.18787183665955,Gene 37,188
75.83964412387928,144.7265140670515,Gene 58,188
81.07526147598396,143.7946420615483,Gene 74,188
76.20981469076715,144.2153432831639,Gene 74,188
84.61363157631729,147.61512947103367,Gene 77,188
85.93011311459416,147.24711741395998,Gene 79,188
86.95208361456342,149.8723198898371,Gene 83,188
104.9296201408309,155.86501080330555,Gene 16,189
102.76266540912333,147.8278198212034,Gene 35,189
104.01081906411562,151.5977723145883,Gene 60,189
129.173702721327,144.91378790025422,Gene 4,190
128.60006233880182,148.6188303387977,Gene 14,190
129.6165116542766,143.52445021653782,Gene 14,190
121.53632683293179,147.63236905178974,Gene 21,190
128.47257552980776,141.46865440470307,Gene 22,190
120.91338702795025,144.04238110960782,Gene 23,190
122.65751804573034,146.60110096517727,Gene 24,190
127.46251893206242,147.6725538060986,Gene 40,190
123.69975171167457,148.33841984612764,Gene 74,190
125.88429839163294,148.44452991752988,Gene 79,190
121.94486515067312,140.93188265564993,Gene 80,190
124.83778835958705,143.58676794733628,Gene 84,190
120.94767224536903,140.99834260146957,Gene 91,190
150.53052472429877,144.81377891943052,Gene 15,191
148.81985489089635,145.63695790811389,Gene 20,191
145.37339329258666,148.689121686632,Gene 22,191
149.59460247079204,145.60659320976498,Gene 37,191
145.92004202374295,151.03242970883747,Gene 55,191
189.52038740816974,147.02778084258054,Gene 12,192
188.87136155663842,150.34597567357818,Gene 22,192
183.0485698200735,149.36607317792328,Gene 79,192
204.93265773589124,146.38341371921885,Gene 12,193
204.9550489308703,147.27590964964975,Gene 19,193
203.74085849251716,146.27201383352474,Gene 63,193
197.76725095603726,147.73832977476454,Gene 70,193
197.5934119105339,148.75605231418095,Gene 80,193
197.9200155362813,153.26274831225192,Gene 84,193
197.74291237157013,150.47052644374435,Gene 90,193
221.19965788683336,154.77239940515315,Gene 5,194
227.5848119251461,149.04816979810107,Gene 26,194
226.23832823276436,145.99929949926408,Gene 27,194
218.09770923814142,153.08507279325266,Gene 32,194
221.30855910202857,147.04219264961708,Gene 32,194
218.98352570629092,145.1299602830722,Gene 61,194
247.43224312330304,149.19933595805023,Gene 3,195
256.0264443894407,143.48171569714683,Gene 21,195
248.91865633872752,145.04779245411325,Gene 37,195
249.2949477193335,149.32023436379853,Gene 75,195
256.12974431525134,141.91493638176908,Gene 81,195
264.65711287485334,142.19651535952528,Gene 22,196
275.34172895465053,147.45601797957536,Gene 22,196
270.1544221766156,147.96063034138908,Gene 37,196
264.90412349113694,142.64621706624956,Gene 70,196
270.51481816551785,148.84389150190174,Gene 70,196
271.85528098902944,139.47280858686773,Gene 84,196
276.4023079441538,141.74376248261902,Gene 86,196
308.4966586548597,151.00755307909225,Gene 37,197
309.2461356213801,153.2289122262353,Gene 40,197
305.78094812671037,144.6375576002201,Gene 60,197
301.73565292473785,148.39905871238253,Gene 75,197
302.6821507935751,147.47882429885084,Gene 79,197
305.58117665219737,144.99888200338285,Gene 85,197
313.4079520147522,154.6192540784368,Gene 15,198
314.68315458177096,150.28322346148917,Gene 15,198
322.72894276657996,153.98735677339795,Gene 19,198
319.3611095100701,156.40681380363088,Gene 23,198
313.3038776927325,150.8523145889156,Gene 57,198
353.6277656698266,146.0769151272293,Gene 40,199
347.799351562069,147.49546892166398,Gene 78,199
351.1603946799018,147.48601422611432,Gene 82,199
350.44166449979593,141.36151730469993,Gene 83,199
351.1707259278254,142.5058123033931,Gene 97,199
375.98984111605773,150.50204622133643,Gene 20,200
368.03961269858576,147.32122563834528,Gene 20,200
369.7717965883545,144.75190180611722,Gene 23,200
372.0813608979876,149.42217394112723,Gene 24,200
373.5631183379813,144.25325815189115,Gene 25,200
371.17510425139284,148.89219895865625,Gene 37,200
376.0499002178561,145.78256069368882,Gene 37,200
372.8137416370162,150.13965670938188,Gene 37,200
368.60271237542145,146.4756378600764,Gene 59,200
377.5490028334646,143.71598233372555,Gene 83,200
373.1593544151545,143.3873120247061,Gene 91,200
402.1784087595193,152.46600332695482,Gene 59,201
396.2250625531531,155.0360586279167,Gene 74,201
399.28371019336396,150.38607372985732,Gene 75,201
391.52329262390407,148.7724543738494,Gene 78,201
388.65591637637044,147.91408190972444,Gene 79,201
395.5268812813577,156.98557500632964,Gene 79,201
388.523444862753,150.88632586168356,Gene 82,201
397.25053792058526,155.39585924592566,Gene 83,201
400.0113285183052,149.03864244257122,Gene 86,201
422.01817296117326,148.04083942930666,Gene 2,202
422.9848172941908,156.05813385149742,Gene 79,202
423.69564942488984,155.8956304199917,Gene 80,202
420.2234770659144,149.4662683926052,Gene 80,202
420.5360641703197,150.39691555093324,Gene 83,202
421.10756766105493,150.52797236990088,Gene 86,202
446.29236603370316,147.6375263008627,Gene 5,203
450.75067024652145,147.31736528974292,Gene 12,203
442.96246043998485,151.52835924193312,Gene 12,203
454.9225876790878,152.94407357470317,Gene 19,203
452.2887733018223,153.81277057446704,Gene 20,203
449.0939652898716,148.06597578256637,Gene 24,203
446.11200950947426,151.12109381990712,Gene 32,203
453.0990331146354,151.39655200370828,Gene 55,203
452.99160186294637,154.6089238262995,Gene 91,203
486.63955150701895,153.15120005912243,Gene 12,204
479.87404391261174,150.06581877286933,Gene 14,204
484.09163697249033,155.92814525522533,Gene 15,204
483.45969172262505,151.5641762161463,Gene 80,204
485.7366962116617,154.83541829266457,Gene 83,204
496.38323776670086,144.65339493151765,Gene 41,205
494.6601986527628,154.36491815662873,Gene 43,205
496.661505817513,154.25636425951427,Gene 58,205
493.61681072134456,147.2155783675985,Gene 78,205
493.29926080802335,153.35271046697483,Gene 79,205
491.24449110334166,148.79125628500503,Gene 81,205
496.6819487717387,151.21021059072535,Gene 81,205
528.5771141774928,150.94948491283876,Gene 3,206
517.0435791401098,155.36393383942973,Gene 21,206
515.1680987246112,149.71036578135133,Gene 80,206
515.4446950910892,151.64302596987363,Gene 82,206
542.7984312730724,149.95946141817268,Gene 2,207
541.9025447721715,143.5907952108059,Gene 21,207
550.0971439452537,146.56497112744782,Gene 22,207
540.6432920064199,146.76527947713353,Gene 23,207
550.8099107262151,145.2220970001234,Gene 37,207
540.415156184756,142.24960876408124,Gene 37,207
546.261785875907,149.26718695893976,Gene 70,207
543.8389214781023,150.0025961696943,Gene 91,207
565.7757664831535,147.04707693474936,Gene 40,208
574.20195281449,150.40440108941036,Gene 46,208
566.745245644212,147.25072019980968,Gene 75,208
565.1774122993301,155.79157898668572,Gene 79,208
605.8967745931407,156.34712816544436,Gene 10,209
607.2307284820773,151.70707313032747,Gene 15,209
600.4024779155958,150.83492015500093,Gene 57,209
603.4626890775091,155.96550288652094,Gene 90,209
617.9174356430542,156.14258032345086,Gene 40,210
618.1785523821922,157.81514986711323,Gene 74,210
619.1389564828673,160.67282024173468,Gene 80,210
621.7047056421868,160.03822233485457,Gene 84,210
617.661972189339,158.88666332415028,Gene 87,210
645.689333113836,154.05308729671145,Gene 38,211
650.3024925236755,152.6901149652701,Gene 69,211
670.2908938803547,150.73265918363066,Gene 3,212
670.0364466651283,159.46066608591804,Gene 64,212
673.1741026474655,159.19216495495772,Gene 80,212
672.7122816102967,152.57740439345855,Gene 80,212
671.071630143025,159.15884119525523,Gene 83,212
697.6380133634599,152.4848442481431,Gene 20,213
697.4750545849686,157.35642696128932,Gene 23,213
704.959479527127,154.92296738062007,Gene 24,213
697.8416615446113,152.95352167582394,Gene 32,213
697.0545785782874,152.11343200120956,Gene 42,213
702.8911545844481,153.23516872446552,Gene 63,213
719.5791818963397,148.63448435568506,Gene 64,214
719.6343443622382,150.08680744886618,Gene 74,214
718.2554761255539,154.7813102531529,Gene 74,214
740.9685380602245,156.13478628923224,Gene 2,215
746.5246989651162,158.0537789821432,Gene 4,215
741.6550761532507,159.10458587569872,Gene 17,215
737.9658384542663,156.46283990700093,Gene 17,215
746.4254777631135,153.51666432292114,Gene 30,215
738.9770552559811,153.5566257215316,Gene 37,215
741.412304202171,157.70976279517603,Gene 37,215
739.7973571973899,159.4957540667618,Gene 40,215
738.3405555834063,153.51048284264516,Gene 70,215
738.3955887284284,157.46635810816835,Gene 80,215
747.8499732432318,156.84583393777106,Gene 91,215
776.8616064301407,139.8752358545011,Gene 28,216
779.544125206983,145.186836727856,Gene 64,216
771.299301015567,139.85856502058675,Gene 79,216
769.4882313182707,140.02263004129816,Gene 83,216
767.1015112230997,143.9135509315517,Gene 83,216
774.8565719752469,147.77393484763198,Gene 84,216
768.1538611812972,141.6577798052087,Gene 87,216
130.60879478591775,175.29836730634625,Gene 21,217
129.18670211095355,176.5112381003369,Gene 24,217
131.06624422016586,173.1039033798414,Gene 42,217
135.53285895678994,170.13650321781063,Gene 80,217
165.1754249489183,160.38646317890868,Gene 4,218
156.62116619645116,157.86910766599573,Gene 16,218
161.92500413526412,160.56128983569536,Gene 18,218
156.47028567832746,159.35724715304826,Gene 24,218
162.3151352638354,156.5968358791093,Gene 24,218
166.15473825913892,162.48263168954122,Gene 70,218
165.7764102746674,161.37802231262455,Gene 80,218
188.74877222722833,173.0555149418784,Gene 21,219
185.65493455680271,173.37720720845476,Gene 24,219
188.26403097117165,177.21018059979716,Gene 40,219
189.27692921870906,174.36589037822014,Gene 41,219
189.45365078609007,178.65874232510458,Gene 64,219
193.694249884133,174.04286181020206,Gene 74,219
190.33055221554034,176.77998656739575,Gene 80,219
191.31793798576692,175.63940692700297,Gene 80,219
215.31124445277055,168.76908628013513,Gene 20,220
208.8790366949629,169.98874039494888,Gene 22,220
220.0878990615759,169.26751308115848,Gene 24,220
218.91794772121762,170.6844090265234,Gene 76,220
215.1788618774298,165.52726054685266,Gene 90,220
217.88220575449722,165.5137195961755,Gene 91,220
216.3212184195663,171.63914507865243,Gene 95,220
240.45416651786778,175.85108757554687,Gene 19,221
244.51302416810842,180.94304128621746,Gene 56,221
250.44906650600547,179.6623276719731,Gene 76,221
241.67553518678068,173.33995045029704,Gene 80,221
246.40045366219823,176.00228329828923,Gene 83,221
241.13736020689316,180.19280321332292,Gene 84,221
242.56211007624347,178.39158015493348,Gene 90,221
266.87567698636155,171.582968928957,Gene 14,222
257.6639599745479,172.0472645191413,Gene 15,222
264.04858786280886,175.76471994447823,Gene 20,222
263.8900798587792,175.11729927701708,Gene 24,222
259.5452227477947,169.17893368587588,Gene 25,222
268.19731750279914,171.85133538593044,Gene 57,222
259.45078296781713,172.27313259958046,Gene 80,222
261.53420283748903,173.09216264639707,Gene 83,222
257.75276599791755,172.76344087503148,Gene 91,222
286.2596824557608,176.6789891223936,Gene 4,223
280.61584983583447,181.28234632706554,Gene 15,223
285.88907469529465,183.5857535855871,Gene 19,223
289.93259692023196,180.20792099582886,Gene 69,223
282.9544722462498,176.81449206571605,Gene 80,223
283.674809922168,180.60360186920337,Gene 80,223
310.3339227824958,170.75764884934318,Gene 4,224
308.2116165779504,171.01798580523436,Gene 24,224
311.2990131843523,168.04982404644275,Gene 24,224
304.36479588191315,170.63348558767643,Gene 55,224
340.62956620138584,168.1768244662642,Gene 40,225
345.7469644688409,167.5274699859442,Gene 58,225
342.5474073668382,168.33763927028434,Gene 74,225
341.79672217741177,167.80166418001377,Gene 77,225
347.4226237415049,168.48353800227932,Gene 79,225
340.9910512730613,169.5225843104284,Gene 79,225
344.5102579303807,162.22788129535493,Gene 82,225
341.6275910068562,170.04962704711943,Gene 86,225
351.4274205337657,174.9901289295704,Gene 13,226
350.3205000287634,169.30517934566785,Gene 14,226
360.3181918269088,170.3412131073409,Gene 23,226
356.4509186151043,167.75388964349042,Gene 76,226
381.8677761083439,176.86332197331336,Gene 41,227
384.3878895663461,181.40680251543225,Gene 65,227
378.33012384958465,185.2794766704213,Gene 76,227
376.5037196353957,178.11257845604896,Gene 77,227
380.64593114763113,182.6008166139004,Gene 81,227
408.67178393400155,177.58941251091656,Gene 12,228
402.5656313775492,171.58207243387645,Gene 15,228
405.2661161264049,181.04413353564962,Gene 24,228
408.7898514974354,177.97661532776795,Gene 37,228
398.7847660683578,177.10626065271794,Gene 70,228
409.72493281196535,180.79459592887108,Gene 80,228
437.95403416394095,169.88884926868613,Gene 20,229
437.92489105686775,173.10188592626943,Gene 37,229
436.93411318603285,173.41996186671514,Gene 80,229
438.40579007218287,173.63531163908314,Gene 86,229
465.57222774072125,177.119617664847,Gene 12,230
466.4266186926596,172.18957274759882,Gene 14,230
467.93182563943117,172.44058859828579,Gene 80,230
487.4114800930669,171.40110441723357,Gene 2,231
490.754912499054,173.5910921555481,Gene 74,231
487.01739551010013,170.33820887448138,Gene 86,231
517.6308499402564,174.0998548716411,Gene 18,232
516.3198065441981,166.70461897388526,Gene 37,232
510.7566779588033,174.77877542787488,Gene 37,232
517.0257350524352,170.2555827470488,Gene 40,232
514.3704530787089,167.69888669646608,Gene 40,232
517.8775201898378,167.56797870304018,Gene 64,232
517.4931901279618,174.20187347541838,Gene 74,232
512.717550703354,172.6414862386434,Gene 79,232
520.828728666176,173.82531135695245,Gene 80,232
541.7460074949965,168.82002015427216,Gene 13,233
533.5962547431955,171.11165134826817,Gene 29,233
535.628833655216,175.9360969261936,Gene 30,233
537.3401113721126,175.46318322265648,Gene 31,233
538.6701129578188,177.45336183436604,Gene 35,233
541.054152581797,174.13386763448483,Gene 41,233
541.4174867759355,167.57646208903898,Gene 41,233
534.1210238155318,176.59391266602816,Gene 46,233
533.1745599241248,176.48305409978497,Gene 58,233
535.4147325091429,171.734424884648,Gene 61,233
540.3453000186081,169.2709406035723,Gene 63,233
545.2213918433273,176.9254524938072,Gene 69,233
571.4919468489344,177.8575274319037,Gene 0,234
565.6926918031259,179.1624650731765,Gene 30,234
564.9547264021733,172.28257049027619,Gene 66,234
567.1911672057219,171.22453086773282,Gene 82,234
590.3344832038806,181.05324748109737,Gene 10,235
590.2599252700907,176.57890148762542,Gene 40,235
592.4058378188862,180.51642678369123,Gene 58,235
592.0498801825387,177.2899067263335,Gene 59,235
594.3741743660026,179.12983594688103,Gene 80,235
585.9872068236153,181.25781334107765,Gene 83,235
624.8325523281898,175.70991009122676,Gene 2,236
626.7730960892095,175.25039337072525,Gene 74,236
618.0842852633476,171.10198153230647,Gene 77,236
627.5620676070375,173.53638091223985,Gene 79,236
624.3280685188921,169.20696604812417,Gene 80,236
622.2432104126149,176.10602888226015,Gene 86,236
624.9277750576289,172.56608643152333,Gene 12,237
624.5666327537865,172.38427880891737,Gene 14,237
627.1892926355973,166.4100690738763,Gene 22,237
625.0477901029993,169.22453855853468,Gene 70,237
665.1001538840068,179.1919861759655,Gene 2,238
668.7899580916746,172.23509643609788,Gene 40,238
667.7729998112202,174.69232104430478,Gene 51,238
670.5308061619565,175.43635607603406,Gene 72,238
667.3068749789181,179.02567557860098,Gene 74,238
661.4759465839388,173.00663687750645,Gene 75,238
670.4163368495078,173.85111136611172,Gene 75,238
669.3902015091571,172.9818042386506,Gene 86,238
681.5720028806433,172.4141216676647,Gene 6,239
678.7151249401647,171.67636882448215,Gene 37,239
688.9794889674055,175.3239590795205,Gene 74,239
679.6700047873611,174.89505762874361,Gene 80,239
692.3081299124404,173.28949222961265,Gene 81,239
715.8809826402817,168.16479477367074,Gene 22,240
714.4231175294407,169.0007682995652,Gene 37,240
721.1112491469673,172.87526280303538,Gene 40,240
715.9654361297486,171.0184722191253,Gene 76,240
716.7064162863754,172.58350870588419,Gene 78,240
718.0869486833525,169.795868728995,Gene 79,240
714.0301726534102,170.2959033616876,Gene 80,240
719.8977720911979,170.7962500343649,Gene 80,240
714.6669235526043,168.88471859738127,Gene 85,240
741.4333371484155,172.20092998651845,Gene 17,241
762.9888269358571,185.57459019757977,Gene 35,242
763.874110538966,179.0610281382669,Gene 36,242
766.8908953200312,181.25086310041823,Gene 46,242
767.1633286435894,178.35086830041584,Gene 58,242
763.4172421556527,182.11238803059675,Gene 58,242
764.7024127002311,185.25165720077794,Gene 64,242
767.6595533503232,179.2883342396084,Gene 74,242
762.2173530524692,179.90552436825777,Gene 77,242
761.9918216830871,183.90218980820134,Gene 80,242
766.4832139611867,178.91038601070483,Gene 81,242
767.5965414823228,186.4009598125542,Gene 84,242
760.3141444071429,182.95668758514344,Gene 86,242
796.4353304725768,179.6531052566911,Gene 46,243
795.8580689131577,179.15468211941393,Gene 58,243
794.3839195392587,181.5416502667926,Gene 79,243
789.8025292226813,176.65970295926041,Gene 84,243
796.5947706935846,178.1313982220869,Gene 87,243
144.9111583046389,183.70784407393575,Gene 9,244
153.98054054182228,186.8364704796454,Gene 13,244
154.9543943323769,184.68534584836482,Gene 22,244
153.74412217399464,186.2205879488734,Gene 25,244
144.47232065243332,181.08141883163162,Gene 59,244
154.0847107033878,184.58015224931606,Gene 69,244
148.92914762240835,181.5922295787804,Gene 70,244
152.38489174958593,184.90000808905089,Gene 91,244
170.62166615096845,188.02551664195485,Gene 15,245
163.99219652255624,190.8196209892295,Gene 23,245
173.16062900484957,192.70816897624053,Gene 31,245
167.01659194606285,188.2645845725883,Gene 37,245
169.90443396033356,190.04292761821299,Gene 37,245
170.16500433862828,193.35776867184464,Gene 40,245
172.55948685046272,191.1702561819742,Gene 42,245
173.03158027045853,192.7157199352885,Gene 69,245
170.53265020841337,187.620277061275,Gene 69,245
164.2624388149925,187.96392492914316,Gene 91,245
202.42010104821094,193.2115426034308,Gene 14,246
203.02308980175124,194.7338476156877,Gene 14,246
205.26176280163995,193.05376524103383,Gene 40,246
205.25770697969426,195.49221139195848,Gene 42,246
198.60320301493627,193.834399326574,Gene 76,246
207.44169853683704,192.0339550205435,Gene 91,246
232.28199424482196,203.33557964998022,Gene 14,247
238.55661197455612,196.88454205220503,Gene 18,247
237.08979112300685,195.0408168042738,Gene 31,247
240.41993050250483,200.0974303779495,Gene 44,247
249.49579101841522,196.2258359776366,Gene 12,248
246.89156446801906,190.61932879884554,Gene 14,248
245.6318633476007,191.87946054590853,Gene 17,248
251.31177938717613,193.53609594401507,Gene 23,248
248.4206272997359,194.3349005847501,Gene 35,248
251.70029185383078,190.51000399858492,Gene 42,248
248.3168545968961,195.84934466397428,Gene 70,248
275.4101385748051,201.42349833506807,Gene 24,249
273.6504992722369,196.54184590802421,Gene 28,249
270.2653686324457,199.32552506968136,Gene 29,249
267.47410007546756,199.28442071267332,Gene 58,249
273.4376598381368,206.10366122971607,Gene 74,249
270.351638694863,200.73199992949176,Gene 75,249
271.1475133900095,204.08165559274715,Gene 80,249
268.54706716471486,202.8539189067026,Gene 82,249
303.6086305089167,192.9707889471852,Gene 13,250
301.8933480479875,197.39635204831262,Gene 19,250
300.3780119150274,194.9730105704064,Gene 25,250
300.11663312928437,200.07823079746876,Gene 34,250
309.92058360531195,194.92807016832182,Gene 42,250
308.6795305183201,200.32523453086384,Gene 79,250
333.05733333668815,188.144112453645,Gene 28,251
336.76668305690106,188.9934865874801,Gene 77,251
331.57131684031793,195.21626297223466,Gene 80,251
334.2064683772346,195.91514943325413,Gene 84,251
347.0992244252685,211.03313640475605,Gene 3,252
343.2831774702769,205.82861504661906,Gene 13,252
346.36670633131615,210.3541399985922,Gene 17,252
344.61144837681513,207.77479779091047,Gene 40,252
355.0073270178538,206.60269895306223,Gene 63,252
349.2929276936474,204.3899710424475,Gene 69,252
348.316955185347,208.5498402692021,Gene 69,252
372.60627985512815,187.1051843430317,Gene 16,253
367.1567298704356,190.54235487097816,Gene 26,253
371.85239618768526,184.4425800255737,Gene 28,253
365.5766247892771,185.3521678571678,Gene 33,253
398.54398568812974,207.6181771149467,Gene 30,254
407.27668094795655,208.2411964523323,Gene 77,254
400.73849518017687,204.2722098020787,Gene 80,254
406.9837368464669,207.13194427926217,Gene 82,254
399.8991260844922,203.57298487746627,Gene 84,254
426.44070606096966,190.47434169827525,Gene 14,255
425.8409675331023,199.13648299369754,Gene 15,255
422.24237668503497,192.21094558185752,Gene 16,255
422.4734451880086,196.69657077160574,Gene 70,255
423.05805833688356,195.4761879932645,Gene 71,255
422.3771338374841,198.48045963360843,Gene 80,255
430.4099614784091,191.2272575102579,Gene 91,255
450.9619775425014,191.29585991511328,Gene 12,256
443.75589275612526,196.83155325420321,Gene 15,256
454.62187663715065,194.9924094684536,Gene 15,256
456.0050301328191,195.61674986994717,Gene 17,256
451.93561947694644,190.79554114443567,Gene 19,256
454.19828708996175,195.42751378324922,Gene 24,256
445.35515290665535,195.42548108635495,Gene 37,256
474.7848343014176,189.82573179166235,Gene 12,257
483.9650289379425,189.86158837461448,Gene 16,257
482.0924794596168,186.149310240935,Gene 19,257
483.0583114343555,189.453547788678,Gene 21,257
476.85797105716756,189.3082400191998,Gene 57,257
502.39508072067264,194.19178120809588,Gene 6,258
507.30853389001624,194.54986652827168,Gene 35,258
503.8648630881278,193.32828602092758,Gene 58,258
505.12108429093774,198.50163422231785,Gene 74,258
509.37540171076193,199.37504055596096,Gene 74,258
508.54917088298924,198.4905857502504,Gene 79,258
521.5938180039424,192.14616946216478,Gene 22,259
515.6521292918798,193.543603205405,Gene 40,259
513.665145467624,190.07541091125208,Gene 64,259
520.2167511119713,194.48144151842985,Gene 77,259
520.4789008434022,190.4412625781779,Gene 80,259
555.7933260908795,195.38003913875338,Gene 22,260
557.2685618609605,199.87780587305681,Gene 42,260
567.8593453928813,195.4685095348966,Gene 74,260
556.4834475020742,194.28790567777813,Gene 80,260
565.0038410702148,199.41828961740728,Gene 82,260
559.3640446196355,197.66815913481912,Gene 84,260
557.9033313960936,195.9110400603358,Gene 84,260
570.808497957353,191.3730824157348,Gene 12,261
572.1659808393737,190.73243383629423,Gene 13,261
577.4883570289751,192.42113975319157,Gene 13,261
579.7311712206936,191.05115597357735,Gene 17,261
571.6335104924354,195.7865025839487,Gene 18,261
578.0726527142621,196.98705750776134,Gene 19,261
578.6872043441508,198.4512373784833,Gene 24,261
571.1420382660051,195.1955079187969,Gene 24,261
581.1406280127195,192.6615042500044,Gene 25,261
568.9156241345429,192.7248107895758,Gene 40,261
569.836029872407,193.24915962950334,Gene 57,261
573.5526675740412,191.1236950740224,Gene 63,261
576.7090352391488,196.94792897147556,Gene 70,261
573.1556608380636,197.72017980382412,Gene 70,261
570.4205229883981,195.38117107016527,Gene 80,261
604.9419131145892,194.79441087408432,Gene 18,262
603.3857978693172,197.01424613678984,Gene 21,262
595.1859197765011,199.06516579772082,Gene 25,262
604.3210132163279,195.572157571307,Gene 75,262
594.8055292184989,191.9830805698416,Gene 76,262
602.8508320137596,199.50934844812647,Gene 77,262
606.4133646558852,197.2992157761039,Gene 84,262
603.6211632883371,190.52530218295794,Gene 86,262
619.341998612747,194.98970254241627,Gene 14,263
617.6242911113462,191.63359140553823,Gene 14,263
618.7988362649261,193.54982952540175,Gene 15,263
624.0861912761183,194.45225505175804,Gene 22,263
656.2800444190634,200.12320910430125,Gene 10,264
659.6043581156424,199.71756253454654,Gene 12,264
661.7946040813096,191.4119798733564,Gene 14,264
656.3159093621348,198.50655792659495,Gene 24,264
661.4164984926473,200.88273313126294,Gene 32,264
654.8098840122407,192.33094051729088,Gene 80,264
677.458931856077,194.47244271028876,Gene 25,265
676.1295823448282,198.60908480898536,Gene 42,265
677.7798744993446,198.334334242947,Gene 76,265
675.1099853923859,197.193932292435,Gene 79,265
672.0159288444283,197.6944028131919,Gene 79,265
675.7825275504074,191.2472258741012,Gene 82,265
675.8937552311143,192.19766666384012,Gene 86,265
674.510692215502,197.2557205515303,Gene 86,265
696.5825620632316,185.8324322751304,Gene 3,266
697.1980501011672,186.28138818537107,Gene 37,266
698.2964378432846,189.3217282973317,Gene 40,266
699.4857890700914,183.75773593595957,Gene 46,266
699.3396637195639,184.33546338324754,Gene 74,266
703.4827567749895,185.2863831626742,Gene 75,266
699.0937506397205,189.39757504023032,Gene 80,266
698.9804218339909,183.82360264268348,Gene 84,266
704.3046289945449,185.02334576846647,Gene 98,266
724.3928355534714,193.71677644410187,Gene 14,267
727.2982657553814,194.33739789562063,Gene 16,267
726.9530926063973,192.12240106611245,Gene 17,267
726.5555114672233,191.3071130473277,Gene 19,267
728.130699972721,195.19714279709098,Gene 24,267
731.5878574091399,187.13585222775214,Gene 55,267
731.6840871324681,194.15733267786,Gene 63,267
748.8155087876577,192.23369562890812,Gene 13,268
743.9601113424227,194.02919353843743,Gene 20,268
742.7310643718624,196.06394167135974,Gene 32,268
748.6011034867544,201.38292277993366,Gene 70,268
774.5275570137421,189.3882794872682,Gene 0,269
775.0726531947062,194.7782120897021,Gene 5,269
766.619412011952,195.21178130746426,Gene 28,269
769.778883729044,190.42858325655948,Gene 28,269
771.5789160445803,191.5673453646214,Gene 28,269
769.3446318623522,196.35476271452055,Gene 30,269
778.8535230052476,192.39011297728817,Gene 31,269
775.7009884337577,190.9034093654083,Gene 37,269
192.0658905132696,215.50084804423844,Gene 17,270
186.98691131844646,208.0741588870702,Gene 70,270
217.7095505658886,216.33010205014213,Gene 3,271
214.77603799273155,211.035532255158,Gene 22,271
213.82197891712534,207.6204317361302,Gene 30,271
221.17613736485694,207.46589167044618,Gene 58,271
219.81127179157835,207.30070563103476,Gene 79,271
214.6541562445949,215.62949780737992,Gene 83,271
213.93783582127807,211.85074785070213,Gene 87,271
247.39115295790344,224.26656280082213,Gene 13,272
235.98920246390455,225.24103638425558,Gene 15,272
247.2573900027855,217.96564411163519,Gene 15,272
245.0418426639464,228.30344549715184,Gene 23,272
240.59423637846746,217.66987106534577,Gene 37,272
267.51607169526073,216.60893207544888,Gene 40,273
272.0820474875144,215.51190444705964,Gene 40,273
274.2988675353919,220.0923953000528,Gene 77,273
276.2331088595435,219.4408323540188,Gene 83,273
269.039774927654,215.3760995287679,Gene 84,273
291.6805364685905,218.82264789597778,Gene 19,274
292.02091050140467,223.43801013338086,Gene 22,274
293.09945410371705,223.44005682513907,Gene 57,274
283.78650243688384,222.7996963973276,Gene 69,274
290.02234485067385,224.78469606649404,Gene 83,274
313.176378013219,217.66314231241682,Gene 26,275
310.6205133802565,212.10484662968398,Gene 37,275
316.0335726595589,207.19948708981232,Gene 42,275
320.11149464189174,210.94121423856308,Gene 58,275
319.48226071457736,215.33981309029699,Gene 79,275
319.74580321744395,210.6432203688097,Gene 80,275
318.96642081341724,215.05527433098936,Gene 81,275
320.3731779726575,210.79868122423596,Gene 82,275
311.4719853949923,213.49055731990944,Gene 83,275
320.398888214513,210.93189267814319,Gene 83,275
313.5738894297282,207.2631503437162,Gene 86,275
348.297500701126,211.84096042640405,Gene 13,276
343.64498596764844,212.47362393896947,Gene 23,276
342.2775769112677,218.17129785153435,Gene 70,276
361.08277797757796,222.18345164208424,Gene 23,277
352.2707399775037,215.8907499246958,Gene 30,277
354.11997106873,217.51850264344182,Gene 69,277
357.29152901292707,215.03206453376595,Gene 70,277
363.67853934196813,216.8009600888916,Gene 70,277
352.1826290550233,220.24749991934263,Gene 76,277
357.0696012595554,219.79359555424801,Gene 79,277
392.8384840660296,209.0396213969518,Gene 3,278
387.4203489892987,213.75975339075765,Gene 22,278
385.93892590693497,216.88952979183176,Gene 28,278
395.869714141841,221.42128081782403,Gene 54,278
387.51525990930185,212.64627802330546,Gene 79,278
384.3542843547276,213.2272547074774,Gene 83,278
401.475610723321,219.2623197404814,Gene 4,279
410.86810582541244,217.491037532058,Gene 5,279
408.1880289449913,221.04917959444293,Gene 12,279
411.8216103501135,215.1018095092292,Gene 14,279
408.23489769534,221.36497519500597,Gene 14,279
399.6597425454334,215.76624806808695,Gene 40,279
403.8963755777926,217.99137611703912,Gene 70,279
407.15440523781314,210.98638897733392,Gene 70,279
410.1644800885269,211.74914067078032,Gene 91,279
442.609865989032,232.49352772135555,Gene 74,280
442.4553149504564,230.65255646749998,Gene 82,280
437.0851950742634,231.82563545066236,Gene 86,280
456.34026369919627,218.28480631418094,Gene 17,281
456.2440194681128,222.51459581833325,Gene 20,281
457.89821898161125,213.70285459321047,Gene 21,281
465.5823927524219,217.046476715691,Gene 80,281
477.52594183986264,219.03594611679077,Gene 74,282
480.13834498802333,220.04070884954376,Gene 80,282
482.9583244828651,218.6150589404545,Gene 81,282
486.3884252748945,221.92060902951764,Gene 87,282
507.1314895731758,207.00424182626588,Gene 26,283
501.38368702385895,209.10022283208406,Gene 26,283
502.7179770887599,214.92033719517502,Gene 30,283
500.70783366987104,211.1546776972339,Gene 33,283
502.5018933362532,213.79903644419306,Gene 33,283
513.8902809472044,209.63057730202613,Gene 37,283
504.6577406756731,222.1785519595249,Gene 37,283
539.8403426498342,222.8132853773727,Gene 4,284
542.0968236989731,221.5896107858453,Gene 13,284
541.4600773267933,222.17628184396816,Gene 57,284
543.6139136255185,220.4831688190862,Gene 90,284
538.2615624610689,220.76132853096635,Gene 91,284
568.3435570586232,225.5193145620298,Gene 14,285
562.2322344729209,222.98619495211852,Gene 19,285
561.9402853288113,221.1378379081426,Gene 37,285
561.7224590871778,227.38149845536256,Gene 37,285
553.5895857947132,227.15335792268695,Gene 70,285
565.6522419987177,219.17291272965525,Gene 74,285
589.0992152893486,216.4866588879394,Gene 12,286
594.8711121397093,216.35442528554645,Gene 15,286
589.8440080044006,215.74127524486352,Gene 16,286
588.459523514434,214.35938222266992,Gene 25,286
590.3831197303726,214.802504030706,Gene 34,286
596.5110339717208,220.89836858011725,Gene 37,286
594.2611352050232,215.38988364206213,Gene 37,286
591.6884249765591,221.07363397157886,Gene 91,286
615.5779580547326,229.63933155679354,Gene 13,287
611.1246476020833,226.25739517310234,Gene 14,287
613.8813171270848,230.3515526170148,Gene 16,287
608.7722318408299,229.91801402226656,Gene 24,287
611.0508886113247,230.81772938517756,Gene 40,287
606.6428994571412,228.38140412593475,Gene 40,287
635.3653369512047,205.313778918818,Gene 37,288
636.5961836982666,205.41865804748042,Gene 74,288
637.1988247728359,213.39101645224554,Gene 80,288
630.9979714135086,209.91110823468807,Gene 82,288
665.8946068977376,209.31105512581922,Gene 28,289
672.6263840790973,211.27338278065636,Gene 40,289
667.0928708637618,208.8833541938138,Gene 64,289
669.3464246876013,208.52176516528405,Gene 74,289
687.7975269088059,213.43412530238157,Gene 30,290
682.3432249001166,213.01395038478046,Gene 46,290
688.3115214257963,213.52858565725478,Gene 74,290
685.7666738107984,211.48086889058433,Gene 79,290
687.8160585695618,213.05689079892252,Gene 80,290
683.5012197266954,210.7583818989903,Gene 81,290
706.3120454823601,209.25474594738446,Gene 37,291
707.2134089128202,206.12338431757016,Gene 58,291
703.9663950307521,210.86826760341245,Gene 58,291
713.299515223547,208.47346428081642,Gene 74,291
712.2252731812981,209.63966141990886,Gene 84,291
735.6456972099165,219.80522713105515,Gene 12,292
735.157700781823,217.2439082929824,Gene 14,292
736.5384654914234,217.46004807803118,Gene 20,292
741.946812947587,219.2283701600548,Gene 23,292
742.4052819555458,217.9098945863269,Gene 42,292
742.4307111034946,218.58806277611313,Gene 83,292
737.5234420069744,217.808181821853,Gene 86,292
764.1961343445756,209.4885369491667,Gene 3,293
761.9282716690814,207.5838024566732,Gene 6,293
760.1615082441939,205.26697268175704,Gene 22,293
767.9537257525303,205.93623088535028,Gene 37,293
763.8843413396881,202.42074097281255,Gene 54,293
768.3581347203901,210.8986684654376,Gene 74,293
760.9959524528405,211.63911339449328,Gene 75,293
761.3031411590721,207.59474970904304,Gene 75,293
761.1664539558222,202.4877563816676,Gene 78,293
760.2331412549182,204.472947697346,Gene 79,293
759.7089600561437,205.50424804341688,Gene 80,293
768.7527957970532,206.71592418542508,Gene 86,293
775.8619770949489,216.44619835737763,Gene 58,294
783.7557264240445,219.29406913413035,Gene 82,294
775.2563246634088,223.28472570890884,Gene 86,294
221.87365404157148,228.21972542031344,Gene 1,295
217.30714564722894,234.5151643145434,Gene 11,295
223.30813805742594,235.953129965265,Gene 14,295
224.0765770189244,235.99574761647082,Gene 19,295
225.8341558065465,233.9590207908396,Gene 37,295
222.31019134211996,225.79650767482815,Gene 40,295
220.58640287456737,226.9109998548846,Gene 80,295
219.05618804383224,231.60256671706728,Gene 90,295
247.01634513525588,243.84417661054692,Gene 14,296
255.64455370175605,236.43034591030167,Gene 16,296
255.29584841898577,242.16338675192657,Gene 16,296
252.1253471599527,235.74662350388363,Gene 28,296
248.98375023830292,238.5020349116998,Gene 30,296
247.4295816177016,236.08667205848425,Gene 30,296
253.421601967927,242.81473166906645,Gene 34,296
245.37063941983632,239.1283520762624,Gene 35,296
243.79462779763753,241.25898514164032,Gene 37,296
252.89685240237114,243.79181709173713,Gene 38,296
250.84347437243815,237.63639694795575,Gene 69,296
274.27616571169733,240.45233895814678,Gene 21,297
271.61868090000877,239.19154795736083,Gene 42,297
275.7005130391229,241.4384759792174,Gene 67,297
271.6989633315076,246.80829338439943,Gene 80,297
295.1922516085053,237.8188093505955,Gene 3,298
296.5742029038315,236.80809787416095,Gene 14,298
296.281499181269,242.8332658610212,Gene 17,298
304.13211817368517,237.46472533626385,Gene 18,298
296.1303602564472,244.5776624233291,Gene 37,298
297.24026345097417,237.95310726786644,Gene 80,298
333.46230859112546,247.3436007236917,Gene 40,299
329.114170589099,245.30662490083293,Gene 46,299
332.146499379147,238.0633022656526,Gene 74,299
339.3011263598271,245.93497406350969,Gene 98,299
349.9376897368912,231.2491469474399,Gene 12,300
351.26888480904375,225.41402467380317,Gene 14,300
350.42030349972646,223.86849792138145,Gene 15,300
348.0187084532885,231.71980886361735,Gene 19,300
347.0285440840906,222.35420279599936,Gene 22,300
343.99623589711695,223.09136074467366,Gene 25,300
349.7238188684582,228.7065503309489,Gene 70,300
349.6405411838508,224.90122693561244,Gene 80,300
381.40122154498306,236.83700952068648,Gene 0,301
380.02870467595574,239.6932319564786,Gene 30,301
374.3819273275651,248.58314590324574,Gene 35,301
376.9926721702938,247.96405668166867,Gene 83,301
399.843368867384,239.9598359283041,Gene 13,302
398.97642334876696,235.43676321384058,Gene 16,302
394.2014554176829,243.54638470818807,Gene 37,302
394.4891354294555,243.09132891163216,Gene 37,302
437.11673300376174,234.0393210797958,Gene 40,303
433.8663689114183,234.49983459509482,Gene 59,303
429.8424678797862,236.10622510687125,Gene 75,303
428.4370226890668,240.3818314224603,Gene 77,303
460.119199060455,248.0011046115457,Gene 14,304
455.13564442909086,249.66730827632853,Gene 14,304
453.80117916690875,247.5216623916608,Gene 16,304
457.3761023599073,243.23148441465767,Gene 22,304
452.1723047826083,248.47162607586662,Gene 30,304
470.30874496730326,244.1979188424394,Gene 5,305
465.6690528427101,237.8467233677849,Gene 5,305
473.8846097733319,241.57331107486348,Gene 30,305
462.8243044658916,240.8100071613748,Gene 87,305
503.8880485850754,241.12409400536845,Gene 15,306
505.41354544041053,239.2712407830529,Gene 74,306
528.6426954561454,231.4490572111858,Gene 74,307
530.401559388076,229.81497999300518,Gene 77,307
528.2184259206775,231.12716788775967,Gene 84,307
533.4968894985918,227.99989393052775,Gene 86,307
532.1261532298347,227.1963714318664,Gene 86,307
539.0964037297933,230.4027049695234,Gene 23,308
545.8934123208065,234.48807101999114,Gene 25,308
547.3829224293039,232.84226984848203,Gene 69,308
547.529998168071,234.76433244944866,Gene 70,308
541.2729853193786,234.19886401600098,Gene 80,308
548.1928997363226,233.56542717909835,Gene 84,308
574.3778411284949,235.72436053746375,Gene 17,309
572.192259576679,239.34189785560628,Gene 22,309
570.4426921479192,236.41827029257513,Gene 58,309
570.864122287112,238.60792696639075,Gene 83,309
592.8102139820875,241.27757001681312,Gene 37,310
597.8799777194721,238.18269994182995,Gene 42,310
602.0732734596224,237.26377934746046,Gene 63,310
599.769266904537,237.56492398179634,Gene 79,310
600.800850639743,236.68771394288788,Gene 80,310
599.001586669389,244.9999792571811,Gene 81,310
594.8851885946518,236.0277378683778,Gene 82,310
595.5201488815007,243.02364529267885,Gene 82,310
603.2476919333284,243.28373506238725,Gene 98,310
622.3839772569607,233.64679891360504,Gene 42,311
622.5488328653247,231.1208570515585,Gene 51,311
625.2540236137003,228.90112293430693,Gene 58,311
652.0897061054047,235.28945282910516,Gene 3,312
641.0722471110869,234.43382787180644,Gene 4,312
643.3172052482604,236.0826175065971,Gene 14,312
648.7859256131334,231.74266051583803,Gene 23,312
646.3888347974379,240.044507336601,Gene 23,312
672.6179673605677,235.74754466222376,Gene 3,313
666.550015998785,234.4447420854465,Gene 40,313
667.7148484738061,234.73194004915044,Gene 74,313
674.7385142093059,226.35643305622534,Gene 75,313
670.8471866866698,238.26424894554756,Gene 75,313
677.6694903264942,228.9766755308024,Gene 79,313
666.5916237366944,233.24048006548853,Gene 83,313
676.84296211886,234.01572064741632,Gene 83,313
671.3095134863546,236.07451406065834,Gene 85,313
680.4986069146889,236.62206265805557,Gene 86,313
666.1775337801442,230.10723173462264,Gene 86,313
679.3759569405381,231.54527144783808,Gene 87,313
710.3121167019931,236.31309182455078,Gene 14,314
704.441432892676,233.3202713079384,Gene 16,314
706.9471799481623,236.27536349200247,Gene 19,314
710.2888534075463,236.41629749968385,Gene 23,314
707.4726550478406,237.43381262705876,Gene 35,314
710.4656291234498,232.03090336581525,Gene 70,314
705.1450337100059,235.87247847340248,Gene 86,314
707.2549051910852,237.28180003227837,Gene 91,314
727.950757860836,227.912095392057,Gene 10,315
729.1079651627391,235.22491280501447,Gene 26,315
723.8308940521283,232.7296026005279,Gene 33,315
751.4383949605943,240.68326437548066,Gene 2,316
751.3073034285725,233.13527328952992,Gene 3,316
751.8245298442598,233.21131298153313,Gene 29,316
754.1288946955967,235.04585597093148,Gene 37,316
750.7752660130456,231.4083107273504,Gene 40,316
741.9986665423095,236.66601337204304,Gene 58,316
750.820542060196,240.27299554913517,Gene 64,316
748.764287730834,237.95417914919264,Gene 79,316
752.2420035439849,236.44226902094948,Gene 80,316
749.0154536979451,233.7381598013892,Gene 80,316
753.85575456204,232.68221636044805,Gene 82,316
748.2592941531672,241.42151215397192,Gene 84,316
780.5823369850707,234.5807341318843,Gene 83,317
12.493032040291432,254.53653555202175,Gene 12,318
14.213052169502882,258.78330668418255,Gene 13,318
4.813330126838278,256.12379856315994,Gene 14,318
5.371371766880047,258.21240594292055,Gene 14,318
11.010266082319639,258.2788408820158,Gene 40,318
3.9290344305010985,257.99527711945774,Gene 40,318
10.788982412017173,254.75667354039487,Gene 56,318
7.044032270350484,252.3841629026845,Gene 80,318
5.093328792824297,252.94085671773158,Gene 83,318
12.026795445885691,259.80384260123566,Gene 84,318
42.995980812529865,266.8442418963701,Gene 37,319
44.11858352715753,261.62379792986184,Gene 40,319
45.760992753103736,264.14643345235737,Gene 79,319
44.521438734230344,263.71883660764973,Gene 79,319
47.23252049619951,263.95491719145116,Gene 81,319
46.736636950772905,262.48872824903793,Gene 98,319
299.38646626502134,270.84656193266756,Gene 2,320
290.4312499805676,266.8102662323345,Gene 15,320
291.7452276388768,268.8450523532321,Gene 15,320
290.5653547024742,263.75567428378173,Gene 24,320
301.34908169636975,266.6655464752568,Gene 37,320
293.1447533790997,270.2045824063445,Gene 37,320
292.97106346032064,271.05364496239594,Gene 42,320
300.5663586941609,264.79313896070636,Gene 46,320
298.2658329690512,262.6278506301998,Gene 83,320
301.79905148331426,267.6763005136947,Gene 83,320
301.88224987944034,264.6331548090335,Gene 12,321
304.18262016740346,267.9396910263761,Gene 15,321
308.108020421497,261.21217366550894,Gene 15,321
306.01508690290405,268.28180260980844,Gene 31,321
310.36573538367617,261.21189070321503,Gene 57,321
309.8426014394378,260.2615256287747,Gene 86,321
341.4122514705301,258.6242221459329,Gene 13,322
343.6519546181426,263.04065835651414,Gene 17,322
335.31170551668976,263.9292283877777,Gene 23,322
339.23250008060256,264.5506144612787,Gene 24,322
341.30290839331354,260.82775344728276,Gene 37,322
337.2958827606313,264.3106296132535,Gene 80,322
363.7707321021171,252.3042176454779,Gene 14,323
363.7222199904339,249.1361953702562,Gene 23,323
365.90121032625467,247.99208946467184,Gene 32,323
401.9322454183534,262.32480876933795,Gene 22,324
399.1972415427616,264.27584356577523,Gene 70,324
402.91738165312273,258.9108361049722,Gene 91,324
417.283490524815,266.1398874960284,Gene 40,325
415.36799118967855,268.77071647757106,Gene 74,325
409.86712190125706,267.54665425231013,Gene 74,325
411.38010013429266,264.73182310993593,Gene 74,325
417.0871866694251,266.60278719376345,Gene 75,325
411.07735352996326,268.6785663970694,Gene 80,325
434.00516188977156,257.13181310215657,Gene 12,326
441.12585850286194,250.67192550861193,Gene 14,326
436.72099773025514,257.27286858197243,Gene 24,326
440.9060259640622,250.83911150608026,Gene 28,326
460.70422030036013,264.03991414700926,Gene 37,327
454.97497997946533,257.98654871914397,Gene 83,327
457.3435251776779,265.00298124565234,Gene 84,327
479.1703230626681,257.2339115818226,Gene 77,328
481.4135305588471,257.49049119263884,Gene 79,328
484.2130171154821,255.97931014122662,Gene 79,328
480.9983858652907,250.63031792556382,Gene 80,328
480.94531775983296,255.3198909509768,Gene 80,328
479.6659308544592,256.78154898456285,Gene 84,328
503.03508338318636,266.0536990735174,Gene 3,329
504.41652391536854,258.1479713640487,Gene 25,329
506.91715766278,262.70531039632993,Gene 37,329
507.8580853874685,260.089003417698,Gene 91,329
501.55463147229744,265.0260255351832,Gene 95,329
541.1375129193951,259.4500978903296,Gene 14,330
531.3446882909352,254.62492187750897,Gene 14,330
540.3530907908366,257.4863364267457,Gene 17,330
540.1015545241618,259.97924076838467,Gene 21,330
539.8891907348963,257.657670092465,Gene 24,330
538.9717475780126,259.6141410181826,Gene 83,330
560.6339439478988,260.01013701302907,Gene 17,331
562.9620239357887,266.80585316504295,Gene 20,331
561.5274379019316,261.3541859177916,Gene 21,331
558.9088758730855,265.96787538722384,Gene 24,331
566.8032973229124,267.53534593979066,Gene 37,331
562.3257515618676,269.1873837756181,Gene 37,331
564.84318267806,261.5588871469252,Gene 37,331
564.9697287358069,268.03736774531944,Gene 40,331
566.3905667217161,260.98540035274095,Gene 56,331
567.8995396427573,265.0178177643319,Gene 57,331
564.2378980060348,262.28380918812877,Gene 83,331
558.9379736364458,264.69182318730645,Gene 91,331
590.1144490567522,266.37692062842206,Gene 13,332
588.1760224005947,265.5549420111899,Gene 14,332
595.3165207587138,260.388824105177,Gene 19,332
594.3121976601068,260.22894645795276,Gene 20,332
590.7319108118637,266.67209635041064,Gene 40,332
590.7556427474924,264.1819052626962,Gene 57,332
589.99632356844,264.74247805845715,Gene 80,332
582.9495490546111,261.9217353228328,Gene 84,332
582.5593949302206,259.3359979213255,Gene 91,332
610.4643375791371,265.8373602862396,Gene 14,333
604.836448936164,261.57773253383255,Gene 16,333
604.7967333805999,264.08587047348675,Gene 17,333
605.6420724867532,265.80436408589316,Gene 24,333
613.0143020830668,260.3394829007761,Gene 70,333
608.7266658190458,259.8357553020997,Gene 70,333
605.6141155022488,265.9979524451499,Gene 83,333
631.3884169077169,267.98125040035217,Gene 15,334
635.3287254767785,272.05547214316863,Gene 15,334
638.3722804352128,271.93600042235346,Gene 16,334
640.7632533416356,268.62894887046866,Gene 18,334
641.6681663558462,270.3500628669258,Gene 19,334
637.9651695527693,265.28320219276503,Gene 24,334
639.5091803165366,265.420298881764,Gene 24,334
637.4155935649246,268.092172606577,Gene 84,334
663.0569459693706,267.8997769130234,Gene 12,335
656.1299059665328,267.5989992172797,Gene 15,335
654.8997601599157,262.35739649192783,Gene 17,335
660.8039520268383,268.21733760475036,Gene 19,335
662.0660669357505,268.6862135084423,Gene 19,335
657.5064315762189,260.2544964448026,Gene 24,335
664.1082765569819,263.946545570649,Gene 28,335
665.0996219985742,264.69902683196733,Gene 37,335
680.8114109404764,255.660998637245,Gene 37,336
681.0246274187452,248.98081647343915,Gene 74,336
677.8344969678336,248.3670490387709,Gene 78,336
682.2047565425328,256.03227256110404,Gene 82,336
717.699423295899,257.98998801130466,Gene 9,337
720.8519796488582,256.30243737568424,Gene 16,337
710.8251403652807,255.88017509253748,Gene 21,337
720.5022686056866,255.5721349053619,Gene 22,337
721.6252307611047,255.77837902807016,Gene 22,337
720.273084536642,257.1160723792302,Gene 25,337
718.2311211067553,252.1196102613578,Gene 32,337
731.1942392405138,259.3958183534807,Gene 14,338
730.8295802424882,258.6508421641154,Gene 15,338
731.053173844497,260.30080674717084,Gene 37,338
728.1925760477933,261.5022830946431,Gene 37,338
737.2979441802165,257.48770268627624,Gene 84,338
749.681939710651,246.89127874830058,Gene 8,339
744.8289332420911,254.86663129622443,Gene 31,339
784.091954763151,259.8809493900082,Gene 0,340
780.4900310393814,260.4280434939474,Gene 26,340
779.4283609990377,254.25567063814458,Gene 27,340
778.9212677331959,260.9035288871421,Gene 30,340
783.728359229642,253.3748957542052,Gene 31,340
24.10597630860573,283.0404744170308,Gene 2,341
26.52099470081752,285.1691610815225,Gene 42,341
22.84685337609139,284.13458024687026,Gene 74,341
29.05257472737317,281.1322187709469,Gene 75,341
30.14035503510842,282.83857351377026,Gene 78,341
30.40017952865971,284.81057132747276,Gene 79,341
25.248677336280856,279.04136617662107,Gene 80,341
28.140992046296336,279.24698374831405,Gene 84,341
26.284650441732193,286.52446377841545,Gene 86,341
22.20301954696902,281.5151550757889,Gene 86,341
60.14317487807209,281.49092248332744,Gene 74,342
53.75993716013386,274.07933382902377,Gene 76,342
49.416141424643804,279.27877367793644,Gene 77,342
58.483108208322385,276.6909655376276,Gene 78,342
59.143189797351724,276.48746614386897,Gene 82,342
72.9886475707841,282.8017213181931,Gene 12,343
69.65265007529486,282.5058359539244,Gene 19,343
71.65530608031807,282.7534068293619,Gene 28,343
77.11705474741701,285.1968300417419,Gene 37,343
75.26710060693709,280.35858410771823,Gene 42,343
72.02689804725551,277.6837022300372,Gene 59,343
72.02743797145452,281.3240905358132,Gene 70,343
334.342608343142,280.10433026693346,Gene 13,344
330.4294579874622,275.0158554950407,Gene 21,344
335.3974569824107,278.5611935985691,Gene 56,344
331.2945240260915,275.15013400649406,Gene 57,344
331.0830135138907,276.7996495782797,Gene 80,344
329.02743786641025,282.0622664297794,Gene 80,344
331.06551385378407,276.55318543961295,Gene 91,344
347.02277186910663,287.5154010038098,Gene 12,345
354.4820405015908,291.17861074242296,Gene 13,345
351.1169767631562,287.4736637776017,Gene 14,345
349.50771912870886,288.12214940733173,Gene 14,345
353.17943145941854,285.5648774354095,Gene 14,345
347.34737547087457,288.25775408154254,Gene 15,345
357.3141310939981,287.5213436794976,Gene 22,345
347.9746457318387,287.03123754701716,Gene 40,345
346.830866128658,287.40308103693246,Gene 83,345
351.0530166758637,293.86797303535315,Gene 84,345
368.43417162542784,282.1885292210762,Gene 9,346
369.7835453054365,281.35615808855295,Gene 25,346
370.451456225309,282.5335477003031,Gene 32,346
373.45225624410136,286.2912512864824,Gene 34,346
364.7147174005334,285.4721628930746,Gene 37,346
366.16559292359125,291.56716288648795,Gene 86,346
404.927876327729,277.5004900345816,Gene 54,347
402.8623060926652,274.53236917690714,Gene 74,347
403.4464743547029,278.3326712677004,Gene 75,347
405.46966794755457,273.66258521172466,Gene 79,347
400.1688332480748,275.46798577779384,Gene 82,347
406.64093232863996,277.7491092790914,Gene 86,347
407.41479467489484,274.77141027459476,Gene 86,347
417.2710702379758,287.9248856850152,Gene 15,348
415.29242210113944,286.5640967571095,Gene 18,348
418.487010612917,281.14583789674117,Gene 23,348
422.62120091080726,289.1394817863078,Gene 24,348
462.05946242799104,274.89752789114897,Gene 9,349
456.24536393061334,279.7925071176284,Gene 13,349
456.17621859925123,274.3320841499665,Gene 15,349
463.84048863140436,281.5990630373641,Gene 18,349
452.9776071266995,276.55847720006955,Gene 20,349
452.8647705148797,278.4306157907191,Gene 57,349
461.2413651428995,275.4311113408914,Gene 91,349
477.6069814687287,284.1218802963884,Gene 22,350
469.43609245956355,279.6780453450947,Gene 37,350
475.6018377119248,280.39898308877787,Gene 37,350
479.64769835185507,282.99975381720753,Gene 41,350
472.5561145016181,284.6419353135194,Gene 75,350
473.5907947693145,279.66104631169134,Gene 83,350
477.1037189782182,284.4785469149685,Gene 83,350
499.7859235128551,275.78982286897735,Gene 4,351
495.7463847748019,274.602741087437,Gene 37,351
498.85467889302146,276.7914171199062,Gene 64,351
499.1658347150794,278.670394621494,Gene 74,351
493.7119775612884,280.8562632565908,Gene 76,351
495.14203035914204,274.9590221410966,Gene 77,351
502.1147902765931,277.3277439614849,Gene 82,351
491.55428471590153,276.3842279970707,Gene 82,351
495.92066798276977,282.12982363661797,Gene 86,351
496.9331642396844,273.86209926017625,Gene 86,351
546.3999827749257,278.0707567620056,Gene 12,352
542.3064149431251,272.68697831379126,Gene 18,352
541.1316879448713,271.68586624842067,Gene 18,352
542.7924981453868,279.21479989897915,Gene 18,352
534.4601746023675,273.06109770241994,Gene 24,352
543.8117152417561,273.1727771944291,Gene 37,352
541.5003848029548,281.32518048136126,Gene 37,352
536.2611343892635,282.6997057354753,Gene 90,352
555.1099588741213,281.5645465786854,Gene 2,353
556.460367043684,281.2431087132917,Gene 16,353
556.9801850933708,284.62155624848623,Gene 24,353
561.6289668044385,285.1332877844564,Gene 74,353
556.7109346116229,280.7225389731568,Gene 80,353
561.9812033777923,281.9138750876714,Gene 85,353
574.9552205641402,278.08229105285824,Gene 2,354
575.1757920928801,286.13109206857285,Gene 37,354
577.3920252577069,287.81723102707633,Gene 40,354
573.707504662808,280.90387517175077,Gene 42,354
576.0385527422421,287.7654488783992,Gene 42,354
578.3958560738549,283.0627246751735,Gene 76,354
569.9117339912412,278.1599210642668,Gene 80,354
575.2657465193323,285.033112614235,Gene 86,354
597.4257718504014,280.05164298414877,Gene 41,355
594.505173923032,282.28706909814537,Gene 64,355
598.5436145386661,282.69892271835687,Gene 74,355
591.798209496415,284.65698016248103,Gene 84,355
624.5517878227037,285.14338379328683,Gene 22,356
625.013546271894,285.35013825017137,Gene 58,356
626.7407906901797,280.678698366639,Gene 64,356
625.4964844137446,279.5652727870401,Gene 74,356
627.2542564766184,277.39012805524465,Gene 79,356
619.7461620166468,278.1428762434826,Gene 80,356
627.0667139678081,281.338939243691,Gene 82,356
639.4319175160015,281.40865562835415,Gene 37,357
640.2799809161621,278.6567130399863,Gene 42,357
642.2029833509845,278.1993573429247,Gene 79,357
645.2263713688517,278.0266247907834,Gene 79,357
644.9595932951821,283.5817011416744,Gene 86,357
668.9396525301112,285.1716634447203,Gene 13,358
671.9257357182996,285.08533423331784,Gene 14,358
675.5521542726959,283.5478442590221,Gene 15,358
671.3519040472523,284.65396004592395,Gene 20,358
669.1564694844527,285.10153500927515,Gene 24,358
664.9683439552203,281.50779885753775,Gene 80,358
700.4888708479295,288.4366810958232,Gene 12,359
707.8706841255204,287.3334438619983,Gene 13,359
709.5375214414632,286.2734624850768,Gene 23,359
702.8421861564735,283.20391868539025,Gene 37,359
697.8363895170816,285.0816692399045,Gene 40,359
707.7729031106293,282.55793136521356,Gene 55,359
699.5312413633484,286.5320119394877,Gene 70,359
706.3786761164059,289.22711019520415,Gene 80,359
699.5963497300129,287.95934059825015,Gene 80,359
703.8313774175273,289.4687925473479,Gene 91,359
729.1817580905071,279.0779505222857,Gene 27,360
729.4581204070766,288.7710072848477,Gene 30,360
731.015932975871,279.52122677577114,Gene 30,360
729.4297870610058,287.75553983685444,Gene 32,360
731.5857270083144,276.3800048488512,Gene 65,360
737.8708005656633,281.75746714645453,Gene 66,360
728.5127733011403,288.1864963264698,Gene 83,360
739.5659012752354,286.2785554964138,Gene 16,361
746.52175528948,286.5919179187193,Gene 23,361
739.7723967676192,281.97440944381094,Gene 35,361
744.5439954399956,279.92891511880305,Gene 37,361
746.4084726539868,280.6017351610849,Gene 37,361
742.9960794274651,285.96500305486654,Gene 70,361
750.1430042891632,282.7062025807278,Gene 70,361
749.5132000756885,283.4240657444273,Gene 84,361
740.5176582554294,279.67001604628905,Gene 86,361
776.036895853304,280.4547562328342,Gene 37,362
765.1806015773237,276.9238678646259,Gene 61,362
775.9383697221624,277.1363928879692,Gene 74,362
776.743608090331,276.8113154757756,Gene 75,362
770.3555660503065,273.472460442885,Gene 76,362
774.1025883038865,283.81655150275236,Gene 77,362
768.1682988490389,283.6081973194982,Gene 83,362
767.2371065230411,283.8087171495735,Gene 84,362
773.4332688130927,273.43558504799347,Gene 85,362
767.8801599295642,283.23264822524686,Gene 95,362
5.472519779590399,305.537039619322,Gene 3,363
13.882391483140285,304.597343197456,Gene 10,363
4.516186111652232,306.28933506342315,Gene 14,363
15.37120656073695,304.3988622253642,Gene 37,363
5.678618701277166,301.21588162622334,Gene 39,363
15.51701337637668,304.49583340452153,Gene 80,363
13.787682242606369,304.77521228972046,Gene 80,363
8.598005566194924,306.0861315921784,Gene 80,363
4.227263712679065,303.26436811271316,Gene 86,363
36.560503454317654,303.52181035221105,Gene 17,364
39.35869457957281,298.8096542712708,Gene 22,364
27.03458939376472,302.20563351071235,Gene 58,364
28.56403032019024,304.21226174938676,Gene 58,364
34.34882823190468,304.7222948832259,Gene 74,364
32.23434570753555,306.34096520415073,Gene 75,364
32.78509144962254,304.8129354864705,Gene 80,364
35.82648500295477,294.3705908583621,Gene 82,364
65.9673031517882,314.17226689847234,Gene 13,365
58.43175220964191,306.1213056217315,Gene 13,365
59.90080493845877,304.68376139620597,Gene 14,365
65.86846048187581,307.3848421475827,Gene 16,365
69.042197130527,312.45212762280437,Gene 19,365
66.59823685784016,311.6603205086797,Gene 21,365
66.48242339749197,302.3013333077339,Gene 70,365
58.144416735621284,307.3519495987757,Gene 79,365
57.57710500119353,303.9720449008271,Gene 83,365
88.03616875631394,306.8019320374461,Gene 14,366
81.5668924893786,304.2621493744304,Gene 15,366
87.50038271183315,299.038735407981,Gene 18,366
80.96724870256561,301.0074714473302,Gene 20,366
86.9781779795296,298.6010884986701,Gene 21,366
85.88878639314551,298.25783694163175,Gene 23,366
80.46089283168065,298.61694290164496,Gene 37,366
80.48334470482243,304.97909847027637,Gene 86,366
116.88673164974425,300.8571473482772,Gene 14,367
111.7961283645334,302.9803228034683,Gene 24,367
114.112098945524,304.55781605593336,Gene 37,367
114.77669534676032,301.6246434809175,Gene 37,367
106.62542008799528,296.6070195472132,Gene 59,367
107.6854242019083,301.1663357916322,Gene 80,367
333.1139208415503,292.4699029144712,Gene 13,368
332.76958558757747,289.5514920342181,Gene 14,368
321.86202519640693,290.4174293910019,Gene 14,368
328.24604585266513,288.53123847826623,Gene 15,368
331.2749455579004,290.01435580620847,Gene 15,368
333.7394347267009,290.04120209342307,Gene 20,368
331.52834953532886,288.2262780938684,Gene 23,368
324.632210590601,295.6640319616705,Gene 25,368
328.48302854176177,287.91975734071656,Gene 32,368
324.81276673036547,295.342618999432,Gene 37,368
322.9162099875509,290.39674257265295,Gene 83,368
331.2369117900606,295.7844052008594,Gene 86,368
361.90322744520824,302.80167821335914,Gene 17,369
365.9586418333647,297.98956541519794,Gene 37,369
366.58834434745944,296.95282410753504,Gene 74,369
365.60876911068385,298.37410585687996,Gene 76,369
362.0322853046088,299.3533004912096,Gene 77,369
364.22240777070516,302.65924948179196,Gene 79,369
369.4773078970242,301.06709500324973,Gene 79,369
367.80541754384484,300.51203382847194,Gene 79,369
361.6399348833746,299.2026269900556,Gene 81,369
385.0156729864967,295.66728440889824,Gene 13,370
375.57290855513554,300.756021666706,Gene 14,370
383.12167102070003,299.757941012557,Gene 42,370
373.4968240610186,297.5882202464377,Gene 69,370
416.69825321994176,306.9264893265878,Gene 22,371
406.0255456811296,309.2822890159778,Gene 55,371
413.28577952772486,301.4337162625732,Gene 57,371
410.5690636497037,305.0165362671904,Gene 80,371
417.3014402167711,305.2341876729537,Gene 91,371
434.0894922158,303.59220860838707,Gene 17,372
434.84832450856516,300.2427262448435,Gene 74,372
434.8136206650599,301.73920391325794,Gene 75,372
436.53253851750225,302.2146104272657,Gene 78,372
434.17430079555163,301.04999240596374,Gene 81,372
442.87157694620623,304.78376942461836,Gene 82,372
444.5867301156853,302.15621410681746,Gene 84,372
469.6480862713105,310.18990046609116,Gene 12,373
472.53598628614475,308.87498078472,Gene 57,373
468.60295082431975,311.0472874121447,Gene 70,373
465.41555372009043,306.676952108643,Gene 70,373
468.1026816449345,311.86139011319784,Gene 80,373
481.8195710064909,299.2407520556066,Gene 22,374
480.94582303330975,298.42293077429207,Gene 58,374
488.1966951731631,303.37067718164343,Gene 64,374
484.7204660444365,303.7818864616861,Gene 80,374
539.3356076820573,298.70063208566336,Gene 14,376
537.5315387392916,295.998510225466,Gene 16,376
550.0858081204126,297.50983168072355,Gene 26,376
540.6305558087236,290.36112928764635,Gene 29,376
551.8752153358694,298.9565625390881,Gene 30,376
551.1436028105848,294.96844098597546,Gene 30,376
539.9336935490078,295.53851791393276,Gene 30,376
543.2513262355981,292.0107993795501,Gene 33,376
540.388508951506,292.5992462856616,Gene 33,376
552.0947996429401,297.8119692548807,Gene 51,376
546.0518878103952,292.36609682587004,Gene 83,376
542.1744156602764,297.43375220472825,Gene 87,376
557.6223639863384,300.86990941124964,Gene 2,377
552.800497125514,303.3770553877308,Gene 22,377
553.7381836431649,304.8893459265086,Gene 24,377
552.5376329686252,300.64889315670547,Gene 37,377
550.0818582502886,301.6437143538779,Gene 46,377
559.1383141245668,298.0033487164959,Gene 87,377
591.3924921919478,301.2920833800361,Gene 14,378
583.6474703431163,305.10109420940347,Gene 14,378
587.5210750579083,304.0684889555815,Gene 16,378
582.1727394013511,303.1857828286799,Gene 34,378
583.3382132767905,301.80464470038277,Gene 40,378
589.1351630130326,299.00443670200434,Gene 91,378
618.2795795978944,303.03388279364094,Gene 3,379
626.3201979257433,309.28676761702525,Gene 9,379
625.4120068753967,307.3598469600824,Gene 35,379
624.0629567756438,302.91157613287874,Gene 51,379
623.8265319160674,309.2146646691455,Gene 68,379
630.4499545340004,303.6673471664228,Gene 15,380
624.6353400370858,299.6116949157387,Gene 15,380
634.7208649480363,302.6864839201882,Gene 15,380
625.7324964946245,297.0995883227321,Gene 15,380
625.1672713115044,298.43124402631713,Gene 19,380
634.8914969412461,299.4261765334112,Gene 19,380
628.4329869268277,299.51535606266424,Gene 23,380
621.3887051863984,301.55715429950766,Gene 24,380
625.1634310179483,303.91560332779176,Gene 25,380
630.020490144799,297.93308284571634,Gene 31,380
626.2953259612563,297.6709017886662,Gene 35,380
626.6459576549158,303.2641433595457,Gene 39,380
628.862073567145,305.46681834626423,Gene 40,380
629.2037167304547,297.083871065468,Gene 69,380
670.2512064801982,294.1185461412063,Gene 74,381
673.8833463161283,291.072405948657,Gene 84,381
673.7708469005476,288.94371779398665,Gene 86,381
702.4150404975353,309.22436856214136,Gene 12,382
703.0286345485194,308.078696939959,Gene 15,382
700.9755059354189,300.9539556543761,Gene 24,382
696.0339184796371,306.2427451147238,Gene 37,382
703.3877686137223,305.9267131732556,Gene 46,382
697.0615815308141,301.8800300727577,Gene 63,382
701.5146379748214,302.1276345470589,Gene 70,382
694.9802789966842,307.86519136274325,Gene 79,382
693.7835502467284,301.13691289854455,Gene 84,382
709.6024394788378,301.74777955369103,Gene 14,383
713.946204732425,299.1533821343545,Gene 16,383
718.3121202302785,300.22264368894656,Gene 22,383
714.6126074998946,304.26324737872153,Gene 40,383
709.6441460919785,300.70586067991115,Gene 63,383
733.2773680753346,308.59118335925194,Gene 12,384
733.8736125547207,300.99301182913814,Gene 17,384
732.6035403009967,300.3240144525337,Gene 19,384
736.5713065035056,307.4877600658393,Gene 23,384
727.6048056790115,307.0297225466969,Gene 40,384
732.3127165197641,301.1379252426386,Gene 76,384
764.3948155395153,297.5236349842688,Gene 4,385
771.6718463265952,296.2196087462008,Gene 15,385
771.1007988491153,295.72816712228536,Gene 15,385
761.66527040463,294.24974793899906,Gene 20,385
772.2732870097981,294.9711575691875,Gene 34,385
758.4881227886324,295.5509476505225,Gene 37,385
797.74726524145,316.16699289685454,Gene 15,386
791.5231127615593,308.649012606131,Gene 24,386
28.747237241824298,328.80843863273765,Gene 14,387
29.99879370899657,326.23522859968597,Gene 18,387
27.287981167751333,333.4001377960572,Gene 23,387
28.253841192142545,331.87649153128314,Gene 24,387
28.741426629974058,326.6103638106807,Gene 37,387
31.16821704840225,335.94971126557346,Gene 74,387
25.13894089338648,329.3446406389198,Gene 86,387
43.81400941613055,321.6557604325781,Gene 40,388
38.729416371567574,321.0623359492628,Gene 40,388
46.22082768071948,318.6673277509159,Gene 41,388
40.48432061900823,322.4381356637779,Gene 63,388
45.6269644619406,321.0495382164343,Gene 79,388
44.31966141520293,316.414861798765,Gene 80,388
45.656486411991686,315.11240205179206,Gene 81,388
40.84319638165489,319.4698900473608,Gene 86,388
67.15895157828157,322.8894582402066,Gene 0,389
74.68639794890863,327.646423999877,Gene 28,389
69.78110028076347,326.3643755579879,Gene 30,389
77.46021144654301,318.8956622348146,Gene 37,389
77.81192919923637,317.1268135767964,Gene 58,389
95.81509953025547,317.7793158258576,Gene 14,390
89.60313918489088,325.73265068888753,Gene 14,390
88.90109388995137,323.3094761185235,Gene 22,390
91.09027237758484,320.89675836422424,Gene 22,390
96.96096498038116,320.3720644778948,Gene 37,390
91.61109542393531,326.3716451580648,Gene 40,390
92.5559532746229,323.0169970210079,Gene 40,390
93.60985112878522,323.7876174093488,Gene 56,390
99.58395375681181,322.03848702950336,Gene 80,390
92.06917352759581,324.62807233649164,Gene 80,390
125.8065249193289,317.3249897256728,Gene 2,391
123.45149856006832,319.52260437364816,Gene 46,391
115.89619008729328,313.59086216754804,Gene 58,391
122.69859019416685,312.23584000759894,Gene 58,391
122.68007921340907,319.36899185248,Gene 61,391
119.53229367194352,314.84585406475617,Gene 74,391
125.966656666661,315.9869842502837,Gene 79,391
127.26136894576152,314.2017716977576,Gene 80,391
126.35128334134451,313.4339120675198,Gene 81,391
118.16586486496095,317.76275953409316,Gene 97,391
145.02916907837783,333.437654761529,Gene 35,392
145.4027009964994,333.17433704451474,Gene 37,392
144.2105286122554,339.6611276713294,Gene 58,392
151.0188615819946,341.80846560449993,Gene 59,392
148.4827714062605,334.2613205451656,Gene 64,392
144.1502385151775,342.4824134554723,Gene 75,392
141.9359452591178,337.5960729442198,Gene 75,392
151.4449084006185,338.65533616026653,Gene 81,392
141.72747981138536,334.8616089542856,Gene 82,392
385.7791841287856,329.1282896035915,Gene 29,393
388.71290062511343,327.0708398444299,Gene 30,393
388.9644099793219,330.5145845841626,Gene 32,393
382.2659556194039,324.8460582503946,Gene 41,393
386.83316930852214,325.17611037422466,Gene 52,393
375.8973776957926,326.4352074879738,Gene 56,393
398.7358068599016,320.05365363146996,Gene 12,394
409.64254987812063,317.2020993309585,Gene 15,394
408.26779104445194,317.3897123120155,Gene 57,394
400.1917054938091,319.39496708482875,Gene 76,394
430.11708043591034,330.65069096559773,Gene 22,395
419.2289328201755,331.84190092743773,Gene 22,395
423.8303589781049,335.05935600346845,Gene 61,395
418.7051842331531,329.40951512996713,Gene 74,395
426.0157294571093,328.32641469267594,Gene 82,395
424.51625849293976,334.9632388279612,Gene 82,395
423.9082954688325,328.2011625182256,Gene 86,395
428.0355942647361,332.54184892633606,Gene 92,395
454.41461417659315,332.1423181679604,Gene 4,396
448.5978399337097,331.5129719300598,Gene 14,396
451.3715546912721,328.5433122324097,Gene 15,396
454.18282800673757,331.198101706203,Gene 17,396
461.5836566579933,319.21782114478685,Gene 27,397
462.3216337874151,319.4380434276462,Gene 33,397
464.2613480814098,327.7553232229661,Gene 33,397
466.6946968559646,326.3228170281655,Gene 39,397
465.08768168595077,329.1885972391879,Gene 61,397
460.6683225364729,328.585468029837,Gene 66,397
487.0640590196997,331.4752155937412,Gene 17,398
485.65971355153033,330.19688684411364,Gene 19,398
488.46177108855125,331.13604032828925,Gene 22,398
489.0397962094515,332.80003648198414,Gene 23,398
498.4467735325827,328.82622210543315,Gene 56,398
489.6248944347116,333.71559247241186,Gene 70,398
487.4144080827168,335.631471833754,Gene 80,398
492.03144519401536,335.7355867381796,Gene 80,398
524.0691137931119,330.8691327168785,Gene 22,399
530.5544380666637,329.35813449767465,Gene 30,399
522.8255553394614,327.0902586379876,Gene 46,399
528.2489516612701,330.1936272853437,Gene 46,399
523.7780646439952,328.335453929617,Gene 74,399
524.9431098984846,329.1978561975003,Gene 74,399
525.1237244793147,327.58804546528694,Gene 75,399
528.0951288350012,324.3228336919382,Gene 80,399
548.3134789974304,329.60740691326765,Gene 2,400
549.767482838709,321.9828641919833,Gene 2,400
552.6234427788551,325.0123858376201,Gene 14,400
550.0930461362988,331.32664862636193,Gene 14,400
547.270119293982,322.6099147627634,Gene 19,400
546.0724671432663,326.93288736703425,Gene 76,400
554.2362139909571,329.1906574828468,Gene 79,400
573.2934036826402,321.59913881856824,Gene 15,401
566.9444696856524,326.52747204375834,Gene 15,401
565.6552497369403,323.3330474485393,Gene 21,401
571.2693764895714,320.5852212169478,Gene 22,401
570.5366822257151,319.37964653735486,Gene 23,401
571.8320494526387,324.4033072592972,Gene 24,401
572.1823505813007,323.22245164198347,Gene 25,401
568.4388266254293,323.1239174562765,Gene 57,401
569.6850514436748,323.33756990426934,Gene 70,401
571.3689227182348,320.0242288313093,Gene 83,401
599.4305983976191,313.51816781139047,Gene 22,402
608.6285005771571,318.8267147698525,Gene 40,402
601.4204486846722,314.18164914749576,Gene 44,402
630.5855272313316,327.89378712661585,Gene 37,403
622.9653631176701,329.1477199531434,Gene 37,403
623.6009019315804,335.05982169593216,Gene 58,403
622.8926293046327,329.60698370739414,Gene 75,403
623.070775797565,333.2359178917269,Gene 80,403
625.3412200918706,338.0138899739338,Gene 82,403
621.4119276244268,331.5978687326096,Gene 95,403
660.7122077470609,330.05850866919036,Gene 15,404
656.8526587243254,328.5219146466307,Gene 19,404
663.8820421874728,323.1575706121074,Gene 24,404
660.6210552211154,322.4753040734139,Gene 84,404
663.683544687329,322.26584221903397,Gene 12,405
669.8817027516516,313.47601771418067,Gene 13,405
672.8149799202955,321.623466477061,Gene 14,405
674.6930221550585,321.4647746752281,Gene 14,405
672.6263665054072,314.31601494103694,Gene 14,405
672.1384065250668,319.76888114485655,Gene 25,405
663.361994929812,317.9553458232127,Gene 40,405
673.2380896035306,322.52901617275927,Gene 42,405
670.8549024916889,324.59694653110347,Gene 86,405
663.7841882347375,321.7753239666515,Gene 86,405
693.1756322548334,318.7418480931151,Gene 37,406
693.4070781178932,320.1841130409936,Gene 80,406
700.0956634793996,317.7909183690926,Gene 82,406
693.6497263679358,320.1689580152559,Gene 84,406
698.6152273101249,316.27870133824234,Gene 95,406
723.5982304385816,321.96313302054284,Gene 12,407
718.4012088523273,323.3759795860613,Gene 13,407
726.4281249695753,322.7047753194764,Gene 14,407
724.4448744800909,322.1142385092076,Gene 16,407
719.3529904434895,322.76513523420476,Gene 23,407
726.7829637968474,324.96861714229226,Gene 76,407
751.4648074209287,326.79524108302616,Gene 2,408
754.3200506125443,335.4734949219825,Gene 17,408
754.3800893087908,323.2534386486237,Gene 28,408
750.1481188776876,332.534445738611,Gene 59,408
756.2035033260587,334.2094221887262,Gene 61,408
748.0177443650226,330.34157183966937,Gene 80,408
749.4171790447474,328.7300425029713,Gene 80,408
751.213371880707,333.68724867001345,Gene 81,408
778.7232205351936,333.037390376979,Gene 26,409
776.8327048502401,330.0115728202356,Gene 37,409
779.4433770557466,336.51599179802145,Gene 41,409
772.8340717003857,339.0184393605148,Gene 46,409
777.449422339107,329.3804948197488,Gene 58,409
771.430304615478,332.94095267274,Gene 61,409
10.643456299505154,338.923050072011,Gene 14,410
15.655416913187654,342.0945356338105,Gene 22,410
7.5495917372086545,342.6347728191708,Gene 23,410
10.475082509930735,336.7250655410269,Gene 80,410
31.764909849182185,352.89591243335803,Gene 30,411
25.395547681588297,352.8810373514934,Gene 42,411
28.841225578015262,345.8318025362669,Gene 57,411
30.41523292355538,352.0074221367161,Gene 63,411
30.31427363125593,356.91902948749924,Gene 74,411
32.49959954281272,355.95224210717356,Gene 74,411
31.066550980918045,355.0300031571133,Gene 80,411
35.182513838195526,353.7394822518726,Gene 80,411
31.642431929879397,346.8340559825913,Gene 81,411
33.72237317561735,346.4634117285232,Gene 81,411
33.59177485788894,351.03349182644314,Gene 82,411
26.5974699788115,354.02381425238383,Gene 84,411
26.874045289700668,350.0676543785617,Gene 85,411
24.641196488236645,347.6306175832882,Gene 87,411
65.2511975873021,351.9677092009224,Gene 15,412
55.80723000156357,352.85918007584735,Gene 40,412
62.50838692996889,354.35974504635396,Gene 70,412
57.225827428595395,356.8158779885485,Gene 70,412
60.90572489050243,355.69918028732036,Gene 76,412
62.27113814065574,357.4421664138608,Gene 80,412
79.90926320510252,344.908436594909,Gene 3,413
81.54067038655191,347.6223090616179,Gene 13,413
79.46235969628712,347.60782089584006,Gene 15,413
82.22525373893077,343.15549893942836,Gene 15,413
85.23827815204959,349.9421941082304,Gene 17,413
88.53892141053889,350.0030404301418,Gene 37,413
81.08663480913751,343.5197703448828,Gene 37,413
79.87312066668095,347.6241799919223,Gene 83,413
112.81452232999379,349.42766035175754,Gene 2,414
117.14818132692454,346.8870263119181,Gene 58,414
115.22113831847399,347.53890771288224,Gene 63,414
112.19929788851938,343.39522350997,Gene 74,414
108.51326444145548,343.3611734633409,Gene 74,414
109.70523728002826,345.290819760031,Gene 79,414
108.86913869193154,343.0299927563778,Gene 85,414
151.94143084949883,352.21593017790104,Gene 23,415
143.56951259286072,351.0423630848899,Gene 24,415
143.83900882157792,353.1182519330182,Gene 37,415
145.83819227433375,354.2074281448304,Gene 55,415
149.5078890731015,351.54491566019277,Gene 57,415
147.42056030128774,349.2609369565023,Gene 70,415
143.43778477850933,349.803887740884,Gene 76,415
144.47675092002905,352.1905954416764,Gene 80,415
150.5077407824169,352.07238326737763,Gene 83,415
149.05092057186033,351.56187890232184,Gene 3,416
158.17938868638865,352.8390649720212,Gene 8,416
156.3723013574731,359.3969362296634,Gene 32,416
150.86057850393786,351.32393740311664,Gene 41,416
150.5947022346919,354.617563466357,Gene 51,416
148.30796259751375,358.0740446988843,Gene 69,416
159.96617444961421,354.4337095313712,Gene 79,416
160.41117071250832,352.74460726789266,Gene 83,416
185.89551308447338,348.2406205146138,Gene 2,417
182.12249881236934,348.00106761701323,Gene 64,417
188.86661224916458,344.47825437249014,Gene 74,417
185.12932627006904,350.33129158832816,Gene 76,417
183.83075843720368,349.5219292527955,Gene 80,417
189.6564184392346,348.6686355085128,Gene 87,417
433.86683421715463,339.9024162776822,Gene 13,418
444.8579281701683,343.7524393322679,Gene 15,418
439.2270001703487,340.4028446775924,Gene 16,418
437.0931389193591,337.64289671106815,Gene 19,418
444.2127836499355,339.4261079469392,Gene 24,418
438.60752178421296,346.5333135348288,Gene 24,418
441.47565640566404,343.00594389814734,Gene 83,418
465.1196684445831,357.368359272914,Gene 22,419
455.06977626937254,357.04713810591625,Gene 41,419
465.0091482213138,354.41074299436906,Gene 74,419
458.00510762451535,358.2842810115948,Gene 76,419
493.6572128528816,345.22683339419245,Gene 4,420
491.849302807974,343.40153088001523,Gene 59,420
488.6578940727587,350.75439611934354,Gene 80,420
507.49946929227775,350.78783783623015,Gene 13,421
502.119346265756,355.0459143414612,Gene 18,421
504.83978644596556,351.73521797972035,Gene 20,421
507.71751685986624,355.12556480218706,Gene 20,421
504.96127416450037,357.11612821945045,Gene 20,421
508.7936394294021,351.5002722379414,Gene 22,421
509.09190001509216,356.06526049297304,Gene 29,421
508.0267727298497,350.6445552657894,Gene 70,421
503.4667920139204,356.17195158126833,Gene 70,421
504.1631435165911,355.6948304977459,Gene 80,421
542.1128609086988,345.7094077919483,Gene 15,422
541.9172894419943,348.22052460678265,Gene 16,422
546.3579610241784,346.86513551729996,Gene 17,422
543.1652737761898,346.74882524413596,Gene 52,422
545.1525799792119,349.12081935406934,Gene 57,422
548.5387056274099,347.4725341446692,Gene 70,422
541.7793277194451,350.6075298132052,Gene 86,422
565.2857260764517,353.13659721195336,Gene 28,423
569.6697012605524,354.8323725485567,Gene 57,423
569.7653629698096,354.3227611342978,Gene 57,423
571.0672025928627,352.70418688504736,Gene 80,423
591.4315879629941,342.11422217439844,Gene 15,424
593.3089145402082,346.2257576342033,Gene 84,424
602.2485552489976,349.3738545170141,Gene 15,425
598.2983289124123,352.7158027459277,Gene 24,425
597.6563245659315,352.35214216703304,Gene 24,425
648.9956298245102,348.56590796966725,Gene 4,426
648.2045634886357,343.08073042840357,Gene 9,426
648.230175843264,342.4764779433654,Gene 11,426
642.4644124530662,345.3830274081029,Gene 15,426
643.051750865034,345.046519445715,Gene 15,426
645.4878179012698,349.4357438994441,Gene 69,426
667.8381198174299,356.96488883763266,Gene 40,427
661.4988139496708,356.1315543904179,Gene 58,427
666.3715289411201,352.65257290916355,Gene 75,427
667.4284810271281,356.15767801996407,Gene 77,427
660.8064122112811,353.3165943752114,Gene 80,427
666.4654662986051,356.9258250901534,Gene 81,427
661.2269416341371,357.62425372714466,Gene 82,427
663.7609429298085,350.7147712764014,Gene 87,427
687.2682760818066,343.4490552673979,Gene 12,428
686.3734148370362,347.1297783886413,Gene 17,428
693.08886472797,348.13195785162657,Gene 32,428
684.5409152542993,346.5468370251133,Gene 40,428
687.3062759223748,344.4905810320718,Gene 69,428
695.6847477799209,345.7586757019354,Gene 82,428
707.8618524415937,354.62135741587946,Gene 13,429
710.1185336423939,356.3314048931836,Gene 14,429
714.8302710009223,350.96321025450686,Gene 15,429
703.8887380813457,351.6072051151409,Gene 18,429
709.3452652027615,355.3458191772072,Gene 80,429
712.5103497808835,355.9994395812533,Gene 91,429
741.249374385412,352.08497270013595,Gene 29,430
744.5628167508858,353.06415431531275,Gene 30,430
739.0757676324002,360.9985958499908,Gene 32,430
740.3021136691797,362.69534963301567,Gene 33,430
768.3935863970381,340.9559613237439,Gene 8,431
758.0002942509345,337.8577947310331,Gene 26,431
770.4366848388341,342.27072471263625,Gene 30,431
756.2482368334715,338.05496237592723,Gene 32,431
766.6313037165012,343.78346711351173,Gene 35,431
757.4214766805882,340.4261241858172,Gene 51,431
760.828122908891,346.493898187752,Gene 65,431
764.2146699394906,346.85874434801013,Gene 99,431
784.3621828256997,331.9852546991903,Gene 28,432
783.6126099283166,333.0148376541031,Gene 28,432
785.918047197472,336.7168415747689,Gene 30,432
778.0788440012991,331.2005397316292,Gene 35,432
782.4976136268823,335.7888406275722,Gene 37,432
774.5642467133256,333.8760111645205,Gene 51,432
785.1558768857313,337.4064286289953,Gene 61,432
784.012373778075,338.69744464968863,Gene 65,432
781.5436509502942,337.62535160190913,Gene 82,432
785.1917820539348,332.1353746600892,Gene 83,432
21.631877596532018,370.8422503012627,Gene 13,433
25.080750783123825,369.2653990233316,Gene 20,433
34.400288217480096,368.2048623209784,Gene 22,433
23.17940647074392,372.2749434506056,Gene 23,433
32.692725021217825,370.43647756824686,Gene 25,433
32.273034068448176,371.3708552512162,Gene 37,433
24.6616000326834,373.00100042982575,Gene 49,433
39.28001145740772,366.26493363675087,Gene 22,434
40.942959283715716,369.8235324029915,Gene 40,434
37.15564963188427,369.96945862432517,Gene 63,434
41.25825650844871,368.8734566816276,Gene 74,434
37.750027970456095,366.75957555626115,Gene 75,434
42.203105280121314,368.765343517483,Gene 80,434
42.6217572291631,369.2232755830838,Gene 80,434
35.02355022349788,368.63917986752966,Gene 83,434
79.09747290738355,375.21163602029065,Gene 3,435
73.67993332184011,370.0562560639573,Gene 14,435
78.94356920758771,370.88636711711723,Gene 15,435
80.39911737197502,374.4501494524986,Gene 23,435
79.7527445073707,374.6147594698998,Gene 63,435
78.11119055746124,372.4116232693869,Gene 78,435
101.04534197424522,370.8854407035388,Gene 4,436
103.80729408901102,377.19266442443575,Gene 80,436
103.67688125026397,371.3986603612453,Gene 80,436
96.63019508710228,373.89888313096947,Gene 86,436
129.8236228003702,369.5240791415728,Gene 40,437
130.41354567711497,369.87743496920467,Gene 64,437
135.51230084780437,371.1163855696695,Gene 74,437
129.69520232080657,371.44565446056913,Gene 79,437
129.28275267774518,371.24052607879014,Gene 84,437
133.11884132932917,373.6301465711981,Gene 86,437
142.8244997818745,368.89363847568904,Gene 37,438
142.35620988209138,369.86213007052027,Gene 37,438
146.51820325814734,368.43786387711606,Gene 74,438
148.73050276005787,371.6763488265293,Gene 74,438
143.8013275833178,371.1314119958015,Gene 74,438
149.0965622073022,367.96646154668286,Gene 79,438
146.06393465497572,367.25799992079527,Gene 80,438
151.6040451600093,372.85094954635804,Gene 82,438
147.7345168940569,373.9911495632007,Gene 82,438
181.73194392470702,367.00074443846705,Gene 6,439
180.37974042006022,363.1960293075592,Gene 58,439
181.74378205493264,367.73457265515543,Gene 74,439
179.9110091090104,363.712368081904,Gene 76,439
178.51097816351046,369.66606219067825,Gene 87,439
176.15778844163117,369.30289950280763,Gene 98,439
195.15395326664924,374.24273782852345,Gene 12,440
196.69626373774565,367.98307784103355,Gene 14,440
194.71365175540612,368.5366177504007,Gene 14,440
193.3951150751123,368.4766222411691,Gene 24,440
190.6776180388927,374.1398481601742,Gene 37,440
195.87688064193722,372.76446178758164,Gene 40,440
197.2304640464123,369.90745318489894,Gene 42,440
193.68819590571476,372.6193681377703,Gene 55,440
189.697403541451,370.39029251501904,Gene 83,440
220.43865772779432,376.1893352744419,Gene 3,441
224.28165628458032,381.319679200226,Gene 17,441
219.64667217678976,381.97943229116646,Gene 22,441
221.50477562368147,379.94765922200895,Gene 37,441
222.6026029663388,380.66476642348164,Gene 41,441
216.31101053926844,376.8456184854935,Gene 74,441
218.04644816628232,378.08934107020036,Gene 74,441
223.5605705199613,379.89587355754315,Gene 87,441
449.6771503177854,361.47035353289436,Gene 40,442
449.622972644257,368.10600555534444,Gene 59,442
453.738605517347,363.98729095858585,Gene 74,442
444.6161874724267,362.69462755023227,Gene 79,442
449.7984295568763,365.02374914172685,Gene 80,442
445.4061310878122,366.881791462633,Gene 84,442
445.61942098339034,366.5067553198573,Gene 85,442
450.9217771726294,365.30565317736756,Gene 86,442
474.59687259573934,364.38778822798963,Gene 20,443
476.42135912992546,369.4601710635785,Gene 23,443
467.1890982514484,372.42266843608076,Gene 24,443
471.1979436740684,365.61852917929065,Gene 24,443
470.2850571005595,364.24516927004504,Gene 40,443
469.0627209029224,365.0556136186695,Gene 80,443
468.74220274630215,368.5975994170224,Gene 91,443
490.24759225991505,360.609229538557,Gene 3,444
496.4187971962491,357.2761235484116,Gene 17,444
491.9702402678468,368.5493794539972,Gene 37,444
495.6934868855487,365.5023380629238,Gene 40,444
494.54737390967944,364.29405277600216,Gene 60,444
492.8010421175329,363.4448279455278,Gene 75,444
496.5707088638083,365.3962013979385,Gene 75,444
490.79129512161524,364.0532807345759,Gene 80,444
490.9739827301668,366.19165969457777,Gene 82,444
520.7750132601055,365.89602053572787,Gene 12,445
522.0002710291128,371.7863048832966,Gene 14,445
532.152316216804,367.829192692529,Gene 19,445
531.2420679253153,370.1872997953314,Gene 23,445
525.7294210408342,365.68948328416843,Gene 24,445
531.1125453850922,367.0362187844764,Gene 24,445
521.0781656423738,372.0929014979842,Gene 37,445
531.2078540941083,368.2791417014925,Gene 37,445
523.0097488600826,367.8434446926476,Gene 40,445
527.090429589934,364.4172565089473,Gene 40,445
554.1878146323618,379.55916136550525,Gene 37,446
549.8877377867527,379.46606481205276,Gene 40,446
559.1600623190216,384.0555210423171,Gene 46,446
559.5293885955738,383.5894922413585,Gene 76,446
556.8923249737868,375.41114578728445,Gene 80,446
551.0325513855313,383.23913106259124,Gene 81,446
555.8286458458091,385.6577853821883,Gene 83,446
567.8814449399163,373.8926448800766,Gene 2,447
574.61914164672,374.84592345912966,Gene 2,447
566.4646997254977,371.645498135602,Gene 35,447
573.3266558644884,373.9869624524066,Gene 75,447
573.107800990652,372.14164751757625,Gene 81,447
568.58610550759,368.27153539495504,Gene 82,447
564.1835212214728,370.82286147543977,Gene 98,447
603.7632597652681,367.19936414934756,Gene 12,448
602.92512336455,363.5980188311316,Gene 23,448
597.6383911569493,369.13741105841274,Gene 26,448
600.1593453230612,365.9058323693094,Gene 31,448
595.3833234866855,367.26264684927247,Gene 37,448
603.1951520288604,367.16935118097103,Gene 70,448
595.5603266841821,370.2273182596901,Gene 76,448
615.0555018440052,359.6806007295561,Gene 37,449
618.1590915488651,358.85801481260216,Gene 37,449
616.9387764343376,361.5052787081232,Gene 40,449
617.1652325148534,365.67299838288477,Gene 57,449
649.4613513603645,365.86999539674434,Gene 15,450
645.2987198504907,365.0390828914898,Gene 15,450
643.1604091341707,368.9523470748162,Gene 16,450
647.8459718795301,369.69095002290777,Gene 20,450
648.0895537606915,365.54303477307457,Gene 22,450
646.0173275199191,365.20520213721136,Gene 23,450
643.1224033324007,370.287965218096,Gene 23,450
652.2050898887796,368.4268887413571,Gene 23,450
642.9559051473052,369.3557197109091,Gene 37,450
645.6450211292762,370.7239780829885,Gene 37,450
650.3012244729712,371.3016443465451,Gene 69,450
643.9232683721801,365.2358602375193,Gene 95,450
675.4808170644661,367.2860622664276,Gene 8,451
675.2268314465043,364.175442480317,Gene 29,451
667.97935241069,365.49513184329055,Gene 33,451
680.1857944059824,368.0209775847959,Gene 37,451
672.5786655326176,374.9373620424868,Gene 38,451
671.2547135899878,365.0270059011852,Gene 38,451
674.3219341592527,364.5910038532608,Gene 51,451
700.9596127178384,365.4643572648906,Gene 24,452
703.5077628584238,362.4240968009867,Gene 30,452
702.7467693039096,365.801867063838,Gene 59,452
703.2292191031052,360.04079775978585,Gene 64,452
704.3763005245994,368.36481061181547,Gene 74,452
704.8366185303023,362.7971537308939,Gene 74,452
703.6406186321764,364.8404641523334,Gene 79,452
705.3735498320283,365.1557155398651,Gene 80,452
701.585714639259,368.02534853051367,Gene 83,452
695.8138748969607,366.9918020947294,Gene 83,452
731.421952962703,368.9557793035679,Gene 15,453
734.4593204484946,367.77169057796385,Gene 34,453
727.6288875535065,372.5947639181008,Gene 34,453
723.1128015051829,365.9499981100623,Gene 37,453
727.4121448687472,366.4510934341981,Gene 70,453
747.8660029153764,361.2774117728863,Gene 3,454
748.4380565915816,366.7776802956322,Gene 74,454
741.2574067172889,363.25046325938825,Gene 78,454
743.0126253898736,361.50646522316373,Gene 80,454
746.3095704290364,368.9723666586406,Gene 82,454
773.7280160369703,367.71363900822377,Gene 37,455
768.5592362974162,368.45930973185256,Gene 74,455
767.671042567687,365.050628058897,Gene 74,455
772.6998969791542,361.14186738943243,Gene 83,455
766.7940592243363,366.89400612388283,Gene 83,455
773.3770826890972,361.36664025627243,Gene 87,455
18.907810462070508,391.4462342490524,Gene 13,456
24.761232609985118,390.5668543083063,Gene 14,456
16.665048168975392,390.0020615490547,Gene 35,456
13.538831781928597,386.34896930452277,Gene 40,456
22.545736841835748,386.10962708534896,Gene 83,456
18.09350237147989,392.9588431796647,Gene 91,456
39.163431025996424,395.1899029602886,Gene 10,457
40.92437058999634,393.2352272598483,Gene 14,457
38.57835433119472,388.96379567529897,Gene 14,457
44.723056124035594,391.767630606031,Gene 14,457
34.28633743740762,390.7551835688491,Gene 19,457
34.61239208925363,391.9241927652357,Gene 20,457
33.42006689144244,389.7332497441356,Gene 80,457
40.19674766023159,396.1713151715881,Gene 80,457
58.73601036362829,402.34499332109505,Gene 22,458
56.288993455147796,395.6425576233209,Gene 79,458
59.581553746713276,399.81730772112246,Gene 80,458
62.56820179354168,396.28333237738804,Gene 83,458
85.65452171840384,389.50956814742733,Gene 3,459
86.23664653885247,390.7854882657296,Gene 17,459
79.52598896780106,390.26166160385964,Gene 37,459
80.40076627628197,394.2516126217434,Gene 37,459
91.85637499879385,383.6747183714993,Gene 61,460
102.57926758849165,386.92060178862494,Gene 81,460
136.8190706638052,395.0892084462117,Gene 8,461
143.72807927853282,396.2048897425144,Gene 22,461
143.85383319393117,395.5387484200985,Gene 29,461
143.36672137706626,402.2736281383428,Gene 83,461
154.6380121668229,385.0339437804602,Gene 64,462
161.06108637662405,383.1873911971185,Gene 74,462
159.10545862615805,382.6262011347595,Gene 74,462
159.76009071266134,381.3654949621238,Gene 80,462
156.7818790310061,387.8230256137196,Gene 85,462
162.00857198106542,382.80026688285716,Gene 86,462
154.26624559704834,381.3746578078274,Gene 97,462
190.70216873299495,400.51682536630494,Gene 33,463
189.98580377253776,398.25357084758537,Gene 38,463
181.4270514001036,399.70932206869054,Gene 41,463
185.2456472426674,402.1416414455685,Gene 74,463
182.07308218140827,399.9216098516655,Gene 80,463
181.60036127846874,395.2840430096309,Gene 82,463
186.86771532759508,401.12478727889805,Gene 82,463
183.2133242384383,400.6475145297452,Gene 84,463
214.2880289469079,388.8876366836069,Gene 18,464
216.26237464910298,390.59984477037654,Gene 74,464
224.84033779253252,385.1195552087906,Gene 80,464
221.101534529961,382.943910232097,Gene 82,464
235.8835069667538,389.834235890896,Gene 3,465
228.25925543441107,389.3767064479932,Gene 28,465
235.32998493581408,389.61930233739594,Gene 58,465
227.20045283446183,386.79078822795816,Gene 61,465
236.37066897381513,389.1865970607596,Gene 74,465
230.99412550935116,393.5446670538605,Gene 79,465
234.5956145367375,387.7113147173959,Gene 83,465
228.98143750985008,387.6363201781716,Gene 84,465
231.93126316221947,393.76368541806164,Gene 84,465
228.70277070669616,390.48696263860404,Gene 86,465
265.6335879584428,380.89835942035745,Gene 12,466
272.0716457557464,386.83178607237045,Gene 23,466
264.7991096160528,382.98866267285416,Gene 24,466
271.50130419974255,386.7652995549836,Gene 86,466
481.16342514352175,387.3144512933503,Gene 21,467
489.2481524275737,384.22541704160636,Gene 79,467
489.7113071186054,385.1684862959515,Gene 79,467
489.09633296170034,385.3689666919154,Gene 80,467
505.1798613067573,382.83213082569245,Gene 35,468
503.65172498219613,384.2062342578746,Gene 58,468
503.0377534642897,389.3451549865479,Gene 74,468
505.3414218664303,391.6256015054507,Gene 75,468
511.3481254536495,388.0163152822896,Gene 79,468
511.62127800459297,389.36868659854923,Gene 80,468
505.4098106426983,383.6140438216049,Gene 82,468
505.2095995612628,386.2342119738592,Gene 82,468
535.3132532868674,390.7894436896727,Gene 17,469
541.390926913736,391.88855567786123,Gene 58,469
531.8471071397972,391.53399488095897,Gene 75,469
538.3058260903197,397.5424418738515,Gene 79,469
540.3589662636695,395.02168473444436,Gene 86,469
568.8494784780513,395.80403445356285,Gene 13,470
567.2357229668953,390.52350234443617,Gene 27,470
571.8249486780828,389.71249831382573,Gene 28,470
563.2813562224583,393.778099276331,Gene 35,470
569.8965454109647,397.6739373512868,Gene 78,470
574.7542371325247,390.16261839861335,Gene 26,471
581.5815714774398,386.2692013079758,Gene 26,471
580.1363038702907,381.31668167512936,Gene 30,471
580.880535339894,381.93535975842696,Gene 30,471
576.7627956655853,384.198558246418,Gene 30,471
577.0896806925216,379.8116624718322,Gene 63,471
578.9987026257355,382.9913575885623,Gene 65,471
575.4691795283837,381.46268730867257,Gene 69,471
578.1522890429038,391.2694811747947,Gene 74,471
612.9156574946451,379.18138161953414,Gene 40,472
607.0487948413099,383.4189218951461,Gene 46,472
612.4557921661714,383.71487814213486,Gene 78,472
610.3810929012108,379.1856907937538,Gene 79,472
609.1939270795718,385.82280610865126,Gene 79,472
641.2013756852608,384.67719080089006,Gene 2,473
633.9668766393579,385.1170615349357,Gene 64,473
633.3043865893205,384.2292558466847,Gene 64,473
634.0409801219403,391.67764886256003,Gene 74,473
628.8515455772915,387.3858971841769,Gene 84,473
659.0594058087319,391.10575989373854,Gene 13,474
658.3118853988738,391.57770761379584,Gene 13,474
658.3742301493529,394.2528887007022,Gene 22,474
657.5650893858779,393.69255820332756,Gene 24,474
661.2520217432192,392.8365831606311,Gene 25,474
657.7106386773341,392.0520504920171,Gene 37,474
661.0527847716482,390.348145865273,Gene 91,474
686.805441535453,397.13648878581773,Gene 14,475
683.7539297990506,385.6204133039067,Gene 14,475
680.5473698984848,395.068130946247,Gene 19,475
676.7165210817662,394.431402825511,Gene 37,475
685.5421908828914,396.24643319491963,Gene 40,475
687.1844605852972,396.2347595408224,Gene 69,475
679.8860163722645,389.16743180784505,Gene 70,475
683.2673048164198,387.2876178361667,Gene 80,475
688.3344857338427,392.58581239807495,Gene 91,475
712.5878441432925,397.59093961747516,Gene 2,476
699.4990413951678,395.7618294901148,Gene 12,476
710.2910593383176,394.24860337544163,Gene 22,476
710.4396140105097,392.7340662076961,Gene 40,476
710.8278832170053,391.97397715003405,Gene 77,476
703.6340920054911,397.6638003421139,Gene 91,476
748.1401020478611,390.3202275192423,Gene 12,477
746.9598351863573,389.6860568579893,Gene 13,477
736.3096195102945,388.9800581059837,Gene 18,477
747.2473556671484,388.63444386493865,Gene 22,477
746.6130475807227,390.56685059046896,Gene 83,477
744.4400612841704,393.27044318437163,Gene 86,477
743.2253045982475,392.789952628175,Gene 86,477
769.8755491660985,391.3441423788322,Gene 20,478
761.9586683931219,398.70469770616785,Gene 23,478
765.2817117559308,390.2716573463733,Gene 24,478
769.7544809210647,390.0716569914833,Gene 37,478
759.3754463512648,397.325134890611,Gene 37,478
760.7316641282947,395.1942293436652,Gene 79,478
757.7013708386081,392.3113189185016,Gene 79,478
767.5414019277646,390.1978287590641,Gene 80,478
760.6404135920703,399.44849801066874,Gene 91,478
784.7608250372398,396.0959444768968,Gene 14,479
793.7590113604022,396.57659656712116,Gene 16,479
782.4168665148558,393.5674385744329,Gene 23,479
788.0161682229788,398.7982916701977,Gene 24,479
783.7900852604328,395.0320366144279,Gene 37,479
791.3613024891818,390.9211040895961,Gene 70,479
32.6757064894079,413.95894520985354,Gene 9,480
25.543281486691072,415.8933129935483,Gene 12,480
26.48658835000941,411.43956180599275,Gene 15,480
30.146922419528195,410.56144667541326,Gene 16,480
26.04454329005026,414.93474611167966,Gene 16,480
30.81854568204001,412.3795730976542,Gene 19,480
33.33949103226343,411.5332949004756,Gene 19,480
26.24195907071637,413.9255821824547,Gene 35,480
37.132226485529955,415.4519115574647,Gene 51,480
28.19853200936583,416.11936830741894,Gene 80,480
38.30291920288524,413.21602124059854,Gene 80,480
54.59647408670196,414.2130596938052,Gene 58,481
62.74167589359146,414.9563299236718,Gene 80,481
50.840885770959915,414.7203558048134,Gene 82,481
52.802328802685885,416.7728783566853,Gene 82,481
80.26482827075617,407.3872567825486,Gene 15,482
76.87321382068637,409.16603112354073,Gene 15,482
83.30096798730756,401.82386700101097,Gene 20,482
74.22200293427471,406.1512114549302,Gene 24,482
83.8148738754289,410.30802791087916,Gene 70,482
77.62944484332948,408.2733260103691,Gene 70,482
75.97081372848224,404.3991333523904,Gene 70,482
76.79019029127419,405.38359171271674,Gene 79,482
83.18291603868576,407.0529836902654,Gene 80,482
85.32634919149726,408.3967697918022,Gene 86,482
116.59632475501057,406.70680013558143,Gene 10,483
103.25117149410345,406.721193445805,Gene 12,483
108.93126644377158,404.1270856794038,Gene 13,483
106.19459244465071,405.5309653505039,Gene 76,483
110.20595655397779,403.05184965657946,Gene 80,483
125.88568858918731,413.30785617265013,Gene 3,484
129.09303533153195,412.88495248454984,Gene 9,484
119.06398186640939,412.29265858432314,Gene 24,484
123.44345243284403,408.6160348124668,Gene 32,484
126.90184677185518,406.7804698531023,Gene 40,484
128.40224000433074,405.2007850715898,Gene 80,484
130.04166582182384,408.5361350979633,Gene 83,484
154.4936662160888,412.8732965899416,Gene 64,485
144.96389951341143,410.5678605452677,Gene 78,485
153.6228762796682,413.7513722994077,Gene 80,485
150.40605914212065,414.2603080671473,Gene 83,485
168.17443252474328,404.64630902377826,Gene 8,486
173.55859418338147,397.5124803521905,Gene 33,486
196.28835518097307,426.3039989585641,Gene 19,487
213.37567276236413,411.17522761820993,Gene 24,488
215.03642673174414,404.80456246195655,Gene 24,488
223.88780750858785,405.66352996532055,Gene 31,488
220.7237371027944,404.04560060228636,Gene 37,488
212.77150531202534,407.4276652119541,Gene 57,488
252.63445543568167,405.8015414212689,Gene 4,489
254.76503765265244,404.55313387224516,Gene 74,489
261.70225465591926,407.94843239671843,Gene 75,489
261.23034375964164,400.9101241414782,Gene 82,489
251.51418868235305,402.64813907645896,Gene 87,489
276.2030263914058,419.1899534810059,Gene 13,490
283.3436461462872,417.3945510245578,Gene 15,490
281.1160119059659,416.8479246242394,Gene 37,490
278.4647286747003,417.8754581993959,Gene 42,490
283.7505985935662,423.7053480551052,Gene 70,490
281.5990167444342,425.3710943576647,Gene 80,490
286.2061314721882,418.2785458613235,Gene 80,490
280.50014012636836,418.6597025990933,Gene 84,490
308.2090754825329,418.3223282559209,Gene 8,491
314.2440234400906,415.0562020571628,Gene 37,491
318.4388005353455,418.3495720849478,Gene 81,491
317.92057939988456,419.8943994777805,Gene 82,491
308.8852296726497,422.45223377649967,Gene 82,491
311.62306947156037,421.63267720596554,Gene 86,491
553.4972003601115,414.16668781046667,Gene 16,492
552.6757643538486,412.74953203017253,Gene 26,492
547.8718188360992,417.08122913263355,Gene 37,492
551.4620281000642,409.61707953961326,Gene 37,492
546.502195639822,415.0264537476589,Gene 74,492
543.1346751428488,413.3371824237106,Gene 79,492
545.3508105107773,410.56015598427183,Gene 84,492
579.322247112979,415.9453476756677,Gene 79,493
578.4016617455533,417.1132845295114,Gene 80,493
611.5654448921176,420.1598294143243,Gene 2,494
605.8777821768585,416.11845752918595,Gene 2,494
606.7778468583615,415.0443787228832,Gene 37,494
605.2175689834496,420.4930854907562,Gene 75,494
616.4994337415401,420.1239355250775,Gene 79,494
610.8797115713303,421.35271872972396,Gene 80,494
605.1779351757816,417.5943918921372,Gene 86,494
623.1160912452405,415.6615625901563,Gene 16,495
627.7489770315769,419.15680348423643,Gene 20,495
627.6584460371184,422.2195358460038,Gene 29,495
623.7540860523437,419.923422512111,Gene 31,495
629.5303382454645,415.4605787719396,Gene 34,495
625.5514841953095,417.7952085008362,Gene 42,495
625.1909275106148,420.20847107242724,Gene 84,495
648.9063338317698,409.24351868996655,Gene 27,496
648.2354644190459,408.3765127171233,Gene 28,496
650.0460195983318,407.6449574685014,Gene 28,496
646.8520722047322,413.8059222911502,Gene 35,496
645.4452571472416,406.4272518596164,Gene 63,496
648.5116677487079,413.2681375295116,Gene 66,496
651.2577217922252,412.07189696404106,Gene 69,496
663.2665056752801,404.8548864196872,Gene 13,497
667.9945421167748,406.55925200512667,Gene 24,497
664.4685889083161,404.068848806733,Gene 79,497
661.5578337561021,406.0922025727716,Gene 80,497
667.7420879226155,406.9235688784822,Gene 80,497
684.8872239828959,418.4454478495807,Gene 16,498
690.9944073737872,418.8863665994002,Gene 17,498
685.8684382418305,414.8703877035543,Gene 19,498
681.6386767429798,414.17585583972925,Gene 20,498
684.9544462992172,416.85932066514755,Gene 23,498
694.5282710795428,415.6527543936178,Gene 24,498
692.6428643251761,411.202871699173,Gene 80,498
684.0193523311752,411.9470902593751,Gene 83,498
729.8293501996212,415.8276351792088,Gene 13,499
729.2394136684159,416.60406516061204,Gene 13,499
724.7017437131142,412.14036995620535,Gene 15,499
732.4346682444186,411.0109072616268,Gene 15,499
724.7671584378617,414.1936840360372,Gene 16,499
727.0862531571884,410.32694858412145,Gene 56,499
735.149183355554,413.66899712777183,Gene 70,499
727.5842504857316,415.57883295082524,Gene 80,499
730.0021201914254,415.0539386358207,Gene 86,499
731.4991289507979,418.006208557929,Gene 91,499
748.5931048568654,404.6969080639474,Gene 14,500
747.4850148347704,404.2686185899419,Gene 15,500
751.4529579842476,411.23445117129694,Gene 15,500
742.5046683125609,407.5915237515701,Gene 35,500
750.9845729975341,405.16324810080516,Gene 37,500
751.1439111572126,410.60854931634924,Gene 79,500
755.1528997783744,409.83348193135186,Gene 84,500
746.5976187362359,403.89094076313785,Gene 86,500
774.6853302565572,409.1322507481458,Gene 5,501
765.4330704799826,414.1228090045138,Gene 28,501
774.3542828427433,411.1610077890691,Gene 29,501
772.6019334633672,408.712732595133,Gene 32,501
764.2892210797002,412.40312398149985,Gene 32,501
772.5304076804565,406.2710245086563,Gene 33,501
764.0214194694119,412.6619047302067,Gene 37,501
763.522231168822,411.50444402389996,Gene 61,501
772.6254293200304,415.47378746062935,Gene 63,501
11.0381740822942,443.1897284685458,Gene 14,502
8.532882939237048,445.81257114886824,Gene 22,502
7.058884805676151,440.0140210524676,Gene 25,502
13.518100113141557,441.59537795462273,Gene 57,502
13.239357696614038,439.8861432771347,Gene 69,502
9.857810991962197,438.84306661072793,Gene 70,502
12.960740704359898,443.7498839065672,Gene 91,502
32.247619295916884,436.74402723665304,Gene 14,503
30.93948650319725,433.27914899503395,Gene 23,503
33.603880933578544,437.4314704482492,Gene 24,503
37.001454898319594,433.543785293142,Gene 24,503
24.5589351660183,434.24324725980745,Gene 83,503
56.61174682882698,427.23289244068184,Gene 42,504
59.11409433493929,424.54430071440464,Gene 58,504
63.818672574348895,424.47530977392097,Gene 79,504
63.65196977265568,426.161453409067,Gene 82,504
87.72125892701892,438.92309025383264,Gene 2,505
90.31266404112493,431.97841733540366,Gene 2,505
91.51131518915628,434.5032130867034,Gene 40,505
86.12222155656615,438.8942743213573,Gene 40,505
87.98488468502654,440.47679109527036,Gene 64,505
93.78566801779887,436.74610264405055,Gene 75,505
94.42592757062927,433.7762058515292,Gene 79,505
90.76733351458374,435.6529786557233,Gene 81,505
87.83811879665768,438.9619373871814,Gene 83,505
85.11072857649917,436.57711010732197,Gene 86,505
108.12664169479751,429.0496143317244,Gene 15,506
113.58410522656919,426.42268529939327,Gene 21,506
117.18265348334035,433.7675699446935,Gene 23,506
114.47304160276934,432.6927148288435,Gene 24,506
108.18600386258336,429.2174622583783,Gene 24,506
109.91327853180624,428.2358569583756,Gene 37,506
108.96093622137566,428.675375548348,Gene 91,506
137.19355794259312,424.30837516234254,Gene 41,507
147.3788754284194,431.24084325603184,Gene 74,507
146.5687705507323,425.3637301341806,Gene 75,507
136.7176190021728,431.9788576664421,Gene 79,507
137.05756639939864,427.4584073088786,Gene 85,507
138.33027905866246,430.6235938995421,Gene 86,507
145.48997761186573,430.0222626744811,Gene 87,507
166.53162397994228,428.60240094596224,Gene 14,508
167.75156070611123,433.7257447482237,Gene 15,508
164.98760403274366,433.8200459207735,Gene 16,508
171.07352036104268,427.63219657620505,Gene 19,508
170.82765840293465,433.6111276764734,Gene 19,508
165.12021612727207,429.85059830409887,Gene 20,508
171.34308345790484,428.30294648674527,Gene 37,508
196.31361014157662,431.59309505309807,Gene 4,509
189.30526366981223,431.17989479149117,Gene 13,509
185.2449826991509,434.7919989176414,Gene 13,509
191.0573488243836,431.56897540003604,Gene 13,509
188.85411574686017,433.58347142813875,Gene 24,509
186.23704454771078,432.0311321877066,Gene 31,509
185.54449442783178,432.20220667756706,Gene 32,509
185.92876094753206,434.5893881069989,Gene 37,509
185.67593841321388,432.5973885103548,Gene 63,509
190.6302872974157,429.19486206895374,Gene 70,509
195.9276492200611,434.00098124007917,Gene 80,509
213.73689420105035,431.5211964788127,Gene 17,510
208.55806982228574,433.292492026241,Gene 21,510
210.26427421186216,435.5816321122073,Gene 24,510
207.5151698506866,428.6653674330583,Gene 31,510
213.23262626458234,434.11968727453694,Gene 35,510
215.00328486828727,430.2965042911917,Gene 80,510
212.76264382768505,434.679966953813,Gene 83,510
215.46805362447353,432.52639254718764,Gene 86,510
239.29281761389385,422.4887278811877,Gene 4,511
236.164878670503,419.842716104833,Gene 14,511
241.41229881184756,425.41867541987165,Gene 22,511
231.3776739780498,422.5298066569414,Gene 37,511
234.60661612868768,421.6929792486593,Gene 69,511
231.5479620624105,424.94881800113023,Gene 74,511
241.531736869613,422.46535278157296,Gene 74,511
230.5906622179061,424.72113995417527,Gene 90,511
259.71484744913556,431.16358871040995,Gene 21,512
259.38749508199373,429.2267076123624,Gene 80,512
259.8561702876772,430.29737645539774,Gene 90,512
285.78513873212046,443.8506451456956,Gene 24,513
281.6852017546976,439.97329878162293,Gene 70,513
285.9643953696826,436.8453003011781,Gene 80,513
309.2890754049461,423.60861147966034,Gene 32,514
313.1316996107942,432.36291488189465,Gene 67,514
330.84094077123774,424.83364161484036,Gene 4,515
330.69648035298803,424.26675443101306,Gene 79,515
340.04179451569945,423.1714060585705,Gene 80,515
332.5606638050304,422.40928501927124,Gene 83,515
338.2557673747627,422.00329230168114,Gene 86,515
336.7072056381406,426.15294754125875,Gene 87,515
562.3091883533417,433.6912008006836,Gene 2,516
562.7720313730741,434.4648624244389,Gene 37,516
569.7989626710184,429.2591660055935,Gene 37,516
562.2059022107541,431.24607134939436,Gene 40,516
570.9202036545992,432.72624498930793,Gene 79,516
567.5057695653433,427.48868563533097,Gene 98,516
588.8533236353045,426.73502637497114,Gene 12,517
581.8280575293879,426.1207237348727,Gene 17,517
588.519177040739,426.7881447488958,Gene 24,517
589.1577563499665,424.75724893892334,Gene 24,517
580.3957701050812,425.2288197353196,Gene 34,517
584.159507937766,424.26152936049414,Gene 96,517
609.7294863482196,427.1528861483464,Gene 10,518
608.6590469964326,431.500701705256,Gene 16,518
613.8960669893202,430.67106340042835,Gene 25,518
609.7174026793186,426.8889130395337,Gene 70,518
640.9135636075483,428.3043473784615,Gene 30,519
642.9398009918573,429.7837507553776,Gene 32,519
641.5668462149449,429.9114240011543,Gene 33,519
636.5552306457913,423.6312777567445,Gene 37,519
632.7702526233073,428.7608858451601,Gene 38,519
634.5024057028105,423.72313218781153,Gene 66,519
633.6555255620736,425.100520125652,Gene 82,519
666.7970620695365,433.52758774760713,Gene 29,520
658.3033658857164,437.55424163165696,Gene 30,520
670.7135120410506,445.3252894217093,Gene 30,520
664.1517140549529,446.5271792745221,Gene 33,520
660.1309745866475,442.92950150963696,Gene 37,520
670.8973888154685,436.92101117030745,Gene 41,520
657.8645339463174,444.38518699013343,Gene 41,520
669.9942525185633,444.65270337512715,Gene 41,520
671.8359674437273,442.5578142444919,Gene 87,520
669.3226643739504,441.6039500126129,Gene 97,520
694.4452311256507,427.0117499445291,Gene 2,521
691.4074925200334,423.4575392372024,Gene 13,521
692.1359366897914,423.3737529859821,Gene 15,521
700.8725508916986,420.2869483615287,Gene 16,521
704.4562389898675,422.43279566101825,Gene 23,521
702.0965154549876,421.535669422392,Gene 23,521
692.5505844369438,420.23497292028446,Gene 49,521
700.4069454553114,424.76055710697244,Gene 83,521
704.6163293907448,422.92467369192394,Gene 84,521
714.9187993476072,437.2656913488442,Gene 20,522
710.4783090923008,445.24640336579836,Gene 20,522
712.6451756503917,444.12382833141487,Gene 23,522
712.537661237219,437.97435075067324,Gene 24,522
709.838129333293,440.78964078627865,Gene 37,522
707.7094842735733,439.6579567058696,Gene 40,522
706.5416018906942,442.4287746804419,Gene 40,522
717.1453678607782,442.8605733082104,Gene 80,522
748.8631794089664,440.2290171704446,Gene 15,523
748.9263924949684,433.0342894284981,Gene 17,523
746.9653336540757,439.2673733667563,Gene 20,523
752.29113877944,434.72240567419266,Gene 22,523
752.5523982827359,432.28019660659373,Gene 22,523
753.1436314767494,436.8874247925854,Gene 23,523
749.2023197601155,435.93265308551815,Gene 32,523
747.8206583952194,432.50224606725044,Gene 46,523
754.292994882056,436.3936584764086,Gene 70,523
746.5229980893818,437.27851397477116,Gene 76,523
749.6146301284405,432.546630753165,Gene 90,523
753.7070528596822,436.26723923421065,Gene 91,523
759.5284335271056,434.3005363771133,Gene 0,524
766.1882153397745,435.649451321974,Gene 0,524
758.2589419582894,429.40623147141866,Gene 10,524
757.2023142451079,431.81106340604015,Gene 30,524
764.508961498719,430.5874110724907,Gene 32,524
762.179780120035,429.1578489479001,Gene 35,524
763.6585059374477,435.79770359261073,Gene 37,524
786.437828037051,430.4855769058841,Gene 19,525
783.2915734212904,435.1595280468829,Gene 22,525
788.7877686415668,437.3378722926093,Gene 37,525
781.6686053626784,436.1713013943491,Gene 70,525
784.9101102535844,430.5706435484425,Gene 79,525
22.707979237265853,448.8597149496788,Gene 14,526
27.24591375808086,454.71913091984476,Gene 18,526
31.90530451340299,448.9282054943495,Gene 35,526
28.78329872911875,450.32058917086056,Gene 83,526
33.044059887610615,450.79706090130065,Gene 83,526
53.3298659737738,456.7248235438503,Gene 2,527
51.86245940323275,454.53044578493376,Gene 58,527
62.52568015050442,456.97810471581386,Gene 76,527
55.68336252164035,451.35442523942476,Gene 82,527
75.00677783699813,454.1625080136905,Gene 3,528
76.48655726114545,452.4129286906272,Gene 14,528
72.64291542586831,452.4877776362549,Gene 17,528
72.36891384458106,454.0314962860502,Gene 18,528
76.48952882332469,453.58294884651673,Gene 22,528
75.86701455761076,458.59200400674524,Gene 23,528
70.1393340580121,457.374278790522,Gene 24,528
76.22317673712757,452.33610017917533,Gene 35,528
78.19847195215668,454.41428974457955,Gene 76,528
100.63051438446968,457.7448521029965,Gene 23,529
98.00718537393236,461.21481158062903,Gene 37,529
108.32470776513033,462.44409408475525,Gene 37,529
102.86258282221368,458.9310041635591,Gene 70,529
97.51561153036299,462.772727696141,Gene 79,529
101.01333354057064,459.39519619752565,Gene 80,529
128.38722001683004,446.3652772403324,Gene 14,530
139.12602203998046,446.2518566052698,Gene 22,530
128.30220548644684,443.0498872111218,Gene 37,530
139.89448864076354,451.14683786703057,Gene 57,530
135.70219055975156,451.7279864637185,Gene 70,530
125.67032968360917,451.35090442754,Gene 84,530
128.2043489032551,447.1882734523454,Gene 86,530
140.7492103580951,446.4823152178058,Gene 91,530
141.54720027741428,449.3103366053434,Gene 40,531
145.5980321706493,446.51630583294184,Gene 74,531
141.450785970339,447.9540429663866,Gene 74,531
146.75771594987376,451.38949321157054,Gene 74,531
151.33798246256072,449.0001021893857,Gene 75,531
146.82171325132148,453.8282863126516,Gene 77,531
146.21828061391642,454.4338097847008,Gene 78,531
147.25031461067783,446.7777516765378,Gene 80,531
148.20233822725697,452.92999508097216,Gene 87,531
172.1366986325635,453.7913097482755,Gene 24,532
170.01091499614157,448.71024486785626,Gene 40,532
165.55429871004125,449.44446186367037,Gene 42,532
166.39175082147688,454.0105593305469,Gene 44,532
164.70246748087453,454.2398322480646,Gene 70,532
168.0940989428421,452.9708579645892,Gene 80,532
197.95377959498924,454.52778598104913,Gene 4,533
190.85291817673078,455.7194329665744,Gene 4,533
188.57092484637263,455.450831907862,Gene 9,533
187.7566488365985,452.65496347625265,Gene 69,533
188.68543605273737,451.3787660817439,Gene 79,533
187.35401200572605,453.10672508346977,Gene 91,533
225.7723074811214,452.9583410387473,Gene 14,534
237.25121477341614,451.72817249416954,Gene 24,534
230.65102880436447,451.4008945283035,Gene 69,534
232.7132046346339,448.13020867910444,Gene 70,534
227.5723727001524,448.6411649152704,Gene 91,534
255.67934368299984,453.83147970818516,Gene 10,535
256.297911546216,455.81099066161033,Gene 14,535
257.8282655356653,454.3110336923806,Gene 30,535
254.74405919651423,459.437271154724,Gene 30,535
258.2713633666783,453.89455370509586,Gene 33,535
255.29738771947103,458.98912542672167,Gene 35,535
252.9185934605585,460.5296736846259,Gene 49,535
252.4065451391439,451.20555239046706,Gene 58,535
255.174299579386,452.5312177897406,Gene 83,535
274.94512088198917,458.4213423339598,Gene 14,536
273.74455098892423,462.4083723858333,Gene 15,536
274.75744454271586,463.6612949168993,Gene 16,536
279.54659250403824,460.989612577589,Gene 23,536
273.3120369034631,462.74095921618715,Gene 23,536
277.9622899819813,459.73872142191965,Gene 24,536
275.2246185708696,457.98962947590184,Gene 37,536
278.9002323871045,460.5416683089588,Gene 40,536
274.5231540886283,458.9096879572517,Gene 83,536
292.6550194895395,454.21941990785734,Gene 18,537
295.3625562336174,459.89487089803816,Gene 23,537
290.1778395867581,459.38679527760087,Gene 23,537
296.1620655680785,456.27411154786637,Gene 70,537
294.1219697030271,455.7459452058717,Gene 79,537
290.92144689399964,460.3469394968676,Gene 80,537
297.8684911118579,461.01823700937524,Gene 83,537
293.51089450922314,455.0527307402395,Gene 91,537
329.38360118775756,452.5506638185634,Gene 17,538
326.30552253140195,456.7590112283636,Gene 37,538
324.5354873604919,452.63951058434856,Gene 61,538
327.32823783610945,452.5863192905973,Gene 74,538
323.700796425135,451.7149528858167,Gene 75,538
323.54657651135045,458.99796565483786,Gene 76,538
317.7226155793431,454.25557387685944,Gene 85,538
321.0300935131106,458.3702794073757,Gene 86,538
326.3670773465101,455.8690247964937,Gene 98,538
345.10319805101074,447.9109555723292,Gene 15,539
346.21881891014294,452.918592959073,Gene 15,539
347.59834363236223,454.05227305104,Gene 15,539
344.14297353072703,450.5811050305036,Gene 25,539
347.14259493031824,453.8570382334219,Gene 42,539
351.3912987860851,451.0865474082782,Gene 76,539
342.97975543340203,452.57537381780406,Gene 76,539
349.851285577622,453.88831286994457,Gene 80,539
375.24312958475576,458.76543700132646,Gene 2,540
372.12068789369044,459.1754394430189,Gene 3,540
373.4050265439445,453.09741764398535,Gene 27,540
374.31446465422005,459.32214207187195,Gene 40,540
379.3486899851153,458.6557486307301,Gene 80,540
371.39641781328305,458.16052691941866,Gene 80,540
375.80972059342866,458.0372470985209,Gene 83,540
596.081450022928,450.13711350621116,Gene 14,541
600.8694111664956,447.83105316467254,Gene 16,541
604.370273905194,450.53722021594723,Gene 20,541
596.1378049542745,455.11207082367343,Gene 30,541
593.7273415558508,446.5952147495786,Gene 57,541
602.0640839945105,449.7462938762989,Gene 69,541
623.8746081546234,449.5107146975346,Gene 14,542
622.7409350407221,450.73341851105323,Gene 19,542
614.9550340629199,454.2686564468959,Gene 20,542
627.8190445481144,452.6982448345423,Gene 21,542
622.3922277886618,457.17916837322116,Gene 24,542
624.1895806511917,452.47015834409154,Gene 69,542
648.6184018371939,443.145158888305,Gene 15,543
650.1059928760287,449.9057329277446,Gene 37,543
643.9868230236295,446.6720758214372,Gene 40,543
651.1200486478032,450.4864959838671,Gene 40,543
646.0678356642375,442.88981151440794,Gene 70,543
649.5142233929979,450.046430434175,Gene 80,543
649.609273144407,449.4031373386992,Gene 84,543
676.4888816390983,452.4810035502863,Gene 37,544
685.2468185595324,455.55957329880584,Gene 40,544
686.1449984692526,456.93041363093675,Gene 64,544
683.2441150976651,451.0903471236251,Gene 64,544
676.7218615050338,460.3025210293857,Gene 77,544
682.1523337189078,458.9919054906436,Gene 79,544
678.8361000809032,451.42673164092673,Gene 80,544
679.7652740381568,457.6772021402138,Gene 80,544
684.0771136458173,451.97838408519436,Gene 81,544
680.1182475837137,460.2787822237286,Gene 98,544
700.5385562640411,447.8630306264833,Gene 12,545
700.6103725152104,448.00503054326606,Gene 14,545
698.7760740384014,446.37632509000093,Gene 15,545
696.1155364856517,449.3117193938822,Gene 21,545
695.9650610827418,451.03793307893346,Gene 21,545
703.6770840816439,452.95027578327404,Gene 37,545
695.8228821637863,448.05756982762387,Gene 80,545
694.3244284811254,450.0618905858264,Gene 91,545
720.5672026144609,452.29005180710806,Gene 15,546
721.0757077224467,450.13779783016184,Gene 24,546
715.6333861773743,448.4858410837179,Gene 34,546
720.1306796167737,447.2272819527489,Gene 37,546
718.6480911448409,453.3966635217927,Gene 40,546
715.7507205632805,452.0262170318277,Gene 86,546
754.2900189102304,456.69459584637656,Gene 75,547
750.8405516614434,451.6820058052065,Gene 80,547
751.2041059865654,451.32112698327774,Gene 80,547
776.5441628181812,456.5693288293506,Gene 12,548
775.8904672652051,456.75988468092163,Gene 22,548
769.8527927350409,460.4198093627919,Gene 76,548
11.889255022032355,470.08796748574673,Gene 74,549
18.210434809506825,471.9575947531704,Gene 76,549
16.625469487378712,467.53972462078605,Gene 82,549
33.36206794946699,469.66287067130145,Gene 16,550
30.608373977259603,469.4878488704671,Gene 27,550
41.74508778488374,471.50761806036587,Gene 28,550
41.41717431716952,469.2745261284028,Gene 30,550
30.818491346900746,468.94177460827115,Gene 30,550
40.38874827179245,479.8914720240296,Gene 32,550
37.619800527115224,476.767225516476,Gene 46,550
31.682783107764177,472.24159763738203,Gene 49,550
32.326635214657614,469.1044843316819,Gene 60,550
34.08895368848871,480.42816627869877,Gene 65,550
38.94451840865351,471.52877739918836,Gene 69,550
63.69930093668058,478.0634956127763,Gene 14,551
60.405936192299315,476.65411493729124,Gene 15,551
64.38939125857198,472.2458901644807,Gene 17,551
67.06838712968855,476.94128332675837,Gene 80,551
61.302442020323795,476.8483652378474,Gene 83,551
84.54867262893173,478.18943529461944,Gene 46,552
87.35584452282745,478.9257709319799,Gene 74,552
79.4511725514669,481.520668834195,Gene 74,552
82.93598177337863,479.41272038321233,Gene 79,552
126.00863502670472,471.9839120992837,Gene 12,553
125.69426556029424,467.07571439367825,Gene 14,553
112.27348515898262,465.92551665958285,Gene 23,553
110.14588434202987,467.07731573898917,Gene 25,553
111.07210693446515,473.3694818832245,Gene 31,553
124.13755220324357,468.04575877048757,Gene 37,553
121.46357331410876,466.6970365914929,Gene 57,553
125.99839629965679,469.08499143650334,Gene 76,553
131.08653071064708,476.83220794408027,Gene 2,554
126.78297406751764,474.0224540923432,Gene 40,554
133.78431500164365,475.94164870293133,Gene 41,554
135.90952276335966,467.23522980945154,Gene 74,554
135.45137979313185,470.27683906447106,Gene 86,554
171.28054855720683,474.1656056317355,Gene 14,555
165.31735356023856,473.42138756391176,Gene 22,555
162.13691500889232,475.52301142980747,Gene 80,555
168.25065868054094,477.7036136209591,Gene 84,555
172.04662735607795,474.3705182413855,Gene 85,555
176.33977144771555,481.2443314489247,Gene 32,556
174.24949230711758,479.7086984743251,Gene 32,556
177.23882919186724,481.29451825370774,Gene 33,556
173.22953238905956,479.6763865877648,Gene 33,556
181.80491631645856,475.66102009748306,Gene 33,556
180.5276364219974,477.17668466505074,Gene 35,556
185.29004609903237,482.1460631408517,Gene 37,556
180.0887301934312,484.76118669721643,Gene 99,556
212.12354201977095,477.08927394154995,Gene 37,557
215.3636659274731,484.0615052841129,Gene 58,557
211.07215620561394,485.9212329370253,Gene 74,557
211.4260176544634,478.8649942456485,Gene 74,557
208.23717741777764,476.88318771294365,Gene 74,557
205.371278498983,482.51580613090505,Gene 76,557
207.7132014119732,478.3535632895165,Gene 80,557
206.79299580475475,483.70281576327704,Gene 81,557
212.3449781338029,477.6501132950389,Gene 86,557
228.31908277922065,474.2452696816897,Gene 2,558
233.83072848374312,477.1010907556049,Gene 13,558
229.68700124931516,473.44719920056735,Gene 17,558
236.73475970798853,474.43698663678686,Gene 24,558
237.27292681711188,475.61162048028467,Gene 69,558
228.9821865468449,473.0374406718435,Gene 70,558
239.9053144598218,474.91099828762077,Gene 91,558
262.65010908386324,479.83054888181044,Gene 0,559
267.4519816193709,478.9969948061482,Gene 30,559
260.36503547840533,473.54694896216216,Gene 38,559
260.170058357918,473.32766441130497,Gene 39,559
292.00788759045986,475.3920367027855,Gene 15,560
295.05648487813585,471.55667644487,Gene 80,560
312.19020609988377,478.59016065777195,Gene 76,561
316.12216484577556,481.57620072370753,Gene 76,561
318.62614110453507,484.70865109817305,Gene 77,561
312.3199749390035,474.7100979982845,Gene 78,561
317.70995983756455,479.3177207816977,Gene 80,561
313.52542170494735,475.44131632264464,Gene 80,561
307.56651632375525,477.23763031322864,Gene 86,561
309.9217171271532,486.4849156471073,Gene 97,561
337.92181320528175,472.59615803618357,Gene 2,562
339.7087277506422,476.09036813451235,Gene 37,562
334.09857199275126,477.46054286103873,Gene 58,562
334.98155207058403,473.7058590692522,Gene 79,562
331.51379922040115,476.9670317545275,Gene 83,562
334.9267090127279,471.392903334452,Gene 83,562
337.0395136506085,473.7559481798267,Gene 83,562
353.8347549205143,467.11081514439314,Gene 4,563
357.5337605312738,470.262071329425,Gene 22,563
352.24019628846315,469.0471574808512,Gene 37,563
360.65674817026166,468.27166505999674,Gene 80,563
352.79076954748456,470.55708271382576,Gene 80,563
394.5210469863093,477.4332841651586,Gene 10,564
386.10925742286184,480.3713780417124,Gene 13,564
393.64901340184423,476.31875626207216,Gene 15,564
394.8429926759834,477.6328222272538,Gene 20,564
384.2170430790421,481.0923097806173,Gene 70,564
389.96924480612967,480.93790000547136,Gene 70,564
384.8516261650238,477.8180463714057,Gene 91,564
384.494996755501,482.47199219626924,Gene 91,564
412.6283565963785,478.4834911694517,Gene 12,565
421.5455203416305,478.7710100347963,Gene 13,565
418.03131810748215,479.2290498737953,Gene 14,565
416.9386334418129,481.26614792818344,Gene 20,565
412.939903498909,479.3686067073692,Gene 20,565
411.5632851999261,472.0552530716705,Gene 23,565
422.77883782049935,476.01135269739376,Gene 37,565
415.3199872313061,470.5445797274109,Gene 42,565
410.5290235369515,477.3767423712611,Gene 42,565
634.6688062424954,473.8775204278976,Gene 79,566
640.306888306305,467.05791670888067,Gene 79,566
664.0953002609549,474.1130554733747,Gene 21,567
665.8193950851723,482.8292095171642,Gene 83,567
659.8112751479338,479.439955297798,Gene 91,567
666.4607982043408,480.639507681757,Gene 91,567
684.8162583304479,477.01064078008653,Gene 26,568
693.9096817707235,479.58288065104233,Gene 41,568
684.9058857866697,480.019549006579,Gene 80,568
690.4913203494357,483.63415341403424,Gene 83,568
689.9831247384158,479.8184324660975,Gene 84,568
713.8410572119981,473.74350103445073,Gene 28,569
719.1753049908542,482.27430348973934,Gene 74,569
715.4945639605937,483.3166154002199,Gene 77,569
743.7116336349465,468.9927567402905,Gene 32,570
734.7337798149641,473.2698591165882,Gene 61,570
759.6760700543244,470.7025914191014,Gene 22,571
771.4707772408347,468.74050196787795,Gene 26,571
771.4694097335707,466.7112221352055,Gene 35,571
767.2169757749289,465.56452294453334,Gene 61,571
759.1857025630202,471.6450471046724,Gene 64,571
768.9777540147081,469.3799768914957,Gene 74,571
766.2420082693056,473.6124003880491,Gene 74,571
767.9890542652345,470.87875179716775,Gene 79,571
771.3442313256995,465.5179783101988,Gene 79,571
762.9903310934917,466.9850570511446,Gene 82,571
770.2716036606656,468.44230230633354,Gene 83,571
761.4735692173346,470.8956651593094,Gene 84,571
766.8606225621656,470.0794844137784,Gene 98,571
787.0140213311187,472.93151836232835,Gene 2,572
793.3371438484002,477.28251996860564,Gene 4,572
791.8946998457318,477.2077756506958,Gene 30,572
793.0313928201684,476.41712051824527,Gene 37,572
792.4951687926542,478.1648707963374,Gene 37,572
790.1108925659,475.6160193946326,Gene 79,572
789.8199674513722,478.4553552370168,Gene 82,572
781.4778073025259,473.93775472644967,Gene 83,572
782.4156864780755,476.58848083251803,Gene 83,572
785.7758781703645,480.5404719941295,Gene 83,572
23.300426105695326,502.4315655692575,Gene 12,573
24.17680539985477,495.27369347020186,Gene 14,573
21.808881349409024,495.0009852888728,Gene 86,573
35.2941379028008,510.39787301221287,Gene 24,574
36.41094921501056,505.8466918696819,Gene 69,574
38.55499918324476,510.461402415966,Gene 70,574
43.238476076612685,507.21175206209097,Gene 80,574
74.07995739533942,495.314155744576,Gene 2,575
72.16187150962338,498.39893174120533,Gene 6,575
81.25471090332876,499.3751810228439,Gene 26,575
80.57883849796538,496.52439932718187,Gene 40,575
80.6618155063379,495.049173170732,Gene 64,575
74.1458108691534,501.2992326994255,Gene 74,575
73.66292890532374,500.2852243427041,Gene 74,575
79.55445353963657,497.7645732815531,Gene 80,575
78.90060268110992,495.02707249171266,Gene 81,575
79.01854027825944,500.52382977205747,Gene 86,575
103.25938178735109,504.9197875770884,Gene 13,576
101.26378696793728,502.7027286427957,Gene 16,576
93.45549087126105,501.81975428919964,Gene 19,576
97.44104408185163,504.6534657263439,Gene 21,576
103.09517042727794,503.128808941932,Gene 37,576
101.63058996590358,505.0075832890461,Gene 76,576
95.3364474425395,503.07958931370416,Gene 77,576
130.1251431459544,492.82718394086504,Gene 18,577
129.78889004457906,494.6133639215604,Gene 22,577
121.64743056072226,494.6455553123653,Gene 24,577
122.02531466632146,494.4885468628075,Gene 37,577
123.75922312456679,490.68909080581363,Gene 92,577
151.52313999353487,490.27139148751036,Gene 75,578
140.9927737962922,496.12957857843367,Gene 79,578
142.41766300793927,489.87915821907626,Gene 80,578
149.5593755374662,496.6061516990181,Gene 80,578
139.5559645226839,491.9102373883522,Gene 80,578
178.39476999580697,497.6826105809608,Gene 14,579
182.42950371723455,492.86065931021864,Gene 16,579
184.35576128097188,493.949080359958,Gene 17,579
183.84843658902804,495.3820514091304,Gene 17,579
179.99597800833703,492.8148664123621,Gene 19,579
180.02814905575553,497.9582793296417,Gene 24,579
180.74383273668795,498.6504489897514,Gene 25,579
181.8274097064529,492.90080949452107,Gene 74,579
183.8244609115276,493.54500245816104,Gene 86,579
192.14105193055582,485.9246203598505,Gene 17,580
195.0290924207907,486.40854508821855,Gene 22,580
196.51113942062037,483.20263638236463,Gene 74,580
199.066469507677,482.19829251617324,Gene 74,580
194.51039198447918,489.0427535882648,Gene 82,580
200.82877828519887,486.33629668946134,Gene 82,580
200.73262407343398,490.368521393243,Gene 86,580
219.85866268475044,496.20468464812006,Gene 3,581
221.6404496491847,493.9474112525473,Gene 5,581
229.90871540304002,493.6837500588473,Gene 13,581
222.9689880640087,497.1606116985356,Gene 15,581
225.0516000866904,493.16967406800444,Gene 19,581
224.91080672890035,490.7046674536937,Gene 20,581
221.08088750093654,495.0747084721024,Gene 22,581
228.47003646839065,491.4197005982785,Gene 23,581
221.69784009397998,497.6297185916705,Gene 63,581
222.71899858310866,498.70426512727045,Gene 76,581
228.98743636137277,491.52733020858113,Gene 80,581
243.1906295009659,504.1669792362771,Gene 2,582
234.56990084996693,498.75656596245034,Gene 11,582
237.26464477300735,503.41467028220467,Gene 12,582
243.8418036522588,498.1372486333915,Gene 24,582
236.99131844211198,503.7258564121807,Gene 37,582
243.54008674989677,503.6409947917341,Gene 37,582
234.53526887698177,501.9825537423955,Gene 70,582
232.99879045659588,500.20781781266703,Gene 80,582
236.8746005537265,496.949513552991,Gene 80,582
263.126953976171,499.83819701831027,Gene 12,583
267.3271362970337,502.18410875483687,Gene 13,583
260.4892666426492,498.6263517799749,Gene 14,583
271.1328698123575,495.7944431868706,Gene 24,583
269.0918560752791,502.64502242781344,Gene 37,583
261.9851732482075,500.6299641173058,Gene 63,583
305.56958255231376,497.06342886035605,Gene 14,584
305.91668306748034,496.53149524706475,Gene 21,584
312.6281711642211,497.86680471667205,Gene 22,584
312.065931299847,495.9558888838287,Gene 70,584
312.20137782411126,495.1990526676955,Gene 84,584
313.3999149731055,497.3998536668943,Gene 91,584
329.7529892889961,498.05402755827646,Gene 6,585
330.0746068413818,498.1906495768506,Gene 37,585
325.94990922583355,498.3899403919199,Gene 46,585
330.5166689579272,493.40073682326675,Gene 63,585
332.2940328926809,495.9299174438659,Gene 69,585
333.961841410698,493.73106309191314,Gene 80,585
325.3928442452697,492.92453843259665,Gene 81,585
355.3652905612825,492.2416073408918,Gene 12,586
349.4275387892607,493.77337584706817,Gene 34,586
350.4971237125694,494.16751854436995,Gene 37,586
354.8610774015924,488.00451929291097,Gene 80,586
348.5424286605425,493.65746598700423,Gene 84,586
379.2832335527707,498.235229345054,Gene 41,587
377.98086595496983,492.58978401907154,Gene 79,587
376.01568631144494,493.1252009083561,Gene 84,587
401.8632035455649,499.94997741963965,Gene 28,588
399.00502696219746,500.40701622998705,Gene 33,588
401.62625322741826,502.07870404431105,Gene 74,588
399.6878247920407,499.00834034391704,Gene 79,588
396.557828655768,498.9890773382082,Gene 84,588
405.2590768870056,498.53553072408965,Gene 85,588
431.4516459461231,495.0152541557173,Gene 22,589
430.2767650666816,493.099123982133,Gene 37,589
431.90556019913845,496.640196423084,Gene 76,589
432.04172143119155,495.9694484094603,Gene 79,589
456.7878657384213,503.47995696841025,Gene 37,590
454.7255103973735,503.4596861801268,Gene 58,590
449.97176200109624,502.0032659334344,Gene 84,590
451.6134849301555,505.9363466164263,Gene 86,590
679.9922776475706,495.3323070644989,Gene 37,591
677.7012427617491,493.4602611836776,Gene 40,591
673.7718929746496,490.45955794271106,Gene 58,591
681.680478421342,490.09874624605834,Gene 75,591
680.973573401098,496.2971469020453,Gene 87,591
701.0837194054103,499.76941881929247,Gene 58,592
699.1375487857111,497.81493597698255,Gene 74,592
698.2987258324641,498.0346020886229,Gene 81,592
702.6193301696137,490.92306015538276,Gene 81,592
708.7447992670601,497.24398222462514,Gene 83,592
704.6278291309717,492.56759136931026,Gene 83,592
721.9081479988439,488.45789853676064,Gene 4,593
718.3783861902117,487.7513875933306,Gene 12,593
716.0483303202528,493.0388009491615,Gene 19,593
723.5670974349374,493.0659632875173,Gene 22,593
719.7998358281578,493.6350799846183,Gene 25,593
718.9679211011334,495.3139847885215,Gene 37,593
718.5487392136835,489.191163319213,Gene 69,593
714.9443959829082,490.987121597135,Gene 76,593
721.2038763724378,494.7184658758285,Gene 86,593
723.4405240640957,490.5364159178669,Gene 91,593
748.9284108724264,493.49046118612955,Gene 61,594
749.3563272084426,494.2261002291624,Gene 61,594
747.7379416348326,497.27993406551025,Gene 61,594
745.1434962479454,489.87679169988195,Gene 80,594
749.7634711476427,494.7845218336383,Gene 80,594
748.8804740697698,492.1141843500984,Gene 80,594
773.537347738971,506.99317740709677,Gene 13,595
779.4825478926533,506.066797917876,Gene 21,595
783.0947967433628,505.4311029624537,Gene 24,595
774.6328579156002,508.0035161986721,Gene 25,595
778.3525024601407,508.3966048585748,Gene 57,595
774.1033320080797,502.01123419089066,Gene 63,595
777.8452300246481,509.1869345901161,Gene 91,595
11.112260228305182,515.7649113813764,Gene 13,596
7.214391241769784,516.6565181979702,Gene 24,596
6.7831506651561275,518.1615504655944,Gene 40,596
48.811981536719,523.7447227123607,Gene 13,597
54.60016578055372,520.4551323369017,Gene 15,597
51.07810609072551,516.6626742870282,Gene 15,597
49.182812113861054,519.8545313229237,Gene 16,597
45.33019615442528,518.7542049305861,Gene 24,597
53.781690332601364,518.6789513399059,Gene 25,597
48.69458223430695,524.0593275968806,Gene 90,597
44.834973974249856,519.5504858484323,Gene 91,597
61.14030235047495,523.7725728238883,Gene 6,598
61.34049869338384,520.563353238597,Gene 22,598
58.93503901009521,520.2371696791038,Gene 37,598
66.30649053389394,523.9823960830034,Gene 40,598
58.2449953889358,521.07050824284,Gene 79,598
89.92307269011931,527.403155829393,Gene 64,599
117.69400905364466,518.3111479903172,Gene 13,600
117.78752875810872,518.7931819487651,Gene 19,600
115.15993659235154,516.5814038755489,Gene 20,600
114.0843951028763,516.7676240615215,Gene 42,600
116.29580807352251,523.3904326164273,Gene 70,600
117.45092400074148,520.6848201500187,Gene 80,600
112.46696076240595,524.1418455401106,Gene 83,600
136.69346074887252,511.74083769758016,Gene 3,601
133.32856351109825,516.2719479169785,Gene 58,601
140.91006775995768,515.2203907276634,Gene 79,601
137.50367526533626,512.1059260978243,Gene 83,601
134.7127758732665,516.8914165696533,Gene 84,601
132.83812276033123,511.3722490922095,Gene 86,601
133.7862091547084,518.7909821643427,Gene 86,601
137.4357079520833,518.0564149906037,Gene 96,601
150.9663340400612,510.91076300742264,Gene 31,602
155.19680462913755,515.6530179270212,Gene 33,602
186.09331024701768,519.0951435842061,Gene 77,603
192.697941178674,522.1784746169476,Gene 84,603
195.1420762153709,518.2501182798967,Gene 86,603
204.43736065352084,523.5796869628467,Gene 18,604
204.30622737483284,525.1402280863274,Gene 40,604
207.84878334719266,527.5270272085977,Gene 60,604
208.65546828722105,520.1833918599863,Gene 74,604
205.80539487903926,520.1874387747027,Gene 82,604
207.25300543504127,527.6611136694304,Gene 82,604
208.7074468242892,527.1190173755634,Gene 87,604
243.50177179446297,515.1777862098621,Gene 12,605
236.6695860327961,519.5630752029526,Gene 18,605
244.61118057160147,519.0807813848563,Gene 20,605
232.5770897455791,512.0910959199842,Gene 23,605
234.8856917241328,513.4747501023172,Gene 24,605
247.10771843353575,512.7085241231965,Gene 83,605
237.31116364255251,518.9310577303698,Gene 90,605
242.44591683058448,511.66831556316146,Gene 91,605
260.58995304371877,526.3963363980746,Gene 79,606
253.8413526702606,522.6139435816388,Gene 80,606
257.57158443616544,520.246426015059,Gene 87,606
285.27019716103695,533.9678486186175,Gene 64,607
278.2744453706613,527.6003351531754,Gene 74,607
282.5541277156388,527.6157406655775,Gene 80,607
286.08830198693335,533.1821900675363,Gene 81,607
280.9762022977923,534.0555579903983,Gene 81,607
280.0562415371733,532.9605668876525,Gene 97,607
305.1626321420763,518.7971288670888,Gene 40,608
307.85404939957624,516.3591757788478,Gene 42,608
308.42052313519065,517.0910551096857,Gene 76,608
312.13843276475313,520.87538267619,Gene 80,608
309.8914511491044,513.8047481527973,Gene 80,608
305.57240460286926,518.3230992430385,Gene 87,608
342.8931538527108,516.647437994406,Gene 13,609
337.30623579670254,522.665989804609,Gene 31,609
337.5431443948374,515.3532996555471,Gene 55,609
343.54959757699436,516.2584754899977,Gene 70,609
344.07416204006984,519.9604250674766,Gene 91,609
340.44838628663666,521.9122202822826,Gene 92,609
374.50672523284936,516.7080626659051,Gene 58,610
378.587860964943,517.4030167007893,Gene 75,610
376.3724472931107,514.1382639243501,Gene 78,610
370.0215701713375,523.9763474856237,Gene 84,610
368.53078873128715,518.9422961599693,Gene 98,610
386.6712430822107,527.5426705652271,Gene 18,611
379.4661016674863,528.0498222049689,Gene 42,611
387.91938108972835,534.2376214114603,Gene 46,611
379.76120520317124,533.1885256758537,Gene 46,611
382.58370388943194,534.9417188078307,Gene 75,611
388.6744119785603,531.4462690786406,Gene 79,611
388.1034260647108,530.8388024448197,Gene 83,611
386.41082732785225,534.8410831842702,Gene 91,611
409.7025826709874,521.7669792477179,Gene 2,612
409.27418992121545,521.2590965593852,Gene 28,612
404.5057017815246,519.5439101268374,Gene 37,612
407.23254235743616,520.6947661001549,Gene 64,612
400.6310966504296,527.5211452967983,Gene 74,612
409.18939518986787,525.3408313844643,Gene 75,612
401.6501592292138,525.2142060620102,Gene 79,612
409.3570677293103,526.516735738263,Gene 79,612
406.53237756343304,520.418324788013,Gene 80,612
409.6684343127826,527.4566788833889,Gene 80,612
404.2359340569338,522.4261094665868,Gene 86,612
441.45916354326914,504.123468208107,Gene 74,613
439.6027503872501,507.91770998474584,Gene 83,613
446.48126855435174,508.0590182907003,Gene 83,613
447.33248863528,504.7555099498275,Gene 83,613
443.59498229181924,509.75406038026034,Gene 86,613
456.63606701082534,512.6255007219152,Gene 12,614
466.6985729178999,509.04139732328804,Gene 14,614
456.72848901757413,509.98741717196583,Gene 19,614
465.8764378744963,512.1236688937362,Gene 35,614
463.5649791430356,509.09579827739947,Gene 37,614
488.20937416178543,517.2604882040316,Gene 22,615
478.60985575626484,516.1583157385002,Gene 24,615
482.094482903947,520.871119532362,Gene 55,615
480.72581427976843,516.4134709972019,Gene 80,615
486.7607565056321,521.592826378886,Gene 80,615
481.02118093271537,517.4828705397651,Gene 90,615
722.9563409944225,518.0672974718062,Gene 37,616
720.919218764569,519.8403887317166,Gene 40,616
720.3885645816514,513.995351659123,Gene 55,616
738.2938602569312,514.8839464382083,Gene 15,617
739.3479270503344,513.7404512065119,Gene 23,617
744.6609532168775,519.1639605958324,Gene 35,617
742.6525409063864,516.767028780952,Gene 37,617
753.6354898642179,507.52428599331745,Gene 40,618
757.3038308331929,508.64404091197605,Gene 74,618
755.9226539318014,511.52480269311786,Gene 74,618
750.2343059496257,515.4685468037396,Gene 75,618
758.0013192230234,513.0506031450411,Gene 79,618
755.1823880869141,512.9635023943287,Gene 83,618
754.7701431249826,511.69604781400193,Gene 83,618
749.0257930490844,508.43584763440776,Gene 86,618
787.772373885078,511.60454646467997,Gene 12,619
789.2295471189101,511.84178384422245,Gene 23,619
785.1140971858089,510.2327430624961,Gene 24,619
23.155403808482514,534.7236313537675,Gene 20,620
20.14216464516097,534.6037033210614,Gene 24,620
20.926196537657923,532.3998324898353,Gene 24,620
24.99634927909384,538.9289966531869,Gene 25,620
20.062289400806172,541.5977429468905,Gene 70,620
15.30788145068217,538.681856977645,Gene 91,620
47.72182101874429,538.0848701937047,Gene 17,621
46.651936581223175,537.6416898227892,Gene 37,621
50.560116177782284,538.851826658983,Gene 70,621
43.18674098379125,538.6464687623318,Gene 70,621
49.49841685626412,532.2895030987252,Gene 70,621
48.26249629745582,531.5630890813057,Gene 91,621
66.43738444255311,547.8110591673461,Gene 41,622
72.5418822269238,544.1269940158121,Gene 58,622
71.48919910257703,550.3099726342783,Gene 75,622
73.89812432189265,545.7548949347807,Gene 76,622
69.66671482353253,548.1513371746468,Gene 79,622
70.13003505942056,543.3167366441565,Gene 82,622
68.482176503259,550.6506899812188,Gene 84,622
97.99164473905122,537.3102732794903,Gene 40,623
105.4999840372758,538.0085444352499,Gene 74,623
99.05889740699723,539.9606413855475,Gene 77,623
101.05009424179582,534.3685043890079,Gene 79,623
99.614025541071,535.5780882267771,Gene 79,623
101.41873422269771,540.0464612480747,Gene 80,623
100.71797678003855,538.903002333845,Gene 95,623
124.87379590487218,538.3250585582,Gene 29,624
121.21692162782597,533.7218272546501,Gene 37,624
121.49191456905922,536.0989959576582,Gene 46,624
123.22650881333797,533.2129070742352,Gene 61,624
127.47149878744538,536.4678799207909,Gene 74,624
130.71047812834075,535.9925999891592,Gene 74,624
121.73755814244701,536.3507109020122,Gene 78,624
129.27140138915559,534.8792185880907,Gene 79,624
122.320761154459,534.075548991877,Gene 81,624
119.71871137194653,536.4659660877404,Gene 98,624
138.10166058634772,533.8616698007781,Gene 37,625
137.27601700454775,534.360060062969,Gene 40,625
135.78589997866774,538.0404730978651,Gene 42,625
134.07998166717184,538.8505535469591,Gene 58,625
140.6129178973862,537.9025112414926,Gene 75,625
133.00254171262645,535.9355151840251,Gene 79,625
139.56764450960023,533.9711972955319,Gene 82,625
170.07309020551503,542.435856214799,Gene 83,626
198.9269299349713,543.4925569453247,Gene 22,627
197.5017896627838,545.2400762894258,Gene 64,627
198.82144727823749,549.3599543160426,Gene 64,627
199.5821923247992,544.6311211816266,Gene 77,627
203.5403615564396,545.5445614509636,Gene 79,627
201.38032399257756,539.9855667527588,Gene 80,627
194.27390773699818,541.4911254290714,Gene 82,627
224.71838033217398,531.1637714067384,Gene 2,628
229.36922189054542,536.7162485908281,Gene 75,628
228.9220831988201,536.1778277627035,Gene 75,628
224.8884059541567,533.1383545040056,Gene 76,628
224.2532733258118,539.3139982938977,Gene 79,628
228.53643476680153,539.5948735797667,Gene 81,628
219.3235470094885,535.1903096945607,Gene 82,628
252.6934517987247,538.8541028566877,Gene 2,629
245.862802510962,538.5714427843616,Gene 26,629
242.554999719368,539.896894665464,Gene 59,629
251.20971480659128,542.6709836976121,Gene 85,629
244.57096520545505,536.7066194793804,Gene 87,629
269.7607479185482,538.5926450365462,Gene 13,630
266.1833302586058,541.9974243845476,Gene 23,630
272.2747516531844,543.4083602092383,Gene 37,630
264.79153914999875,542.3552206829619,Gene 80,630
266.1498844710526,539.8776672910456,Gene 91,630
275.636414102646,542.3966213642394,Gene 91,630
292.6782405030044,540.1571797223919,Gene 14,631
300.78305800941433,544.1434381650017,Gene 15,631
297.06602297249526,536.8506953472847,Gene 32,631
301.67302235541445,537.9704595677312,Gene 37,631
301.81220976666873,543.4096852221724,Gene 95,631
327.0029059264358,536.0178537606502,Gene 1,632
332.76146846805653,532.9637554963659,Gene 6,632
332.75832102438477,531.3069035792072,Gene 8,632
331.413560991222,530.0402211395703,Gene 26,632
324.43561389279415,534.1394616163234,Gene 49,632
332.04223530430465,538.0859157110503,Gene 82,632
320.9975109388329,530.939799560887,Gene 83,632
347.5436264647804,537.4680387316314,Gene 14,633
351.771317259575,540.0089292556125,Gene 16,633
346.6504432238035,540.5544444429675,Gene 21,633
346.2978357509674,541.9268113042898,Gene 23,633
353.3456286223473,536.0734112560682,Gene 23,633
343.22736054250004,540.5889115199069,Gene 25,633
352.79501242481075,538.7497888989126,Gene 28,633
351.66355027734653,535.2639938909782,Gene 70,633
349.69084579265876,541.8192073813171,Gene 86,633
351.92793463698666,537.3678003149422,Gene 91,633
349.0555473139513,535.1467001279262,Gene 95,633
367.37392775264516,545.1865622328045,Gene 13,634
372.9733579796609,542.4243201661542,Gene 14,634
374.14686893170193,540.9665608320037,Gene 14,634
366.39717765245007,544.9908897117625,Gene 20,634
370.4422495248947,547.656690307678,Gene 20,634
372.4810390140112,540.3709883373771,Gene 23,634
374.4482332996072,542.132380322165,Gene 25,634
372.1972758030155,539.7123446424082,Gene 37,634
369.52010629061476,543.522170063836,Gene 37,634
369.0784677257985,542.479047808981,Gene 80,634
409.3370955369496,545.793151472261,Gene 3,635
408.8207236147342,540.0570660364201,Gene 26,635
402.65453237768463,545.1734360596365,Gene 58,635
407.8791488634196,549.1708543074124,Gene 80,635
405.1578595133534,548.6277537460834,Gene 80,635
405.4851937066051,542.1301328427357,Gene 80,635
410.76397953546785,544.0435286577793,Gene 81,635
408.15493569671,539.952750382198,Gene 82,635
410.6105332429414,544.663751663362,Gene 87,635
430.30371417621944,553.4790132659596,Gene 13,636
425.62600052872824,547.6679628412239,Gene 14,636
430.64651428128155,549.0513008474533,Gene 18,636
428.47627140356065,548.2384811525944,Gene 19,636
423.1853031173936,549.3072159495823,Gene 28,636
423.68374638315026,551.5926996545795,Gene 30,636
426.20446329525885,552.466183169616,Gene 37,636
428.39764552169225,551.9665714002509,Gene 70,636
430.6313795619384,552.7822745718646,Gene 80,636
424.97137405583044,552.4362856375027,Gene 84,636
429.7154815537653,548.6937707007511,Gene 90,636
428.64248278520785,552.8434823425434,Gene 91,636
448.8596920981876,536.2181869554612,Gene 5,637
448.76644783463195,537.5720621862686,Gene 29,637
457.47231711480225,532.9593112962546,Gene 31,637
458.0454940934631,538.4334832837644,Gene 34,637
459.41542679559126,535.7416438564643,Gene 37,637
453.85337044529155,532.8453489285931,Gene 51,637
445.8107867064964,534.6932423477513,Gene 66,637
455.0254252710541,533.6687107597463,Gene 83,637
477.05301426220655,537.6572235985922,Gene 75,638
478.05680428708445,533.0760800521456,Gene 84,638
505.2240023648605,533.9039095630004,Gene 12,639
509.6589218433914,537.8098208897317,Gene 14,639
511.69650179541077,538.9223126543441,Gene 21,639
501.9871964667181,537.7051401104828,Gene 24,639
511.10230888957005,535.2808208620629,Gene 24,639
513.5810156080094,534.9575969278814,Gene 28,639
503.0102142568902,537.296532665805,Gene 31,639
503.8099849649385,535.3632765907336,Gene 37,639
504.42687593421357,534.442209444665,Gene 42,639
502.847158215272,533.6930037048709,Gene 70,639
505.4209229041602,534.9204814145692,Gene 74,639
502.8837177404142,536.1552640274668,Gene 80,639
531.0869797328111,551.2621236495827,Gene 16,640
522.1913209552697,542.8654812913037,Gene 20,640
524.9911200644605,548.725347736659,Gene 23,640
531.347289789331,549.4665882549613,Gene 24,640
547.6202306644285,547.7847884928142,Gene 20,641
540.6415623253171,545.8609865252793,Gene 29,641
536.825892814909,546.9555321668856,Gene 29,641
547.6738177529345,552.9154623713295,Gene 30,641
536.5312140485919,549.881835274862,Gene 32,641
549.1730088967173,550.436316613304,Gene 37,641
541.0097258311195,546.9633287775354,Gene 51,641
537.441404609651,547.9459490116808,Gene 63,641
545.5353519888096,551.7103908543405,Gene 83,641
547.233554519834,549.9068075991776,Gene 99,641
744.0726958829396,533.7198707533577,Gene 26,642
745.3132014743211,530.0401558275233,Gene 40,642
744.3363989228901,532.6486725287658,Gene 42,642
752.1644043066362,534.2107007717042,Gene 74,642
768.756036188117,525.4504902557595,Gene 22,643
774.2456182203349,530.8103818121813,Gene 22,643
774.8936759173306,532.976249965785,Gene 36,643
765.9289359688814,531.9128356225841,Gene 64,643
774.5246645166181,528.2725052442727,Gene 79,643
4.55915254371141,563.0386118864077,Gene 15,644
7.886125642178016,561.7184052399606,Gene 22,644
13.703835593051624,561.5533165774837,Gene 28,644
6.213537031992745,560.0820834609555,Gene 35,644
13.560044501374072,565.6194716646173,Gene 91,644
41.788168649887545,555.1312880469446,Gene 26,645
42.92313136696391,563.7289692512674,Gene 27,645
44.556340773527566,558.8793920547263,Gene 31,645
43.33143367864896,557.145623356824,Gene 35,645
35.78215349068333,555.9727442540968,Gene 45,645
35.96818051988717,562.5460177798923,Gene 58,645
63.56741795430626,562.3420487722026,Gene 5,646
68.87621271608782,563.5913345133475,Gene 8,646
72.76282017586333,553.5011583726533,Gene 27,646
68.527924891694,556.9579342401341,Gene 33,646
73.59271317717703,565.4405522935303,Gene 33,646
67.14972498800451,556.2973931124275,Gene 37,646
63.96781454677436,557.7399501991874,Gene 37,646
64.99676734091565,559.5706529664021,Gene 37,646
76.31624893734477,562.4246737114719,Gene 46,646
97.75542044424037,556.0438273542195,Gene 12,647
96.31080498272343,561.7797795714375,Gene 15,647
93.8363696804645,555.5137697238897,Gene 16,647
96.14647245002335,555.7524957558803,Gene 17,647
93.06274415808132,557.1992069171678,Gene 42,647
112.21271922018859,554.5455307297048,Gene 41,648
112.26696351940456,557.7261910964473,Gene 58,648
118.49254073380733,551.4616652524365,Gene 75,648
111.21935363065842,556.485495614163,Gene 79,648
115.64164842479582,553.7293070828586,Gene 81,648
118.5289551517654,559.6915524781311,Gene 82,648
110.55952872988078,554.9016233151765,Gene 86,648
116.6487187217287,552.6566541436612,Gene 87,648
132.9271878404538,573.0158802978955,Gene 13,649
131.60821799309625,576.9752593004564,Gene 14,649
136.1146041738793,578.93239893055,Gene 20,649
136.47492895740487,575.1732952423862,Gene 21,649
133.84516413957445,578.2432734924889,Gene 22,649
141.359413269045,575.853149609132,Gene 23,649
133.8140127348215,572.1359673603034,Gene 23,649
134.902726742777,580.4273201293881,Gene 24,649
134.24148281421574,580.9042497995757,Gene 37,649
137.1083997168702,572.7538415815486,Gene 80,649
139.53738209530815,575.1266369022105,Gene 90,649
165.57499196019373,563.5559340197542,Gene 14,650
165.14560777956672,560.5730669720381,Gene 23,650
165.56700984510215,565.6498116111864,Gene 55,650
165.3623357976045,560.5241425412315,Gene 80,650
159.6759955866369,564.2500144863552,Gene 80,650
178.09828420742906,561.6884282702587,Gene 24,651
184.2157543336186,562.4136812544996,Gene 34,651
180.62237402394865,566.8168483315959,Gene 37,651
177.0823414765525,562.5792930770335,Gene 79,651
175.729876372219,562.6805670594673,Gene 91,651
219.2152626688319,563.466180444394,Gene 2,652
214.73248859135938,566.282041453251,Gene 51,652
223.45476904123583,561.7407318979723,Gene 58,652
224.16340720420936,561.5827218619636,Gene 59,652
221.2747603248344,555.9981136313974,Gene 81,652
224.91098830926532,564.0503750911577,Gene 83,652
222.08224506891108,568.9586090044204,Gene 2,653
227.43216619129618,568.1041101064096,Gene 15,653
218.34537335971828,571.4639914090016,Gene 20,653
225.49219280572385,567.5353793850925,Gene 21,653
225.16222267413153,567.2616329630354,Gene 24,653
262.25145142609125,563.2479539155718,Gene 37,654
266.2151629289458,563.7924694786129,Gene 61,654
258.5540449299774,564.0176879877488,Gene 79,654
259.4998112059755,564.8217133494743,Gene 80,654
264.142538146718,562.3356426377949,Gene 80,654
259.8687735762773,562.4239167868542,Gene 82,654
277.52325142573966,560.5446757261504,Gene 14,655
285.6065142693701,558.9207149757731,Gene 14,655
290.8817611814088,562.6792131425949,Gene 15,655
282.7649009873669,560.5707220761865,Gene 16,655
282.3931255466254,564.8490461403127,Gene 70,655
295.78613842317907,557.8769179537275,Gene 5,656
308.35114564660773,557.3466082207833,Gene 16,656
304.4599991296896,554.7028050315495,Gene 37,656
300.311015072865,561.449786098805,Gene 66,656
296.6400296673562,560.8333540383348,Gene 87,656
345.140475449841,564.2989846833436,Gene 13,657
340.66983241407297,563.1075552969955,Gene 14,657
334.3105317357145,563.5200157965169,Gene 15,657
335.6130890443848,568.3497492861541,Gene 15,657
342.9462014110473,562.5366429323997,Gene 17,657
342.81573021150723,567.5099093407964,Gene 23,657
334.42649176213,564.853475010081,Gene 29,657
338.67391869705614,561.0623696520076,Gene 56,657
344.66230677868543,562.4914604901963,Gene 80,657
337.68755130376456,566.4210225388638,Gene 84,657
373.0277669919249,565.1648117188618,Gene 82,658
366.991500885478,567.5671534514426,Gene 98,658
390.5903022445289,567.3874386072894,Gene 41,659
390.0895560176012,575.3686166832673,Gene 79,659
391.3799436199416,574.808713129752,Gene 80,659
387.9750173311475,573.2278225848821,Gene 87,659
421.1696524336232,565.124815368562,Gene 2,660
423.0473040583107,564.9799755325403,Gene 35,660
424.0261212548223,562.5693710115315,Gene 37,660
422.679201843565,559.768329800304,Gene 76,660
420.64446023722394,559.3962758667917,Gene 77,660
416.32708875823914,561.7825428729108,Gene 79,660
423.88884322408234,564.5178968824966,Gene 81,660
417.32167938177804,560.6896736111623,Gene 97,660
426.91610198007413,566.4853170414627,Gene 23,661
431.28976762642844,567.3688470869713,Gene 23,661
427.1760965325999,558.7024001640384,Gene 63,661
437.0284453552182,557.819254419034,Gene 76,661
427.03445772350983,566.3148915591001,Gene 90,661
460.13554851981604,557.1751534017772,Gene 4,662
468.3069236897911,563.4137308303925,Gene 40,662
461.96494743543934,559.3377980022397,Gene 74,662
458.36624502100847,561.1182097720765,Gene 79,662
470.96721187708584,560.7516835281799,Gene 84,662
484.67172361272475,560.0222784124171,Gene 5,663
483.6890184134041,559.5954313043816,Gene 15,663
478.0092557702614,561.3792675500242,Gene 15,663
479.02693312046006,560.20957732508,Gene 20,663
482.9637233571602,560.3388432079547,Gene 24,663
485.0563919789279,563.2154966607917,Gene 31,663
481.65219587521983,560.3270744521477,Gene 70,663
479.65125183050554,562.250589724311,Gene 79,663
479.15833754986187,561.9615588879931,Gene 80,663
484.47194303696745,560.8815922832613,Gene 80,663
483.915498944114,560.3555179499804,Gene 91,663
515.1463119402667,561.9936828758612,Gene 3,664
526.7498663634656,559.9409076008147,Gene 14,664
525.2748746174138,561.7680440997549,Gene 14,664
513.0062449006958,561.7063020711975,Gene 18,664
517.0460550271961,557.962742503783,Gene 79,664
538.1314328084295,568.196010918114,Gene 24,665
540.375605716234,574.9062089697018,Gene 30,665
537.0014483117013,571.8462153545513,Gene 37,665
537.4772992899154,568.3835351605909,Gene 80,665
534.8027095193795,573.6554115364628,Gene 80,665
566.316073033689,564.1651658256359,Gene 42,666
560.3811892931889,568.7266623240116,Gene 61,666
565.5058016961815,564.0855395724446,Gene 75,666
561.5980777407017,567.7276585471226,Gene 75,666
564.190787126839,568.4693073776023,Gene 78,666
562.4583043061722,560.311732627566,Gene 83,666
562.3998362601643,562.063651907304,Gene 97,666
21.481965575154177,592.429834148089,Gene 13,667
20.146605471206563,595.4649773488325,Gene 14,667
21.338918080942225,591.5747785784201,Gene 22,667
21.962556291114915,591.8007517950462,Gene 23,667
24.96059232614755,595.0197416385678,Gene 24,667
28.14071703737513,593.1378757886689,Gene 24,667
28.848814815731707,594.0485669020698,Gene 40,667
27.71215285536197,592.7095312993993,Gene 40,667
20.47116853839642,589.981319832867,Gene 84,667
21.188495381060385,591.1765289097048,Gene 91,667
45.30018430098316,587.7674945099997,Gene 21,668
44.182261901206324,588.4416996087026,Gene 23,668
55.059402917576925,588.0549604224198,Gene 24,668
54.50897830291793,587.0299855578695,Gene 25,668
45.84490886466213,590.6486890151025,Gene 28,668
53.95146374595499,587.2054766237775,Gene 37,668
51.11907224033084,587.0718776777773,Gene 86,668
54.55525523138544,590.3979466125993,Gene 91,668
66.89166514532039,593.4336440391845,Gene 2,669
72.05855720478422,589.6774042672865,Gene 87,669
100.6637507707334,575.4042042957544,Gene 4,670
89.52544252428028,572.7810277339609,Gene 10,670
88.26190654621246,571.5906881041116,Gene 21,670
97.7937030323595,578.1544914419233,Gene 25,670
84.39910095801379,574.3712643034219,Gene 37,670
96.73843135256931,570.5265416466124,Gene 91,670
86.28473347125518,577.3980291467734,Gene 91,670
121.46709365157228,581.1884465200529,Gene 2,671
126.86429079326906,585.6955823401971,Gene 18,671
121.01635094689962,580.4236141446027,Gene 22,671
120.90592167584,582.7552636710068,Gene 22,671
130.7537712466832,583.2122059170243,Gene 23,671
126.30378081701645,581.3953709028823,Gene 37,671
127.82847822932315,581.274508765264,Gene 37,671
126.34024114902486,580.0358221434689,Gene 42,671
128.71795747365462,586.3733937299545,Gene 76,671
120.00928360584304,580.7057630894549,Gene 80,671
123.80993769830813,578.8621891071256,Gene 80,671
151.08513797804153,579.3427357431444,Gene 12,672
151.06404564279634,574.1898160968473,Gene 21,672
147.80914129972209,579.9261547441852,Gene 21,672
150.40805373498713,579.2010308801207,Gene 37,672
144.8025925544259,573.7455288917225,Gene 80,672
146.6582810142988,576.9026628721682,Gene 84,672
147.6477478822229,579.6734692523692,Gene 86,672
176.9845666580758,587.4941271342577,Gene 23,673
174.07589225833894,583.0619866432862,Gene 23,673
173.98414273847598,588.8035571495072,Gene 37,673
169.79083705314218,585.0779107537658,Gene 70,673
177.37729993183265,584.5534231511506,Gene 80,673
174.6139116370462,584.6012442441537,Gene 90,673
202.82678934910746,568.016788365753,Gene 14,674
206.58832355032845,568.4902126967636,Gene 15,674
198.93638743025164,573.6950238454523,Gene 20,674
201.0543185002622,574.7152790317947,Gene 21,674
208.4100039899998,574.6363624030503,Gene 23,674
201.51714164094855,569.0720884676799,Gene 86,674
227.03551030541846,583.235932075026,Gene 22,675
230.34770438582527,579.0941680653019,Gene 40,675
230.06299091775736,581.8384835602009,Gene 58,675
223.79810659162243,580.7607289417173,Gene 59,675
224.5657039366993,577.314926372192,Gene 74,675
225.71402345119228,581.614521414598,Gene 75,675
225.58463893499518,581.2148024855004,Gene 86,675
226.31158095359865,577.6167622447726,Gene 86,675
225.38433868689472,578.9807543315995,Gene 87,675
248.3260047969199,577.9805396645106,Gene 40,676
250.37528727205446,585.2590898439286,Gene 74,676
247.86299837295093,584.3515271004492,Gene 79,676
242.18468786510073,579.4629043342237,Gene 81,676
241.83715173190228,582.2076621086633,Gene 81,676
247.78159561862222,587.3552463333568,Gene 81,676
247.53192423710513,586.4135371535211,Gene 84,676
262.7843830140096,599.8214173846754,Gene 40,677
266.5305836417141,599.823920321647,Gene 82,677
264.9022790913287,603.7565383489391,Gene 82,677
312.2498223893994,588.4945992755812,Gene 12,678
313.42271370178963,586.8776330696206,Gene 21,678
313.2760259436682,588.7173704158234,Gene 24,678
301.38490269106165,588.1008212509162,Gene 55,678
311.62995762797254,589.5146604429194,Gene 70,678
311.19365612788056,588.255262323014,Gene 70,678
310.54425942350775,589.7170276089737,Gene 78,678
311.7966400430101,585.5438397702702,Gene 92,678
319.55264548826864,582.8159650503808,Gene 15,679
318.9502147332491,581.8132973663912,Gene 19,679
319.7387820379734,584.0773461028133,Gene 24,679
325.71211956791393,586.9284395844306,Gene 35,679
325.9825915415318,586.612341179562,Gene 37,679
328.3049858086949,582.2482543904516,Gene 63,679
332.4229262335878,585.8365487490913,Gene 91,679
356.3693902321318,589.9174705471983,Gene 14,680
357.49784134132256,584.8787153811713,Gene 14,680
352.3461510757866,590.3139958810016,Gene 20,680
350.6696335794524,584.4558608499227,Gene 20,680
354.4854282653396,586.0463874313142,Gene 35,680
384.07374185136746,592.2122040344002,Gene 3,681
389.1656497337041,592.7667314541658,Gene 6,681
384.57398293856954,587.4634030866428,Gene 22,681
384.1007657889219,590.3597955209099,Gene 41,681
385.4979580782349,586.8376581077832,Gene 58,681
387.6796822120913,585.5303724476171,Gene 74,681
386.13474439219675,594.3432463155805,Gene 86,681
381.7384062012403,589.3576914962428,Gene 87,681
384.7897379111623,593.6774645626873,Gene 97,681
391.1113564332781,583.7142249984176,Gene 3,682
403.40553812490054,584.34288276068,Gene 40,682
404.43511080928096,584.3207450844548,Gene 40,682
396.6242703246639,587.6742869616232,Gene 46,682
393.9285173165287,588.4100849535128,Gene 83,682
419.14465021154405,579.3950366511629,Gene 13,683
426.36963622529834,578.8341381533721,Gene 14,683
422.83136964905754,579.159797310637,Gene 15,683
423.4418998920541,577.5917737712343,Gene 15,683
419.5071429807698,581.2035029859295,Gene 16,683
423.54718393628923,577.38899730041,Gene 22,683
421.8726987152448,582.9967254690256,Gene 23,683
429.0337037730023,580.6699038816405,Gene 40,683
442.77350313412114,583.1849350773939,Gene 3,684
449.9244336826787,582.8183807131128,Gene 54,684
442.55494320772414,581.7756117255921,Gene 79,684
476.3026142797099,587.9067942703863,Gene 13,685
468.64380233290467,580.9720855078554,Gene 19,685
473.0434778976665,579.6832217855595,Gene 22,685
477.3929676543782,582.6566869840532,Gene 23,685
473.87263178613034,587.107282886759,Gene 24,685
467.4308525341518,588.1552701987525,Gene 25,685
475.68531538293007,589.2069261361476,Gene 37,685
463.83855307286785,584.7733505877761,Gene 55,685
472.7624812840577,589.8106238947919,Gene 57,685
468.3967625262795,579.3748071318455,Gene 70,685
472.16502911826535,581.949847037884,Gene 91,685
501.5240437366518,581.0200140632429,Gene 74,686
500.0169226695963,581.4366061937491,Gene 80,686
501.43817380076734,587.9273984177883,Gene 82,686
498.78785327744697,583.8837895703467,Gene 91,686
520.5485067499359,582.1748595238828,Gene 21,687
529.3980342673171,577.6304478183002,Gene 24,687
528.9364489415918,580.9034051574154,Gene 79,687
537.0921769234797,580.1212787802784,Gene 22,688
550.8011250959505,580.1316433032821,Gene 31,688
543.6625768428576,575.8453455617572,Gene 31,688
546.0955739680588,579.1372143764171,Gene 35,688
538.7215264485961,584.3756041096888,Gene 35,688
542.7534017383455,585.2245711233371,Gene 37,688
546.6330958682538,580.193893059397,Gene 46,688
550.5677984272211,582.31381338293,Gene 66,688
568.8346231180288,583.8566696758496,Gene 14,689
579.9296199049019,586.31103923754,Gene 14,689
574.2869161948253,586.6724684632522,Gene 24,689
568.0424708265456,584.5497692131503,Gene 37,689
569.9058374468489,590.3095744123391,Gene 80,689
573.9682897305715,584.1147130476631,Gene 80,689
576.6655685185534,584.3227774454189,Gene 83,689
576.479388167271,583.9213766626739,Gene 91,689
19.314850630329804,599.1276701700324,Gene 42,690
18.124112001444033,600.6111800078174,Gene 79,690
8.02887699566169,602.8154087854023,Gene 79,690
10.83699987833476,596.9779755888246,Gene 83,690
34.18765198682166,606.7296242488859,Gene 15,691
38.30153991888997,608.6346263313308,Gene 20,691
40.31400216962737,609.4771868301328,Gene 20,691
35.4617326534933,609.966913188333,Gene 21,691
32.99760444772748,606.4658284461335,Gene 23,691
32.63449792932789,608.3790735931628,Gene 24,691
32.73277357279258,609.9792869059992,Gene 34,691
34.28285263646365,606.7320038410895,Gene 35,691
40.34718563712886,604.6104474629161,Gene 37,691
40.90168904537242,609.8658092778483,Gene 70,691
34.51478155477847,604.7190056399452,Gene 83,691
34.10170031739259,611.839358873705,Gene 91,691
38.83965062963542,611.2480773399316,Gene 91,691
69.6805895624195,613.2849006471988,Gene 10,692
68.53015257772299,607.0175003367037,Gene 14,692
72.81283398815506,613.9276932334589,Gene 21,692
78.14592648169882,609.8035396073724,Gene 23,692
65.88098735414607,612.1696932430602,Gene 91,692
95.2197190084674,607.0934355002673,Gene 22,693
99.33623347789828,605.5054314272525,Gene 74,693
93.53417370575265,606.2699637117231,Gene 74,693
93.716381263388,605.1700549437776,Gene 79,693
96.72226502152047,603.2834692196908,Gene 80,693
101.44361268981443,608.7137784036044,Gene 81,693
110.73175486978225,613.474848652252,Gene 14,694
103.85321070968457,616.0178584259172,Gene 14,694
106.89667075726717,614.5285808434978,Gene 14,694
106.33947002525814,618.636932899384,Gene 14,694
109.02496130979868,614.2585701073423,Gene 19,694
107.34971714378602,614.1459023803725,Gene 22,694
103.74511647119002,615.8333858576877,Gene 23,694
104.04837946724447,619.8386737109174,Gene 70,694
108.06951876795998,620.9451015496892,Gene 80,694
109.00610943475557,615.609363668185,Gene 91,694
133.44422468412,592.3050086788244,Gene 2,695
137.39567277758346,599.2373298465874,Gene 36,695
136.43119828404355,593.8649575950014,Gene 51,695
131.2337336545675,600.6864501217551,Gene 79,695
129.54271284774626,596.5658976149211,Gene 80,695
138.39578250674833,596.5414788107388,Gene 80,695
128.4048216085791,598.4655794820276,Gene 82,695
137.82218429776762,596.7464772272712,Gene 84,695
128.54160171384984,593.9202998357516,Gene 86,695
164.55117557793508,604.6435523727819,Gene 18,696
167.1463476213485,602.4702443685221,Gene 37,696
169.24315772706728,602.3266513751528,Gene 40,696
165.5356543342949,597.8215672523332,Gene 61,696
171.22398243507996,597.0671432587377,Gene 64,696
168.53772296872728,605.8001887812,Gene 79,696
167.78471594851155,604.716814080452,Gene 80,696
173.72597896584415,601.803559435223,Gene 82,696
180.52897988840112,610.5517828788874,Gene 18,697
182.61811678516182,607.1380297300902,Gene 37,697
185.55168753792947,607.4317180994359,Gene 37,697
186.41538689079954,611.9312559247821,Gene 74,697
184.0753515548654,607.1842677508891,Gene 77,697
181.31082100623013,610.870096670492,Gene 79,697
186.194035879127,610.4873776297086,Gene 82,697
187.17909560262268,608.7866326480099,Gene 82,697
186.4668425088934,609.5699009463976,Gene 85,697
181.385269489101,609.0762379468277,Gene 86,697
216.9681304441591,608.0945227453718,Gene 2,698
216.38507632534356,607.7930150260554,Gene 3,698
214.64467001124024,606.5650566978842,Gene 37,698
212.52294784625988,606.4798099313147,Gene 37,698
212.7139866793224,605.2231468971046,Gene 74,698
214.40376709998665,611.0653199356378,Gene 78,698
214.38090165458237,609.3406752740581,Gene 80,698
215.20309832870447,609.6346422455198,Gene 80,698
240.86885336165216,607.5492057341223,Gene 14,699
245.63362260439274,611.5689410540272,Gene 14,699
248.3313695222626,609.3485079551211,Gene 15,699
243.76786106440946,609.9056746856296,Gene 18,699
247.06413158397575,610.3240715463781,Gene 19,699
248.69619470265843,607.346342870042,Gene 22,699
246.3589127487029,603.5705731999167,Gene 25,699
249.85242171935838,611.2122148955365,Gene 40,699
245.6473895614392,606.7052534794516,Gene 55,699
251.26388017301656,609.6854854578852,Gene 80,699
274.9100861084151,592.9308297199944,Gene 24,700
281.7037420134066,597.3161229464266,Gene 37,700
280.7411552158838,594.8906683634161,Gene 42,700
277.3032286263196,600.8468072046165,Gene 86,700
289.7202777413584,598.5908956630742,Gene 13,701
289.5860299530736,601.8215758740821,Gene 14,701
294.0688800976144,599.7652941609534,Gene 14,701
297.816606482855,603.2659657013327,Gene 35,701
303.1971333421552,598.4018833639171,Gene 76,701
310.9339628407502,599.7970601272428,Gene 74,702
305.3615774513491,605.9920065375404,Gene 74,702
304.1695367299398,605.2248957339527,Gene 79,702
315.947677693104,607.6836980876753,Gene 80,702
303.4493056712056,607.90179438699,Gene 83,702
341.560052770077,606.1379481716885,Gene 64,703
346.3080618349217,610.1716449895175,Gene 74,703
348.51283637393834,602.2334946003458,Gene 74,703
349.8671111772363,601.6507645153628,Gene 76,703
349.7161841196905,601.9320320325864,Gene 78,703
341.9419813398719,603.8318060039785,Gene 79,703
344.75424067644923,602.06278376376,Gene 80,703
344.829958770761,602.6168889978196,Gene 81,703
347.5521832108219,601.0724898037452,Gene 87,703
358.1775989867212,604.0256584998632,Gene 74,704
361.6530291028209,608.8015320128496,Gene 79,704
354.8595826288197,613.2079195467087,Gene 80,704
387.5092257672447,603.3874404832246,Gene 15,705
390.8661450674221,597.8148348250294,Gene 23,705
388.3985353601048,604.4346994622082,Gene 29,705
387.59660309036695,603.5765191734274,Gene 56,705
394.71383000350835,602.2723456871232,Gene 80,705
404.74632706204727,601.5711558724431,Gene 13,706
410.81258260863854,603.8440299934543,Gene 13,706
410.03952601556216,602.970452424579,Gene 20,706
406.972869550703,606.1061913209078,Gene 70,706
402.33444258391967,605.7001107132751,Gene 80,706
403.6536160972442,604.3300589755856,Gene 86,706
406.64396625834763,601.3058315730209,Gene 91,706
428.77471729161834,599.5551413682376,Gene 22,707
425.5515060600062,604.304460991303,Gene 24,707
426.7513086270882,600.0257299888373,Gene 43,707
425.9895022088307,603.473412315396,Gene 83,707
463.8412816216814,607.6660821818999,Gene 42,708
453.78463487852,609.033396608964,Gene 69,708
457.9712429123801,610.2624698885146,Gene 76,708
456.51632010582676,601.6260813257938,Gene 76,708
463.33873836111576,603.2010338327169,Gene 80,708
455.1241116879944,610.6612961339159,Gene 81,708
453.5173886954321,607.7171446803095,Gene 98,708
479.65547128371566,605.0695323915345,Gene 12,709
482.54490103377174,609.7762366879456,Gene 15,709
480.3054294156547,613.8951325155986,Gene 19,709
479.31437397936895,605.5123105260292,Gene 35,709
477.2167149863583,612.5495737580452,Gene 70,709
475.6809713924722,608.2917703423232,Gene 83,709
481.7820084638409,613.0594775426536,Gene 84,709
474.80344946781594,610.9419386021383,Gene 91,709
479.1355734390079,611.0464044385702,Gene 91,709
479.1335188660133,603.8876942702597,Gene 95,709
506.6854125888847,607.8089333376595,Gene 4,710
501.36574584438415,602.4084377129997,Gene 11,710
502.64746259935004,601.8610441898234,Gene 12,710
504.5840251321369,608.1477099117172,Gene 13,710
508.15518323110166,607.4121717431136,Gene 14,710
497.10325683170595,605.7190051125854,Gene 35,710
502.087793940535,599.7560649675576,Gene 57,710
507.2896609635378,608.3880579428645,Gene 70,710
506.6526657610576,601.6712373725067,Gene 76,710
504.9595891135577,607.8838182450891,Gene 80,710
499.7686786622609,603.0169957064725,Gene 83,710
506.8722875732714,604.2285296650483,Gene 91,710
534.7587898723575,605.7989219152674,Gene 28,711
533.0921726376889,610.5125770144722,Gene 30,711
540.2658888234514,610.2507045082957,Gene 37,711
538.2507549924741,604.8888554592174,Gene 37,711
530.1001175371899,606.3246403792888,Gene 40,711
566.2821380151573,602.2880236525141,Gene 16,712
559.4000082636278,598.4566696127487,Gene 35,712
559.415603873706,600.3390050086206,Gene 60,712
564.7772502935558,602.4197794916255,Gene 83,712
591.8011531612352,605.1658478008349,Gene 15,713
594.9002521418892,605.6244934676007,Gene 15,713
591.4790447668474,606.692848504356,Gene 16,713
591.9805191091559,599.3037111223316,Gene 20,713
593.4139486240188,600.5494612197533,Gene 25,713
592.9557940307977,598.9955163704022,Gene 37,713
585.2203289875931,602.7621969243941,Gene 80,713
616.960961170423,614.499197490118,Gene 24,714
614.2492309416689,606.6762926232321,Gene 31,714
618.68965170811,610.9175811891037,Gene 32,714
27.660017436407355,630.3606012700354,Gene 24,715
28.192307967352274,630.2777643396616,Gene 25,715
30.11530571112834,633.4792674904946,Gene 55,715
34.737976565289145,627.9579981797522,Gene 76,715
29.973131302006443,634.7877585491121,Gene 80,715
28.107321691027114,634.946312527856,Gene 84,715
44.0395711443702,638.9680072361826,Gene 22,716
49.667282251900836,644.0973583231435,Gene 22,716
53.25137871113211,640.8137382224687,Gene 32,716
49.332036620425356,640.1463353731036,Gene 63,716
48.32146023134364,637.9522873062556,Gene 90,716
80.76395574673776,624.8186869430937,Gene 37,717
80.21144347473468,624.6608367432142,Gene 77,717
83.23155339741398,617.3441645343531,Gene 79,717
104.36985059814954,632.0201771478393,Gene 41,718
102.39149285597148,632.8885807489014,Gene 58,718
101.79673856378004,624.124679185711,Gene 79,718
105.51453781690304,630.4615873646608,Gene 80,718
100.14777813816464,628.3634017579063,Gene 80,718
117.41848790023553,623.3919741419294,Gene 10,719
113.481255404656,627.565430782219,Gene 37,719
115.22018168936492,622.0219953494366,Gene 37,719
121.7354068113231,621.6836136088142,Gene 51,719
124.51638433037722,625.5010726505396,Gene 64,719
113.61626741149348,626.7915261562414,Gene 74,719
119.54336814345122,629.1709120905344,Gene 74,719
120.24056990581805,628.9282997200673,Gene 75,719
120.6334118717666,627.3656811622507,Gene 79,719
117.98594555134592,627.9427809586667,Gene 80,719
147.40806095196606,626.2818988919429,Gene 13,720
151.45365685627047,628.7503403299321,Gene 14,720
148.55118314308234,627.1888121191115,Gene 20,720
152.16946205404793,627.4724807493477,Gene 22,720
148.79457546432891,626.3181185793615,Gene 42,720
147.34893917387214,631.0403293727875,Gene 69,720
147.81045119068742,631.8315430628347,Gene 80,720
152.70725265160144,628.7003269808976,Gene 80,720
167.36538382305432,634.8147844525623,Gene 15,721
167.93664530147907,634.2753677976212,Gene 19,721
164.17433036599928,635.969942411793,Gene 25,721
165.66011858406955,634.9817009515563,Gene 40,721
169.09728848601992,637.6686301536672,Gene 56,721
198.60009603198154,636.883291398794,Gene 6,722
204.93398299203932,632.9306091600423,Gene 61,722
194.97802214884572,630.7233562547541,Gene 75,722
194.8555964101807,631.2527398401527,Gene 79,722
216.9446662405999,624.199394946046,Gene 22,723
225.20883512927188,630.4303168121194,Gene 91,723
253.42199023722455,629.4354714916961,Gene 14,724
258.739451987646,628.5019628563407,Gene 28,724
255.29559753580898,629.7713170219635,Gene 32,724
255.4704839911534,620.493132348747,Gene 32,724
259.89408026993647,627.3992538926633,Gene 41,724
253.40383815816696,622.6255408829269,Gene 41,724
258.26262703098877,623.2582391631319,Gene 64,724
251.28650805873008,628.7293274151567,Gene 78,724
264.77039842876087,634.0695579884633,Gene 2,725
264.96537615761287,629.0689292439567,Gene 16,725
274.612731569605,630.5365701585632,Gene 19,725
266.4269274463859,627.3060891845988,Gene 20,725
269.07949419627926,627.2149510672899,Gene 21,725
267.0121736001635,629.5308323845916,Gene 37,725
268.5056882547966,634.7874862133846,Gene 86,725
269.7204518830336,634.4246166297816,Gene 91,725
274.2062470977419,633.5838182388579,Gene 91,725
269.64042378629784,629.3337229913652,Gene 91,725
311.02639662078695,629.7649496151763,Gene 15,726
313.13163772023205,628.4721840799967,Gene 80,726
312.4468056522039,630.6418451529489,Gene 80,726
332.5957419646563,623.2336224641864,Gene 12,727
326.6519449096879,620.644569518693,Gene 15,727
327.340569901784,622.2487140718179,Gene 15,727
327.5124479501481,621.9774112615999,Gene 16,727
325.3993732954734,626.1412851243235,Gene 18,727
328.1130364147804,626.8023172917276,Gene 91,727
343.6125526894516,627.6127901884676,Gene 14,728
345.6059473680799,629.6645574325789,Gene 55,728
353.790208751121,630.0798770338454,Gene 63,728
347.37579741901027,623.9502400749847,Gene 70,728
341.5884335453174,626.5253689730466,Gene 79,728
351.1118388552196,628.3584922202324,Gene 86,728
380.5750353638432,637.152666748736,Gene 28,729
387.33759010887576,634.0441687972445,Gene 29,729
381.08588411751856,638.0954112025347,Gene 31,729
389.1926607959396,631.0389670322683,Gene 61,729
384.7694688630388,631.1322562867102,Gene 66,729
398.5809018415595,631.0338956454516,Gene 10,730
405.5017400749687,637.2146568149831,Gene 15,730
407.2380733373028,635.1272741705192,Gene 25,730
398.8619686460096,629.7661169393107,Gene 46,730
396.1057213117111,629.8322915078494,Gene 88,730
393.6347386965877,634.8857745007007,Gene 90,730
419.378108169741,628.3442586151336,Gene 13,731
422.3014300418942,632.6631889167027,Gene 15,731
416.41522431505047,631.1940574706084,Gene 57,731
418.05152739650396,624.9613746392304,Gene 70,731
417.33363902131697,631.6154994055745,Gene 80,731
420.99425793648805,624.2490584852122,Gene 83,731
452.6943892061928,624.8264997476613,Gene 16,732
453.25314778429885,627.7457557800042,Gene 23,732
445.8399516274609,627.5484257416776,Gene 35,732
475.2256103675877,635.1155188144869,Gene 15,733
472.02837618340607,630.4342429588787,Gene 15,733
481.3950948374559,633.1839385871167,Gene 20,733
474.7847504629245,636.3759083792291,Gene 21,733
476.26935319890265,629.0971071094617,Gene 22,733
481.28304272628054,632.6327130066512,Gene 23,733
471.82850017178424,633.2411786645539,Gene 37,733
472.87928037892425,631.4733634446411,Gene 70,733
472.0237581611427,632.0404046366234,Gene 88,733
490.87152481504893,626.2160928289073,Gene 58,734
515.4437008202073,629.5383176346063,Gene 2,735
520.4518145253006,633.744237536397,Gene 37,735
515.164046246203,633.4953457500947,Gene 75,735
517.9390512875037,632.2943465722068,Gene 79,735
518.7709511414865,627.8612122754994,Gene 80,735
520.0547343506804,627.7396553685555,Gene 84,735
516.0658409746968,633.3433141890472,Gene 85,735
552.703145550178,633.1906810467462,Gene 14,736
548.6647587889054,630.5119374632031,Gene 19,736
556.6660634466692,626.4740734431715,Gene 24,736
553.1713402601197,628.4050934104368,Gene 24,736
564.9422893843231,630.4230632291632,Gene 4,737
561.1932959963008,627.8765010513473,Gene 15,737
562.4751870669613,632.2696373166594,Gene 22,737
560.0050440656566,629.1750578737093,Gene 24,737
567.8254271540877,631.7459256352539,Gene 40,737
564.507211524764,624.5874267587245,Gene 42,737
568.6913949358575,626.0082161686518,Gene 74,737
559.8301133700379,629.8809739466142,Gene 80,737
564.5466691878606,631.7945647091288,Gene 82,737
560.2623767121034,630.2928381573175,Gene 86,737
596.323801399854,624.8561183465828,Gene 2,738
598.771586916109,623.4849612706902,Gene 4,738
590.7663066464903,618.5689161550793,Gene 15,738
590.8992755581922,623.8744989645672,Gene 15,738
599.0313180910633,623.2492596093986,Gene 20,738
589.0590820752061,618.8758189198982,Gene 23,738
590.2962317402862,625.5971745883809,Gene 37,738
598.445897290871,622.585390276576,Gene 70,738
619.6201831614105,639.1381212305793,Gene 13,739
619.2967742146951,640.4951276123765,Gene 13,739
622.3547357634698,636.17433477017,Gene 18,739
618.3949414931726,631.7774256018939,Gene 19,739
617.0148174581202,635.922029682224,Gene 20,739
616.8562618206457,634.0698970928825,Gene 20,739
620.6067344305173,631.9789948542142,Gene 23,739
622.368097132731,633.4511969334853,Gene 24,739
620.7886019134643,640.0364163474212,Gene 75,739
617.9820378817799,639.0012493755311,Gene 84,739
653.4423941261384,618.6379482269939,Gene 2,740
655.1483360322212,617.3624826857413,Gene 6,740
648.8205677807784,620.8957817513831,Gene 74,740
656.5232964044358,622.1829185119745,Gene 79,740
652.7787927139245,619.6029873278776,Gene 79,740
654.4455111358293,625.3978780489115,Gene 80,740
649.3958725643186,621.1593975668189,Gene 86,740
654.9993084906755,617.9321722058149,Gene 98,740
676.5190030051111,621.0663448603658,Gene 12,741
673.2014351011433,619.8150046877257,Gene 12,741
674.8360541344069,623.7022356302698,Gene 13,741
673.6127296919798,627.399400916636,Gene 19,741
677.1552319221335,622.8551399058953,Gene 20,741
668.4107209278028,627.0057608462412,Gene 80,741
677.3144396946076,623.2600273582887,Gene 80,741
694.4261791254825,638.5591602806187,Gene 42,742
701.2599140023304,632.563178567073,Gene 51,742
700.9581979281187,638.5778974333974,Gene 82,742
701.7232259993899,637.710718980775,Gene 86,742
696.8436682912401,641.1272444515107,Gene 87,742
6.397820035812996,661.3931784979861,Gene 83,743
38.760135430853424,640.1999311756608,Gene 15,744
43.89641824860444,646.4311276497566,Gene 24,744
41.15855589691016,640.079646499084,Gene 24,744
40.62297021678059,646.643522864862,Gene 31,744
46.85954739727692,644.2637340746967,Gene 37,744
39.10080303870214,646.4146498206416,Gene 74,744
46.61793700850336,642.4099078943177,Gene 90,744
64.33373406715607,641.2799910165531,Gene 15,745
62.91874324521761,640.4359901192499,Gene 17,745
57.888026461825184,645.3937291960475,Gene 21,745
64.09871776777742,642.0803428179148,Gene 22,745
64.04261935849283,643.2111239235899,Gene 40,745
56.10798565835688,639.7166635172532,Gene 57,745
58.003048420809904,645.0471951227485,Gene 70,745
64.36445626354659,640.2903318090374,Gene 70,745
89.74713118361076,646.8704151318308,Gene 13,746
89.13846280794898,647.9410446772904,Gene 16,746
83.8059320689742,651.9863162726539,Gene 24,746
90.08006093071081,650.1087686197703,Gene 40,746
85.31808793249168,650.7680103670756,Gene 91,746
89.83880013318073,649.1164980439828,Gene 91,746
118.71006141571664,654.6503395131544,Gene 2,747
111.90595956255709,651.1375978260506,Gene 3,747
112.27431392844234,650.2722936654144,Gene 35,747
112.81767191969956,651.6803292415253,Gene 79,747
135.35295253112804,646.9700428805357,Gene 3,748
139.28980434354722,647.2114629709686,Gene 16,748
140.79418514067075,651.0470529709136,Gene 20,748
134.02605698401172,647.9820523249208,Gene 31,748
136.92273731402548,654.6314817591207,Gene 35,748
134.4668102125881,646.4781972208464,Gene 70,748
140.48972006942455,653.5152345970849,Gene 80,748
135.93663229329914,653.9636785158517,Gene 91,748
134.75687576251406,653.4535637302101,Gene 91,748
165.07399971027468,647.6844566338556,Gene 13,749
161.61320664840204,642.0278590628322,Gene 17,749
167.88824417054676,645.7998521538767,Gene 22,749
170.57483026026983,642.953766217987,Gene 22,749
158.87963499904615,645.689796156093,Gene 70,749
160.38469595768782,647.1633294960302,Gene 76,749
192.65774183766214,656.3454781844126,Gene 16,750
193.15423457072134,656.6520175618841,Gene 82,750
187.65806374788204,653.045829208816,Gene 98,750
220.80903444863384,651.761049093242,Gene 15,751
214.63637146765595,656.7649463187618,Gene 15,751
213.03904858988665,651.7910303191246,Gene 18,751
233.81770051508744,652.1561847274847,Gene 12,752
235.47592563358643,646.1755512816014,Gene 24,752
228.47358070459,646.8207364680852,Gene 40,752
236.80522748167363,652.715953558922,Gene 44,752
235.87375383667535,653.2392182579548,Gene 91,752
233.3785184407363,651.7443177112075,Gene 91,752
263.33921106131874,656.4904755219007,Gene 17,753
255.13187385894824,659.4486985143825,Gene 32,753
257.96079317495935,658.5037220671896,Gene 42,753
255.72074798475845,654.8125943711856,Gene 70,753
259.0024756267414,661.1280394212993,Gene 91,753
291.44996211829647,642.9744255551194,Gene 17,754
287.8394144527346,651.8671264396719,Gene 40,754
287.51025811991514,651.9213545411993,Gene 51,754
286.4080509671035,646.882245065991,Gene 74,754
285.24591792358206,648.537376716724,Gene 75,754
291.9073126361344,645.574301852557,Gene 77,754
287.30427744533836,645.5530295001274,Gene 79,754
292.9486775972317,650.4856201830945,Gene 80,754
287.3125996948935,651.3254789381001,Gene 80,754
285.78078110310656,647.7972173732618,Gene 83,754
284.1273979324771,649.9765399808982,Gene 84,754
288.6142420343209,644.7098268463606,Gene 86,754
289.4427160188536,650.4349070550755,Gene 86,754
314.249852917442,639.6287752178715,Gene 19,755
311.6690864454806,636.5559231419275,Gene 19,755
303.8266749255618,640.0849631005501,Gene 25,755
309.4452304853456,637.7766429111068,Gene 37,755
312.0222790724728,644.6113013068627,Gene 70,755
329.72238120762387,649.3128645479655,Gene 37,756
339.3219667121937,647.3100697792889,Gene 74,756
333.5212568085447,647.3006000080396,Gene 79,756
332.53985986309306,653.7092248882471,Gene 80,756
337.35629720380024,650.5898310625248,Gene 80,756
338.6703698975587,650.6850182316845,Gene 80,756
336.4299584199098,646.0703189696474,Gene 80,756
335.8215734938525,645.2766515093159,Gene 84,756
363.46324336692817,654.1683906554603,Gene 14,757
361.1146166642008,657.4925696890374,Gene 16,757
352.56672283450644,655.5595856526578,Gene 24,757
364.3869977584901,654.5971960758012,Gene 37,757
358.9025975305951,658.7273978545154,Gene 37,757
363.61355991416553,652.7381490278252,Gene 70,757
364.16655154357005,657.9614746469026,Gene 80,757
383.72606188902296,648.6712705808771,Gene 41,758
392.2645469751905,652.0669711205106,Gene 80,758
384.6577110140044,645.2672305362386,Gene 86,758
406.28214138502716,652.1074460002693,Gene 76,759
403.3019158455279,642.4462682593781,Gene 79,759
411.9280882812702,645.2901209449635,Gene 80,759
410.47442943911244,651.732509918238,Gene 95,759
440.30688248396916,640.1579115453558,Gene 8,760
433.4687536109069,642.4247467831948,Gene 30,760
438.4029983691178,640.1501906502006,Gene 30,760
434.0872366291756,642.884198069111,Gene 32,760
440.6197849501288,643.2610615559146,Gene 58,760
434.86695180871726,639.8663314258081,Gene 69,760
438.1587659228147,641.2868993739604,Gene 69,760
439.70848020999443,639.716184880707,Gene 83,760
471.0489377604119,651.4948330188531,Gene 16,761
469.43224113894775,647.7914195606487,Gene 22,761
463.9365334182593,647.881823669864,Gene 70,761
489.05961955055574,639.8114822005732,Gene 41,762
484.2710698449948,642.9922139288651,Gene 74,762
484.466444847985,644.6817162052891,Gene 80,762
517.3837851989082,644.8198324601643,Gene 14,763
519.5898690524942,647.6566223136159,Gene 42,763
515.77066642202,650.3241129925276,Gene 70,763
510.9180734013428,644.6276996629712,Gene 70,763
513.4283605054342,650.1271310376933,Gene 80,763
510.6259865550731,649.0092621899678,Gene 91,763
544.25175980785,653.323834937414,Gene 13,764
534.5928012487409,649.0739943559656,Gene 14,764
545.4791977024585,651.1937748478266,Gene 15,764
534.47650820301,653.2603949989837,Gene 22,764
540.3982646501137,650.9471949520928,Gene 22,764
537.1221475921557,654.8812317019012,Gene 23,764
535.3483606881337,652.6176172329826,Gene 34,764
537.1022168462542,653.0412821384323,Gene 35,764
544.5408267889064,647.3503093958111,Gene 37,764
542.8450066218777,647.7394438608989,Gene 37,764
544.9692382301,652.7349391666002,Gene 40,764
533.4035403207469,649.13588361281,Gene 40,764
536.9273442924951,654.875851188074,Gene 86,764
561.7229075291815,660.0308165671887,Gene 58,765
563.7018880466583,660.3559561753199,Gene 63,765
556.6420381701105,657.3934366556068,Gene 80,765
586.8809970568759,644.0147211040089,Gene 2,766
583.7169652034567,643.0245387290499,Gene 87,766
587.5149287796373,644.0391533868785,Gene 97,766
617.6613088754671,642.7185724284594,Gene 4,767
613.5775263059563,642.3266348998733,Gene 8,767
609.8612697760843,644.5550254178412,Gene 15,767
613.9009640046376,648.3418913672318,Gene 18,767
609.1569299625465,641.8758454040791,Gene 23,767
616.660346405088,647.7040683512524,Gene 80,767
615.3577451339085,641.1189594406811,Gene 91,767
642.2112259844484,647.0128514465608,Gene 12,768
636.0970497036028,652.1471671963905,Gene 15,768
633.6190095128923,652.2710923088213,Gene 42,768
643.8539604952043,648.8926518059562,Gene 91,768
659.7250148904386,648.277083046194,Gene 12,769
652.0070584333303,651.0146241422194,Gene 13,769
655.5916318654034,647.3791851951743,Gene 21,769
659.5084756903135,650.4304029031725,Gene 22,769
658.989077748806,647.913358916225,Gene 24,769
654.7508910184172,649.193424645137,Gene 32,769
648.5608868391115,649.2240869370164,Gene 84,769
654.1909746651233,644.7396322843542,Gene 91,769
682.5976547593817,648.4723812183842,Gene 3,770
687.952270539402,642.6921170130057,Gene 21,770
683.6771840459387,648.4175701136132,Gene 58,770
685.13306447566,643.7623835040014,Gene 64,770
688.4734693355001,644.6173789678028,Gene 76,770
683.7026522652604,645.7865530798247,Gene 83,770
687.6348514489086,650.5121779192762,Gene 83,770
723.1856818488617,649.4508289573605,Gene 64,771
714.3430202652526,650.3848525815107,Gene 64,771
721.2691852251417,648.1645280572327,Gene 74,771
722.5227494975694,654.9728609966132,Gene 74,771
715.1802963487697,649.65148269437,Gene 79,771
723.2738769592906,649.0619836025622,Gene 80,771
720.9982321769328,646.6143043880433,Gene 80,771
719.1289900255201,655.2765366044224,Gene 81,771
721.3684865226404,654.7003445449554,Gene 82,771
18.2902218207246,667.6739818712819,Gene 15,772
15.280509116052428,675.1338698851697,Gene 16,772
14.96241232850633,667.4099158557284,Gene 17,772
8.922354126075216,671.5773294060967,Gene 23,772
15.724100747054166,669.4033570334537,Gene 37,772
12.108897534640736,667.6679715575378,Gene 57,772
44.21629217841263,689.6323124841778,Gene 22,773
56.10501813248751,686.3324155375137,Gene 37,773
80.27463618271399,662.2752637991382,Gene 15,774
77.31639605380445,660.5586365433986,Gene 23,774
76.20149266890603,657.81690795752,Gene 35,774
78.4413575612886,659.7521371316093,Gene 35,774
85.6597864440607,658.1035205628272,Gene 37,774
81.63018781260253,659.9362892524132,Gene 80,774
76.36738858024677,659.5296852276774,Gene 91,774
101.01320820908825,664.4911602155616,Gene 14,775
100.11061340494588,674.0508126710901,Gene 15,775
98.70102551649308,666.1781156962024,Gene 20,775
101.38388952804898,666.3418036509684,Gene 23,775
100.22044903372795,663.2170025721492,Gene 25,775
103.3220369304247,670.4612680272458,Gene 42,775
121.50179761889363,680.749638752752,Gene 24,776
120.52673752262578,681.9121817941633,Gene 35,776
126.1105902763891,676.6654110115359,Gene 37,776
132.3105393237997,680.8498095028593,Gene 74,776
125.9094140121096,684.7197098894972,Gene 79,776
151.45907213275007,662.7061264357,Gene 51,777
143.06876193510905,668.3654187427188,Gene 51,777
143.43170866256634,666.9167185341813,Gene 80,777
144.5167142343848,662.6876551010191,Gene 80,777
143.22221641423397,664.4878381826662,Gene 81,777
143.95803062653243,667.6389646417748,Gene 82,777
174.45408601893712,675.8704076523901,Gene 74,778
173.19217728615598,675.5613479093217,Gene 75,778
170.5674580072452,674.2201592663301,Gene 80,778
169.80047049006276,672.5353857998674,Gene 80,778
172.54375085578806,674.9111000933191,Gene 83,778
178.96001903077263,675.6436038492453,Gene 85,778
178.9401800702603,676.1895606322581,Gene 98,778
195.76762075700265,666.5283081330605,Gene 3,779
193.54749841521814,661.9595252540603,Gene 23,779
202.28573772058598,661.6048937871655,Gene 57,779
195.90843860111622,661.4622350268844,Gene 79,779
193.29242890489007,661.7607305049801,Gene 80,779
226.0483011875874,659.207389794982,Gene 61,780
228.59909673688878,660.0383201779806,Gene 64,780
223.47141023341314,664.7278927950172,Gene 75,780
227.0416406813424,660.4243244776753,Gene 79,780
221.81486477443246,659.7976655872567,Gene 80,780
221.3895403638794,665.836006538542,Gene 83,780
226.69589921544906,666.3660547489425,Gene 84,780
221.65475346836251,664.5459834149297,Gene 86,780
250.34823864732488,682.3717854953827,Gene 14,781
256.18734724778966,681.3987513523309,Gene 20,781
250.97278320626762,681.4814956906272,Gene 24,781
246.33392365515704,677.5563299655049,Gene 70,781
257.39132524239704,681.6452144046093,Gene 83,781
256.4830653469014,679.483333981497,Gene 84,781
278.2112412808003,664.330307289691,Gene 46,782
274.87666220119615,672.5458179687203,Gene 58,782
278.6780415132001,663.5560029348535,Gene 74,782
301.54091225847446,658.8615041236143,Gene 26,783
306.5688261272863,656.0589016400415,Gene 29,783
306.14457103233104,656.5383447751163,Gene 46,783
298.8754338838743,667.7649866580576,Gene 63,783
319.17289174260316,679.9015188127124,Gene 13,784
325.5827995605282,677.9401595073421,Gene 13,784
321.5326598646808,680.6104967143616,Gene 22,784
325.1821512091049,679.8785247841187,Gene 24,784
326.6433595603072,678.991726434953,Gene 24,784
327.7072226545233,677.6601418896319,Gene 35,784
320.7795212166753,678.9063305559051,Gene 40,784
320.18069029602356,679.1283739547025,Gene 70,784
318.7444569361995,677.1095104567001,Gene 83,784
322.79174809134764,675.5632146058331,Gene 91,784
364.0241880127177,671.0920510094328,Gene 10,785
358.93277928548406,672.8298225684428,Gene 11,785
360.4469884853068,666.6564250863934,Gene 22,785
362.4209294428624,672.6085026051868,Gene 24,785
362.6169425119718,666.7768813197263,Gene 25,785
359.7078211425054,674.4303835736832,Gene 40,785
355.8347345566414,668.1861256615996,Gene 52,785
354.5374091345739,669.8782696238165,Gene 80,785
369.04691232893254,684.2387167244295,Gene 14,786
370.02354130584695,682.1675508513077,Gene 14,786
367.5005183021288,684.8764734230516,Gene 19,786
367.2990597141375,681.7643942696558,Gene 24,786
369.40352940351465,676.0264772652473,Gene 24,786
365.1069235457333,682.0995326788644,Gene 37,786
369.3873136469557,682.2470257057646,Gene 70,786
396.7672496437079,666.4773254725224,Gene 16,787
399.76028531768037,659.0730603812666,Gene 24,787
400.0484754176185,662.5763978065258,Gene 24,787
393.5075505930282,663.3603871834231,Gene 37,787
402.82929169524476,664.5653685337786,Gene 37,787
397.8943334971922,659.1043601984142,Gene 49,787
430.1492576576338,668.8675289740029,Gene 14,788
428.77668486453524,667.1182963986366,Gene 15,788
425.928204533291,670.8085491558597,Gene 21,788
435.3013235295496,671.8652768520018,Gene 24,788
431.5273963664417,668.0534605580245,Gene 37,788
432.14962794308076,676.5889098522944,Gene 69,788
451.34098283510065,677.476973917225,Gene 13,789
459.2307998844101,678.2051184567957,Gene 14,789
454.6619140695234,672.3903074040695,Gene 25,789
459.00799048864724,671.8216591797498,Gene 37,789
455.8772044473179,678.77460323042,Gene 80,789
474.5973775013821,672.4394129709063,Gene 23,790
482.7987917564317,672.9344287889008,Gene 29,790
471.8191697662212,675.7316105496378,Gene 41,790
474.70787238311857,667.0311910847701,Gene 66,790
499.6116277808177,668.1511752863491,Gene 40,791
499.20806902006404,660.6640679015233,Gene 42,791
506.9609231172546,662.3324424123969,Gene 58,791
505.9777599734438,662.6428106761915,Gene 64,791
496.05844509468466,666.0965038089142,Gene 78,791
493.7037300822277,666.9272985493761,Gene 79,791
498.93720185070373,660.7290587727514,Gene 80,791
522.6283300441409,674.6323678163437,Gene 21,792
520.2214479591606,674.397906394794,Gene 37,792
528.2229296694666,672.3845131508494,Gene 74,792
522.2722923004609,664.7611181320644,Gene 81,792
524.4798469948312,666.9528433865313,Gene 83,792
530.4544078745606,670.8171607306762,Gene 87,792
558.6004919194653,662.1398701385468,Gene 2,793
550.2920616242675,665.6704511560464,Gene 37,793
555.0586344288455,667.8753335373402,Gene 54,793
550.7295955170663,665.6915666298332,Gene 61,793
550.1051831073172,661.0425264390444,Gene 77,793
549.2962228399729,663.8877764293479,Gene 80,793
556.7953556676989,661.646589972808,Gene 83,793
554.8997367473319,667.676063961203,Gene 84,793
589.1923838108689,670.2844865316897,Gene 61,794
581.1644247122176,666.0188301448163,Gene 73,794
581.442224246651,667.3395879222375,Gene 75,794
579.756943533947,670.2598225633807,Gene 75,794
583.5039030267549,672.2470970524603,Gene 77,794
583.5212304769766,666.9910304972786,Gene 83,794
601.3151545580446,671.4846501340509,Gene 14,795
592.9344016028439,674.8948601468984,Gene 23,795
600.9081062018424,671.1757980725424,Gene 23,795
596.7545046596717,668.5081666947599,Gene 25,795
590.6011868440629,670.9696767023444,Gene 28,795
617.7935966236464,652.9377387978813,Gene 0,796
625.1599975393073,655.2470444742609,Gene 28,796
619.3176358399274,660.2217019227431,Gene 31,796
621.9782656998378,654.3998193806792,Gene 31,796
625.9035722446639,655.4428726795518,Gene 35,796
615.9306953915195,657.3872102081189,Gene 37,796
652.6883981277282,672.4781970631586,Gene 3,797
642.2607231640719,674.4157977466334,Gene 23,797
643.1331435102818,677.1008038628628,Gene 25,797
648.2007016636148,670.5704650724878,Gene 57,797
671.7424904826743,672.1412153238676,Gene 58,798
676.9144292444844,674.4052620487153,Gene 64,798
677.1225127924826,672.1328001195573,Gene 64,798
678.9723007388801,676.1483130763224,Gene 76,798
681.8892801589597,670.1921515195587,Gene 79,798
679.2535021098964,671.5576027100511,Gene 79,798
680.347983657009,673.7069905696987,Gene 81,798
679.4993581843297,676.7523982155353,Gene 81,798
677.8469198646742,669.2341660285533,Gene 82,798
673.1877911085201,675.6397977008426,Gene 83,798
693.9856398497287,673.3904732966325,Gene 20,799
690.8959654120317,674.4241689896197,Gene 22,799
693.9118872821668,678.7466683322015,Gene 23,799
700.2946795020365,677.4817074067946,Gene 24,799
696.7241275596693,671.8282561064507,Gene 40,799
699.5562451245862,673.5067780702338,Gene 83,799
729.4766359235193,673.1943395995261,Gene 37,800
721.6715704127645,676.4232492350317,Gene 40,800
723.3767891280339,673.7720738910517,Gene 40,800
724.7031653548353,670.5988961476409,Gene 58,800
723.8963423774351,671.2422047769137,Gene 74,800
746.180169373162,659.7405716247586,Gene 6,801
748.8263571338738,661.00546053952,Gene 27,801
751.4193654201842,666.2978592956752,Gene 28,801
748.7852299856494,661.5718534337215,Gene 28,801
740.9090587358079,661.5813773423262,Gene 30,801
750.7706050595255,665.7650472179861,Gene 32,801
741.2351631053463,665.589247788078,Gene 33,801
745.6862130880293,669.8852728632842,Gene 65,801
751.1219319266288,666.2460941557662,Gene 69,801
742.9099782710929,667.8331158615964,Gene 69,801
740.0139967451355,665.6978211255795,Gene 79,801
7.464401455731581,695.556702514429,Gene 5,802
7.947377950421084,694.9617714804494,Gene 19,802
3.3580553938412505,698.188166754547,Gene 20,802
11.596644107134185,699.4370946326612,Gene 22,802
6.972555478824118,698.7074811490156,Gene 23,802
11.153593105392252,701.1566361147211,Gene 24,802
8.208828933129245,695.9419566133986,Gene 80,802
11.154340359507454,702.4088115589499,Gene 91,802
26.48439619268899,693.2610448222997,Gene 40,803
30.785124432650527,697.6321496517777,Gene 79,803
31.915716752479298,691.6353601719774,Gene 79,803
28.33348901062389,697.5687213971737,Gene 86,803
55.90308673658952,687.7508541799397,Gene 12,804
55.30403449644055,683.8946294346564,Gene 24,804
94.54765488349643,684.3959103626808,Gene 14,805
98.1624625014314,680.5140126985423,Gene 14,805
96.17370741001781,678.4782655841077,Gene 14,805
89.35966363573826,678.2029425870652,Gene 63,805
90.96102163622646,676.7736348617175,Gene 86,805
93.59252134717272,683.8436150130525,Gene 95,805
108.43835870551254,694.6107505425348,Gene 14,806
109.53575759419903,698.4186927174669,Gene 16,806
110.16163660063839,692.863781360338,Gene 16,806
111.42911113371807,700.1372898187013,Gene 18,806
118.11069508097931,695.4022895612972,Gene 18,806
109.01442894357876,693.6901732587249,Gene 19,806
115.3806789076906,696.1968212183606,Gene 31,806
115.7270489480517,695.0483276813392,Gene 35,806
111.72347840241588,694.2529249634277,Gene 57,806
116.11758917464103,701.0938658767711,Gene 79,806
131.95016800131452,693.3212032717113,Gene 5,807
132.34486869510621,687.2508362586918,Gene 13,807
129.1704773905438,686.9207883214555,Gene 16,807
122.78933205229585,688.5193086020615,Gene 18,807
125.00554991884933,689.9329216402818,Gene 20,807
134.7711884238305,695.6186021058994,Gene 20,807
125.42621104691783,697.0866336396679,Gene 80,807
120.3353191519366,690.8499310199891,Gene 80,807
135.80266448174422,689.9404554913316,Gene 84,807
128.1390603422273,697.3858643993144,Gene 91,807
152.7935938440127,701.4068615779584,Gene 13,808
150.640288359209,697.260222321616,Gene 15,808
150.18581114387231,703.1242043013408,Gene 16,808
150.5387328864437,702.4010330713968,Gene 21,808
154.42183409456078,696.1019410845311,Gene 22,808
155.6281505188001,697.2563538204852,Gene 24,808
151.91647505658327,704.0738071662587,Gene 24,808
148.29016261118616,701.5478014730764,Gene 37,808
159.11732979343003,700.1208292698703,Gene 79,808
157.61538747261756,697.9825109573401,Gene 83,808
157.20182421352922,700.2006862891405,Gene 84,808
195.31251208896504,696.7739143511284,Gene 2,809
194.72922784743315,694.428938799683,Gene 46,809
188.7749028867138,696.5698864174541,Gene 74,809
194.49858401334706,695.1644892499563,Gene 80,809
195.4726648539661,696.647424634959,Gene 83,809
217.0603844993819,703.0761338629337,Gene 42,810
219.43194478137806,701.2876046134721,Gene 74,810
209.14231794445013,702.7632362206796,Gene 82,810
238.85884049823696,691.8532403560067,Gene 28,811
226.4156680373714,693.1871754569189,Gene 33,811
227.96134126552118,695.5537086520291,Gene 41,811
261.54618859075185,695.624226049858,Gene 3,812
263.6966278921426,697.0368980653162,Gene 41,812
261.58244441322785,701.4776019321077,Gene 63,812
258.9872570282938,692.9667861165037,Gene 64,812
257.3562651186526,693.91800804268,Gene 75,812
261.83604843841715,693.0865634620504,Gene 79,812
255.8377605219546,694.5975902183234,Gene 98,812
281.2779575112514,692.7224435841201,Gene 15,813
284.2224135729315,690.6538792428332,Gene 24,813
289.0694895474537,696.5027242184267,Gene 30,813
280.5835270174925,690.7658167602772,Gene 70,813
314.37215072839524,688.1856609385529,Gene 3,814
313.02950975441854,688.7518342929336,Gene 13,814
308.3941618360382,684.7984264437129,Gene 15,814
309.0966986056856,689.9888956536324,Gene 17,814
308.59314005306925,688.81519914404,Gene 21,814
308.381643835418,685.71966628844,Gene 23,814
310.1150979675433,684.8382758278358,Gene 24,814
315.20765567089154,688.7120066304323,Gene 70,814
312.84914381992814,683.8213353427731,Gene 88,814
341.3795336111897,697.6735667226608,Gene 22,815
341.17256072545905,697.373838846638,Gene 24,815
336.80121438460804,696.7028705059889,Gene 24,815
331.91549406621476,695.1316453346773,Gene 37,815
335.28081962632837,702.4432074267925,Gene 37,815
330.7386226909254,698.3775113155654,Gene 40,815
335.8065769296307,694.6853541274165,Gene 42,815
339.5882874134578,700.7226094807531,Gene 70,815
336.5573908989265,700.4476559078885,Gene 76,815
335.26544272398655,693.9130456475775,Gene 84,815
330.64924432740924,695.6987640305208,Gene 91,815
358.6247425879377,698.7472134310638,Gene 13,816
360.2680638025289,693.6630434933039,Gene 17,816
362.51989879761226,698.445731193295,Gene 19,816
369.78536765023625,695.1242541307506,Gene 21,816
368.0811918736356,694.2266906249376,Gene 22,816
362.6511545820269,697.4824654650936,Gene 32,816
357.2683062579276,696.8975834075549,Gene 40,816
379.4581912291554,691.9075386385205,Gene 9,817
384.0250342534488,689.4071525206883,Gene 12,817
388.12351345262863,697.7456811993553,Gene 13,817
384.9351507366693,699.3340533377337,Gene 14,817
381.27385685755894,690.2543743519016,Gene 17,817
390.0473195176976,696.7324090355933,Gene 19,817
384.0685212768227,691.3946494606996,Gene 23,817
385.94979626633545,697.2238323539048,Gene 24,817
388.94028775723285,691.8630600475179,Gene 37,817
390.25443790958286,694.3229341322348,Gene 70,817
413.3136414901839,688.4132912905397,Gene 15,818
417.77367995412675,686.5380740858175,Gene 37,818
417.84720376096584,684.7560982458489,Gene 40,818
418.66457944551473,683.5712966849543,Gene 55,818
419.4733892332062,684.9632311571239,Gene 76,818
417.50378156564597,686.8514358282142,Gene 80,818
417.6939559928846,687.0895788513187,Gene 91,818
418.76022336705444,693.8170031528124,Gene 91,818
441.44418416287357,700.9318756929174,Gene 2,819
435.99051719380185,702.9462551043405,Gene 28,819
441.2853773222113,699.0706702417849,Gene 37,819
434.0809902350401,703.8450985555484,Gene 58,819
438.6658354680151,696.0645098642748,Gene 74,819
440.93199034380757,697.6461970808834,Gene 81,819
432.30037445803646,696.9473054291607,Gene 81,819
437.65693644110513,701.6778419344654,Gene 84,819
467.3824829645622,684.4882872795923,Gene 3,820
464.59941530267287,683.112095197606,Gene 3,820
460.2910431989214,682.4687077589361,Gene 9,820
468.743125185538,685.8606438724692,Gene 12,820
463.08017935934754,688.9054095692736,Gene 12,820
468.77255757962564,689.3516893047735,Gene 16,820
460.749170331832,684.7314756486294,Gene 20,820
469.0113847849471,685.3669622456938,Gene 23,820
470.07193468957246,683.3938699063561,Gene 24,820
485.9307574621808,701.8216419415612,Gene 17,821
490.89162040499235,705.4302475444545,Gene 22,821
489.09638398919236,703.0367186848101,Gene 76,821
494.5646114583767,703.879785340482,Gene 80,821
485.1668165988063,699.6478686073043,Gene 80,821
494.86940251819783,697.682895802138,Gene 80,821
486.08966442819525,702.9660289569343,Gene 81,821
497.57455571406786,699.0958568735188,Gene 82,821
509.3243398112594,687.9499498667441,Gene 12,822
507.7689818966667,688.326708452761,Gene 12,822
500.8161909964398,685.8540528998495,Gene 12,822
501.29680053579847,688.6315734566851,Gene 13,822
509.79865452367653,686.8903937687438,Gene 15,822
504.0470591420494,689.9430127407154,Gene 18,822
501.16004346652505,689.0433886915187,Gene 19,822
501.69163650063797,689.9107508778619,Gene 19,822
507.1762558780216,686.2235007469408,Gene 20,822
507.34190251649323,684.6628818414708,Gene 22,822
505.05349878935,689.611345913951,Gene 57,822
507.20747729227713,683.4638203738602,Gene 80,822
537.3444178982382,696.9253058001398,Gene 2,823
542.720896723768,695.7682617022709,Gene 46,823
542.9158428653595,693.6956009521468,Gene 58,823
542.8271274656207,694.0364403274715,Gene 83,823
543.1019882309741,693.7687199843703,Gene 83,823
538.315294958082,699.6831653977932,Gene 86,823
557.0688652728378,688.2233569148423,Gene 10,824
560.0356828667243,690.3762921394863,Gene 14,824
562.1843349772441,685.0418923799689,Gene 22,824
562.7431937084621,688.8269405364941,Gene 24,824
555.9773960040254,689.8854196308506,Gene 63,824
556.1141509319007,686.3002015513214,Gene 79,824
557.5629809168066,685.4651087501998,Gene 80,824
559.906103808712,690.3541951986628,Gene 80,824
559.5464061827935,687.3990446637209,Gene 90,824
596.1492200018791,691.807461665116,Gene 12,825
592.6436720752968,696.4981016047878,Gene 15,825
597.4140422720167,693.6068457835706,Gene 19,825
597.5022726118542,694.8225381436512,Gene 23,825
596.8873270188825,698.1964713072778,Gene 25,825
597.4034508260498,697.3586096633126,Gene 32,825
590.7002772920895,697.003597200951,Gene 80,825
590.6181792406051,693.8681706818753,Gene 83,825
591.9644255496611,696.9101182901491,Gene 91,825
630.4829974433486,698.8859586853862,Gene 13,826
629.3626473338903,704.1968874717403,Gene 17,826
622.1126594307854,699.4461708888175,Gene 23,826
629.3601043247454,704.8427295884896,Gene 57,826
621.3817779191652,700.9366456079935,Gene 80,826
640.5093808695168,684.1174519766693,Gene 12,827
638.4194472691099,682.863786236727,Gene 13,827
638.3970178290499,685.6001015538262,Gene 24,827
637.1655171068443,692.2653362993697,Gene 76,827
635.9536916999801,685.900631392591,Gene 84,827
663.9953235345291,685.2732568434769,Gene 0,828
655.6413523620674,688.9510004816347,Gene 26,828
654.7916923439655,690.2833660259192,Gene 28,828
654.6533260420179,683.9850161827065,Gene 29,828
665.3283456922106,681.4249662512262,Gene 33,828
664.4466279366347,687.7371251427929,Gene 35,828
661.3493710435321,679.6097940217937,Gene 35,828
667.6724891853646,685.6488918260474,Gene 60,828
669.8859162405882,689.752578106437,Gene 63,828
669.778810345086,690.0386333808227,Gene 68,828
672.3549314837949,686.8120625970307,Gene 83,828
690.1998796304651,697.8368500485452,Gene 4,829
688.3523638295711,700.0339375247453,Gene 13,829
691.8528491866274,700.4031084169212,Gene 14,829
689.2521341499587,699.7277667372382,Gene 16,829
694.17782230035,699.5130130949141,Gene 18,829
689.4272888625342,697.0067937955332,Gene 20,829
690.7218036164237,694.6717568574111,Gene 22,829
694.7934261203396,696.6572719707042,Gene 23,829
690.6640093608436,699.4158438454484,Gene 31,829
695.2816674092377,697.391440428788,Gene 37,829
694.501917480909,697.0315403778466,Gene 80,829
720.2600187606007,696.7515642525825,Gene 5,830
722.2505251331578,698.8995506899987,Gene 16,830
717.5861535880962,699.9916886857334,Gene 28,830
722.0716812966957,693.5841227417739,Gene 28,830
724.772793398727,691.4680391429858,Gene 30,830
717.7478185941627,696.7561467186823,Gene 31,830
719.5157983455829,690.7152717133143,Gene 66,830
723.2149613960395,695.5730635127613,Gene 83,830
736.7464484202764,688.7510389091286,Gene 13,831
739.430389334898,688.9255575869844,Gene 13,831
744.5513901557522,688.953271719587,Gene 16,831
741.1487116557543,689.1313897875235,Gene 21,831
747.5707953401641,687.4144521996942,Gene 21,831
736.4855478641273,685.7218690221583,Gene 24,831
738.634584406978,687.8594703828832,Gene 24,831
740.7965713998997,684.0946008750119,Gene 34,831
745.3995318729271,686.1498544052309,Gene 70,831
738.0451796890385,687.5369021780599,Gene 83,831
762.1247034735217,689.8464245700314,Gene 12,832
768.3397380118301,688.4620733551873,Gene 17,832
767.9918468768552,687.3628719760629,Gene 24,832
762.1245193057024,690.0846612924744,Gene 37,832
770.1343159284344,690.4134008754863,Gene 57,832
763.4441372325506,689.8963966939488,Gene 70,832
779.8285592650343,696.3843113017418,Gene 17,833
779.6085701364826,697.3265488953291,Gene 21,833
777.6003467440295,694.7991176261459,Gene 23,833
789.9513481801622,697.2184593412513,Gene 25,833
789.6066152501431,693.3790929197122,Gene 80,833
780.835953584514,698.7309013476689,Gene 80,833
783.7363087521979,687.918761019366,Gene 89,833
19.614977935702946,710.5032693466633,Gene 22,834
21.424541086774717,703.3608154540635,Gene 37,834
26.95568211208654,709.1351689441148,Gene 37,834
21.8747040561623,710.5741598316914,Gene 75,834
28.30108957788922,709.4716086703254,Gene 79,834
18.058715323943517,707.4940785326469,Gene 79,834
27.09927547101904,705.633535531335,Gene 84,834
54.204240440040934,717.7159271063618,Gene 6,835
50.52736653869511,720.8380640232511,Gene 37,835
52.764952328948695,718.4229773368845,Gene 58,835
49.596022267410035,717.6244625426175,Gene 61,835
49.519925547782734,718.7379648128084,Gene 64,835
52.70148801541297,718.3814963338409,Gene 84,835
70.63996782610631,715.1296939326255,Gene 15,836
68.10344134585968,705.4050875256804,Gene 15,836
68.7120429023372,713.5337051364646,Gene 91,836
98.06366117872912,719.4861665988723,Gene 16,837
104.11368407888196,711.8161910274939,Gene 16,837
110.66331995623716,712.2932224929745,Gene 21,837
106.72746389843665,715.8241795143798,Gene 23,837
110.6561449660531,714.2979039787386,Gene 79,837
106.26881368529453,711.3924784596205,Gene 80,837
127.77024584577613,703.9352738283418,Gene 15,838
127.24195238124172,705.6154825074464,Gene 21,838
134.10299083194366,704.6310599625909,Gene 22,838
134.9608448215921,706.5099309653976,Gene 23,838
124.50005799417362,705.5212223062102,Gene 23,838
126.63918981390758,709.3762588721457,Gene 80,838
131.01689840300142,703.9458090163093,Gene 86,838
124.49655637838285,708.7754305308191,Gene 91,838
137.45824535398177,708.5050002874624,Gene 4,839
142.06478574847455,703.1211989023366,Gene 46,839
142.02710625232837,705.9116879351832,Gene 77,839
137.5453131588677,707.828150876495,Gene 78,839
139.53092223142673,704.1979966070278,Gene 80,839
141.3491804368604,709.9925743767102,Gene 83,839
139.3095581878398,703.2541215142687,Gene 84,839
139.02323167565288,706.2428835594272,Gene 98,839
165.74689226151844,710.4014268020829,Gene 2,840
168.3021877818759,710.2501425139058,Gene 20,840
169.5362424851051,709.0613749114735,Gene 24,840
161.61195757274106,710.5652706298608,Gene 83,840
162.325015698844,708.6234788320543,Gene 83,840
196.63376544725594,719.7038783799687,Gene 13,841
203.56780220843254,720.6642343712314,Gene 20,841
198.97103037988683,717.7480025537357,Gene 40,841
203.54407566721804,724.0840080641514,Gene 76,841
199.91623452551633,718.4568973625679,Gene 80,841
197.72043963454476,719.6580949655981,Gene 91,841
219.0843210112654,703.4121597646745,Gene 4,842
224.0525941542934,703.7581333788308,Gene 15,842
214.88553080096986,704.0321841225568,Gene 22,842
217.64152289333236,699.9678955255184,Gene 22,842
226.55373308552535,710.5286920465552,Gene 23,842
229.2881605935309,705.2831541204315,Gene 42,842
220.05811555017345,709.701385106457,Gene 66,842
218.66997935247582,708.6375892035466,Gene 84,842
245.1862933396743,713.884134329221,Gene 2,843
244.05266940212093,714.3029649571283,Gene 83,843
244.29983554854093,715.719225425394,Gene 84,843
251.0169407934809,714.6571386227781,Gene 86,843
283.48967749365323,716.4417626032601,Gene 17,844
277.3172211644384,716.9652242425715,Gene 21,844
283.9703227500929,715.8042899564008,Gene 23,844
281.73219619996576,721.2666434519783,Gene 23,844
277.80307826520624,721.2899714148826,Gene 37,844
280.5296997938072,722.5654497627463,Gene 80,844
281.73514474239977,717.2852893313604,Gene 83,844
296.22642252066305,709.8250388059841,Gene 2,845
296.8053096836985,709.8448719865694,Gene 14,845
288.0107190360982,715.1360960710131,Gene 16,845
296.17551855763685,710.9676082756712,Gene 18,845
296.99905766928583,712.5307051653972,Gene 18,845
286.23669688915083,709.9041830807503,Gene 19,845
297.111444573633,716.1217436016486,Gene 37,845
317.4291299070282,711.301354802549,Gene 22,846
324.6287474290388,720.4490189927052,Gene 37,846
324.7044044011711,711.5539589599489,Gene 54,846
315.56149955053223,712.2571096310085,Gene 74,846
319.89598781292483,718.2075217386022,Gene 74,846
322.500162147843,710.7298101843941,Gene 78,846
327.94400335639494,715.4740073070917,Gene 80,846
356.833771345064,718.2325203857673,Gene 74,847
348.4106718995751,724.9327353665535,Gene 75,847
356.79645465362705,721.2359669685069,Gene 75,847
356.61285276505794,720.5281460651021,Gene 78,847
356.33188728469617,723.6855822377427,Gene 80,847
355.0541003835612,726.2524206417082,Gene 80,847
387.17332351785717,720.6352680020464,Gene 22,848
381.27534623721914,722.3054188650599,Gene 51,848
380.45612521776746,723.936873722902,Gene 74,848
380.3508391454392,723.2288900211045,Gene 80,848
387.71078392746665,718.4417548843421,Gene 85,848
397.9107198997326,719.047861983441,Gene 64,849
397.9443354847203,718.4392693423853,Gene 64,849
398.18310507235003,716.2425872839913,Gene 79,849
399.3306305421333,720.3734745477893,Gene 80,849
402.15497282557396,715.2667196363282,Gene 87,849
425.55324614968697,716.285818133475,Gene 14,850
417.71021584731636,716.6969979945937,Gene 15,850
426.373138030331,718.1568587058952,Gene 18,850
425.0018893020504,711.0749626705108,Gene 22,850
420.88274286598454,719.736354249661,Gene 42,850
424.75964986982177,710.5526571322905,Gene 56,850
420.5866816785852,712.1548198120215,Gene 77,850
425.54773370089265,715.3989422609884,Gene 80,850
425.03231633661215,718.8813636617231,Gene 83,850
455.77932213698284,715.0220944245442,Gene 3,851
455.21209109312576,712.2542729798047,Gene 14,851
452.20257912973295,717.2155389727021,Gene 15,851
444.8440635619006,715.7918671707733,Gene 17,851
453.56056629763526,718.0310930948514,Gene 22,851
451.3080662598412,710.7625273657409,Gene 90,851
485.0367799796603,722.5251332079005,Gene 37,852
479.9288807921102,724.6780341388435,Gene 40,852
480.6527082131471,720.0325100292129,Gene 42,852
487.68971186010043,724.5445114977664,Gene 58,852
480.4813890344564,725.9508150035656,Gene 74,852
478.72824470286287,723.7330284141598,Gene 74,852
478.73484356316743,724.0016135284995,Gene 75,852
478.73825502623777,722.3067679455743,Gene 80,852
483.5807692534805,721.0371787579256,Gene 84,852
488.0725607113453,721.7001423385092,Gene 87,852
479.3700380100377,722.2037025783691,Gene 98,852
504.0092330234753,716.093196302438,Gene 14,853
495.9768479000684,718.0933770215826,Gene 14,853
496.62517140682877,716.3091754820653,Gene 15,853
500.55376612175235,711.4463710182669,Gene 16,853
493.13506842982144,714.5689270282722,Gene 17,853
492.75915426416566,718.981923456414,Gene 24,853
503.07972716470596,716.603036243133,Gene 31,853
503.0430724354091,711.6261397031298,Gene 40,853
504.64543797420055,721.8179113869868,Gene 83,853
498.47232691173963,719.4469126612845,Gene 83,853
527.5153896371148,708.2165350114587,Gene 3,854
524.178419872019,710.1537356540786,Gene 40,854
524.0176426036193,710.5819140395818,Gene 76,854
521.2758405903155,707.750356449047,Gene 77,854
526.5592126342071,708.4453921635242,Gene 81,854
529.8675136948834,708.8924495417929,Gene 83,854
524.0651890244637,710.7814813815546,Gene 86,854
519.7864470649738,707.3928684492614,Gene 98,854
542.0550763929664,713.074495177289,Gene 26,855
539.84472729696,716.4034773577841,Gene 86,855
540.347522989281,716.3506030049136,Gene 86,855
538.2267408369268,714.1487510182744,Gene 97,855
578.0920353774101,701.7586568466071,Gene 12,856
580.3542505718692,702.1204424080039,Gene 16,856
575.5041369451397,701.3284610659681,Gene 21,856
574.9605134207621,710.4090675994871,Gene 79,856
595.8944695747949,718.7573253898917,Gene 40,857
593.2663045760065,712.0357532405864,Gene 58,857
590.4041473785552,714.8382317383363,Gene 64,857
599.1054333616464,721.6237054741287,Gene 79,857
627.8657042405787,708.6281414391058,Gene 14,858
657.2237266507102,710.2952049992626,Gene 78,859
659.3766952129322,711.7407069766667,Gene 79,859
650.7762850257361,706.5019247260199,Gene 79,859
648.6240656216459,711.6108179510071,Gene 83,859
678.7735430447908,713.4188035483112,Gene 23,860
680.8373934505954,718.0612571213439,Gene 48,860
681.7017150358214,717.9594274783129,Gene 51,860
710.1051007918289,712.7032390215034,Gene 42,861
701.781088555898,716.2912731924068,Gene 61,861
699.2746443642868,710.6413981807577,Gene 64,861
703.8166829168088,715.8152190476621,Gene 77,861
704.8882792190747,715.7650551775492,Gene 79,861
700.7625273222407,711.4102073950073,Gene 86,861
724.9530241430365,703.9442153075495,Gene 16,862
727.5724613349391,702.6929967846178,Gene 74,862
729.8102063807625,700.3273532613864,Gene 74,862
728.0123427932649,698.3933510940915,Gene 74,862
719.9196791164494,702.440000225718,Gene 74,862
727.4248691873632,695.6776687560595,Gene 75,862
728.8825788553557,702.0510527448718,Gene 77,862
721.5869430255918,704.1313846006368,Gene 82,862
719.9591654325625,696.1753959879487,Gene 82,862
746.0224306770701,707.9906699352883,Gene 14,863
749.7162699374334,707.8420026246303,Gene 21,863
745.2264404933385,707.0212685586476,Gene 25,863
751.124689265562,707.357857928707,Gene 37,863
754.4247746018157,707.5058350097106,Gene 57,863
751.2556240869209,713.3938513969415,Gene 80,863
747.4526395909118,709.7396337252254,Gene 80,863
772.8231261065982,714.2706633300361,Gene 22,864
777.9023202742627,707.5584996689181,Gene 74,864
780.8401977421765,713.2571802382414,Gene 75,864
776.9082692121427,710.4139990826335,Gene 77,864
770.685671495721,711.3026980950253,Gene 82,864
774.4672960640854,714.0690928658196,Gene 83,864
20.28482616769705,733.0538504419916,Gene 12,865
10.246910891679999,732.0119026043357,Gene 22,865
19.613358908303624,731.3679405827322,Gene 54,865
9.533446024230718,732.5107131251584,Gene 57,865
19.684618632203986,733.3767598618608,Gene 70,865
10.78661069961612,733.2398092109829,Gene 91,865
38.91640263383032,737.9956848990599,Gene 4,866
35.13450994584804,737.2838361583214,Gene 12,866
39.09005094248331,738.273250659946,Gene 14,866
32.0903019153148,736.9681137015679,Gene 18,866
37.82022854282908,732.4056566785853,Gene 25,866
39.88935840227346,735.0652709940593,Gene 34,866
37.055414015770275,732.0409255074628,Gene 35,866
33.34516868131847,734.9026195968642,Gene 37,866
39.10688247006875,736.6347996985852,Gene 70,866
38.38941571646101,731.8861947920618,Gene 83,866
55.522472625390705,727.7762792118288,Gene 2,867
61.86669776628284,732.2375525570228,Gene 22,867
60.103286496002085,734.4045806884469,Gene 40,867
59.58012120513387,733.7194739897637,Gene 40,867
54.29212383780509,728.9937754444579,Gene 61,867
56.393191589185186,732.0673927851752,Gene 74,867
54.68653402585652,731.4778086876715,Gene 79,867
64.08119906249367,728.2576132513719,Gene 79,867
55.10757206364882,727.2916180336165,Gene 80,867
53.18851817173023,730.5844914563992,Gene 82,867
87.73456800055754,746.464628457163,Gene 18,868
98.55739965859385,739.3196076923732,Gene 25,868
95.79010780745291,744.0636468892087,Gene 40,868
91.01265861084758,743.4973523531763,Gene 57,868
103.14252434067195,739.4560849810499,Gene 70,868
101.39980163000341,748.5022241352058,Gene 83,868
114.57061989190909,729.0100429725056,Gene 42,869
135.8038151778674,734.0779463194035,Gene 15,870
137.90311264263605,733.7158480842483,Gene 16,870
131.93504867115635,734.6117042433864,Gene 22,870
134.1776280677021,737.9436200266675,Gene 24,870
136.25360213900228,733.2007391586379,Gene 70,870
132.36961436338632,740.5235633796316,Gene 83,870
132.95470473080462,740.9706846799664,Gene 86,870
160.77622845865992,724.9291437678406,Gene 9,871
157.00155996960655,731.75134408374,Gene 14,871
161.8399424718061,731.9950653238852,Gene 37,871
164.84626217336805,731.2699021841067,Gene 42,871
161.99936239380122,730.5229857792348,Gene 42,871
161.83145278770823,726.3141552728239,Gene 57,871
164.21183548196353,729.2849861269262,Gene 80,871
168.0801833329944,736.2398626338078,Gene 18,872
167.53536632788575,736.1843848164139,Gene 23,872
175.3056984289989,731.5713995841762,Gene 24,872
172.99682034828763,731.2287774173116,Gene 95,872
218.14677625483952,733.0486918059344,Gene 13,873
210.66389957577098,735.3461691959758,Gene 14,873
212.6337979115692,737.2723028306457,Gene 14,873
214.11624073330844,736.3138957575222,Gene 14,873
215.4873248571613,733.8603952005226,Gene 24,873
221.26991255591636,736.4155237673898,Gene 34,873
221.1733675603295,739.7308131404853,Gene 57,873
220.62736443951792,737.4066182398889,Gene 80,873
233.3790991560663,738.5620621227021,Gene 0,874
240.9843906044196,742.5334586388603,Gene 32,874
233.05806567086265,739.3136413374939,Gene 33,874
234.8315453522695,739.9749671128947,Gene 37,874
234.71113608001025,743.1588817567342,Gene 56,874
238.28566082734318,739.9488287526218,Gene 63,874
256.0224782333307,742.2082765477272,Gene 26,875
252.08914202485445,733.717696748051,Gene 26,875
262.5046129972581,737.8128040608029,Gene 28,875
255.2655109670431,742.3787699177151,Gene 29,875
252.64202072032123,734.4687288383844,Gene 29,875
258.5318551969289,741.7045127559232,Gene 30,875
258.4879237355747,739.2339319387976,Gene 32,875
259.4480943155169,737.5366267378254,Gene 33,875
256.1499259352672,732.7910865215123,Gene 33,875
262.41671511805987,738.6684094277887,Gene 46,875
286.19510435452264,732.8403945049425,Gene 15,876
282.53914729066116,736.320165148061,Gene 20,876
282.69529111089724,735.5825842592028,Gene 20,876
284.4394389256423,734.2779281847373,Gene 22,876
286.1045493736169,742.0391290025239,Gene 24,876
289.5962272891471,740.2915779280414,Gene 24,876
280.02029030806136,738.3893094880134,Gene 42,876
316.04802586330794,740.4505696674923,Gene 14,877
321.6192763589569,748.5171736801998,Gene 55,877
321.669226377351,746.0424865176856,Gene 57,877
313.72946806299717,740.8294889587856,Gene 80,877
340.6823863789046,747.0373187840956,Gene 22,878
339.8482657268478,744.266938411994,Gene 37,878
339.3151281354444,741.5764843584741,Gene 74,878
341.04442893075276,746.8061586189987,Gene 74,878
340.71674535641637,747.3445693963674,Gene 74,878
341.30058750345546,742.1145267635047,Gene 75,878
336.16536467566004,744.8648057088533,Gene 75,878
339.49659906137276,746.343586326375,Gene 80,878
353.3222245051102,741.0987364861649,Gene 14,879
352.801219228351,742.8821262976569,Gene 14,879
357.3134412848362,741.9823410501347,Gene 18,879
356.7966421959153,744.303668818256,Gene 23,879
358.3837516351598,745.2848235679407,Gene 25,879
356.1442877021379,744.0582887300202,Gene 37,879
354.87848006174255,745.0899918122374,Gene 80,879
358.3926651616589,738.6340722023579,Gene 91,879
359.0684060517429,739.641137729795,Gene 91,879
383.0287009405543,741.1164571405728,Gene 23,880
379.9205342304633,736.5347570186174,Gene 23,880
388.6268879231076,741.1102994799259,Gene 23,880
389.1879717508773,738.0698600096883,Gene 76,880
380.30560302961186,737.4424735653917,Gene 80,880
413.2386400640088,741.7550880696809,Gene 31,881
410.19973900740956,742.5648830755359,Gene 41,881
451.44004009951726,731.9652082260309,Gene 63,882
449.25216914163366,726.6381124624337,Gene 74,882
451.440146742029,725.676053335899,Gene 74,882
446.99193128198567,731.200615405243,Gene 80,882
447.823641127579,732.2815145007495,Gene 80,882
470.15746646413254,743.6055810389901,Gene 2,883
469.45704207562596,741.0950008583286,Gene 12,883
461.46437667433383,740.1216332640986,Gene 22,883
466.68063183606915,735.4504131602874,Gene 23,883
466.8795751587303,742.6104573099077,Gene 23,883
472.9269579255665,738.8670338271787,Gene 31,883
485.35120505796664,734.2941776863064,Gene 17,884
488.07502671386356,733.0389100140394,Gene 17,884
483.4304082669757,734.7833223351374,Gene 20,884
491.37277169570933,737.9619619921966,Gene 21,884
484.05345417051035,733.3460198663194,Gene 25,884
485.75471307611673,734.14200751932,Gene 63,884
483.3779976619433,737.4140130616362,Gene 63,884
489.55258375360955,735.5305907272971,Gene 66,884
482.2657758067946,739.0727457049094,Gene 70,884
484.86388694967405,740.2124629618631,Gene 80,884
518.8439667764181,730.978858091804,Gene 4,885
519.8689326864314,733.1550665993375,Gene 19,885
521.5074668853578,733.0223786528237,Gene 35,885
517.1693236604276,731.0921715932607,Gene 79,885
521.7429290518402,732.0482389709158,Gene 91,885
544.3434348612404,744.1572965504823,Gene 2,886
540.4752845883122,738.3619608433107,Gene 8,886
543.0456675800376,743.2455762512974,Gene 29,886
545.0825518676146,744.2107235361258,Gene 35,886
540.8669340482854,742.4631037724654,Gene 58,886
538.9959689688491,741.1151730369968,Gene 79,886
540.7982793004179,740.9507916014919,Gene 79,886
547.6053090377872,737.8215458926262,Gene 80,886
539.8132780903188,737.5518981764325,Gene 81,886
540.0808788319455,735.805544843696,Gene 83,886
540.5298889330866,740.2196844759778,Gene 84,886
560.8060206071561,741.0655386768308,Gene 37,887
561.1508227565708,740.3545057272287,Gene 64,887
558.7485745437641,735.890831501408,Gene 78,887
562.9050474700502,736.6238828866844,Gene 80,887
564.4005847897483,735.6710747102329,Gene 83,887
559.7999828498063,735.6915027424757,Gene 86,887
579.7448905358158,726.4067238072558,Gene 10,888
577.9902923438187,727.916483915336,Gene 15,888
586.3690455938158,726.9284684659264,Gene 16,888
585.497703742192,734.2491366999959,Gene 37,888
584.2817704043713,728.109117633625,Gene 83,888
586.6569658563985,726.1805103461083,Gene 84,888
616.187255024397,733.1708700472981,Gene 3,889
609.3883913281724,737.2436929815843,Gene 22,889
617.5293984717931,733.2670526219996,Gene 37,889
610.971894571878,726.7918355999258,Gene 80,889
614.0916299017172,737.1459026336007,Gene 87,889
639.1371551493719,729.8610614883245,Gene 59,890
658.3185991345081,735.1682545500424,Gene 20,891
652.7342720615143,734.4399400214431,Gene 20,891
663.1580194702073,732.1855077226703,Gene 24,891
659.6168548494102,735.9736124339419,Gene 40,891
662.7919686063829,733.9244827123645,Gene 57,891
655.5344264061902,735.0556507879031,Gene 80,891
682.1636732304423,739.4421407363603,Gene 21,892
680.5679808141435,737.4959448976201,Gene 80,892
676.4026065083494,734.5358429013037,Gene 83,892
705.7233013282693,742.166892857639,Gene 14,893
711.5424333207324,743.043463856016,Gene 24,893
715.059147747957,738.0228377591739,Gene 40,893
719.8043201352864,737.9856915879627,Gene 55,893
718.1397904938599,739.4582598818754,Gene 83,893
716.4945251713555,741.9347980023347,Gene 83,893
734.4926137677354,756.8265418607879,Gene 15,894
729.7913923297307,752.6890248853213,Gene 17,894
736.3784040919696,751.8836817917514,Gene 21,894
732.6666894454582,753.8629642294497,Gene 23,894
742.6396330273964,756.9979654843022,Gene 40,894
739.5879681459688,755.0373058688052,Gene 70,894
762.6898183488744,739.4932911280697,Gene 17,895
762.7686375267192,739.4182997117238,Gene 17,895
761.9804318191345,740.7239896955946,Gene 19,895
763.9309739343826,738.0590144280816,Gene 24,895
764.9534811926078,738.862520702877,Gene 40,895
796.1829983979003,733.2193298509894,Gene 14,896
792.3708098152837,738.7175136508998,Gene 20,896
786.8862623645477,736.0915803737089,Gene 22,896
785.6365471017268,737.4538248387752,Gene 23,896
786.5808839182678,734.9180555409182,Gene 37,896
792.7892176040205,738.6586359051912,Gene 78,896
17.143682968447713,770.4073120989956,Gene 4,897
27.42876866826164,775.0988189918911,Gene 15,897
18.17441189339859,770.0501539690648,Gene 80,897
44.29446802958181,763.7427007772869,Gene 0,898
45.42686256824244,761.6138512467445,Gene 3,898
46.54992585469256,762.5206468643437,Gene 8,898
36.12860947736272,754.6083169849364,Gene 28,898
45.788146859393315,764.5116284652593,Gene 28,898
44.47382146645524,754.9763265415831,Gene 38,898
46.236914947104964,756.2882430372366,Gene 41,898
43.96154231034059,756.8762494217331,Gene 47,898
36.65934682057783,761.7280480138603,Gene 69,898
39.7046779357928,753.3836539116114,Gene 82,898
41.45362082822575,755.190278014408,Gene 87,898
76.8456258632189,762.8694866833795,Gene 16,899
80.42873638758806,760.8002189891259,Gene 80,899
79.50853690224866,762.1086212138837,Gene 86,899
81.78047272570971,761.1211544788213,Gene 91,899
111.34456724620149,753.7565691598812,Gene 12,900
102.08004098261785,753.8001839545773,Gene 14,900
99.15477029127838,756.7472157276301,Gene 21,900
109.45144367508138,758.3010516985137,Gene 24,900
100.44796083377967,758.7706025353581,Gene 55,900
104.16451892734868,751.4204943990237,Gene 70,900
102.13517057240867,760.4815556554253,Gene 80,900
119.06686924582446,761.9354639646007,Gene 22,901
121.47497665228674,758.9121140078857,Gene 24,901
116.36928686149624,763.7518392512482,Gene 37,901
118.35944266928195,764.3196963282807,Gene 74,901
115.05737456936693,759.9018616072127,Gene 79,901
119.48253189948471,762.3861055089354,Gene 81,901
164.7545207263904,767.2207724405893,Gene 4,902
162.31099381520534,767.5326595818223,Gene 13,902
161.53563309889117,770.3803776998521,Gene 15,902
157.7830085176244,767.5610080088132,Gene 19,902
155.1548856034189,767.524785610217,Gene 21,902
163.05931413732495,769.2554705360607,Gene 40,902
161.79345335822933,766.9330119596787,Gene 40,902
163.0508636182723,769.5949819373867,Gene 80,902
163.28278594042146,768.6866918939693,Gene 83,902
164.33838823406558,768.4861298334179,Gene 84,902
160.21682405769926,766.307571301707,Gene 91,902
171.06349161700655,759.4082857300932,Gene 28,903
176.9344818222614,758.7685654661857,Gene 58,903
167.22713708817054,763.746543449705,Gene 74,903
169.31547397225728,763.6047922341504,Gene 74,903
166.70971251277393,761.3256139820401,Gene 74,903
170.13446918028365,762.5349530780259,Gene 75,903
175.69321552198568,762.5829329479324,Gene 77,903
170.06806569449304,764.7109393020854,Gene 79,903
174.44921340672465,762.9436852019824,Gene 80,903
168.2247619247161,759.0730711587597,Gene 86,903
175.92811554728968,760.4480257735802,Gene 98,903
210.92062625904913,760.7958005362973,Gene 29,904
206.4621439391129,766.8969148533002,Gene 30,904
203.59224893883484,762.5414849634575,Gene 30,904
209.6514137862961,758.2193442187327,Gene 41,904
204.94217728520442,760.205939696657,Gene 69,904
227.236377135979,760.6247167120714,Gene 15,905
221.6745424804982,756.0817312515276,Gene 20,905
225.53818218499677,761.6188943029623,Gene 22,905
229.72949191776047,758.019106918068,Gene 40,905
226.50955026998554,755.7142791935753,Gene 70,905
227.06054611107774,757.7282610194401,Gene 91,905
263.22096477665616,743.264521879505,Gene 4,906
262.65190091999983,746.9528686428343,Gene 14,906
268.8735154620465,750.4158720790299,Gene 19,906
268.1895661292128,751.0241006730251,Gene 23,906
268.2037242836598,751.6133090389467,Gene 34,906
264.88063955313237,744.0409414332477,Gene 57,906
275.45256783546984,759.9086649186801,Gene 15,907
280.2846783644522,757.9877003577576,Gene 21,907
272.8933777171459,754.3947703983047,Gene 31,907
277.0410698804849,754.2654362608112,Gene 88,907
310.91452861802327,755.9506880187334,Gene 8,908
310.90461546362565,757.5444404331818,Gene 15,908
301.98829224723806,757.803576932874,Gene 31,908
300.26529383722306,753.8968649645387,Gene 31,908
305.9421961097069,752.4213262333252,Gene 34,908
302.7491885630938,754.0285512083157,Gene 39,908
306.6057902116243,751.7223252445773,Gene 49,908
326.70472977944166,749.094239982236,Gene 3,909
331.1867469990686,750.8477730667123,Gene 15,909
350.94915009410295,758.7637104950484,Gene 14,910
345.86739321653494,762.0131523872659,Gene 16,910
348.3854335542363,764.9426805240605,Gene 18,910
346.10446741508196,759.4264052689718,Gene 22,910
348.38828365456067,759.3797909878915,Gene 40,910
355.3669776993808,762.784232791643,Gene 86,910
378.62094313936313,765.0752664375963,Gene 2,911
367.50385467919074,765.7121782136774,Gene 3,911
374.5592591426815,756.8013543416258,Gene 42,911
377.34167712760006,761.6524943643559,Gene 77,911
376.94865228012185,766.0299253042149,Gene 79,911
379.3205309095393,758.9184917442113,Gene 80,911
375.72386603142314,767.5516814135611,Gene 82,911
382.45132079829415,765.3703241593806,Gene 87,911
393.3506769565935,750.218089543642,Gene 2,912
392.3527544724592,743.264787989928,Gene 74,912
393.5533362285238,751.146354511111,Gene 76,912
390.39630468243723,744.0669779173977,Gene 77,912
391.639410698011,743.7155861123742,Gene 82,912
395.9570086704892,745.5207143450347,Gene 87,912
420.090677825519,760.4278508081111,Gene 61,913
421.4806577445067,757.3455210600566,Gene 74,913
417.13289983148644,757.3869369902269,Gene 74,913
415.97856775077304,753.392103211956,Gene 84,913
415.06818005703866,758.6768605759794,Gene 84,913
420.0309956146725,752.5368680218359,Gene 85,913
414.71342121326495,756.8614019096663,Gene 86,913
453.7997223591912,764.476103015829,Gene 22,914
448.62663732675003,766.0538430493405,Gene 54,914
455.65189942522386,768.9659113292307,Gene 80,914
456.55598919157745,766.7387821968259,Gene 82,914
456.7976487144458,765.8197786550131,Gene 86,914
474.6944480356363,769.6041379500115,Gene 37,915
481.6405627960014,764.606838969979,Gene 80,915
471.1995962112553,770.0656822438316,Gene 98,915
504.74263099152023,753.5145958760498,Gene 16,916
505.9520536792151,755.4100608609322,Gene 23,916
506.1152098494319,759.1584625994885,Gene 24,916
500.40463640048796,760.6166799623481,Gene 37,916
501.5065357630115,761.5929167091256,Gene 80,916
532.5614079561939,750.9657478782487,Gene 13,917
533.5476377435837,754.2683114216513,Gene 14,917
530.6265784267972,756.1601022659827,Gene 37,917
558.4586817172766,766.0953109360009,Gene 14,918
555.9268624720416,765.1868819438408,Gene 15,918
561.441265806968,760.9953019124466,Gene 15,918
553.5669104249483,763.1405676580215,Gene 16,918
552.9375150823039,759.5902517220785,Gene 19,918
553.4406707277149,763.4877371553617,Gene 21,918
553.2079923326573,760.2758959954119,Gene 22,918
557.0557044320017,759.8473594921045,Gene 24,918
553.7591209278189,762.2974126571296,Gene 76,918
555.1109702422013,758.6075364296302,Gene 80,918
577.5503849412908,748.3106108330459,Gene 17,919
582.2620879005578,749.8382951922108,Gene 18,919
571.1454594713147,748.5526462723074,Gene 18,919
582.3446609857399,748.7400817464319,Gene 19,919
581.767950383793,744.9826658463612,Gene 22,919
573.9061687311062,744.9970868162857,Gene 23,919
571.186952869224,746.0121966741923,Gene 37,919
581.4103966456798,747.090240590306,Gene 37,919
575.9678305493807,750.5364636680374,Gene 80,919
581.9380310336938,749.2127288344407,Gene 91,919
588.8516102718959,747.4670825470039,Gene 46,920
598.7421707395581,753.6706053910186,Gene 54,920
587.6125867650804,752.2801380322126,Gene 74,920
592.4693404183852,753.8791459576609,Gene 86,920
621.3519496454991,758.6610488695069,Gene 9,921
630.6837490552899,753.9638293280501,Gene 12,921
623.4765235498013,760.8093766946819,Gene 14,921
628.3353881017106,761.0344569627947,Gene 14,921
629.2805222746931,757.3166232352876,Gene 17,921
619.012518561065,756.1303975112542,Gene 56,921
652.8952459516767,752.7412988054435,Gene 64,922
651.7579709984885,751.360984482539,Gene 64,922
650.6643242915397,748.493531556113,Gene 74,922
651.9743314827069,752.6631723786776,Gene 75,922
670.7053596348925,772.0420283319859,Gene 26,923
673.8900698475522,771.6373513885849,Gene 37,923
680.0294253567619,774.1670202113896,Gene 42,923
680.0020371267957,774.5088822868033,Gene 46,923
671.829232852015,769.3420907879874,Gene 58,923
678.1081235925358,771.6606183194357,Gene 79,923
679.4018654062124,772.7623805783704,Gene 82,923
673.1201396505712,773.8860792758121,Gene 82,923
673.9713086812988,766.7425492414352,Gene 83,923
670.0023021519994,769.1261190949868,Gene 86,923
701.7665879837934,756.6154259552886,Gene 12,924
703.3108896645621,758.9878019964298,Gene 23,924
711.3484478190879,758.2462016252426,Gene 24,924
701.7723424346465,753.2430851599872,Gene 25,924
703.3254542964721,751.5874773469915,Gene 40,924
703.4798114884334,751.4543215339147,Gene 91,924
727.2053287309407,751.8597076188385,Gene 24,925
732.1378421761697,749.4441269238603,Gene 57,925
731.3456990197532,748.6360372981686,Gene 91,925
748.2215937011152,760.5289279021968,Gene 13,926
749.3048926116982,756.0705022285717,Gene 14,926
747.391555929937,756.6863751195195,Gene 15,926
747.5849372885388,755.2084959974013,Gene 23,926
751.5542438503595,755.665504946492,Gene 70,926
772.6852391891613,759.8133977108197,Gene 42,927
771.9602196349966,754.3642247993027,Gene 73,927
773.2277535773735,757.2975642066976,Gene 74,927
772.5403059232588,753.0580315026369,Gene 76,927
778.2034259255487,754.9263386893274,Gene 78,927
771.2877610233764,757.2433791660945,Gene 79,927
770.734714520016,754.2060894240744,Gene 84,927
18.065389517147963,781.4877537576222,Gene 9,928
15.764752606436762,784.4377627343143,Gene 17,928
14.43259296143867,785.2518139049549,Gene 80,928
40.010717999094425,777.368846432051,Gene 9,929
40.420751816683136,777.388296578839,Gene 12,929
37.71613484979274,780.6894951324645,Gene 12,929
38.59264383176107,779.0780731759492,Gene 19,929
30.267631784249012,778.1184069040233,Gene 37,929
39.95249992210377,775.846844133607,Gene 55,929
38.82136732891973,774.3256598170807,Gene 57,929
37.74553360172017,777.6930236357624,Gene 70,929
64.59601447000027,776.9339766868105,Gene 4,930
66.1562904887823,777.0047418486253,Gene 12,930
60.9172394337713,780.6183006058465,Gene 13,930
65.5290836105575,782.11980285283,Gene 20,930
63.49959027811367,782.9577749324252,Gene 24,930
68.71461410788646,780.7493995887257,Gene 24,930
66.29174155562664,776.6548312671104,Gene 37,930
82.26279081893105,782.1854642379052,Gene 2,931
82.60726607674319,776.6541146921685,Gene 37,931
87.44737807303929,784.1879912151682,Gene 75,931
87.15155502621637,782.0193666742019,Gene 76,931
88.58581853290309,783.2980599640177,Gene 85,931
121.29640406016861,781.4825188419975,Gene 21,932
120.7914470824101,776.9753557686352,Gene 25,932
116.8291245767899,772.5885859085505,Gene 35,932
122.68120166617453,776.0390397405764,Gene 79,932
120.78364251087112,773.511716549954,Gene 80,932
116.6355615038452,771.3299682092215,Gene 90,932
132.81298347195406,773.0843392562671,Gene 14,933
135.42428809090433,769.608180917571,Gene 15,933
135.25082471370865,768.9947454430578,Gene 22,933
141.9363960570144,773.0915199265644,Gene 24,933
139.261423161685,770.6275277897396,Gene 70,933
135.51762124899483,777.3090230460609,Gene 80,933
132.21544550364888,770.3682366316168,Gene 83,933
179.94059823402526,779.7043876985884,Gene 74,934
179.4456038836425,779.3446241280362,Gene 79,934
176.37504953840244,784.1950174411886,Gene 86,934
194.225812381634,789.3509090885857,Gene 15,935
194.67186759447887,785.7587026724544,Gene 20,935
187.1048861721301,781.8357347769147,Gene 22,935
187.65666879199821,782.5868764464753,Gene 44,935
198.6721254968246,787.8101781555206,Gene 44,935
193.86703748864093,778.4737786121514,Gene 57,935
186.7435425712889,781.5000087811319,Gene 69,935
186.14393804330317,787.0904106791619,Gene 71,935
194.25105298747542,786.2113330815527,Gene 83,935
186.4010833149857,788.1979305012169,Gene 84,935
222.86658204111342,774.8553852603884,Gene 12,936
216.8728124740056,780.7714897178099,Gene 22,936
213.01454096861755,771.4697036823512,Gene 22,936
211.02587662577935,772.1714618138082,Gene 29,936
222.44777524447895,774.0061488852128,Gene 37,936
217.2044841534694,779.6644549599215,Gene 80,936
219.39565871569377,777.8055516813856,Gene 83,936
239.26513573160798,785.3352830276885,Gene 24,937
243.91839976086894,785.8623721644326,Gene 75,937
237.23275697657547,790.4307883126199,Gene 80,937
238.26759422516733,784.9281401950883,Gene 83,937
255.02458788380795,777.0451524269711,Gene 15,938
255.92518803754518,767.4265691448484,Gene 17,938
252.99492078379768,771.8342808763061,Gene 23,938
251.85650547923944,768.0312757388557,Gene 70,938
253.34212767772243,769.6231714197099,Gene 86,938
279.7574340947048,788.3178519897775,Gene 40,939
288.19954887295995,786.4267414496481,Gene 54,939
279.916044563191,786.287553279258,Gene 64,939
280.8880539534171,787.097483768657,Gene 74,939
284.6264715959644,793.0697640355017,Gene 75,939
288.7512917014755,787.6014699728075,Gene 77,939
327.5843471164546,776.0258042881756,Gene 14,940
323.29866927698737,776.2626981071636,Gene 14,940
323.23497749792557,777.4340830986708,Gene 20,940
323.9237997884415,780.9721103169998,Gene 22,940
342.5987755047693,776.8833675451873,Gene 42,941
342.45566867748073,780.7054946800192,Gene 46,941
338.9553435219083,777.2123303006548,Gene 64,941
338.4250857728372,780.0930473198475,Gene 74,941
340.0691239065462,779.5845862476457,Gene 80,941
340.013723983266,777.0371459063206,Gene 81,941
338.6720598286787,777.7769897233005,Gene 85,941
367.9693682604651,777.7088837636047,Gene 22,942
365.5042102163773,772.8325139384258,Gene 64,942
367.9325426117535,774.7035575463899,Gene 79,942
364.8044100178403,778.5888101960579,Gene 79,942
367.88323898199667,774.8517026219614,Gene 82,942
361.24391048984523,777.7538614252531,Gene 86,942
368.32688043711045,780.2825254923864,Gene 86,942
376.0081403110002,775.5904629176509,Gene 22,943
381.38858924955963,775.8168087482343,Gene 58,943
376.1093460058365,784.094462097919,Gene 64,943
409.86701973613293,785.65734333981,Gene 2,944
405.8579388650179,782.4833744575461,Gene 2,944
411.23225132795733,781.5367753580034,Gene 18,944
413.461681940862,781.0934006722156,Gene 51,944
409.02678143444064,781.2776511911617,Gene 79,944
409.94388777260457,785.1780807732009,Gene 79,944
407.04980718591366,785.5225564488971,Gene 81,944
406.7838046997127,778.7003674388355,Gene 87,944
430.81020316308275,781.1455444938712,Gene 4,945
438.4221321516594,776.9337765225275,Gene 37,945
435.98332203313913,777.416163371053,Gene 40,945
430.0441052234202,780.0097620819744,Gene 58,945
436.99161659612724,777.3613871099225,Gene 64,945
430.26995688791203,780.7500372011019,Gene 79,945
437.6869122347754,774.8242484700628,Gene 86,945
450.3995128909888,782.4580777197234,Gene 14,946
453.5300720553678,779.7027948521778,Gene 15,946
458.77493096447955,778.4548362041209,Gene 21,946
449.63481397436874,781.022869514984,Gene 35,946
453.41332807006603,782.6790755562757,Gene 69,946
498.2050889512441,774.6830448038113,Gene 40,947
487.66854408010096,768.6899624589295,Gene 59,947
491.41550509142166,776.1395428440842,Gene 64,947
491.4302404332635,770.385743391946,Gene 64,947
488.2896757647553,769.9364974967384,Gene 74,947
494.013419951574,767.062275313741,Gene 74,947
487.46243609750553,771.0610216905718,Gene 78,947
490.94879460252747,773.0408535264114,Gene 79,947
501.11302732581436,769.9478393923775,Gene 79,947
500.18003586289296,771.9763578242095,Gene 80,947
499.5751174814718,770.7655465195488,Gene 83,947
514.2180869811249,783.1813741665463,Gene 3,948
511.28342864360684,784.0762413834502,Gene 13,948
519.3516167703685,784.7379088757019,Gene 13,948
517.5024467940863,787.3456036514725,Gene 15,948
518.9573108710755,781.4042142386159,Gene 16,948
520.0864781136872,781.7182570593527,Gene 21,948
511.0973261889089,783.3873141416992,Gene 23,948
518.0967046389936,786.5920126950721,Gene 25,948
518.7407553740495,781.3141121047216,Gene 35,948
516.9731090540438,787.4504352869448,Gene 80,948
520.2012807121691,782.6702745805022,Gene 84,948
544.5279842871031,781.3003265060295,Gene 3,949
537.8906068393164,781.0979549307423,Gene 9,949
543.0303518978064,783.3751031883329,Gene 14,949
541.7000511012466,784.1829378785504,Gene 14,949
535.9700526701693,783.9344239178844,Gene 21,949
545.2503533031523,780.4797921799935,Gene 23,949
540.8968047561386,780.9006842379509,Gene 24,949
556.349131347351,784.4072065387188,Gene 46,950
563.9414028509902,781.8710033932665,Gene 46,950
554.1590882500532,781.4227435090297,Gene 64,950
554.8015610522681,780.9140880034652,Gene 75,950
559.8639673409784,784.829374142418,Gene 80,950
555.2699955168831,781.4755264786797,Gene 82,950
559.0518304366574,778.0899845659861,Gene 86,950
599.7968433108286,775.7154249717672,Gene 33,951
597.2753942636422,770.2249699104186,Gene 41,951
596.6052580993447,777.2560522839201,Gene 63,951
595.5741172522003,768.2188308884331,Gene 68,951
593.7411640925031,771.2054414507977,Gene 79,951
593.5957631323587,766.9219573663457,Gene 82,951
610.820926397733,776.3641391544282,Gene 15,952
615.2668398908916,775.7382566064158,Gene 18,952
615.5054119669824,771.3577333575669,Gene 19,952
614.7487868581193,774.5504804045468,Gene 37,952
617.3335160313846,772.5934672357075,Gene 79,952
609.5018310409872,776.2780581193774,Gene 91,952
641.7228452436843,779.2178132333844,Gene 18,953
639.5468275455282,774.2624874696946,Gene 18,953
641.0100150219572,778.697216724627,Gene 20,953
635.3780965542988,777.0999659122616,Gene 21,953
640.9717026398826,773.6964392922542,Gene 21,953
637.0864092405826,779.0798033836431,Gene 24,953
642.435186916901,782.2393510644097,Gene 37,953
636.8311887150684,775.9235768010353,Gene 37,953
640.4925562007569,781.2373830097133,Gene 63,953
635.7781244796942,776.7307763841734,Gene 91,953
660.4282804404514,787.6131906698339,Gene 15,954
665.5755671658295,783.796607462827,Gene 20,954
664.1865132689613,789.2555070439803,Gene 80,954
686.0587551777971,782.384573946449,Gene 22,955
689.3121147464391,778.08525693575,Gene 74,955
690.2700903562486,780.5397339711363,Gene 87,955
715.2671888834391,784.1673902564493,Gene 2,956
712.4156854236343,777.9372470500361,Gene 29,956
710.8724593553395,783.7427736827207,Gene 42,956
710.8327021761208,776.9481858528193,Gene 74,956
717.4608372652775,784.6582041385233,Gene 75,956
718.260655856702,783.9826252110173,Gene 83,956
718.7221579822768,782.5928407455248,Gene 83,956
730.2648770829626,770.7596387577252,Gene 12,957
731.6429111742088,775.4183746658068,Gene 25,957
729.2950360715048,771.6201607657272,Gene 32,957
737.253950100664,775.8927697350844,Gene 37,957
738.0313146595704,774.6480237619467,Gene 40,957
734.9780006406108,771.1795216644979,Gene 84,957
763.1176426324489,782.5908495289633,Gene 64,958
766.0897255989196,776.41396575183,Gene 74,958
765.9858716349033,781.4403493613753,Gene 75,958
760.6035795800079,776.330969009535,Gene 77,958
758.5022607102314,775.741564115964,Gene 82,958
774.8368091329725,774.3388938629503,Gene 18,959
781.5110963750267,772.5103964553728,Gene 21,959
782.8363870103834,775.2733420266972,Gene 21,959
772.2111079054831,774.0076384626758,Gene 24,959
779.0283671211488,771.9194264412596,Gene 86,959
773.4807634938978,773.0843756905523,Gene 91,959
193.73524324459902,212.41370371604722,Gene 21,960
196.81730508207272,211.96086449093943,Gene 75,960
199.01331711756035,211.97316357260237,Gene 76,960
193.3285766457805,219.11840602319427,Gene 80,960
199.33137179672372,218.85618791834227,Gene 81,960
191.46885168156783,215.09314500776225,Gene 87,960
202.56733263767276,216.55339111022528,Gene 87,960
206.07593820301747,219.65610118269802,Gene 2,961
211.21843618606908,229.58955616516948,Gene 63,961
213.60234668659044,222.69741745707617,Gene 63,961
205.7510489108618,227.31081032050793,Gene 75,961
205.68353491644478,220.8644736220504,Gene 79,961
209.93576478481341,228.06059146516301,Gene 82,961
203.1932333970233,226.73616061747032,Gene 82,961
218.89016975037177,234.87070223980336,Gene 2,962
224.9744686393855,231.78221663062473,Gene 22,962
228.28760917427317,230.37783540605852,Gene 74,962
223.24449146188297,239.16513328913786,Gene 75,962
223.87276189159064,229.57487433905536,Gene 82,962
217.66705006763615,234.93213186501498,Gene 83,962
219.67077661778302,230.87777530662612,Gene 87,962
244.97243514238963,244.3348840685219,Gene 37,963
243.01431506160284,242.17317955165896,Gene 41,963
237.7421432694089,244.90904896991714,Gene 42,963
238.69725600656443,239.7012323438049,Gene 58,963
246.23334708787874,240.37820983081178,Gene 74,963
244.03391690394463,247.92595196421533,Gene 74,963
286.2134348947052,267.573501211238,Gene 9,964
284.1228606034656,264.3254935248289,Gene 64,964
281.1153579467677,264.78076247063933,Gene 75,964
286.70054825375536,264.8331470538422,Gene 81,964
287.21508965280157,269.2567437707724,Gene 82,964
281.42655194032875,269.2979358884338,Gene 83,964
279.1883569731499,264.79556863705153,Gene 84,964
287.0723447456218,268.7834967652389,Gene 98,964
333.43582064374715,289.2764496679054,Gene 4,965
333.83422002945184,288.24617459892494,Gene 10,965
324.9109226074541,289.04573403174203,Gene 74,965
334.40290601417314,286.1774158085462,Gene 74,965
333.73919255131824,292.1665451861859,Gene 74,965
332.94288906729304,292.60906302165193,Gene 75,965
333.92965047392363,287.02724844955793,Gene 79,965
344.2880691100305,301.93959101852147,Gene 6,966
345.7720181989361,297.52762629247957,Gene 37,966
343.72288605674265,296.15122112075596,Gene 74,966
351.2751159877687,315.18925816367124,Gene 42,967
362.14604717239035,312.75125211220296,Gene 51,967
355.21753853838516,314.5642937466211,Gene 64,967
352.7018740556442,311.95811519553774,Gene 78,967
353.658508850293,307.46585528754537,Gene 83,967
368.9420160322231,322.78971197975363,Gene 2,968
374.42009207088773,315.3407471454471,Gene 22,968
372.2265165461951,314.4582934175913,Gene 28,968
375.62545676184556,315.7505464271046,Gene 74,968
365.6346162422148,316.9403471907035,Gene 79,968
372.31158186465314,313.66071937477136,Gene 84,968
392.98220838656533,327.7325444038633,Gene 42,969
385.66632231366674,325.3162953481322,Gene 73,969
390.3254983557936,324.20100360671535,Gene 82,969
385.0890289533981,326.6065567059813,Gene 84,969
390.955753346229,322.58775993453463,Gene 87,969
705.2962968811382,512.1940282046214,Gene 22,970
709.2780669270107,516.8716796860692,Gene 22,970
707.863350238942,515.6067192050326,Gene 40,970
705.2888685129559,516.4065727592679,Gene 58,970
706.4207952272135,511.7335223413352,Gene 81,970
702.3806130894994,512.7929788883001,Gene 83,970
707.1307828354767,510.3540440821657,Gene 86,970
705.7180838575132,517.7396309797424,Gene 87,970
709.8462721880534,517.6147480396746,Gene 87,970
496.0365162439308,518.3209439649947,Gene 3,971
496.23500794930845,518.0154973435066,Gene 64,971
499.28456318974213,526.723206751442,Gene 75,971
500.38956005133014,525.5359108344919,Gene 83,971
492.8161103126906,522.2343675429444,Gene 86,971
728.3589267975539,531.2414143155864,Gene 2,972
725.4905687071273,524.6662132118647,Gene 74,972
733.417377548374,519.7718382828559,Gene 75,972
730.1369773956885,525.2609861873226,Gene 76,972
732.6812773080507,534.0528826416853,Gene 79,972
727.6213632827389,527.907066358175,Gene 84,972
734.5437576969952,531.0264999605321,Gene 85,972
739.4128446075246,526.1443378991598,Gene 87,972
729.3490269312621,520.5074907856871,Gene 98,972
773.177790424026,547.0902075800137,Gene 22,973
773.5486239863534,552.0394650970501,Gene 28,973
781.6003116008563,547.3592085999937,Gene 80,973
776.7566984243837,553.934841082822,Gene 82,973
782.7175779751219,549.9244594760796,Gene 86,973
673.8333696391603,616.9072881390965,Gene 4,974
665.2667945460303,619.0387999018759,Gene 22,974
675.2772711880849,618.2585731454855,Gene 37,974
674.3734483732158,619.5273505937066,Gene 42,974
673.6253314036505,618.4613045193004,Gene 74,974
666.5891718221859,618.2308384330994,Gene 80,974
664.1917467928174,620.0749111315275,Gene 80,974
674.2728839596563,617.0763358015662,Gene 81,974
675.4868059259942,621.0256604400957,Gene 86,974
0.7227210966864965,108.86995067563379,Gene 75,975
8.505244722003525,111.20278192962488,Gene 79,975
3.761839547280177,109.54885689554463,Gene 83,975
4.77305880034446,119.62871327088897,Gene 37,976
12.911564497245166,115.37277099430764,Gene 37,976
10.662056334713581,114.16341478133411,Gene 74,976
4.88171766581401,115.98169394332704,Gene 75,976
12.658934957162572,119.64218921572524,Gene 76,976
5.456490981755461,118.24866166184493,Gene 79,976
13.546591968081419,121.98149043186109,Gene 80,976
13.314483704108696,119.79598240424595,Gene 85,976
14.218594934989486,119.78149315879956,Gene 85,976
13.051610249216246,123.52292378511082,Gene 86,976
5.725837946716457,124.99223908025998,Gene 92,976
22.03594706494245,120.69794982506778,Gene 2,977
13.503819737997489,124.66772686197534,Gene 74,977
16.19757346969545,119.22546879198683,Gene 77,977
23.264642968487966,126.83868239221111,Gene 86,977
18.146551464094422,122.41232702720798,Gene 87,977
15.068424956715054,127.5302248991066,Gene 58,978
4.862563821110299,128.06064924487458,Gene 74,978
10.750932117860094,126.74434560713148,Gene 75,978
8.242350843843516,124.83162605950916,Gene 79,978
5.3471447118845,128.06557872382095,Gene 82,978
24.81229824051782,125.85399709478936,Gene 2,979
21.168059243316293,126.61339966313481,Gene 3,979
21.160774730227452,120.44637840417539,Gene 25,979
19.357424665412058,120.61030271088237,Gene 74,979
19.785827262331964,122.1794846151024,Gene 78,979
18.318259280347743,120.03703723771574,Gene 82,979
23.705116513849276,126.80382111940884,Gene 83,979
25.687270482061727,121.64045280657541,Gene 98,979
33.54650483800981,133.93136161561495,Gene 2,980
27.614029886452887,136.27238778084876,Gene 51,980
-0.9239414227332148,141.1810282491694,Gene 2,981
6.7013671279003155,138.2100502489681,Gene 30,981
-1.2635424954507153,139.71425913893543,Gene 37,981
9.304150476605617,140.5496927065491,Gene 46,981
-1.4799661961102677,140.78427685719603,Gene 63,981
0.008246231392806003,136.21148688498388,Gene 78,981
2.485331820040342,143.2109567792218,Gene 78,981
2.3762919761731265,136.152728318555,Gene 79,981
7.6512557405013295,136.1627370298141,Gene 79,981
4.023799105977265,137.33173795262545,Gene 83,981
-0.28466927204720704,139.8104434847592,Gene 84,981
11.495378132398567,138.14996363506813,Gene 4,982
19.21803879410726,145.41743571638662,Gene 58,982
16.74474831440548,145.3452896901574,Gene 77,982
17.344946684092733,137.63378803771633,Gene 79,982
15.910411916297038,145.72882832006897,Gene 79,982
31.502342134570757,138.02484593768077,Gene 61,983
29.83876702222502,138.29783341399335,Gene 64,983
32.4383506638799,136.61461025675115,Gene 64,983
29.97049031168195,142.07737664361264,Gene 80,983
34.26556845208143,137.15525732351364,Gene 82,983
31.728374873428525,137.92061750319834,Gene 83,983
37.59767437518339,138.77555106288312,Gene 84,983
40.86753991615507,137.15010928853175,Gene 22,984
32.02557445515477,142.35572456464948,Gene 42,984
31.804484821488455,141.84631017285045,Gene 83,984
56.22452061787611,142.72396512795135,Gene 74,985
49.03783213260958,139.57875736984792,Gene 80,985
4.661610565936141,152.12711420312087,Gene 61,986
6.15601101995968,153.4369868338991,Gene 64,986
3.301512552432097,145.31343303528735,Gene 77,986
-0.4036482636055183,150.38986978850488,Gene 80,986
4.47276053059382,151.63767006310815,Gene 81,986
6.708679913278051,146.25453534783082,Gene 86,986
8.365508914091281,146.81471282508292,Gene 87,986
7.833375455096121,153.38109455164306,Gene 22,987
11.065838738084391,148.68979685739004,Gene 64,987
9.899067789588006,154.45013395238254,Gene 74,987
15.707254817075036,153.34456200766024,Gene 74,987
11.981501703124408,153.2657791794004,Gene 75,987
12.44137140776841,147.35483967128482,Gene 80,987
21.300557928594692,153.77069507595695,Gene 22,988
26.323197022414053,153.85663890941152,Gene 22,988
25.822544900217736,152.3158227054596,Gene 58,988
23.71203774706789,155.01465641168775,Gene 74,988
22.708594000483668,155.98434863753633,Gene 79,988
23.414146725762524,151.69733189887438,Gene 79,988
37.19568090459084,142.19678428255074,Gene 28,989
34.42697054346526,147.9258894745368,Gene 37,989
37.94151841017695,149.6515404151128,Gene 75,989
40.90947854526233,149.04731680232103,Gene 40,990
42.04855318583798,149.25795840284232,Gene 59,990
42.16978825372404,152.5323363204561,Gene 75,990
46.88927571132617,152.31468635578526,Gene 76,990
47.00758109390202,152.82122862026876,Gene 80,990
47.01295725444259,147.28808162608925,Gene 80,990
44.488199417311314,153.1768251428044,Gene 82,990
41.20339087842292,150.34136404387172,Gene 85,990
53.81894565988447,153.24598538770104,Gene 74,991
47.25804182526727,149.29618859295726,Gene 79,991
58.2233940180679,149.95885744424393,Gene 82,991
55.13324798943031,149.5294165830344,Gene 82,991
57.717182956332934,151.48129615265708,Gene 83,991
57.46877750651787,147.8100668614776,Gene 84,991
64.47948387971967,155.46439416289937,Gene 22,992
59.84264331459928,151.28188507516435,Gene 40,992
68.00466760034419,149.84641191088866,Gene 61,992
64.75869392979881,148.83504453862062,Gene 74,992
59.86356957416913,150.0266715441289,Gene 74,992
60.00378810631109,152.29378349974687,Gene 75,992
62.43358456716319,152.63809249249547,Gene 79,992
63.41664731395276,156.1858065891269,Gene 86,992
7.826748572151435,151.98881066121223,Gene 6,993
9.784870408523641,159.32327138731821,Gene 79,993
14.906265365101316,151.91806045922365,Gene 80,993
15.889984051550837,154.5321282496952,Gene 87,993
9.815357957605878,157.98501214816943,Gene 98,993
18.402159581305057,155.0376772856028,Gene 2,994
18.688605566084732,160.7636636773833,Gene 58,994
24.22764411124134,157.064576912,Gene 37,995
24.11696005891887,154.80620378316968,Gene 46,995
23.05594731666595,156.45694066411644,Gene 80,995
27.037854428985362,160.0999023701447,Gene 86,995
44.48558120568938,166.2870321449119,Gene 59,996
33.40853031200446,155.21683360451502,Gene 64,996
39.1064473802354,156.9975260301172,Gene 74,996
39.469368149584085,152.96960071878277,Gene 74,996
32.58730291404578,162.06341724146114,Gene 75,996
37.47279192549422,166.45185450600275,Gene 79,996
37.57411314744598,166.084461962655,Gene 83,996
52.225556503494325,152.15097466700448,Gene 37,997
55.70832750194238,156.12390118198851,Gene 74,997
45.613818496616034,150.07822064603207,Gene 74,997
53.998934780032194,154.3664878003639,Gene 74,997
54.37263926536703,157.0343373672533,Gene 75,997
51.58090188344031,149.13951176761475,Gene 80,997
47.501794729013966,152.00657953268944,Gene 82,997
57.45841422739814,159.37894853372444,Gene 18,998
55.066874924952934,160.99309585669232,Gene 22,998
58.759671575954805,156.35042873929976,Gene 37,998
57.56022561867636,154.36369978145396,Gene 74,998
53.877823458920304,157.27822927409235,Gene 74,998
54.166602878099894,158.48648450818487,Gene 80,998
53.497262578527845,157.06551876418376,Gene 80,998
58.877758673334675,158.546671562254,Gene 80,998
55.51818143857985,158.55260443833174,Gene 81,998
56.55743257841963,160.36508354642513,Gene 82,998
55.91712113973651,153.991654567045,Gene 84,998
67.47317238599008,155.45219796746738,Gene 2,999
65.50082397695596,159.49003316144987,Gene 37,999
68.10602079982797,160.81156554804423,Gene 80,999
81.0239331407689,158.60714172809148,Gene 2,1000
80.4397573616636,158.7791056587257,Gene 2,1000
78.37269238001444,150.14382530515215,Gene 3,1000
75.62162249509875,152.6195942554586,Gene 85,1000
77.69119081075634,159.03496357979492,Gene 86,1000
84.50716796867665,156.5991105384572,Gene 86,1000
74.02027538756528,152.32184432594468,Gene 95,1000
0.7974283734632275,164.68962939979366,Gene 4,1001
-3.3973351034651103,170.3894712496506,Gene 37,1001
1.3832741633343,165.0556647985826,Gene 64,1001
1.6708016023570162,164.79520672227756,Gene 85,1001
-0.0062800417064146075,171.23580206838503,Gene 86,1001
4.157779838237967,167.48999133352797,Gene 41,1002
4.692514082911313,167.16224949307127,Gene 75,1002
14.05544235192138,163.06436563467489,Gene 79,1002
15.208465419738628,162.73670613236388,Gene 80,1002
9.979625635250274,161.9826491403096,Gene 80,1002
9.182328277032557,161.6683479351514,Gene 82,1002
14.707106375655187,162.13850809583636,Gene 84,1002
18.403650873653596,161.76782999517138,Gene 2,1003
20.120509961476237,163.39490354139258,Gene 40,1003
18.263343520994884,163.1752957151033,Gene 46,1003
17.751860146275156,158.97067150473652,Gene 82,1003
39.795029996243656,163.03659333725798,Gene 18,1004
40.89461713521082,170.63730170695,Gene 22,1004
39.387949346331474,169.19080584752814,Gene 74,1004
39.66367740031499,171.05836201608983,Gene 74,1004
40.15583473451768,163.80841542812678,Gene 80,1004
45.82050118624173,172.39902108615442,Gene 61,1005
36.74646483363507,171.62321907188135,Gene 74,1005
37.60851392913565,171.11596097996778,Gene 75,1005
39.87931567002889,164.16968929646407,Gene 80,1005
35.3882494809733,169.80809416488134,Gene 86,1005
36.532329153500115,167.84047300980166,Gene 91,1005
48.787063560311154,168.59817695799998,Gene 43,1006
47.84604527588435,170.89550357734063,Gene 74,1006
59.41208482156329,172.1663824792819,Gene 74,1006
59.99912028105974,169.90256989773184,Gene 74,1006
54.871773412435346,166.00505509366764,Gene 75,1006
56.17539573500712,172.73002908333336,Gene 75,1006
50.719309928251725,171.45434362487518,Gene 77,1006
52.49979406674559,175.2237794436865,Gene 78,1006
53.04351705410267,173.50167942163745,Gene 80,1006
66.29302948548374,165.8494610895821,Gene 16,1007
61.53166476604525,165.96951001225796,Gene 28,1007
68.57198673850031,164.8572988214243,Gene 74,1007
66.03159102617875,165.54916133484357,Gene 79,1007
62.81920328454018,158.53194436211942,Gene 83,1007
76.59620816099418,163.47961274451976,Gene 28,1008
77.86302347292263,166.8386286502843,Gene 63,1008
78.05622823898493,163.66065793753367,Gene 74,1008
69.46161452626825,167.4254636334207,Gene 82,1008
76.65239544447255,161.95747913375482,Gene 82,1008
78.41166283982828,167.52367328423315,Gene 85,1008
76.7098558723989,162.15798444656954,Gene 77,1009
81.45462433399828,163.12677953610523,Gene 86,1009
98.1248798114337,169.7709519521334,Gene 4,1010
93.44605141101404,167.05614032985963,Gene 21,1010
87.90311162775562,161.16766334777066,Gene 74,1010
90.49496864136903,159.99318521352782,Gene 83,1010
94.30853651205945,157.38613225211787,Gene 84,1010
5.745960227148337,168.94868892675964,Gene 42,1011
3.924259211728424,173.498110191271,Gene 86,1011
11.500938099198898,170.78708976342784,Gene 74,1012
16.021096624950868,164.96690459995924,Gene 75,1012
10.330112215280932,169.36518286436402,Gene 75,1012
18.34874463364035,167.6732330006231,Gene 77,1012
11.486714025763693,165.45646889316077,Gene 81,1012
19.28344217573749,166.79055698152357,Gene 98,1012
24.203548550244065,170.5555645570842,Gene 18,1013
27.198463976423355,168.53493624572312,Gene 64,1013
27.20390732673053,177.99016500540662,Gene 82,1013
42.96651946825835,172.52475658913713,Gene 40,1014
37.57345866619821,164.65033751886673,Gene 51,1014
38.74618543360571,165.92619913205033,Gene 58,1014
35.99624912321815,164.34988657102784,Gene 64,1014
34.541626900367845,172.1142024043159,Gene 64,1014
54.2782011402564,171.68790875734936,Gene 37,1015
44.98452735028706,174.885264900664,Gene 42,1015
55.80420979399682,175.60427309822776,Gene 42,1015
50.793909686262396,178.36113705693256,Gene 58,1015
47.232049241034865,173.75883888315488,Gene 74,1015
55.90266219708681,177.44260198697407,Gene 75,1015
55.1187644728805,174.8770619837039,Gene 79,1015
56.8280161471281,176.0584649698823,Gene 81,1015
49.44729942299704,177.96542961617936,Gene 82,1015
48.01682607063914,173.1556635450631,Gene 82,1015
48.33577584123439,176.16114982310316,Gene 85,1015
48.92356294749256,179.54097530923795,Gene 86,1015
54.56053238379081,172.2794127020125,Gene 6,1016
57.849955818501996,170.642038754328,Gene 6,1016
54.69242192540286,170.8913042696933,Gene 24,1016
63.46378597125825,170.64369482886192,Gene 78,1016
58.25711246669211,173.64966051146843,Gene 80,1016
60.955922992865375,170.34391520368445,Gene 84,1016
67.66863870535558,172.7432987189021,Gene 18,1017
64.07383456232385,169.20339907713307,Gene 22,1017
62.987678373835294,170.22125164212397,Gene 37,1017
59.82788248514618,170.3793988037788,Gene 74,1017
61.84914644097522,172.24636613868003,Gene 74,1017
63.131987703209504,168.9732851458563,Gene 75,1017
61.084532953939316,175.6675654883252,Gene 84,1017
64.95938415134005,175.89655672538873,Gene 84,1017
83.58221333133463,173.10370777937433,Gene 2,1018
80.75679674654228,174.42427579944905,Gene 58,1018
84.02184929023878,174.4727906331788,Gene 64,1018
77.13998710317803,175.96720945584732,Gene 74,1018
79.5970379813307,168.19624508859536,Gene 80,1018
83.35848352954379,170.72481821074126,Gene 83,1018
75.91029541209315,168.5301212733722,Gene 86,1018
94.47309174212026,178.66268649943456,Gene 17,1019
90.54178442437845,179.17643666717453,Gene 22,1019
94.11553515900201,176.82437278025463,Gene 22,1019
87.67555250567206,176.7513389878956,Gene 46,1019
87.61110137359289,181.00146298310594,Gene 58,1019
84.99286232217788,174.23055505648415,Gene 74,1019
86.69414088703616,174.33235428128046,Gene 74,1019
85.32081018218533,177.0002840730167,Gene 82,1019
86.07217204751655,174.1629853152698,Gene 87,1019
102.1710549656505,176.1023077361785,Gene 22,1020
95.33899795250254,174.81933354877964,Gene 37,1020
95.18040421324989,180.9441193250355,Gene 74,1020
99.33982355156587,176.97548630438968,Gene 79,1020
98.08572800422473,174.24337009657611,Gene 80,1020
98.50373980340342,182.0354635678621,Gene 80,1020
100.96153805130474,180.4962007213795,Gene 80,1020
102.24209433082666,177.8347167252074,Gene 95,1020
104.32122670482345,177.2878901006494,Gene 74,1021
115.6223536435453,175.65203366259675,Gene 74,1021
115.4395296549152,174.29701543396493,Gene 80,1021
-0.31969972968721816,182.27469476266137,Gene 61,1022
5.499483844040428,184.79972057879806,Gene 76,1022
10.262357617614079,182.4734608369825,Gene 79,1022
0.7063069043118841,182.39139805192332,Gene 82,1022
5.306495422695541,178.60737529752777,Gene 83,1022
7.20433595066576,181.21820139214987,Gene 83,1022
17.118878907509075,187.9108581534306,Gene 61,1023
21.630631086888506,184.6362784548993,Gene 80,1023
16.412486744407005,188.12190953277508,Gene 82,1023
21.532578636317567,187.25300384533418,Gene 86,1023
15.39119186763076,183.25006911039227,Gene 98,1023
29.90459382323059,181.98709787259392,Gene 46,1024
22.358808328794076,184.85521885071557,Gene 74,1024
21.45446675946367,187.06604855491034,Gene 74,1024
17.727067552032317,183.8327182870484,Gene 77,1024
22.06748876857201,174.41166859095762,Gene 77,1024
22.17425799084765,185.9652803026304,Gene 80,1024
24.977998360852617,179.06931241670983,Gene 83,1024
24.30728842422284,174.79822737222744,Gene 85,1024
35.94682389193293,178.93982766298123,Gene 22,1025
37.13063989971322,178.79048711824007,Gene 37,1025
40.15021895898026,189.40467371896554,Gene 64,1025
41.70640340122821,186.14486748566827,Gene 80,1025
32.007901146687615,182.51242271115152,Gene 83,1025
41.453319965741244,177.87953191592646,Gene 35,1026
36.36462076217197,181.14215731351374,Gene 87,1026
47.73233992148387,185.76735741498405,Gene 40,1027
53.231014545255306,185.03162867520794,Gene 77,1027
66.99244236690906,183.51343709307218,Gene 17,1028
64.75481203683304,182.93607423111234,Gene 35,1028
58.411618693555354,183.45283577851166,Gene 64,1028
59.235941704335026,188.646922573125,Gene 79,1028
58.006829880047796,180.4530044640878,Gene 79,1028
56.93294062334749,183.16826299403033,Gene 80,1028
75.91867844962513,182.6466892373504,Gene 22,1029
76.05126029255251,185.6233960727258,Gene 40,1029
74.45096038873064,183.57725500857072,Gene 46,1029
68.19592391753088,181.3754575971701,Gene 64,1029
77.74609298861401,180.34094791750448,Gene 76,1029
69.99966958653987,180.72559904563028,Gene 77,1029
68.29286047291937,181.01922409271234,Gene 86,1029
79.92882161531348,182.99595500015545,Gene 22,1030
88.01399943047858,183.6238878031352,Gene 28,1030
86.61309525620631,189.675989635551,Gene 37,1030
80.92177889157338,182.33554540899323,Gene 37,1030
79.67700295011456,189.2082633108617,Gene 83,1030
77.6255606950633,184.4226051291188,Gene 86,1030
94.61147874518832,182.08035234919873,Gene 17,1031
92.16353144008887,180.44530195609158,Gene 41,1031
88.62796236924154,187.64674413481882,Gene 46,1031
87.6134647240507,188.2874178233488,Gene 79,1031
90.0597013923786,182.26524322868482,Gene 80,1031
91.4719246081743,181.05635215040985,Gene 83,1031
88.67835234496448,180.80502634069683,Gene 84,1031
90.52511383823693,190.36957928998692,Gene 86,1031
106.47377750718096,176.2082372844477,Gene 37,1032
100.90191702094867,182.08109323267266,Gene 59,1032
106.25919336836078,176.31001787205568,Gene 74,1032
104.45426370216371,178.57343712615108,Gene 77,1032
122.53664792347305,184.24200018014855,Gene 2,1033
118.65064554943152,180.51680321495596,Gene 83,1033
121.44994298216226,185.06231321779424,Gene 86,1033
129.69336271234516,179.04769523716428,Gene 63,1034
122.52300309118989,183.75137603900092,Gene 74,1034
133.43028538972257,184.2702765958058,Gene 77,1034
126.64351156699863,179.51459760668985,Gene 79,1034
132.99445072286295,181.07821308139523,Gene 79,1034
9.879566980494554,188.2599282361217,Gene 64,1035
8.30521115510177,185.52022402583347,Gene 76,1035
5.019981457315463,187.99610518597893,Gene 80,1035
13.899794262971858,187.50532058139478,Gene 80,1035
8.151651897585223,183.84871235321194,Gene 80,1035
13.844243994686096,187.24001784174666,Gene 81,1035
3.925392860515614,186.13920710055064,Gene 81,1035
10.72682344796532,189.12462729520723,Gene 83,1035
3.44739692418546,187.78995217449395,Gene 84,1035
17.107883423207717,191.9189239914436,Gene 61,1036
17.814821575782183,195.19085762853487,Gene 74,1036
24.614692031123028,189.50269101055105,Gene 79,1036
20.745188317455884,195.73782553041852,Gene 80,1036
26.101484265605638,195.48192891956873,Gene 82,1036
26.470181022565427,191.23272800165694,Gene 22,1037
31.1596576999994,191.669242354569,Gene 40,1037
29.23973731780609,193.2277727875088,Gene 40,1037
31.3241759887469,189.67507647644547,Gene 46,1037
33.564511650269516,188.63163892877148,Gene 64,1037
28.06800725438744,187.4942142481302,Gene 75,1037
31.02527671925951,187.26710171434564,Gene 81,1037
32.959143786975545,187.75344610460098,Gene 83,1037
31.45837134468669,188.6022940870941,Gene 86,1037
44.1792291863725,190.8645303545086,Gene 28,1038
37.42482368771346,191.72897371244255,Gene 51,1038
35.26738883916158,192.89664765276885,Gene 64,1038
34.051998087525305,193.67636183684715,Gene 74,1038
36.40838479946811,187.11146597493897,Gene 74,1038
34.486705963570465,194.97594137328295,Gene 83,1038
47.17696679764944,189.74411131756966,Gene 25,1039
45.972814734630646,202.58627841153185,Gene 74,1039
51.42550094979871,191.17370677711688,Gene 80,1039
43.13337153961354,192.53071111054217,Gene 83,1039
42.81536628727607,193.70046304169793,Gene 92,1039
51.445747058887186,189.30149360816304,Gene 29,1040
59.82487316328311,190.0736341415798,Gene 74,1040
60.63398187866462,195.1462859276438,Gene 83,1040
60.32690755388525,194.58431456902125,Gene 83,1040
74.86156301719586,192.2179880637366,Gene 22,1041
70.69715274523656,197.36604836245556,Gene 74,1041
71.20720226050202,191.0547314872359,Gene 81,1041
69.03417850524815,194.6039570836472,Gene 82,1041
76.89523964760184,193.23198347004816,Gene 77,1042
73.51072205257051,191.26132494119184,Gene 87,1042
85.09065441259223,193.2718147143237,Gene 64,1043
89.86801257301359,195.01371601778132,Gene 97,1043
100.01077823108365,187.70850925194577,Gene 2,1044
98.14218832454927,197.49353778145868,Gene 59,1044
103.18479134856355,193.6233337971148,Gene 74,1044
94.37793995413863,190.70410644486472,Gene 80,1044
103.19386984175242,189.97196049065394,Gene 80,1044
94.87104261403546,188.9774860918103,Gene 83,1044
102.33151068295635,194.64132978147808,Gene 8,1045
108.78417885084095,192.28247583111784,Gene 37,1045
109.97027657993725,197.29005003248085,Gene 37,1045
109.38965076295872,196.58757933479063,Gene 46,1045
102.38106300044569,193.5298479985954,Gene 64,1045
107.56874657351533,191.21677434725586,Gene 80,1045
110.01786786879025,191.4567630356135,Gene 81,1045
110.1103678548143,196.3444157902767,Gene 83,1045
109.96790424146589,192.70582071164077,Gene 83,1045
108.53252840985573,191.08861377962288,Gene 83,1045
125.14778729444309,187.17761894908145,Gene 73,1046
121.14557746930512,186.88532309476003,Gene 75,1046
125.362013405893,186.5829482337254,Gene 77,1046
115.98663000136206,189.61179204108075,Gene 86,1046
120.21691601384431,191.00431094569197,Gene 87,1046
121.70446337919898,189.51782486915587,Gene 22,1047
125.7727795703454,187.9620977776266,Gene 33,1047
127.6771941238073,189.46288173902664,Gene 73,1047
126.38632866341942,195.79293932713034,Gene 78,1047
121.5588294905972,188.25473674433655,Gene 79,1047
125.65747793869228,196.15050699462776,Gene 82,1047
124.73984729233794,186.31647565985162,Gene 83,1047
125.73889659906538,185.34690398469343,Gene 97,1047
140.02218769980797,192.47285958316232,Gene 22,1048
138.9159764900835,187.35661276057198,Gene 75,1048
144.23105580529315,190.9070450607756,Gene 78,1048
144.70985783168453,191.50865280328938,Gene 80,1048
135.4293908481865,192.2004702470075,Gene 85,1048
0.5286396116363556,196.81635818158804,Gene 2,1049
-4.366157030186525,198.31856961545816,Gene 28,1049
-1.890563524636058,197.08153430207048,Gene 74,1049
1.6813874357964123,200.02680578571847,Gene 78,1049
-2.518753609046659,196.13965862437357,Gene 82,1049
-2.7080175045296624,199.402992187654,Gene 82,1049
18.121051806438814,202.39860516605907,Gene 22,1050
21.515206740625132,199.36511731895172,Gene 74,1050
13.369757532851821,202.27766712559244,Gene 74,1050
18.78119913419366,195.63323173394673,Gene 82,1050
15.08228021255883,195.33053513405886,Gene 83,1050
24.00494809469621,196.87122041073732,Gene 74,1051
20.921320564015208,200.08086457663862,Gene 74,1051
24.840206185229082,196.84277442291236,Gene 80,1051
31.030080550764474,203.32686009461804,Gene 80,1051
21.558727796463366,204.6376389411914,Gene 86,1051
22.138403409360617,199.04698513203434,Gene 87,1051
38.10943026386393,205.8669467919283,Gene 22,1052
29.784985566241264,204.99816838385564,Gene 42,1052
27.00039201107451,205.10961848008063,Gene 77,1052
34.99471222496268,203.85761912441444,Gene 79,1052
33.79877077651104,210.4533423080366,Gene 80,1052
33.537254981780386,206.91121501576362,Gene 80,1052
30.123231422058094,204.25529676848106,Gene 80,1052
47.66360666331318,196.31579488700544,Gene 37,1053
48.190324832237536,194.51644672534286,Gene 37,1053
44.96600687135466,191.74655782839523,Gene 46,1053
45.231186119441396,203.7988300776484,Gene 64,1053
43.057242942664715,191.94257311758608,Gene 79,1053
39.0417361393349,192.88284017631682,Gene 83,1053
43.12939415275551,194.1578379433134,Gene 83,1053
37.147556710488594,202.6235649385415,Gene 86,1053
54.9955372702343,200.05882370873843,Gene 22,1054
49.616907148178676,201.7810935069056,Gene 22,1054
46.835019725929065,202.17896067889438,Gene 33,1054
46.79250788616763,202.38535054316657,Gene 37,1054
56.647180946648575,200.8725176668304,Gene 79,1054
51.45888386936562,193.58374583768412,Gene 81,1054
61.66427227161245,203.81487786126036,Gene 37,1055
54.497153915404354,198.5210289798934,Gene 40,1055
68.3418416508334,198.94110068067155,Gene 46,1055
67.6536415657339,196.96182105760863,Gene 74,1055
55.44441427611395,199.5456230663759,Gene 74,1055
68.22871199791763,197.44877632065558,Gene 80,1055
55.26619781592565,196.23359357578178,Gene 83,1055
63.87966341549163,201.88623348916312,Gene 86,1055
79.0911795154256,198.401739101127,Gene 42,1056
76.97182932672354,197.7195745060578,Gene 52,1056
75.98340265359737,196.97925235110074,Gene 58,1056
75.22913446219044,203.09046557690186,Gene 58,1056
71.81129003745096,198.53514570183034,Gene 79,1056
76.52896305671999,198.79589925565833,Gene 86,1056
91.21490084103381,193.65686736584146,Gene 18,1057
94.16217747762039,193.840487732973,Gene 22,1057
86.76494371439887,188.38316129876955,Gene 37,1057
87.0670148357646,191.06068751082955,Gene 79,1057
83.17954431089193,192.1486769802147,Gene 80,1057
87.1926087067052,201.88206717645454,Gene 10,1058
85.3849865703805,209.31817372091808,Gene 21,1058
82.67503231964866,206.19042466374617,Gene 22,1058
91.06614039940725,204.10625743210915,Gene 28,1058
90.34725750707042,208.80553425761838,Gene 35,1058
94.97479246546457,206.04791909621486,Gene 37,1058
87.11362485757836,201.00291063655644,Gene 46,1058
85.88870457899135,203.24641379858537,Gene 50,1058
89.75638765120623,209.24728568560462,Gene 78,1058
93.7147861486125,203.21481644883474,Gene 78,1058
89.09027938357843,200.8092209391898,Gene 80,1058
86.9961188665225,210.0730271893823,Gene 82,1058
89.29998975640831,210.8478901569207,Gene 83,1058
84.67202888649392,203.72078395652412,Gene 85,1058
107.81350881458683,202.48371452081778,Gene 2,1059
100.05140035431516,194.23351675499097,Gene 58,1059
102.77268864604414,204.09990868949544,Gene 61,1059
106.0903906271391,196.56618697378127,Gene 74,1059
106.61945003754231,196.4638160448132,Gene 76,1059
97.73826196511726,200.23732835051996,Gene 79,1059
99.53717426171342,192.77579645748241,Gene 80,1059
96.42121074770722,201.17270697176852,Gene 80,1059
103.53035359491068,196.15625344732297,Gene 81,1059
106.70909571110113,193.4446042928776,Gene 87,1059
105.24718352424546,201.3075730327342,Gene 98,1059
111.64997661544747,199.9401729300583,Gene 22,1060
116.31989425767472,200.93721502943785,Gene 74,1060
118.63656223213103,193.81610214569653,Gene 74,1060
115.07161662137425,195.11433954573675,Gene 74,1060
120.27465319209723,196.0249600217958,Gene 84,1060
118.7945154765494,202.5173008286665,Gene 28,1061
123.96368696878461,195.40233623139648,Gene 42,1061
118.14418014790952,201.45408376047328,Gene 74,1061
129.9899159271402,204.03448243805713,Gene 74,1061
124.50940561176655,196.64675149499575,Gene 79,1061
121.98090410271578,199.2838608626126,Gene 80,1061
129.32121796823438,197.51306054048604,Gene 81,1061
124.21696077603552,197.72821742176225,Gene 87,1061
132.075599823821,202.98856949245777,Gene 41,1062
136.365856190515,198.41591354651945,Gene 63,1062
133.03946278480214,201.315387753748,Gene 64,1062
128.51950330919743,198.25510889615984,Gene 74,1062
130.52818509338508,198.19423663691518,Gene 79,1062
135.10045050065986,196.99903873386108,Gene 80,1062
131.08299720841447,201.7440426121911,Gene 84,1062
131.94708120197652,203.4463506438316,Gene 86,1062
143.90344785489094,203.7966073992957,Gene 75,1063
154.01696610099043,196.2491123682128,Gene 77,1063
143.7626965380341,197.66334313382973,Gene 83,1063
146.41289170077053,197.7793172745592,Gene 84,1063
152.25551609435155,198.37507615111545,Gene 98,1063
154.6225853385222,206.5118865034974,Gene 25,1064
148.79293598512726,201.53895179672912,Gene 77,1064
12.865542533304172,205.91855647482447,Gene 74,1065
1.8965296799911648,203.07479311876034,Gene 75,1065
-0.6076613638953017,206.7284919149386,Gene 77,1065
10.89646646630937,204.24301226672011,Gene 80,1065
7.271055604942939,203.1290282437543,Gene 86,1065
15.790725794745878,209.1067421877589,Gene 2,1066
15.353414795289137,214.33156355636942,Gene 28,1066
18.8886420425382,207.99736147037612,Gene 77,1066
21.180155768623862,215.05143489920943,Gene 82,1066
19.871700412107124,210.7983153216729,Gene 83,1066
20.030896806780625,209.02280145774026,Gene 84,1066
21.67418821185351,209.71721923649184,Gene 86,1066
27.22724259941433,211.04884087210056,Gene 37,1067
24.553880254207776,207.52009583456945,Gene 37,1067
32.308958517886055,207.2056193784934,Gene 76,1067
24.359651094369458,207.08401777993748,Gene 87,1067
42.51244404670596,207.0960362163681,Gene 22,1068
40.51633009931166,216.5508967674369,Gene 74,1068
35.0026853674856,210.47709487563478,Gene 74,1068
44.26116642134075,208.3768053117826,Gene 74,1068
44.48663697361751,211.42112194641243,Gene 80,1068
42.7003229482669,210.82401881125534,Gene 86,1068
60.86334894641725,208.26867657160304,Gene 3,1069
60.02638562391474,209.33911156860657,Gene 74,1069
55.88674827755415,209.87430083584238,Gene 74,1069
47.54211372364819,209.64968903404585,Gene 75,1069
59.085712849209145,207.225766342176,Gene 78,1069
54.966871073692,213.91668952232493,Gene 80,1069
48.41822552661166,206.00543594280424,Gene 81,1069
54.70818947471124,212.5139908379891,Gene 22,1070
54.046487314670834,211.64048665407924,Gene 37,1070
59.05348702556278,207.71163805497338,Gene 40,1070
57.60631209142281,212.388336998379,Gene 74,1070
55.65929961482155,212.178885168787,Gene 79,1070
50.88379174824149,207.516591876319,Gene 80,1070
52.0249940704803,207.68257319488217,Gene 82,1070
69.21868988020627,208.60610576366594,Gene 2,1071
69.00454280047734,203.98160429771298,Gene 28,1071
66.57625481493622,204.6244125303245,Gene 51,1071
64.93901844791446,204.01435174710116,Gene 74,1071
69.94568777305611,209.3895000592652,Gene 79,1071
59.37079662185161,204.3295617903675,Gene 79,1071
60.898071363150365,209.41076680940537,Gene 81,1071
58.77225234403617,208.26933446149184,Gene 82,1071
58.15188957529487,207.68098844382553,Gene 82,1071
77.58464241259256,207.36140159720597,Gene 51,1072
94.50737534657203,206.54404278889155,Gene 51,1073
91.47208490115865,215.84084919718157,Gene 74,1073
94.42204332129259,205.1257537488658,Gene 80,1073
85.96556869356037,208.93619263317436,Gene 82,1073
88.79023973367919,213.9954643434511,Gene 83,1073
94.52034817215062,214.0669181470843,Gene 37,1074
100.63468853191061,212.89651847699952,Gene 37,1074
94.76779806791149,211.44562705521253,Gene 64,1074
99.37447499810102,210.0908560329497,Gene 79,1074
96.54736039643333,213.2177488526518,Gene 80,1074
96.53348862891676,214.97364113980194,Gene 80,1074
98.49357892938497,206.933529993226,Gene 81,1074
116.40890609008454,207.16936530121063,Gene 46,1075
107.8251612720808,203.3757889680066,Gene 64,1075
107.99400576742494,207.34068692035962,Gene 74,1075
106.03856727392653,206.80910411900012,Gene 75,1075
109.79637047843049,201.69332816445993,Gene 76,1075
110.94465368201423,213.79551844743833,Gene 77,1075
115.27872339932112,206.16030259503896,Gene 80,1075
112.26749995868089,206.86072771244847,Gene 81,1075
106.24012670761337,210.61840291032973,Gene 84,1075
114.06010108684305,208.193522238664,Gene 22,1076
121.03114491640527,203.75612148641625,Gene 37,1076
112.6992560672357,205.13363586191957,Gene 40,1076
115.0294659897053,206.0501085728487,Gene 80,1076
114.51834806002758,208.6221436587633,Gene 81,1076
113.81740449170117,203.80123553329156,Gene 83,1076
126.44467606336607,217.10350025735866,Gene 22,1077
132.79016199263876,210.71197260307545,Gene 37,1077
132.8384543999619,215.5575621727982,Gene 82,1077
128.46005110745736,216.7691145352319,Gene 83,1077
128.76839058702393,208.3326363827373,Gene 84,1077
133.53456352691623,213.77010682647446,Gene 85,1077
140.3479851502089,206.0469066645858,Gene 74,1078
137.86592194219855,204.70969994160916,Gene 74,1078
136.71911590403226,202.5884020297066,Gene 77,1078
132.14846817867198,203.7794946942341,Gene 79,1078
138.4049540929494,208.57645079730864,Gene 80,1078
133.26453988383716,204.79185782985135,Gene 80,1078
138.07889690397235,204.24710345750012,Gene 83,1078
136.30826740918948,203.30571839033627,Gene 83,1078
135.91444973006688,201.42160452396666,Gene 86,1078
136.7435267657995,205.69379763314433,Gene 95,1078
147.35565478063515,213.7043606543707,Gene 3,1079
150.66480069869476,213.97749327546296,Gene 37,1079
146.85120335462796,205.8150942586873,Gene 42,1079
152.46791980011346,209.66946823182994,Gene 61,1079
153.61115662710415,207.9544886105825,Gene 74,1079
146.4761338408648,206.86721580498514,Gene 78,1079
153.30004841135283,206.91269976767438,Gene 80,1079
150.67483193921743,206.92807038831054,Gene 83,1079
152.88860761133068,207.84506872088596,Gene 84,1079
151.87711933933187,211.03277742137888,Gene 86,1079
161.41029065723745,209.70182865374505,Gene 2,1080
162.2051424160663,199.28959674447827,Gene 18,1080
168.54266196365802,200.05364516250577,Gene 24,1080
157.86593952761336,201.66343223169142,Gene 37,1080
167.92194853083828,208.71073458876225,Gene 74,1080
166.7259678573397,203.2409168998691,Gene 78,1080
157.1488278534384,209.08490584767617,Gene 86,1080
167.9390294986777,213.85824560679748,Gene 17,1081
167.9809075746135,203.51124876852464,Gene 74,1081
166.86754366567118,207.88124939489816,Gene 74,1081
161.54039694096733,210.14303468733524,Gene 82,1081
170.17807635284478,211.11108445493272,Gene 84,1081
162.91559403547984,205.9495928065174,Gene 97,1081
8.959783653593906,218.085579185673,Gene 2,1082
1.4884835711641515,222.23895743110918,Gene 46,1082
8.206966429057953,217.9151493801393,Gene 58,1082
0.12208525196565034,218.39825107763906,Gene 74,1082
0.9119134422075672,222.0746885243076,Gene 79,1082
7.843907043782858,220.0247382511783,Gene 83,1082
15.758046309205195,220.28358589980195,Gene 22,1083
11.987056787677087,213.49885059378627,Gene 58,1083
10.04517395642284,219.91790711670998,Gene 58,1083
11.57765475876682,215.03869163435667,Gene 76,1083
17.907354618834987,216.07128865512752,Gene 79,1083
9.07666166682515,219.34614503177963,Gene 80,1083
10.317480780053844,218.3246909527142,Gene 83,1083
10.49198065603545,216.65231282040082,Gene 86,1083
17.304520097352476,220.63526397817907,Gene 6,1084
25.61576667042622,220.9138625756918,Gene 58,1084
24.509251393647833,211.32923472406551,Gene 83,1084
23.629003973106744,211.3295999119018,Gene 84,1084
26.748624177242302,217.4151245188045,Gene 95,1084
38.71548556258663,213.46427500395026,Gene 35,1085
39.32680953119625,215.6863488590803,Gene 35,1085
33.15104821838832,218.3872889681401,Gene 79,1085
37.78407779244366,219.12307731765938,Gene 79,1085
39.688670216459904,213.41682434277962,Gene 79,1085
37.21194819189563,214.48344656788404,Gene 80,1085
45.26338431781352,218.2472241152839,Gene 4,1086
45.78641175366687,215.12884939844125,Gene 18,1086
40.72468938059309,217.74483785943218,Gene 21,1086
44.98063100801446,215.483643017566,Gene 58,1086
39.60766634773714,209.93052868142877,Gene 61,1086
38.55940865288026,209.5652127918112,Gene 75,1086
52.27912436785148,221.30499913769728,Gene 22,1087
45.398413402015564,223.2464857535025,Gene 22,1087
53.3137891627558,221.46286353060293,Gene 40,1087
47.17514272408358,218.03177459440525,Gene 40,1087
43.792491982165345,216.22018033597647,Gene 69,1087
49.17519811757651,215.54757016354512,Gene 78,1087
45.243094519027146,215.9873699408823,Gene 78,1087
53.11512553626018,220.25817111986018,Gene 83,1087
49.52317760833389,216.04898466769566,Gene 87,1087
46.924432736642174,224.8125315354009,Gene 98,1087
61.692568029163695,217.8896655867621,Gene 41,1088
59.929146634905614,218.2501039043649,Gene 46,1088
58.540137347098224,218.45785479265723,Gene 74,1088
63.962806705302306,214.26106316488855,Gene 78,1088
66.2564619453533,215.9180046781407,Gene 82,1088
65.79845321103056,215.89645196187058,Gene 83,1088
60.34249041556088,220.9034723569721,Gene 83,1088
77.25615489589757,222.72910092252985,Gene 3,1089
77.58364212560086,222.62088289042958,Gene 17,1089
73.47004059834009,223.5591772288196,Gene 30,1089
76.90868427221494,217.46995861985107,Gene 37,1089
72.52842412135944,216.92157927853788,Gene 37,1089
77.08228659690938,217.86188904622387,Gene 46,1089
71.18131988197969,223.9501521676331,Gene 58,1089
72.64681077426977,221.78894926523,Gene 58,1089
71.93393541780515,217.79160699415314,Gene 63,1089
76.42594150004328,221.6749381571724,Gene 64,1089
76.62782035866124,223.70382715555172,Gene 79,1089
72.1728316788589,223.69370834843488,Gene 83,1089
77.89262357076011,219.5305793179688,Gene 86,1089
71.891674550666,221.48050954671774,Gene 87,1089
84.27116307132755,220.26601701838604,Gene 46,1090
81.36281683166686,216.5570632239364,Gene 77,1090
83.55185044492164,213.39857519995115,Gene 78,1090
82.28258989122912,216.43499927096977,Gene 98,1090
95.68066014633406,213.51734108486667,Gene 61,1091
100.42187485154287,217.69872960480464,Gene 74,1091
96.97876466150701,212.79898566687547,Gene 74,1091
101.33637076772021,218.70130751849535,Gene 74,1091
97.83940546375798,220.71942856317074,Gene 79,1091
101.05214082299125,216.26845498808225,Gene 80,1091
93.95369976958402,220.07665470162777,Gene 80,1091
93.08619866301981,213.7988022330905,Gene 84,1091
91.97329341753677,219.88292290311838,Gene 86,1091
106.6580880664694,221.1719429647642,Gene 17,1092
107.95258890810445,221.56932538258602,Gene 72,1092
103.17720948858303,215.5504960846431,Gene 74,1092
107.02630746330671,213.28360284686548,Gene 75,1092
100.79482945138201,218.8557406921629,Gene 76,1092
104.40781184090278,221.994912372761,Gene 80,1092
105.75431377788857,216.54077017647526,Gene 80,1092
103.9877723407913,214.48588566999305,Gene 84,1092
104.91373051633593,212.02973128722485,Gene 86,1092
109.39022109501737,212.3937529229768,Gene 30,1093
120.11367036154226,207.9498370292886,Gene 40,1093
109.27491126762779,208.29479739130213,Gene 64,1093
117.94423731716134,208.71840498804212,Gene 64,1093
115.80982384924641,207.77974221063954,Gene 79,1093
108.96667889548985,208.46951391220304,Gene 80,1093
113.15032068704294,211.81418021519133,Gene 80,1093
110.26522339373771,211.4439945568809,Gene 83,1093
111.80899892719438,208.805185252089,Gene 97,1093
118.97481154550672,222.69816913556608,Gene 37,1094
123.0238933775588,217.84909909701318,Gene 74,1094
118.98356088559338,221.5018023048421,Gene 75,1094
127.43873970960617,215.51724897479846,Gene 79,1094
127.86186222984453,217.50462113340637,Gene 80,1094
121.19983436838676,215.00958173309408,Gene 82,1094
126.47325111974466,216.91992662672234,Gene 86,1094
132.36223835731238,219.259970825759,Gene 46,1095
132.866847462704,218.65450958513895,Gene 61,1095
135.32221569196966,219.9309422805391,Gene 79,1095
131.61892339511374,219.76539903440312,Gene 80,1095
136.7823204034509,216.93250524894876,Gene 86,1095
133.62204355024613,214.27784779971824,Gene 87,1095
138.74201823855762,215.14407446996836,Gene 4,1096
141.07490219520508,214.39490251706297,Gene 6,1096
136.18424728785604,216.25240101894326,Gene 22,1096
133.00341278264452,216.3369978241228,Gene 40,1096
143.72107012612355,217.98808945924603,Gene 77,1096
140.7837658602587,214.07523991601326,Gene 79,1096
138.17141223343197,219.6702264616714,Gene 80,1096
156.20255778465767,213.92149871319478,Gene 3,1097
150.4344169288918,214.60428620261413,Gene 69,1097
154.08030413105436,216.2172963666948,Gene 83,1097
154.4687567285388,223.31997146038054,Gene 84,1097
150.68183564174998,214.25694725970843,Gene 87,1097
155.24129429535589,222.18054487858663,Gene 87,1097
158.5006207515857,216.51511372695913,Gene 97,1097
160.32633915536394,214.5826039332498,Gene 29,1098
158.6796281326741,218.5870462078814,Gene 37,1098
155.3372617959477,215.29812332481185,Gene 37,1098
155.17886959927145,217.04947742179584,Gene 40,1098
159.23857099361246,213.02790324977585,Gene 74,1098
161.7027103454926,215.74012761940983,Gene 79,1098
157.75542694302575,220.26718167381412,Gene 80,1098
161.8354906390338,214.00183875390644,Gene 81,1098
163.1379160302419,219.0701899428446,Gene 83,1098
163.45079064995008,213.62561124935718,Gene 87,1098
170.20902738170165,213.99281956416795,Gene 2,1099
170.33490610963995,214.84919657823707,Gene 40,1099
172.55543126517503,220.857635300726,Gene 42,1099
172.18972845649623,214.9290802168351,Gene 63,1099
175.34913008010207,212.13134700567917,Gene 77,1099
180.2424172889384,218.3292647611028,Gene 81,1099
189.3611208610649,220.5608831536238,Gene 22,1100
186.36393043455982,223.69624952588597,Gene 51,1100
185.8108280118587,224.76622326092723,Gene 74,1100
181.86864353491288,222.16778232550905,Gene 74,1100
188.17370629860093,219.21006052789932,Gene 77,1100
180.2513744252124,221.23296097128332,Gene 80,1100
180.0019478486736,219.91475943954796,Gene 80,1100
189.6458863290752,222.6494041750914,Gene 86,1100
193.78527852704804,218.72430356147453,Gene 58,1101
192.07316819200176,218.55005185788514,Gene 80,1101
196.4550313923169,213.63223449628592,Gene 82,1101
192.40992833762803,212.20155465905626,Gene 82,1101
190.40540602472674,216.92273108365086,Gene 86,1101
3.2464232819542818,227.4842636838619,Gene 37,1102
7.902851172915362,232.49784450319115,Gene 51,1102
6.623635767147416,230.13543625784018,Gene 74,1102
2.1217644965230535,227.63075442373412,Gene 75,1102
10.38887373896036,229.31333955449998,Gene 79,1102
11.013949993065541,229.72242242937727,Gene 81,1102
11.093292353672524,232.9780333332701,Gene 40,1103
11.661870122052594,232.82786584869046,Gene 40,1103
14.300218181634248,229.87164439705955,Gene 72,1103
18.573506697306918,234.65356238675136,Gene 74,1103
14.19048793433462,233.463422190059,Gene 79,1103
23.46651071155171,229.040820578861,Gene 37,1104
29.013223777450015,225.79626369589943,Gene 40,1104
23.485527819624647,224.90532227108955,Gene 46,1104
26.91386186572151,226.99186694587934,Gene 59,1104
21.259532100857474,230.453533712218,Gene 61,1104
22.61669455866826,227.3041382158095,Gene 61,1104
23.77647686634862,230.81124775452236,Gene 61,1104
30.306562758496725,227.05318759373128,Gene 74,1104
22.31669053049503,231.3654253195924,Gene 78,1104
29.12750445735336,231.40564270298825,Gene 78,1104
20.833632633244022,229.3047771042614,Gene 79,1104
27.306031979181906,232.65301796234652,Gene 80,1104
28.91141191123553,230.2865738291423,Gene 80,1104
24.921719092783068,223.44211801724626,Gene 81,1104
43.00998722043236,228.43844205734223,Gene 3,1105
45.374938915224206,227.99889772091197,Gene 40,1105
33.91936140243148,229.86576690504396,Gene 64,1105
43.03329211139042,224.57115060922317,Gene 74,1105
44.98612148083151,226.2729716117757,Gene 74,1105
41.951726539579155,233.2709388355886,Gene 84,1105
54.45579579824298,225.28139329537294,Gene 40,1106
49.00542540144435,228.65454790631514,Gene 74,1106
47.38083200792856,228.3913603903571,Gene 74,1106
51.403725300355,223.89856613737228,Gene 84,1106
44.4546508234577,225.9704785161959,Gene 86,1106
43.41994622843427,226.25954418985856,Gene 86,1106
57.9270065795147,232.92708492119058,Gene 28,1107
57.425704199901986,230.52908379525144,Gene 59,1107
63.49660209489621,226.5123978179791,Gene 79,1107
62.46464336627987,227.37727251499516,Gene 80,1107
52.6721330295086,230.35216978070594,Gene 86,1107
54.77472766629037,223.43023049292117,Gene 87,1107
70.72669792609116,224.3205605129397,Gene 22,1108
60.28765802012245,226.0666118472838,Gene 37,1108
62.12344839969955,225.78235841029857,Gene 74,1108
62.62059044915777,226.45805292944715,Gene 74,1108
69.36613618655598,228.08331080054114,Gene 74,1108
63.977289343747145,223.28579307377348,Gene 77,1108
71.13974273772752,223.4707445470556,Gene 80,1108
69.98669083337307,226.34523205923932,Gene 83,1108
63.78739834323371,221.65511747417924,Gene 85,1108
69.26767991481537,224.40374662032227,Gene 86,1108
74.38793623974384,224.37824899820785,Gene 17,1109
76.9844397330323,229.41005509489483,Gene 22,1109
76.88918221053895,220.5364271625177,Gene 64,1109
75.2337308359495,220.46807655438423,Gene 82,1109
75.49380244138955,220.52770937008464,Gene 83,1109
88.58522479665844,226.0360060913322,Gene 26,1110
85.24282163540524,222.50911145758954,Gene 33,1110
87.06985855865862,223.52710458489366,Gene 40,1110
84.26475910587861,226.7371460821988,Gene 61,1110
88.41578439372174,226.77375882262655,Gene 74,1110
86.44110124678944,222.40119420217357,Gene 76,1110
84.90109095430925,228.7434023168633,Gene 80,1110
86.03954561192957,229.0544102388206,Gene 82,1110
84.02889039295168,224.21342986716087,Gene 82,1110
89.01901219356267,223.3469734238498,Gene 82,1110
86.80621856654341,230.31614143610702,Gene 86,1110
98.35508306180824,230.1276440534492,Gene 28,1111
102.4125468348249,228.05638747851967,Gene 46,1111
98.23195727056216,224.90693887668616,Gene 61,1111
95.35834540252644,228.05906448518095,Gene 64,1111
96.70118949728673,223.88889004504145,Gene 74,1111
96.78804333331976,224.90127071839268,Gene 74,1111
95.90456855573154,229.19913475615223,Gene 79,1111
96.14234151698692,224.4815497199775,Gene 80,1111
95.89342825338223,225.87319544076072,Gene 80,1111
95.99361337861934,225.43036267998036,Gene 82,1111
97.48789641986926,224.7321959040743,Gene 84,1111
96.56436120672117,224.89415874757046,Gene 86,1111
104.94991293908645,227.25122150058573,Gene 2,1112
104.9456682811925,229.62246015657337,Gene 3,1112
104.1704454603203,222.7158377166355,Gene 42,1112
104.62176537297916,230.14277230793496,Gene 58,1112
108.65694861383051,223.44072299820732,Gene 61,1112
109.41873963953392,228.67131420712195,Gene 74,1112
105.72538402700711,228.73398188614632,Gene 87,1112
120.80092622773063,223.61462561026713,Gene 4,1113
115.80328511138157,226.97397818848313,Gene 37,1113
121.45679852727088,231.07932286252918,Gene 64,1113
122.07929396177677,224.29905379118998,Gene 80,1113
120.54880989785973,224.20515817922924,Gene 59,1114
131.02017070034543,225.44151279505817,Gene 63,1114
134.17465418766474,227.380805707011,Gene 64,1114
124.34763244441818,231.37364569338945,Gene 74,1114
132.97647989719457,231.09155598576513,Gene 76,1114
135.34453855793834,220.23403833898524,Gene 78,1114
132.99822439234916,226.12521185197937,Gene 22,1115
134.58834114604662,225.52337897689546,Gene 79,1115
136.9596673310069,229.08822894426314,Gene 82,1115
146.7230905704402,220.92953012288436,Gene 2,1116
142.74363209897137,226.37027802996474,Gene 37,1116
150.36414698941388,221.67134157970605,Gene 42,1116
141.07635698912685,225.75148642274584,Gene 74,1116
141.3246683949074,222.41946060898297,Gene 86,1116
144.2541210749222,228.47136034346403,Gene 96,1116
156.2334801405473,224.19339874479928,Gene 22,1117
155.65752578738437,223.37466130271946,Gene 40,1117
160.1556531742666,220.75339618947726,Gene 58,1117
157.46150611964032,219.57009225940857,Gene 74,1117
154.68864781855942,224.76171661772915,Gene 80,1117
158.45227296220534,225.25426014636722,Gene 86,1117
172.81950279205813,223.1550513629052,Gene 6,1118
167.41666392755457,229.9263196195281,Gene 35,1118
167.96237907668217,227.90537668326127,Gene 37,1118
162.89860184786414,227.20276738033098,Gene 40,1118
162.94862701399214,228.2395923450092,Gene 51,1118
171.04497171812864,222.35516154042548,Gene 74,1118
166.87449580971165,221.07815748798063,Gene 78,1118
164.85104027217142,223.22600525418596,Gene 81,1118
165.1652652757516,229.97310601186743,Gene 81,1118
169.2255229325683,228.907936919564,Gene 82,1118
175.3845114878821,232.58193400887598,Gene 22,1119
175.05525527169232,230.6576051752242,Gene 74,1119
175.85216961157332,229.04322579240747,Gene 80,1119
173.1273889692606,231.0404110288235,Gene 84,1119
175.41162444541015,227.64435830780698,Gene 84,1119
189.7662963671802,222.0114637393406,Gene 37,1120
191.99760114661126,229.0293571434313,Gene 74,1120
184.85545953208097,225.79001173806685,Gene 98,1120
207.97699140305605,222.3000282088757,Gene 63,1121
203.03049456810197,223.7117045930365,Gene 80,1121
196.6816015183624,225.09693510173295,Gene 80,1121
207.22733756204119,228.8532098582905,Gene 42,1122
204.63420509538875,230.81131665101563,Gene 80,1122
206.31155017942476,231.3315049714938,Gene 82,1122
0.6327032033157165,229.67853531454344,Gene 30,1123
6.479426370802004,236.00596634803992,Gene 40,1123
7.84575369938665,230.60563402167912,Gene 74,1123
0.1783163700843895,237.51201930210584,Gene 74,1123
7.589076826873535,232.47377738005835,Gene 75,1123
6.108746010259347,229.6587217005912,Gene 83,1123
1.8380596371709812,233.01610343092773,Gene 84,1123
5.0319241021987064,233.9661286473882,Gene 6,1124
7.427702161189821,233.73031496271673,Gene 51,1124
12.430924968132341,233.33129125240274,Gene 74,1124
6.101839506730272,232.68535428449434,Gene 76,1124
4.298732115324968,234.34246440126316,Gene 77,1124
12.721751400948405,235.92606948548016,Gene 79,1124
11.611003062999421,234.27236266228795,Gene 79,1124
9.55483989808092,233.21264747250223,Gene 81,1124
11.242496172785419,233.87939550337956,Gene 83,1124
20.077246821265916,234.5854531677402,Gene 76,1125
20.42417825294363,235.96843936946306,Gene 98,1125
26.61054497636067,234.8196815580479,Gene 3,1126
35.31025993107833,237.96098688193766,Gene 64,1126
27.04385857507074,238.67571732367588,Gene 74,1126
26.145705431865608,238.4764407718106,Gene 74,1126
27.58271807760212,241.29812250450397,Gene 76,1126
34.31252565590637,241.51395427981922,Gene 77,1126
37.28560171088036,236.43018061467504,Gene 78,1126
36.4484242209889,238.48426584094688,Gene 79,1126
36.422158902809876,235.88144480836877,Gene 80,1126
31.182304089093847,233.13018758476096,Gene 80,1126
27.11101003422013,236.12636946216855,Gene 82,1126
28.193444630224093,241.02206055682967,Gene 86,1126
34.910019638253715,239.04852871221337,Gene 22,1127
44.740090222499795,237.46130740309525,Gene 22,1127
37.67298071275256,230.14006031054538,Gene 54,1127
42.14400925618874,233.01748224834895,Gene 77,1127
48.865635418431495,235.75301016577424,Gene 8,1128
56.877891117963266,231.423005721706,Gene 22,1128
45.86072715607974,232.14850442066285,Gene 37,1128
55.98025915871967,229.2184494383594,Gene 74,1128
50.88603095072791,236.95561963716315,Gene 78,1128
55.4068470873002,235.38509064076715,Gene 80,1128
49.18567636207037,233.75369516245104,Gene 81,1128
54.59448882478948,236.39707141293212,Gene 85,1128
65.51588594175547,240.66907324663688,Gene 22,1129
61.07914933274889,236.78741257724786,Gene 37,1129
65.70628924037982,241.64413240912376,Gene 37,1129
61.8553473882527,241.4029153794437,Gene 74,1129
67.66557627096344,238.83069655287733,Gene 74,1129
62.44725678752117,241.40060505622677,Gene 86,1129
56.9433667454496,238.25568516769187,Gene 87,1129
67.6478752982987,240.49598751915968,Gene 87,1129
71.72267161380219,229.6191882092699,Gene 3,1130
66.25423393889307,230.04328225189516,Gene 75,1130
76.0341744918131,231.59081159644373,Gene 82,1130
70.42610113848481,228.75792873816442,Gene 83,1130
70.95305988020387,230.8327754587564,Gene 91,1130
85.92799368278696,237.45670776128594,Gene 37,1131
83.71292760359061,238.58761072685772,Gene 40,1131
83.60562937512279,239.11768827389886,Gene 74,1131
81.60642776614274,238.5355816444113,Gene 79,1131
78.3239265094809,234.0447440635465,Gene 86,1131
90.13818404780118,237.66630600198067,Gene 28,1132
91.55430810414025,235.9365294233638,Gene 79,1132
94.39698100561232,243.02953600518805,Gene 79,1132
91.37659511548851,239.67128752712455,Gene 82,1132
89.3804556333097,241.6698526845035,Gene 83,1132
95.10208818833162,241.97221797987567,Gene 87,1132
98.7676679932402,238.44282633576316,Gene 60,1133
98.02877943256138,237.94579515641342,Gene 75,1133
101.48842005678242,231.0222026808439,Gene 84,1133
111.3889167214004,243.72248767544482,Gene 2,1134
113.4512700538128,241.1222077616127,Gene 41,1134
113.13765516338587,238.47319095853737,Gene 58,1134
114.12481768424487,242.20989366151363,Gene 74,1134
112.33979725401953,242.0420986030401,Gene 75,1134
113.33481881313742,239.21961118576993,Gene 78,1134
103.54312085881412,238.89791431336369,Gene 79,1134
104.27956919467385,237.5916425239248,Gene 82,1134
124.99661932172829,232.32602456529062,Gene 3,1135
130.24533655947621,224.7961870001802,Gene 35,1135
131.86189813428948,229.84315807457406,Gene 74,1135
132.40108666717452,227.90132810419865,Gene 81,1135
132.72240617697244,228.41664263911963,Gene 82,1135
133.32720000191915,236.58501075078846,Gene 37,1136
142.33273055034218,238.6588460442391,Gene 64,1136
135.18747202594642,237.96621910181716,Gene 84,1136
144.19629127265856,234.9220381460573,Gene 2,1137
146.47108628870438,233.03755734791253,Gene 37,1137
144.9882524578303,233.3100702004802,Gene 40,1137
141.595297832883,230.84999697580443,Gene 46,1137
138.2363419100903,236.1838396090325,Gene 74,1137
144.3337621177189,237.19791051077604,Gene 79,1137
139.74295251240926,230.6851240093499,Gene 84,1137
152.82361347930205,230.0497894727294,Gene 2,1138
154.75159183365216,235.791735609407,Gene 2,1138
150.78828547281776,238.31291780002314,Gene 37,1138
148.85881183662184,237.1041240079091,Gene 75,1138
151.37402341728207,229.80381335700858,Gene 76,1138
149.07705710227455,230.85514355771505,Gene 80,1138
163.40642616562195,239.36371692376213,Gene 37,1139
158.8532159125599,232.48261054716937,Gene 37,1139
159.96440391263883,233.82641305687972,Gene 82,1139
170.7547137398508,234.7955074481234,Gene 98,1139
174.38393141013114,240.51561315817082,Gene 77,1140
174.047164556377,237.20659541095358,Gene 82,1140
172.16043281601358,240.31488345183686,Gene 82,1140
173.80403493988214,237.92670306461955,Gene 86,1140
184.46352770363347,237.5628662758992,Gene 22,1141
186.31776242256333,234.0025782674589,Gene 59,1141
177.36877805294452,236.62468458791997,Gene 75,1141
179.87436802874353,232.88381007851052,Gene 79,1141
184.12550346865487,232.31569013230848,Gene 86,1141
184.5649097227529,232.38210278461082,Gene 75,1142
186.97465229964791,238.43079016658268,Gene 79,1142
185.96252631633607,232.20165303578875,Gene 80,1142
193.9539804608959,236.94857020817346,Gene 81,1142
193.21722784392904,233.43900775367942,Gene 82,1142
189.7977072776827,239.8409274221476,Gene 84,1142
187.846822982869,238.08974679755144,Gene 86,1142
198.73087400431396,235.36397513057676,Gene 37,1143
200.58184806141773,233.56390053220957,Gene 75,1143
203.53333199989635,231.3336549270226,Gene 76,1143
207.76356799484194,238.77125670811785,Gene 78,1143
203.22013792169494,238.23588724262436,Gene 86,1143
202.64213336945974,238.70803582985351,Gene 98,1143
216.86723927686106,231.87968207954822,Gene 51,1144
207.90289827411272,230.58688504250497,Gene 77,1144
207.5356483607662,238.0256685458294,Gene 79,1144
217.7257098018803,237.01567684267823,Gene 80,1144
218.48612739015925,236.69055056428573,Gene 80,1144
215.4909297607831,230.66461520655162,Gene 80,1144
209.0838389894421,234.4995745031212,Gene 86,1144
208.44462233931264,234.40830263393536,Gene 98,1144
223.47974381814245,234.97194342342888,Gene 74,1145
226.35918234743596,232.27526765529262,Gene 79,1145
220.13755602134466,228.57937516779134,Gene 80,1145
31.70800851816081,249.26045430242237,Gene 40,1146
29.640860260015526,251.2137809419487,Gene 58,1146
28.30187192245886,247.81814083857748,Gene 58,1146
20.7473753288646,244.6645341968361,Gene 74,1146
26.653308496393393,248.63889775801925,Gene 79,1146
24.400293015797487,240.45686658732572,Gene 86,1146
22.38169739908852,250.5444519677104,Gene 87,1146
29.500482667162274,245.5381711079903,Gene 97,1146
41.85684198534804,249.12727143735427,Gene 37,1147
35.233440302178934,247.20905268617747,Gene 40,1147
37.478320829000445,244.54888116972023,Gene 74,1147
45.213139434430566,240.8936109905535,Gene 75,1147
44.03859502478638,245.16196175985596,Gene 79,1147
49.32089141768498,239.9707844550937,Gene 41,1148
47.87977954787112,247.38045641817246,Gene 58,1148
52.12221060725796,239.69105285071834,Gene 74,1148
45.14444864944496,242.0587974162876,Gene 79,1148
50.19986155225047,246.5744447748501,Gene 79,1148
52.944063186838385,241.95560617512103,Gene 80,1148
52.587554962374384,246.70491886222544,Gene 86,1148
62.73299599453132,237.89413716258818,Gene 22,1149
55.24604326132992,240.46003821786363,Gene 22,1149
61.42579762717279,242.6531292136603,Gene 63,1149
56.743388526511644,246.07004337441776,Gene 69,1149
61.83981944129805,241.07322300631577,Gene 74,1149
59.14562396038057,237.94421538965315,Gene 78,1149
52.44195791515947,242.00735298251226,Gene 79,1149
61.142722440042846,246.45989789647209,Gene 80,1149
54.597309373643405,238.84296821530245,Gene 86,1149
52.95450011304857,246.76537759807178,Gene 87,1149
50.89991791515466,241.90530836188432,Gene 96,1149
70.12944195484836,248.80280773045865,Gene 22,1150
63.18873664605333,246.06082801535268,Gene 64,1150
62.23906855546184,244.76445293237572,Gene 75,1150
65.67821659304533,242.62322560213906,Gene 77,1150
72.17123674860846,247.92118580469918,Gene 80,1150
71.05987341842545,245.42468855587268,Gene 81,1150
62.967969196326884,249.55809820486755,Gene 81,1150
66.18778863726463,251.0282099453032,Gene 83,1150
61.8594950686218,246.034995182078,Gene 85,1150
67.8245857789336,249.28179173817233,Gene 86,1150
63.72010832292304,248.24399265613522,Gene 98,1150
78.27477078096811,241.66499002454748,Gene 42,1151
75.88169420144038,239.978288865799,Gene 74,1151
73.34345555621869,246.59775068334986,Gene 75,1151
87.30246208057872,250.63033584674008,Gene 37,1152
79.81735706621454,247.77076796227135,Gene 58,1152
86.93061518586802,244.80791431166438,Gene 74,1152
83.19670053637572,244.77038461888733,Gene 75,1152
90.20971466054172,246.2360449206378,Gene 79,1152
80.28430812998229,245.05987808057745,Gene 79,1152
84.49903702051333,244.4088818799935,Gene 86,1152
80.06555499796116,246.48438298662288,Gene 98,1152
98.2293117340402,241.26467562032045,Gene 42,1153
97.37857828281955,237.12732030425414,Gene 60,1153
100.060904927742,242.81855876738055,Gene 64,1153
99.30255972100188,243.05446831359112,Gene 82,1153
90.60630603585066,240.968016463627,Gene 84,1153
93.1372369787512,244.34017050382582,Gene 87,1153
111.57942274926808,235.06712673426767,Gene 18,1154
108.3478325696449,240.998684213995,Gene 58,1154
111.59263711132891,238.45970449203674,Gene 74,1154
103.33094841563094,238.6694535845946,Gene 74,1154
101.24386466859082,234.48101539437403,Gene 74,1154
106.29134959062243,231.36315089932242,Gene 75,1154
99.91167076905363,234.61790905142288,Gene 80,1154
110.03932861512095,237.19153887878747,Gene 84,1154
99.78305403156283,237.6959536534259,Gene 86,1154
115.90941671659515,239.57953636960062,Gene 58,1155
119.32937990864863,239.83229466210605,Gene 61,1155
121.7576954079845,238.16113435570796,Gene 64,1155
118.9008511684521,243.3617052984254,Gene 74,1155
123.20965122189168,241.7675050448964,Gene 80,1155
122.93946164610254,240.98398552039293,Gene 81,1155
117.6984925120463,245.39808913970086,Gene 81,1155
117.22496046341874,245.6023483125783,Gene 82,1155
121.97682815747524,244.6095262903913,Gene 82,1155
119.22664876198782,245.75995117348566,Gene 82,1155
123.57641083672402,243.2101803602072,Gene 83,1155
116.69888801343704,241.48413871368086,Gene 84,1155
126.16859690021289,244.67004595293315,Gene 2,1156
131.42844858463118,245.62277696695185,Gene 37,1156
132.44078879809683,241.22955807474898,Gene 58,1156
126.89712766820128,238.02733644887618,Gene 80,1156
135.26624931411968,242.08457698396546,Gene 84,1156
141.78395555402935,241.90203401980767,Gene 2,1157
141.13487920913687,247.30614753886846,Gene 22,1157
140.5596754862103,243.5853556936119,Gene 37,1157
132.93361454655846,243.09364136021046,Gene 78,1157
140.081974718852,237.44684064514564,Gene 80,1157
144.20356470055395,242.18110479032904,Gene 80,1157
137.0494574511433,238.69398729742844,Gene 82,1157
133.71899685500023,241.21143875248347,Gene 83,1157
134.07834396084235,239.92345804618722,Gene 83,1157
135.35154988298558,239.69163420926697,Gene 83,1157
135.9975653812822,237.06762114277376,Gene 84,1157
142.92828279010521,242.22573581169283,Gene 3,1158
149.56369013420675,242.3091212784285,Gene 18,1158
148.79686842398345,241.52047663705204,Gene 64,1158
146.20951867446598,239.81186721279462,Gene 98,1158
161.46221908922075,237.43634707131508,Gene 3,1159
163.43429788784886,238.5079175166126,Gene 37,1159
162.20611332398985,238.99374243992995,Gene 61,1159
156.11023015852663,239.2449674640641,Gene 78,1159
152.85322677930282,237.19452990178428,Gene 84,1159
163.13336216041512,235.6479535859599,Gene 85,1159
166.15320435383634,250.20139469230415,Gene 42,1160
163.83422461756,249.4659162854728,Gene 74,1160
174.69701945242605,243.84629577917838,Gene 74,1160
165.68498308000403,242.16049024440687,Gene 76,1160
171.72647424934976,245.40811262368192,Gene 80,1160
164.38227134605853,243.11103570468464,Gene 81,1160
168.74749380842138,242.96356744086165,Gene 83,1160
166.64767415350812,240.90903100306122,Gene 83,1160
160.5654098330865,245.79434036252903,Gene 84,1160
161.58558102461893,246.72225371089394,Gene 86,1160
176.781065068036,244.56827002255503,Gene 37,1161
179.0136602188595,248.6989603860196,Gene 61,1161
174.8158192398939,244.4001432467865,Gene 74,1161
178.2867153487426,246.90171316023336,Gene 76,1161
175.47362796577187,248.6886238240046,Gene 79,1161
178.1711995103891,249.19392959524438,Gene 80,1161
190.7340026774481,240.5401688377708,Gene 3,1162
186.9120710172592,247.6535491962627,Gene 4,1162
186.46807631315798,245.82549963674884,Gene 35,1162
188.91499018488344,246.79477284709014,Gene 74,1162
186.83895371533805,236.69859065100536,Gene 79,1162
186.2277596978703,237.30993337519655,Gene 80,1162
185.83202917601807,243.68374996494973,Gene 83,1162
187.67619549327512,238.39555108066554,Gene 98,1162
203.17007862342393,247.02110153485162,Gene 40,1163
203.16317322310678,243.67490541590303,Gene 74,1163
196.33072449127835,247.53708723629046,Gene 76,1163
194.09777469060745,237.55413938454333,Gene 76,1163
204.44238232228926,240.359043593953,Gene 80,1163
196.34695872823852,240.14946944519644,Gene 81,1163
193.71435986309768,245.20363400830726,Gene 82,1163
213.61309126417166,240.11995013841866,Gene 37,1164
202.75411891632552,244.52764747308646,Gene 40,1164
210.6630465350657,245.24937546666052,Gene 40,1164
208.41516289969897,245.20516239702135,Gene 64,1164
208.63165147249586,239.04393947174637,Gene 64,1164
213.09297851386432,242.0357289422306,Gene 74,1164
211.993395273321,240.3007157843272,Gene 81,1164
208.31853142032273,238.49311725632444,Gene 83,1164
221.95138264448653,242.3045565546556,Gene 37,1165
220.45927220098386,246.857665446356,Gene 61,1165
219.864464506505,247.255157001939,Gene 78,1165
220.55120679701267,242.5188682365386,Gene 79,1165
220.9668764837248,241.56527293229001,Gene 79,1165
213.5517790627689,242.3244786848177,Gene 79,1165
213.0012124394343,245.58621681552572,Gene 80,1165
222.12596134578322,245.1829573050398,Gene 80,1165
222.94577509699633,242.421444175991,Gene 81,1165
219.14018291846375,244.1593586391185,Gene 35,1166
216.80004404360747,247.1886429228902,Gene 37,1166
229.33323361916644,243.8208411170102,Gene 58,1166
218.07672573301133,244.26768737292042,Gene 60,1166
221.3244895800133,250.1120888936753,Gene 79,1166
227.98463021475348,246.99550860942398,Gene 81,1166
221.49673923872226,241.30593584393935,Gene 82,1166
227.1302030250894,245.28579809602638,Gene 86,1166
222.35292883963254,251.75825329995232,Gene 87,1166
240.72274455666127,239.3956488575262,Gene 22,1167
234.33780324299295,243.33206860014747,Gene 22,1167
234.1647766754475,247.875455738156,Gene 40,1167
239.3135522308943,239.0870496699289,Gene 80,1167
239.05576706497033,239.04589587390865,Gene 82,1167
38.70997921679158,253.91740469940808,Gene 37,1168
43.268332561868775,248.20864653147447,Gene 74,1168
45.93486861263732,255.53653443922255,Gene 77,1168
48.23750923013587,256.2223394029925,Gene 79,1168
41.52022083626315,254.0311977900329,Gene 82,1168
48.135926917862086,254.01484205196186,Gene 22,1169
53.659146445012986,253.72291177526847,Gene 46,1169
47.16610582120185,256.45247742502374,Gene 75,1169
52.072052340845104,254.18591899237512,Gene 80,1169
63.982037528518475,255.82037675912056,Gene 4,1170
53.72673802731758,248.03063282310256,Gene 74,1170
61.77309667841008,248.49472165101952,Gene 75,1170
64.58533250318906,248.96329734275238,Gene 76,1170
63.56303563416603,252.02080098156912,Gene 77,1170
61.80210205463418,248.81891576956374,Gene 83,1170
57.04348627110767,256.1797025384324,Gene 84,1170
64.75721565118681,252.49048405026852,Gene 86,1170
57.67793558704488,256.78275685921454,Gene 95,1170
71.50574090569351,251.96022294844607,Gene 22,1171
76.51658441852997,247.08548314854434,Gene 37,1171
72.2189532001687,254.47291222021224,Gene 37,1171
78.78942260720386,255.77813543093254,Gene 40,1171
74.50386380990791,248.388284860362,Gene 80,1171
77.68421262645337,248.12187358073996,Gene 80,1171
82.06163727857256,255.20028874800352,Gene 80,1171
80.28085630461183,254.6834122442445,Gene 42,1172
78.83905407269845,255.19894674746553,Gene 46,1172
77.47005647025411,252.75446951875546,Gene 74,1172
76.61613029258994,253.62056470596937,Gene 75,1172
76.71970175045644,253.69200435025596,Gene 76,1172
77.64041420604427,252.1132050366617,Gene 80,1172
81.1715391884512,253.07495200705304,Gene 82,1172
77.532335961484,251.65465648801566,Gene 83,1172
96.25457361716533,257.8244281288399,Gene 18,1173
101.90917642215084,251.35751409196718,Gene 22,1173
95.8341657035199,257.6881769944776,Gene 79,1173
88.29094291268382,254.5978826799453,Gene 83,1173
93.74642859323733,250.8871873617479,Gene 83,1173
98.30346029721069,252.38927814388168,Gene 22,1174
99.034335546043,250.0738903629843,Gene 37,1174
107.23692052106148,253.75568487985169,Gene 40,1174
109.32701901441595,249.30415088920267,Gene 74,1174
107.61002354713601,248.90939632351004,Gene 78,1174
105.20771153055499,246.6671418237128,Gene 80,1174
99.98241890214534,252.34692895049432,Gene 80,1174
101.09921501745193,253.8364746900847,Gene 80,1174
105.98665395030301,247.41737202410192,Gene 81,1174
115.93827266893446,247.74236908758448,Gene 40,1175
109.39821287037707,252.44216423404887,Gene 64,1175
111.49335963775826,244.11247668324137,Gene 80,1175
110.2817660967536,244.7696303846137,Gene 80,1175
120.95736176463836,246.7788896186457,Gene 26,1176
120.56781040687937,247.84484433955276,Gene 40,1176
119.35606414677977,248.2289119794706,Gene 64,1176
129.35798947905545,250.45349330781613,Gene 74,1176
126.59437296430332,250.50671002190953,Gene 74,1176
125.46017079544532,248.0274193683339,Gene 79,1176
124.8362857628659,256.3849149497389,Gene 80,1176
126.07912870291872,250.9622179822656,Gene 80,1176
118.75575270125641,256.3580260009036,Gene 86,1176
130.64584206122083,254.74511816141225,Gene 2,1177
131.04295186650603,247.22037770651227,Gene 6,1177
126.11700444668297,254.34763427388773,Gene 64,1177
133.52880948783138,252.18949677447355,Gene 74,1177
128.76967060014897,254.43179866708482,Gene 84,1177
133.0191391979682,249.62640385090413,Gene 86,1177
126.73289944851012,253.17709162382727,Gene 86,1177
126.57126544399577,253.09019631646143,Gene 86,1177
125.73993286795246,252.312452764384,Gene 87,1177
129.97485361019469,250.98666419179247,Gene 91,1177
131.35807674660322,247.8461622709264,Gene 92,1177
138.6149057717711,246.88717151551134,Gene 37,1178
161.77961259952755,254.97330445338068,Gene 35,1179
156.22388448326134,250.98583865541892,Gene 40,1179
160.41114660479576,254.6527468065585,Gene 61,1179
157.14526705054016,249.4028435429407,Gene 80,1179
163.42970034013445,255.57928565712913,Gene 80,1179
159.12217773291587,248.77780185443487,Gene 98,1179
158.1918911736208,248.85425133220616,Gene 37,1180
164.92733797471462,252.8826966142886,Gene 42,1180
166.07798422781758,248.06379646552458,Gene 64,1180
159.59659542078546,248.49000000616155,Gene 74,1180
166.2167933276943,256.65817417035845,Gene 79,1180
169.4110044566795,250.92235488666742,Gene 81,1180
164.4223422240936,254.97259978996303,Gene 82,1180
157.67836561313393,250.30104748439587,Gene 86,1180
176.0900445369295,244.76293665462788,Gene 42,1181
172.5532631957213,245.30103276938442,Gene 58,1181
172.4983848288178,248.85709733645837,Gene 74,1181
174.81593642361366,245.19597410494993,Gene 80,1181
174.1460565228333,249.9541701238939,Gene 80,1181
172.17141160180543,247.27764494709083,Gene 80,1181
173.58780318290866,250.26427465934978,Gene 58,1182
180.49035610011475,250.5484909431763,Gene 58,1182
175.0838063851572,248.437580315822,Gene 78,1182
183.25766906473106,251.20885807780436,Gene 78,1182
186.02436780932067,248.6403520999675,Gene 79,1182
179.97206645391407,252.17864291979092,Gene 83,1182
178.50113410218313,253.77165721784934,Gene 86,1182
193.1846179211259,250.12539964542194,Gene 24,1183
191.63398750569317,255.1665606131459,Gene 37,1183
193.48161772486216,248.5806966684849,Gene 40,1183
185.8460169559274,253.6619521550111,Gene 74,1183
189.06563742999373,250.21885100463538,Gene 79,1183
195.33196519120628,251.4723046597053,Gene 80,1183
188.20629432972993,248.54267399429466,Gene 80,1183
191.08308855658788,247.42302889738497,Gene 86,1183
204.20823881073065,250.0298111433423,Gene 2,1184
202.62305800207398,250.58614280036176,Gene 35,1184
203.9453389582525,256.41205544519147,Gene 74,1184
205.5613502560256,250.53205778327964,Gene 82,1184
207.18833316569552,254.22851390018428,Gene 86,1184
201.00243176786645,250.82885049335005,Gene 86,1184
211.90216200100807,246.78343959204437,Gene 16,1185
212.2717934512251,253.89612526121707,Gene 74,1185
209.5694572457479,253.68179093320938,Gene 77,1185
213.9922872193776,249.47709978549142,Gene 80,1185
210.72923540428235,252.4991714468681,Gene 80,1185
217.26906872398777,247.1786120391693,Gene 97,1185
215.5216195460656,248.76816315150353,Gene 18,1186
221.1494014852307,255.11499308429848,Gene 46,1186
227.49254050539793,253.34556405111508,Gene 77,1186
218.47552249581696,256.75771622181105,Gene 78,1186
223.54416937200608,249.68353111486732,Gene 80,1186
224.04898894648773,255.3422587894778,Gene 80,1186
224.32979375858432,248.43858834809976,Gene 80,1186
220.68014627351934,256.40561458948054,Gene 82,1186
222.72848984317682,254.57262309407216,Gene 83,1186
235.28346307590488,254.39453350572222,Gene 3,1187
228.396400751634,252.51968179190305,Gene 74,1187
231.2072985988112,254.4469530309898,Gene 80,1187
238.437676582338,255.43831651657004,Gene 37,1188
241.73156849412848,247.08508696749826,Gene 42,1188
242.37082452292617,248.9163416174075,Gene 58,1188
238.83873022779332,247.4486687501945,Gene 75,1188
237.25597497255205,257.00722219103335,Gene 80,1188
241.7570606713158,247.7458561588159,Gene 87,1188
252.89570192650731,251.43326352033574,Gene 37,1189
253.23256070004012,244.0177516767333,Gene 40,1189
255.602114829577,252.09198411749009,Gene 58,1189
250.63411100660076,245.22092796681773,Gene 58,1189
250.33178163959423,252.44240451051434,Gene 80,1189
253.32327860859013,253.8700335354785,Gene 80,1189
254.93644262656488,244.53920905809727,Gene 82,1189
251.40401042671195,252.2636522233523,Gene 86,1189
59.19354834393467,261.92971207764003,Gene 78,1190
64.04849883377878,263.57139550796916,Gene 84,1190
58.93806900900246,258.22492168035296,Gene 86,1190
65.95746927934871,261.4581555151097,Gene 86,1190
70.67850239658294,261.03471649552347,Gene 2,1191
69.03835097875974,264.609573980306,Gene 22,1191
78.56466163164306,263.10160974999036,Gene 40,1191
73.25621680247899,263.07464738899745,Gene 77,1191
71.86575093747092,264.35102070009765,Gene 78,1191
77.13990107111168,257.38532977837406,Gene 80,1191
72.39493249842421,257.06920474228355,Gene 83,1191
68.08226501133912,260.93128616322565,Gene 83,1191
68.76916301239102,261.5594663986326,Gene 2,1192
76.65864311359957,260.8468055884068,Gene 22,1192
74.69290116014216,265.9973190661305,Gene 37,1192
69.14249837582706,266.4364922631853,Gene 37,1192
75.85245902967672,260.6533401300046,Gene 64,1192
75.65733555665406,265.5874223621049,Gene 74,1192
68.94341131138079,264.60167398689515,Gene 79,1192
75.58270559880887,263.1856099922979,Gene 79,1192
77.87293155374914,264.6849243266254,Gene 79,1192
69.62073156289088,267.00826676982194,Gene 80,1192
69.32195661035377,266.3385794449759,Gene 82,1192
93.03391418716257,264.88096349292994,Gene 58,1193
87.05507717606164,261.7598033453784,Gene 58,1193
91.6093246761765,259.1426364980688,Gene 59,1193
84.76075491363434,258.9599298679651,Gene 63,1193
88.13692235536064,264.5143009170372,Gene 74,1193
92.23093263944057,265.52302644703605,Gene 74,1193
87.31680518599998,261.2002955862074,Gene 75,1193
85.35608354703484,258.77562379409534,Gene 77,1193
103.9385997930844,261.4329287623378,Gene 18,1194
104.5584143908966,262.23025297440154,Gene 40,1194
100.72032602828152,256.5216361720256,Gene 42,1194
101.20976382005118,262.4864628053431,Gene 74,1194
98.59740205128071,262.67353763343795,Gene 79,1194
96.85042825411163,260.46878601365364,Gene 80,1194
102.48038238618577,256.97874241327355,Gene 82,1194
97.74062022174138,257.8273219286004,Gene 98,1194
113.62450966857539,258.9261520794734,Gene 58,1195
112.88617879406893,260.05901794541614,Gene 63,1195
110.98077672763414,262.50773343703577,Gene 64,1195
108.39827317986446,261.5840580607865,Gene 82,1195
105.67928554571834,258.0649652682954,Gene 86,1195
118.22340919780791,255.71988979888496,Gene 37,1196
120.20573969570887,257.8419880234487,Gene 60,1196
120.60701297743248,256.9910357810367,Gene 64,1196
124.68447038390065,260.9167093895332,Gene 74,1196
123.45151369505906,261.80067460258005,Gene 79,1196
112.06766966089972,259.31031248047583,Gene 79,1196
111.7741835380209,261.3984129452513,Gene 79,1196
125.59606289050349,259.9746293101383,Gene 82,1196
128.79168631771108,261.27638333267623,Gene 74,1197
130.04287252629678,256.4587515494137,Gene 76,1197
127.35310962822759,255.01642412513323,Gene 80,1197
128.0556100423831,255.97248575414582,Gene 80,1197
132.95105985585943,258.1083284452959,Gene 81,1197
131.67445308047147,259.5754565178226,Gene 84,1197
125.98529735348114,260.0635915728329,Gene 86,1197
136.49298465607976,259.4719310698061,Gene 2,1198
138.06248163154183,258.511448480729,Gene 3,1198
138.6475468575642,259.1941800694159,Gene 59,1198
135.4074458835323,255.278511832578,Gene 61,1198
137.21818131081432,260.6435774481981,Gene 64,1198
139.31735687934722,257.09458574328465,Gene 68,1198
133.14881805383558,255.09560268746398,Gene 79,1198
131.6979699140089,255.69105933979418,Gene 80,1198
136.37526281994474,257.95911646054464,Gene 80,1198
149.50243558510002,257.5409884600006,Gene 17,1199
153.47598240746237,253.597289328073,Gene 40,1199
150.84609202481147,255.58396564594858,Gene 61,1199
151.38177042334067,260.2494505630907,Gene 79,1199
155.4371004422789,257.01964832815975,Gene 80,1199
150.70733963896038,252.52874207021415,Gene 81,1199
161.51751232252957,261.1350008041718,Gene 74,1200
155.98035941703995,264.14188946460206,Gene 75,1200
161.02127953818544,254.64153967860324,Gene 79,1200
153.83492536622484,263.7746834124681,Gene 80,1200
156.07523382295142,260.18891472464435,Gene 82,1200
161.07012140892996,254.95125994317684,Gene 83,1200
152.0922924257298,255.0277418885189,Gene 83,1200
167.4178229432534,260.5470442782317,Gene 42,1201
165.03083707504402,259.5877451655377,Gene 74,1201
168.94161966596602,259.66055123386025,Gene 74,1201
171.71224340384225,260.9488438429739,Gene 76,1201
168.0009367757344,264.7370805692956,Gene 76,1201
164.98577428096615,260.54716585228726,Gene 79,1201
169.47836284581652,262.9428556482329,Gene 80,1201
168.90983446835503,265.30055195855493,Gene 81,1201
170.02858423205353,260.3032516733443,Gene 84,1201
167.6390003996729,259.0240637951999,Gene 84,1201
170.5576666546308,258.7438096050949,Gene 86,1201
178.69679034659015,265.9642545707784,Gene 40,1202
179.48227335987414,267.12759959915365,Gene 41,1202
171.02362069909515,261.4693853775343,Gene 46,1202
175.82630980999852,259.1802702009473,Gene 74,1202
172.58970546810423,263.40630906813584,Gene 84,1202
186.5830435342031,256.9593486523026,Gene 2,1203
184.77834672266087,254.61916752575877,Gene 22,1203
186.58372597050874,254.07144923819723,Gene 74,1203
191.37712853722937,259.2941391517695,Gene 74,1203
184.41546933909547,258.37706706223196,Gene 75,1203
192.66961658562582,264.59261085591584,Gene 74,1204
192.3477675610085,260.726553793789,Gene 75,1204
198.6888742457364,264.2737103780332,Gene 77,1204
209.98220997389598,255.24315235679288,Gene 37,1205
201.56936752615107,262.9540089375654,Gene 40,1205
203.9432415732779,256.7416295027679,Gene 61,1205
203.40131946138055,257.3879464089021,Gene 64,1205
201.3675375309164,258.930158110452,Gene 75,1205
202.60755761503617,262.0442832202622,Gene 84,1205
211.74535421864755,260.99978327731804,Gene 87,1205
215.52918545046666,261.78570465753364,Gene 22,1206
217.69258334780704,259.1867501506097,Gene 74,1206
223.8992137543463,259.90820345378785,Gene 76,1206
215.56491239682046,260.91279370804443,Gene 80,1206
221.39799962693513,263.9607264273642,Gene 2,1207
223.464776025772,260.0848311884165,Gene 40,1207
224.12508005788948,263.1594031095438,Gene 76,1207
224.10216962186442,266.3170618437658,Gene 80,1207
227.8800699053982,260.0917521166104,Gene 84,1207
236.46566655034766,252.51495796710535,Gene 42,1208
233.73638561967815,259.0758563758811,Gene 74,1208
240.73116482133364,254.94595246326287,Gene 78,1208
242.41032243511788,264.35055003932916,Gene 82,1208
233.61890422254857,262.01397269738703,Gene 84,1208
249.46112412448852,258.05614968895685,Gene 61,1209
248.5579605181323,258.6331307232803,Gene 64,1209
248.5187460973279,259.58704539879295,Gene 80,1209
251.30769284259082,265.8514116485331,Gene 84,1209
247.9907650537323,265.0137060374169,Gene 84,1209
253.8969564150468,264.30553107784203,Gene 85,1209
256.7160728529582,263.2914635186549,Gene 75,1210
264.0674681250589,262.0549451075741,Gene 78,1210
262.32683276395494,258.6222613605965,Gene 87,1210
265.68514291566174,261.8196434687522,Gene 2,1211
264.899544625469,258.65797022119773,Gene 40,1211
267.92894470957,265.0628991218804,Gene 74,1211
75.00887269176572,274.2994106283194,Gene 74,1212
75.37379655721219,272.8664325769954,Gene 82,1212
81.32687883035102,269.25717090161504,Gene 37,1213
73.91605453243588,269.9618389781808,Gene 40,1213
79.86882123906862,263.0500286168879,Gene 42,1213
83.03743701695194,264.588264676614,Gene 74,1213
82.06244847875597,268.1938872706288,Gene 77,1213
79.8789823442225,270.64428085388965,Gene 80,1213
78.91013722259135,263.2105458979557,Gene 80,1213
76.25733384727769,269.16977660970343,Gene 80,1213
74.23342513632616,268.4302750444323,Gene 86,1213
79.71444492978533,266.1165545077759,Gene 87,1213
101.79981632152462,275.32375021867335,Gene 22,1214
102.29341703559672,271.2106971531735,Gene 78,1214
97.55653706249346,277.51346978550896,Gene 79,1214
95.04780308215231,269.00881307269105,Gene 83,1214
100.33773400629062,268.5593770657507,Gene 85,1214
104.49115849582634,271.37009862887857,Gene 3,1215
107.89546390932637,269.7491059383143,Gene 22,1215
108.10363864566224,274.759802459229,Gene 41,1215
103.34774735812204,272.11764519801534,Gene 64,1215
103.43564179284041,272.27632288253267,Gene 74,1215
106.02301766069422,270.22715361996694,Gene 80,1215
116.23653230235197,266.2749789857669,Gene 2,1216
113.79909543216377,262.4731140438061,Gene 18,1216
114.87921280535238,267.49029963045524,Gene 46,1216
114.49474296706234,266.7889008308819,Gene 46,1216
109.69967571539499,263.92053756986627,Gene 74,1216
110.31143972902925,265.68658467234985,Gene 79,1216
121.55030745136361,261.62458986450144,Gene 30,1217
127.42257236366324,266.69078238220646,Gene 64,1217
117.8557695258235,268.99805432338076,Gene 74,1217
116.51806743969287,265.78793582178747,Gene 77,1217
117.04083539781345,265.20736939333517,Gene 83,1217
127.23719422013517,267.87119438511246,Gene 96,1217
135.3086438555252,272.49043571275706,Gene 37,1218
132.65209352887132,264.3386463062174,Gene 42,1218
139.33932776775106,267.4502884715507,Gene 74,1218
131.81792786671343,272.92430453173387,Gene 74,1218
136.5789740061518,264.87869802849553,Gene 74,1218
130.07516634544086,271.56504639112785,Gene 78,1218
132.31647665400544,263.50734436645865,Gene 83,1218
133.42309941897568,268.1743849915363,Gene 26,1219
145.95852706789867,267.46269537601137,Gene 37,1219
133.42855640988918,268.66599655865116,Gene 40,1219
143.44906614471319,264.9930545854261,Gene 64,1219
137.90489755384368,268.22158232384027,Gene 78,1219
144.6845201226973,266.94451867931303,Gene 79,1219
136.35462817706198,266.3847315794187,Gene 87,1219
151.80789726037455,270.9641776088327,Gene 74,1220
149.4149397023537,276.36712181782815,Gene 80,1220
152.78055786216174,276.4617438873464,Gene 80,1220
152.41254496706256,275.69644819518754,Gene 81,1220
146.95971521477432,270.68613513471234,Gene 82,1220
155.37226476171415,272.0953187473126,Gene 82,1220
157.81678443359417,275.5053438208974,Gene 2,1221
158.00489225260142,270.36172375167627,Gene 2,1221
159.44002318971707,270.44445572979384,Gene 64,1221
163.66261750523918,271.7913657290087,Gene 77,1221
159.1229339122287,275.844526449112,Gene 79,1221
159.64563308707358,271.2286775354823,Gene 80,1221
157.80546318640083,272.75203102785184,Gene 83,1221
171.02044003205924,277.0091325176422,Gene 24,1222
172.45706483769158,274.95138675327,Gene 37,1222
171.04281468544713,273.84071201443936,Gene 74,1222
176.1253503286195,275.81173226179783,Gene 75,1222
176.64906318837077,275.7301741402665,Gene 83,1222
172.98614922663285,271.50995357968077,Gene 83,1222
180.0827155963532,269.81566036379854,Gene 22,1223
179.00411929660615,265.38124334739945,Gene 37,1223
180.40083789127002,264.8488270455481,Gene 58,1223
176.445690196156,265.93085789028584,Gene 79,1223
179.78514208309534,270.4038608016076,Gene 79,1223
176.0687547116802,266.21449640263967,Gene 84,1223
187.6773185533921,264.18756040527074,Gene 37,1224
192.92192144127597,263.6234841546841,Gene 58,1224
190.94218902551535,266.572262962129,Gene 81,1224
203.2115687584997,265.57333542104953,Gene 2,1225
201.87741271423852,265.4315122823481,Gene 2,1225
202.95143394079938,273.56853719401136,Gene 74,1225
197.7005067230412,271.4644832149976,Gene 74,1225
199.79806941465253,266.4667565183649,Gene 80,1225
198.50926184548257,272.340437895704,Gene 80,1225
206.87920910894368,270.56681725235643,Gene 81,1225
200.7324436222534,274.28896437289745,Gene 82,1225
211.0128665230075,263.2032624958893,Gene 46,1226
204.39924794359786,269.11527520211143,Gene 75,1226
202.64379594422041,269.29189569954224,Gene 76,1226
205.85007047183322,270.3601577895185,Gene 80,1226
201.24032499008663,264.6995219441391,Gene 80,1226
213.1610600094517,265.0324760285673,Gene 83,1226
211.0363673260414,269.6675378724967,Gene 83,1226
205.99855450410715,261.54865656802247,Gene 86,1226
231.58439476987846,273.9804101458387,Gene 6,1227
222.8859072595763,269.8178322490499,Gene 6,1227
220.15395584476286,271.1964318273059,Gene 22,1227
225.43050594774007,268.75309859564493,Gene 40,1227
223.00950572529757,269.7723938914439,Gene 74,1227
225.1468247121607,268.29937168371686,Gene 77,1227
226.05107620558485,275.5877336092684,Gene 80,1227
221.94619785889694,268.4787582362537,Gene 81,1227
220.35232531167333,272.4844669825253,Gene 86,1227
227.2270905170472,275.8709374021322,Gene 97,1227
233.57138980086907,267.94294476859477,Gene 22,1228
238.60329602584616,271.77493690141256,Gene 61,1228
238.47715384817997,264.24733354684355,Gene 76,1228
233.3391478852958,271.8755591056438,Gene 79,1228
230.38476356169267,268.2187310897691,Gene 82,1228
248.98079640321265,271.96341594214164,Gene 37,1229
252.4896983332139,267.94884000834946,Gene 74,1229
246.13910249311343,274.34013994408025,Gene 74,1229
253.20535777317517,271.67797611951903,Gene 77,1229
245.60567698190903,267.7256404876979,Gene 79,1229
248.23586994370683,273.79277426584554,Gene 80,1229
251.71033713015126,268.63857949533286,Gene 80,1229
250.53674299091776,270.3471905210269,Gene 83,1229
246.09800868180272,266.1620095492203,Gene 84,1229
241.05046304912824,270.41667638804677,Gene 84,1229
244.4502797593003,267.56084432843096,Gene 87,1229
243.1808291345427,273.05124487629695,Gene 87,1229
247.62084502225417,270.318194004318,Gene 46,1230
259.4113113636084,269.20439225452265,Gene 64,1230
258.04833974082385,274.5711280545573,Gene 80,1230
258.28001562186495,271.61596433471726,Gene 80,1230
247.06704665975428,271.6490934084595,Gene 80,1230
260.9469993277684,270.9187272208543,Gene 83,1230
250.31139720196146,275.2127467554632,Gene 87,1230
260.58584157920325,270.7424441864104,Gene 98,1230
256.3879564500611,263.4072593514579,Gene 61,1231
259.81979593883426,266.0828652189406,Gene 64,1231
265.92077254979466,270.05286891802905,Gene 74,1231
261.7095230061658,270.9573721792115,Gene 79,1231
265.31479938687767,270.7233051947597,Gene 79,1231
262.7403532011038,262.01018028245403,Gene 79,1231
262.8482820981865,262.8701741563215,Gene 82,1231
274.6254906427632,268.7979810105579,Gene 64,1232
276.67282064629245,267.71201479341266,Gene 64,1232
273.279554604698,274.1687979484064,Gene 75,1232
270.48985328146586,275.7634887563935,Gene 79,1232
269.30961806323825,271.5967452522724,Gene 80,1232
273.5782417610541,269.7831183874544,Gene 82,1232
276.8145766193151,268.03833530748744,Gene 82,1232
279.34172069719347,263.68122505275244,Gene 51,1233
281.3613507703872,264.476497611882,Gene 58,1233
278.94609221567885,267.65538090559716,Gene 79,1233
277.74809419415465,267.23138413792543,Gene 81,1233
279.82992608526735,264.97611044252477,Gene 83,1233
285.3411797315351,264.8634207193506,Gene 84,1233
86.97763559162128,274.71970398237863,Gene 37,1234
87.6512434252399,273.06674393472053,Gene 79,1234
87.00308427222464,279.6113649875312,Gene 79,1234
92.82689874380435,280.33670109067043,Gene 80,1234
83.10577645334985,277.8284293410948,Gene 80,1234
84.3894458866199,273.7552767901746,Gene 95,1234
98.05761060605636,281.07031107545924,Gene 58,1235
92.29691658237911,276.9016855575755,Gene 64,1235
98.09705807799344,277.07801575898714,Gene 74,1235
101.2739757876293,281.57781008594685,Gene 79,1235
97.42408446622687,273.1227515204478,Gene 84,1235
99.79529582210961,273.5466632608478,Gene 84,1235
94.38710486183022,276.79257415908495,Gene 86,1235
104.57811512489859,273.13687486248176,Gene 3,1236
111.93304105997906,276.9214522501991,Gene 46,1236
112.04917693449265,277.69413590367793,Gene 80,1236
114.01851778530742,276.3148156051429,Gene 28,1237
113.70969739026532,276.6078839631828,Gene 37,1237
117.06039293384144,273.9514408810134,Gene 79,1237
113.38761326232428,279.2030824067242,Gene 79,1237
122.30726643957688,276.88385812156037,Gene 82,1237
116.47891340138224,282.433399191235,Gene 98,1237
125.60288491075332,269.938209194011,Gene 8,1238
123.28141554089679,274.63164334457673,Gene 35,1238
125.15912102724829,276.7612576489199,Gene 54,1238
126.00512506485767,271.10254846003994,Gene 76,1238
143.0158841113277,280.43476575677477,Gene 8,1239
142.22596070488353,275.8314043595545,Gene 22,1239
145.44498826304527,278.94067779457765,Gene 54,1239
137.78064341543708,280.7690448095717,Gene 74,1239
134.81557778516077,279.40693523673104,Gene 78,1239
134.44723454338316,280.95230055462156,Gene 80,1239
139.4731191416853,276.9459949508493,Gene 83,1239
140.11217056749965,284.0818395553214,Gene 97,1239
137.56604047073574,276.66093951365747,Gene 98,1239
149.92517133334468,275.00620236216076,Gene 40,1240
155.50100998094163,276.2749150645085,Gene 79,1240
147.44443910911463,274.20954814077203,Gene 80,1240
144.82520139815023,276.80366070115065,Gene 82,1240
145.92765723941702,277.400364467294,Gene 98,1240
152.84594332793375,280.48661317295705,Gene 2,1241
155.48522946468597,284.231269589792,Gene 18,1241
153.6923651846863,286.03925344729157,Gene 28,1241
152.181313339212,284.65996832639075,Gene 30,1241
159.71835492891873,287.1370427584012,Gene 80,1241
152.5882794190481,285.5283680295304,Gene 83,1241
158.32887630809918,283.918977068451,Gene 83,1241
155.76138304023158,274.969242644096,Gene 85,1241
152.24589723486764,282.83267154778895,Gene 87,1241
170.90272557393064,278.74329811939566,Gene 22,1242
164.2211101342096,273.9601198421263,Gene 37,1242
165.5772628219215,273.8473216727466,Gene 41,1242
171.6842051114797,276.14358543222835,Gene 64,1242
163.27701352349183,278.3687572725869,Gene 80,1242
169.4255959951694,274.1566426304722,Gene 81,1242
164.5790101174996,276.43463893383336,Gene 82,1242
165.58738512496004,280.2719251603268,Gene 82,1242
179.54312210639003,275.7628523055347,Gene 22,1243
172.92954032497238,280.21939670755404,Gene 37,1243
177.07944280836713,274.8646486728893,Gene 46,1243
180.23370529519727,276.9721234507695,Gene 58,1243
171.087342471181,281.36941936306425,Gene 82,1243
175.43870243496727,275.3643389182077,Gene 83,1243
175.75980643244588,274.562548072936,Gene 83,1243
180.25003958513,279.35816774086146,Gene 86,1243
188.58653712672665,283.95039468014664,Gene 28,1244
193.41433501417063,278.22693569600546,Gene 28,1244
189.75619469668334,274.9016031085099,Gene 54,1244
194.09490026279767,278.4643480399964,Gene 74,1244
183.87833780937868,277.24349108122266,Gene 74,1244
191.8824937319823,283.8711224382261,Gene 75,1244
194.87710195251958,280.19089200950197,Gene 75,1244
184.96233143529207,276.8922948962798,Gene 79,1244
188.09072927684306,279.0557517399054,Gene 86,1244
194.34028137317839,275.37740764025517,Gene 40,1245
196.43488371161737,275.4371716856309,Gene 42,1245
199.38317361435742,273.8329092316806,Gene 79,1245
201.3675204839588,274.6989318193513,Gene 80,1245
198.74234815112368,273.5778733848604,Gene 84,1245
200.1516213184537,274.00225456249734,Gene 84,1245
196.8096014978119,277.29459142383325,Gene 86,1245
197.84192932862575,273.60570623901293,Gene 91,1245
197.67808484995993,277.2611788087957,Gene 98,1245
203.68162561578143,284.6715477492076,Gene 64,1246
217.18232356539673,284.62559301982736,Gene 74,1246
211.94670504742396,281.6251316797248,Gene 74,1246
213.9483091821721,289.85418799383376,Gene 78,1246
210.47784609115567,279.9364539295121,Gene 79,1246
209.0845259317079,282.08866090401034,Gene 80,1246
207.06094087755514,284.4039258273875,Gene 80,1246
209.98222065068452,281.95821965347676,Gene 87,1246
213.45124692460953,282.6717749562688,Gene 87,1246
220.24042140483073,281.1344062554016,Gene 24,1247
217.66281687791977,280.4483227412165,Gene 40,1247
214.28540618456475,277.3324071587577,Gene 74,1247
217.17451892963533,275.1175384925311,Gene 74,1247
217.32579287609826,274.8973415251712,Gene 74,1247
217.93241768605546,281.71348387861343,Gene 75,1247
221.24765904806387,281.01641778195096,Gene 75,1247
218.32686692492067,282.1793476158612,Gene 77,1247
226.57385379338902,274.5283502987995,Gene 26,1248
229.36989617567886,276.15989966835303,Gene 37,1248
226.4476973366276,273.59300739917035,Gene 40,1248
231.55486115757577,274.72074460072577,Gene 74,1248
229.12180044428436,276.7154670905326,Gene 79,1248
227.658478602959,272.39317340204815,Gene 80,1248
228.84151891677175,279.59836208627553,Gene 80,1248
227.64453761528273,272.881660356563,Gene 82,1248
233.6818557088117,276.957711367256,Gene 2,1249
239.2403096883032,277.4617541328994,Gene 18,1249
240.48519853046128,281.60463181890054,Gene 54,1249
238.93358974735378,277.4705518608631,Gene 79,1249
232.14168444905363,278.28532881997626,Gene 80,1249
243.6641339511158,282.9799941297227,Gene 2,1250
246.09725937385122,281.41178955828786,Gene 22,1250
242.03300989649446,278.1710011723779,Gene 42,1250
245.43930485038783,277.11767115371924,Gene 74,1250
242.53980862582827,283.1605876758942,Gene 77,1250
239.1471115916596,280.4885968553331,Gene 80,1250
247.00773827905036,284.0070830584312,Gene 82,1250
248.43702800055968,284.29578729466596,Gene 86,1250
254.82045672642272,284.97977386473497,Gene 18,1251
262.7419223086914,280.5763296687451,Gene 74,1251
258.49707624894234,278.3649869264129,Gene 79,1251
272.08913940638587,279.60800996266846,Gene 40,1252
268.3680452737495,275.1312007104978,Gene 42,1252
267.21384637769,277.3549347970633,Gene 65,1252
268.8291226456135,279.43147133955415,Gene 85,1252
278.5657189152507,276.63281626477266,Gene 41,1253
290.1307026864917,277.7118345246979,Gene 74,1253
278.5009069056497,279.34861583031267,Gene 74,1253
279.36939075291957,280.0536238573274,Gene 75,1253
287.71740927893336,279.42156530645354,Gene 80,1253
285.29640438615627,278.76385715009144,Gene 80,1253
280.0928377560591,271.5272746795105,Gene 80,1253
289.8145604627419,274.69894783042616,Gene 80,1253
286.56013558294916,273.92813075630886,Gene 85,1253
296.1652308773419,276.2930571802089,Gene 37,1254
293.32816292495613,271.62427854950835,Gene 74,1254
293.5695942583018,271.445671970913,Gene 75,1254
290.98720637611405,272.35903014467743,Gene 81,1254
298.431819293912,277.3685200243465,Gene 84,1254
303.23507246780514,281.75925706977927,Gene 2,1255
295.86988766989026,276.79804082166453,Gene 74,1255
307.090350835416,280.15825769652224,Gene 82,1255
98.22097685084148,285.46718298592555,Gene 22,1256
101.15700524633554,284.9043571409991,Gene 58,1256
94.55543269517021,287.9141229088971,Gene 74,1256
102.25764555774505,288.933007021049,Gene 76,1256
102.7877571586802,287.72506392928216,Gene 78,1256
99.39432672687767,285.96664128183176,Gene 79,1256
99.6419529317863,284.97822128401486,Gene 81,1256
99.43236593583357,292.34093739387095,Gene 83,1256
102.63779690382384,289.1509703629027,Gene 84,1256
94.6761126806433,287.4949049582492,Gene 84,1256
110.5207778086906,287.52043201348687,Gene 64,1257
111.04654071826702,287.7330804010969,Gene 74,1257
118.81448581079407,287.5808497822762,Gene 74,1257
113.58516846695183,280.77930964632327,Gene 80,1257
108.60513676858102,287.176997730295,Gene 80,1257
113.59781799932637,280.78736788458923,Gene 81,1257
128.28703720245215,290.2067554203772,Gene 51,1258
123.59277089358667,290.147059544141,Gene 84,1258
136.0997213304536,290.15546435248405,Gene 19,1259
135.73692120039436,288.8647703393837,Gene 37,1259
133.87058342810045,282.87709647992034,Gene 46,1259
135.61703000312676,289.5189285906969,Gene 51,1259
131.5790670835528,283.55405127183093,Gene 58,1259
128.0431500599079,286.7439024138356,Gene 65,1259
133.05176508736756,281.67767592267,Gene 74,1259
142.29039369905266,284.0852930481709,Gene 74,1259
140.59660040371622,285.8218235810645,Gene 79,1259
131.9031893802578,281.931792380544,Gene 83,1259
131.68286598004408,290.05413179177884,Gene 84,1259
128.0170098638376,286.95467129104844,Gene 87,1259
146.1681148537357,289.765033644301,Gene 2,1260
136.00056988382988,287.91945551467165,Gene 58,1260
143.70118250096021,290.7048060844006,Gene 74,1260
136.4941533192755,288.9143198147824,Gene 82,1260
144.29415423496982,288.3126582611771,Gene 95,1260
154.40717997067733,280.1356331528648,Gene 74,1261
158.78882127702022,283.1736044008194,Gene 79,1261
159.04401570747447,287.70578627153293,Gene 79,1261
151.75610780719012,282.6459079082667,Gene 80,1261
158.51619462770336,286.18520221334757,Gene 80,1261
157.44090738891015,283.4023133787323,Gene 98,1261
165.68988085589575,285.675253976889,Gene 40,1262
156.58562060126954,278.43084959442785,Gene 51,1262
163.64647080015806,286.08694447985823,Gene 64,1262
154.4355666773648,285.32726312538847,Gene 74,1262
161.54927204504762,286.89903013811914,Gene 81,1262
161.69187806189487,288.75144501120025,Gene 82,1262
172.43283245966532,286.8659664999286,Gene 17,1263
165.50297565599428,289.4315418995198,Gene 37,1263
165.4872084918078,288.8833218776182,Gene 40,1263
167.7065627036882,285.94666917889197,Gene 74,1263
167.00433974910865,286.8699832834151,Gene 82,1263
190.50145530315876,290.524182199754,Gene 64,1264
190.0580746483314,283.5434416266276,Gene 74,1264
188.6611459973283,292.372733372163,Gene 79,1264
185.16662251141568,293.98937690023297,Gene 81,1264
192.32373108729539,292.32499783392444,Gene 84,1264
185.2669461993081,283.132077981922,Gene 86,1264
188.07703212605537,287.136179307639,Gene 69,1265
197.21429333801626,288.34123229657064,Gene 85,1265
200.27701800540788,284.381275044481,Gene 6,1266
201.44025726264329,285.6107837584271,Gene 22,1266
205.55965520723072,286.6362574999904,Gene 35,1266
201.33011243825922,285.812374242705,Gene 79,1266
198.7045078772712,292.0046445195906,Gene 86,1266
195.93265328683506,289.76127164845855,Gene 86,1266
211.48291484701997,291.90144447419937,Gene 2,1267
219.60210742026774,283.37895641374325,Gene 5,1267
216.0272043670227,290.812102924497,Gene 37,1267
211.29264393529422,281.6984537382763,Gene 42,1267
215.85342558541825,292.39216924280527,Gene 42,1267
212.00751484101193,285.06074371241954,Gene 58,1267
208.52766719919376,286.66843735645847,Gene 58,1267
221.86460848670043,285.1088853241928,Gene 75,1267
219.70047298972236,290.19386035983683,Gene 79,1267
218.28435912858055,290.3812660524454,Gene 79,1267
216.8158043317986,292.3556789708292,Gene 83,1267
223.71257235528853,289.29656323040103,Gene 18,1268
228.6653228003252,283.44034387613516,Gene 22,1268
228.3221052164575,281.7839150581528,Gene 37,1268
231.49211260558513,285.9672242992104,Gene 51,1268
220.8562319539888,287.5262867136985,Gene 75,1268
229.8267572991117,284.746800635854,Gene 78,1268
230.92442205848232,290.015312996975,Gene 83,1268
229.5626943491149,281.77525337181515,Gene 84,1268
227.97564131897857,288.82819119685297,Gene 2,1269
228.06035809008128,298.2807242220462,Gene 22,1269
234.01621636385246,297.1589266066883,Gene 41,1269
226.5849247919108,294.7296675596281,Gene 64,1269
230.27634112955468,288.066701928839,Gene 81,1269
237.132706167563,297.0695274176526,Gene 83,1269
239.05501803514673,295.26656991201185,Gene 86,1269
226.74814799331088,293.2462288308131,Gene 98,1269
239.3691938769754,280.59008394135475,Gene 40,1270
241.97392794184174,289.8324311954195,Gene 40,1270
235.029778652992,289.58778772634815,Gene 42,1270
236.43504935897573,289.13610257170217,Gene 69,1270
244.41843811502534,283.1109152106227,Gene 74,1270
238.7201498240821,280.738896204243,Gene 74,1270
250.01454711542772,288.7504594440476,Gene 3,1271
255.77739143334443,283.7205917647082,Gene 74,1271
252.01868420162222,292.276519394819,Gene 74,1271
249.99217714539157,286.93618667366434,Gene 82,1271
260.51150627806703,293.1774474759202,Gene 77,1272
258.2704230441409,291.0977854005872,Gene 80,1272
265.12262672890586,290.771701520764,Gene 81,1272
266.98928151430243,291.11104148133944,Gene 21,1273
274.4392066694685,295.65317327133295,Gene 40,1273
276.3205679140871,290.7125552321083,Gene 58,1273
270.4487448319409,286.49107843389726,Gene 74,1273
265.042256427717,289.40591869930853,Gene 77,1273
276.53528841672596,291.9767375753923,Gene 81,1273
281.93162075191714,283.5482584556768,Gene 2,1274
286.87267340616575,291.5623578786705,Gene 18,1274
286.34220372407435,284.6761400496483,Gene 78,1274
283.1168394909452,291.82505584449046,Gene 82,1274
285.71123912658754,290.7886324305928,Gene 82,1274
278.633598602461,286.7057754648081,Gene 82,1274
299.46897131963607,287.59951993922436,Gene 42,1275
297.84393618676046,289.94588262333855,Gene 74,1275
294.61252570628415,289.9460980821582,Gene 83,1275
305.30334400979916,284.70378962123095,Gene 74,1276
307.3729129385104,292.17774756663323,Gene 75,1276
307.88549322757945,284.3469177889973,Gene 80,1276
308.4744800823568,288.3113771630076,Gene 82,1276
305.39150451526797,293.7545583045094,Gene 83,1276
314.37014451892065,288.3831392949111,Gene 24,1277
313.92198068366827,292.0485027805127,Gene 40,1277
306.31384973000763,290.5316261565714,Gene 74,1277
314.95594045332496,292.589563780604,Gene 95,1277
116.14110115009947,291.2420974007996,Gene 37,1278
116.31379872941572,292.16815694088666,Gene 74,1278
119.71587926241115,292.0750412115312,Gene 79,1278
121.83750346158637,292.42044578249994,Gene 79,1278
118.12732345263407,292.6812257364156,Gene 80,1278
114.9160980150166,291.2012961940848,Gene 86,1278
113.81369295375637,291.28536263079644,Gene 87,1278
124.57682326238694,291.55115056864605,Gene 40,1279
119.3122726001927,294.6363279605718,Gene 41,1279
123.9532891680642,293.6452200154225,Gene 74,1279
120.24296539923674,294.3367685061486,Gene 75,1279
123.71882063110162,291.040759095971,Gene 81,1279
126.21214805392084,292.9372379231511,Gene 84,1279
137.58595480796637,288.3466366527063,Gene 37,1280
140.61666037493913,292.09400920007107,Gene 79,1280
137.1888265744104,286.8192643894843,Gene 80,1280
133.06797948570664,285.93613645701714,Gene 81,1280
132.9403757473423,293.58940080707754,Gene 82,1280
137.64790890899232,286.6979070660754,Gene 86,1280
146.71639528519339,297.76797818385455,Gene 29,1281
150.43666240930753,298.83515384163644,Gene 41,1281
154.0871347194925,295.94134436369706,Gene 64,1281
150.44189916000477,292.39424866440993,Gene 80,1281
148.96432841502852,299.5200410635343,Gene 87,1281
151.9016093486871,294.0608230491154,Gene 2,1282
158.34931072308623,291.0253499736667,Gene 3,1282
152.27820986881017,296.61863884949264,Gene 36,1282
153.7052772013477,296.3215773573651,Gene 40,1282
160.459082095385,294.42559131739904,Gene 61,1282
153.4538729102492,293.53824522091105,Gene 74,1282
155.56836210028538,297.82702881371637,Gene 82,1282
153.05047504420926,296.99289646996544,Gene 84,1282
162.72343271069118,293.40179279907807,Gene 86,1282
172.17228241402927,296.68383014616865,Gene 22,1283
169.45526641386593,297.83086788014833,Gene 58,1283
175.70596488069177,295.3938132366276,Gene 58,1283
169.13285403528803,291.05074877504995,Gene 59,1283
167.1425285355086,291.644109333826,Gene 81,1283
167.16683621740546,297.2775242634386,Gene 83,1283
170.88728388242757,296.7953534888436,Gene 84,1283
183.38239949489616,298.0745767519125,Gene 74,1284
179.5174514864309,300.27716568657513,Gene 74,1284
183.33837096166639,295.79703180832496,Gene 76,1284
178.38450822598205,301.2759015316626,Gene 82,1284
180.7407125868434,297.03204179257125,Gene 87,1284
187.28716844827585,293.751396343256,Gene 3,1285
182.73388410544658,294.36615817421495,Gene 18,1285
189.16959987017884,294.8031456993799,Gene 37,1285
186.27929320075103,293.62823589613186,Gene 58,1285
188.56980232275438,295.5088299709522,Gene 60,1285
183.2532604868343,296.5174867674009,Gene 74,1285
182.5003233432632,295.41146362844364,Gene 78,1285
193.14994164134782,301.3674639850089,Gene 80,1286
195.64889906067566,302.49148876661695,Gene 80,1286
202.34436915557265,299.2403684896904,Gene 80,1286
195.9245167256857,302.9358963959252,Gene 82,1286
198.78806094783326,301.85890076310847,Gene 83,1286
193.56234521955986,296.9621991622544,Gene 86,1286
195.62455375158538,302.4540851888288,Gene 98,1286
203.75799133336045,297.51606690496806,Gene 37,1287
208.87607270240468,296.461038770283,Gene 58,1287
210.77122691952027,298.2420594781012,Gene 74,1287
214.15697575549748,301.4679009250984,Gene 80,1287
212.0757076989216,303.29798862487047,Gene 81,1287
219.56333385376914,291.19360398936306,Gene 37,1288
216.93983309731124,294.73867739454414,Gene 43,1288
223.98372662541453,298.0936587025237,Gene 63,1288
225.9244527245903,297.52432217491105,Gene 79,1288
219.20992065713494,293.9490401926347,Gene 80,1288
216.0194865504628,295.7897506372267,Gene 80,1288
232.8974426328942,295.97756883689976,Gene 17,1289
227.0565750339089,292.4214848665002,Gene 58,1289
224.18831453471478,297.915319503565,Gene 58,1289
231.43292064977885,298.7485996781848,Gene 74,1289
231.30749073083317,298.93297033333204,Gene 80,1289
225.46268962657925,294.86867947303534,Gene 83,1289
229.379757239064,298.6977931364804,Gene 87,1289
243.20837251233897,301.516344797703,Gene 22,1290
241.14663791151764,297.0405585147812,Gene 86,1290
243.43430423138565,302.0193713129063,Gene 87,1290
252.67337545642025,291.83344340015583,Gene 37,1291
245.61674058732086,296.1719848122711,Gene 51,1291
241.8594160168663,295.330386501134,Gene 79,1291
248.06855467790322,289.66204024494573,Gene 82,1291
248.7142776598574,291.7869927447854,Gene 83,1291
252.1865080209921,295.40042732235247,Gene 86,1291
261.03526748348634,292.79214325592613,Gene 58,1292
256.05156117915016,296.89944886969374,Gene 58,1292
256.3474909679641,290.98488424562163,Gene 76,1292
256.91114393878837,297.85656975901384,Gene 82,1292
266.60817368217363,302.4898028891369,Gene 2,1293
264.925851478251,300.45872337147284,Gene 37,1293
271.1937502027164,300.31940761872966,Gene 58,1293
262.1382275389784,299.78186811004366,Gene 58,1293
270.7833706572794,297.07639799989323,Gene 63,1293
268.4973654639312,295.8532056419443,Gene 63,1293
263.3756584530789,297.79886316712,Gene 69,1293
269.2786977987163,298.9347484560136,Gene 77,1293
277.06035801905307,294.73236269466656,Gene 35,1294
281.96902541538714,298.0448621042778,Gene 37,1294
282.4291785540133,297.34288459067386,Gene 38,1294
276.38424284420046,293.5164676633677,Gene 42,1294
281.12046835265375,294.7348984873447,Gene 64,1294
275.0965816090747,292.9833975171643,Gene 64,1294
278.31116741548095,292.4791666120549,Gene 75,1294
282.5247219482794,295.47170768870177,Gene 79,1294
292.7599989950262,291.82608730429985,Gene 10,1295
290.9468251707931,288.29203010449606,Gene 37,1295
292.37509851113197,295.772225655296,Gene 41,1295
294.0966989963679,293.3022079347392,Gene 42,1295
283.77285901494224,287.978479197827,Gene 46,1295
289.10981639140374,294.17025457988854,Gene 58,1295
293.39082457785526,290.0834647873236,Gene 61,1295
282.2966954843133,293.6765040088733,Gene 74,1295
289.550985206329,295.34884039758276,Gene 81,1295
290.8095448119437,287.6407847437801,Gene 83,1295
292.3562556008193,295.33768734385075,Gene 83,1295
291.5261778943577,287.17704356827807,Gene 87,1295
306.8633399533081,291.4526248357945,Gene 18,1296
304.2873382978427,297.3618360794382,Gene 42,1296
305.99244732295847,298.169435135369,Gene 74,1296
307.3110557589771,291.8692269803478,Gene 74,1296
295.1277716145602,295.5937210681199,Gene 74,1296
294.36672481715044,292.1005118011753,Gene 75,1296
292.8330200218865,294.76180976311343,Gene 77,1296
306.61974307136774,293.62067245407553,Gene 82,1296
295.83375596282133,293.97700775120273,Gene 83,1296
304.95985934798233,299.0756461645062,Gene 4,1297
307.9788224822702,299.2454623804024,Gene 63,1297
314.1213329976566,298.5732740257822,Gene 74,1297
311.1583001036295,293.79121383634003,Gene 82,1297
310.028721568735,298.9282427801338,Gene 84,1297
322.69422915966834,285.14460535691524,Gene 64,1298
319.3317014542772,293.13086030958084,Gene 76,1298
323.4855240363688,285.94684135741636,Gene 79,1298
322.16691929074636,290.30033029059865,Gene 81,1298
325.5871306903698,297.0497459578021,Gene 75,1299
328.14624581633296,299.9409972821839,Gene 82,1299
126.66816736809537,304.1411723866134,Gene 3,1300
132.6701330878747,298.16153982619977,Gene 74,1300
128.29788477073203,300.1405204927599,Gene 86,1300
140.67727357025183,301.3810126896687,Gene 77,1301
135.59289889086824,307.143639941524,Gene 79,1301
138.11722354348404,300.8686281127114,Gene 79,1301
144.60273472176382,305.5436420078792,Gene 81,1301
139.5377586907578,301.438480078108,Gene 82,1301
139.3132770172877,300.43022984115294,Gene 83,1301
139.3849112830591,309.61491205313985,Gene 84,1301
151.85178279570525,297.37936561693164,Gene 24,1302
151.39127294329623,300.6752622713379,Gene 37,1302
150.00285804679672,303.9586062096813,Gene 74,1302
148.25097690667099,301.38241368318074,Gene 78,1302
151.02984203580752,298.7915804277888,Gene 80,1302
151.75334828239687,297.7684530729687,Gene 87,1302
160.83379920213386,303.2291984638424,Gene 3,1303
157.08770804681347,301.79942776560597,Gene 40,1303
156.27863912453716,300.1073402965843,Gene 58,1303
156.51760923519714,297.48762527892154,Gene 84,1303
164.4364351539783,294.437154715996,Gene 84,1303
176.4588432574511,310.74071156895485,Gene 58,1304
175.14017074219115,303.7682714256586,Gene 74,1304
181.21094303334507,305.5088679117754,Gene 82,1304
181.59080039024641,307.037356582884,Gene 83,1304
185.96693339112153,308.03746796291364,Gene 74,1305
181.30332640790172,310.66263128245515,Gene 76,1305
178.16858353949212,306.08926577868925,Gene 79,1305
184.8147422505292,308.230954440537,Gene 81,1305
186.12520271969075,306.410224633906,Gene 98,1305
183.8222183503828,308.9324958681335,Gene 98,1305
183.60270950901952,307.7402279728443,Gene 99,1305
193.2447765682175,303.4841208609079,Gene 16,1306
193.86831157182124,307.7322400599778,Gene 42,1306
190.90531402739796,313.70124482098197,Gene 63,1306
193.54114861893797,303.51955731045405,Gene 64,1306
200.47512687507788,309.8568365395435,Gene 74,1306
197.26073000280527,307.65817251999164,Gene 75,1306
196.23407086162504,311.70125687323883,Gene 75,1306
184.34506398798803,304.7404949645148,Gene 80,1306
185.43792015471794,312.1601646959885,Gene 84,1306
199.18548999426204,302.02930990553034,Gene 61,1307
206.88767000644714,301.51465879544423,Gene 63,1307
206.62096149756817,297.9036434506741,Gene 80,1307
207.19470606087083,303.6989556473285,Gene 80,1307
200.48409074941415,304.1918591886551,Gene 84,1307
205.5204863042917,302.49488506821825,Gene 87,1307
212.01175685987212,304.01217167971777,Gene 22,1308
215.53999425728435,299.08899115591004,Gene 22,1308
218.03755062509822,300.73006681078846,Gene 37,1308
212.70888837598068,304.066565439266,Gene 40,1308
216.63894316535783,299.99619726772806,Gene 42,1308
212.97361240058322,299.02185338994565,Gene 74,1308
209.95945573241545,301.59669477948444,Gene 74,1308
215.2940449396424,296.9474718266033,Gene 74,1308
210.3345846878128,305.6255361224187,Gene 79,1308
216.236625711579,304.11310275117125,Gene 98,1308
225.95802470596203,305.5178771636615,Gene 22,1309
227.17777045980313,304.2919582357144,Gene 22,1309
218.85417852776362,306.0247377376562,Gene 51,1309
225.6508273493204,304.0640411340953,Gene 63,1309
219.64726466649708,306.303582173179,Gene 74,1309
227.28120872180085,304.16723875488464,Gene 74,1309
221.37494834305667,303.4920060159475,Gene 74,1309
220.95471935219393,307.09521967054803,Gene 82,1309
230.07465959344074,302.9802790963586,Gene 6,1310
238.9939400457042,305.27714268543394,Gene 58,1310
235.57870615542876,299.6083282696021,Gene 79,1310
238.7795352559744,304.89273832845765,Gene 79,1310
233.563903176895,307.8288402685132,Gene 79,1310
237.56018853249225,301.0240419939254,Gene 96,1310
248.3615845376818,301.23579103301455,Gene 26,1311
248.1297572664141,307.7109448227175,Gene 29,1311
250.45712624860303,300.668666663915,Gene 42,1311
240.8000844655586,302.0252924611961,Gene 64,1311
237.35337837334623,300.8539490631508,Gene 74,1311
243.1040292592071,307.03604995455544,Gene 74,1311
247.11279036443054,307.5872550959425,Gene 75,1311
237.10539373388585,301.93974512682945,Gene 80,1311
246.0905638331106,300.51790394385625,Gene 80,1311
245.78340258247817,299.74337863855334,Gene 83,1311
247.27184869882322,300.5261101802065,Gene 87,1311
260.570246673515,301.48109419315193,Gene 74,1312
258.2965055467518,302.465976856134,Gene 77,1312
252.92065433130284,302.0982479399655,Gene 79,1312
255.31014936655325,301.223672131596,Gene 80,1312
252.36865493627232,295.41352835209113,Gene 84,1312
248.95293743051204,299.7134457684364,Gene 86,1312
265.1002679547796,297.663035800909,Gene 37,1313
261.4499353770217,308.8268631525565,Gene 58,1313
262.76184738656656,297.3504877663514,Gene 79,1313
269.1088476100683,304.9650245341388,Gene 81,1313
265.84116740211726,307.39081494551203,Gene 83,1313
263.6123605778156,309.26458286314534,Gene 83,1313
271.8028872579702,302.8359116740777,Gene 83,1313
271.89340162201114,310.3149632739081,Gene 41,1314
271.2959398497939,305.1358918281566,Gene 78,1314
271.7854678063185,312.42131516667615,Gene 81,1314
270.4697201247683,307.71174663660275,Gene 81,1314
276.5514217137217,305.1779309791098,Gene 82,1314
269.1722667582849,309.32929785557,Gene 87,1314
271.49304083939086,312.53615456985955,Gene 87,1314
291.02279485542704,303.6071574059655,Gene 17,1315
291.64705235318866,307.74695239614294,Gene 22,1315
285.62947040871813,308.98805228474566,Gene 33,1315
282.11899680161196,308.7930561865335,Gene 46,1315
291.9794834538461,306.82441440284373,Gene 74,1315
282.7108340183143,309.60050912222545,Gene 84,1315
299.4461469655196,309.0509514634212,Gene 74,1316
289.267903422839,306.6919935962731,Gene 76,1316
296.8340899333526,305.1316543706414,Gene 2,1317
299.261064178052,305.30999938889363,Gene 28,1317
301.9529846920236,300.0489764636293,Gene 42,1317
300.17056209185404,307.1429861754377,Gene 58,1317
296.283956325565,300.34578213131573,Gene 74,1317
305.33207333224277,303.1561010899314,Gene 79,1317
295.86303284575695,301.9873102028379,Gene 82,1317
303.077304227703,306.2807151543913,Gene 83,1317
301.5477877893331,306.33179150394216,Gene 84,1317
303.8128545348271,304.8687933830066,Gene 86,1317
312.55344527917964,303.61603399504116,Gene 18,1318
310.8034467028479,301.96339305286455,Gene 42,1318
314.10730565431305,303.6783671611314,Gene 46,1318
307.6198192542841,308.7990303311967,Gene 80,1318
306.85537071986226,303.0519343641248,Gene 80,1318
306.96232590965445,304.8393075928213,Gene 83,1318
318.86580709896754,304.79705542440763,Gene 22,1319
323.8780835751379,308.12496564595955,Gene 58,1319
328.6743092820801,306.35402384460554,Gene 64,1319
324.6188396228205,300.8636098163555,Gene 74,1319
329.4887346798296,308.42067209693016,Gene 81,1319
317.84590175993907,304.3335510982449,Gene 84,1319
329.0660747316592,301.88995417738494,Gene 86,1319
334.6831000011195,298.6747471974149,Gene 58,1320
328.7407596211726,297.17584310536677,Gene 64,1320
326.19727391636206,303.2320016295128,Gene 64,1320
325.86560819164674,300.73684275898455,Gene 69,1320
334.20511530514494,302.65654226143954,Gene 75,1320
328.23894993989893,297.76100180591385,Gene 95,1320
345.41500648519934,310.65713851931633,Gene 22,1321
343.96223871250066,301.63762494658016,Gene 64,1321
342.6324597355078,311.57377131066823,Gene 74,1321
351.25469349397684,306.2455952247473,Gene 74,1321
347.27492417727757,300.0283464170403,Gene 77,1321
346.20852772366715,312.43090959157684,Gene 79,1321
345.8793542520886,309.0321377340043,Gene 80,1321
351.3116955889113,304.4014964600037,Gene 81,1321
349.2229863581036,311.0130687247146,Gene 81,1321
348.1848481322737,303.8421324493435,Gene 86,1321
151.9049046408212,309.2775580138498,Gene 18,1322
154.72449606464315,309.8432391781906,Gene 37,1322
152.29105506143475,310.12029570540415,Gene 74,1322
148.74370303565635,310.1362608210929,Gene 75,1322
150.73286347271906,309.12241318410753,Gene 82,1322
147.74641990200402,311.4982704675604,Gene 84,1322
147.894187094403,309.9350181192397,Gene 86,1322
154.9425923020418,315.8951519092539,Gene 58,1323
160.66408594140657,317.0963763435378,Gene 58,1323
160.1566662621431,318.6507457060898,Gene 74,1323
156.27904302645942,311.28999371212296,Gene 74,1323
160.6609042098443,313.03610451450226,Gene 75,1323
155.90974020615,310.4419245914508,Gene 83,1323
159.15162574164216,309.74123130750473,Gene 84,1323
153.2059891907307,314.596161927867,Gene 86,1323
169.84322996711143,317.6504772322993,Gene 2,1324
163.1690265018788,310.8623547619955,Gene 24,1324
168.12802414718917,318.61753700593,Gene 40,1324
170.7512708519859,318.1282949675387,Gene 74,1324
169.9412385005155,311.9729517241768,Gene 74,1324
173.22871848387499,316.94668101871025,Gene 76,1324
178.0976727632579,313.74743164282347,Gene 3,1325
186.06707076288723,313.4860143524338,Gene 83,1325
185.8630497412226,310.62691026221154,Gene 22,1326
187.3230065752711,315.36765459281787,Gene 37,1326
185.78180398611926,317.2182342795177,Gene 37,1326
193.78652886171952,312.1535113755821,Gene 42,1326
184.69215938470745,314.38428678020983,Gene 63,1326
184.41079903343908,308.2842244771186,Gene 75,1326
187.8575833756058,307.1977159071989,Gene 87,1326
193.15492459223663,313.7668103658676,Gene 40,1327
195.3050774049469,315.85710549793254,Gene 77,1327
193.33472783496876,311.71914923187154,Gene 79,1327
195.4171100723757,310.3697803354849,Gene 80,1327
197.2950153775898,310.13936216264676,Gene 84,1327
206.53151579704038,305.01165409234306,Gene 8,1328
204.96757929587383,309.70046246265525,Gene 17,1328
210.76603504935497,306.24684989574143,Gene 22,1328
205.3078684621375,305.04180049835804,Gene 58,1328
206.1324685592666,303.495819303118,Gene 60,1328
206.54926106207554,303.316778902667,Gene 75,1328
202.48853851370532,306.6111316240611,Gene 75,1328
212.0609350285727,305.48418060868227,Gene 79,1328
207.7787638395723,309.7648438261076,Gene 84,1328
219.75735067569246,302.10950814809127,Gene 30,1329
214.7105484268687,309.323464246295,Gene 40,1329
225.17140491902424,305.9227377800654,Gene 42,1329
223.26847240721895,308.36061857962295,Gene 75,1329
216.97692484734748,304.6468127861351,Gene 81,1329
225.3930831854349,304.21385868699997,Gene 83,1329
223.72193098021694,306.5263239529367,Gene 87,1329
222.4818175487447,309.41683201520414,Gene 87,1329
228.99472353128806,315.77534571917204,Gene 2,1330
232.42803210705688,318.1704122394312,Gene 22,1330
227.2490651666492,314.74842993939285,Gene 29,1330
235.94519407345007,312.88762463038694,Gene 37,1330
227.87779447662479,313.54975161942014,Gene 58,1330
236.51675451812713,311.9999161325547,Gene 77,1330
236.18673981301248,312.60001726772333,Gene 78,1330
230.16060703292047,310.33221360880987,Gene 80,1330
240.02387005999225,310.980554940347,Gene 40,1331
242.45475711399604,307.32560037340585,Gene 40,1331
235.2404489832076,312.0982479814625,Gene 61,1331
234.59976124297114,312.12714682726124,Gene 74,1331
235.64845064044715,311.5751082233396,Gene 74,1331
237.26328031260957,311.53961688092954,Gene 77,1331
240.66622018703896,309.34988763934615,Gene 80,1331
241.2530006217,309.3534478288797,Gene 80,1331
243.11258138400123,307.1465687209823,Gene 4,1332
239.97116871930317,315.5911377229131,Gene 77,1332
246.70614152824035,315.507096395447,Gene 80,1332
260.401556954203,308.82557121379966,Gene 6,1333
260.05809559909574,308.42068749542614,Gene 22,1333
250.16919467876312,310.40806059259376,Gene 80,1333
251.3903472386423,307.5781673781994,Gene 87,1333
271.5016103832019,313.74267568082075,Gene 40,1334
265.6912247602621,307.2623058274892,Gene 58,1334
274.1639971407108,312.16799420452566,Gene 61,1334
263.38580624921974,313.1863833259877,Gene 74,1334
265.54499725456714,313.6116780005845,Gene 79,1334
267.130079064678,307.7196632484879,Gene 86,1334
275.60776747697435,306.06066951478385,Gene 23,1335
281.2885102994132,311.32325599150386,Gene 37,1335
278.2487857287537,306.65081966539725,Gene 74,1335
283.4984872062484,304.07162648329836,Gene 87,1335
294.19430500249473,309.668702887658,Gene 10,1336
283.74837423314267,311.10150969009806,Gene 37,1336
292.1666586723913,316.66995451712137,Gene 64,1336
293.30536938518804,316.80525690405676,Gene 74,1336
284.68738557535664,314.95981255853326,Gene 75,1336
294.63301219460135,315.9277222993918,Gene 78,1336
285.70878354198385,311.72935794095304,Gene 78,1336
291.7929596015145,317.2672791879272,Gene 80,1336
287.91681640301397,316.75126994186564,Gene 80,1336
300.05333160274273,310.81068957913436,Gene 54,1337
297.00102090471506,317.2254924522427,Gene 58,1337
296.77295182454196,315.26397589122877,Gene 74,1337
304.09056664882274,312.2701724404288,Gene 80,1337
299.14065581208513,317.2114059223499,Gene 81,1337
301.84409130405857,313.45759380495434,Gene 97,1337
305.0381696768986,314.07842775970175,Gene 18,1338
313.01456718312784,310.7521834922102,Gene 24,1338
307.44870152319936,315.590546814054,Gene 41,1338
309.561875378381,307.3320774114859,Gene 43,1338
308.8403333014856,313.21689148190956,Gene 74,1338
311.87615444798087,314.438979155584,Gene 80,1338
303.8787770047125,312.5506046549041,Gene 83,1338
311.35186062353637,308.1537963199929,Gene 83,1338
310.8239410150396,312.7539863125405,Gene 84,1338
304.5585211107376,310.9508470911343,Gene 87,1338
320.48261186203064,316.58662903878525,Gene 74,1339
316.48284453258,314.7416480833096,Gene 77,1339
320.84590641383016,316.81577915664633,Gene 82,1339
316.7578352811398,320.9740438450904,Gene 84,1339
319.14846933081975,320.74100464839483,Gene 84,1339
334.589544179646,315.2378008864837,Gene 58,1340
324.8709369368872,316.13651654622777,Gene 78,1340
327.927028860024,309.8526711111295,Gene 79,1340
331.7642640304408,317.23558474229884,Gene 2,1341
335.9337304712914,318.69649169698175,Gene 24,1341
329.432725271328,314.1913787793938,Gene 58,1341
338.4278160714252,311.1231610526855,Gene 63,1341
332.6902180945438,316.3296728885221,Gene 75,1341
338.7843439176961,312.1735987566899,Gene 80,1341
329.9107036246474,312.4662890914047,Gene 83,1341
335.67467929580715,311.06755128274307,Gene 86,1341
332.1188086614809,313.9450439261846,Gene 86,1341
347.2809650133343,314.4111288851756,Gene 37,1342
347.9861588676775,314.0698379660614,Gene 64,1342
352.64273940453563,313.4964648057432,Gene 64,1342
345.5419249485633,315.4303916102055,Gene 78,1342
347.0129638716987,314.7711310567677,Gene 83,1342
351.8902467585869,315.27980721016945,Gene 86,1342
356.80871995303636,311.30477658391425,Gene 78,1343
355.3571415260302,306.35161876032765,Gene 79,1343
351.82057971713505,310.2452885629265,Gene 87,1343
351.4938743398748,308.7020874087742,Gene 98,1343
167.08813107600605,324.6300366707656,Gene 37,1344
158.21723910096836,320.0806885901518,Gene 37,1344
156.39977041446426,320.330803847939,Gene 54,1344
158.50638052628858,324.3222743007153,Gene 59,1344
162.939215571821,322.6766040260641,Gene 63,1344
161.79744573760195,318.49956344945866,Gene 64,1344
166.83180761262415,323.02396185782044,Gene 74,1344
162.31520262747654,324.55970062525853,Gene 76,1344
161.01360743990463,324.03841740872303,Gene 81,1344
157.95721350987964,318.74519504630183,Gene 82,1344
169.73352034883885,320.8043784328802,Gene 37,1345
168.94201060494393,314.832529079844,Gene 64,1345
167.36039678434267,316.7945132561065,Gene 75,1345
173.75092663609192,318.46556315078806,Gene 75,1345
170.46082382507015,315.2444616335331,Gene 79,1345
170.34598775669593,319.28848201526034,Gene 80,1345
171.43465478618862,316.0343252433606,Gene 83,1345
185.1576054133608,320.8633772884155,Gene 30,1346
184.44545380934298,324.24579513405115,Gene 37,1346
185.26586638611664,320.57448226831355,Gene 75,1346
178.25873497902109,321.95408687764245,Gene 86,1346
183.71723407533568,316.5636593790213,Gene 61,1347
180.92828608240666,322.477338092022,Gene 74,1347
189.92955085730821,319.77386030662774,Gene 80,1347
189.4539933474991,318.2204170208929,Gene 81,1347
188.56258239069606,322.8823020185069,Gene 84,1347
195.71293521752676,326.60500911753,Gene 2,1348
202.3111684080951,325.0110711156598,Gene 58,1348
201.38509261755155,325.93735604224423,Gene 64,1348
194.27968190674164,322.04184470454504,Gene 74,1348
198.51919872583898,320.95944106211425,Gene 87,1348
215.56712769631923,323.7983137297112,Gene 46,1349
211.58068574274455,318.4881854482696,Gene 58,1349
217.47777543325302,315.17128753618147,Gene 74,1349
213.08317586407935,322.5746279210028,Gene 75,1349
225.9591866219356,318.9200958181614,Gene 2,1350
226.58902600125256,320.8117780029366,Gene 37,1350
219.84115459906585,318.02724892387783,Gene 64,1350
226.04540586451853,319.57177338841296,Gene 80,1350
221.36196851547646,323.70544558941236,Gene 80,1350
218.980574073177,324.34744540104646,Gene 82,1350
233.08616561625675,315.8976795693858,Gene 37,1351
229.7251207168325,317.02521470612186,Gene 40,1351
234.40168730927422,318.86918544488867,Gene 74,1351
237.70482686934278,316.17151358910246,Gene 74,1351
233.66215213034548,322.0051800268737,Gene 75,1351
229.20308524796306,318.3113507412692,Gene 79,1351
236.42754056743152,317.7124244957069,Gene 79,1351
233.88462175091436,315.0347720562949,Gene 83,1351
237.51009179019297,320.72531647675646,Gene 4,1352
244.70991889419767,325.3935573815757,Gene 37,1352
244.84089270777986,321.22428959981295,Gene 42,1352
235.245306296604,324.7139807872929,Gene 79,1352
239.1035541080626,320.32243459071645,Gene 83,1352
248.76810419802894,320.55743896928317,Gene 3,1353
254.16099009903334,316.7031605469423,Gene 4,1353
254.8232970800247,323.71271028162363,Gene 21,1353
253.11349818158226,318.2814745877056,Gene 65,1353
255.71373251464684,321.94297209176597,Gene 84,1353
267.80355640397846,321.2276670181419,Gene 37,1354
266.15119559142795,325.6691733289436,Gene 40,1354
263.3080595513844,323.18694306552214,Gene 46,1354
260.8930911613444,317.3558450513917,Gene 64,1354
257.67431546517196,318.3249691979076,Gene 69,1354
267.9214959182194,322.64230439721945,Gene 74,1354
261.36084643395264,325.9686290004326,Gene 74,1354
259.0736059841694,324.84535657849074,Gene 80,1354
257.99664919302796,323.80577315703,Gene 80,1354
267.90999692639053,318.23987884105594,Gene 81,1354
269.6694248868549,318.97603264462714,Gene 84,1354
264.44945168578255,317.51710452021604,Gene 87,1354
260.0541179966614,315.90622843144564,Gene 98,1354
273.83193515039903,322.31624101918294,Gene 26,1355
271.10228255306373,314.0955561487716,Gene 28,1355
269.2033919196276,320.48031441818256,Gene 37,1355
267.13374459251895,319.8572945874859,Gene 80,1355
276.37977954489526,317.6975406348768,Gene 80,1355
272.14073211424716,313.672684383273,Gene 80,1355
275.8170712593714,318.1392691129939,Gene 83,1355
275.1820341562789,318.76766890451484,Gene 74,1356
281.6956619568536,318.60313290051613,Gene 82,1356
279.7104173803356,315.1837870046311,Gene 83,1356
291.36785736958234,321.30564636726155,Gene 37,1357
290.0795263693925,321.2205427279502,Gene 64,1357
300.06281858825395,320.09748623406034,Gene 74,1357
297.2026401115419,322.9688327260665,Gene 74,1357
295.83755398720933,323.7803048041768,Gene 74,1357
291.537904766273,319.1360631358942,Gene 76,1357
297.7446426108142,317.1032042139797,Gene 76,1357
300.08610524240885,320.666268551789,Gene 79,1357
294.3373885833939,323.45954990947064,Gene 82,1357
292.54817756023715,322.36244630054944,Gene 83,1357
294.0847284721668,322.9399853178655,Gene 84,1357
301.596341874586,316.9945775460636,Gene 74,1358
294.9095929847863,325.07218823677636,Gene 75,1358
296.23317787711846,320.4581749805542,Gene 80,1358
304.0479029812903,321.17769864352596,Gene 82,1358
317.0050904469655,314.21344957292195,Gene 40,1359
312.0110330404791,313.18451321379194,Gene 58,1359
315.14096312873716,314.7049353862071,Gene 78,1359
309.6499299859833,319.26567439245764,Gene 79,1359
307.3228488378895,317.0783492176218,Gene 80,1359
319.7097538552219,319.40332897831604,Gene 80,1359
313.2565465056178,321.0478006651667,Gene 82,1359
312.520638941599,322.12794846110904,Gene 64,1360
322.7745218248884,320.3222532605042,Gene 78,1360
318.0695882682528,318.48183132493676,Gene 86,1360
318.51186995006293,318.8316276160557,Gene 87,1360
318.79494326250074,317.5582428532508,Gene 87,1360
338.3629150634217,318.43436940761666,Gene 79,1361
337.4948260084939,321.8270819429614,Gene 86,1361
337.97590505399023,319.2535371047505,Gene 87,1361
348.5298801028735,316.1526728078604,Gene 2,1362
338.5314768958355,319.49131324096885,Gene 6,1362
338.6405864125955,314.50034310904203,Gene 22,1362
344.855575551641,322.95063399925664,Gene 42,1362
350.2000199314751,318.47435291552733,Gene 74,1362
349.1608661691231,316.17734821908726,Gene 74,1362
345.04579302246105,315.0275438613009,Gene 74,1362
348.75588372580404,319.1396356807966,Gene 75,1362
344.636713528199,313.9167267200939,Gene 79,1362
343.0503644737616,314.0955433826481,Gene 80,1362
347.2739819647402,322.0050224033941,Gene 84,1362
351.52349474771523,319.96822933652396,Gene 40,1363
357.93285845222414,324.64529172540017,Gene 42,1363
350.56588481218864,324.7091174773998,Gene 64,1363
349.1192959713835,321.65637927775816,Gene 77,1363
355.9741574729732,321.786719923045,Gene 78,1363
358.1224924014525,323.0204309045912,Gene 79,1363
356.00515458562194,323.8070814423913,Gene 82,1363
366.955659570449,325.63920212317004,Gene 2,1364
365.52001491660496,320.0134453084171,Gene 58,1364
362.16546965833743,325.45584905075356,Gene 74,1364
368.44254183549975,323.2958870857882,Gene 77,1364
363.83110056363455,326.1807540883261,Gene 81,1364
369.88887250452126,323.20347474612487,Gene 81,1364
365.30338075629976,324.80838262475504,Gene 86,1364
364.69027386887785,318.5926297483842,Gene 92,1364
380.4252885510669,322.1219034472892,Gene 80,1365
375.77109189776667,325.48671386085437,Gene 82,1365
379.3537791492545,322.2851428335605,Gene 82,1365
182.5025804452443,322.9495362028089,Gene 64,1366
179.29043038942666,327.6493593656482,Gene 76,1366
180.8019806951496,329.3090216562768,Gene 79,1366
181.88861425237542,324.77298814827066,Gene 79,1366
179.78758334968245,326.8797697373027,Gene 86,1366
177.91633785771782,323.451644793376,Gene 87,1366
192.4867135260452,330.9666400144294,Gene 2,1367
187.53107537304575,331.5208093194149,Gene 3,1367
186.8055800459308,331.4297355152803,Gene 18,1367
191.24283264142102,327.87370287845476,Gene 22,1367
192.57558982989158,332.43181092916166,Gene 37,1367
189.31725591414934,331.83212502628544,Gene 74,1367
197.7729960543751,337.1529878946539,Gene 58,1368
197.71132362542818,332.8963627169414,Gene 79,1368
198.8286569337869,332.28172736911,Gene 80,1368
199.73255452202642,333.162680646732,Gene 82,1368
194.66915696981326,336.3486506368151,Gene 85,1368
212.86596840869558,333.13735861211063,Gene 2,1369
212.61272902427893,336.52846875359495,Gene 16,1369
212.65002853545352,328.95715231907025,Gene 37,1369
207.64644880038034,328.4145528970125,Gene 58,1369
206.1244980723335,336.28012055699577,Gene 58,1369
202.08987597282976,330.84071486248,Gene 80,1369
214.00073328870909,334.2754645699748,Gene 80,1369
204.14605312247448,335.1707418775359,Gene 80,1369
213.51713560669072,332.0426447860465,Gene 80,1369
202.55741892350304,330.77630737069376,Gene 86,1369
220.23486312385015,327.38485452711467,Gene 18,1370
211.84980300066863,324.3403966892868,Gene 37,1370
217.31313395450425,323.2780874233721,Gene 40,1370
215.90354376751046,326.3545923466875,Gene 42,1370
216.78896123275382,326.00415171758334,Gene 79,1370
210.6928805316735,330.67615720940887,Gene 82,1370
217.99533304616665,329.4602461438927,Gene 86,1370
218.43932369536134,331.96574244851286,Gene 95,1370
210.97479862943243,328.31476883389956,Gene 98,1370
229.5683008644532,327.78315935905437,Gene 80,1371
227.60097249142547,331.3978796947044,Gene 80,1371
237.15052731221058,326.5536071699859,Gene 40,1372
230.59319494476628,335.48944487470595,Gene 61,1372
238.46295247176965,331.94674687116395,Gene 69,1372
233.60023136468965,327.75931837636404,Gene 77,1372
245.65687120175903,323.4107071892319,Gene 4,1373
250.66013239352057,324.09927641305416,Gene 58,1373
248.7188961008709,321.51360321608996,Gene 74,1373
252.93619828961175,325.06039450289,Gene 82,1373
250.56309374450524,326.9986144181777,Gene 82,1373
246.52464473402293,325.5975921480937,Gene 86,1373
251.9718472128656,329.7877658377638,Gene 79,1374
265.05912994737366,327.0583664156278,Gene 42,1375
266.1236304064235,323.97002003394374,Gene 58,1375
270.21032867929256,331.8043894540519,Gene 74,1375
267.92920689600913,324.8537574740706,Gene 75,1375
275.10682685777755,325.95408061094844,Gene 83,1376
276.4079752695168,329.75976561200406,Gene 86,1376
288.85441591773423,335.46885299910184,Gene 42,1377
293.4840911739656,331.54356546319997,Gene 64,1377
284.2245411138626,333.7506900242465,Gene 79,1377
292.4916306874979,334.8853754990659,Gene 80,1377
291.35168967340775,332.06173588509085,Gene 80,1377
299.67260353535494,328.3672782505551,Gene 40,1378
297.7236860742498,327.97458423294,Gene 40,1378
295.26718927829137,326.7361320940941,Gene 74,1378
294.71015881677334,337.39161471627324,Gene 74,1378
299.462333240978,332.030019854766,Gene 75,1378
293.03427992076195,330.21346283655384,Gene 82,1378
290.2182571698809,334.04918380792594,Gene 87,1378
297.93801678492326,330.66564053864954,Gene 87,1378
291.1534362458222,333.0847075904116,Gene 98,1378
312.4162598748872,326.4823222297719,Gene 22,1379
317.75286845908005,331.38903136644336,Gene 40,1379
307.83121201217006,328.62230371864536,Gene 74,1379
315.63759561099636,332.10311717046574,Gene 75,1379
317.1244541263861,332.26249699604386,Gene 77,1379
312.0238710229316,325.4905869681111,Gene 80,1379
326.65189495158455,328.72287532702205,Gene 33,1380
316.48726401014864,330.2881058752603,Gene 46,1380
318.68923165243547,329.6594733441542,Gene 74,1380
321.9584438213147,334.06006869978233,Gene 79,1380
322.41997636322895,328.59548857052135,Gene 80,1380
324.9173633579648,328.27719169454906,Gene 2,1381
336.7859048697857,331.54329747068283,Gene 2,1381
327.66521919746714,334.3738621900332,Gene 37,1381
325.52629313212316,332.40261622600804,Gene 46,1381
328.1575565510127,330.6392307091204,Gene 58,1381
325.7855148205725,330.4631655431167,Gene 74,1381
328.34454058108213,332.3663214944549,Gene 74,1381
329.3042611885011,326.2654718118719,Gene 80,1381
336.79937523474695,332.143063682673,Gene 80,1381
334.1180377172052,333.06775029579467,Gene 83,1381
333.6979858307468,332.5627378168121,Gene 87,1381
335.54124794196105,324.70130385012715,Gene 87,1381
341.9846438571537,330.1214970006902,Gene 64,1382
333.57194821558573,328.3428589826877,Gene 74,1382
343.06988344696157,332.06082372674393,Gene 2,1383
346.34693807223846,336.23197191515914,Gene 6,1383
344.2597527991471,337.31352131400513,Gene 41,1383
351.9608693121068,336.77356334797975,Gene 74,1383
349.8159180253966,335.0904586869242,Gene 82,1383
352.4821003658616,327.9175773004401,Gene 40,1384
357.4638235889477,330.7703616219014,Gene 58,1384
363.29695083105213,324.24176588211765,Gene 82,1384
373.3400320240008,325.54082999517004,Gene 22,1385
371.1410178892446,329.0214972041801,Gene 37,1385
374.3011802509856,325.0170836099696,Gene 46,1385
369.351570485754,323.2594172914951,Gene 51,1385
371.82186712976744,323.06082790279385,Gene 51,1385
372.9965966327164,328.86851639213506,Gene 81,1385
373.7019306565337,325.4918055834618,Gene 84,1385
370.53144827200754,322.3700173473485,Gene 86,1385
368.0040386661769,322.95607574780547,Gene 98,1385
372.1701380020084,329.01016255572165,Gene 4,1386
373.43364733806976,333.10930153601043,Gene 30,1386
377.00531042246945,332.22407433317056,Gene 40,1386
372.0083518831848,332.6881410806305,Gene 41,1386
369.0005117522688,328.48060317819596,Gene 73,1386
376.7077923594904,325.7601828399002,Gene 82,1386
378.81667945689503,325.5026591896469,Gene 37,1387
390.21483408814225,330.433236503375,Gene 37,1387
379.41078539579115,325.34656669816565,Gene 40,1387
394.3490352633233,323.854511412325,Gene 64,1387
379.7650222777364,326.8462611490419,Gene 64,1387
387.78337679525225,321.9099053194457,Gene 74,1387
190.4181058041033,342.61599386889264,Gene 18,1388
189.7176454014215,340.31327408663964,Gene 74,1388
191.34836198249587,340.4728840799651,Gene 76,1388
190.6769259995928,340.0312652316868,Gene 86,1388
192.14994844953287,338.93414846925464,Gene 86,1388
190.83481549830324,343.2018416444386,Gene 87,1388
197.25641611228775,336.9999029395301,Gene 40,1389
203.97956227361692,333.1118077177133,Gene 74,1389
200.54638474909603,330.72682314240075,Gene 76,1389
197.15410011250785,339.3515564854672,Gene 77,1389
205.35094611781878,333.5131389217679,Gene 83,1389
207.37384292733745,332.4768781343542,Gene 84,1389
203.62315938595998,329.941236868186,Gene 84,1389
214.60257901158195,334.25718496243485,Gene 9,1390
203.5904812640415,338.6892718959514,Gene 40,1390
205.74071561715635,333.5349982557622,Gene 58,1390
210.3651084640521,333.01500347033294,Gene 58,1390
205.67974372490227,340.7968643004823,Gene 74,1390
213.63408366341676,341.75955014045235,Gene 74,1390
211.40841055895876,341.6969568695657,Gene 79,1390
205.73609476317324,337.40802971430577,Gene 80,1390
213.0240520599558,335.994707737216,Gene 84,1390
226.7594125568162,339.61512387965035,Gene 74,1391
227.73207641424182,337.6579568710548,Gene 81,1391
232.3551614206264,336.6596269395631,Gene 37,1392
234.19348747774217,341.1587994421254,Gene 42,1392
232.10653177383145,338.3653496093023,Gene 74,1392
229.1414402749878,337.4760289143225,Gene 76,1392
224.8265688900193,339.454416827667,Gene 77,1392
233.45910075663124,336.3824019251075,Gene 79,1392
230.57999630022059,337.87845154296895,Gene 80,1392
227.49636505734082,337.70374850594703,Gene 87,1392
243.64323338721974,338.55202983513544,Gene 37,1393
239.90224777770612,331.93973296373537,Gene 78,1393
242.8613010395284,331.7135913484098,Gene 79,1393
240.18570542515707,331.35525428643314,Gene 80,1393
246.47978459046072,333.3684434466938,Gene 86,1393
245.07468736857714,337.81075897630114,Gene 17,1394
248.27915627008434,335.53780811147215,Gene 65,1394
255.26363687595978,334.4422161380312,Gene 74,1394
250.0874101307223,335.06073620033106,Gene 75,1394
247.55285558781375,338.4001416330354,Gene 79,1394
256.0406562639642,340.8480189991777,Gene 79,1394
252.90209163853896,340.1415070063315,Gene 82,1394
256.47000211863445,339.4515551920081,Gene 86,1394
259.24094634621474,341.7928331434685,Gene 58,1395
258.52547339749464,340.9950043406796,Gene 74,1395
258.09569408033735,342.1643536313146,Gene 75,1395
267.2421053636951,343.16152686565374,Gene 83,1395
269.84604185060317,335.11770254426165,Gene 10,1396
272.34704094280397,341.84118350445357,Gene 41,1396
270.34604092669076,341.87378617293575,Gene 74,1396
273.4217964733417,341.7943893600272,Gene 74,1396
269.2291774021063,342.12595013464346,Gene 83,1396
276.23745859716024,339.12334680355065,Gene 86,1396
281.3828840069303,341.49465441735964,Gene 82,1397
289.93329957950186,336.260656660291,Gene 2,1398
297.31922701291927,336.19767686468106,Gene 22,1398
294.36748173812134,334.4682144583865,Gene 40,1398
293.39648754817,337.4091168828571,Gene 74,1398
294.06324498823045,341.5929675056949,Gene 79,1398
298.70702885245413,335.7604644355126,Gene 80,1398
299.9467622957779,337.166229154119,Gene 80,1398
294.217191918886,340.7017885632706,Gene 82,1398
305.65890232604164,343.74505714941927,Gene 22,1399
307.3950620347744,343.664830871006,Gene 33,1399
314.98970810851915,339.28192642098395,Gene 2,1400
312.2299808034069,336.4692295015385,Gene 37,1400
304.51216553872047,339.0187227175329,Gene 37,1400
309.7715249250403,343.05514318817984,Gene 40,1400
304.86617289740593,334.5977106958319,Gene 80,1400
310.01629592917203,342.7518267812818,Gene 80,1400
312.3706658424557,335.10741996003867,Gene 86,1400
322.94685215608314,333.86873462781034,Gene 22,1401
318.81803327759513,340.6345538822895,Gene 58,1401
318.57053623671953,335.424586589902,Gene 74,1401
323.80479167867753,338.3447752065207,Gene 76,1401
327.70157979269874,340.5896102074298,Gene 79,1401
328.9830037156508,340.94809825739173,Gene 79,1401
327.6776520509541,336.4225855285582,Gene 80,1401
335.8010370357361,342.59979956990225,Gene 37,1402
339.1612321854415,335.9834483998515,Gene 41,1402
338.8994637367697,335.63380578574896,Gene 64,1402
336.61142943740583,343.08004022799315,Gene 64,1402
332.00961129888793,338.2959102890915,Gene 75,1402
334.8944856026169,341.9507447593994,Gene 83,1402
346.45352221165945,336.9875825176101,Gene 42,1403
340.17579611035404,339.86372107748906,Gene 63,1403
342.1600283115265,340.7613355114776,Gene 64,1403
343.37444836132397,341.63143964969777,Gene 79,1403
348.93684836746,338.0424027829127,Gene 42,1404
348.1061255922576,342.8793189431951,Gene 51,1404
348.6509830898337,343.6082465556621,Gene 74,1404
355.0511105398057,342.5799505279289,Gene 83,1404
347.8278950745338,342.66240326769173,Gene 87,1404
364.46278403454573,341.20023138351365,Gene 24,1405
360.7452864363968,342.52641645196405,Gene 28,1405
364.8619620896763,342.5985653111655,Gene 74,1405
366.64974906941717,334.1331742963751,Gene 80,1405
357.05945562143427,336.51050709312767,Gene 80,1405
359.15005366763853,339.3243023719445,Gene 87,1405
369.8495412386098,340.28044027823717,Gene 22,1406
372.61500750949426,346.98536230773385,Gene 27,1406
371.6183197109711,345.3382801672666,Gene 37,1406
380.42571745205953,344.091199991971,Gene 74,1406
379.48186039441754,342.47735392330753,Gene 74,1406
378.53833976846255,338.96655058973977,Gene 78,1406
373.6244710787477,346.0263817296017,Gene 79,1406
369.1514860966255,340.46083085097627,Gene 79,1406
383.7339300342222,339.2980588714813,Gene 40,1407
391.5388456646325,341.3770109893796,Gene 74,1407
382.7130654499597,338.66327961054566,Gene 83,1407
390.49176129528894,342.2043415639787,Gene 98,1407
396.712782056105,338.5742885239729,Gene 3,1408
385.16817439337206,340.0470069406287,Gene 37,1408
393.11936734813617,335.8882510621769,Gene 40,1408
385.7496873715696,342.1877806890635,Gene 42,1408
396.24706771744616,339.8069061923278,Gene 74,1408
399.98488664497813,337.6592236126586,Gene 37,1409
405.608272075548,341.66853132566683,Gene 42,1409
402.04443517647076,341.9064638063843,Gene 64,1409
400.00028294305474,339.48852961858495,Gene 74,1409
403.67604850035497,332.8668074875191,Gene 75,1409
403.27835056508917,332.77197982795104,Gene 78,1409
401.73622607396806,340.85699369977607,Gene 80,1409
400.3602855588146,338.8906984786943,Gene 84,1409
401.8143233621434,341.3857573782006,Gene 84,1409
204.3451803270573,343.9643464822934,Gene 37,1410
200.11761459058695,345.41225867108426,Gene 40,1410
201.48084230203023,347.0371103246524,Gene 58,1410
209.31591175785022,341.7866202236738,Gene 64,1410
204.49476923881232,345.8181757781034,Gene 81,1410
202.74401396050357,345.40666240896684,Gene 82,1410
200.16369206045525,345.62676919125744,Gene 86,1410
217.17387809696848,356.51694849279374,Gene 4,1411
210.87563056816882,347.36609186924983,Gene 37,1411
213.31129354860653,353.9526539997399,Gene 74,1411
211.36408085376976,348.67945806073084,Gene 80,1411
213.83426596614413,355.32458675940944,Gene 80,1411
212.1847366621098,353.8123312245821,Gene 80,1411
220.32383338541578,353.4307839327222,Gene 83,1411
218.1992408367763,354.19542244290386,Gene 83,1411
220.1774953515995,351.3316511221581,Gene 86,1411
217.6580450833196,354.50759892894024,Gene 98,1411
227.77711224028164,339.9785570583259,Gene 6,1412
225.51353714716285,339.71223401581574,Gene 17,1412
223.88282833279422,343.34165790767224,Gene 24,1412
227.52698705031924,345.9840602807349,Gene 42,1412
229.0175961838496,345.767755563062,Gene 75,1412
224.89143256431612,342.6811614496714,Gene 86,1412
234.47298007986004,343.50203018915846,Gene 75,1413
230.26167969616955,340.70846543454167,Gene 76,1413
231.32568361167247,338.10208486314144,Gene 80,1413
242.577134440181,343.10012266594515,Gene 82,1413
253.484746423538,346.1860441002673,Gene 3,1414
255.02324562544692,345.5516985077818,Gene 22,1414
254.84948725229526,350.42198274088696,Gene 74,1414
249.0827274398566,349.99217150839456,Gene 77,1414
255.51001011096983,346.317967686194,Gene 82,1414
255.63190582205308,346.8186184300245,Gene 83,1414
255.24664155597102,344.52836310999027,Gene 97,1414
260.0627744821902,343.72207398535465,Gene 22,1415
260.58724479064,343.8679268802695,Gene 22,1415
264.59556738986464,351.9461023360323,Gene 78,1415
260.75373771684843,352.33081787582296,Gene 83,1415
271.61607546795335,340.4940775601461,Gene 22,1416
262.8270107381855,346.6336454611323,Gene 22,1416
272.338376788005,341.24003606178564,Gene 22,1416
269.73341665071325,349.40172607708746,Gene 40,1416
263.0667662438157,344.7780118251382,Gene 40,1416
264.26233885343385,344.0978293754416,Gene 80,1416
271.39587119002294,344.5770139858185,Gene 81,1416
281.7590799269466,352.24732193291885,Gene 58,1417
279.9359445256895,346.34426629812657,Gene 77,1417
284.54897902109565,351.06053184412355,Gene 82,1417
282.53662743020965,343.41594622716684,Gene 28,1418
280.96478996000207,345.07942992801776,Gene 35,1418
284.909384916965,345.5720891344053,Gene 42,1418
284.5609334218779,343.1195580520696,Gene 64,1418
287.0065625126322,348.95121459760264,Gene 74,1418
289.7548263076301,345.3613078919195,Gene 74,1418
280.6337500112857,345.0832088590148,Gene 74,1418
287.98490506406193,347.11830317466655,Gene 98,1418
299.333156579129,342.7264122280788,Gene 83,1419
296.69813216049124,344.51717436969665,Gene 84,1419
295.758648197337,346.70629095953666,Gene 86,1419
310.7869188908856,337.3786414937013,Gene 18,1420
317.104436755267,341.9112102169015,Gene 37,1420
310.79282556555654,345.53536779699823,Gene 74,1420
302.4696012185084,343.3208991979664,Gene 75,1420
305.6024530380526,347.68750620410543,Gene 79,1420
317.0718140502541,339.47757396685085,Gene 87,1420
318.93502519267787,352.5721265634745,Gene 74,1421
323.2444343959801,351.26539625423925,Gene 82,1421
316.9737313721714,352.9822842354461,Gene 87,1421
329.1853429785216,346.75861938871526,Gene 40,1422
331.3818753856011,351.1707421659204,Gene 78,1422
336.4188167736555,347.6757827594005,Gene 80,1422
334.24504985168426,345.74414303147245,Gene 82,1422
332.18604579079664,344.6291469758189,Gene 84,1422
336.40376858181673,345.68256200186744,Gene 86,1422
342.4209348695168,345.94812740563555,Gene 26,1423
345.2659740740597,346.0823581206246,Gene 37,1423
342.7400784555499,341.6903965700788,Gene 74,1423
344.70923776202847,343.4454901969716,Gene 78,1423
355.21526424767984,344.21438631729677,Gene 4,1424
354.6877687642193,350.14689393491636,Gene 10,1424
356.55765997912,343.27206847844093,Gene 22,1424
357.04427332104405,347.2697966115572,Gene 40,1424
347.9576437622275,346.3666759012335,Gene 64,1424
347.577567080917,344.0927770473644,Gene 74,1424
355.06020355521156,350.4889067789485,Gene 74,1424
351.8141976625504,341.49609898703056,Gene 74,1424
349.73497793055566,344.6232834354038,Gene 79,1424
357.9318271468567,346.7061684613919,Gene 82,1424
356.7453692562104,343.30696117012883,Gene 83,1424
354.1259826229942,350.0504418215048,Gene 2,1425
361.86021639397904,349.02717108168133,Gene 2,1425
359.086899730328,344.9675754007586,Gene 41,1425
354.20910474841037,347.02107155069325,Gene 80,1425
358.2045576291449,353.0172511464614,Gene 81,1425
371.59906785922135,344.7498364127187,Gene 58,1426
371.930284201953,350.16266042296866,Gene 77,1426
366.2517140557706,343.71900000996607,Gene 80,1426
374.1078263450125,346.0708692374862,Gene 58,1427
379.20917984872347,343.1428303026434,Gene 74,1427
372.89828962436826,341.7621123553257,Gene 76,1427
379.3778344129897,347.15147366958104,Gene 84,1427
375.27564948492875,340.9366460366911,Gene 86,1427
386.02177778162843,344.95777745892684,Gene 24,1428
392.34524499246163,349.1067562346468,Gene 58,1428
391.524652754161,350.39930351213815,Gene 58,1428
391.6882514992289,343.53632908306537,Gene 86,1428
387.2837077762303,344.94552359298075,Gene 87,1428
396.03837119369183,356.26762700618605,Gene 42,1429
401.0575923649359,354.6517727280227,Gene 75,1429
393.2469599643327,353.2572274162984,Gene 79,1429
397.4343026247931,353.81881387203083,Gene 80,1429
397.9719006482886,347.99686545806173,Gene 2,1430
398.84910160421265,351.62460278165076,Gene 46,1430
398.86312421197005,347.69735160597946,Gene 51,1430
400.3985004454542,344.2357892507211,Gene 74,1430
404.4739871650274,352.2065334112919,Gene 74,1430
405.30517559559837,349.6294605324566,Gene 78,1430
407.3192584110177,352.04201816223764,Gene 79,1430
401.67721385586265,347.203914789505,Gene 79,1430
402.4627503469229,351.6301926307745,Gene 83,1430
400.25217515923543,352.1206618308385,Gene 86,1430
217.52769639118299,352.70633319980453,Gene 73,1431
219.43809463866842,355.870959852792,Gene 76,1431
225.7506186516285,352.3410432640463,Gene 82,1431
222.08332884062946,354.98080085875364,Gene 86,1431
222.15428642897854,348.8868625642295,Gene 86,1431
239.65096622152907,355.19995568740796,Gene 3,1432
229.1861074926568,357.89330708257637,Gene 17,1432
239.21028317887559,355.61654018037444,Gene 46,1432
240.07980991852116,354.2495086790309,Gene 58,1432
238.84260548567687,354.0169104839961,Gene 79,1432
233.0119499278673,354.01758627860823,Gene 79,1432
233.1475150799405,362.30844909763687,Gene 80,1432
232.65275732699058,352.44043998552337,Gene 84,1432
242.64247786531476,358.03042119275955,Gene 64,1433
245.0878034119436,350.8249521123,Gene 82,1433
240.742197916852,356.1225842565957,Gene 84,1433
238.82653972271137,349.0601135428105,Gene 85,1433
244.48747509997182,355.27432756873174,Gene 87,1433
239.81970932802338,350.5809719540995,Gene 87,1433
251.02460087608432,352.75503990574043,Gene 3,1434
248.13780722743272,356.0224390879798,Gene 37,1434
261.13272712438976,357.3906162848821,Gene 40,1434
255.53677442662067,360.1322793385504,Gene 80,1434
256.7323033700302,352.9035646765637,Gene 81,1434
257.02527746558434,361.1870936945658,Gene 81,1434
257.29795357768916,352.26622867270254,Gene 81,1434
260.12310060627334,354.6609715608853,Gene 82,1434
249.10536719448868,353.3473562054437,Gene 86,1434
263.8465463261503,359.5485109281682,Gene 40,1435
261.866927515924,357.405199560338,Gene 74,1435
263.2802514886138,354.29419386352305,Gene 77,1435
261.17823712395324,357.56199385676024,Gene 84,1435
279.23968283983515,354.4211641685041,Gene 2,1436
268.86901050941844,350.7989866049463,Gene 2,1436
271.0294268836411,350.60624379177307,Gene 21,1436
271.84423393223955,355.6319221065939,Gene 40,1436
274.1200358747943,349.31174083732793,Gene 46,1436
267.70666475634084,350.79461174081257,Gene 74,1436
279.7143347464788,354.61870899213824,Gene 74,1436
273.71486475184753,351.74269265361454,Gene 79,1436
273.4062581535995,360.7597633155353,Gene 80,1436
277.9475853511984,354.84242766724407,Gene 83,1436
270.991894461098,350.78382466518735,Gene 84,1436
275.17971580512284,350.3039561254148,Gene 86,1436
274.6490641353377,349.29934105587336,Gene 86,1436
274.91180288443866,356.4396260103497,Gene 17,1437
278.0459054154716,352.69536062674814,Gene 28,1437
276.4356230079942,354.78572042230127,Gene 40,1437
274.23352241404183,355.0845631579681,Gene 40,1437
277.14023629057306,349.95527429120443,Gene 61,1437
275.4982901057911,351.0611709141105,Gene 64,1437
283.02686210509586,348.74913396063886,Gene 74,1437
279.93987574128505,352.09897172419073,Gene 80,1437
288.56251455617706,358.7596873296808,Gene 37,1438
289.5706115722523,358.7882738661324,Gene 79,1438
304.357609245946,362.5007840772435,Gene 2,1439
309.4263987275869,358.67475553871884,Gene 22,1439
300.5607468044887,359.05665467167796,Gene 22,1439
302.30678381441777,362.18414622165614,Gene 75,1439
304.3852565257977,362.18195499517407,Gene 79,1439
303.23219732795746,360.7256959418028,Gene 79,1439
301.58624947419537,357.0804373819391,Gene 84,1439
304.34452258551295,355.4316057229666,Gene 86,1439
307.07080596876045,355.9993384818602,Gene 42,1440
309.54004744180065,353.3431198652814,Gene 58,1440
308.7972817977385,357.13828787442503,Gene 74,1440
314.74017052345755,357.70198976524057,Gene 79,1440
312.91584853166546,353.0948829707695,Gene 82,1440
311.0092909642741,353.19940414000575,Gene 82,1440
308.7204675102672,352.9997014481777,Gene 98,1440
311.47331270031947,351.88090419070005,Gene 98,1440
327.48172675703665,361.54493991604966,Gene 42,1441
317.17166366049975,359.93081901041916,Gene 77,1441
324.3162232653599,355.5436282534927,Gene 79,1441
322.87737929420757,363.22307430955397,Gene 84,1441
330.0271627283225,361.874399418692,Gene 17,1442
333.43433161739847,360.7703078608827,Gene 58,1442
338.6806304702452,356.83480574542347,Gene 61,1442
333.16351154200964,361.5325737485757,Gene 74,1442
336.19534430041426,354.96882952942747,Gene 75,1442
338.245151695897,358.54054824127604,Gene 79,1442
333.8740794754844,354.27058101271047,Gene 87,1442
341.97005094152814,355.2535057712531,Gene 2,1443
339.8029556957683,357.4652759993,Gene 37,1443
340.1428986161751,352.1941813749364,Gene 40,1443
342.4014551917148,356.61211082599027,Gene 41,1443
337.4091277685282,352.9899647325259,Gene 42,1443
336.80734984978614,354.6062795632874,Gene 77,1443
337.2171416329584,353.6154982313197,Gene 82,1443
354.94647906649556,361.6092618905147,Gene 37,1444
358.1427064668783,359.76198464529654,Gene 40,1444
351.1261984040052,357.5223532518241,Gene 64,1444
348.4865600247265,360.6726928048823,Gene 75,1444
354.799290815501,357.1497967342526,Gene 80,1444
357.33311251744453,358.98743571281693,Gene 82,1444
358.5459192307179,359.2270839294716,Gene 58,1445
364.39622672147044,354.94293268632066,Gene 61,1445
361.1630564985706,361.0529736324981,Gene 74,1445
366.47060347568373,356.2434853999174,Gene 80,1445
359.32409801426274,360.8839803227249,Gene 82,1445
368.91405873459877,353.66510220992393,Gene 64,1446
378.1466904714507,348.1983648663085,Gene 80,1446
370.19607639143226,352.11281479712386,Gene 80,1446
379.40378096059885,349.15752982406565,Gene 82,1446
387.6103216316346,352.9350288453354,Gene 3,1447
382.6207595530386,350.4391943554242,Gene 64,1447
381.0834781046421,356.10444141363644,Gene 76,1447
382.7718222807574,356.7603199877109,Gene 80,1447
384.21779545362205,349.250762219806,Gene 85,1447
381.06370884108134,356.1449470982285,Gene 86,1447
377.6241941545574,353.1466585026722,Gene 87,1447
384.82882532294224,355.5086883768562,Gene 87,1447
384.2627615417014,358.4774674679452,Gene 8,1448
385.8905780190442,361.1623401950561,Gene 74,1448
391.972529782247,359.18348761700867,Gene 77,1448
386.31956602177706,358.18897839658644,Gene 80,1448
391.4711206097117,361.63211470261723,Gene 95,1448
413.83672314274054,353.2376910488745,Gene 2,1449
408.3233441930279,351.5265137047914,Gene 46,1449
412.1930376855423,357.8018959449868,Gene 51,1449
403.301537343529,355.8388651450642,Gene 64,1449
412.5913104396143,354.9933207104835,Gene 74,1449
412.58944258032204,356.2718575856045,Gene 75,1449
406.97929760864804,357.78263762099976,Gene 78,1449
410.1808631503238,357.26183471108845,Gene 79,1449
407.4120715911463,354.73793617499297,Gene 82,1449
420.4138527402313,355.338076649019,Gene 37,1450
420.84910446297624,353.66666862879174,Gene 42,1450
414.526669638856,348.5302139407934,Gene 74,1450
422.14600955940284,353.0683269476483,Gene 79,1450
420.1939409704443,350.8688974266415,Gene 80,1450
417.2846065707714,351.2191907298987,Gene 80,1450
421.96833145397255,356.3193984393305,Gene 37,1451
429.8470936466757,357.8542683415207,Gene 74,1451
427.65066699780994,353.7712645255292,Gene 74,1451
242.45285339943993,365.1692630593099,Gene 22,1452
239.16595198239,361.36521374460415,Gene 37,1452
239.54022942255887,366.909678331449,Gene 64,1452
234.65625181712372,361.8640771573406,Gene 74,1452
239.97541221152713,367.17098948112994,Gene 75,1452
233.64409233083848,361.6367859614952,Gene 80,1452
237.63552758824662,369.3114296037864,Gene 82,1452
242.93723797677745,366.73285168552786,Gene 82,1452
240.7479589020446,364.8979495350889,Gene 86,1452
233.56262927702875,361.3639887105478,Gene 98,1452
242.16331210231291,359.4826750938305,Gene 22,1453
243.50007902138464,360.6446080360982,Gene 46,1453
246.6198109620706,367.1626754536474,Gene 79,1453
249.36640185954295,364.9332712137255,Gene 79,1453
250.9244335880904,357.24680807623787,Gene 80,1453
256.3547780373569,359.2984208964747,Gene 64,1454
258.1242210177298,367.5062975770586,Gene 64,1454
256.15330975675164,361.7650323732753,Gene 74,1454
255.6680603538842,365.8436028272498,Gene 74,1454
254.81716313668073,365.2348788803724,Gene 76,1454
257.54388250161526,367.14616828950693,Gene 79,1454
257.48623176862833,367.86609859182516,Gene 80,1454
255.3608951481434,364.590844061946,Gene 80,1454
267.77077140265004,368.16685664026284,Gene 2,1455
262.8315898084013,369.1281013633265,Gene 4,1455
268.92568126594983,365.2095435570463,Gene 17,1455
271.6509329556069,372.0682929028723,Gene 37,1455
270.37472975812364,371.3701590607271,Gene 64,1455
263.1258344710577,365.48470039275105,Gene 81,1455
270.3410399217553,371.9074786880625,Gene 82,1455
264.33278260035326,367.004779465229,Gene 96,1455
276.5341967347872,366.62485462877856,Gene 2,1456
278.74364077974855,360.199170725092,Gene 74,1456
284.918602504078,367.51500036668125,Gene 83,1456
284.11659883342776,364.03335276132077,Gene 35,1457
288.08499238543175,361.6471609151271,Gene 64,1457
296.45058282137785,362.7477961675937,Gene 76,1457
286.7482378843617,364.1860992271183,Gene 80,1457
284.87409183965315,363.80287241791007,Gene 81,1457
295.2427999478332,364.24884841951285,Gene 82,1457
295.15115510841486,367.0295652503369,Gene 76,1458
302.03392516770725,360.1201175987268,Gene 79,1458
297.8481766138974,361.7974559301123,Gene 81,1458
303.1007644537262,359.59987181399947,Gene 87,1458
308.6748380672986,369.3647624001415,Gene 22,1459
309.0833638222719,364.53467100007924,Gene 69,1459
306.0278645198543,366.854197003924,Gene 75,1459
310.8178493821368,370.65312631740204,Gene 75,1459
312.84116450845704,369.9132841036844,Gene 80,1459
309.0268659338071,369.95758776256395,Gene 81,1459
310.5447770431357,370.80426803261065,Gene 83,1459
311.6377885789239,364.47681764544785,Gene 84,1459
312.69794466271236,365.34950607374657,Gene 86,1459
312.8217674740953,367.06272562100725,Gene 97,1459
317.0698541984705,364.3217293428689,Gene 2,1460
319.1270852515761,364.3153378330594,Gene 42,1460
314.8445273621852,364.1083852668328,Gene 79,1460
316.74438651300346,365.2146858392315,Gene 82,1460
312.6657049975074,364.94646167429414,Gene 82,1460
313.6751252964884,369.94784028796926,Gene 86,1460
329.04015692156827,361.3238934095962,Gene 40,1461
324.0039551847937,361.6093416164654,Gene 77,1461
328.2851733433712,358.5687611907057,Gene 80,1461
320.81027550054847,361.9919740207216,Gene 80,1461
322.51565002114626,361.65529905664374,Gene 83,1461
327.0965594878194,357.0612248570029,Gene 83,1461
321.9060332441373,364.10193565938835,Gene 84,1461
342.36822860380727,364.43866490689675,Gene 22,1462
336.37805089039387,366.1156585769215,Gene 42,1462
341.5383641712146,364.68920176914554,Gene 46,1462
332.7416059834338,367.8342749362375,Gene 59,1462
334.1298627816599,365.49258737213444,Gene 74,1462
333.48974553244386,366.49898757993117,Gene 77,1462
334.46616842909606,363.4197401013689,Gene 77,1462
332.2212572043379,362.58717375104845,Gene 79,1462
337.0647943329436,368.550820129963,Gene 84,1462
338.9279328413543,366.0531822080878,Gene 85,1462
350.35624542670786,372.4389881342187,Gene 78,1463
351.2434011806091,367.9128964990377,Gene 79,1463
351.2057749600893,370.8304519017095,Gene 79,1463
346.30145756156145,372.1528765338559,Gene 85,1463
358.1838373706921,367.93609616433633,Gene 6,1464
358.6260625154054,367.7024024938749,Gene 37,1464
362.5332907624137,362.65119156612235,Gene 61,1464
357.70736607811966,361.39948420511166,Gene 64,1464
365.2513916257947,366.6207150975085,Gene 74,1464
362.9511164191133,367.8257144159945,Gene 75,1464
356.1770256631108,366.5082859514791,Gene 77,1464
356.8082513275866,368.25862804979636,Gene 79,1464
355.9376675207516,363.3755191621648,Gene 80,1464
359.65469762863563,366.41765731685973,Gene 85,1464
372.36616860492273,369.29619480922236,Gene 37,1465
370.7706040422435,371.9872482119494,Gene 40,1465
368.87736889847065,370.965173454588,Gene 41,1465
372.29997087710973,369.35634480459913,Gene 58,1465
365.5105891977188,372.9417523355277,Gene 64,1465
370.25294081242,370.34001189302086,Gene 74,1465
362.73385806645797,370.22159339112915,Gene 75,1465
366.36120060515645,367.6561780295436,Gene 80,1465
381.76227814091703,369.07303544687426,Gene 51,1466
379.54740263368353,365.29286565706866,Gene 58,1466
379.43428356431286,371.5726454200533,Gene 58,1466
374.5475014221935,366.1103862518307,Gene 74,1466
380.6697888136819,368.1145206218529,Gene 75,1466
381.36192488192177,369.46762609582487,Gene 80,1466
380.0826468917204,370.2154469470196,Gene 82,1466
373.95508181158374,370.2662338291231,Gene 83,1466
373.88660995574486,364.4752704578948,Gene 86,1466
386.2024652216413,367.52564716444465,Gene 74,1467
385.9331510524641,363.3235547073775,Gene 74,1467
395.6403092516716,365.21277196359154,Gene 75,1467
384.9630906610072,363.1626050884917,Gene 83,1467
383.724547903775,363.5058987233311,Gene 84,1467
385.33146401055296,365.38171343594973,Gene 86,1467
397.25740387102803,365.8096392204312,Gene 96,1467
395.0015153274488,368.4165772583059,Gene 17,1468
397.06247470279857,360.4209797009781,Gene 22,1468
401.7866723986263,366.35291247307515,Gene 37,1468
396.7904409440734,368.23188137817954,Gene 61,1468
393.7684380307358,367.2359419692788,Gene 64,1468
396.1280498994209,363.83694380188757,Gene 74,1468
395.28868914696835,369.15765949644106,Gene 75,1468
392.2676554547601,365.7330067756027,Gene 80,1468
397.4385751178792,368.9820376230992,Gene 82,1468
402.0986703366569,365.84584738956477,Gene 83,1468
410.66464474850864,363.7270602428569,Gene 2,1469
409.0849226291268,360.3841006834199,Gene 28,1469
416.3030814284896,360.2103848310918,Gene 37,1469
413.6039776630144,357.5835233048187,Gene 79,1469
412.285581105667,359.4696364130781,Gene 80,1469
415.4796332769657,357.24345517845137,Gene 80,1469
405.9149011710237,356.9675562725435,Gene 82,1469
410.99636804575135,362.66816688007395,Gene 83,1469
411.63652916972825,362.1844030333266,Gene 87,1469
411.4536397819428,356.5165060370118,Gene 91,1469
419.0641870012328,358.1188254147919,Gene 6,1470
418.64059956921403,362.61913450757794,Gene 8,1470
425.21553637748883,357.9149146219051,Gene 24,1470
424.5729208986142,356.2603481703879,Gene 40,1470
420.15796743248967,356.6543382984441,Gene 78,1470
424.33922662865166,365.4612851663404,Gene 79,1470
428.4114975596377,362.1422657486269,Gene 79,1470
423.04939068645666,358.9262276599582,Gene 80,1470
423.0335709506402,365.7951278333817,Gene 2,1471
427.9837571806642,369.70163804366473,Gene 4,1471
421.28976948161363,367.3082631808748,Gene 61,1471
431.69430236244386,369.26473632504997,Gene 64,1471
428.5569916040028,375.08306615139037,Gene 74,1471
430.94656941397017,368.58815476487393,Gene 80,1471
430.10434530679476,367.56201905639404,Gene 87,1471
443.3548552619994,361.81112124787694,Gene 28,1472
434.90009042816894,363.4398360356571,Gene 54,1472
434.5112556307091,363.29568109142724,Gene 61,1472
436.36979114154474,360.8547446018306,Gene 64,1472
442.18015112980305,359.2884145359991,Gene 74,1472
438.88006326566983,366.8611898502527,Gene 74,1472
441.4128725781501,362.38373562818197,Gene 75,1472
441.8235243245782,361.39049182716263,Gene 75,1472
439.7155505301882,358.92751024635186,Gene 79,1472
439.9880688075182,366.16259025014506,Gene 80,1472
436.9456192288627,365.35849421449086,Gene 81,1472
435.2412554223163,361.17823402251616,Gene 82,1472
440.58325181289007,359.9497643690215,Gene 84,1472
245.95140366857075,367.9912362093407,Gene 2,1473
255.64912587667425,370.2593496217401,Gene 74,1473
250.90525552570986,376.2895506500287,Gene 74,1473
248.2063625942702,366.08037087906047,Gene 79,1473
247.0644815721051,367.4466284654509,Gene 83,1473
246.32026321596197,368.0930710085653,Gene 87,1473
259.8454456101159,370.7467570086003,Gene 17,1474
261.66809389008614,378.2507986201772,Gene 74,1474
256.9058840104754,372.22403034474956,Gene 80,1474
268.44922371691223,377.40942180639496,Gene 22,1475
271.4697452794932,368.09559019090887,Gene 37,1475
269.5043498699518,375.8064358873073,Gene 64,1475
272.6412047433415,369.59031305243667,Gene 84,1475
285.43773125764983,374.2945604444967,Gene 18,1476
284.3446693559907,377.43005452192904,Gene 79,1476
281.85984847966637,379.1115716079995,Gene 80,1476
283.43516304574075,372.305756828812,Gene 84,1476
290.1923045982911,376.5611160190618,Gene 21,1477
295.1770750289812,377.36708606368603,Gene 22,1477
297.85749981016926,377.00115956183265,Gene 37,1477
300.8848652242113,376.2106493436551,Gene 43,1477
297.6487160271895,370.151444012298,Gene 79,1477
298.0162200701879,371.454328538195,Gene 80,1477
294.6322943016872,376.6833875248596,Gene 80,1477
289.9153828410599,373.0908480491501,Gene 80,1477
302.11144383809074,374.7783154011834,Gene 22,1478
300.400480529142,370.07484023469186,Gene 35,1478
309.96273672839413,372.09012132355815,Gene 37,1478
300.4356162688771,373.46049183082033,Gene 65,1478
299.5793874213434,372.86301340969,Gene 76,1478
300.2238271944631,368.7059189493623,Gene 80,1478
316.45648104665395,375.8868559576464,Gene 79,1479
315.09331396113635,373.4367074178094,Gene 84,1479
309.38940176596185,370.1658535744206,Gene 84,1479
311.45680637153487,369.56705123262566,Gene 86,1479
322.98012951595086,367.487938492793,Gene 58,1480
324.82766627788897,365.6553652374062,Gene 58,1480
319.41704360214203,368.66820170898404,Gene 77,1480
323.2826593698756,372.1937906020368,Gene 79,1480
326.7955316188248,371.9533029316,Gene 79,1480
324.4216473570538,369.2204476542708,Gene 82,1480
321.56385773906163,370.1622590170609,Gene 86,1480
327.9214454215166,373.99970625783226,Gene 40,1481
331.2567413805097,372.8670438574102,Gene 58,1481
337.6992625730661,378.4102308282079,Gene 79,1481
335.40934703330475,375.4336202310086,Gene 80,1481
335.2364374592968,376.9467172503922,Gene 82,1481
330.0088901181765,372.8553392687345,Gene 82,1481
329.94583590271037,378.13074810989724,Gene 84,1481
342.620204891683,368.48182189814645,Gene 61,1482
344.573414667865,368.3501082075291,Gene 64,1482
345.6448973475005,372.5205037194789,Gene 75,1482
345.3848810617527,372.8006406335496,Gene 86,1482
348.21588217431145,380.21889540519777,Gene 3,1483
351.3990197591259,379.80058319078194,Gene 74,1483
350.81716022139614,380.56665110456737,Gene 82,1483
352.88738021377543,379.8155639125817,Gene 86,1483
348.2540227142107,375.67731987517254,Gene 97,1483
357.4471522165018,373.7838459558352,Gene 37,1484
363.70324108020657,377.8274934780171,Gene 78,1484
362.5668037383965,376.8194716367775,Gene 80,1484
365.89268697704904,373.2319944979489,Gene 82,1484
365.8797835925074,371.21737694998694,Gene 83,1484
375.5090034661926,369.1241562491791,Gene 74,1485
366.6851535846885,373.9455816788806,Gene 80,1485
365.7189503055456,370.0315812218464,Gene 80,1485
369.9667758838542,366.43104962973126,Gene 82,1485
389.8962521088568,371.65131861433343,Gene 6,1486
385.21157780540625,372.2514670354285,Gene 74,1486
386.0169123631285,376.4477348731154,Gene 79,1486
387.49340929897807,376.3838980261228,Gene 80,1486
388.4253633792332,375.9452476120878,Gene 83,1486
386.4681460734325,375.98212632737307,Gene 86,1486
389.67503710573857,378.52711659898534,Gene 22,1487
391.9253929614119,374.8608803409627,Gene 40,1487
388.4284360131087,378.9807163093102,Gene 61,1487
393.53968744836646,382.13328878219966,Gene 79,1487
391.16177893477237,375.4042841411336,Gene 80,1487
388.85107518107463,377.31697533809347,Gene 80,1487
393.18916981911866,373.94303481042016,Gene 80,1487
395.43339305431044,381.98032307632565,Gene 82,1487
403.257013750397,367.8822974322575,Gene 37,1488
403.9424086157327,367.2704404333242,Gene 37,1488
401.559666720582,367.9966162644759,Gene 42,1488
404.7582249609002,365.2912118775703,Gene 76,1488
406.9997982404719,366.37695813888996,Gene 77,1488
414.46584526157665,370.30335656218955,Gene 79,1488
402.181959422133,369.51199200716843,Gene 80,1488
411.07220264517264,367.3382571445048,Gene 83,1488
418.555624227089,374.76911739693304,Gene 22,1489
417.5002303175058,375.5850490409563,Gene 35,1489
412.7260219421184,380.36033781529335,Gene 63,1489
418.4921083781269,375.1720666660834,Gene 69,1489
417.0167668081445,376.2241651169502,Gene 83,1489
428.5335538475078,377.0445983300511,Gene 78,1490
427.9306356338435,378.8411548522126,Gene 79,1490
435.22383802200227,370.099192410345,Gene 37,1491
436.98667940832826,368.4552823127164,Gene 41,1491
429.6379100384058,364.98594635490826,Gene 79,1491
433.15143991822424,373.012748027641,Gene 97,1491
447.3960192152362,371.67228168913266,Gene 8,1492
438.3504074079999,368.75207800269624,Gene 25,1492
437.60278594144086,372.2719387312972,Gene 75,1492
445.184319174164,367.2135754237741,Gene 79,1492
445.65671853878337,374.165741526304,Gene 91,1492
456.62155458792705,376.5534049097051,Gene 42,1493
456.6782199642533,372.66245008687406,Gene 75,1493
452.344372632386,373.70974010496724,Gene 84,1493
272.8867184844028,382.9636790655144,Gene 22,1494
270.89558292983406,380.74608016708504,Gene 40,1494
263.9178671962827,380.37909428819313,Gene 40,1494
266.1792225684113,378.43469258333096,Gene 74,1494
261.6553308904407,383.21182323633207,Gene 74,1494
270.899960365874,379.33302278953556,Gene 81,1494
269.32955932338257,387.5037049128322,Gene 82,1494
271.91153775002385,378.99000889680997,Gene 82,1494
269.6688726704091,381.2202334203286,Gene 82,1494
264.94093569181956,378.72512877243594,Gene 83,1494
278.7967912774344,385.1321443015694,Gene 6,1495
282.1693724576172,386.69291775079546,Gene 6,1495
273.4405062447821,382.3849492679776,Gene 46,1495
271.60441799542843,384.56455965881844,Gene 74,1495
272.90762042613704,387.57849029711883,Gene 75,1495
273.6443148642163,387.57760968179565,Gene 76,1495
279.73345271875763,379.55820523303544,Gene 77,1495
272.0971172216636,382.98509143003946,Gene 79,1495
274.63730546159815,388.2735273406386,Gene 79,1495
276.0513034292757,387.2466780458943,Gene 79,1495
271.5360368868157,385.61621549329806,Gene 81,1495
288.5306232084507,377.38402851450314,Gene 37,1496
293.51426186564606,380.212208701261,Gene 40,1496
292.9575720403529,377.89163952304204,Gene 74,1496
285.5280299754296,385.0945944161063,Gene 79,1496
293.38189912246946,384.21582256505104,Gene 82,1496
284.89188614752146,384.6799597370743,Gene 98,1496
295.27541130607875,383.79143981637674,Gene 40,1497
301.90940975475974,378.8668187488458,Gene 79,1497
296.23410814838854,382.3369714947252,Gene 80,1497
302.24227908434284,380.43009853284826,Gene 82,1497
296.41950617238393,384.0273514948414,Gene 83,1497
304.91616269847856,387.0021677921598,Gene 3,1498
302.917888195952,388.8516780201429,Gene 74,1498
308.82754717976286,382.5575394607738,Gene 75,1498
307.2615512443949,383.232853400284,Gene 80,1498
309.28406323850555,385.35965514256907,Gene 80,1498
309.99910042479814,383.55087258770146,Gene 82,1498
321.27967990682424,383.27086435180956,Gene 6,1499
311.6480538805107,382.76054163034104,Gene 61,1499
310.1661487162116,382.87709522964536,Gene 75,1499
316.40171239760787,382.2077413531534,Gene 80,1499
319.79086809899803,386.6038554703111,Gene 82,1499
318.94450912653525,380.47535290590264,Gene 83,1499
319.3788885889389,388.75649085875574,Gene 83,1499
313.3179121072573,380.00994941228225,Gene 87,1499
333.0148073916289,383.1714985057115,Gene 18,1500
328.1304687220888,381.00854416218243,Gene 78,1500
325.5728691102497,387.22511600148977,Gene 78,1500
327.07290186919033,387.48725954282696,Gene 80,1500
332.7725806835227,382.51222194502253,Gene 86,1500
334.8549055373769,380.1987564854364,Gene 37,1501
328.62482113743494,380.04403112425064,Gene 42,1501
329.4383186475023,384.90881638206116,Gene 42,1501
334.31250418244616,379.20494262109906,Gene 74,1501
336.77174532776985,383.89965528427047,Gene 81,1501
339.3410570052221,379.2479030836979,Gene 37,1502
345.9287457651236,384.6092777979573,Gene 46,1502
348.3159332409469,378.6982240929459,Gene 77,1502
345.8764471728145,378.54465481888695,Gene 79,1502
341.65362636607085,381.9352628082777,Gene 79,1502
346.70843630793655,378.13973159720734,Gene 80,1502
344.9342238494764,383.8678397310123,Gene 80,1502
340.9959097477535,377.9089593752328,Gene 82,1502
350.7665333121718,378.2072849596714,Gene 2,1503
352.6647031826631,378.7981896037842,Gene 2,1503
354.11644488977686,378.9390295740604,Gene 59,1503
361.43792323139843,380.08084895138745,Gene 63,1503
353.4639900081045,384.1101278540677,Gene 75,1503
364.3141596782659,379.97855340088967,Gene 81,1503
356.9668200660681,386.55525049468235,Gene 82,1503
367.3534512657569,379.3389014128082,Gene 24,1504
362.8656729194847,377.60424190571126,Gene 87,1504
386.40170639985524,381.89780336303556,Gene 17,1505
378.26510050454874,383.62830116559985,Gene 35,1505
379.1273651505439,390.33699717835356,Gene 37,1505
377.46980055498904,382.0099871546856,Gene 64,1505
374.64189715392564,385.93935340527025,Gene 64,1505
378.86346809750904,390.1408014408352,Gene 77,1505
380.8193158997521,385.94908246029195,Gene 86,1505
388.9501194090565,379.84301007555285,Gene 37,1506
385.7930214299743,384.866762212187,Gene 72,1506
393.2094734749163,384.31317850962483,Gene 74,1506
387.8096748022018,385.787881192419,Gene 80,1506
387.2070609798888,379.2147534827148,Gene 82,1506
396.41179708235035,385.13840412241666,Gene 37,1507
397.9295041548193,379.19337148961955,Gene 41,1507
405.38228892432875,382.90535386034986,Gene 58,1507
397.1529810648656,386.27737325622417,Gene 74,1507
403.5203614680448,380.75312802134624,Gene 78,1507
405.882599761449,386.22735106037464,Gene 82,1507
402.0615437468274,380.2850209144588,Gene 87,1507
401.36638386007183,383.7137800972668,Gene 75,1508
409.71217905369394,383.57029673923273,Gene 79,1508
403.92310787809174,388.51481428605285,Gene 87,1508
414.2325318655759,381.17411163923725,Gene 51,1509
417.7259507698169,382.1610844446986,Gene 64,1509
415.9943148135592,378.1352821638431,Gene 78,1509
426.18212406433275,382.09688399300524,Gene 78,1509
421.5226164814639,378.36262974763673,Gene 79,1509
418.86301502728486,378.3568618728968,Gene 80,1509
420.5819555005465,385.2762800079501,Gene 86,1509
422.61461339629847,377.8926626478439,Gene 82,1510
423.91032450587915,375.4418119907076,Gene 84,1510
435.8155299248242,377.7189218533526,Gene 40,1511
445.6777449324104,375.2825161875307,Gene 58,1511
439.3514641287108,374.34240313470156,Gene 77,1511
439.08013484003993,380.0608943894792,Gene 79,1511
437.43140656652656,376.84885339170387,Gene 80,1511
443.4960896583672,375.04999595571235,Gene 92,1511
452.2220958848465,378.6735812364556,Gene 3,1512
447.9381644389508,380.34969277341315,Gene 22,1512
448.2187663624859,379.7306953381348,Gene 37,1512
454.39175906123205,382.7959832325004,Gene 40,1512
452.7195037770645,383.070513585136,Gene 77,1512
452.216301146078,379.40877275093277,Gene 82,1512
457.92590776036604,378.45357903363526,Gene 46,1513
461.9720049717008,383.6346199799422,Gene 74,1513
462.9799745151762,381.67552430199703,Gene 83,1513
467.64180615739264,382.0811452975081,Gene 40,1514
465.7411025002045,387.1127620338148,Gene 81,1514
467.20632101400025,381.5337439210192,Gene 86,1514
285.40355187947443,394.7498665799612,Gene 37,1515
279.8452455843127,392.30026169978055,Gene 75,1515
279.4212395738256,390.94687207761564,Gene 75,1515
284.34530032004534,388.46794855528265,Gene 79,1515
288.80337321766694,392.40610488011777,Gene 80,1515
280.4764924627424,389.65886924873814,Gene 81,1515
287.246527303692,394.78853740440536,Gene 82,1515
285.64746133388695,387.03401174249007,Gene 98,1515
295.03462865796035,390.8423007862901,Gene 2,1516
286.09377599432804,386.5651971087798,Gene 58,1516
292.9561127595227,384.36752521831363,Gene 61,1516
297.67007202194554,387.71067159774697,Gene 80,1516
295.0725190845593,390.39362765095484,Gene 80,1516
304.362464149624,394.48108196705607,Gene 74,1517
295.1242921337435,391.79587777836093,Gene 78,1517
303.40480268338564,387.1065673864736,Gene 79,1517
303.67936008470076,387.3649174904657,Gene 79,1517
295.18288965737827,393.7858452114252,Gene 82,1517
302.2328669147855,391.79702083139824,Gene 83,1517
304.4619412855911,383.4167612897027,Gene 85,1517
310.15828157017495,392.75599536543814,Gene 22,1518
311.7892932431529,393.4378563158755,Gene 58,1518
317.6583484220546,387.8550360079126,Gene 64,1518
315.5912624883259,388.96480995687403,Gene 74,1518
312.85797674793866,394.8466496941294,Gene 74,1518
318.3477734650625,391.13479927455137,Gene 74,1518
317.10399506188025,393.77733656487095,Gene 79,1518
318.70974233627186,392.00772178255,Gene 83,1518
315.67211653915354,388.09732929848246,Gene 83,1518
314.69179257646425,390.6392366837725,Gene 37,1519
315.71808198552026,390.83429112529814,Gene 73,1519
319.364741340388,386.0656231916517,Gene 74,1519
320.68192466226463,394.74650280738877,Gene 75,1519
326.2234808116965,388.126843190415,Gene 76,1519
318.5518860903509,395.6250010667518,Gene 77,1519
315.23766422792966,391.28393922379036,Gene 80,1519
320.81648765803556,391.8245971620554,Gene 80,1519
340.64160650930893,386.8838897285756,Gene 28,1520
339.5526237381281,389.1644831842861,Gene 61,1520
332.5126172104841,391.9280701271328,Gene 79,1520
342.5583460947198,391.25852629228314,Gene 61,1521
343.79961312669224,393.4221093704319,Gene 64,1521
350.13620944140655,391.02885399797134,Gene 80,1521
343.19715200205127,388.11794489472226,Gene 83,1521
346.8224055908716,386.60349095535923,Gene 86,1521
343.535233835299,391.7371449391739,Gene 22,1522
351.7362294142977,388.6627453702293,Gene 64,1522
347.04702906969277,395.2222195835041,Gene 75,1522
347.60013212919233,389.12520562369144,Gene 83,1522
361.04082739017855,393.00810833916273,Gene 40,1523
363.25288995413683,396.36710707068363,Gene 87,1523
365.8722923454315,397.2597086265445,Gene 97,1523
377.3025446400753,389.00492665292444,Gene 2,1524
373.90885628211083,385.14375691196847,Gene 78,1524
367.95931394304864,386.3158437035033,Gene 79,1524
375.94692558086314,390.8345325898766,Gene 2,1525
385.13220936000505,387.9440892768119,Gene 37,1525
388.07850436860565,390.47720237397584,Gene 40,1525
386.45362925773856,392.053907094702,Gene 51,1525
378.69886209631534,393.58134188919604,Gene 74,1525
381.82029180912986,387.2504982995161,Gene 80,1525
382.7205219407902,386.7557917849286,Gene 80,1525
381.9664344757677,388.43686348138743,Gene 84,1525
390.9666083748249,388.411622710537,Gene 79,1526
394.5277137459588,393.16258172887535,Gene 80,1526
386.3485911087031,394.20417668435806,Gene 83,1526
398.6831393946767,389.160872421356,Gene 22,1527
397.54414997495627,391.3455549388845,Gene 75,1527
400.1310897859748,388.08806125983585,Gene 81,1527
399.21767271883505,389.4308148568143,Gene 85,1527
416.94338922429677,386.6460209666961,Gene 37,1528
410.10288210908453,389.640616392815,Gene 37,1528
410.98437221614313,391.6301092078114,Gene 37,1528
418.5413709333623,388.2377139616847,Gene 40,1528
416.59297079931156,386.8218424196934,Gene 40,1528
409.65947357942474,386.11234955622706,Gene 61,1528
410.7024437411699,387.5150270481945,Gene 61,1528
412.88831399662575,384.9760731277526,Gene 64,1528
412.6669356583848,392.66311242835957,Gene 74,1528
418.55722053019076,389.9049392560703,Gene 74,1528
416.1969979074152,391.29672323416065,Gene 28,1529
418.8389237886952,390.35519516527137,Gene 64,1529
426.65928908365066,391.222524003546,Gene 64,1529
415.1603194708083,386.569736336865,Gene 80,1529
428.99433870307195,387.76319872882027,Gene 81,1529
427.7564879028889,389.5549968099762,Gene 86,1529
430.77631546798364,386.4007606359274,Gene 37,1530
429.9923084865699,389.7784405632256,Gene 40,1530
429.6367356983448,388.73469845568684,Gene 74,1530
427.2577528564217,390.82167124549164,Gene 81,1530
443.33461353021715,390.55631089346934,Gene 33,1531
444.29127981124776,389.0393593749381,Gene 79,1531
446.84207777789237,390.6296189617723,Gene 80,1531
445.35134711113886,394.33700008272893,Gene 84,1531
457.82763482717985,387.6514669668169,Gene 3,1532
455.6483253733447,389.4238858175137,Gene 37,1532
458.2959668359791,385.65149801104644,Gene 40,1532
455.4770026573246,389.9053504414754,Gene 78,1532
453.10895184087804,389.84792759716834,Gene 80,1532
451.39778451653086,390.98110371544635,Gene 82,1532
458.5871800951739,387.0990637923961,Gene 83,1532
450.73888503608174,390.34878329569005,Gene 84,1532
469.71125380747094,389.14256400644064,Gene 37,1533
464.81229322443664,391.7916213290883,Gene 64,1533
460.65315308067596,390.88348298540404,Gene 74,1533
462.73134361856904,386.5252659560123,Gene 75,1533
468.5458780767536,388.9376079114894,Gene 76,1533
459.37123319876287,387.7822589887112,Gene 82,1533
468.5870324371371,389.32011702325565,Gene 82,1533
481.27878660360767,396.1729647839734,Gene 30,1534
479.30384981679225,394.5872486258425,Gene 37,1534
477.4368747527089,393.1162575478198,Gene 37,1534
484.5847003627799,390.59717901204766,Gene 58,1534
474.3982250381135,391.27916634845906,Gene 74,1534
477.62588223454065,393.9796248642765,Gene 80,1534
480.59036977027324,387.243443192553,Gene 86,1534
482.45975644966273,389.24248568461763,Gene 97,1534
484.0705230839382,393.61083835095485,Gene 37,1535
486.74220574321635,388.64054749707697,Gene 74,1535
484.56427989477334,387.9547528458794,Gene 80,1535
486.9708322876905,388.88562223818616,Gene 81,1535
481.41761252914006,390.67817957265294,Gene 82,1535
303.0135092538651,403.7598185764692,Gene 2,1536
302.08949628136975,394.4958233434448,Gene 37,1536
306.0393266334208,396.91971194217956,Gene 40,1536
301.8899532771678,398.64556906337884,Gene 41,1536
292.5180007009076,396.2271513323777,Gene 76,1536
305.35780979137576,401.80484971696865,Gene 80,1536
293.2786609645298,397.07246152491797,Gene 81,1536
297.3752327100439,404.32995968029564,Gene 83,1536
303.92637042701256,402.6665551007701,Gene 24,1537
307.1909019543851,400.9847770508023,Gene 42,1537
305.35719176805924,407.5301065300724,Gene 69,1537
313.86576307411775,403.0917089530601,Gene 78,1537
307.32415398094645,402.02988045946523,Gene 83,1537
320.5965467612662,404.24321394412163,Gene 37,1538
323.7189938718738,395.5631887685781,Gene 40,1538
320.92401057035664,401.8201553328633,Gene 63,1538
320.25390038607094,400.34430495724,Gene 77,1538
315.4146581629324,401.8196561774855,Gene 80,1538
316.709649136549,404.8157598140497,Gene 82,1538
327.5527009706162,399.1908628211312,Gene 24,1539
324.6187991897888,394.1289864528215,Gene 40,1539
329.504459618062,394.26819106909403,Gene 74,1539
324.49120985423576,400.05467824632115,Gene 75,1539
325.71738816581484,392.95467326446715,Gene 77,1539
328.15652558490694,395.9485537855293,Gene 80,1539
325.03155170522683,391.4301187907571,Gene 80,1539
326.6156444572826,393.62473954884814,Gene 82,1539
324.40693802511976,396.42043345845514,Gene 86,1539
328.95728978120627,395.08449997415687,Gene 91,1539
346.8387091690852,396.6357086556685,Gene 46,1540
336.2329924900888,399.12533258026946,Gene 76,1540
338.2884828504053,399.743180095269,Gene 58,1541
348.15757537253177,399.31396377305913,Gene 63,1541
343.8853563804684,400.65068366365085,Gene 83,1541
364.41370309286793,395.14936777953835,Gene 54,1542
358.98056182989995,400.80568402783615,Gene 58,1542
360.9724802744275,393.66027195689725,Gene 74,1542
360.3670045482223,395.0688827893167,Gene 74,1542
354.64962676449557,395.5541621759233,Gene 75,1542
364.48106031884134,394.57192188604574,Gene 79,1542
356.89919439140226,400.34085784158816,Gene 82,1542
358.6903632786649,399.8669243305211,Gene 83,1542
355.9564592057644,401.13228416065215,Gene 84,1542
363.05381582266585,396.7757153445542,Gene 86,1542
358.5564692585079,394.3844396876617,Gene 87,1542
367.46219119056167,399.406221982217,Gene 17,1543
372.4474160314325,402.7396572603703,Gene 40,1543
367.0902955524801,395.53950583962376,Gene 42,1543
373.67391197267597,401.3464929181616,Gene 69,1543
376.47827724803074,397.14755642822035,Gene 79,1543
375.81461172279535,399.50557325511085,Gene 79,1543
369.7205377036619,395.2331787193199,Gene 80,1543
365.56812910009813,398.57666927925357,Gene 81,1543
375.96012148443737,399.27980274805225,Gene 82,1543
371.58043728130025,395.17088403119214,Gene 83,1543
367.2592914023587,397.41785601829537,Gene 86,1543
369.21643859268534,395.74805446276446,Gene 95,1543
379.46696482513784,395.6018591198281,Gene 54,1544
382.3773747525528,399.7559913950674,Gene 74,1544
381.40310832213777,401.96391277125633,Gene 80,1544
381.17033710464744,402.67719611885894,Gene 86,1544
397.67780805926185,400.50099429362433,Gene 2,1545
390.92714649260347,399.0644908984053,Gene 58,1545
392.2192991119335,403.70905558153106,Gene 64,1545
392.16378613110925,404.6941407163889,Gene 74,1545
393.32578081441767,397.07076728201497,Gene 79,1545
389.0366423331762,405.05642674999706,Gene 80,1545
393.42416743309684,400.40352421821,Gene 37,1546
391.64213577051703,400.2624797636043,Gene 64,1546
393.22812676897394,393.7917489172658,Gene 80,1546
395.9682908736007,391.2967399185141,Gene 80,1546
396.90514457028746,400.98860522185,Gene 87,1546
405.7026927928221,400.5334114999833,Gene 74,1547
399.59613679184423,406.07833991595476,Gene 79,1547
395.8206883063306,403.7575496559257,Gene 80,1547
416.8235766059143,399.9816785673914,Gene 37,1548
413.02478577110645,399.408750848072,Gene 40,1548
414.947300746388,397.37070511928863,Gene 43,1548
414.11436991885336,395.03052207174983,Gene 64,1548
423.1552238829544,400.7726657143417,Gene 74,1548
416.07588100542415,403.3076044942445,Gene 83,1548
430.61744693046154,399.1036126125014,Gene 46,1549
422.67110857174254,403.2963481848518,Gene 64,1549
428.6229734996311,397.0480009662263,Gene 77,1549
429.3699354090343,403.26931822924877,Gene 78,1549
426.06824519297305,402.4230130765085,Gene 86,1549
440.5933870657984,392.39322121708557,Gene 35,1550
439.15380713291404,394.76017688426197,Gene 37,1550
437.87464200655484,392.8799322676006,Gene 74,1550
443.3985967266429,395.8287680120081,Gene 80,1550
439.5864172901322,392.8005319600178,Gene 83,1550
440.48319974277564,392.4542755301808,Gene 83,1550
436.64418568921604,397.53606352427084,Gene 86,1550
454.0124629141503,395.50520175606897,Gene 42,1551
449.48481621858394,403.02530107253915,Gene 74,1551
446.5265955000272,395.573930170449,Gene 74,1551
445.4361877546975,400.61598990750065,Gene 79,1551
457.7225343961289,403.7622965699556,Gene 37,1552
455.7045793853523,401.28500280916865,Gene 80,1552
456.46959557914636,405.49394681024296,Gene 82,1552
463.46004274283376,400.63913201965937,Gene 6,1553
469.10009220117695,397.1482177508345,Gene 46,1553
473.3790219595586,399.6222200612426,Gene 74,1553
471.723864972403,400.0502239003539,Gene 74,1553
467.93555276019526,396.2308465561003,Gene 75,1553
471.19553276454997,401.45730346428815,Gene 75,1553
469.69819453939317,402.7073579691061,Gene 79,1553
472.8293928647769,402.20827850922586,Gene 80,1553
466.6103206499746,399.1964743816564,Gene 80,1553
469.2938763188038,402.36419285736883,Gene 86,1553
480.0073318243011,399.88167208811615,Gene 17,1554
477.2803941636276,394.3489759363802,Gene 35,1554
480.3216543721022,402.55885585001676,Gene 74,1554
483.4039612249069,397.13437838122474,Gene 79,1554
484.34450879446564,397.25375494026497,Gene 80,1554
480.06912134621854,404.68062694780116,Gene 4,1555
484.5265630823755,407.94219660147223,Gene 61,1555
483.95545795285443,399.58513095631565,Gene 76,1555
484.93086058200623,397.3799052762662,Gene 79,1555
482.6635806071878,405.66267730357674,Gene 80,1555
494.626627097672,402.57859975746925,Gene 64,1556
505.1669462571319,399.31601199537863,Gene 74,1556
505.7203638464352,401.87980395464086,Gene 79,1556
499.3203288695172,401.60943205915464,Gene 80,1556
505.7163538459972,396.90256882474074,Gene 80,1556
500.7963454896413,397.80318045601837,Gene 81,1556
502.33904635661236,405.0488188079402,Gene 84,1556
504.1074938128825,395.2148396482721,Gene 86,1556
498.0399920233222,396.766896437292,Gene 87,1556
312.875738095028,409.38484423672867,Gene 3,1557
316.5112513352581,405.772158327913,Gene 37,1557
311.0577838653917,411.78218632722223,Gene 46,1557
318.25739308754635,411.5262898356919,Gene 79,1557
318.2543072861092,407.6806768604047,Gene 82,1557
313.28640885020445,412.52870199163345,Gene 86,1557
322.04415043460045,408.25431829668815,Gene 58,1558
329.1608590453613,415.0790631483055,Gene 75,1558
325.44224932634296,415.53754552659177,Gene 79,1558
325.3630296318277,406.25481509386185,Gene 80,1558
330.82591542924814,410.73722178948384,Gene 80,1558
330.27008483482456,405.934934905656,Gene 81,1558
328.133091359119,414.69463707542934,Gene 86,1558
320.48020990355,406.6399448672896,Gene 98,1558
333.4087594572641,408.8423874382341,Gene 46,1559
326.3052400915432,414.17376252487463,Gene 80,1559
325.6438347564245,411.71109345089405,Gene 80,1559
329.59609461385446,408.1275718470752,Gene 82,1559
333.80145191466823,412.768092425001,Gene 86,1559
342.85630064722824,410.7321074079718,Gene 22,1560
341.2142837749894,406.18926109321336,Gene 40,1560
345.06921332252244,403.84411194290186,Gene 61,1560
343.3563927716802,408.9156098208112,Gene 83,1560
342.9231191582607,404.48140972309056,Gene 85,1560
347.9431314292477,405.07900688946427,Gene 86,1560
354.17496523784087,409.89070163076343,Gene 3,1561
352.17794624248097,408.97781446473135,Gene 61,1561
350.66099677193,402.1939223556561,Gene 74,1561
355.2372572440634,400.6163472009007,Gene 79,1561
359.28828264945264,402.171633099361,Gene 80,1561
346.4389669916125,402.0700540274621,Gene 82,1561
354.7347082401105,406.9919635107269,Gene 82,1561
347.6804597961109,406.0918281797447,Gene 84,1561
360.4182128706701,407.3055706417184,Gene 22,1562
368.8886432152219,408.7394228249261,Gene 58,1562
361.52552559122074,411.19828353701286,Gene 63,1562
358.6845807288231,409.65827267013356,Gene 64,1562
365.6630721566121,410.6889226272875,Gene 74,1562
363.108618298419,404.3079263521698,Gene 78,1562
360.99800682428935,406.99498981157524,Gene 79,1562
366.14739936864464,405.9553890720946,Gene 80,1562
361.0857262793161,410.8771702426617,Gene 81,1562
367.82866175791503,410.17458155171227,Gene 83,1562
366.4697929056384,411.1209459906264,Gene 84,1562
371.43162934679884,407.13786475075653,Gene 2,1563
369.5217130769884,406.7200023005378,Gene 18,1563
373.9265631945715,411.57398518504164,Gene 37,1563
380.1177969342214,406.9793591877049,Gene 40,1563
369.3843225255912,408.1364864591481,Gene 80,1563
378.9984470257262,404.5799458483829,Gene 83,1563
389.2082837737728,405.8999421832924,Gene 4,1564
379.77732324514903,409.4698381115422,Gene 64,1564
380.1701171681186,405.61277851548954,Gene 69,1564
387.3979806004604,414.51778908127704,Gene 76,1564
386.9458062410783,403.93683670523865,Gene 2,1565
394.2443235423541,409.3060817386171,Gene 2,1565
390.44773099444393,409.96188376568256,Gene 40,1565
388.5011212525656,406.84408464125926,Gene 40,1565
389.4855865987197,401.9491754500224,Gene 78,1565
393.46960447193453,402.47511797190737,Gene 80,1565
389.94624434304745,407.6163798259417,Gene 84,1565
389.3780966189921,407.21754290258144,Gene 87,1565
390.6040983704203,405.97099678678336,Gene 98,1565
401.4220388533078,411.29706466271415,Gene 22,1566
397.38385080979316,411.834758269878,Gene 37,1566
397.8152349830215,407.4252313512644,Gene 64,1566
400.7250316986597,411.92988286508626,Gene 74,1566
400.98134625313475,412.4392858914473,Gene 77,1566
409.38332067387046,409.34751401691324,Gene 80,1566
401.6624302599244,405.0237506880842,Gene 81,1566
406.35409705747816,405.80449292494626,Gene 81,1566
403.05715737449526,413.2022662107984,Gene 84,1566
409.43746109881215,410.5715053341734,Gene 64,1567
413.84172835910636,404.1950075936114,Gene 75,1567
417.4165929014529,406.42880606152323,Gene 60,1568
426.45638741101914,414.0782007452148,Gene 74,1568
420.7441596315421,408.7061074855923,Gene 79,1568
425.06673218217975,408.0319233188438,Gene 86,1568
428.7068257208371,402.83538154489537,Gene 74,1569
437.2142937863478,404.7164154108988,Gene 75,1569
436.69318543918587,411.2039683186212,Gene 82,1569
442.30001371968405,412.17767435795076,Gene 37,1570
449.36943668733784,412.27952418640007,Gene 77,1570
449.2875837534409,409.71972915911226,Gene 80,1570
443.51787583440847,411.9533518625567,Gene 80,1570
445.6676187210374,413.5170707072841,Gene 81,1570
449.94810211921583,410.0628149213169,Gene 98,1570
452.26228297148236,401.23180362388234,Gene 64,1571
456.5605732307458,404.2926285192699,Gene 74,1571
445.4519132717056,410.94724980244746,Gene 75,1571
448.81407900649964,403.81540954994546,Gene 77,1571
456.7806430529612,404.1638980059214,Gene 79,1571
456.9075442384662,405.7252512884943,Gene 80,1571
446.31882413199264,406.29837343612525,Gene 86,1571
464.50835460260635,407.11775861729046,Gene 74,1572
463.8660778904499,411.03622479513893,Gene 78,1572
479.89400475597387,405.4523762078552,Gene 22,1573
478.8735107353158,406.75211505503387,Gene 75,1573
473.3774139342022,409.5496717135,Gene 83,1573
474.4668683145547,411.82242099138756,Gene 22,1574
484.89963612633875,409.8666377350635,Gene 80,1574
475.86133569425084,411.64014742710685,Gene 82,1574
481.10162433343913,409.0820526603783,Gene 82,1574
483.41230298930697,411.2168351187263,Gene 82,1574
475.2809121406464,407.34130490335855,Gene 95,1574
492.0485214443378,402.5652015190825,Gene 74,1575
492.41288375930617,401.9686717329472,Gene 74,1575
489.01917026663875,405.44061631455247,Gene 80,1575
493.7481101053148,410.1019876867645,Gene 84,1575
501.42265963177493,402.9778880994266,Gene 2,1576
504.53166907693543,410.3438885676981,Gene 37,1576
508.3373116669236,406.73571769701437,Gene 37,1576
498.4585154635408,405.7271140408037,Gene 40,1576
503.10108234607065,404.14528905544734,Gene 58,1576
506.31789665676195,409.2224903844863,Gene 74,1576
506.8205048344507,408.3919089884003,Gene 76,1576
496.5009279771747,407.5995915802194,Gene 82,1576
508.09390259092487,403.7352423118648,Gene 42,1577
517.3176258726784,406.55658748691707,Gene 46,1577
510.01782554335364,406.0995714704584,Gene 82,1577
333.2140375681916,416.0817617328179,Gene 6,1578
329.997851646943,414.6461881173816,Gene 24,1578
332.3598948062875,416.60566114729914,Gene 74,1578
334.7267591464026,417.22419794000564,Gene 74,1578
326.11977464569657,413.659286835304,Gene 75,1578
325.78929225530806,414.04747404226373,Gene 87,1578
336.9876579243732,416.7460500623765,Gene 37,1579
332.3080925083063,413.4648628111457,Gene 37,1579
332.5250380509741,417.23481117094326,Gene 75,1579
335.88165759288444,417.8213516719645,Gene 76,1579
338.4859721377096,413.59744027776605,Gene 79,1579
333.0787433909913,413.53791035454344,Gene 82,1579
356.4306574074585,414.4155845822194,Gene 30,1580
351.71116151967055,416.923691401429,Gene 42,1580
356.6642154436607,418.95032933459225,Gene 74,1580
352.76065159005606,422.1400512752203,Gene 78,1580
348.06755894542624,413.99427511362273,Gene 81,1580
353.65489114030146,416.6241103108779,Gene 86,1580
359.221795308258,417.2690880685462,Gene 42,1581
352.9240549145355,419.12155273534614,Gene 74,1581
356.74183137268557,420.6061017194447,Gene 77,1581
356.17964648116134,414.7423172889757,Gene 78,1581
352.5790919750709,417.2709317561113,Gene 80,1581
352.06736353421627,415.73814875345926,Gene 80,1581
356.50642304862055,416.86712971616254,Gene 82,1581
350.53756273161633,418.3069424346249,Gene 83,1581
351.99438104589694,420.28670361614996,Gene 84,1581
357.67832956643804,421.2825906365941,Gene 98,1581
366.0251896842893,411.60527621983783,Gene 22,1582
372.4665114275488,413.1343451173036,Gene 35,1582
361.65071650122286,415.983224829163,Gene 37,1582
359.2599092442117,417.03331115619807,Gene 74,1582
371.25539555041587,414.9021676172282,Gene 80,1582
359.6742948717847,417.97617717289506,Gene 80,1582
360.7332762979331,413.8495355007546,Gene 86,1582
380.63987596911613,411.09294006362137,Gene 2,1583
381.88030517232426,415.90511168796706,Gene 8,1583
371.78836541185507,416.97080639308206,Gene 17,1583
377.89691673903553,412.4834567995471,Gene 40,1583
374.9130907280413,420.00662334958656,Gene 74,1583
379.74009448197916,409.4482678768008,Gene 74,1583
374.71455836073085,418.9391791434385,Gene 75,1583
373.8401771180757,412.70174542993396,Gene 86,1583
387.3112744786009,417.9377796358981,Gene 60,1584
385.4751105507273,418.54757524244366,Gene 76,1584
388.68755376455266,413.9974458102262,Gene 76,1584
382.34025923103906,414.43998068871423,Gene 79,1584
386.8013520816788,416.05125173514205,Gene 79,1584
383.4393661730266,419.07990155561663,Gene 82,1584
388.1073750147095,413.4247918253246,Gene 87,1584
395.753863883675,411.65318494952544,Gene 22,1585
401.8152085139649,420.56934499585196,Gene 40,1585
402.74976561439564,416.50023327435673,Gene 58,1585
394.57061126320144,419.5862896392831,Gene 64,1585
394.91281755583685,420.7002659198376,Gene 74,1585
402.800309406915,414.7996914042687,Gene 77,1585
399.54775540446,420.7127157400017,Gene 78,1585
399.43997488529027,412.79833996438754,Gene 82,1585
397.202252685959,415.9727222509157,Gene 98,1585
399.75361993506283,411.64844755901527,Gene 22,1586
399.2664060943796,416.4452057816628,Gene 74,1586
400.8116310193426,410.8100089328419,Gene 74,1586
399.5002556398607,411.9030552227845,Gene 79,1586
402.4898949775499,411.8249885695724,Gene 80,1586
420.3086260486234,416.2581921668801,Gene 59,1587
420.25920614890174,413.95165872488855,Gene 77,1587
418.4807663157766,418.5236293276491,Gene 78,1587
422.0188802069977,420.08224805586315,Gene 81,1587
426.40734327898593,418.2432341947168,Gene 82,1587
422.9443578554342,414.4983493768756,Gene 83,1587
418.94672206741564,415.46714624981195,Gene 86,1587
426.42336445570857,409.78116686202395,Gene 4,1588
421.6830476520395,410.1272302128655,Gene 22,1588
426.5774982828657,413.12323375913087,Gene 37,1588
420.49780015714845,410.1310370160148,Gene 40,1588
421.2297582939393,412.1447585348532,Gene 46,1588
420.44027041783335,409.70223825884267,Gene 58,1588
420.07471067248963,410.45888733611974,Gene 58,1588
428.1092504119793,409.5825082612807,Gene 64,1588
422.04285494717567,414.6625435503054,Gene 75,1588
423.1158895033633,407.6942489085827,Gene 80,1588
427.12109325757,412.8946921000358,Gene 80,1588
429.10080916309386,411.58316864039546,Gene 86,1588
438.85849532389653,412.1841150864001,Gene 2,1589
446.7563273778471,418.45006019158143,Gene 41,1590
447.0281979122224,414.25470220254994,Gene 80,1590
446.85480597425266,415.98007810927766,Gene 81,1590
450.59292326107897,416.14109862821044,Gene 83,1590
450.11435869231315,415.33792382674727,Gene 83,1590
444.728876362863,416.3467795286967,Gene 83,1590
459.4750459330333,415.4290451585501,Gene 35,1591
461.54099964965036,418.6253626765745,Gene 40,1591
465.266742658499,415.41754054098897,Gene 83,1591
464.41357422447226,417.9792595090786,Gene 83,1591
467.4007843054582,419.5767883541204,Gene 42,1592
459.2470466544897,418.63160075783003,Gene 74,1592
462.6513312576338,410.2083139403176,Gene 80,1592
458.96511548974576,415.3004482967169,Gene 80,1592
462.8391916126021,412.4860296001699,Gene 84,1592
483.08786428937157,414.3428034522036,Gene 46,1593
475.2843602947433,418.99619201552326,Gene 74,1593
476.42892592781726,418.09295321568504,Gene 78,1593
477.00200679506247,421.1754543526703,Gene 79,1593
481.6002102669408,413.16154225418694,Gene 79,1593
477.4859047292312,420.38405007230807,Gene 81,1593
483.36346035482836,409.1410380976163,Gene 2,1594
488.82383695298023,412.41082912147033,Gene 80,1594
480.58527791033544,413.8423552103761,Gene 80,1594
495.79810483477945,414.28775197237496,Gene 46,1595
497.1160183320603,416.65463097406575,Gene 58,1595
498.9040630887979,416.80156338949655,Gene 74,1595
498.6716973971289,415.09527408403545,Gene 75,1595
490.99381898511274,417.01051633883185,Gene 78,1595
499.89839955806053,416.7660622913195,Gene 83,1595
504.4689220357874,423.24340492363126,Gene 2,1596
501.4885912975032,421.6189363184353,Gene 37,1596
502.6363992204272,419.3927134326884,Gene 58,1596
511.3034130002252,421.23727259231293,Gene 75,1596
505.149377626558,414.6616223134174,Gene 82,1596
500.046550795812,418.1085670865026,Gene 83,1596
520.5361145157392,418.419001884371,Gene 41,1597
509.321318866224,419.4081399331988,Gene 74,1597
518.4899267547353,425.1068379304925,Gene 79,1597
516.3558602353705,416.35671964304,Gene 80,1597
514.6890402266117,417.2034826434963,Gene 81,1597
511.1829478348381,418.4713270922136,Gene 82,1597
531.1062718311665,412.8944914393425,Gene 59,1598
530.4959525090703,419.3891599037384,Gene 64,1598
531.9424924502061,416.19928275975604,Gene 82,1598
529.2768542282415,414.36860356092654,Gene 87,1598
532.6805764357514,414.5985783257541,Gene 91,1598
346.25244232695826,420.15467597318724,Gene 75,1599
346.84666312578156,418.50153912287095,Gene 42,1600
352.1607410255142,417.21165373473207,Gene 75,1600
355.73582406956075,420.47361758442463,Gene 82,1600
357.0621543925688,426.131700308836,Gene 40,1601
359.7719405176122,425.3103131978299,Gene 46,1601
366.3351133986682,422.7365375381075,Gene 74,1601
361.86475095861863,418.7790520613247,Gene 75,1601
374.45532881731725,431.4350483923438,Gene 58,1602
370.772466562438,423.6403442906843,Gene 74,1602
375.01784593526924,430.67181258900723,Gene 77,1602
377.1863197829603,427.41516669196847,Gene 79,1602
385.68038932577036,418.02269410583585,Gene 74,1603
380.53967829808016,419.8994904207458,Gene 74,1603
386.83043067100834,420.4912265003239,Gene 74,1603
388.538223587138,422.01885930352034,Gene 74,1603
385.05500699640504,423.9357138808683,Gene 76,1603
387.19301365223265,424.61547535031156,Gene 77,1603
381.9549780070593,426.7036139802368,Gene 77,1603
388.802298669623,424.7449497414061,Gene 87,1603
393.7006652345464,426.7705723268047,Gene 51,1604
398.49582078406564,426.0150403430557,Gene 64,1604
391.95459282017157,426.3351871274092,Gene 64,1604
392.79570814952064,424.26754052242666,Gene 74,1604
399.39824763147845,422.68846488773596,Gene 74,1604
397.3355465456522,427.51943759389616,Gene 76,1604
392.54386301813616,424.277624619224,Gene 82,1604
400.9032324389876,423.46701137858594,Gene 83,1604
403.48565621072925,420.15813495031455,Gene 22,1605
396.99629965312874,425.57454703644515,Gene 74,1605
397.10350510191455,422.4997784567361,Gene 74,1605
401.2147723884572,429.53319007720125,Gene 79,1605
416.31403849095284,426.00007576858525,Gene 22,1606
416.7319905255886,421.9377716164663,Gene 74,1606
414.97539262055744,423.95051478958453,Gene 80,1606
410.9337137792591,420.95136120402634,Gene 81,1606
412.78736087684695,421.08406445406575,Gene 82,1606
416.3179492480499,424.8402668328159,Gene 84,1606
420.30547094619016,424.2712150818991,Gene 87,1606
414.13242147426325,424.66575547381996,Gene 98,1606
418.7753090301746,426.01214105027236,Gene 61,1607
422.6877211853694,421.3588289721779,Gene 78,1607
425.18624952917224,421.0687655273263,Gene 79,1607
429.598710982702,425.45264028505284,Gene 80,1607
427.68370574073595,426.78410321441834,Gene 80,1607
421.71530787216307,419.30127785195157,Gene 80,1607
419.99517699402435,421.96971831607067,Gene 86,1607
436.2733114484192,424.3620178261312,Gene 8,1608
434.95704333744027,423.0851177679607,Gene 22,1608
433.21105711233605,425.9660598519003,Gene 40,1608
433.6763702737251,430.23189711978443,Gene 58,1608
438.8287613746624,426.8293105576114,Gene 74,1608
438.2731357754808,427.7748059650705,Gene 74,1608
433.55533276368016,429.1577316623858,Gene 74,1608
432.74421227356424,429.4488041231871,Gene 79,1608
441.36757837302724,426.83258757968497,Gene 80,1608
431.9819310026277,426.0227845193273,Gene 86,1608
430.9863903717043,425.92015283660527,Gene 86,1608
438.8779012787402,424.5885182771997,Gene 22,1609
444.4267079831505,424.5203188049697,Gene 22,1609
439.16171477408403,424.17079191936057,Gene 37,1609
445.02023544557056,425.27912127873907,Gene 54,1609
439.546148925947,425.66535842366375,Gene 77,1609
446.0520165068229,426.95493440514997,Gene 83,1609
442.9748586488607,432.14991301222494,Gene 86,1609
444.9185743758077,423.7526506469298,Gene 95,1609
447.9807374768806,430.6543471715287,Gene 22,1610
453.57374519244104,431.48543632632993,Gene 58,1610
456.37803262032475,430.93890641424,Gene 73,1610
449.993511283595,425.76623257730245,Gene 75,1610
450.29118340501526,423.84182336654607,Gene 75,1610
451.49106152218775,426.7266754031641,Gene 77,1610
452.0177614679471,425.0256505276096,Gene 82,1610
458.40300842120433,424.4464513171324,Gene 83,1610
458.375359784588,422.85640054511146,Gene 4,1611
467.36605574500027,420.07308993449857,Gene 30,1611
464.1475017908216,417.243913071965,Gene 58,1611
459.5314387214873,421.3103982469869,Gene 65,1611
457.8945828902764,422.69599562261726,Gene 74,1611
462.7890335931808,424.32286958450555,Gene 81,1611
458.19703141868683,419.33015404551196,Gene 82,1611
472.70045468193837,421.10430383374023,Gene 2,1612
467.8478212343795,425.3341782180863,Gene 37,1612
464.9130381260713,419.7293529861318,Gene 54,1612
470.33553717982585,415.617148853446,Gene 75,1612
472.6161737968649,417.4425956110487,Gene 80,1612
465.226174028284,423.1752486937509,Gene 84,1612
466.5113106749545,415.54565005306597,Gene 87,1612
478.9907410242998,422.0591645219624,Gene 4,1613
482.26082335211294,427.573392867045,Gene 74,1613
474.8414603033189,426.5068446640951,Gene 80,1613
481.33555944806426,424.80823972586677,Gene 86,1613
483.2529287224243,424.71892774043226,Gene 86,1613
496.7008306720098,428.63517236609965,Gene 28,1614
496.0296236721799,429.8211741823398,Gene 50,1614
496.6318335018781,422.5360132161658,Gene 54,1614
495.7741026104523,423.68387664362467,Gene 80,1614
488.4211726482668,424.46240037304324,Gene 81,1614
488.3288919145255,425.3760800181257,Gene 81,1614
487.48135581005073,424.543436897303,Gene 81,1614
495.9240911094836,424.208129516255,Gene 89,1614
508.7706494197563,433.2615530404821,Gene 37,1615
511.7700537621914,431.6102389141569,Gene 54,1615
510.4329641143186,434.22905718723115,Gene 64,1615
510.1865468104201,429.0196810079889,Gene 75,1615
511.38695118680414,430.429752682137,Gene 80,1615
510.0909313258138,428.38452709862855,Gene 82,1615
500.78959788066373,431.3819468581255,Gene 82,1615
511.45019599404685,427.8036407291506,Gene 82,1615
507.706543337282,421.08908864150237,Gene 40,1616
510.80958531685474,422.4094704506899,Gene 73,1616
509.05250281691656,423.9094424775851,Gene 74,1616
512.7854159973607,423.2720307694226,Gene 74,1616
509.2939207050044,420.1704668228528,Gene 80,1616
507.3933845183533,425.0698115935999,Gene 82,1616
513.0278362046253,419.2258652570526,Gene 86,1616
508.9752429062094,421.9997323408166,Gene 95,1616
521.893040451241,430.09688121913257,Gene 10,1617
520.71300913638,426.5294575621283,Gene 30,1617
528.0510772363091,424.54562456978965,Gene 74,1617
525.0990312796494,425.9321173081908,Gene 80,1617
526.3744789083092,428.0859777582576,Gene 80,1617
530.2007994413158,426.7577355365104,Gene 83,1617
526.4622283322711,429.3246219600817,Gene 86,1617
527.9106383429842,430.53430693893574,Gene 86,1617
524.9242758241378,421.311982302186,Gene 2,1618
524.5163909137245,423.15207517144444,Gene 26,1618
534.9897188428967,421.5799299741197,Gene 37,1618
524.4973608915909,424.53160883442723,Gene 40,1618
526.7432479038226,421.0904077542247,Gene 42,1618
525.7637958361319,421.2515844666108,Gene 51,1618
524.1507156494429,424.35521522202987,Gene 61,1618
537.8012198312473,425.6287453602971,Gene 74,1618
536.4743650567248,421.3652331321547,Gene 80,1618
535.956329752505,427.102111109685,Gene 80,1618
535.5852207759935,423.3412466612151,Gene 81,1618
525.7594870304702,425.15254340474706,Gene 82,1618
528.5847232918499,427.7177976228508,Gene 98,1618
543.1374792455528,430.9373882119867,Gene 3,1619
543.4123399540166,421.3090095099134,Gene 3,1619
550.3230585075833,424.45705235408604,Gene 46,1619
544.8836424402964,425.07175358537637,Gene 80,1619
543.7419535805318,429.91356802251175,Gene 82,1619
547.5483198774251,432.25626283636393,Gene 83,1619
361.5721682107362,439.70616309897594,Gene 2,1620
362.84196500410155,440.49331534353263,Gene 3,1620
361.98987284817923,431.2095373552608,Gene 61,1620
358.52780633025765,433.90937708793587,Gene 74,1620
361.1809151599245,432.92890915481286,Gene 75,1620
357.9868122592708,434.83724106744364,Gene 78,1620
365.9295596870063,438.0479070284287,Gene 79,1620
362.43061468042197,432.0992198695207,Gene 81,1620
358.29075972033894,438.4921342932961,Gene 82,1620
366.04050774987786,433.1876634147305,Gene 87,1620
370.58948535529316,434.4287900589492,Gene 2,1621
369.54160612583223,430.2184582500303,Gene 58,1621
373.3874564328667,437.66473859208577,Gene 64,1621
370.15193279283864,438.12126990152996,Gene 74,1621
368.79629174053815,431.56552684960303,Gene 74,1621
365.84567608411663,433.84957263111016,Gene 74,1621
370.5017564370185,430.4738797561031,Gene 79,1621
372.55367178281557,436.71270013174643,Gene 79,1621
370.968034546403,429.70878976872064,Gene 80,1621
369.1078086984751,433.53235274957063,Gene 83,1621
373.76769758072254,430.0604180183926,Gene 84,1621
374.42346684779835,433.4338704476944,Gene 95,1621
373.3364598773879,432.7825511274122,Gene 18,1622
372.5932149079532,428.3583791413817,Gene 37,1622
372.46158605186093,435.7842361181028,Gene 74,1622
378.88743358083565,431.4804903268709,Gene 74,1622
372.4446363347161,427.95835702962927,Gene 84,1622
392.60643389264794,433.6812049916769,Gene 58,1623
388.6885853044514,433.71936692175626,Gene 74,1623
386.35643683994664,437.9471016958268,Gene 74,1623
389.9549734673697,430.3655740913969,Gene 76,1623
393.0223395827186,436.0173671007042,Gene 81,1623
391.14647891666186,431.2811262839908,Gene 84,1623
399.2561309640077,428.6471966529319,Gene 22,1624
396.59101574311387,431.0724032728806,Gene 74,1624
394.0299786194631,427.35594561605336,Gene 74,1624
396.0237554994647,425.11368454202136,Gene 82,1624
393.93089081280596,428.6062885685756,Gene 82,1624
392.1880695799553,427.66963476226545,Gene 83,1624
405.2615335139136,432.40903765244735,Gene 10,1625
402.4066835181729,433.58172281528596,Gene 74,1625
410.58711882206853,436.5813075914657,Gene 79,1625
403.7539981084494,433.40851174554734,Gene 86,1625
419.4338047878502,429.75697031141834,Gene 2,1626
423.4840058133896,431.6381048394288,Gene 3,1626
422.39233232866025,438.77832734418604,Gene 58,1626
422.2031514005363,433.6709332217992,Gene 72,1626
425.34607861144036,434.18411776732427,Gene 74,1626
418.14134137515777,432.85022168886536,Gene 75,1626
426.2614777731165,436.5885813601396,Gene 75,1626
426.18467181311127,433.77507060661225,Gene 2,1627
429.8911297333529,427.32494267152583,Gene 18,1627
429.61219221817777,429.60126334680405,Gene 26,1627
430.77302613163283,428.7962585719296,Gene 59,1627
427.7923021200916,437.3691762058391,Gene 75,1627
427.1898670343273,430.52810982575716,Gene 77,1627
426.01077921959535,436.171380928002,Gene 79,1627
444.7375408891854,432.9482851933482,Gene 74,1628
433.44497728065187,432.7876149597441,Gene 80,1628
433.6071049189319,432.55110354489796,Gene 83,1628
439.8160972137075,437.80404879001674,Gene 86,1628
449.39623446305353,433.1674872235529,Gene 24,1629
443.0339381087448,434.4564025135437,Gene 79,1629
452.87093510962904,434.5984597076896,Gene 79,1629
450.02156060112367,436.5395548706016,Gene 80,1629
447.6488840856111,436.6826341095549,Gene 80,1629
451.20947420281016,432.8960395563501,Gene 80,1629
452.1903265074792,432.19286874249633,Gene 82,1629
450.4764228030588,431.81758611823403,Gene 86,1629
464.3991330671131,438.19692439445333,Gene 18,1630
461.76866004292236,438.6529747477492,Gene 42,1630
464.90585191335407,439.2707790987503,Gene 74,1630
453.4380539946148,437.9461425068004,Gene 74,1630
455.9251309820122,443.54829819440835,Gene 74,1630
465.2642784157213,442.1238658359095,Gene 74,1630
457.3691887351864,435.82436883909304,Gene 75,1630
457.7192466817154,434.76587397993484,Gene 80,1630
470.5886030817295,435.5237342156269,Gene 42,1631
468.5358437144823,437.68914070853555,Gene 60,1631
472.73759151290466,435.322678314642,Gene 77,1631
466.2980341917268,437.79214666470597,Gene 77,1631
467.4182963080934,430.2810862893824,Gene 83,1631
482.6449121276607,434.5178476832658,Gene 4,1632
477.1099781501023,439.99638739881146,Gene 37,1632
476.6447703922841,434.23054721665454,Gene 58,1632
481.3766770410233,442.25502535153544,Gene 64,1632
476.6064451634041,438.65580184028835,Gene 80,1632
481.3018249824545,432.2892534655534,Gene 87,1632
472.1518867052816,437.4523753548014,Gene 97,1632
485.2406032859289,435.25475312858623,Gene 2,1633
488.5270631531255,435.4181833730995,Gene 41,1633
484.5397916685155,428.0548038425593,Gene 41,1633
483.59183154256385,432.7887743624285,Gene 58,1633
483.3968830324055,429.06417570898844,Gene 74,1633
483.17188954672775,434.8687249453314,Gene 83,1633
499.5572779172981,437.68742714943704,Gene 74,1634
499.00566097191694,427.30095674674357,Gene 79,1634
494.90957043546985,427.243974147286,Gene 80,1634
499.7013098870918,428.86393398251585,Gene 80,1634
494.7408108432315,434.4711784424336,Gene 83,1634
508.09655344454706,441.569655400836,Gene 80,1635
505.6345748113592,434.78365167582257,Gene 81,1635
509.6396528043451,438.5268387548098,Gene 85,1635
520.218365926069,434.07298787185954,Gene 37,1636
517.1743091168503,438.44539489703266,Gene 40,1636
519.7044407020328,434.8915547159279,Gene 41,1636
515.7619519913004,431.9949403169131,Gene 58,1636
511.7677025669176,430.0688112819116,Gene 80,1636
512.3078665654866,437.7243020659322,Gene 80,1636
520.0652328282906,435.0052928060643,Gene 82,1636
515.19750714465,430.42987445485636,Gene 86,1636
528.2779622991129,437.9135176239139,Gene 64,1637
532.1677090023849,429.9450175307954,Gene 64,1637
539.3014768301247,433.2695647577621,Gene 74,1637
530.8208600313718,439.0270586115298,Gene 74,1637
537.517030828873,434.77409972383555,Gene 80,1637
528.3845574960103,438.94521613593434,Gene 83,1637
524.6513537863289,434.5783299214043,Gene 83,1637
539.1696504678631,434.9104647668779,Gene 84,1637
534.6122109417565,435.3171664388295,Gene 37,1638
535.1052719617164,429.4810793644188,Gene 42,1638
535.9034178489159,434.1037830569975,Gene 46,1638
533.4745404833562,434.7813501834021,Gene 63,1638
539.7290223858413,434.3143427250424,Gene 64,1638
534.1060504077097,434.6988479349868,Gene 74,1638
537.5162873332471,434.79557611401924,Gene 79,1638
540.6153882881782,432.2905933343334,Gene 84,1638
538.615380034258,435.4405696203989,Gene 85,1638
557.3965461226242,431.8485191962374,Gene 35,1639
550.8115664203799,426.5089331484021,Gene 46,1639
555.4139491780672,434.5196808208229,Gene 79,1639
559.7303935898848,433.6357256163554,Gene 22,1640
559.7808382847539,433.4241475686149,Gene 37,1640
550.7105649476974,427.2128715212394,Gene 61,1640
551.0626063216873,430.58888538534285,Gene 61,1640
552.80974995442,427.0105976907993,Gene 75,1640
551.662402944965,432.23956415705777,Gene 79,1640
551.952235401589,434.6634219571604,Gene 79,1640
377.00398894468975,443.026538724471,Gene 37,1641
370.2942162646032,442.31547748435634,Gene 61,1641
375.24171079545005,440.81062209882504,Gene 75,1641
369.678406136885,446.22733156704544,Gene 78,1641
376.178083552795,447.2614787557644,Gene 82,1641
373.5165057684994,446.45541842883,Gene 84,1641
368.3245363322223,446.6072133770641,Gene 87,1641
378.17114054143576,440.3330477957787,Gene 3,1642
382.017090119843,433.8349811383429,Gene 37,1642
381.22970779681526,435.41800372928486,Gene 64,1642
379.00563712774107,438.9844794668344,Gene 74,1642
384.8666185180749,440.6928805194981,Gene 74,1642
384.33635480178475,433.05554047093347,Gene 76,1642
379.6278597667396,435.5561538330837,Gene 81,1642
396.34360170506807,442.17899651237997,Gene 40,1643
396.6827972726215,436.9601120344759,Gene 80,1643
398.3899121391323,443.70818448852066,Gene 80,1643
386.9737290176588,437.54949026409287,Gene 80,1643
399.81435857463856,440.56893638190553,Gene 83,1643
396.15495964333894,442.9136469477466,Gene 83,1643
392.9937374233172,441.6178824082557,Gene 87,1643
394.81418091483124,435.066646852595,Gene 96,1643
404.7830433366939,444.57254854486786,Gene 3,1644
409.5801714555939,446.4355756695574,Gene 26,1644
397.67989646438843,451.94495195288204,Gene 37,1644
404.3455617138928,442.5209815095106,Gene 64,1644
400.8945954837642,454.3670258571193,Gene 64,1644
398.281656850989,444.57941231454157,Gene 74,1644
407.22001741079396,444.34965604547796,Gene 75,1644
405.7679823389794,451.9541880459408,Gene 77,1644
406.26927672772325,444.81116961085263,Gene 80,1644
400.4863824177847,445.6791580940103,Gene 83,1644
412.59150655452055,443.3172835961917,Gene 58,1645
422.67832241953533,440.1965088233137,Gene 63,1645
421.008349968882,440.2609796263819,Gene 76,1645
422.38835849826074,440.51253273613617,Gene 77,1645
411.5426620414552,441.4865216565169,Gene 80,1645
411.44183642473547,442.6649521246,Gene 85,1645
425.6788443606662,441.5116604078007,Gene 3,1646
424.70773542896967,439.5353155598168,Gene 79,1646
423.14150934820003,435.6465780496616,Gene 80,1646
435.32447272207327,449.9916832295775,Gene 79,1647
431.02083898471363,445.5170021784724,Gene 84,1647
440.5909960181075,444.27784373828683,Gene 87,1647
444.80957475713205,444.5924749425193,Gene 37,1648
451.71343581658164,438.2373225508872,Gene 74,1648
451.1729441437187,438.8215986896665,Gene 80,1648
449.4367110419841,447.12734915030364,Gene 80,1648
454.4918051714841,439.56329224270814,Gene 37,1649
447.06206383533805,438.2436872778058,Gene 78,1649
445.95850046952256,441.5762371647032,Gene 87,1649
464.14396536724576,446.7139734465902,Gene 75,1650
465.86300363995167,443.71298428291567,Gene 78,1650
462.2882009901934,443.74501651263023,Gene 80,1650
470.4520754814488,446.1032013339478,Gene 81,1650
466.90429424268916,438.67754892499244,Gene 81,1650
464.27725246689045,439.4413026774908,Gene 82,1650
469.17345376019546,439.57090344306243,Gene 84,1650
470.9132130564398,441.6787950311092,Gene 87,1650
471.94543053021846,438.7188400794816,Gene 41,1651
468.0107299634123,439.72830672044284,Gene 64,1651
468.57598168993053,439.4304505631271,Gene 74,1651
469.59731006464676,445.6433783127881,Gene 76,1651
476.9862784255706,444.3221971402518,Gene 76,1651
466.76336324473965,444.8241251543816,Gene 76,1651
467.0661657055431,439.55883280208036,Gene 80,1651
465.17278121873665,441.9554728684837,Gene 86,1651
489.3108896065867,444.64468992582334,Gene 58,1652
488.27284858282496,446.3093575057569,Gene 76,1652
480.72901888210464,444.97388303603094,Gene 77,1652
479.7766023955666,449.32286506087314,Gene 80,1652
482.83829804041767,448.5547681449959,Gene 83,1652
479.760064905808,444.7779934203911,Gene 84,1652
487.0932051580109,442.61321457747135,Gene 74,1653
486.9900343502997,439.81858405226075,Gene 79,1653
492.6914347327299,435.7087233334802,Gene 84,1653
507.637775584144,434.7599927146446,Gene 36,1654
506.19252972460146,436.453861159008,Gene 76,1654
500.33742818525536,438.2989750436144,Gene 79,1654
511.45076017233293,437.60682271010137,Gene 22,1655
514.0302425736389,445.39103179224117,Gene 42,1655
516.5662192151525,440.00090625207906,Gene 42,1655
505.46252177041015,446.62767607234963,Gene 75,1655
502.35166180400523,445.380225394071,Gene 76,1655
507.73311430052837,438.51017786117575,Gene 78,1655
513.3180977220289,446.3498235184664,Gene 80,1655
515.069257891118,441.2491408420956,Gene 83,1655
506.3378587333817,444.083508036545,Gene 83,1655
519.9638533618466,445.552751671403,Gene 18,1656
523.553518283025,444.9746377548627,Gene 22,1656
517.8801182489922,444.89954462748653,Gene 74,1656
520.5753654250675,437.27333831695006,Gene 79,1656
517.2617817290773,443.7133751934971,Gene 80,1656
516.3058875072493,441.8796917733887,Gene 84,1656
522.8865334006637,446.25152866375686,Gene 98,1656
540.5768668513014,445.50728191112256,Gene 8,1657
535.1820838658093,445.6975492032513,Gene 37,1657
535.4308132705556,448.0788229463841,Gene 46,1657
539.8771300237518,446.1419021319097,Gene 58,1657
536.3389083531007,441.1185165985691,Gene 58,1657
533.9004317403192,441.34504514053674,Gene 61,1657
539.858927188324,446.2534211772305,Gene 64,1657
534.3169389293821,441.2551242072986,Gene 81,1657
534.6014304036188,441.5190188104653,Gene 87,1657
537.9321809184192,446.6604145423519,Gene 95,1657
546.0235439838294,443.579928407803,Gene 37,1658
545.052115700187,444.5765221980464,Gene 37,1658
541.5450677762791,453.5955230261965,Gene 40,1658
544.5607754072348,445.5314308329659,Gene 64,1658
540.5511962114248,446.1270931473777,Gene 75,1658
543.5318039970482,453.26280067593336,Gene 78,1658
542.8287534384201,454.05739223546607,Gene 79,1658
547.7194873913176,447.42410176976716,Gene 2,1659
560.068864184274,443.08151945762364,Gene 2,1659
547.6709843936003,447.8696705163359,Gene 42,1659
559.8784435534146,450.2298125422677,Gene 64,1659
549.7801956261746,443.21449579803357,Gene 74,1659
553.8435113194452,452.1072644490265,Gene 79,1659
548.7838491667271,449.45700353402134,Gene 80,1659
555.926881243619,441.6252935318359,Gene 80,1659
551.9061406053929,450.8903295455663,Gene 82,1659
555.8634133429013,437.31245118980786,Gene 40,1660
561.311748229388,444.0895563957869,Gene 41,1660
561.8289379767298,438.6857315260481,Gene 64,1660
552.7702603887673,437.98859079904577,Gene 64,1660
559.0337321919172,440.133704857578,Gene 74,1660
558.4200891878926,435.8365175386052,Gene 75,1660
561.8577887064389,437.9615392750766,Gene 75,1660
552.1083302527086,440.7940396744918,Gene 86,1660
581.9070350957212,444.419024138344,Gene 18,1661
577.0609421137708,445.25108372939746,Gene 37,1661
580.679304059323,440.56343737449737,Gene 40,1661
573.0748538824439,441.8498399227464,Gene 46,1661
573.6979174962557,446.2822373932896,Gene 61,1661
579.1065220624105,445.8482204229575,Gene 64,1661
578.5311804809525,439.6208626836539,Gene 75,1661
574.7054941343024,440.2167214430453,Gene 75,1661
574.2509557298927,445.0882261355387,Gene 79,1661
579.8982894628174,439.5417651005571,Gene 80,1661
381.9666880816839,447.55522043103326,Gene 58,1662
377.6112143955621,451.85749443271067,Gene 58,1662
378.98271407259944,452.57223064695415,Gene 64,1662
389.28940237341067,450.24405197501545,Gene 77,1662
387.5085487309159,453.1630289184375,Gene 80,1662
383.99457614658803,456.8756770248107,Gene 80,1662
389.24974795301654,453.53951080783077,Gene 83,1662
380.7841779824564,453.256231590405,Gene 83,1662
379.11861396225214,453.6236499662903,Gene 97,1662
387.7276482320236,453.9106668232706,Gene 98,1662
395.7799113019135,452.49640438005986,Gene 28,1663
396.6207737767575,442.98659623081915,Gene 35,1663
396.3700690422336,455.2265559371127,Gene 42,1663
401.4238154815231,453.02866726635506,Gene 58,1663
391.7640395401677,442.7951359216612,Gene 63,1663
393.552035543009,453.7636260768639,Gene 83,1663
392.94630872471777,451.26894034325875,Gene 84,1663
408.0666063667291,450.0841675375838,Gene 2,1664
412.9799110977902,455.40256778684386,Gene 22,1664
404.4782509352383,455.01730706949314,Gene 37,1664
411.9539370126768,454.0866809530392,Gene 42,1664
404.74695078628264,454.0124125327961,Gene 74,1664
410.5999085976408,454.8656389296784,Gene 80,1664
406.12129639952263,456.24493165939947,Gene 80,1664
413.81355465924645,455.66273393283996,Gene 22,1665
418.07583124874157,457.71409307300655,Gene 58,1665
416.55472229896503,451.6086122964594,Gene 78,1665
409.2211924756758,452.0814465367734,Gene 80,1665
419.03383204214055,455.09202563407456,Gene 82,1665
419.46417084518595,456.40418590315755,Gene 84,1665
430.96660828774674,448.58445167896804,Gene 41,1666
420.70506984111626,446.7023672624661,Gene 86,1666
444.1511367960943,445.12581387327947,Gene 22,1667
447.2638376620506,449.41457337596614,Gene 37,1667
437.89516371782184,451.9442141397906,Gene 74,1667
445.3430217247915,445.57871900096114,Gene 74,1667
435.96389577962225,446.41049442958257,Gene 80,1667
444.0454461234745,450.76176292800255,Gene 80,1667
439.6932195673148,452.4065108735785,Gene 83,1667
443.14101924710377,447.103625991943,Gene 86,1667
441.60862984001363,446.8308467208075,Gene 6,1668
444.6859744803125,445.56588224115626,Gene 54,1668
443.1721443179057,453.60833572814823,Gene 77,1668
451.0269840693679,448.76106638792584,Gene 81,1668
449.4650222752173,452.0387301664367,Gene 98,1668
456.82286570780684,452.6769903497543,Gene 35,1669
454.1547690808594,453.2352677196777,Gene 37,1669
457.2929715934662,449.64171604990116,Gene 77,1669
458.9057062134098,448.92180540932833,Gene 79,1669
458.52242892123587,449.0634026838558,Gene 79,1669
462.4692657453115,451.34466165810204,Gene 80,1669
461.24629729546075,454.9028877706277,Gene 82,1669
463.0762621251122,449.97276475127916,Gene 87,1669
473.22144824625786,458.66107132251824,Gene 18,1670
471.1458967751354,451.8203089713593,Gene 41,1670
475.1310406894742,459.9893479218355,Gene 74,1670
472.6624475700831,457.0876615193505,Gene 74,1670
471.21640031758284,450.7281412946473,Gene 75,1670
469.69007469287135,454.37970125644205,Gene 75,1670
475.8820676982047,459.2372504488481,Gene 79,1670
478.09689690248985,456.5819653011959,Gene 79,1670
474.3236379769061,459.8758191890876,Gene 82,1670
475.0637780348985,459.4065795588562,Gene 84,1670
481.8450840378662,449.5617978712196,Gene 4,1671
478.8890077796063,449.1815749612634,Gene 37,1671
476.47044660755023,450.50359386848754,Gene 58,1671
483.6931266231633,450.9372403303904,Gene 64,1671
474.8452723042779,453.26496975056887,Gene 76,1671
476.59760623128386,449.33629404416155,Gene 76,1671
478.9940203833378,448.96559957417514,Gene 79,1671
481.9318319550779,449.0213675350314,Gene 79,1671
473.395890354471,456.12686898363285,Gene 84,1671
475.7473479785768,457.73577259789585,Gene 84,1671
488.70532166187917,459.3653388747654,Gene 6,1672
492.8563590547586,456.5541817030879,Gene 37,1672
491.79881018853223,454.7233380033729,Gene 75,1672
486.05263376178516,449.94788261601246,Gene 84,1672
488.7538304190287,449.4225737140285,Gene 97,1672
484.62278628101217,450.85420419363476,Gene 98,1672
494.658256870978,451.3842637016344,Gene 35,1673
496.05867930547515,458.32292601974564,Gene 42,1673
495.21028802227664,457.095641539998,Gene 81,1673
495.6418902501611,461.3021954734821,Gene 86,1673
496.55828433441843,451.201557597355,Gene 98,1673
507.0853888807035,445.61591378340745,Gene 37,1674
509.5670482255292,447.4937050941323,Gene 58,1674
509.9000068372727,450.00145593179957,Gene 75,1674
499.12984391675684,453.32515676871384,Gene 78,1674
507.2353189575106,447.49159834334625,Gene 80,1674
515.3328680472961,456.5126100025598,Gene 37,1675
522.6629990333641,455.2679070955409,Gene 58,1675
522.7822041527655,454.6933114118197,Gene 78,1675
515.7966953053486,449.90840345704555,Gene 78,1675
523.076412225695,452.37914025092897,Gene 79,1675
514.2485623859485,451.9424158191762,Gene 80,1675
525.6805527020015,455.5291418318022,Gene 85,1675
524.8675285766357,450.55279769964466,Gene 28,1676
530.1934361239934,452.3471635449182,Gene 42,1676
526.1183939827614,456.5726523302526,Gene 42,1676
523.986711609917,450.920401109517,Gene 58,1676
527.4116691466953,455.07586553702475,Gene 61,1676
525.0328860817008,449.55322583254855,Gene 78,1676
530.5962249423643,450.74901682163267,Gene 80,1676
523.9310483474084,452.8139499558221,Gene 80,1676
532.1342351056528,455.4863273105872,Gene 84,1676
532.6973927418502,456.45434849398384,Gene 86,1676
529.2708659208937,449.7359958792338,Gene 87,1676
539.3341521408005,452.1996503943996,Gene 37,1677
532.5659592597706,451.9062250737379,Gene 41,1677
540.9617077041053,451.16899045731435,Gene 64,1677
537.5579489663481,447.1194277118385,Gene 72,1677
538.1863329433901,454.6776010722896,Gene 79,1677
541.0647225163897,451.145152044953,Gene 82,1677
546.1817101456891,450.0314231080429,Gene 74,1678
549.1743829360612,448.37018547980716,Gene 74,1678
547.737270957151,450.2013522833644,Gene 74,1678
543.3041907257649,450.0961545248684,Gene 79,1678
538.8484865204637,450.8552482571405,Gene 80,1678
546.3622179666986,445.8450922667138,Gene 80,1678
544.2694061281838,448.4387467693804,Gene 83,1678
549.3147472929451,454.2822600901524,Gene 86,1678
543.5821726448489,459.3559124759333,Gene 98,1678
564.035901993243,453.6978126476484,Gene 82,1679
558.9419222024668,447.8527539001903,Gene 82,1679
563.6932581414129,450.28765145424995,Gene 22,1680
566.7779832779866,449.04627033577236,Gene 37,1680
561.2539588264741,450.59155413058414,Gene 74,1680
566.182065481439,455.4439172985778,Gene 76,1680
573.2887866637177,449.61108805778264,Gene 83,1680
569.0536373707945,446.95117678017533,Gene 74,1681
569.0887164703345,450.37568838489176,Gene 75,1681
571.7384704616296,443.90705312865003,Gene 79,1681
576.3980898326984,454.82635009576865,Gene 82,1681
583.7324284683627,445.8953704411345,Gene 2,1682
579.7344002723446,447.953162799981,Gene 6,1682
577.9428497191789,450.9860893561427,Gene 22,1682
583.6156125797401,445.6433939783394,Gene 79,1682
581.321224530003,446.41713776089983,Gene 83,1682
585.6968711120708,447.5814669470161,Gene 84,1682
578.486445369044,449.6138659525809,Gene 95,1682
581.5320796427744,453.11643603933925,Gene 98,1682
403.3290645254332,458.06836289133787,Gene 18,1683
397.14419766315507,455.04987844560264,Gene 28,1683
401.9267965862965,459.3013192588933,Gene 58,1683
398.85909247249094,460.77154243667917,Gene 64,1683
396.5614662744942,453.769173511523,Gene 77,1683
402.3307553144527,452.7172296047569,Gene 80,1683
403.68410325331587,455.05393129030523,Gene 82,1683
403.1759957664962,455.3643127706006,Gene 83,1683
397.3443971932907,455.87147780374744,Gene 84,1683
410.76899526568366,454.787568796987,Gene 64,1684
414.696192794616,459.28069344235,Gene 82,1684
424.14464853247097,454.090611472026,Gene 37,1685
428.93585251340437,455.5238774629204,Gene 40,1685
427.0680913694655,459.0457200821185,Gene 42,1685
427.3319630522523,454.21183253798705,Gene 74,1685
423.4969550677369,454.34872679560823,Gene 74,1685
425.18461269759234,459.9811914195639,Gene 79,1685
421.4195657912857,454.6047591671089,Gene 82,1685
439.003835458533,460.78248133671525,Gene 37,1686
436.42819713636845,460.65982679904187,Gene 42,1686
432.173507818152,464.4169091211726,Gene 58,1686
428.58623264335444,460.7426599894045,Gene 64,1686
429.2807205024727,460.83674295483496,Gene 78,1686
434.9804958970863,464.3083890373764,Gene 80,1686
432.72311176856,458.71853892141274,Gene 83,1686
449.8563074480197,460.7902067351735,Gene 40,1687
451.39441358933755,456.5104261990044,Gene 74,1687
444.96595770265014,459.4241194717047,Gene 75,1687
450.2180011848468,460.37756355345795,Gene 87,1687
457.3909550500243,458.0999108704973,Gene 22,1688
449.9253497020628,461.71295331207875,Gene 80,1688
449.1959960174467,459.41488798688795,Gene 82,1688
449.97326890538966,457.1042825435748,Gene 83,1688
449.77503557194353,456.96662021704105,Gene 96,1688
461.20019591535856,455.8253605412885,Gene 17,1689
468.0135154086653,459.47277447077977,Gene 18,1689
460.62513131862335,454.18919130965077,Gene 35,1689
465.9991423633414,454.69383996512244,Gene 37,1689
468.2430468661991,459.86994308147115,Gene 40,1689
468.3399616017458,461.2476579830816,Gene 41,1689
461.32997411254047,458.2492911304938,Gene 46,1689
461.3755034466285,454.41602979435487,Gene 58,1689
461.7109181252496,453.9015436097619,Gene 58,1689
470.78871242472866,458.9398991764525,Gene 74,1689
465.31150544670544,458.6077000284947,Gene 79,1689
459.97256458229987,456.1383474899658,Gene 83,1689
470.56657842372204,457.5204285693232,Gene 84,1689
472.4897304667683,458.4370044476276,Gene 64,1690
469.9535661922182,457.1713471358578,Gene 74,1690
471.21633816234146,465.180955881488,Gene 74,1690
479.42007978296164,459.5729941794171,Gene 75,1690
473.6259932837445,457.6337854223787,Gene 78,1690
478.9551768571755,459.066416921693,Gene 86,1690
465.92974703024066,462.12842078286457,Gene 86,1690
489.50547160169157,462.5227804244845,Gene 42,1691
489.31268471774837,463.3051717633159,Gene 77,1691
488.4811346893788,465.1681685795066,Gene 79,1691
490.3512019826826,463.91874716055435,Gene 80,1691
493.61556827814917,457.61675836771684,Gene 22,1692
486.6550572596804,456.4356387731435,Gene 37,1692
492.4708500885167,456.2965331242687,Gene 58,1692
486.3634797861251,455.9249510910269,Gene 58,1692
487.6700270490907,453.20558697506505,Gene 64,1692
483.5025764232044,456.64600096936334,Gene 74,1692
483.3934473321102,459.4020946862816,Gene 81,1692
484.5853877582126,452.81246981645955,Gene 86,1692
502.1599813895897,454.63969810633193,Gene 28,1693
511.06353525516596,460.38960162757087,Gene 74,1693
494.14232860249507,458.3578383409987,Gene 74,1693
497.45713547974515,461.27347257309407,Gene 86,1693
515.5652768555024,457.9938386842711,Gene 16,1694
516.3284477057459,457.2777621205188,Gene 37,1694
509.0711075434366,463.16401787923024,Gene 58,1694
512.1368368784484,465.5812997067726,Gene 74,1694
517.4341528688135,464.1431256094531,Gene 74,1694
515.6683190382829,459.76770401480314,Gene 79,1694
517.1073995911223,458.02599960934276,Gene 81,1694
510.35456494158694,464.6338685061974,Gene 98,1694
520.2400388287261,455.89240697971775,Gene 6,1695
517.4622818779544,461.59919617618334,Gene 35,1695
515.4612124719481,459.7602970913151,Gene 74,1695
523.2591444964947,461.348899899473,Gene 83,1695
538.3336044997372,460.995089987743,Gene 17,1696
532.9609524842789,466.07128381714205,Gene 22,1696
533.0971003630025,464.4245658643912,Gene 37,1696
536.1004370661641,464.95639185598174,Gene 37,1696
529.5047363131911,465.04209533999824,Gene 37,1696
530.7660229340192,461.9809956033443,Gene 41,1696
535.922313858325,459.7917759047813,Gene 61,1696
535.3137757238472,460.05861743522996,Gene 77,1696
527.7489063853011,464.5835104819967,Gene 79,1696
530.0016292308354,465.21299921099694,Gene 83,1696
536.0750779344814,463.82046726944264,Gene 83,1696
529.2436183865625,460.58427500490217,Gene 83,1696
530.7530878549926,464.0724469085326,Gene 84,1696
539.2641817728592,462.85780899754934,Gene 85,1696
530.2212041976163,458.2222112706384,Gene 85,1696
547.0175054789958,467.05673198135685,Gene 40,1697
544.5600514245926,467.1676100294982,Gene 43,1697
547.5208736569911,468.49512145216625,Gene 80,1697
543.9408160002262,461.60698434181387,Gene 86,1697
549.3549513156523,461.6400686399905,Gene 98,1697
550.5371083594111,463.7897678102267,Gene 99,1697
552.4028231954992,463.2210190357751,Gene 40,1698
556.7735009526848,462.6672325430687,Gene 74,1698
550.2120816162245,454.29007814380304,Gene 80,1698
551.1804196298721,463.61607524910573,Gene 81,1698
547.0731177552909,462.57370879248487,Gene 83,1698
547.3824124061841,462.86907867727757,Gene 98,1698
560.1257996898204,466.79435482268343,Gene 35,1699
560.4554658149124,459.6288731834347,Gene 37,1699
551.7549383945928,462.83119008465286,Gene 42,1699
556.1509073477541,460.9074044652634,Gene 74,1699
554.4514828635362,466.56678117203955,Gene 77,1699
563.2915675675358,461.1264725920283,Gene 86,1699
575.3295837840725,461.577353073023,Gene 8,1700
566.4833204523443,455.87027526543915,Gene 40,1700
571.6559872495882,462.62640351194113,Gene 40,1700
566.278748287093,463.6209825606322,Gene 64,1700
575.5709227219621,461.69649312186914,Gene 80,1700
574.8329862572125,461.0161009047988,Gene 82,1700
591.1608329690675,459.8622568744718,Gene 37,1701
586.4314982505998,461.8465158481255,Gene 74,1701
588.1661783353611,464.1300765677593,Gene 74,1701
587.110229250094,456.20956925481113,Gene 75,1701
590.7285831170524,458.9375053331976,Gene 78,1701
586.6819226335848,460.19954848929405,Gene 79,1701
597.1238766563595,456.85861919101256,Gene 28,1702
594.846092133252,456.9267339863971,Gene 87,1702
588.2397062708524,459.37724928115995,Gene 98,1702
598.0797110966464,457.05996580837774,Gene 58,1703
600.1260013513221,465.49385358119156,Gene 74,1703
598.8707558451716,465.0831826000927,Gene 74,1703
598.9825655506241,457.11400522990715,Gene 75,1703
603.6636024311987,461.98781882386186,Gene 80,1703
595.958050874122,457.4003771205794,Gene 87,1703
422.54553657548155,468.8622691887718,Gene 22,1704
422.7277083109782,468.00253353799343,Gene 76,1704
422.66734046734797,467.4482547858259,Gene 77,1704
419.85756781585843,464.0316221954191,Gene 79,1704
415.6914122287998,466.4861614752233,Gene 80,1704
427.0726832749982,469.20445203079106,Gene 18,1705
426.9919359484023,461.1044594097453,Gene 40,1705
440.7063257030901,469.8513040975051,Gene 28,1706
437.1957250841023,470.1403750293291,Gene 64,1706
428.288876888452,467.25529597232105,Gene 80,1706
431.5305848764238,463.0464927938703,Gene 83,1706
438.36754140095326,470.23596385291603,Gene 86,1706
436.1695861946449,473.6330944704007,Gene 87,1706
452.48474959663605,471.41733560610504,Gene 2,1707
453.0644343559191,468.9622744094625,Gene 40,1707
453.88130384011356,464.5542399654307,Gene 42,1707
451.39559839766946,465.6734037936855,Gene 46,1707
455.2753732706666,468.09301183994927,Gene 74,1707
448.54525694289697,464.46163108907314,Gene 79,1707
466.3699999279479,469.64769371527956,Gene 76,1708
456.16693630610763,465.3181905212092,Gene 76,1708
469.3437128721022,478.2841716698459,Gene 28,1709
475.45778748079005,468.8127784579309,Gene 37,1709
477.3077304885463,473.045468413139,Gene 82,1709
476.36277204884834,468.2701876686641,Gene 82,1709
479.8093322174651,471.4785431479831,Gene 83,1709
479.3262164054668,473.5336154797719,Gene 86,1709
481.2642097684164,463.19995058073863,Gene 37,1710
483.58947356630216,467.7405160574215,Gene 40,1710
479.3514176082728,468.11448193130826,Gene 42,1710
479.0903859632917,463.2182182346193,Gene 46,1710
485.0999768066019,468.36533200874095,Gene 74,1710
484.72924846481413,467.28730052803576,Gene 74,1710
481.1767697949828,469.80679040158,Gene 79,1710
482.51457641263727,464.1008461482925,Gene 58,1711
481.94486976470364,468.5271804228344,Gene 64,1711
486.0194091273011,463.9258869053825,Gene 80,1711
490.9128770046328,466.3438016850895,Gene 80,1711
495.571077459777,457.7801541275541,Gene 4,1712
493.6958731953945,457.5735035343641,Gene 21,1712
489.92279307712755,462.3700252742733,Gene 22,1712
493.04501891984904,466.1707692104423,Gene 37,1712
493.1773124639943,463.4787411953811,Gene 79,1712
495.0624327779449,459.1691583740258,Gene 81,1712
493.62968896388355,460.4533949666107,Gene 82,1712
500.3102789703974,464.3345024458085,Gene 82,1712
493.3677109363012,458.70576210267916,Gene 82,1712
492.3876657954882,459.2054138235358,Gene 83,1712
511.9538326566599,473.5387957514354,Gene 2,1713
516.5946341083194,473.5404845096092,Gene 72,1713
513.2511146781331,468.70457570306456,Gene 79,1713
508.30472484411695,467.94006257707565,Gene 80,1713
509.6376128091985,467.52065343887057,Gene 82,1713
522.9096783444568,470.0380077093179,Gene 37,1714
525.3503910792767,469.2454604230722,Gene 58,1714
512.8950405308133,469.1612637735598,Gene 63,1714
520.523278727391,474.0043269143082,Gene 74,1714
517.0008027860148,472.33001347854696,Gene 75,1714
516.4754461013148,469.4097386345996,Gene 75,1714
514.3880898538712,465.91124940566715,Gene 75,1714
514.3223823005696,466.35208732350577,Gene 76,1714
514.3386571834851,465.8843452864164,Gene 79,1714
520.7607850110435,473.64200608176634,Gene 79,1714
516.0336931525437,469.50136357197175,Gene 86,1714
530.2129401489824,464.881445501056,Gene 22,1715
528.0283728616656,472.1255102009421,Gene 26,1715
527.1253530596808,471.57085166601894,Gene 35,1715
525.7696869369709,464.98506337678333,Gene 37,1715
529.0684127357086,463.8968214036003,Gene 37,1715
524.1420687432059,464.72851253529547,Gene 75,1715
526.5631462238819,464.2975648107759,Gene 80,1715
525.3914827119128,466.5487731980931,Gene 82,1715
532.1939451358769,465.9965505695528,Gene 82,1715
524.6104135475487,471.8775259267612,Gene 82,1715
534.8560920061481,467.5639813518566,Gene 73,1716
537.4119825741218,471.58747691410457,Gene 79,1716
536.1036611964282,476.5274938433128,Gene 80,1716
531.9224538339322,471.6496878439433,Gene 80,1716
543.162019732811,464.6461860973846,Gene 6,1717
543.1805195471856,467.58271663566336,Gene 37,1717
542.1083543813454,467.84639930291235,Gene 74,1717
545.0213995084705,460.97510107088283,Gene 83,1717
550.6462733511501,461.4017351754305,Gene 86,1717
557.8054751906216,471.78322052150855,Gene 58,1718
556.1207079133308,470.7549327882822,Gene 78,1718
556.3247774173203,473.9841838508744,Gene 80,1718
559.6085176446011,473.46343926423515,Gene 82,1718
565.5368711288105,465.97596055226165,Gene 2,1719
557.3030436006072,465.7497975533651,Gene 18,1719
558.0549264733861,466.55075112613343,Gene 22,1719
560.4981486465015,470.0769425219529,Gene 37,1719
563.7710542593423,468.82838703559304,Gene 41,1719
559.16380353979,464.7726594619735,Gene 80,1719
558.4258883687162,464.1112015344318,Gene 92,1719
585.3468490781531,468.12450845298645,Gene 40,1720
588.5558825491829,470.93545345711374,Gene 74,1720
585.0045717255982,464.6907275679573,Gene 82,1720
582.8424644677497,471.8131012947297,Gene 84,1720
584.6053991133874,468.3944290142432,Gene 22,1721
590.1201592162405,464.42454300639633,Gene 22,1721
581.7975104505164,461.1977661964324,Gene 37,1721
590.8689130833286,465.1709099420049,Gene 74,1721
589.6894194696312,465.97808411332363,Gene 74,1721
581.9455421256359,465.7376515750655,Gene 75,1721
585.1747373470516,468.07223968882977,Gene 75,1721
587.997282587563,464.3586726328169,Gene 80,1721
597.7814437963159,475.3773400902833,Gene 42,1722
597.7569769780366,470.00876394846927,Gene 64,1722
600.2318864593267,469.38261871657073,Gene 74,1722
594.3902184678503,470.5938507404431,Gene 75,1722
596.581815969564,469.40987467457205,Gene 87,1722
609.5298540873434,469.69534300362085,Gene 40,1723
602.4021420157712,466.30417168612615,Gene 42,1723
607.3996983381086,471.43482133891763,Gene 79,1723
598.5345180702489,468.230851420586,Gene 84,1723
597.8216699449946,469.34255587508676,Gene 84,1723
624.7164828365716,466.43746085769055,Gene 28,1724
616.6186702348534,470.7932055327583,Gene 41,1724
614.4688087264644,465.3361520648503,Gene 64,1724
615.4028296027676,469.65803926209077,Gene 78,1724
616.82145896018,464.461398896685,Gene 79,1724
621.309180250864,466.906568695783,Gene 80,1724
625.0510017410761,467.27592830035087,Gene 80,1724
616.7650936995027,463.0155376379669,Gene 82,1724
623.6309366291562,464.9415194631013,Gene 82,1724
440.9363016047393,473.6600546142172,Gene 22,1725
433.7582390243895,483.81874087874746,Gene 26,1725
435.88225530909943,483.75321189470054,Gene 40,1725
439.4645467243164,475.0316416860936,Gene 41,1725
431.0801293815343,471.92194829740737,Gene 74,1725
434.8299970370158,470.3865045285786,Gene 74,1725
440.28833502710575,474.91576890473567,Gene 74,1725
429.1674505234371,477.52214838199734,Gene 75,1725
431.640701270206,478.79658122383404,Gene 80,1725
436.29620084473765,481.4125211939017,Gene 81,1725
433.3006271670676,482.38795939747007,Gene 84,1725
432.41945559385573,480.8993904251142,Gene 86,1725
438.8384916557382,475.95445857255646,Gene 87,1725
442.98065778339344,474.85540568514995,Gene 2,1726
440.44839080271004,475.6942277068775,Gene 37,1726
443.53919597225484,480.25947777172047,Gene 40,1726
439.6756784429721,475.34961199584467,Gene 74,1726
442.92333045954837,476.0361491196627,Gene 83,1726
449.7025582771268,473.9883777708544,Gene 40,1727
450.0786471446708,473.146978552411,Gene 42,1727
456.92135763501204,473.2038473023912,Gene 51,1727
455.1530234191493,472.7571062132103,Gene 58,1727
456.96402914635667,476.5162554257165,Gene 58,1727
455.60232633263513,472.34920391654595,Gene 79,1727
450.43589243029624,475.38449444405865,Gene 79,1727
457.7324330195538,476.2529385889074,Gene 80,1727
456.54612465624206,471.5154018178312,Gene 80,1727
452.7876713972779,477.1615090359945,Gene 80,1727
450.63000328100253,476.3870565956453,Gene 82,1727
467.3867806580102,473.2587133956261,Gene 2,1728
470.31581949477226,480.9510402946085,Gene 6,1728
461.94602194568705,473.41817966205736,Gene 17,1728
465.52038503048294,483.9692848493435,Gene 46,1728
461.71284654764185,478.6595874931176,Gene 58,1728
470.92301354960375,474.6783226796987,Gene 79,1728
464.2325642629432,480.85216571125625,Gene 79,1728
466.8412285262605,474.84063270527514,Gene 81,1728
468.0172473811147,483.8754471380069,Gene 84,1728
470.93819562500767,477.10576230517097,Gene 2,1729
470.95711900076736,483.3121988040426,Gene 17,1729
475.6234107273479,482.81230981920345,Gene 79,1729
466.88898704228626,480.2775874082103,Gene 80,1729
468.5141380739812,483.3200861816437,Gene 80,1729
482.84406604170454,481.25206948994264,Gene 46,1730
481.5901748671445,476.3514286120403,Gene 74,1730
491.0084214385905,476.7172865154359,Gene 77,1730
481.6008672078909,481.08391928872726,Gene 79,1730
485.99854494699395,474.8321185364632,Gene 81,1730
487.87824253201785,480.0359562164559,Gene 83,1730
482.90572364620135,482.3884329501555,Gene 95,1730
496.0351033739853,482.31431332666045,Gene 22,1731
496.9770365229584,476.0230105313933,Gene 79,1731
495.0248148240442,478.911191012659,Gene 82,1731
489.8431294840349,477.12321861138713,Gene 83,1731
496.8962307409438,477.8266222632675,Gene 2,1732
497.8928656676573,481.3846197208955,Gene 35,1732
499.72562888019286,479.9700439567276,Gene 37,1732
499.2447217171731,481.32307551205685,Gene 54,1732
504.1020476991321,476.8083571027494,Gene 64,1732
499.43069948421333,473.67018494019646,Gene 79,1732
496.6973907054612,476.5807518732924,Gene 81,1732
501.3562986665737,477.37866991919634,Gene 93,1732
507.4429774683251,473.2492973754326,Gene 3,1733
512.3445275341951,473.99705565664806,Gene 51,1733
507.71600050796854,472.4034004952715,Gene 74,1733
506.91575347195,473.65683578551227,Gene 86,1733
528.2581115507988,473.8105770468216,Gene 22,1734
518.6336544290992,472.52595165483285,Gene 74,1734
516.9099197776926,475.1825847506284,Gene 80,1734
524.8492543999267,481.0875880722529,Gene 83,1734
519.4457268742698,479.7797203906202,Gene 95,1734
533.6274482994031,482.6513134059727,Gene 37,1735
532.0554311038399,481.72277193555504,Gene 75,1735
544.6360260027393,479.0028321632384,Gene 75,1736
544.2833399767483,474.3533581608732,Gene 79,1736
546.0115310976458,478.89092512278205,Gene 79,1736
541.1623768998305,482.13440289007286,Gene 86,1736
561.1892265872583,479.34070050692685,Gene 75,1737
556.3862450607854,482.6701046827199,Gene 80,1737
553.3542611071238,477.4662751935862,Gene 80,1737
553.2510211110197,480.83022107443253,Gene 80,1737
556.2412578843878,478.2148649185219,Gene 87,1737
563.8768662073279,478.7999040440689,Gene 3,1738
571.0194203000532,475.7085611215023,Gene 21,1738
570.669486947643,474.7233636005466,Gene 80,1738
570.6113404384224,476.88654149221026,Gene 96,1738
570.9577375326917,475.35386742132164,Gene 79,1739
568.0010895132534,476.3300266610237,Gene 79,1739
568.0999347697303,477.42633698435947,Gene 80,1739
585.9534132678093,477.7725251410152,Gene 16,1740
583.6621337719384,483.2797258168586,Gene 16,1740
584.1834603780759,483.4145357763561,Gene 60,1740
583.9038843213539,473.53606163003144,Gene 74,1740
583.5053442726481,476.5814698463045,Gene 78,1740
586.6000000825475,479.1430277923936,Gene 80,1740
581.6292327966097,475.0062051291676,Gene 84,1740
594.5268573135525,483.0652306694843,Gene 2,1741
599.2037968779797,481.7997894428341,Gene 26,1741
590.9438070799098,476.94355811031164,Gene 26,1741
598.8355576662744,480.56771911234426,Gene 42,1741
592.0474567230823,475.46693044850974,Gene 58,1741
597.2794240550658,476.96983812025627,Gene 80,1741
589.730555266819,477.31221265610026,Gene 82,1741
602.970329255532,482.03928395487907,Gene 80,1742
602.4817475589628,479.54827147341643,Gene 81,1742
597.9919595640706,475.62494118499717,Gene 86,1742
603.298345532583,475.96765136556826,Gene 86,1742
602.8982748452469,480.41407031823525,Gene 95,1742
607.8468041486425,473.9188987749813,Gene 2,1743
609.1985711064774,474.78243275584526,Gene 22,1743
608.1946750859773,475.97340552384975,Gene 37,1743
608.7726411391823,475.8439196606938,Gene 40,1743
616.097382228814,472.60406234308095,Gene 74,1743
613.3319270139775,478.5696692996947,Gene 74,1743
610.4389183429865,474.47210830538853,Gene 77,1743
615.3714074052037,470.61417816800787,Gene 79,1743
611.3991669487788,477.32107493416083,Gene 86,1743
627.1201525296799,473.3290640686484,Gene 2,1744
618.6326383583811,468.6310589788873,Gene 22,1744
624.9050348838765,472.4457425045649,Gene 58,1744
624.6715747955038,467.30464755106914,Gene 74,1744
616.4418779340594,469.0794674643519,Gene 74,1744
616.1851570372376,474.65335242788916,Gene 80,1744
617.1616083061335,471.5059091557107,Gene 87,1744
629.4342445310625,478.1759216159843,Gene 74,1745
632.9218933415008,477.2905375059573,Gene 78,1745
626.1684389596874,478.255619383334,Gene 87,1745
453.31802873028226,486.6714097021045,Gene 58,1746
450.1636023501237,481.4025091259367,Gene 58,1746
447.7244090381374,489.643596055467,Gene 75,1746
451.4077651400368,481.8497652889166,Gene 79,1746
453.1401378377295,486.64449122061365,Gene 79,1746
443.5908237459461,483.0859064252664,Gene 79,1746
447.5131893071453,491.39994860078156,Gene 80,1746
448.30376000685953,489.5443191812987,Gene 97,1746
453.91145922092625,489.7707569008143,Gene 2,1747
456.18105180086957,494.0980963127755,Gene 75,1747
457.5527486068073,494.2579256085062,Gene 78,1747
457.90190802527553,487.3524592779748,Gene 80,1747
452.33267605212956,488.04184973758186,Gene 81,1747
452.36465494555654,492.92630441520316,Gene 83,1747
467.8283454294661,479.8337953194967,Gene 3,1748
460.49378933960423,483.4717101138438,Gene 18,1748
470.1404164101319,482.87395627196037,Gene 37,1748
470.1032602687822,481.2883422392013,Gene 74,1748
462.8601039603163,485.1630923968218,Gene 74,1748
463.1703260361781,485.5486571060856,Gene 83,1748
472.34228578614363,486.8826717486465,Gene 46,1749
470.6427273608715,485.9605205924506,Gene 73,1749
477.8035083928966,480.9736101201155,Gene 79,1749
479.2357620653426,485.3943115902852,Gene 82,1749
474.9322190347597,488.14334578147276,Gene 87,1749
471.35058257974805,483.08264064731156,Gene 98,1749
489.651397787654,490.68006592818085,Gene 22,1750
487.92331493656854,481.7709949403445,Gene 40,1750
496.88447993321256,487.3110245728851,Gene 80,1750
494.6507522556254,488.47252925360596,Gene 3,1751
492.3023310414229,491.8720943638982,Gene 17,1751
495.573404747788,488.48893455059766,Gene 42,1751
499.3883841151487,491.5979339300533,Gene 64,1751
495.8255202999303,491.55501188629734,Gene 77,1751
498.05938297243375,492.0805994164987,Gene 77,1751
497.29159185711615,486.98172600632074,Gene 82,1751
510.09430720452156,485.8786876662492,Gene 2,1752
512.4699386876084,482.8539237069272,Gene 26,1752
515.2460717174109,482.85392755950704,Gene 26,1752
505.0653483335725,486.3943516539385,Gene 58,1752
512.2164130723397,485.1557847337498,Gene 58,1752
506.3169121597825,486.1571951378529,Gene 64,1752
504.7277391580402,485.3697138225214,Gene 64,1752
508.0106903623702,485.78965722168795,Gene 74,1752
512.9281082313977,480.62645074585464,Gene 75,1752
505.1422565852895,486.32195384732137,Gene 77,1752
507.9832463034053,485.7283327346653,Gene 77,1752
508.56213089277287,479.58585091667305,Gene 79,1752
505.6740649068364,486.10449100966497,Gene 80,1752
505.7043662228149,483.70699438091697,Gene 81,1752
510.63638122060536,480.13475089752535,Gene 87,1752
516.7030055073803,484.2236144318409,Gene 64,1753
520.184833982306,486.0973595730622,Gene 74,1753
519.7677737395188,485.1995508896799,Gene 83,1753
524.6138838948812,478.0331757429906,Gene 2,1754
519.4290208586384,478.18020609706997,Gene 2,1754
521.2110317150596,486.6264576793343,Gene 77,1754
529.1727455108293,482.4576455124533,Gene 79,1754
527.5917624902213,485.31334765741286,Gene 86,1754
529.8625588348232,483.43496863908223,Gene 86,1754
520.353562406385,480.9339090720683,Gene 86,1754
535.9459302717005,489.51732748826987,Gene 37,1755
543.9898429848956,487.5346631694826,Gene 41,1755
536.7681445166987,482.5325995687149,Gene 51,1755
533.037056671595,482.19493135385414,Gene 76,1755
537.786790791671,480.6878171803092,Gene 77,1755
545.7552885016552,485.5274893340247,Gene 80,1755
537.576871898039,481.76231892537334,Gene 80,1755
538.3004289189164,481.64429653183157,Gene 82,1755
536.9964311928605,485.1738319542432,Gene 83,1755
545.4188855483019,487.28920696696343,Gene 35,1756
551.581667097447,485.9564166885041,Gene 37,1756
552.7776907078658,486.75041048171437,Gene 37,1756
553.4886719892897,489.9019801323257,Gene 37,1756
548.2081637339154,485.2220607625074,Gene 58,1756
548.8944952517215,485.97611322474995,Gene 58,1756
547.5221125222076,491.2887601230258,Gene 75,1756
546.5041444550002,488.6631261779083,Gene 84,1756
557.6274115647819,495.9702645957603,Gene 35,1757
554.2274493182197,489.42592140804913,Gene 58,1757
551.2142210709001,495.47861685042704,Gene 64,1757
551.2553155663826,493.99722007375703,Gene 74,1757
557.134644136877,493.41155314978494,Gene 75,1757
551.6353324626002,492.04779819536566,Gene 79,1757
555.851166134502,493.7325386056924,Gene 80,1757
551.8039745529533,495.2499888542086,Gene 80,1757
552.0879930069611,493.75161133666325,Gene 86,1757
566.0373820508577,481.88119727343974,Gene 40,1758
567.0610075819224,482.0886930101055,Gene 79,1758
569.2600553382147,487.38413938920246,Gene 80,1758
567.859572453018,485.81546992712754,Gene 82,1758
575.7363541328219,486.38560458882563,Gene 74,1759
577.9981880362751,481.9309717674298,Gene 79,1759
576.9862752404721,487.79783166412415,Gene 83,1759
591.5796295036212,487.97631838115,Gene 2,1760
582.1232611301901,488.0848875995412,Gene 2,1760
588.1874748663809,481.9828022476278,Gene 2,1760
582.5991046669051,487.5405710625674,Gene 18,1760
588.023014481264,490.4571060824644,Gene 58,1760
589.0618099713975,479.0920171703615,Gene 74,1760
587.6884625426961,487.36028815777985,Gene 80,1760
589.5895617241612,490.63426190820513,Gene 83,1760
592.0070285703952,479.40876540435045,Gene 40,1761
597.2923105666918,482.95724151548507,Gene 69,1761
591.485883715345,480.0524370008603,Gene 74,1761
587.193515917964,485.2623074139728,Gene 80,1761
604.3503260068654,483.18318987971736,Gene 10,1762
601.8066470082205,483.3908489780863,Gene 41,1762
608.3456476013197,489.47111161011526,Gene 58,1762
603.011155799728,482.026938676159,Gene 73,1762
609.762534199638,482.518320864697,Gene 74,1762
608.6199399429331,484.95909999802785,Gene 76,1762
605.3481672707511,488.00349657619154,Gene 82,1762
610.4579284398815,489.49492201532445,Gene 6,1763
619.2114970409857,487.69195545467477,Gene 22,1763
615.140122957194,491.3431782290604,Gene 37,1763
610.8927904508962,491.2101985904805,Gene 37,1763
617.2742792457532,487.56915480529625,Gene 41,1763
610.2729696898438,489.42663940182973,Gene 61,1763
617.6131162211988,493.41712951446664,Gene 64,1763
614.0454503479741,491.2495119550514,Gene 76,1763
615.9677957079452,493.81276350726154,Gene 83,1763
628.0030011474349,492.2821170037924,Gene 6,1764
630.5263049461864,485.9002626540083,Gene 17,1764
626.1259704400263,491.7555302901839,Gene 42,1764
625.1827749658169,487.9632859050323,Gene 51,1764
634.4019310487903,485.65726972407265,Gene 58,1764
624.9000618578525,488.3573601114441,Gene 75,1764
626.7614355421335,485.9920727241428,Gene 75,1764
629.3456652925441,492.0246216009798,Gene 75,1764
627.5093185666975,492.9909351520135,Gene 76,1764
637.4364598499002,486.55024240392703,Gene 80,1764
627.0460126203993,490.95139546940334,Gene 80,1764
626.9296697590553,485.1736696118879,Gene 82,1764
627.0921852459703,490.13599636279065,Gene 84,1764
638.7822858258583,487.59607729889075,Gene 84,1764
633.3827039767328,484.2116066898459,Gene 84,1764
644.2912137502487,477.0584236284264,Gene 10,1765
632.2561996022059,481.0117826660852,Gene 37,1765
636.8295409223447,478.0795753976488,Gene 58,1765
639.77538832381,475.1231590786536,Gene 79,1765
637.0921303508707,484.2751168693746,Gene 79,1765
641.4314055513752,484.9163812775753,Gene 79,1765
644.1835018632461,482.35352636694284,Gene 80,1765
653.1118156312397,479.7569222715883,Gene 8,1766
646.2770820503777,475.9251871367388,Gene 74,1766
651.3490886874268,482.6888524543707,Gene 95,1766
470.17445809542556,496.69592292902024,Gene 69,1767
468.93861241128116,496.61443444580345,Gene 79,1767
456.43551858389975,492.3739814349896,Gene 80,1767
476.3857736313949,496.0447643820881,Gene 54,1768
477.3843229004207,495.74427162123015,Gene 64,1768
474.8360410407728,495.9351200428237,Gene 78,1768
487.5538826669324,494.58711235937284,Gene 22,1769
483.85826108297954,500.14008073346344,Gene 37,1769
478.65733827333264,498.24791124471614,Gene 42,1769
486.8199658843852,497.7106524513746,Gene 74,1769
487.1460473326963,492.55471164454417,Gene 79,1769
488.1959050639431,494.30937969871854,Gene 79,1769
480.9559351557015,498.5568463154421,Gene 80,1769
479.68584672606204,496.8422787336676,Gene 80,1769
487.96580304771305,494.54971941416386,Gene 80,1769
478.94003780893706,491.89333822949067,Gene 80,1769
484.64079164376716,490.8508448756457,Gene 84,1769
490.2542207746019,496.14841443772417,Gene 30,1770
489.26548191221326,488.72059017390404,Gene 40,1770
487.5113443124752,485.42974821157816,Gene 60,1770
487.30157190293886,496.64076917963774,Gene 61,1770
480.66920106365114,492.4709509947947,Gene 77,1770
480.9580073259234,488.8184375871504,Gene 80,1770
491.6444000550525,492.10590992054136,Gene 80,1770
491.2792721900274,487.9477682738742,Gene 82,1770
491.88752637824336,494.99533501186795,Gene 85,1770
500.52380005062884,487.9592870488233,Gene 46,1771
500.5992041984488,487.81008614211,Gene 74,1771
497.4684187502634,493.04418413021256,Gene 80,1771
504.35194176606046,492.5278430858682,Gene 83,1771
499.21860954558946,491.0052670725201,Gene 87,1771
498.6427005880816,490.2676966267939,Gene 98,1771
519.2187915613017,495.32713342262144,Gene 2,1772
522.3141129460665,491.33694007940784,Gene 18,1772
520.7994436056555,494.22742903430276,Gene 59,1772
519.7063551811078,488.0415985424994,Gene 79,1772
520.4456996701622,491.1373400223304,Gene 80,1772
518.9045513389092,487.96010210195766,Gene 81,1772
521.4300723773654,490.3104630688434,Gene 83,1772
522.0644667243483,490.8405070368211,Gene 87,1772
523.7808611485536,491.0131364356521,Gene 4,1773
518.0065609981593,490.07122447311053,Gene 64,1773
522.0540580870664,489.4962800313367,Gene 77,1773
522.9222622930772,490.66052823477185,Gene 80,1773
520.5491718135909,497.05677139522936,Gene 80,1773
524.4431366908647,489.68516467707,Gene 84,1773
530.795590432233,496.28399044432217,Gene 3,1774
535.5632627550143,495.3649581524264,Gene 22,1774
527.3029759895288,495.59378203344215,Gene 26,1774
533.8959248038205,497.52939773111603,Gene 40,1774
531.2269641342211,492.8081846285824,Gene 74,1774
534.8317293592572,493.5401416515968,Gene 76,1774
528.8881441357033,491.7215578997272,Gene 78,1774
534.6931128655372,492.66422658037936,Gene 80,1774
532.9646528427043,493.3901990286196,Gene 80,1774
547.3613389298876,492.1849252779518,Gene 40,1775
541.8907841618599,496.36394569459935,Gene 74,1775
546.6734912853503,494.2988945105275,Gene 83,1775
539.8171282995178,491.31506848167527,Gene 83,1775
544.0403726343492,494.94276117212917,Gene 86,1775
553.1084747164213,487.3887721240111,Gene 2,1776
561.52319888733,493.4141746004616,Gene 42,1776
550.9315960512976,489.6542639990134,Gene 77,1776
564.8888999502803,494.79700883373584,Gene 22,1777
558.7304309374074,493.0219372373979,Gene 74,1777
566.1661746597725,495.82065185184683,Gene 86,1777
560.5899406563232,493.5564347653252,Gene 91,1777
576.2314215980947,495.0376856453234,Gene 51,1778
576.1309473039269,486.4079997233964,Gene 61,1778
577.0420858035711,493.00646076991933,Gene 74,1778
571.3496882087685,489.58836351512105,Gene 74,1778
578.292919472257,494.5443816845632,Gene 75,1778
576.128644726617,493.2683286336817,Gene 77,1778
573.424371776121,495.6144438076348,Gene 79,1778
579.0098906560202,492.60101543488685,Gene 79,1778
574.8767936488075,489.2258814646021,Gene 79,1778
578.9045860976601,487.493461448424,Gene 86,1778
568.3184509273173,488.47058702918537,Gene 87,1778
586.7616909170633,499.10799272600445,Gene 76,1779
589.3149179704493,494.0783060183954,Gene 80,1779
589.7119238236392,493.6361196765978,Gene 81,1779
577.5275052103462,490.70096764491825,Gene 83,1779
583.3308013958646,496.70922122827693,Gene 86,1779
596.1839113623003,496.48791000861,Gene 28,1780
594.7524126035756,493.8726841396274,Gene 37,1780
590.0557286419607,492.6226791879545,Gene 64,1780
595.0562354409233,496.54411887762336,Gene 74,1780
591.1552217154712,497.41534081434787,Gene 74,1780
594.2481967661428,489.9044624330397,Gene 77,1780
594.9201060554489,490.84563718920646,Gene 78,1780
594.0245038468648,496.9489129286022,Gene 81,1780
595.7609634703402,492.5367010062065,Gene 81,1780
588.5066620706216,494.24591243089077,Gene 81,1780
594.1296913278496,493.2672618511927,Gene 98,1780
600.8978603259476,496.0924400645353,Gene 18,1781
604.9616895243462,492.8596334475327,Gene 75,1781
601.5577202166271,499.078670639054,Gene 83,1781
604.2680751335176,501.06012102962563,Gene 83,1781
602.2217333967513,497.5411995045528,Gene 83,1781
609.137275666372,499.1318862586276,Gene 97,1781
611.8858404819197,495.3942915674994,Gene 2,1782
611.6723705757353,496.80555290914015,Gene 35,1782
610.9420561077703,495.525390310356,Gene 40,1782
608.3154284716471,497.61070316127154,Gene 75,1782
605.7163817624511,495.8929294668685,Gene 82,1782
611.4154059481764,500.3648633551153,Gene 98,1782
621.8530662788912,498.4582309012074,Gene 6,1783
625.5804346208323,497.7601680421858,Gene 28,1783
619.9590857107793,497.9882117460521,Gene 28,1783
617.210944473311,495.770258653785,Gene 80,1783
617.7761928967362,489.55852232485677,Gene 80,1783
621.8435523884158,486.5788088310037,Gene 83,1783
616.7996938263221,490.8039871720923,Gene 86,1783
630.86682850286,492.02830807896873,Gene 2,1784
634.8642447999814,499.0056807774757,Gene 74,1784
630.9443633882423,490.94500594288127,Gene 80,1784
645.793761638629,491.05461626406105,Gene 58,1785
643.8982072344666,490.9122200009594,Gene 83,1785
661.7594521950117,502.19042475072064,Gene 22,1786
661.2326184976255,504.32629243025826,Gene 37,1786
657.3917223805747,503.26055238268896,Gene 58,1786
658.0835339771754,493.99021258061833,Gene 75,1786
664.3982489347812,501.8043201098946,Gene 79,1786
657.1879954625866,502.7898727829325,Gene 87,1786
664.1010363671318,501.1205235654519,Gene 97,1786
665.4327568230115,494.1547918195517,Gene 35,1787
661.5118315296392,494.4716570960831,Gene 58,1787
666.7286195130412,496.8342706063963,Gene 74,1787
662.8736977403206,493.4196341800754,Gene 78,1787
660.6009143727213,493.0257480890324,Gene 84,1787
658.5553743579817,495.30581663482985,Gene 85,1787
477.3650558619448,505.17654084957576,Gene 2,1788
480.03784337388873,502.4442832514021,Gene 17,1788
480.44341070050615,505.55826806595405,Gene 30,1788
473.67626599669217,502.95124509405963,Gene 37,1788
474.23568504268576,501.4335549863631,Gene 51,1788
477.5123937042363,506.02313273233625,Gene 64,1788
481.5832422831566,503.5236806647805,Gene 69,1788
479.0205483058041,500.78767020379405,Gene 76,1788
475.496516993728,503.67570916329504,Gene 80,1788
475.7799269264157,500.5673188152432,Gene 98,1788
491.21218917779134,500.1697995172867,Gene 74,1789
482.8607828903107,502.83601862315953,Gene 77,1789
490.1166282798072,503.77215955581045,Gene 80,1789
482.9040252587599,502.960478422367,Gene 86,1789
501.74640581067183,504.37341511031434,Gene 74,1790
497.5129000541635,506.8740123605663,Gene 75,1790
498.8897604893674,506.8507418365203,Gene 79,1790
503.01314972212674,501.3994950013675,Gene 98,1790
514.4923180568313,499.8457331419002,Gene 3,1791
517.2099129468995,505.5845326558154,Gene 74,1791
510.8868997787234,502.19899470117525,Gene 79,1791
511.79012991413305,501.31105639516306,Gene 84,1791
507.46939942342806,501.00901577724284,Gene 95,1791
513.9996705204594,496.02733950667897,Gene 37,1792
515.7568228461514,502.5558949223401,Gene 37,1792
524.5276424841065,496.1606722387072,Gene 42,1792
523.319335421188,497.963674839726,Gene 58,1792
515.0782365841399,498.66967929458303,Gene 64,1792
513.3581577139275,495.70162285317275,Gene 79,1792
521.514216943737,494.60857207965904,Gene 79,1792
518.2706615948971,502.59813314838294,Gene 79,1792
517.4736549590906,502.60863466189545,Gene 80,1792
523.540131095567,496.20560492076487,Gene 80,1792
522.2525514402038,499.0864484059771,Gene 81,1792
528.0927587922124,513.2110248855282,Gene 3,1793
533.0438491774596,502.81278492017907,Gene 21,1793
531.8625491154022,512.4350895130586,Gene 61,1793
537.2669309477017,507.9721548713709,Gene 64,1793
531.1486729515937,502.8170980932438,Gene 79,1793
531.2586672958992,513.9832710858493,Gene 83,1793
526.5470717064767,510.30899007946294,Gene 87,1793
532.7329160394514,497.4797032181061,Gene 40,1794
541.4510973581088,502.9558787837947,Gene 64,1794
536.1551440691642,506.5643817077699,Gene 80,1794
539.7069816755849,504.9360464365062,Gene 83,1794
536.3060877335716,496.30690968033855,Gene 87,1794
556.6310822995104,502.8695751723903,Gene 22,1795
552.0208910820617,499.430697765405,Gene 40,1795
557.2552461243209,501.8244244439821,Gene 75,1795
551.7881015023602,501.40108685787163,Gene 75,1795
554.8649466140437,507.9293278871322,Gene 80,1795
548.8239102954152,500.49879475106707,Gene 80,1795
546.3623245233307,502.8700506177386,Gene 80,1795
544.1644121262667,503.4338730752771,Gene 86,1795
546.2987200732066,501.39071711928574,Gene 86,1795
554.2352913011484,498.90531571406217,Gene 97,1795
556.4621493371282,508.06699618559077,Gene 2,1796
565.3206057804448,502.96530407830625,Gene 75,1796
564.6574274580419,507.58709315436687,Gene 75,1796
558.5807315702896,499.97541325661575,Gene 79,1796
558.072077750661,507.81899983433686,Gene 84,1796
559.2466609277727,508.5467999855597,Gene 85,1796
563.3299203504563,502.2745155917028,Gene 2,1797
569.158278016006,500.6879560062607,Gene 2,1797
566.7212309848818,497.9810094780018,Gene 58,1797
568.0862094991003,501.35560286648825,Gene 74,1797
571.1973668768727,501.681855155298,Gene 74,1797
564.0727700755854,500.80573116111515,Gene 82,1797
573.5155429150423,498.6577370717846,Gene 2,1798
580.2195763311603,498.7070668911884,Gene 58,1798
580.0840936861756,500.530797008462,Gene 74,1798
581.0291426205831,502.9698102354062,Gene 74,1798
579.9744211262653,499.30338501549454,Gene 79,1798
577.1595231491108,504.0808285621925,Gene 79,1798
576.9880289581049,505.41605182951974,Gene 80,1798
577.5928981799169,497.0645730797442,Gene 80,1798
577.6363165593817,498.0593144319585,Gene 80,1798
573.918641801568,502.9653176855079,Gene 83,1798
592.5676853051273,508.0256118136339,Gene 40,1799
587.8880808783179,509.4035329037225,Gene 41,1799
586.580612243448,502.06079671672705,Gene 42,1799
580.7326615438691,508.0116220548073,Gene 74,1799
580.3081529510201,509.13100667327586,Gene 76,1799
583.0352800736007,501.791294570066,Gene 76,1799
584.6553099710509,510.7524457160189,Gene 79,1799
580.8897699260297,508.5261292798484,Gene 84,1799
581.5655097490396,508.74039519054486,Gene 98,1799
595.0262775130512,505.76591283776565,Gene 64,1800
599.1359625563844,512.9356819099482,Gene 73,1800
593.9102584633323,510.32393691423255,Gene 74,1800
598.2152242345668,511.2675636666528,Gene 79,1800
601.3821932787312,506.6588645356901,Gene 82,1800
600.4968565002756,504.9877922683961,Gene 82,1800
611.3968831258641,503.4069624933999,Gene 8,1801
607.7122155744848,504.5527205168564,Gene 21,1801
604.6000846909216,504.0127128857808,Gene 22,1801
602.2314052503477,502.450956316818,Gene 54,1801
613.7723484600934,500.22801315018654,Gene 79,1801
613.0662328041456,498.2604213689552,Gene 37,1802
620.9376942133674,502.96948224576795,Gene 46,1802
619.8797018697954,497.84071071589483,Gene 79,1802
620.267928482561,501.1105397385968,Gene 80,1802
614.0606866007191,504.2595069246897,Gene 80,1802
613.9177247991653,505.49100153284303,Gene 97,1802
628.1582124165395,496.56160020121536,Gene 6,1803
620.4268461814343,504.0334091533745,Gene 74,1803
626.9586367973038,501.58695352671435,Gene 78,1803
619.8316036870765,501.77929576925357,Gene 80,1803
624.3479020832277,504.0815855359319,Gene 80,1803
619.4755758279397,496.5316501929122,Gene 86,1803
646.387896268761,499.79504907995084,Gene 6,1804
642.5325422210591,502.04755285893236,Gene 74,1804
643.2605343695477,501.42146534655694,Gene 74,1804
638.8052647764841,501.3776800360461,Gene 79,1804
643.9607862776703,496.475094406843,Gene 83,1804
643.581657653432,496.25452601443385,Gene 85,1804
645.3944900208013,497.60200540465337,Gene 41,1805
638.1495790682222,499.8030224206093,Gene 46,1805
637.649044964991,504.2724392803461,Gene 74,1805
645.9891048158914,497.2809219009822,Gene 80,1805
645.7712701851829,507.4190469158365,Gene 85,1805
657.2225269744604,502.95146119655976,Gene 26,1806
653.6002096765084,500.2426075761137,Gene 74,1806
662.6553612533404,501.9613287256609,Gene 75,1806
659.3389529535183,495.51460767712473,Gene 79,1806
661.4388062342556,497.3680510482276,Gene 79,1806
662.2923019176685,498.3365054960162,Gene 80,1806
662.5141207403749,501.7061104377939,Gene 81,1806
655.0807527329129,501.71234496163567,Gene 83,1806
667.0250511505965,497.5783112189286,Gene 28,1807
660.0968067524436,499.4396993355368,Gene 37,1807
671.0769636994744,501.3608483315122,Gene 41,1807
667.5411856643751,504.03949742034814,Gene 46,1807
664.0260897951505,497.69607074473225,Gene 58,1807
671.2986572596976,499.9297073743506,Gene 59,1807
665.4314672690376,496.3424849603533,Gene 74,1807
661.2378351222962,502.96621657603504,Gene 80,1807
661.8984790608247,502.87192785641565,Gene 82,1807
660.544110580321,501.7077696083252,Gene 84,1807
668.1486258462344,506.12547505355184,Gene 87,1807
669.6125031641201,503.91873086962374,Gene 96,1807
680.3314398929107,505.91956319574814,Gene 54,1808
681.9919181912935,506.28948946649854,Gene 63,1808
675.2611693037405,500.9747742233105,Gene 74,1808
680.788127282357,502.65730991592295,Gene 82,1808
682.8762536096274,501.0471413744673,Gene 95,1808
485.36272114322395,510.6601815738846,Gene 37,1809
484.0525891205825,510.8018656705765,Gene 58,1809
485.63748733335194,510.36448762029664,Gene 81,1809
481.52025150319196,511.0843126286564,Gene 82,1809
485.7819196236252,515.9569826175554,Gene 83,1809
486.46918761091075,509.3770463529654,Gene 87,1809
492.49109964293456,517.7575824671093,Gene 46,1810
491.44615105120397,512.793676924458,Gene 58,1810
493.0508450851155,514.4447705932774,Gene 61,1810
491.5258522150158,517.3034217874989,Gene 74,1810
486.0724226212055,512.0492725311385,Gene 77,1810
486.05635014699004,513.9622717713488,Gene 80,1810
499.9295789944886,511.59114228412045,Gene 22,1811
505.81016382046465,511.40012131864864,Gene 42,1811
505.0194103648902,507.63741959576913,Gene 74,1811
499.0870673021195,509.59927916863717,Gene 79,1811
503.7356932275011,509.99620249879484,Gene 80,1811
508.0000568717514,510.12803367544547,Gene 86,1811
520.2833566550632,514.4949471551389,Gene 4,1812
516.4754486557221,518.023646999904,Gene 76,1812
515.759935936708,512.901516032965,Gene 76,1812
517.3570322811754,517.8805464016251,Gene 79,1812
514.4088980416215,515.395150685588,Gene 79,1812
518.9639197245493,511.4554316076496,Gene 79,1812
512.0877197721603,516.9632165484286,Gene 79,1812
515.7791057672891,511.7625794437638,Gene 80,1812
513.7597469595831,515.6118274992667,Gene 80,1812
521.5063773497363,509.4267858709466,Gene 80,1813
520.6942806595841,507.88145429023575,Gene 82,1813
519.4574516209918,509.9564959420561,Gene 82,1813
525.9671406908416,514.8480861153603,Gene 82,1813
522.7675901464131,509.52483213894095,Gene 83,1813
534.5750807441748,508.80345526673614,Gene 37,1814
536.4115860466326,512.7553970205106,Gene 41,1814
537.5463365790231,514.4627540024725,Gene 58,1814
528.794193156568,509.6253199880964,Gene 80,1814
537.3443028639623,511.0649678648814,Gene 80,1814
538.0890387781011,509.52454902286917,Gene 82,1814
546.7634000802616,510.6487613488451,Gene 17,1815
548.0140701998849,506.0504534759932,Gene 22,1815
536.404915463964,510.4186671772267,Gene 40,1815
536.6458243385117,512.1551875416487,Gene 40,1815
538.4087950850152,512.2045900692505,Gene 54,1815
537.5857248137647,508.25162497081743,Gene 74,1815
547.0590064851211,506.19589577978235,Gene 79,1815
536.3390943996973,510.1419955041669,Gene 82,1815
546.603010034483,512.4813256638614,Gene 86,1815
560.067226445103,507.52101412339033,Gene 2,1816
552.1401096087288,505.74673950604205,Gene 22,1816
558.3076480619594,515.1913626305953,Gene 22,1816
554.1169643793326,508.06243397086786,Gene 75,1816
554.8747628638783,515.4476550412046,Gene 76,1816
551.2613185322305,509.51954367954386,Gene 95,1816
563.8235777831828,509.65360009770626,Gene 52,1817
562.9650356206124,514.5884257874756,Gene 76,1817
566.1463635221257,512.227505831481,Gene 79,1817
564.2960311873268,512.2452705212294,Gene 80,1817
562.5358184990675,507.8248411277233,Gene 83,1817
564.1166694963465,515.0491957739076,Gene 84,1817
558.1907817824796,515.7558000109414,Gene 86,1817
572.5112161469833,519.6291064862938,Gene 61,1818
574.9450567049892,511.21585859923823,Gene 69,1818
573.0832983259222,513.5874892293981,Gene 74,1818
566.0077815247326,512.2467247880314,Gene 77,1818
571.3530046109234,517.6990789847754,Gene 80,1818
565.0261516427211,515.3527141875434,Gene 81,1818
571.8181685393391,508.96967692749683,Gene 82,1818
580.4506413242348,512.2135078627379,Gene 2,1819
577.2763688238069,519.9415608844175,Gene 8,1819
581.7585572101898,516.3975453172956,Gene 40,1819
579.2245015522366,514.6762679207977,Gene 42,1819
580.4018092930045,514.1928855830618,Gene 74,1819
589.825615121777,507.86822402804165,Gene 22,1820
596.0519976345341,511.812314050333,Gene 22,1820
594.7763435956846,513.3957036546122,Gene 28,1820
589.1912494559908,508.94420735845364,Gene 37,1820
592.28087394228,509.1111568601473,Gene 74,1820
592.6919084865428,513.0354456346411,Gene 78,1820
596.3184291400486,511.5760205938227,Gene 79,1820
593.1893848522421,507.3458328259504,Gene 84,1820
600.1852425156067,513.4647459302395,Gene 74,1821
608.6959684524213,513.2963345870924,Gene 78,1821
602.1536879963323,515.2218855392631,Gene 80,1821
599.9034892500576,512.809700317762,Gene 80,1821
616.4914505657139,508.25692896574856,Gene 18,1822
618.1584579646113,511.77167550770326,Gene 37,1822
618.0124975937716,506.49473863543136,Gene 61,1822
613.69460492268,515.7874417324176,Gene 64,1822
608.3573334064558,508.5776589096322,Gene 78,1822
611.7260813961636,504.5028869132029,Gene 81,1822
617.8603349759084,508.1056569018563,Gene 83,1822
620.0856315065735,510.539731278772,Gene 22,1823
620.9268893273917,509.94752059959495,Gene 80,1823
621.8676930273718,513.8639291780942,Gene 80,1823
626.7703278627977,508.0423635490451,Gene 81,1823
622.911320215428,506.91071786460293,Gene 82,1823
634.3681210442634,506.37236129039445,Gene 2,1824
635.5711444229175,506.9178524819247,Gene 18,1824
622.9220595816472,503.91197676417937,Gene 46,1824
626.2747423645818,509.186699807417,Gene 74,1824
625.2675883298659,505.740202223767,Gene 80,1824
624.1519416657778,504.9689661921693,Gene 87,1824
641.255393613342,513.8598298541915,Gene 3,1825
641.1368560325456,514.610465833999,Gene 21,1825
638.6775425289136,517.5197275725935,Gene 36,1825
639.3153738685162,515.9988274372083,Gene 37,1825
636.0951509419451,516.1130827090371,Gene 79,1825
633.740413674719,513.9806373352383,Gene 80,1825
634.8947266563346,511.683113254884,Gene 80,1825
639.2778849104446,510.808085745451,Gene 97,1825
647.4671653966113,510.66294241343275,Gene 3,1826
651.9854490846313,516.1931902290174,Gene 37,1826
652.1115541592343,516.6572328912252,Gene 37,1826
653.8554160473351,517.9608205808615,Gene 42,1826
649.3307704437499,508.3276730850233,Gene 64,1826
649.1676114661067,514.1697875913676,Gene 74,1826
649.9008567889396,515.2989329982299,Gene 74,1826
659.5128681277569,515.7603364455139,Gene 75,1826
661.2949942713559,511.06532547984114,Gene 77,1826
660.8306518275408,511.6459699114336,Gene 79,1826
656.9802117592424,509.50013608730995,Gene 80,1826
657.8045020482111,510.8211171572096,Gene 80,1826
658.4884154297283,516.1537976920291,Gene 81,1826
659.5038137615569,511.75282289655996,Gene 80,1827
665.6049012181142,516.2886029353522,Gene 80,1827
662.6682837204977,516.3232117184295,Gene 84,1827
662.0395606368112,508.738068559695,Gene 86,1827
675.4837953861434,515.4746473020828,Gene 21,1828
671.9254740748895,511.0762994911777,Gene 58,1828
676.9560352105459,513.249022528506,Gene 64,1828
672.3353783764394,511.0585190108454,Gene 79,1828
672.9990154946216,512.100465561155,Gene 80,1828
687.5469071873885,516.9737664236573,Gene 81,1829
680.296707675268,513.5902930495101,Gene 83,1829
684.0985829150984,516.8563768495436,Gene 2,1830
690.9793716862093,516.5007528543956,Gene 37,1830
683.6337117155936,516.2291912627852,Gene 75,1830
689.8698402218525,514.8156808419124,Gene 79,1830
682.1973957210229,514.3084649096662,Gene 80,1830
698.5150575331608,516.9627111982192,Gene 26,1831
702.2293260186929,506.9103300846358,Gene 74,1831
702.1125158773661,512.5653983165437,Gene 75,1831
692.0013273962187,508.0810371651867,Gene 80,1831
700.8273767759218,513.8768494595967,Gene 82,1831
695.1647029831752,516.085052536842,Gene 84,1831
699.3676847037157,506.4336745146614,Gene 85,1831
499.6225104076843,522.3388515563472,Gene 18,1832
503.04879347170487,519.7751505541453,Gene 21,1832
493.72765955815765,518.496440043602,Gene 22,1832
503.00912697542867,520.2020255056916,Gene 74,1832
504.6136007450878,517.464869331318,Gene 77,1832
501.34618268734704,520.1939786740122,Gene 91,1832
501.32209002239574,520.3139507467869,Gene 98,1832
495.0784517715699,518.4830870676305,Gene 98,1832
506.45340364824426,518.4522003087708,Gene 3,1833
507.1982854345294,523.3160150256417,Gene 22,1833
510.2982916141874,523.1561536701025,Gene 41,1833
504.26823858071936,520.027846073754,Gene 58,1833
512.8621553126281,519.5063384442913,Gene 80,1833
508.1217993751783,518.5925527104786,Gene 82,1833
512.8928698272388,521.7864695997763,Gene 84,1833
506.92884822369984,520.4549107252523,Gene 84,1833
503.67473634290883,519.4513583114498,Gene 86,1833
527.6834983138698,519.905220719058,Gene 42,1834
518.2385717954684,524.6008099894229,Gene 76,1834
526.749923400546,520.3832272460634,Gene 80,1834
516.272599993637,522.013768372786,Gene 84,1834
518.1476172627318,522.7516146795797,Gene 86,1834
522.2065383335322,527.4672685920207,Gene 87,1834
528.5439598859119,512.4803003325828,Gene 28,1835
527.1519580805863,512.0207104825016,Gene 46,1835
526.1584378929474,517.534551555659,Gene 74,1835
520.9924292772305,517.525665908561,Gene 82,1835
527.755571503841,516.2475265741946,Gene 86,1835
539.2206052564693,525.642474236939,Gene 2,1836
541.4657863576551,519.021908464189,Gene 4,1836
541.1998571788577,517.3042989827928,Gene 4,1836
539.3190394199105,525.8554121845644,Gene 22,1836
539.3142563457984,518.986318230024,Gene 37,1836
543.5788489400023,521.386694884056,Gene 40,1836
537.8147342749063,517.7190980865889,Gene 80,1836
541.7583187795033,524.9862799458682,Gene 82,1836
552.5718886968849,520.1192396154643,Gene 4,1837
549.114728342423,515.6190016389049,Gene 46,1837
551.344295251328,521.3434684410007,Gene 59,1837
545.2619606862248,518.883670416472,Gene 64,1837
551.2152263651524,521.6999768696006,Gene 75,1837
553.9509463408244,518.6690509430163,Gene 77,1837
546.4425307902935,521.9782729673751,Gene 79,1837
545.4461144286021,520.2370646279339,Gene 80,1837
550.7506457126332,524.0359188070174,Gene 86,1837
553.1784052101489,520.8619222228043,Gene 87,1837
551.2587804914124,518.5240715775507,Gene 2,1838
555.2614787807588,521.3371228841779,Gene 64,1838
552.490859193711,521.7684878498098,Gene 80,1838
555.0229676366865,520.0195034510609,Gene 80,1838
569.9264840777338,522.6205543566094,Gene 43,1839
566.1538871481349,521.0928671640968,Gene 64,1839
569.4021373121188,521.7247511073659,Gene 81,1839
562.6687470462715,521.2540465732986,Gene 86,1839
569.5769580114907,520.4355494391501,Gene 87,1839
569.1472986333423,525.0930695906313,Gene 87,1839
578.3388946585811,517.9423232353646,Gene 2,1840
580.6399919329555,522.8898972622222,Gene 16,1840
577.4903367041373,518.1299051927525,Gene 22,1840
573.5485181708134,523.766493489906,Gene 37,1840
571.8014511913761,522.4370622200778,Gene 37,1840
579.266299053236,520.9409405389001,Gene 40,1840
577.6045943645023,517.5417227791886,Gene 42,1840
577.5572231028543,517.9134714973072,Gene 51,1840
578.5957911843054,518.2888583961608,Gene 64,1840
573.391625329852,518.7159583997908,Gene 74,1840
573.6711319817744,523.2250115697036,Gene 74,1840
571.8854891799007,522.6283922221122,Gene 80,1840
578.0380638992352,521.0546827955793,Gene 98,1840
590.4096390103992,515.0096919612674,Gene 75,1841
586.0483914678146,520.2828484966395,Gene 79,1841
588.142727766361,517.3171929124629,Gene 80,1841
589.7970835934738,515.6207577688674,Gene 81,1841
595.0727512084416,522.9706166075358,Gene 82,1841
588.9142649305661,516.0746814819809,Gene 82,1841
586.4573221911068,518.6905817844201,Gene 83,1841
584.8222992667198,522.0929021459172,Gene 85,1841
594.6735629334789,516.453529960541,Gene 87,1841
585.8630627081981,522.9817098821094,Gene 97,1841
606.6129849258784,522.7956588497669,Gene 58,1842
605.3871063924522,525.816446079795,Gene 81,1842
607.8132541382824,525.2870796399274,Gene 17,1843
613.5666306166096,522.8484845506663,Gene 37,1843
608.7198462929234,524.8750082799875,Gene 75,1843
604.6950906788904,521.5288071978557,Gene 86,1843
604.9826777299842,519.5498752301359,Gene 86,1843
615.5683837826246,524.0032072444689,Gene 40,1844
616.039667117091,518.3007306017191,Gene 58,1844
620.5817566990509,517.9185322859614,Gene 64,1844
614.2023817690529,517.4488021202278,Gene 79,1844
615.3305813690093,517.1551606421169,Gene 80,1844
617.2954143890973,518.783020646048,Gene 80,1844
619.9450359291532,523.7760719818215,Gene 98,1844
626.788444396407,517.5527615131451,Gene 2,1845
633.9463790322262,519.9009861843211,Gene 18,1845
634.4069028584275,518.3911092924625,Gene 28,1845
625.1296235508523,517.9271276021105,Gene 37,1845
633.6055363205196,517.6891004283458,Gene 64,1845
624.2933853533962,522.5236578316305,Gene 74,1845
634.5161522507733,519.5150930020868,Gene 79,1845
630.5452697729502,522.2694567676834,Gene 97,1845
638.3267970567042,523.1845003884985,Gene 28,1846
636.2225363892542,514.3974669319671,Gene 42,1846
634.7038156764448,522.5734716713532,Gene 85,1846
635.9772418326497,518.4429012856477,Gene 86,1846
636.8644253920054,518.9625088233933,Gene 86,1846
646.5214302794919,521.6407684933237,Gene 3,1847
651.239496171404,526.0187395576014,Gene 22,1847
652.8919478169754,519.7895382832033,Gene 80,1847
653.2115425088642,521.198325046673,Gene 82,1847
652.9732941606259,523.9018314303016,Gene 86,1847
650.224096466918,516.8275429332112,Gene 22,1848
646.3148278713652,520.6690489410523,Gene 75,1848
655.1348623708159,521.9593262301519,Gene 79,1848
656.6417999839451,517.1159089319,Gene 82,1848
658.578031945926,518.2993518633374,Gene 84,1848
646.3356064092649,519.3691638831344,Gene 87,1848
667.8108545488392,526.5446312918971,Gene 24,1849
670.2152180125066,518.1734842769995,Gene 37,1849
670.0123973579316,524.9650521871257,Gene 75,1849
674.1636485357395,520.8331422959488,Gene 76,1849
672.8761890773925,522.2750166126732,Gene 22,1850
670.7991088250468,517.8760950021965,Gene 41,1850
675.7261310959889,514.4641251179353,Gene 64,1850
673.3228652241488,521.1906282983525,Gene 75,1850
674.922033669691,516.5587215306153,Gene 75,1850
674.822013264672,522.3319252587945,Gene 81,1850
677.9354475486618,521.348672095862,Gene 84,1850
696.7061649100538,519.5504916234621,Gene 17,1851
690.4953769213218,513.3259592669693,Gene 61,1851
695.8532343864175,520.2102116754045,Gene 74,1851
688.6697037038772,515.1322051793286,Gene 80,1851
694.7451485365945,518.6027179657669,Gene 83,1851
691.6474436377246,519.3726743716453,Gene 84,1851
697.042085453087,519.2308605470861,Gene 2,1852
695.8496163162986,525.0446271027131,Gene 18,1852
696.5962683807243,523.1837451012366,Gene 64,1852
698.342462942727,523.1743118590456,Gene 74,1852
696.7174509265864,519.092570600177,Gene 80,1852
693.1322390726108,519.9924845809284,Gene 80,1852
694.4686930377082,525.9760963825573,Gene 83,1852
694.1947715516375,525.065629998583,Gene 99,1852
718.6078567557523,519.2118001022066,Gene 22,1853
709.1403261259355,517.1112296850956,Gene 64,1853
707.6751295143027,521.3396297735208,Gene 74,1853
706.5984746191376,522.4566263672068,Gene 78,1853
716.7766128325792,523.5044123588488,Gene 86,1853
724.1559669708428,528.2843678329788,Gene 42,1854
721.8375405373122,525.8655926926554,Gene 74,1854
722.7400335762475,528.3593303780934,Gene 74,1854
722.7388258057586,524.786803264457,Gene 75,1854
718.0753796273877,520.3221155658377,Gene 83,1854
513.6749876067098,524.7855789674304,Gene 37,1855
518.925380153612,524.970670194899,Gene 58,1855
517.2028051674271,524.9068232293915,Gene 64,1855
514.1300173250944,532.2770914335946,Gene 81,1855
516.4485045261899,527.9317465462444,Gene 82,1855
517.8296656072868,525.2759241936119,Gene 2,1856
527.2688794922677,532.0575900110831,Gene 17,1856
516.9080484694211,528.6800901882626,Gene 21,1856
525.1772987093105,533.1187204461646,Gene 42,1856
518.3310837865682,525.7418595212303,Gene 82,1856
528.1871235856,530.7687840526187,Gene 86,1856
523.5559197371526,522.2908225662369,Gene 98,1856
534.5787426200516,524.1811862655856,Gene 2,1857
535.7662361025983,529.9260756393984,Gene 74,1857
533.3796280751277,530.8821895624408,Gene 75,1857
527.9857434094408,528.0562272201319,Gene 82,1857
530.4827254204987,525.6851612132232,Gene 83,1857
528.5223535033467,526.0341212083034,Gene 87,1857
546.0287295541767,530.9581055262548,Gene 6,1858
544.4900604612809,531.1425107525243,Gene 37,1858
545.387865967469,530.5628742269377,Gene 37,1858
547.1559473379191,528.317454240872,Gene 58,1858
541.698180695432,531.4483923746627,Gene 79,1858
543.6986844397242,525.2929175013055,Gene 83,1858
540.5860190130063,525.1997355968186,Gene 86,1858
555.6094816358999,534.1626745627165,Gene 28,1859
553.5741955641629,535.2947776710336,Gene 82,1859
558.2657061154931,532.456507580161,Gene 87,1859
551.5997017912831,526.150790136909,Gene 98,1859
563.5946613691365,533.648599346974,Gene 40,1860
561.7030565699694,532.708912339846,Gene 40,1860
556.5418811307783,529.4445305417113,Gene 58,1860
563.6672039247517,527.8692780735078,Gene 80,1860
555.1214535166295,529.1610367585622,Gene 84,1860
565.6465136459213,530.0652448008686,Gene 2,1861
566.0817236334669,529.5881848841798,Gene 80,1861
566.4976599519199,529.1635101884433,Gene 80,1861
566.5582138824775,527.8317837414235,Gene 82,1861
580.3228444796163,526.420136079141,Gene 58,1862
578.7206369914511,528.9774993628722,Gene 83,1862
572.0552988459272,526.757080906236,Gene 87,1862
596.0843421369046,531.0136556586398,Gene 29,1863
596.9522323406798,529.9761634451514,Gene 37,1863
590.4438510020135,527.9741418304394,Gene 40,1863
598.3954054466968,528.800418959579,Gene 77,1863
601.8209043260459,527.5488905234056,Gene 74,1864
603.1489905617069,526.9989315083732,Gene 86,1864
608.2347699190732,529.5936541333998,Gene 2,1865
610.9537664284267,532.0287048867476,Gene 6,1865
612.1778451728972,525.6670652282892,Gene 42,1865
614.4139446014344,529.4334943087233,Gene 75,1865
606.4202686007832,528.0306759293944,Gene 86,1865
619.0842364086506,524.3130602848191,Gene 22,1866
626.0779455321654,530.0920530162141,Gene 37,1866
613.1345298742647,532.259174926073,Gene 41,1866
615.9773047993164,527.2595160589682,Gene 64,1866
614.5771459464838,529.1574603094533,Gene 64,1866
612.3913987362625,531.323381255103,Gene 84,1866
621.6156696984701,533.3348696703891,Gene 98,1866
618.1550665851682,525.5673425704769,Gene 99,1866
630.7630300511324,535.6509024949979,Gene 2,1867
638.2191181111322,528.1789505844376,Gene 2,1867
625.0504283649002,525.7034575339985,Gene 17,1867
627.5082912690932,528.4277788421854,Gene 21,1867
634.9832369652768,525.933521647207,Gene 46,1867
630.7760795930433,525.2863999900408,Gene 63,1867
628.2765666598749,532.6454777657863,Gene 74,1867
633.78300216867,530.0798828245395,Gene 78,1867
625.1538516416048,529.3746486477283,Gene 86,1867
637.1262643441058,529.3927450626854,Gene 22,1868
641.4618517959514,526.7495096200117,Gene 74,1868
639.3630882100912,523.7999063662702,Gene 75,1868
641.012951543546,528.7007000448191,Gene 78,1868
655.4194586030503,526.2879395911967,Gene 22,1869
648.7935680804744,533.066069991508,Gene 24,1869
649.9859052437055,533.4665338062183,Gene 40,1869
654.7911872470806,530.192487532923,Gene 72,1869
658.4118897084985,528.5418702506951,Gene 74,1869
657.9489649707327,528.9194809229191,Gene 77,1869
668.6373836634709,531.5519910406746,Gene 28,1870
669.5919385797337,531.6684517022416,Gene 58,1870
662.8169362621279,531.3309055427037,Gene 78,1870
661.3957991642509,531.8354835602273,Gene 79,1870
662.0289618490707,535.4725577774517,Gene 80,1870
662.8948702616525,532.2134153321192,Gene 92,1870
668.3998009476983,531.9631766417888,Gene 42,1871
667.7288714069812,531.0411369748869,Gene 74,1871
672.2949857222397,526.8592012961105,Gene 80,1871
670.4180819816636,533.0107124127262,Gene 86,1871
676.0362397488057,530.3209349276683,Gene 87,1871
682.8853730849509,531.4444589551566,Gene 35,1872
678.6081968805839,527.9850967433854,Gene 79,1872
686.4289560434208,527.7094450119681,Gene 80,1872
678.7617556718202,529.9807247452407,Gene 80,1872
678.3904652183853,531.2042827405984,Gene 83,1872
681.7264367924561,525.805704530266,Gene 86,1872
694.2299356222657,526.9221516532959,Gene 2,1873
695.6146402274352,528.9846490162078,Gene 2,1873
689.8879338827699,531.5898932186312,Gene 6,1873
690.656196376851,527.494944637429,Gene 22,1873
692.4591919937498,526.3419112864715,Gene 28,1873
695.146183272562,527.1215374497709,Gene 40,1873
694.0255347652835,533.2355132896377,Gene 74,1873
693.8033602096166,532.4401813445983,Gene 74,1873
693.3665504205748,525.8464303639901,Gene 75,1873
694.0018812241454,529.2854188199578,Gene 81,1873
694.7902638525059,527.6140271372494,Gene 82,1873
689.3536358500954,527.3892045950796,Gene 97,1873
702.097376162983,522.4136153660241,Gene 58,1874
700.7276328783402,521.1745064516647,Gene 77,1874
703.1212571982812,528.4952106950603,Gene 80,1874
698.9383511393208,527.1523746926059,Gene 80,1874
702.2352285456877,522.4762751624725,Gene 81,1874
706.4201129140506,534.9558980193008,Gene 42,1875
714.2916312293349,529.0760785300834,Gene 58,1875
715.1358318607341,528.9783549513567,Gene 79,1875
711.2689135837051,531.8357621754476,Gene 82,1875
714.9146285720603,531.1035779525791,Gene 83,1875
725.4109692840599,529.0535876992934,Gene 21,1876
719.3356561208219,528.0674208976981,Gene 22,1876
721.5809407223228,524.6085195332525,Gene 37,1876
717.6758859387882,527.9787140627757,Gene 37,1876
727.3534306130394,528.6385169561707,Gene 58,1876
726.9934122687997,529.7170623434642,Gene 58,1876
726.8032166841439,526.0574767954672,Gene 76,1876
718.123623307925,527.0858982727159,Gene 80,1876
727.8709869563321,526.3016788313432,Gene 81,1876
719.8278932578185,530.4009838246527,Gene 81,1876
735.009414940052,528.9617773201995,Gene 3,1877
731.4345304317644,527.4090161631891,Gene 41,1877
733.0486321910544,522.5736461276831,Gene 64,1877
732.4380536632611,523.6392485236871,Gene 74,1877
724.8653573827971,526.9349965864955,Gene 76,1877
733.7331052083287,527.1985360594329,Gene 98,1877
526.8805912591711,536.2907315036786,Gene 6,1878
531.5673614286538,529.0730824625485,Gene 22,1878
525.5919002141386,533.0053829712394,Gene 37,1878
527.7328688940584,536.1244887229971,Gene 42,1878
531.7502204443487,536.5691674618048,Gene 58,1878
529.4093786133948,527.4212490269994,Gene 79,1878
528.6862361919916,527.9548118995332,Gene 79,1878
525.645702865766,529.3320753980843,Gene 80,1878
532.537799932801,530.2309725708244,Gene 80,1878
535.5719326107344,533.9569464752271,Gene 83,1878
527.3816982530485,536.4776671884508,Gene 83,1878
540.4530885788654,537.0845684286277,Gene 51,1879
536.6544719535286,541.3098155394051,Gene 64,1879
535.7299598761073,540.0555783304093,Gene 80,1879
537.3668587333806,532.8895873199881,Gene 83,1879
543.0272946584586,534.6731750211225,Gene 84,1879
543.383754746577,539.0973973935352,Gene 86,1879
534.1615965413472,541.5904965511621,Gene 87,1879
553.2667662295563,538.377542704251,Gene 58,1880
544.8552447532651,538.7649134295642,Gene 77,1880
545.5664199470477,539.1435065948608,Gene 79,1880
550.8976063981045,537.8690929755858,Gene 80,1880
552.4994489372682,536.5087752452212,Gene 95,1880
559.6606663339413,540.890840034957,Gene 37,1881
564.8608875080402,540.1315932934857,Gene 64,1881
561.4269020517746,537.0696104689041,Gene 64,1881
555.5328613550214,537.9933771560401,Gene 81,1881
559.6592918760723,542.9135336976055,Gene 82,1881
559.4192976201277,541.7901268433419,Gene 86,1881
564.2756925519093,538.444692585873,Gene 86,1881
559.3649918553979,535.6690674347126,Gene 22,1882
565.3572896168695,542.60419158514,Gene 79,1882
562.7971901723565,534.4552751697189,Gene 80,1882
561.1791367892049,535.6958936020129,Gene 80,1882
565.3421843760849,537.0728561296331,Gene 84,1882
582.2712618167278,537.3361187668036,Gene 4,1883
587.1089984592113,539.8077531752875,Gene 37,1883
587.172579880644,542.002593352085,Gene 64,1883
577.3490972533552,538.7990684572973,Gene 77,1883
579.8627234405109,544.6806025900622,Gene 79,1883
585.0183527780039,540.0028275105961,Gene 80,1883
584.24123371466,540.2039275381404,Gene 80,1883
579.6566002548672,536.5247671254592,Gene 80,1883
584.1147969950682,544.4092042543973,Gene 83,1883
584.7035137119822,530.7684299740489,Gene 2,1884
593.1456917359803,534.3467388132729,Gene 18,1884
584.3365060667426,536.4785855879479,Gene 40,1884
589.4608881175475,538.100845760968,Gene 40,1884
583.5967347358169,534.1289119671233,Gene 51,1884
582.6684474038283,535.940884963544,Gene 74,1884
586.9964260732227,537.4918343429332,Gene 78,1884
590.5988371779052,534.7393107441062,Gene 83,1884
592.5470071698363,534.0904723633876,Gene 84,1884
585.627771967102,533.0768416964085,Gene 86,1884
594.4092596024474,540.8021173796483,Gene 2,1885
590.7450172696696,540.0562198133988,Gene 16,1885
588.6842373756353,538.9201781678198,Gene 28,1885
588.2479676820816,539.5734948236648,Gene 42,1885
592.9255184747959,532.2212796897827,Gene 75,1885
588.718814365504,538.963586875597,Gene 75,1885
592.3445667290453,539.3312100642687,Gene 78,1885
609.4747097303597,543.0298911965119,Gene 3,1886
605.3604390676508,541.8498141379522,Gene 26,1886
610.5754875031353,543.44840388385,Gene 28,1886
613.8705894200999,539.8424304175584,Gene 37,1886
604.9683228117082,539.2070219105673,Gene 58,1886
606.8576716514647,540.3850193289235,Gene 79,1886
624.2851744182437,537.9803575981115,Gene 37,1887
615.4118008068078,536.5186883046346,Gene 46,1887
617.7756624974724,533.2926021310818,Gene 64,1887
624.9198721117252,537.1592194491463,Gene 75,1887
624.3981572102346,536.118431104737,Gene 77,1887
622.0581773709434,533.7126395049096,Gene 84,1887
627.7596546705848,534.0957268644842,Gene 58,1888
625.6205094806545,534.4716708069359,Gene 64,1888
630.4122915224417,541.3498062559646,Gene 73,1888
622.1102429780594,538.880826513033,Gene 74,1888
625.1679976563793,539.647083039195,Gene 74,1888
629.9823761090141,541.6007039430594,Gene 77,1888
624.6267954751175,541.1737594957079,Gene 81,1888
631.2597277142809,539.5980866318087,Gene 92,1888
630.9221256181302,542.621262307154,Gene 2,1889
636.3189310147752,542.9395782105997,Gene 22,1889
631.575505466216,540.6393489971607,Gene 40,1889
634.6015951465131,536.859186866688,Gene 58,1889
639.8770989843981,538.501102680613,Gene 79,1889
634.6552406329827,537.904879772452,Gene 80,1889
629.7519578493459,542.5144609634438,Gene 84,1889
645.5108879480223,533.8913317374255,Gene 37,1890
636.6423331128339,541.1962597548596,Gene 58,1890
640.1089790013103,533.2198266391966,Gene 78,1890
640.0588525225353,536.8463212813157,Gene 81,1890
636.1817753141502,534.6127035853199,Gene 83,1890
660.6735196830787,545.8694545382632,Gene 40,1891
661.0847066673757,537.2436773669689,Gene 42,1891
662.8679364705678,538.8467564850101,Gene 79,1891
654.5229325087552,542.3934194014672,Gene 79,1891
661.7635285830361,538.8526772144119,Gene 82,1891
661.8752920291297,536.3286324559685,Gene 87,1891
678.360163541221,536.0532317258793,Gene 10,1892
669.8351789680387,539.8602710127466,Gene 37,1892
671.4581355610842,543.907639551859,Gene 74,1892
672.8601565516882,535.0456561887986,Gene 76,1892
676.4279254373286,543.0006127169752,Gene 79,1892
675.398556593565,537.8503264575698,Gene 84,1892
673.7418773283587,534.3570964942625,Gene 46,1893
681.9118320137354,537.0821190763072,Gene 61,1893
681.6979686487381,531.981111508107,Gene 75,1893
673.4964810472536,533.6168433020023,Gene 79,1893
672.6639920530954,534.9761269870105,Gene 87,1893
676.5761314862391,531.8839599096775,Gene 98,1893
680.8282600143915,533.6338016064165,Gene 99,1893
680.4255656005749,535.7752944653918,Gene 46,1894
682.9008037236789,531.8441041945832,Gene 61,1894
681.942810387111,534.2957901517821,Gene 74,1894
689.8963814268027,537.0826932448155,Gene 74,1894
690.5173203485418,537.3685890612481,Gene 74,1894
679.8407996387936,539.4494502557295,Gene 81,1894
680.6338165525614,537.2081170717797,Gene 83,1894
683.5144136884044,539.0027412946507,Gene 83,1894
705.5223542993125,538.6280968653846,Gene 40,1895
703.1406273390522,538.1252015574227,Gene 40,1895
701.1670366741007,533.9181227708582,Gene 72,1895
696.8221028547136,541.7618462007187,Gene 77,1895
700.7382599968716,533.5780975333957,Gene 79,1895
696.120255922863,537.8793054324477,Gene 80,1895
706.0641540290567,535.926684435704,Gene 4,1896
705.6879384669451,535.8026748635431,Gene 37,1896
706.0334088206824,538.931735493185,Gene 40,1896
704.0582582114417,538.4125640811454,Gene 79,1896
711.0364820866519,533.93661231036,Gene 81,1896
707.0228771226979,541.2383560154664,Gene 87,1896
722.8800113560934,535.0777062786266,Gene 42,1897
715.883721128468,538.8165851168528,Gene 58,1897
716.3796308987008,532.1236908098108,Gene 79,1897
720.2907652448005,539.7787905117592,Gene 82,1897
722.8537693873202,536.4812679795767,Gene 82,1897
720.6613304686224,537.7928234387722,Gene 86,1897
731.6196355219496,535.0306292799411,Gene 37,1898
728.830813444309,535.1596963289682,Gene 61,1898
733.1882158347074,538.2893848870964,Gene 64,1898
740.7382104827756,532.5637034844956,Gene 2,1899
736.7125718204302,541.0314658943804,Gene 40,1899
741.7928816067224,538.2224941505818,Gene 46,1899
744.9118337967112,538.4404018247811,Gene 64,1899
742.2926841704298,534.7693723065439,Gene 79,1899
736.2390084990227,532.8518619230655,Gene 80,1899
735.9115204075769,541.4518619559007,Gene 86,1899
736.2697028885613,537.2892112501384,Gene 86,1899
748.8367837141237,535.3511812746455,Gene 28,1900
751.3723486112409,537.2843363538221,Gene 37,1900
745.9635556852693,539.665560701247,Gene 75,1900
743.9784888188198,539.825488020849,Gene 75,1900
745.6725633547318,539.9676863157524,Gene 78,1900
749.6842405765487,536.3448926522383,Gene 82,1900
746.9182602950119,538.2832754947799,Gene 97,1900
560.8132504511259,548.8806604166757,Gene 22,1901
559.5977883882738,546.5494316650224,Gene 24,1901
561.2713308223622,544.5786936263806,Gene 37,1901
565.0598068582352,544.4331702592546,Gene 40,1902
565.1531865581454,549.6784402228485,Gene 80,1902
565.3865701835732,540.9922998093443,Gene 83,1902
560.0160310359904,546.640468585617,Gene 84,1902
566.8555185923718,543.2513028703553,Gene 86,1902
566.7869129819019,548.7314675275825,Gene 86,1902
569.1110088008915,545.4817935320652,Gene 87,1902
569.6657624336543,544.9440431987982,Gene 87,1902
573.7539238211198,542.3593336461823,Gene 22,1903
571.0275976340259,538.506468045097,Gene 35,1903
568.2640380248446,538.5746334750994,Gene 54,1903
567.8280049048736,539.4836234128762,Gene 58,1903
566.3481913631803,539.0349518494118,Gene 74,1903
570.4891931335326,541.2792028625389,Gene 74,1903
564.6738901546341,540.6777203766271,Gene 79,1903
565.40603336565,546.1590656762091,Gene 82,1903
573.851824925509,544.5054461705683,Gene 83,1903
572.4824376908869,544.0364163828457,Gene 98,1903
583.7326373645061,546.0192595028557,Gene 22,1904
579.7216716907354,551.7858081996253,Gene 37,1904
579.8533106627143,548.4672794637494,Gene 75,1904
584.8757313223924,549.1923163255216,Gene 79,1904
580.4587395219553,551.6678559192152,Gene 81,1904
588.8185409810136,551.0538268415742,Gene 22,1905
597.1782872669947,545.2922287647096,Gene 59,1905
599.7868935325056,547.4062559729326,Gene 61,1905
592.8217222134828,543.0743610588396,Gene 75,1905
594.7157475880043,545.0316704248703,Gene 76,1905
587.2361233855138,544.7861663552247,Gene 79,1905
590.2302811558818,552.3544506359316,Gene 81,1905
599.4327176786031,543.9838563629296,Gene 54,1906
609.115299057919,542.7526548545046,Gene 64,1906
607.9693398204522,543.7311952865776,Gene 78,1906
607.5478687386443,548.6259947065888,Gene 86,1906
612.1831132528376,550.043732845562,Gene 22,1907
610.9190444383227,548.9441891205337,Gene 37,1907
616.2061589785657,549.2995219313812,Gene 40,1907
612.5887590367021,542.7456973223523,Gene 40,1907
613.6458658971889,549.7112484685539,Gene 51,1907
616.4502866751474,542.1819932014192,Gene 58,1907
615.8013425354399,546.4635293725644,Gene 59,1907
614.5024593693402,542.4138484571175,Gene 64,1907
618.2623429503453,544.277433289217,Gene 69,1907
611.0910393023161,542.7977657554156,Gene 74,1907
615.4170224062559,548.3071754552752,Gene 76,1907
609.2821877012246,544.2533466660542,Gene 78,1907
611.2577667387455,543.165949217563,Gene 82,1907
618.8651380135034,545.7145101316424,Gene 78,1908
621.6904733341561,545.1087342715757,Gene 98,1908
631.3123675240902,536.9774606406959,Gene 64,1909
635.4966523438036,539.2114737819265,Gene 81,1909
646.4065146930149,545.1714171538518,Gene 22,1910
645.2918517146866,542.4888527900948,Gene 35,1910
638.7395552341296,544.3720331925457,Gene 37,1910
637.1154265186124,544.4954822634878,Gene 42,1910
635.7970835035957,549.2203469762661,Gene 75,1910
642.96817233467,542.9842294547404,Gene 75,1910
637.7955573864559,548.9036940920129,Gene 82,1910
652.2777432183691,550.8244941853468,Gene 2,1911
653.5903685519776,551.4219501255234,Gene 42,1911
654.8126508513166,553.7563314439801,Gene 82,1911
652.8530523891023,555.5428815918572,Gene 83,1911
649.4801456831347,553.9242682273627,Gene 83,1911
653.3005454712471,548.8697283252251,Gene 84,1911
651.9759167422918,554.5647139132666,Gene 86,1911
658.9907037534082,540.3176459961065,Gene 17,1912
667.2111010483981,541.6940535651946,Gene 37,1912
665.7027375398425,544.4914909703242,Gene 42,1912
665.2090590605508,540.9708897874237,Gene 58,1912
667.3573028303056,545.947896783087,Gene 75,1912
658.6143986968585,542.1564220806565,Gene 80,1912
663.7980251095236,545.6393912943574,Gene 81,1912
666.3004973654082,540.9039644863435,Gene 82,1912
662.6720511161419,545.2546332770181,Gene 86,1912
671.4088360804499,542.1031514108449,Gene 77,1913
677.5231200767166,545.933131121469,Gene 80,1913
677.8385844662699,545.3506016989252,Gene 82,1913
672.3643655812497,543.5324746742461,Gene 83,1913
672.7714978776393,542.011558333034,Gene 83,1913
675.4374813384926,540.8143896331231,Gene 86,1913
682.0956557065231,550.3514398565248,Gene 37,1914
687.1896491250745,543.1040747149011,Gene 41,1914
686.370902281846,547.8129606182694,Gene 80,1914
682.7705970666393,548.9210517678551,Gene 80,1914
678.1784301930813,549.6367690231143,Gene 82,1914
684.1592025665916,543.1864207930465,Gene 82,1914
687.8850327767827,542.1487357346688,Gene 42,1915
694.9013248574951,542.8041127994516,Gene 58,1915
689.9856274119031,545.1098065807046,Gene 74,1915
690.9446667384038,547.6467482829553,Gene 74,1915
691.3012034697111,541.3616482493279,Gene 74,1915
694.234813644577,544.2835901792507,Gene 79,1915
688.2379699259767,541.603641685686,Gene 79,1915
689.6220548414504,544.4952600659587,Gene 79,1915
693.1594150815018,546.3833235981128,Gene 80,1915
693.1633838214158,541.3665354471837,Gene 80,1915
689.5829689978707,544.1384977033802,Gene 86,1915
689.9668997849036,542.6744925414567,Gene 86,1915
698.9037022269488,543.3339034161625,Gene 40,1916
705.1849093993694,549.395718611729,Gene 58,1916
704.870468915265,544.4226676750006,Gene 81,1916
701.9444981293374,544.8522105619836,Gene 81,1916
711.7475874354294,542.6581879290319,Gene 2,1917
708.7867195970263,545.0173470412359,Gene 2,1917
707.7139166944189,545.4832342373747,Gene 58,1917
719.4358270109203,549.0329231247667,Gene 74,1917
707.3605347940668,547.6792160776852,Gene 78,1917
717.0268695082028,552.3892862779552,Gene 78,1917
719.0354721556153,548.3356259277305,Gene 81,1917
708.6165114306008,548.1084306715184,Gene 81,1917
718.8553222050177,550.4380631307687,Gene 87,1917
715.0702739045456,545.1759872313309,Gene 18,1918
721.6259800712585,540.2183636134984,Gene 37,1918
720.5316758910828,543.6506781140737,Gene 38,1918
728.5808693309257,547.5272338467075,Gene 58,1918
714.6156254735554,546.7105823778403,Gene 78,1918
730.2488928775454,548.125827483621,Gene 80,1918
729.5812749986633,544.5916602774536,Gene 81,1918
718.810622527321,547.6239488665925,Gene 87,1918
726.8553018310313,547.9568460774308,Gene 42,1919
735.2361675824333,544.7022737149,Gene 69,1919
728.9135816180731,543.6496287627127,Gene 75,1919
737.8446261759655,549.2119422111557,Gene 85,1919
742.8747616112405,548.4156859148461,Gene 22,1920
741.599431509692,546.7165878109203,Gene 37,1920
745.5195788884677,546.7541390509617,Gene 42,1920
746.5918436558758,547.4943766364618,Gene 72,1920
744.8151609366024,550.9677351024006,Gene 80,1920
742.9830186971952,547.5647791115072,Gene 85,1920
745.1770779483351,552.1755390228421,Gene 98,1920
748.7427004653151,543.6685170682923,Gene 18,1921
745.0402353590299,551.4861613103695,Gene 46,1921
750.5214098416867,548.9517661383526,Gene 75,1921
756.7522507722457,544.4890674018118,Gene 80,1921
756.7331997925219,544.3378383930418,Gene 74,1922
762.1992833983638,552.1069614311675,Gene 74,1922
757.1913381399772,543.6212256536522,Gene 79,1922
759.4415017006814,546.5568248202975,Gene 95,1922
566.9917190500742,552.2116207160894,Gene 42,1923
570.7068525301091,555.9861942483728,Gene 46,1923
562.3671305696676,556.6154758149653,Gene 74,1923
563.3605773683406,556.1264370636742,Gene 76,1923
566.7952226633671,551.1697118907304,Gene 79,1923
570.3125095892761,552.5485521948993,Gene 81,1923
560.6589499976669,557.0081896245384,Gene 81,1923
562.8696759239997,557.8515659980053,Gene 83,1923
560.940871563101,554.7483108781718,Gene 84,1923
571.2916464827474,556.7516939315631,Gene 84,1923
561.2754634239317,554.9373302496059,Gene 86,1923
562.3155341880727,558.081223254184,Gene 86,1923
561.5167332604606,556.8752085966436,Gene 87,1923
562.8486786796909,554.3730029367242,Gene 87,1923
583.3819099596542,555.5233290827749,Gene 22,1924
583.2824506382352,552.9646149751678,Gene 78,1924
592.6566693479383,551.3012142017257,Gene 4,1925
591.7586428630984,549.1848517303225,Gene 74,1925
589.5480213690402,544.9039591877269,Gene 80,1925
587.822536396355,546.2087054078463,Gene 82,1925
586.965973976914,553.8818912257434,Gene 82,1925
585.382671848513,552.4386103145604,Gene 86,1925
601.7935111152764,555.1151837208873,Gene 21,1926
603.2601693026546,560.2562821738827,Gene 59,1926
604.4284958972223,560.1782372738296,Gene 59,1926
605.3565801935833,554.4357501716745,Gene 74,1926
598.027296156427,558.1875924358442,Gene 80,1926
601.7422762549189,553.0412296856427,Gene 81,1926
598.4553060270104,559.2511171418968,Gene 83,1926
611.4636816022661,559.5210621348708,Gene 42,1927
608.0352278211043,557.38023795144,Gene 46,1927
612.8243189813046,557.6457188050877,Gene 51,1927
603.0583711119552,551.9011499593998,Gene 58,1927
606.0340984462306,550.4481584467476,Gene 74,1927
603.1259185885189,559.046829638664,Gene 82,1927
610.8174730438483,559.0861319697289,Gene 83,1927
604.6204291517009,558.1475112335584,Gene 84,1927
614.6384973238999,555.1475348535504,Gene 84,1927
613.0340249358485,557.7257754284432,Gene 2,1928
617.4757809511954,561.4464115121019,Gene 37,1928
619.6411840870147,559.2328481988887,Gene 80,1928
615.2856737271238,551.7174656454171,Gene 84,1928
628.8299572159599,550.7346113773086,Gene 3,1929
628.857201356653,555.2612517317249,Gene 64,1929
628.286299710364,556.2849949311749,Gene 74,1929
630.724596376292,554.0934028423737,Gene 75,1929
625.3343953411071,550.2772022743924,Gene 80,1929
627.4749316135732,555.2310385202034,Gene 80,1929
627.4957313201844,550.9676259291282,Gene 82,1929
636.2675556605078,556.0428060761027,Gene 74,1930
635.1997269784192,554.0176753855029,Gene 74,1930
644.4741730414379,554.9154105932765,Gene 77,1930
644.7591947945087,556.2359949629806,Gene 79,1930
634.9223953805904,554.5700482723337,Gene 82,1930
635.803296477463,555.2141939596282,Gene 97,1930
642.6930735922479,558.4609192635107,Gene 42,1931
651.4559904850779,555.2824207801239,Gene 78,1931
646.5345146369189,557.0494250015779,Gene 80,1931
650.510571171738,554.609079291041,Gene 80,1931
650.312215680802,557.9305415384073,Gene 86,1931
645.7008157847257,555.5412393992525,Gene 98,1931
657.7602844262553,556.1306960743595,Gene 42,1932
659.1036185305253,549.8156614304488,Gene 74,1932
657.8384412584526,549.6496984548841,Gene 79,1932
655.1428177835718,556.4501733291623,Gene 79,1932
663.235548272826,556.0993349122598,Gene 2,1933
666.4856875114234,557.676958663389,Gene 35,1933
669.8364739941106,554.0305615743205,Gene 74,1933
670.1713725665703,552.2090770005267,Gene 79,1933
664.0228567638424,555.2628084706839,Gene 80,1933
662.7886289693447,555.4678886724241,Gene 82,1933
665.6523254964047,551.9746533575824,Gene 84,1933
678.2730320178445,555.8020748332024,Gene 42,1934
678.5551877102743,553.5654309835347,Gene 81,1934
678.4739879187831,555.78226502122,Gene 81,1934
673.6763112371937,554.8272963226117,Gene 81,1934
673.2054132879888,557.8167924806238,Gene 85,1934
682.7523452160525,554.0986941871697,Gene 46,1935
683.4397968469484,552.3693682620261,Gene 75,1935
684.3072505171641,556.8465504560043,Gene 75,1935
692.0894467912588,554.67508107665,Gene 79,1935
688.5421592694693,550.8661735568753,Gene 84,1935
682.0243788927183,553.1181684331375,Gene 95,1935
701.4656411882135,549.8813674271576,Gene 22,1936
706.8782508771549,558.382870227942,Gene 27,1936
701.6221191901179,557.6433431402827,Gene 42,1936
701.7762168397378,552.216975510775,Gene 84,1936
704.2637546730817,553.1614572029645,Gene 87,1936
709.0240453121291,554.0835489656135,Gene 2,1937
711.1599753974003,550.8047775396669,Gene 75,1937
719.1809253986041,558.3389618005319,Gene 2,1938
723.3625767677097,556.6556195211714,Gene 37,1938
718.284979365277,554.6690983184047,Gene 42,1938
720.6132981320903,560.0745988885842,Gene 51,1938
725.0406049326168,558.5086221337486,Gene 75,1938
722.8005407018809,554.4938674849877,Gene 82,1938
729.2547141269073,559.6562019437032,Gene 2,1939
727.3425887575053,561.1063666105941,Gene 64,1939
732.065114712903,553.9996583319981,Gene 64,1939
727.6010267800323,561.3435086288382,Gene 80,1939
730.1353305466921,554.9485642283921,Gene 80,1939
732.5016447341695,560.3636438715547,Gene 80,1939
730.8037097744115,556.2538226261661,Gene 80,1939
728.4325241577016,560.7318628809095,Gene 84,1939
734.7555013026412,560.6389027770344,Gene 2,1940
735.9544318502984,561.0371124402326,Gene 40,1940
741.4804366812457,556.7766555361031,Gene 83,1940
740.5809587641292,552.3368967380547,Gene 85,1940
750.7577454340037,546.0525722127533,Gene 3,1941
745.046627107907,544.3270587559285,Gene 3,1941
746.2086157115208,547.0804240831574,Gene 37,1941
741.8677672194711,547.7996277633063,Gene 76,1941
745.4785625199654,551.5420726587774,Gene 79,1941
755.7540153910526,553.3493727085387,Gene 37,1942
752.9978308821499,556.6580208336145,Gene 37,1942
765.3706558846617,557.3890440322967,Gene 37,1942
752.119184206155,557.1962450176857,Gene 64,1942
753.0395359302594,554.1279441564625,Gene 74,1942
759.3612758733266,550.1671528078637,Gene 80,1942
762.9304936166593,561.4119049435747,Gene 22,1943
761.0635189334465,560.5413259151584,Gene 40,1943
763.4217560008855,562.1205310805902,Gene 78,1943
766.1140310444987,556.0778198142143,Gene 79,1943
769.8242393513037,556.774825306119,Gene 79,1943
767.3210802400594,555.8110009170985,Gene 80,1943
762.2434770947565,558.6327203106879,Gene 85,1943
769.3011634626384,557.481724131984,Gene 95,1943
775.8229796787019,554.8487826751514,Gene 18,1944
777.2041471709387,555.8250475998233,Gene 26,1944
768.6686406362048,558.14683349643,Gene 77,1944
770.0663948382327,559.2820018424446,Gene 79,1944
772.2772310370675,562.1361271432984,Gene 83,1944
589.7469316977723,561.8927397604893,Gene 64,1945
583.2407908727985,565.21545724284,Gene 64,1945
586.4721246844168,559.0820087190548,Gene 74,1945
579.6642648788895,559.6506420972736,Gene 78,1945
578.3629548181098,558.1903429782462,Gene 78,1945
588.3796682771826,561.7551562145965,Gene 79,1945
588.5579961199502,557.5625580166354,Gene 80,1945
584.198615799492,557.6785477119258,Gene 83,1945
596.0225710481237,560.4157447056615,Gene 6,1946
595.2894920803056,560.2429892408109,Gene 40,1946
596.2983753452396,557.2645588746798,Gene 42,1946
591.1760669880301,560.6136892420544,Gene 64,1946
596.6193111954254,560.7387139103633,Gene 74,1946
589.1171108709137,558.664288070498,Gene 74,1946
597.1441474888621,561.2587699313134,Gene 74,1946
593.8961803458958,562.1822390110127,Gene 79,1946
591.7901180550255,555.1816836773354,Gene 82,1946
595.7647559590715,560.0137557917778,Gene 82,1946
604.3179909285905,565.5042162937565,Gene 37,1947
603.8418714018886,561.3435458442517,Gene 74,1947
606.6231115558196,565.7836477504534,Gene 74,1947
598.6063035280953,560.6926387964288,Gene 80,1947
602.1339040124435,563.7264966474119,Gene 81,1947
603.2120473545405,566.1404685876556,Gene 82,1947
598.3370693859963,560.1707990159734,Gene 86,1947
613.6136078539115,561.2204787052469,Gene 2,1948
610.6214675302856,562.286365843511,Gene 18,1948
614.9489615878445,558.1979164167146,Gene 22,1948
619.0397620273233,563.9474772166609,Gene 40,1948
613.2563709796614,566.6125506812306,Gene 78,1948
610.1248420962517,561.9783713304756,Gene 79,1948
622.8739259217862,562.8450435107522,Gene 18,1949
616.5010254449119,566.9826676703665,Gene 43,1949
616.950481420035,563.5793203365446,Gene 46,1949
624.6719378865012,566.1527487023637,Gene 82,1949
619.1674307205839,567.794008771519,Gene 83,1949
624.5507098750096,564.4753025616775,Gene 86,1949
618.385804267496,561.5995335375839,Gene 87,1949
624.302701137074,562.1505581538055,Gene 98,1949
634.3526382175996,564.7516072824986,Gene 37,1950
631.3466280190567,563.6001873365332,Gene 42,1950
626.9116312749468,565.7842524320005,Gene 80,1950
621.8107483744948,567.281546275211,Gene 80,1950
635.8909775616676,564.0021998436486,Gene 84,1950
625.726141351403,566.9362567495202,Gene 86,1950
644.0562707336326,560.617152374093,Gene 46,1951
639.4282147861206,562.3497455246787,Gene 84,1951
645.0368674548711,567.0686583939528,Gene 85,1951
646.3671580830255,565.989962481416,Gene 86,1951
644.9563149133309,560.4803111829408,Gene 91,1951
646.5925216437855,566.8529579580761,Gene 98,1951
655.7858951521033,565.0905797180055,Gene 16,1952
645.5963464082461,562.8098782449923,Gene 40,1952
644.3776184755897,564.6626883568749,Gene 75,1952
648.8785118582715,564.1456214029181,Gene 77,1952
653.1308226722952,563.5790590669172,Gene 79,1952
645.7742648815536,566.6298247114911,Gene 80,1952
651.8756022566714,561.9404941796329,Gene 83,1952
650.1517382889225,562.2665788310145,Gene 84,1952
646.1293943678655,563.1551949678874,Gene 86,1952
664.3634318827093,567.6389898862094,Gene 22,1953
657.6183818514365,560.3449784294141,Gene 46,1953
660.1130011143126,564.7191279361319,Gene 77,1953
667.0853264322911,561.8135525370596,Gene 80,1953
660.3741591850892,565.8383179603541,Gene 80,1953
666.4672214382017,562.6523338769249,Gene 83,1953
664.1637102483305,565.750321788618,Gene 98,1953
671.2581848780499,561.7568194921533,Gene 37,1954
671.1286476740582,558.9966836072099,Gene 74,1954
674.1355772679075,564.9108799451025,Gene 79,1954
669.9281650575219,559.3632652856196,Gene 80,1954
672.5550831117226,565.6133212066899,Gene 80,1954
672.312865203863,559.702088258261,Gene 80,1954
670.7600230342517,563.4700169782903,Gene 83,1954
670.1617836529891,559.2345578418083,Gene 84,1954
667.9582868031083,562.8627811201777,Gene 85,1954
675.0217182294451,563.463007106309,Gene 86,1954
675.6728997087484,562.3538109987767,Gene 86,1954
668.1442185223102,559.0149520413206,Gene 86,1954
687.2070211378663,563.518354357613,Gene 21,1955
680.2642601913277,562.6805463137939,Gene 37,1955
679.3189632528332,564.9437561091871,Gene 40,1955
681.240647507468,557.8016720307675,Gene 64,1955
679.7243575496123,564.0366351492178,Gene 80,1955
687.9870233223982,561.0806666638387,Gene 80,1955
696.5329074276993,556.3467902348094,Gene 22,1956
698.4650843799366,556.6121312887377,Gene 37,1956
699.3172345707721,557.7033267696276,Gene 40,1956
693.2868654974651,554.1753396090186,Gene 63,1956
690.9064276884909,554.3833391423748,Gene 75,1956
688.9462970820243,558.2174198228445,Gene 82,1956
692.0539781803113,553.1405197893973,Gene 83,1956
701.8515416620686,568.8924061925472,Gene 51,1957
711.6206619392875,560.6724635679875,Gene 74,1957
703.162352705389,559.8792159532329,Gene 80,1957
705.2648926687576,569.5597675703302,Gene 82,1957
719.4408444758132,562.4490981222712,Gene 22,1958
720.2229428045766,566.475892407029,Gene 22,1958
711.8591324172073,562.438811976221,Gene 58,1958
715.5291593273917,568.8934186806051,Gene 61,1958
714.1697351625753,562.5396616736649,Gene 64,1958
710.8518252145273,563.4395920064137,Gene 80,1958
711.1213892236091,568.805563908348,Gene 80,1958
710.684887962732,565.3633227691969,Gene 80,1958
709.8617061478514,563.4141819093653,Gene 83,1958
709.8687806179764,563.7137464074756,Gene 87,1958
719.9990904586535,567.4366118999416,Gene 95,1958
719.438718586838,561.9518673109947,Gene 40,1959
726.6302208031503,562.868062912311,Gene 75,1959
725.98362034279,567.1793650626472,Gene 75,1959
722.3532628490351,560.2568941665032,Gene 80,1959
719.4745499823837,568.1970979642937,Gene 81,1959
719.1419875595511,560.5789855420841,Gene 83,1959
726.1639180142387,566.6257186332075,Gene 35,1960
726.3601069999961,563.993875742037,Gene 64,1960
733.8981988724487,562.9393107541545,Gene 81,1960
734.428707794317,563.01232253821,Gene 86,1960
748.9135368205452,560.2538008000977,Gene 37,1961
747.2943623882708,562.8886008012491,Gene 40,1961
744.7094158698031,559.0686368897672,Gene 51,1961
751.0189710690498,562.9303830374223,Gene 58,1961
743.3048168059388,563.0185394070243,Gene 63,1961
748.2582138303247,567.1968945743998,Gene 78,1961
745.770265397717,561.4814022058753,Gene 81,1961
746.0358951864362,559.8714914803172,Gene 82,1961
751.7499605319475,561.5489512750069,Gene 74,1962
757.5943908038995,566.7855233976212,Gene 74,1962
754.1928427826862,561.3222448405386,Gene 78,1962
750.7857936724454,561.1664360823248,Gene 78,1962
751.096376279516,562.9083168560128,Gene 79,1962
755.121180535795,569.0132868969822,Gene 80,1962
756.2613590159868,564.3343404960781,Gene 40,1963
765.722915458567,559.3325610601008,Gene 41,1963
761.400555192415,558.5243387004891,Gene 58,1963
761.4976868935037,559.2217057648675,Gene 79,1963
759.0196026023352,567.8697095037995,Gene 80,1963
765.5726799560977,566.6821503568584,Gene 84,1963
767.9487753086661,561.6707888895196,Gene 86,1963
766.743262852814,565.803450998121,Gene 2,1964
773.8390925901809,564.51683856999,Gene 26,1964
768.6133922576998,558.8414814569117,Gene 37,1964
764.6402513487349,560.6748664443442,Gene 59,1964
763.4601546604631,564.0910286978061,Gene 64,1964
775.0618580371814,559.5688881808446,Gene 64,1964
774.885501946724,565.6291737562765,Gene 64,1964
763.4984294143136,560.2916336967145,Gene 78,1964
774.1238254072725,566.249388232954,Gene 84,1964
769.4601511754556,556.878464913217,Gene 85,1964
778.5987854655103,564.615820047465,Gene 6,1965
779.9649484672534,566.1478267251783,Gene 37,1965
787.9243637266349,562.9383841747315,Gene 46,1965
785.9727663405292,565.5936195461138,Gene 58,1965
777.623626723254,563.1622652636731,Gene 74,1965
776.9906009117624,562.9731524054815,Gene 75,1965
788.3596525410136,566.4905814709301,Gene 80,1965
784.3017073785336,565.489143852216,Gene 81,1965
777.8790308356246,560.6464297007465,Gene 85,1965
799.1086407483591,557.3761679774875,Gene 78,1966
792.5919484088737,553.9721397858334,Gene 80,1966
798.0869085341087,558.0583278566619,Gene 82,1966
792.0620627144301,552.1615121299192,Gene 98,1966
605.0463131757839,574.8938425175775,Gene 24,1967
602.0161179980415,572.9091138032034,Gene 46,1967
600.5793052998921,581.665883076224,Gene 61,1967
603.545694268636,576.6599986958178,Gene 64,1967
604.72666677758,578.435776829189,Gene 74,1967
595.674881553322,574.9238806381319,Gene 83,1967
596.6037513525915,573.3151368080842,Gene 91,1967
610.5104727418616,569.1610207152692,Gene 6,1968
612.7879923102628,568.793084067653,Gene 63,1968
611.5313410625956,563.7825056347324,Gene 74,1968
607.5847033085362,565.1585873327391,Gene 76,1968
610.0534555079821,565.6454592896088,Gene 79,1968
609.158192376298,569.6988897429972,Gene 80,1968
615.1928200547693,566.0472611192841,Gene 37,1969
612.79297977875,568.6220472035673,Gene 74,1969
620.8145147109694,571.794243839648,Gene 74,1969
609.8660939671439,569.6466361077632,Gene 75,1969
623.0840420737755,571.1717634424502,Gene 77,1969
616.1222112821299,566.4783998849283,Gene 77,1969
616.2921872180457,568.0822203084945,Gene 82,1969
624.627054609651,573.7797873170568,Gene 96,1969
621.1626175290907,576.3968902916498,Gene 98,1969
632.3188472786176,568.5557575216886,Gene 58,1970
629.6140509890183,566.3650606264819,Gene 64,1970
631.5807637782664,567.332271191354,Gene 74,1970
625.5486177173203,571.7734994989702,Gene 76,1970
629.4278552957319,571.7451016521354,Gene 79,1970
638.3525017027267,573.1573163810004,Gene 74,1971
642.337876673772,574.3219370084485,Gene 79,1971
644.40374490701,569.9277248674191,Gene 84,1971
636.3732536064615,573.723348675737,Gene 97,1971
649.2937977828919,572.613819711483,Gene 2,1972
649.4777064594097,569.6862880655833,Gene 22,1972
649.4719260448686,570.1230975553791,Gene 64,1972
649.4246350753748,575.9310941085106,Gene 86,1972
653.4210372201322,568.9540590558166,Gene 58,1973
657.1701830003651,573.5355548543678,Gene 58,1973
654.8864789912632,571.0359632470917,Gene 74,1973
655.3431025699497,574.1174025390866,Gene 97,1973
667.8001169817431,568.5151394646814,Gene 37,1974
663.8999037553226,573.4387678118679,Gene 41,1974
669.8051291543319,575.2887024454627,Gene 51,1974
669.8036346817894,570.0115189234053,Gene 75,1974
666.1265257410006,566.3718056734011,Gene 79,1974
670.6513994392519,573.5811085336425,Gene 80,1974
670.977850465419,576.0356656011293,Gene 33,1975
675.7963405910746,574.8964416060392,Gene 40,1975
674.3029836152664,576.1723263402333,Gene 58,1975
676.0966357818238,571.4989114560992,Gene 64,1975
675.1383429286625,574.5856227245553,Gene 81,1975
671.7135155322484,579.8538271088228,Gene 86,1975
687.7386773370955,572.7633588421642,Gene 4,1976
686.9634440213104,574.7674421335189,Gene 79,1976
683.6339502211086,576.5383390920783,Gene 83,1976
701.7991018771693,576.4298366031859,Gene 64,1977
702.8501688610044,570.1019331835264,Gene 80,1977
704.5794328783528,571.1220850995259,Gene 80,1977
699.5165659028241,572.0787935135439,Gene 80,1977
698.4423811946004,571.2995709278507,Gene 83,1977
698.1362999240849,573.7674739218597,Gene 86,1977
702.8862996514375,576.8134719197652,Gene 36,1978
699.4326471244211,571.0026216250304,Gene 40,1978
700.6410936884123,575.3760298072564,Gene 41,1978
710.1994530862022,567.982631412328,Gene 58,1978
709.0169029727181,574.9270690227045,Gene 64,1978
705.8459341082001,569.3392357872349,Gene 76,1978
708.2275365242918,567.0565174574646,Gene 82,1978
724.2945406860343,570.8145081872951,Gene 75,1979
723.9462662248209,572.2555822206366,Gene 6,1980
724.1749554243263,577.0165511562159,Gene 22,1980
726.5561599791087,576.6806605397506,Gene 22,1980
727.100719563554,569.8191376721131,Gene 40,1980
728.8961948274859,577.065542427715,Gene 57,1980
729.4835584609905,570.6625676134149,Gene 79,1980
732.0232420797392,575.9196391254483,Gene 79,1980
724.6287264110764,574.9880662759736,Gene 80,1980
732.1189195456622,577.173283753056,Gene 80,1980
730.886980132583,572.7314701841864,Gene 82,1980
731.6077777162914,572.3843758614961,Gene 82,1980
734.3005227524129,572.2093454348112,Gene 85,1980
731.5534565878673,569.7842543465783,Gene 86,1980
730.7639255350902,570.9028210958953,Gene 37,1981
736.2414662529536,570.2425289378101,Gene 41,1981
736.1372897605555,577.5404893471352,Gene 46,1981
731.9391015349221,570.0466581284851,Gene 51,1981
728.8780325913195,573.7931304777138,Gene 58,1981
733.8870433419307,577.7311045031068,Gene 74,1981
729.3242399636433,573.3380939427606,Gene 74,1981
732.1450735412603,573.4388839550522,Gene 76,1981
731.8750078288659,574.9571831357762,Gene 79,1981
753.9313081707916,579.4551888965826,Gene 37,1982
749.8083592962736,579.0112697548823,Gene 58,1982
752.9977667615249,578.7807873591604,Gene 64,1982
756.2763046345685,574.1716212043485,Gene 74,1982
755.7734624275191,580.263786644816,Gene 83,1982
756.8163185194351,577.3354802304182,Gene 85,1982
751.5787737005168,577.7859068639348,Gene 86,1982
756.5136133829739,568.986652224955,Gene 30,1983
757.7542763088298,567.84553912448,Gene 40,1983
750.9018553199954,572.4230658582908,Gene 54,1983
760.8406936368233,568.2688492546537,Gene 74,1983
753.83648227829,567.2898407855408,Gene 79,1983
753.1924873630144,568.4417576580217,Gene 80,1983
758.2614774755715,567.2847224260641,Gene 80,1983
753.291303914231,573.5515031273445,Gene 85,1983
769.8065254617177,573.018965903908,Gene 74,1984
763.5585820264548,570.5422113873726,Gene 87,1984
764.0844315038224,572.6675008076083,Gene 87,1984
769.5897915455214,572.2141032503307,Gene 58,1985
779.2952868557786,577.4947376079052,Gene 61,1985
773.9929068030146,570.0421262222885,Gene 80,1985
771.3193219490482,571.7874132364273,Gene 84,1985
780.2914323288352,569.7683245592083,Gene 37,1986
794.3954232447932,563.8136099345012,Gene 40,1986
781.4282927177529,568.6771581083925,Gene 74,1986
784.3322877032524,562.7145271698492,Gene 78,1986
785.020900153134,564.8307873301148,Gene 81,1986
801.9900773524964,573.723120001048,Gene 59,1987
801.3255039874864,572.6301528840037,Gene 74,1987
799.934414733874,571.9895204326983,Gene 75,1987
799.040553237723,569.5949744231151,Gene 82,1987
799.6245881248358,569.4511878971081,Gene 98,1987
612.6337334662397,571.8276316477484,Gene 2,1988
617.7649472989733,571.9855143032796,Gene 17,1988
611.4418111400219,572.3908568936458,Gene 28,1988
607.6433518977983,573.9117337664273,Gene 46,1988
616.1673008547389,577.8885927909445,Gene 74,1988
612.3794475600971,570.9724805274717,Gene 79,1988
610.3113299939349,582.0665768361202,Gene 82,1988
608.6134745082426,578.898704510221,Gene 84,1988
622.239650063057,578.9754597863218,Gene 22,1989
623.463386386849,584.1345329505702,Gene 58,1989
629.4951889651904,581.2218307981036,Gene 80,1989
622.2519917072149,584.5449822132016,Gene 86,1989
629.6528623938337,579.5274646966728,Gene 87,1989
625.4175788705428,577.0440171999062,Gene 87,1989
628.7497392819959,583.0865075660407,Gene 97,1989
640.7857140346871,582.6041432341304,Gene 6,1990
637.3258653804428,587.6914596018997,Gene 37,1990
629.248106602718,577.7940557751298,Gene 41,1990
634.085045326374,578.1123127996503,Gene 74,1990
640.2404297315077,580.6503474276072,Gene 77,1990
632.0027112021791,576.942266182786,Gene 80,1990
646.7911712998801,579.0906120224516,Gene 58,1991
643.9240643500448,583.199099336177,Gene 74,1991
645.9688270084627,583.2931711049428,Gene 79,1991
648.3377397902528,577.9442106458193,Gene 81,1991
650.3033519100669,575.2125688534551,Gene 64,1992
653.9282757485277,574.6065266375624,Gene 80,1992
647.0283647317758,583.3939506105404,Gene 86,1992
655.3772246396934,587.9452728011975,Gene 86,1992
649.6614173414714,576.437380533627,Gene 87,1992
659.7789386514523,584.5283727155714,Gene 87,1992
648.5470340633174,578.9899449250474,Gene 98,1992
655.4183375354413,573.6307789725229,Gene 2,1993
661.1891836421288,581.0564626594797,Gene 37,1993
660.9693944970609,571.875454553326,Gene 75,1993
666.9994351847705,573.8316332959345,Gene 82,1993
657.5728501207672,574.9182754483268,Gene 84,1993
677.1594747593894,587.0488748243359,Gene 21,1994
681.9890661522392,584.9421780385217,Gene 40,1994
677.6837908553763,586.0069943508873,Gene 74,1994
676.7231794521499,582.0508236493095,Gene 77,1994
675.2483454951403,581.6499755381899,Gene 79,1994
673.9284386743008,585.1531297209789,Gene 79,1994
676.5113895752966,582.190817820073,Gene 82,1994
674.1907553693338,583.7643376514454,Gene 86,1994
679.409389292154,581.1225773084809,Gene 87,1994
685.8971349007882,578.7549526548052,Gene 18,1995
680.881262652088,585.8149281720029,Gene 18,1995
681.0809642244213,579.5058692624941,Gene 37,1995
685.0150645164027,587.1659229901513,Gene 80,1995
681.5880893944643,580.0371272437632,Gene 86,1995
687.3507532976214,579.060488018634,Gene 87,1995
680.9837939943699,581.5166242378806,Gene 87,1995
691.6454920629618,582.6495211594358,Gene 2,1996
692.0126029815289,582.8397866302506,Gene 42,1996
687.441414429991,585.2858663002646,Gene 80,1996
689.6590702757003,579.2884871694761,Gene 80,1996
684.0043776178272,579.5202467232492,Gene 86,1996
704.0900633423911,582.3586850485359,Gene 6,1997
702.3550803753458,583.4900995015525,Gene 40,1997
702.007727387204,584.9656772090913,Gene 58,1997
704.3380601234296,582.6412487192152,Gene 74,1997
705.7748030614305,585.7231701829725,Gene 75,1997
705.6726864809237,586.3414788324387,Gene 79,1997
708.2684055164985,585.2384427061513,Gene 79,1997
706.9614290828554,586.4005924761715,Gene 80,1997
707.2576707305935,582.1473575770792,Gene 95,1997
702.6917634580223,581.2686980205407,Gene 97,1997
722.9203786550163,580.6547439785131,Gene 21,1998
719.3248507308455,579.2086952239996,Gene 40,1998
721.479134641305,579.698935834322,Gene 77,1998
715.1165210959238,583.7162782966551,Gene 80,1998
713.9943185330595,578.9964394605694,Gene 81,1998
720.8543682259821,582.3689975057779,Gene 75,1999
728.5372375832159,578.835978094809,Gene 78,1999
727.052931188156,583.0536529265866,Gene 84,1999
726.3851075204416,577.9388719050285,Gene 26,2000
720.026941354752,578.3618128141492,Gene 40,2000
724.0811565035335,584.1856926519349,Gene 78,2000
721.0564662989442,577.9578039701839,Gene 84,2000
734.4147181430235,585.5641915824905,Gene 37,2001
740.0984837261713,576.8347828577794,Gene 51,2001
738.2616331033889,585.9428384827122,Gene 58,2001
743.2435941671317,582.961219387281,Gene 58,2001
733.1900759941223,584.8530424172022,Gene 78,2001
740.8712304316491,578.7588006226409,Gene 79,2001
734.2344448774126,585.2772053004617,Gene 79,2001
738.911450598657,584.4119353805859,Gene 81,2001
737.9022666610226,577.3829373995908,Gene 98,2001
755.7329511442829,585.1786580216254,Gene 3,2002
752.834153497705,583.9183770314066,Gene 18,2002
753.7387843102252,577.607197338668,Gene 22,2002
758.627503770406,580.2817823305188,Gene 74,2002
748.7134669184148,582.7638466209673,Gene 75,2002
753.3117015925664,585.7408848267834,Gene 80,2002
751.7553191315432,578.1810886168386,Gene 86,2002
761.5588571575624,586.7488509345897,Gene 2,2003
760.8518897704486,579.1427013952884,Gene 37,2003
758.2572098852701,582.3170435136143,Gene 58,2003
763.4159369051434,584.1172426316334,Gene 58,2003
756.8446782694364,585.6412646929193,Gene 75,2003
759.1169392897555,580.0313282574648,Gene 83,2003
758.4693663840336,584.495117653005,Gene 83,2003
763.1503105547637,586.7878169001518,Gene 86,2003
776.7250405925082,586.8766365861039,Gene 8,2004
773.9783460499206,584.2507657797204,Gene 18,2004
775.9109481538956,582.668675669954,Gene 37,2004
770.6435681863676,587.1043323921509,Gene 75,2004
773.1091660791868,583.3245216907264,Gene 75,2004
770.0550024131004,583.3977865940193,Gene 78,2004
775.1813343912071,583.7878882079137,Gene 80,2004
775.8662604494708,583.0895632432243,Gene 80,2004
775.4488917854377,581.7226418624936,Gene 83,2004
773.0183839204461,580.4638495193552,Gene 97,2004
789.2616595155927,580.7800879680422,Gene 22,2005
790.5473799777786,578.6547459559058,Gene 35,2005
786.1782426241799,576.5290545735759,Gene 75,2005
786.9319071949176,583.530542920895,Gene 78,2005
782.4248931919299,583.1394146467084,Gene 79,2005
784.8752420741635,574.5688697728016,Gene 79,2005
785.3089827903045,575.3088165511997,Gene 82,2005
790.930373747728,579.9603529949095,Gene 83,2005
797.319157230779,582.1375588903829,Gene 40,2006
795.5871547859072,575.8942714095407,Gene 75,2006
799.3976344238059,582.7051632076261,Gene 81,2006
792.2199770265379,576.8846097372416,Gene 82,2006
634.1692795822166,591.4711538458419,Gene 46,2007
631.7772748341056,596.4757471764768,Gene 58,2007
630.6538556530062,589.5876428867889,Gene 64,2007
627.5587110516259,591.6852898853087,Gene 74,2007
630.7218912265093,594.0809004445601,Gene 74,2007
631.0605672165761,594.8217870336243,Gene 78,2007
629.3680281590267,593.7317996625708,Gene 97,2007
645.0274579267561,590.8298001613202,Gene 30,2008
641.842299930139,593.298525156487,Gene 46,2008
633.8949057672529,589.1213312971386,Gene 51,2008
641.1917642537387,587.0657225245113,Gene 80,2008
639.261239509166,593.9394593616752,Gene 80,2008
651.6070646368817,586.9925593728902,Gene 28,2009
642.62992789403,591.3986150024781,Gene 30,2009
651.061268585476,592.9889054956348,Gene 74,2009
651.2323060657113,594.5391809758779,Gene 75,2009
648.7984921372795,587.914721564558,Gene 79,2009
654.7065543631194,586.6612296659321,Gene 42,2010
662.7239708870105,588.8742349742478,Gene 58,2010
660.2206957298706,589.2862390166606,Gene 74,2010
660.9726726224648,588.8721056198765,Gene 79,2010
654.8595298559571,588.5145159593111,Gene 79,2010
671.763321417776,587.3563838736907,Gene 28,2011
672.9292333385594,584.1034297388352,Gene 37,2011
668.1728084992776,582.4166454746177,Gene 61,2011
673.5283233450373,584.760239969721,Gene 74,2011
663.3331078128892,589.5232856417869,Gene 97,2011
674.5889435564268,587.7400193133393,Gene 3,2012
677.8705208151167,585.2377251937764,Gene 78,2012
682.7258799410614,591.1797638287545,Gene 82,2012
682.7889260995208,590.6968307382446,Gene 84,2012
680.7458392666657,588.5378074302812,Gene 86,2012
678.3913907448864,588.7642313864853,Gene 95,2012
688.108497633422,596.5478457157919,Gene 4,2013
682.5429176795981,587.5011294805948,Gene 37,2013
680.8550987154977,600.6835596185182,Gene 37,2013
689.8503870124648,592.4122958864112,Gene 77,2013
681.4407899115107,595.2448184280453,Gene 77,2013
685.7174463617914,600.6771588667073,Gene 79,2013
686.0941700682866,598.9591661158257,Gene 81,2013
682.7943441436373,588.3068840424052,Gene 82,2013
677.9747947542643,594.2137764805764,Gene 82,2013
690.8678275444978,586.2194833750763,Gene 17,2014
694.4626595644662,589.9954833324957,Gene 22,2014
690.8106828658446,590.9143151912488,Gene 28,2014
697.7653146662511,584.389046956392,Gene 54,2014
695.2369498044313,593.6825374005181,Gene 74,2014
694.0470693960717,582.9780752046496,Gene 76,2014
696.9906431355023,591.1872787023814,Gene 97,2014
708.8426463740241,592.2412633849224,Gene 2,2015
711.6454100979868,593.1319224873025,Gene 40,2015
709.5178591536261,592.3660388932365,Gene 51,2015
711.9759980536561,586.2299209074476,Gene 79,2015
714.28910749029,592.8179800776683,Gene 79,2015
712.7329403302185,591.5832841216295,Gene 80,2015
714.3833327525815,582.5856590686706,Gene 37,2016
716.1542198835645,589.146909586044,Gene 74,2016
717.8217024491253,587.2417010865299,Gene 83,2016
734.0855365649406,593.3419558005694,Gene 79,2017
723.6726113757607,592.116806198055,Gene 81,2017
733.9888051261854,590.1139050244693,Gene 87,2017
742.8180919963197,592.366857508931,Gene 40,2018
738.2858029336217,585.4481594854673,Gene 75,2018
747.1093486889646,582.7358795307568,Gene 41,2019
743.2530439270545,581.4568504003292,Gene 50,2019
744.4427763285263,588.3289285378341,Gene 75,2019
744.4527869802339,584.764539218924,Gene 81,2019
751.663312614344,581.9527862202472,Gene 82,2019
751.184375107663,586.1721057300969,Gene 83,2019
747.846632378961,580.7102911285009,Gene 84,2019
746.1734376572716,581.4954186298554,Gene 84,2019
754.5680806754597,588.1633127246841,Gene 37,2020
754.1125930097621,591.7848227937768,Gene 37,2020
755.0380202946426,588.1078871902132,Gene 74,2020
758.2409029369646,587.8749188856882,Gene 96,2020
771.9630703005126,586.6911693821692,Gene 22,2021
773.5201630541455,590.7261938585691,Gene 42,2021
768.2675655777457,592.2647874767274,Gene 76,2021
771.3137547668863,587.3738335907066,Gene 79,2021
772.6337688181077,592.3302939655542,Gene 84,2021
780.3228617718876,593.7313829357411,Gene 37,2022
782.7021536775819,592.321235704057,Gene 40,2022
773.9532426166546,593.4695754696553,Gene 75,2022
780.2951722895757,590.498844175179,Gene 2,2023
780.3280012888448,594.3602824578882,Gene 4,2023
778.8660973480337,590.3069627206992,Gene 18,2023
792.5221476701959,593.3242311750889,Gene 22,2023
785.7554275662035,585.0118454031457,Gene 40,2023
781.8819858218202,591.3902170258898,Gene 74,2023
779.4089733842251,592.1126604586325,Gene 79,2023
781.226744803158,593.0476323610901,Gene 80,2023
794.1960326015923,592.7564115242119,Gene 28,2024
801.8551472256332,586.3476973693913,Gene 85,2024
650.314167993598,596.1862424186959,Gene 2,2025
645.9575146242579,591.663716977725,Gene 64,2025
650.2977532157744,597.1481026622952,Gene 74,2025
637.3123997408709,595.5302083972581,Gene 74,2025
648.0641888222484,590.6581453162081,Gene 83,2025
648.5511668717926,593.2140542209306,Gene 85,2025
641.4538812952962,593.9184139602796,Gene 85,2025
654.5985558862652,597.6348056480788,Gene 37,2026
656.522404227057,603.4507915178267,Gene 76,2026
657.6562470526701,601.9438973532642,Gene 78,2026
659.5462157603703,600.1454436177079,Gene 79,2026
652.4666347396137,602.6709921386088,Gene 81,2026
651.0688739758889,601.2645782399866,Gene 81,2026
666.79728431575,595.8374196852011,Gene 72,2027
662.100791499005,600.2260042113584,Gene 73,2027
662.7856990839462,600.4280622145938,Gene 74,2027
658.6648529760678,597.3306945917693,Gene 80,2027
657.1460491910611,598.0059565049303,Gene 81,2027
667.076744912402,597.2728503991407,Gene 82,2027
671.2537741990966,592.8484682976427,Gene 17,2028
674.8447529540672,590.4896257366992,Gene 28,2028
672.9879626788069,600.15994932107,Gene 30,2028
678.8714749874943,596.3926557196662,Gene 42,2028
666.8307842443362,591.5278705645095,Gene 78,2028
677.9641627300306,598.3309923427687,Gene 81,2028
684.9825653256986,596.5324437358959,Gene 22,2029
682.0404675682103,597.800189021739,Gene 40,2029
680.0564269869832,602.5612399875207,Gene 74,2029
680.3006523310191,604.1102471532092,Gene 75,2029
680.8972057060372,598.7369666909356,Gene 75,2029
689.115416565495,601.3518956543473,Gene 76,2029
682.7062824910514,603.1196902065011,Gene 82,2029
686.5701529136478,596.4313815932423,Gene 84,2029
689.7798183692844,602.8950189397326,Gene 40,2030
689.7043782858279,603.1286945287878,Gene 46,2030
687.6469279416278,596.4744266937946,Gene 64,2030
690.7214005898412,602.5848384786929,Gene 74,2030
692.9405167788861,597.5199719419401,Gene 79,2030
692.5755195131161,595.6663468732462,Gene 85,2030
695.8554535412511,595.8192978917776,Gene 37,2031
703.9972051190595,594.0142430760693,Gene 74,2031
703.1746077651519,593.7225995669899,Gene 74,2031
701.3287352869571,603.0155719013208,Gene 74,2031
704.4229976840102,592.4999266921681,Gene 74,2031
700.6371254379505,603.1635891315552,Gene 75,2031
696.3870534338844,598.9821187178597,Gene 79,2031
704.2772809393048,593.1954780648517,Gene 80,2031
712.8457608031023,602.2630272071742,Gene 28,2032
712.2451783891887,602.2728094172617,Gene 64,2032
711.0156810184205,604.6225569691976,Gene 80,2032
712.2090266010752,600.2505983393222,Gene 95,2032
725.3050603240214,595.1626595183567,Gene 18,2033
718.235415126648,601.3369002622981,Gene 37,2033
723.5840251998816,595.8045780722543,Gene 40,2033
718.1895997727274,600.1998005286599,Gene 58,2033
726.7606940147714,597.2935473805373,Gene 79,2033
724.5870376025993,596.9742320642415,Gene 87,2033
734.7537947765279,602.5765080852622,Gene 2,2034
725.6906836750733,600.1398902265022,Gene 26,2034
726.0068180537071,598.9883326037278,Gene 63,2034
734.4831721267897,598.4024656564098,Gene 86,2034
750.5973119035401,597.0636315514505,Gene 40,2035
752.1694722700306,598.3786281064552,Gene 61,2035
747.0162851927624,602.0522734766071,Gene 74,2035
748.3009071895085,601.0221803351798,Gene 76,2035
745.5103958764574,600.806809384011,Gene 79,2035
752.1081466476862,599.4357221076781,Gene 83,2035
757.6168107961312,597.5103557353023,Gene 16,2036
750.8257647983838,596.5488016277525,Gene 22,2036
747.7829278864971,597.8941772136588,Gene 41,2036
752.4029558090871,594.5696457784247,Gene 74,2036
756.3815937805481,597.684021124344,Gene 74,2036
762.057324459416,601.6790348277367,Gene 4,2037
759.5097657591886,595.9134193462359,Gene 25,2037
758.7971540793746,597.4897891225033,Gene 35,2037
766.4567175114576,600.3891549607063,Gene 74,2037
765.5745813873394,600.3516854135065,Gene 74,2037
760.2335690961094,600.7982479666255,Gene 75,2037
762.3933067039694,595.0093626722329,Gene 80,2037
766.2894515649309,597.4136977455513,Gene 80,2037
765.5442202027791,597.5763440081664,Gene 2,2038
771.8508217719115,600.7047446612344,Gene 42,2038
773.7578558157064,596.3094506062296,Gene 51,2038
774.6501706355251,600.132266504281,Gene 54,2038
772.4138606393904,603.3827729242404,Gene 79,2038
770.7290268731364,601.0586912569188,Gene 84,2038
775.2479664907547,595.5060793563948,Gene 21,2039
782.8090135417173,598.0091894345233,Gene 22,2039
777.5936122138827,601.9929203280882,Gene 42,2039
779.6156080362001,594.2582337087621,Gene 64,2039
775.0245802026302,601.0230644716952,Gene 80,2039
785.6271674440565,599.9424528879393,Gene 81,2039
772.2281793170306,598.1491297280083,Gene 83,2039
793.2848024731745,599.3087468717528,Gene 40,2040
793.8848780114439,604.0650476609712,Gene 58,2040
790.957197983033,598.2520628628149,Gene 74,2040
794.1602284074929,598.0104958432179,Gene 74,2040
800.71042731575,598.859247310195,Gene 74,2040
796.5838683141831,602.0194198889351,Gene 82,2040
657.7622148161566,613.3510038156547,Gene 77,2041
662.4737813716584,612.6143104584327,Gene 80,2041
664.3207717074745,613.0699143144886,Gene 80,2041
658.1310720210809,611.6529191356037,Gene 86,2041
666.4785064524619,608.2254863418259,Gene 18,2042
665.0120193592511,610.1829247947287,Gene 40,2042
669.8526992485313,613.7726386302454,Gene 58,2042
672.9492506750847,605.5324512377657,Gene 74,2042
668.0034593815742,611.9133314208193,Gene 77,2042
665.9830763189906,608.6963000890279,Gene 81,2042
675.9267156915964,608.9962700199345,Gene 83,2042
674.0432344473737,608.0345919853162,Gene 86,2042
668.9766320226526,605.1294090776175,Gene 86,2042
675.4337140341643,609.3728935773123,Gene 22,2043
677.4284142284573,608.8098597454801,Gene 40,2043
682.5119056102666,605.3471207273199,Gene 42,2043
678.5714877161846,603.0723032475669,Gene 79,2043
678.9687579837192,601.9721073227873,Gene 80,2043
680.9102113254172,604.5753843247345,Gene 95,2043
676.546177712826,610.4131231290604,Gene 98,2043
683.4654717387559,611.7771592748542,Gene 2,2044
692.2014180685579,608.1669785912737,Gene 40,2044
692.012231482099,604.3090698491817,Gene 61,2044
684.1526404496718,609.3735148817664,Gene 77,2044
699.7870793314593,608.8993755261657,Gene 2,2045
694.880525387539,612.7820276307217,Gene 26,2045
692.4136256039839,606.009187934026,Gene 37,2045
690.7248021687973,610.0136202927433,Gene 74,2045
699.0907524285378,606.7949822278518,Gene 74,2045
689.7787552925599,610.6822487338037,Gene 83,2045
702.0545616921123,607.2642568372523,Gene 22,2046
710.5611272030341,614.008800450767,Gene 40,2046
708.2625736957818,603.5523516244067,Gene 75,2046
713.8624642075658,606.5278504868654,Gene 76,2046
704.9246467805693,608.3391409871784,Gene 80,2046
701.5098020103931,609.1773598172126,Gene 80,2046
707.8597418254292,613.9461888438827,Gene 80,2046
713.3281295182312,607.8650078455281,Gene 37,2047
719.0333745878631,606.0151390849826,Gene 79,2047
729.2762590188148,611.6533487698626,Gene 30,2048
731.2139910897555,613.2982056242049,Gene 74,2048
726.3616377992112,605.9844045883773,Gene 79,2048
727.7943217964734,607.4753303405646,Gene 79,2048
744.5690239277283,603.426517157189,Gene 5,2049
737.1833917312717,602.8639027222141,Gene 79,2049
740.7519185194308,602.1106731852478,Gene 95,2049
741.0239362184692,601.691293093434,Gene 46,2050
740.0056256265045,603.474375124096,Gene 60,2050
749.1844523908431,601.1779091236871,Gene 64,2050
747.5116832888039,600.7340338478851,Gene 64,2050
748.2166339710234,599.8306442627767,Gene 84,2050
739.521799752603,601.43533951712,Gene 85,2050
764.216228255636,607.4871480601017,Gene 17,2051
765.1355326071756,608.3030112584323,Gene 82,2051
763.483943229279,612.0749687733679,Gene 83,2051
758.6050270872445,607.0792110199401,Gene 86,2051
773.0824056764914,600.4842433090222,Gene 42,2052
773.5177359793734,602.8940924642513,Gene 58,2052
770.3478824597614,601.1634587076294,Gene 72,2052
765.4225847954103,601.6254946723253,Gene 83,2052
783.2427326740211,604.7004461662635,Gene 4,2053
783.0555062671095,600.245167997133,Gene 64,2053
782.316992478094,605.3217167740387,Gene 74,2053
781.5036893411856,604.6636882862978,Gene 74,2053
779.9554686526491,600.7053811332011,Gene 74,2053
782.3643608690029,605.7878743515299,Gene 80,2053
782.7154208996026,600.9207710113117,Gene 80,2053
782.9542041730502,603.1351611906551,Gene 81,2053
777.5882369300431,603.9993709133068,Gene 84,2053
786.198594292746,608.852028677534,Gene 37,2054
790.0407498110822,607.686431333823,Gene 58,2054
787.6586542530654,607.8413454332514,Gene 74,2054
791.6215052490733,601.9274344374021,Gene 75,2054
787.4721027654572,607.3826906143167,Gene 79,2054
788.4852489448489,601.567818296976,Gene 79,2054
794.6560473660669,605.7527067825147,Gene 79,2054
786.6239973303749,609.588422054281,Gene 80,2054
789.7498522527586,611.4211188418241,Gene 80,2054
792.2404329482316,605.5124324943183,Gene 84,2054
783.9690613775581,605.8087816713949,Gene 98,2054
800.0891476468739,600.1935637496771,Gene 58,2055
792.3740925555362,604.7781948266551,Gene 64,2055
798.9527146397236,600.3233794991816,Gene 74,2055
799.9205714070789,600.5672785434066,Gene 77,2055
800.264087021284,599.1968053170112,Gene 79,2055
796.4059833374998,599.248388558984,Gene 82,2055
800.0605671589781,602.0389768720979,Gene 82,2055
790.9359580718933,602.2258987117411,Gene 83,2055
667.8507041612394,616.5326332977497,Gene 16,2056
669.7337889200194,612.6353767314266,Gene 37,2056
669.4827309978025,616.6788289027013,Gene 59,2056
680.8924164827029,617.341085374887,Gene 75,2056
673.596217119459,619.8762602760011,Gene 82,2056
669.4169811496714,618.7276861318157,Gene 82,2056
685.0421317509763,620.9122459358618,Gene 77,2057
679.5417065342509,614.6936992774264,Gene 84,2057
678.6496105273803,617.5151416978564,Gene 85,2057
683.1318032665006,622.2251380899038,Gene 86,2057
677.3358898434341,621.5648060834399,Gene 96,2057
685.7710408284753,611.3585748702556,Gene 79,2058
692.3040441848824,611.5995049532626,Gene 82,2058
703.8762139566041,610.5096640496653,Gene 73,2059
707.5590820625376,617.3796850475079,Gene 74,2059
705.2036117747514,611.5923788906349,Gene 81,2059
697.7560729562441,613.1303688407694,Gene 82,2059
706.9009174551293,611.4921050684592,Gene 83,2059
709.2994119225789,613.9087218537304,Gene 83,2059
705.4982592362938,610.1847104659654,Gene 91,2059
712.4101426067482,618.6026892943404,Gene 58,2060
717.6897123252718,617.9836425785933,Gene 77,2060
717.9315102025171,613.917672877499,Gene 77,2060
721.7447391240321,623.3366371466371,Gene 83,2060
712.6048771807135,619.7680057897556,Gene 86,2060
729.5149956672312,617.4474339402399,Gene 74,2061
716.6814740731816,617.628630811779,Gene 75,2061
718.2761536435692,622.0802537617996,Gene 79,2061
718.7685753246378,613.3048162876069,Gene 79,2061
718.5894170059621,616.6704455041863,Gene 79,2061
725.8356083834576,614.7070167800238,Gene 79,2061
716.2930967871448,618.884870894071,Gene 80,2061
727.077937688319,613.3694393763562,Gene 83,2061
731.210694781681,618.100104241085,Gene 98,2061
739.2264592500136,615.2888284171719,Gene 37,2062
738.6222869152809,616.2036099016103,Gene 73,2062
742.506163033851,613.3334800072278,Gene 83,2062
738.7686049902215,614.6449709155837,Gene 21,2063
746.331511871365,616.4744347675877,Gene 28,2063
742.9411607533659,613.1866990771666,Gene 35,2063
743.9724912046856,620.2569742617429,Gene 59,2063
747.8603610565336,617.290412133091,Gene 68,2063
737.557016041659,618.1444741977654,Gene 74,2063
745.9895958504919,617.4026064143056,Gene 74,2063
742.6321640258386,619.7167314384277,Gene 75,2063
746.4920717471563,618.6974801758399,Gene 80,2063
747.1399518268914,614.7645155376613,Gene 81,2063
750.7218021402156,613.816736977078,Gene 21,2064
751.7346531083975,622.9618230242551,Gene 37,2064
754.4292036354174,613.8457378905125,Gene 40,2064
758.9665162647404,618.2950652980448,Gene 63,2064
753.5353464412731,622.662156889838,Gene 74,2064
757.0089984396924,621.2441674859227,Gene 74,2064
754.6958274229713,614.231118910123,Gene 75,2064
759.3451648136979,619.1541536992466,Gene 77,2064
751.2087559718616,620.6848900729498,Gene 80,2064
761.3150565503561,608.2225198245618,Gene 21,2065
758.93260837621,609.9721148160777,Gene 37,2065
758.1089589970959,617.8388639161399,Gene 79,2065
767.431206181282,617.1464755438059,Gene 79,2065
764.1128491906945,620.9006170431637,Gene 80,2065
757.3978350662213,618.7047748953379,Gene 80,2065
764.3159817949654,609.9124295645825,Gene 81,2065
759.3088114273344,616.4494515711039,Gene 82,2065
770.4825273460206,617.9964346423242,Gene 3,2066
767.482704305859,613.3260527668074,Gene 22,2066
771.6422467197191,612.0987151760943,Gene 58,2066
766.312239651683,617.1540477853945,Gene 82,2066
770.9022168106206,619.356415718304,Gene 98,2066
790.1381688353575,620.583189745682,Gene 58,2067
784.1546601854316,623.1122777969078,Gene 74,2067
692.6052114869921,630.8369652360368,Gene 74,2069
691.6785144254696,624.7287174828605,Gene 77,2069
692.0966073135677,626.5596896107306,Gene 80,2069
691.2914379506137,629.5561747699179,Gene 87,2069
703.8763831262021,623.8920370193599,Gene 21,2070
694.6103946234418,631.2011744072586,Gene 41,2070
700.3096255663145,633.601077748332,Gene 76,2070
704.1815335978283,632.7293434548136,Gene 79,2070
698.360909706423,630.3074723619453,Gene 80,2070
693.6044179200594,628.4043483757451,Gene 86,2070
707.5163552393666,626.915438811872,Gene 37,2071
711.3451119602341,627.9035622402665,Gene 46,2071
706.3578354798894,627.185921331274,Gene 64,2071
708.1692678149701,627.7154638815415,Gene 74,2071
713.5587804042793,623.8977841969471,Gene 77,2071
711.2152447498206,622.3696299243768,Gene 79,2071
710.3328417114449,621.6988740898101,Gene 80,2071
705.2487341193039,625.2700014533083,Gene 83,2071
717.9968503322946,626.9721917136565,Gene 3,2072
722.5304607007289,623.4485953097186,Gene 42,2072
716.8310891778729,628.8896523421607,Gene 46,2072
722.7812019277435,627.4765653139794,Gene 80,2072
713.1789709949203,624.9504691562504,Gene 80,2072
721.24724626874,628.9473499809874,Gene 86,2072
721.8777657967402,625.7533009203784,Gene 98,2072
728.9818239073924,626.3327469965097,Gene 78,2073
721.9825810138917,628.0007505453706,Gene 80,2073
726.4055857798775,620.0926568584451,Gene 86,2073
746.023275213723,631.707675498395,Gene 35,2074
740.0977801158999,623.3490227221262,Gene 37,2074
740.5602191641433,632.9042299731528,Gene 64,2074
742.9288462844878,620.1786525946844,Gene 74,2074
743.2299994200413,621.9309100695035,Gene 79,2074
743.7877806862892,628.7513179395363,Gene 80,2074
744.4735952182675,632.843122481069,Gene 80,2074
738.8611201643549,622.4142340628815,Gene 86,2074
742.4720615367778,623.6944042690237,Gene 92,2074
745.4241633967397,622.3882926388799,Gene 98,2074
753.5301274802632,626.0568735910407,Gene 37,2076
757.6516127626555,617.5350766937136,Gene 82,2076
755.1202249678305,625.8606687955413,Gene 82,2076
755.8000771662377,621.5870396524695,Gene 82,2076
760.497381337511,623.404497753623,Gene 84,2076
765.2293019003935,623.8605048747531,Gene 37,2077
764.9779034336259,621.5525672754384,Gene 42,2077
770.6423574478655,626.2652182554178,Gene 74,2077
764.7200158863074,621.7103135568692,Gene 76,2077
775.5023581107716,624.8523880935043,Gene 79,2077
771.4332339222328,625.5273162184257,Gene 80,2077
765.5361667985984,621.4830009745255,Gene 82,2077
774.328654667622,626.4653634007229,Gene 82,2077
776.6189901831876,627.0503723737997,Gene 98,2077
782.9239075720205,629.0085114592204,Gene 22,2078
780.9578237325869,628.6989068913668,Gene 40,2078
779.2545540339502,623.5449895658542,Gene 74,2078
781.5282392701214,624.0207706998928,Gene 74,2078
784.4649631592001,623.218799142178,Gene 79,2078
782.9683672869058,625.642746471195,Gene 79,2078
780.7924639795903,626.3672812676781,Gene 82,2078
778.266102976171,627.9373433188596,Gene 83,2078
787.5093606006008,626.1505995151532,Gene 3,2079
787.6401689430674,622.6610753686177,Gene 37,2079
788.6841161707068,627.0593172654822,Gene 79,2079
784.0076673151347,622.65490340585,Gene 79,2079
787.6446955177797,628.6769440889051,Gene 82,2079
784.2797018634303,622.6173554666085,Gene 86,2079
785.9253923492171,627.8376929060462,Gene 87,2079
798.4447587037454,627.7966615023827,Gene 79,2080
802.1369727295709,623.9957132890913,Gene 83,2080
797.3135010382025,620.932434518981,Gene 95,2080
700.4559334440478,627.6194599950276,Gene 2,2081
699.2709267460947,633.87138987936,Gene 22,2081
704.6831342147558,629.7899899615165,Gene 42,2081
706.8363899208451,632.8927238567878,Gene 74,2081
699.7091025748623,633.1535726648582,Gene 74,2081
699.0539653915644,633.8353273860056,Gene 78,2081
699.063381606417,629.9980162381338,Gene 80,2081
699.6878813088089,630.9594673481477,Gene 83,2081
699.7612315226517,629.7214745507023,Gene 85,2081
704.9623390526937,629.9802149244537,Gene 87,2081
703.2807595613017,633.7016746239213,Gene 97,2081
719.1577535707545,629.0438885498804,Gene 36,2082
721.58224604536,633.4790730210533,Gene 37,2082
710.8266449919977,630.5145982773461,Gene 51,2082
713.8815008280324,635.7309143696584,Gene 76,2082
716.0258998849906,627.3380994676758,Gene 80,2082
711.2723600058578,629.7482484277748,Gene 85,2082
717.3648597570981,632.9448116193355,Gene 28,2083
722.6934195657562,629.055515980537,Gene 74,2083
719.8464379175775,631.311723520182,Gene 79,2083
720.7243330775622,630.4556566243926,Gene 80,2083
719.8692682662553,632.2168649005193,Gene 80,2083
723.8664424300841,630.2446543829399,Gene 82,2083
721.3094324030674,636.8677697529511,Gene 84,2083
731.4457181680093,635.0915741552515,Gene 18,2084
730.0094999610535,637.66859845685,Gene 37,2084
735.0902335098841,636.5134253345301,Gene 40,2084
736.65131637169,634.3391255084059,Gene 42,2084
728.5742454828599,635.9300646829862,Gene 42,2084
734.6236998373963,636.869938487198,Gene 58,2084
728.4557571538943,633.4958857692976,Gene 61,2084
735.528069376888,638.2786373114147,Gene 74,2084
734.4811282115718,633.276529736303,Gene 79,2084
732.3243913969071,634.0622709322138,Gene 95,2084
730.5364198842773,637.4052065226514,Gene 97,2084
740.1219904211044,638.1343301129788,Gene 37,2085
736.9047886503504,633.5607755234277,Gene 37,2085
736.2204082395845,637.3441797580601,Gene 37,2085
741.4409099538187,636.2310258232816,Gene 79,2085
739.4907450446683,635.5166318865486,Gene 79,2085
737.2280950990283,636.6366451277454,Gene 80,2085
740.0296528801429,631.6733964367489,Gene 81,2085
740.9075710460031,637.1399631835835,Gene 83,2085
739.4232847211163,635.3773972000072,Gene 86,2085
755.4111966363704,635.3580105405182,Gene 22,2086
757.8106759784625,629.2188019887232,Gene 22,2086
748.5720047485067,633.9094021827723,Gene 75,2086
755.3957492008366,627.5616560217338,Gene 77,2086
755.2055489817607,634.2648935758305,Gene 78,2086
756.050587221659,631.049193026382,Gene 80,2086
754.4008037662645,635.7040055171658,Gene 80,2086
755.8094604048748,628.4717609587221,Gene 84,2086
755.1018608251809,628.8886542924521,Gene 24,2087
752.0252600571985,633.5230798953849,Gene 35,2087
753.9823016829488,634.4946321708309,Gene 37,2087
761.577790465171,634.705010693961,Gene 40,2087
762.4471734005235,634.960493951277,Gene 46,2087
764.1382676462512,632.5686693364456,Gene 51,2087
758.4490456556941,636.3827366302808,Gene 74,2087
752.9949848469245,631.4953488011612,Gene 74,2087
763.8119662029799,633.8006623234276,Gene 74,2087
754.0012747207047,629.9061034624095,Gene 80,2087
754.7499781731138,636.8904514021882,Gene 81,2087
756.6492734427334,627.3428385526034,Gene 82,2087
754.407335743424,635.1698218437843,Gene 86,2087
769.5097585529531,637.2830695591194,Gene 22,2088
768.7524343005932,634.8116498166584,Gene 64,2088
766.5771928752001,633.2995634211053,Gene 74,2088
774.2031013375542,631.9719453419726,Gene 74,2088
774.4529453219097,635.1581319142288,Gene 79,2088
771.0308755230263,637.7334897681344,Gene 82,2088
767.146142871591,635.803448275672,Gene 83,2088
793.4557765884094,633.1830073270177,Gene 22,2089
789.133424384011,635.0041595448231,Gene 29,2089
786.1217901045526,632.709210302779,Gene 37,2089
785.0045697778812,630.536833516935,Gene 40,2089
788.4773478577687,636.8381370374866,Gene 74,2089
785.9741833631525,628.24307787949,Gene 80,2089
786.7479169710709,631.501643156972,Gene 85,2089
785.7558298721351,635.7286711926,Gene 2,2090
784.8404354896405,638.1326133963901,Gene 37,2090
794.5141851958871,637.766444631878,Gene 42,2090
794.6380518338891,636.33535456195,Gene 74,2090
794.4074432436914,633.2635946676822,Gene 83,2090
723.81053996592,642.5005028040842,Gene 3,2091
715.1167083142585,636.8306800271987,Gene 22,2091
715.1221852657214,646.9886381018017,Gene 22,2091
724.3227772250627,641.9666040174291,Gene 42,2091
723.0301721187162,645.8749153622969,Gene 63,2091
711.6212951717197,643.0525237933728,Gene 75,2091
724.1736426808367,641.4328501965219,Gene 75,2091
717.123282390403,647.43869169687,Gene 76,2091
710.5827539145537,642.0582749868206,Gene 78,2091
724.9796613150951,641.0359003973863,Gene 80,2091
715.2231105331842,644.9038563249379,Gene 80,2091
726.6191235564904,642.4921961333312,Gene 2,2092
727.9433166472445,637.585642232887,Gene 2,2092
729.1873888008909,640.6640059619702,Gene 74,2092
729.5332696210005,640.5998240235624,Gene 79,2092
722.0212344222059,643.3414589020753,Gene 79,2092
725.2801800775454,644.0382753242826,Gene 81,2092
728.5939530830162,638.5465496727477,Gene 98,2092
730.7210031977586,640.7249616556405,Gene 40,2093
733.063016477027,635.3664077687628,Gene 58,2093
735.698474689806,636.6231757737232,Gene 64,2093
738.3384655573794,643.7192570351037,Gene 64,2093
735.6748303131011,643.6889908556656,Gene 74,2093
730.2040691338254,644.9075104102685,Gene 74,2093
731.1136237245724,641.3240657829213,Gene 79,2093
740.1363078171313,644.9393250381393,Gene 87,2093
747.0070281991751,643.5656206354571,Gene 2,2094
746.266503619357,638.7768488121012,Gene 37,2094
752.8890573237546,643.4015854898723,Gene 37,2094
756.206228265621,639.6355114364907,Gene 40,2094
750.7143072225524,642.1768407136487,Gene 40,2094
749.0064186906111,637.7580218412794,Gene 64,2094
755.8422852294354,642.3452248070747,Gene 74,2094
746.3809765989208,643.3143510369066,Gene 78,2094
748.6720872242151,642.8679432302241,Gene 79,2094
752.6906475026628,643.3591006802114,Gene 98,2094
761.9888840724715,639.3603542885212,Gene 46,2095
761.0991462660458,643.8967367945795,Gene 46,2095
762.8152937950856,637.048804722812,Gene 58,2095
765.4331090834353,638.0948896349605,Gene 64,2095
765.9245257625366,638.4690110455799,Gene 84,2095
758.5133390376664,642.7736813916564,Gene 86,2095
762.9948404475009,636.1079935540974,Gene 98,2095
768.9792436370818,641.4666044367199,Gene 40,2096
761.5582304982411,646.934586841008,Gene 64,2096
761.2102568580605,639.6375248875884,Gene 74,2096
758.5498614786629,642.4187550984924,Gene 86,2096
765.9059470487327,637.8576306629709,Gene 86,2096
782.3474488402646,637.7804206866567,Gene 18,2097
772.3454787480899,640.0279230569909,Gene 22,2097
776.5885637549783,637.7304645220129,Gene 41,2097
776.1777135936072,641.0216358829746,Gene 42,2097
773.5175304580226,636.418942548636,Gene 51,2097
775.8584505989868,643.7230387472413,Gene 74,2097
774.3627864257583,641.5493799958355,Gene 75,2097
775.4159204610047,639.3202734160321,Gene 81,2097
782.2722975820196,636.2960928530547,Gene 84,2097
782.8349335126521,642.4146273292376,Gene 37,2098
781.8518502532644,647.4708866523539,Gene 40,2098
781.6651603078452,649.1644241632749,Gene 80,2098
787.1781992435494,641.6110518684658,Gene 84,2098
802.3403032172697,636.4459678890022,Gene 37,2099
794.9820480575688,642.56316286752,Gene 37,2099
799.4399375024449,645.616280383525,Gene 82,2099
794.7600390977339,640.1578987449444,Gene 82,2099
795.9713648612125,636.9141983967717,Gene 85,2099
801.318353191708,639.486135808679,Gene 85,2099
803.3252525982191,645.1587076489101,Gene 86,2099
794.2657128266047,638.832224957483,Gene 87,2099
732.223429394726,647.5257477339479,Gene 16,2100
733.0877165277343,647.9053771205274,Gene 18,2100
738.7215942822182,649.3370882413717,Gene 22,2100
732.0331283692348,651.5124340256111,Gene 40,2100
730.8527797790042,650.4562256422987,Gene 41,2100
733.8030579733663,646.6379989723216,Gene 42,2100
731.9743510106238,651.1303692283066,Gene 54,2100
737.9073529978988,649.4695516136446,Gene 77,2100
730.2306880980439,648.6144932662725,Gene 87,2100
736.9613002424878,649.0852804578993,Gene 35,2101
739.7390970119584,656.3031135676788,Gene 84,2101
735.6404960839285,653.477482173528,Gene 95,2101
753.9162648177419,651.3062675696523,Gene 2,2102
751.2551464532527,650.6608631790946,Gene 2,2102
758.9222461175091,652.2956000830367,Gene 35,2102
758.9992031855381,649.2379604640523,Gene 51,2102
750.9803793369449,648.0100682578501,Gene 64,2102
752.4701502613088,652.4835331231618,Gene 75,2102
758.825001993963,649.1740977764782,Gene 3,2103
763.1196635946187,646.7745703152096,Gene 64,2103
760.485221995537,652.348484045974,Gene 74,2103
762.5668910077133,654.8198554004201,Gene 74,2103
769.8991203424794,647.0292552038433,Gene 76,2103
769.1533958146673,646.9759351372911,Gene 87,2103
758.2891707286383,651.1870452431532,Gene 87,2103
768.4711057048288,650.434781728207,Gene 98,2103
771.3632696142624,646.9972387242352,Gene 37,2104
771.948219903786,646.3773597839322,Gene 42,2104
778.0283082080025,648.7953271531884,Gene 64,2104
778.1668741184161,653.8970227212486,Gene 74,2104
768.1477589247024,651.8316878604236,Gene 74,2104
777.4542898737009,649.3913626977627,Gene 95,2104
776.3778303289625,647.7324085153981,Gene 22,2105
776.457847743409,647.0017501280473,Gene 22,2105
775.8501695296286,650.2104887922726,Gene 37,2105
776.2040217828826,650.5517783948891,Gene 76,2105
784.4795191914769,644.2252127685849,Gene 77,2105
779.983270290466,644.6534346575455,Gene 80,2105
784.5308640505358,651.6600800457066,Gene 98,2105
801.4913905878378,648.3948971304652,Gene 4,2106
803.3319899821423,652.289121224139,Gene 22,2106
800.2322609575506,650.0394126927899,Gene 33,2106
799.0737141836631,647.0728525607842,Gene 40,2106
793.3503369443882,655.4465011733506,Gene 41,2106
799.8953724517758,649.0057269953818,Gene 46,2106
801.6868028386864,656.368083343008,Gene 98,2106
744.6032156766997,653.8895464643737,Gene 28,2107
745.4530002411901,653.9759790047655,Gene 61,2107
746.7398830004372,651.4812088071114,Gene 79,2107
744.7754357463768,656.2935970387523,Gene 83,2107
751.6107215931247,653.0747418403989,Gene 84,2107
745.5398687731546,651.5524150620523,Gene 84,2107
755.9020091975118,662.38396994641,Gene 17,2108
753.3563818821485,659.4821923014687,Gene 37,2108
762.2121642367111,658.0792338957016,Gene 64,2108
758.3605072813939,661.0086134399008,Gene 74,2108
761.7215544844211,656.3694031301022,Gene 75,2108
767.0584596023024,660.084159160276,Gene 16,2109
761.6640441915434,652.9738461449284,Gene 64,2109
759.4153119931834,662.6682404926379,Gene 74,2109
760.4652593243891,654.574666308907,Gene 74,2109
759.1395675525572,662.2917389794782,Gene 79,2109
772.2608341245643,657.4166702211384,Gene 79,2109
765.8690720065085,657.0362730012772,Gene 80,2109
759.1594618200594,655.5923322377863,Gene 83,2109
783.4845771897945,659.5946996753539,Gene 51,2110
785.3265821906355,655.1346408504575,Gene 58,2110
776.394530169554,654.1870560878774,Gene 58,2110
782.9729366679954,657.0716705232873,Gene 79,2110
780.1813548016628,654.153465393922,Gene 79,2110
778.7518140743734,653.2087337226894,Gene 80,2110
781.7090440390954,660.9615563024176,Gene 80,2110
784.2371207549437,656.3966187645149,Gene 85,2110
780.5206988020799,661.0130468306198,Gene 86,2110
776.6912797688099,661.5165153060635,Gene 96,2110
782.7401795897565,657.3441979635884,Gene 42,2111
780.6221503284419,658.6329671292997,Gene 58,2111
785.9247485893499,653.8122073980829,Gene 80,2111
782.4226928499955,662.5226258974682,Gene 80,2111
782.4691783609422,655.7430901216707,Gene 80,2111
782.1424749956826,662.0635079130476,Gene 83,2111
800.0577149156956,664.4579847171198,Gene 26,2112
805.0511842555203,655.3101307528066,Gene 37,2112
796.2253894611041,658.8562039201549,Gene 40,2112
805.7349188114658,663.4716202126111,Gene 74,2112
799.9002180776642,662.0105082593715,Gene 80,2112
797.9798065936596,656.9019666806796,Gene 83,2112
799.9298209955355,661.6143448263184,Gene 86,2112
761.2322541590851,662.4126329274462,Gene 28,2113
758.019847676103,661.8734350258385,Gene 40,2113
766.9016111951229,664.9549812086242,Gene 64,2113
758.0615350466172,669.3460645815569,Gene 76,2113
756.8815786424134,668.8391386645764,Gene 80,2113
763.9293601151519,663.6878248536323,Gene 81,2113
767.4178305535894,666.2133500662725,Gene 97,2113
776.4994099561513,669.7800665312261,Gene 37,2114
771.694789640779,670.6913015845798,Gene 40,2114
775.9659834747447,670.4212176952437,Gene 64,2114
771.7748225584929,672.2028422496891,Gene 75,2114
767.9034930918594,667.1974075824199,Gene 80,2114
783.4621924174058,663.8973048911566,Gene 40,2115
783.3069541797549,665.9879811701165,Gene 40,2115
782.7867818978517,671.1338960551908,Gene 58,2115
786.5967382560086,670.7037903946033,Gene 82,2115
780.4929487858327,671.4517483761334,Gene 84,2115
780.8222812272323,666.8615278064289,Gene 84,2115
797.6417395685412,659.8605044385401,Gene 64,2116
798.5139090184199,659.2139292344378,Gene 74,2116
791.967307406721,660.490315663256,Gene 74,2116
788.8511341736643,663.0498102107036,Gene 74,2116
792.3644141616412,656.1629223602627,Gene 75,2116
795.8689847015828,656.5616449383128,Gene 79,2116
797.3825249494566,659.248917680673,Gene 80,2116
791.0788425215076,663.5439326027197,Gene 84,2116
792.3896200595369,665.2042162793081,Gene 84,2116
795.4901994656949,664.5306668382909,Gene 92,2116
775.1424899842569,673.8671615178876,Gene 74,2117
780.5549304489268,682.4423888403367,Gene 74,2117
774.3730967478612,681.5922498667036,Gene 77,2117
782.3935461103091,676.8694335952866,Gene 87,2117
787.3424404948021,682.3319121231542,Gene 22,2118
787.868326055724,681.1839495029897,Gene 40,2118
780.8587812010613,678.4516587911687,Gene 74,2118
788.8443653697609,678.4494343253689,Gene 80,2118
788.377311705963,680.7334245566011,Gene 81,2118
787.5934436018622,679.6082595156059,Gene 82,2118
797.2732316480308,674.768635296601,Gene 18,2119
799.6025766931648,677.0694526903433,Gene 22,2119
796.9319760244553,674.6252194702847,Gene 69,2119
794.9553262108147,678.4436764989126,Gene 79,2119
793.802096647652,679.3655687154915,Gene 80,2119
797.4156150159727,674.6275900372514,Gene 80,2119
794.1946663561729,679.5290422428736,Gene 83,2119
797.1327451135837,675.2622276960927,Gene 86,2119
791.0493956900592,686.7499800898864,Gene 17,2120
795.6367376155872,687.5645177432019,Gene 63,2120
800.3500355088672,685.2630053490241,Gene 86,2120
80.6359513501186,595.3436076372401,Gene 38,-1
108.98291924193026,35.49312520296368,Gene 8,-1
646.2779446742771,422.7791259985213,Gene 40,-1
407.9417696655584,190.3455716561214,Gene 31,-1
761.7616399820887,460.6503124165332,Gene 30,-1
608.5952398884118,451.0047559639842,Gene 21,-1
350.67870557376466,701.0958548268869,Gene 74,-1
684.4629757844049,463.85621608801114,Gene 29,-1
155.47602162487993,784.8062553142595,Gene 92,-1
119.90268490083382,412.0251048441456,Gene 82,-1
135.45636471071703,484.0574589370304,Gene 57,-1
24.317602951320616,792.6721267655256,Gene 88,-1
737.9054847445041,725.5913278865385,Gene 54,-1
507.32574772017847,464.1207660891605,Gene 74,-1
162.57291524779492,254.0520046391305,Gene 27,-1
745.5154371607962,536.3739074143593,Gene 61,-1
250.1083090264542,538.1929491818096,Gene 54,-1
647.0321455623396,766.1093370989748,Gene 35,-1
304.4909086644169,187.18731220713468,Gene 75,-1
536.3816274367096,667.8153608350958,Gene 9,-1
799.6051334738721,577.8301220121427,Gene 75,-1
398.33898586849995,627.6883230254853,Gene 81,-1
690.6782093037499,797.9624994172968,Gene 13,-1
367.57497613050435,281.9716967464208,Gene 67,-1
438.1961158020654,563.1181643303322,Gene 80,-1
421.6350513789348,545.3630703663543,Gene 66,-1
75.85363916283691,327.9200007127307,Gene 42,-1
753.3632407986786,2.9959309093656294,Gene 68,-1
426.2449934322783,728.8115373742752,Gene 61,-1
649.0591410505441,49.70115309685346,Gene 29,-1
20.883498563221092,679.2388704465556,Gene 27,-1
722.2595269357114,174.27134675191348,Gene 3,-1
464.37602123886387,190.54280108782882,Gene 11,-1
643.9196153887875,596.5437530584593,Gene 57,-1
719.4347682885217,287.728764563884,Gene 37,-1
756.3066437724519,4.0422309763735065,Gene 47,-1
47.06210452778352,752.7803631795445,Gene 65,-1
732.368048969296,680.2180835655923,Gene 38,-1
633.4069891788725,100.55364581254382,Gene 98,-1
26.215527633691238,174.30400945979744,Gene 40,-1
693.3567514530474,406.4451849845538,Gene 26,-1
133.81537839860914,670.1988368178725,Gene 35,-1
599.9589197193754,603.9770626225965,Gene 97,-1
783.8757975388963,697.1809748602137,Gene 84,-1
798.8497798429322,185.32845269682898,Gene 54,-1
200.10769755501698,406.7532479912494,Gene 0,-1
361.82702467863226,794.2100415592347,Gene 45,-1
543.6565010375887,647.6912360338155,Gene 46,-1
198.16103545718454,323.84158553601657,Gene 46,-1
220.72769524500205,279.62550708431405,Gene 11,-1
112.65062563680068,698.1908418963195,Gene 97,-1
676.7306395979201,70.33842102393697,Gene 69,-1
676.5370521674857,205.10386343685082,Gene 49,-1
127.06550190088804,42.83034309063254,Gene 91,-1
515.5255851095403,587.7967344996188,Gene 24,-1
684.0774975681528,25.145536967016202,Gene 18,-1
741.7276226194518,707.7924537803201,Gene 21,-1
413.07008890080016,596.1112430890586,Gene 42,-1
183.35590944252465,271.2244575051868,Gene 8,-1
466.6530351696017,237.70008250165083,Gene 44,-1
79.61652430190202,377.71712353386766,Gene 78,-1
552.9988924705443,648.811569745283,Gene 31,-1
26.904075404766292,671.9745353624864,Gene 11,-1
338.7726576930438,167.7545727854067,Gene 41,-1
727.522196521965,381.0122849788906,Gene 11,-1
589.171827514783,253.17231041676678,Gene 87,-1
223.46584133320536,179.36589049313065,Gene 35,-1
267.5107142120655,797.353693979924,Gene 45,-1
304.8756742560627,432.0176557891754,Gene 51,-1
479.586352363995,182.36249069569794,Gene 49,-1
682.3257246350312,744.4916744138328,Gene 45,-1
439.5762860200334,7.601147668715047,Gene 26,-1
304.0200176048627,754.6019059067532,Gene 54,-1
365.98602959963983,697.2331455665621,Gene 71,-1
585.55771063599,173.8904658187061,Gene 51,-1
385.5676559412042,143.42079319534696,Gene 51,-1
385.64408256888953,315.6600667775242,Gene 9,-1
195.837275767608,24.989388940785418,Gene 42,-1
702.8948433581681,546.7085429958978,Gene 27,-1
229.19480574463398,733.5065213974533,Gene 45,-1
505.2743478401147,299.16585883707825,Gene 49,-1
572.2166403842288,167.86010644187394,Gene 36,-1
24.769505166598016,190.60499008628886,Gene 60,-1
173.50028864885675,428.76407012228555,Gene 20,-1
147.29304763849873,196.24224540100562,Gene 56,-1
537.022898893955,15.278281327610355,Gene 70,-1
692.4554091757278,332.555609650856,Gene 17,-1
552.2541781206538,638.1393118211432,Gene 5,-1
457.3868399921461,473.4656944354974,Gene 84,-1
334.24606008597914,683.2615851729403,Gene 24,-1
324.9229877249359,636.2963766109294,Gene 0,-1
241.56006519281758,723.1979988295217,Gene 45,-1
22.02508406053667,573.840739666682,Gene 8,-1
604.4936387602303,584.2832437649497,Gene 42,-1
689.0774124422712,278.4891257176592,Gene 95,-1
576.4462822307787,415.9239849918357,Gene 39,-1
705.4533133490339,94.78633677399486,Gene 64,-1
542.7981140167054,101.73766705029487,Gene 10,-1
302.8979344975449,167.27123127743423,Gene 71,-1
748.793483426866,290.34107096498917,Gene 15,-1
221.96523644462616,659.7436146964403,Gene 35,-1
635.8160801882079,128.939363761513,Gene 19,-1
402.6037050592991,470.3188639151598,Gene 21,-1
33.6123498071899,70.71005527761854,Gene 90,-1
427.65895532025684,729.5230331053949,Gene 91,-1
681.2051208734853,710.367993790147,Gene 22,-1
159.49707812403685,389.9493035437671,Gene 77,-1
453.96350893152845,239.9242340478069,Gene 77,-1
523.435512366673,171.75570432323025,Gene 89,-1
135.71259074137066,535.6711611847828,Gene 25,-1
102.64713048902694,405.18719383611443,Gene 67,-1
297.0583412375583,456.8477994878634,Gene 2,-1
643.2820939915516,700.8744994267379,Gene 26,-1
415.3253775451405,253.77786455476948,Gene 51,-1
346.40670807274336,472.7644938601428,Gene 21,-1
668.1485733248461,92.03927133784626,Gene 24,-1
206.46298862210432,745.006102235742,Gene 31,-1
134.65004056235063,415.60344890771023,Gene 46,-1
610.5269741496325,11.561116328530296,Gene 34,-1
715.0109607496091,713.9432554060362,Gene 3,-1
163.61176169328803,193.27869295354887,Gene 26,-1
695.9331588860473,213.77074693298493,Gene 17,-1
642.9599137956817,669.8658146350353,Gene 35,-1
476.1943811321498,166.81115961908483,Gene 22,-1
261.332907918925,792.3075306049467,Gene 96,-1
195.62626065602674,248.39604443409166,Gene 30,-1
379.9489098891595,32.494450015349315,Gene 80,-1
177.97747138153807,316.49453605564804,Gene 57,-1
347.66667492516115,18.51027461114727,Gene 59,-1
59.80632614843104,42.00729247258028,Gene 58,-1
110.02237822414607,29.844265479676846,Gene 31,-1
39.63761160211776,711.4423331441471,Gene 2,-1
422.4653549753498,627.1999032434745,Gene 91,-1
675.0951433213529,320.3015057904771,Gene 60,-1
751.303387309766,725.4297149464144,Gene 29,-1
17.078738040751773,338.3851462366658,Gene 20,-1
360.32368225295545,135.90352436706166,Gene 80,-1
296.8011122203114,708.145360503759,Gene 5,-1
515.4714863150317,22.670788118269236,Gene 34,-1
675.0034881377146,493.03890865424034,Gene 11,-1
256.3009085541445,175.5576862603416,Gene 36,-1
239.05187291532215,22.920305253593032,Gene 32,-1
628.4330433037634,87.67996198902325,Gene 66,-1
573.6146056543982,156.50855691708952,Gene 23,-1
99.00356035180407,59.888900622957394,Gene 23,-1
325.89663853722124,286.96211733035125,Gene 90,-1
525.0610429277842,132.51925536253148,Gene 93,-1
167.74373929970912,131.71272494769343,Gene 44,-1
354.91398523676946,650.8124876521357,Gene 0,-1
277.2681264816386,643.7461562462641,Gene 34,-1
341.08685619668523,350.41128885023073,Gene 55,-1
579.9580382736629,548.1389955300882,Gene 1,-1
234.1378082795953,610.776297696075,Gene 37,-1
654.196429453447,378.1295108154025,Gene 27,-1
655.2710543110941,54.32769937399531,Gene 2,-1
139.00364600933725,160.31019105410724,Gene 79,-1
353.739516582728,66.92944063385795,Gene 70,-1
228.72572135042333,400.52342115825707,Gene 41,-1
298.0877001066255,268.5132068971658,Gene 76,-1
478.8737954038795,793.8445547555059,Gene 47,-1
245.360528751151,170.48653281256927,Gene 88,-1
310.34048527222524,495.26402741427677,Gene 96,-1
318.6207186671859,283.1027589426401,Gene 29,-1
141.48735613310004,484.9629068641642,Gene 76,-1
613.3842911807452,115.88335375975412,Gene 54,-1
359.09642065680777,656.2632048283517,Gene 80,-1
303.8987213722878,121.64214005249877,Gene 8,-1
475.3481527378262,71.75660474567236,Gene 48,-1
698.6413795702988,380.3757437112654,Gene 66,-1
512.8776552269892,422.0300422862902,Gene 47,-1
647.8906361890448,165.2708661752759,Gene 12,-1
790.1447522734313,118.30155517890022,Gene 12,-1
617.4445941666828,291.9608952764513,Gene 17,-1
432.4378515454105,83.62056035555563,Gene 93,-1
198.8013376896893,788.2732605208022,Gene 2,-1
35.19803762412374,546.8410841018939,Gene 77,-1
76.90375041774784,5.115399143514221,Gene 35,-1
223.98037592424015,568.7580411966314,Gene 99,-1
151.2018728853281,203.4403544316473,Gene 79,-1
127.78194961252245,274.6874160999482,Gene 53,-1
165.66432834113334,400.731163708078,Gene 43,-1
387.37512037858784,544.8133531059005,Gene 24,-1
748.6069577458866,170.01454677067693,Gene 23,-1
140.13560083106685,396.59652552633,Gene 72,-1
360.1657356001799,121.28563631508867,Gene 3,-1
372.2713580839591,701.0053966142605,Gene 11,-1
407.4043805028758,460.49578877905094,Gene 14,-1
732.6805712915012,407.1963270707138,Gene 70,-1
778.6393228793727,19.747673062669424,Gene 99,-1
90.25079669743725,778.6210857396112,Gene 10,-1
265.7366328792127,720.0936689920068,Gene 45,-1
449.9320512002719,540.236572133979,Gene 36,-1
207.26242851098826,704.4435980222917,Gene 20,-1
630.0886074550671,472.3146048951507,Gene 28,-1
88.02324755263378,231.36593354552392,Gene 95,-1
411.70068847824723,581.8254576428114,Gene 6,-1
15.145559068758896,512.1627312025424,Gene 50,-1
323.6106301886843,208.9308085404423,Gene 93,-1
452.6393203417704,410.8361787556465,Gene 84,-1
792.3471268288635,382.62097386469793,Gene 15,-1
21.39822777685456,724.9812261777595,Gene 83,-1
51.36117585926749,786.9788692276832,Gene 36,-1
458.00693708385467,614.4702221339512,Gene 64,-1
324.29388066389987,370.6271126346544,Gene 53,-1
405.52405475949536,144.10100488543867,Gene 74,-1
476.10932234996534,625.6865773855385,Gene 22,-1
691.698450713999,601.4954787182063,Gene 78,-1
610.7645862615782,722.1569836259499,Gene 53,-1
27.465304112782718,628.0590514065295,Gene 10,-1
378.11261627669535,328.7956996986047,Gene 63,-1
159.82058572095053,423.1060861298444,Gene 43,-1
84.2879762212311,555.4779613937685,Gene 35,-1
429.2706402350029,670.7465387644982,Gene 11,-1
423.5481319278575,284.1748869779162,Gene 79,-1
628.4956088208,148.72812666001707,Gene 39,-1
692.8513952404062,491.83564101893734,Gene 14,-1
66.49747223234135,443.0792492223173,Gene 62,-1
28.432303711258378,733.8522811920171,Gene 59,-1
434.68690057117357,180.76800400169182,Gene 4,-1
635.1426555327134,278.77000548551615,Gene 37,-1
282.8914836101551,397.3929830860677,Gene 0,-1
142.51966883415204,18.384922077521537,Gene 80,-1
491.7918366188516,220.1917330923264,Gene 45,-1
318.46770606622215,302.0786307995943,Gene 57,-1
205.41376057348702,357.5641216089653,Gene 20,-1
751.2764953285956,657.4967810272055,Gene 24,-1
298.6052277977038,497.73064143011663,Gene 9,-1
191.3176322107801,177.07321504576842,Gene 47,-1
414.4504697085294,75.89918072125377,Gene 86,-1
47.34356228989913,566.3794106611848,Gene 76,-1
255.5111439122891,537.8546020974701,Gene 18,-1
539.4195817023408,198.99043789448942,Gene 63,-1
305.2830053546656,646.4095310708078,Gene 95,-1
536.2464441196303,259.39327942187606,Gene 43,-1
72.36957030109288,206.35967977513357,Gene 91,-1
207.7247664015716,166.14978470971263,Gene 79,-1
80.02576621845306,661.4278791924272,Gene 73,-1
732.2757329834292,34.943778435870065,Gene 58,-1
574.2697620557042,623.5788326176609,Gene 27,-1
790.243185913052,635.1707623682959,Gene 99,-1
651.526841946809,103.44491117834514,Gene 19,-1
247.14854752190334,544.0162723830432,Gene 61,-1
710.7568720078484,489.9520631093536,Gene 94,-1
538.501039063984,483.8908883254157,Gene 18,-1
635.6260083692528,54.15458543587466,Gene 35,-1
268.4745635278852,225.8856318604419,Gene 67,-1
487.05882663074726,381.2994610214675,Gene 28,-1
599.6532130642019,441.68658456937646,Gene 99,-1
95.78037483825277,185.39332948521067,Gene 77,-1
455.43484440310175,462.69879473751337,Gene 56,-1
381.13688061859546,694.7313046618614,Gene 57,-1
686.194864063045,132.5792943509809,Gene 17,-1
379.8661371817976,244.67127380302216,Gene 10,-1
399.27934605762516,141.007642531273,Gene 0,-1
15.040739377332635,438.3083778723199,Gene 43,-1
139.5869500355083,302.34826316734365,Gene 38,-1
525.1341754511312,379.19071015188297,Gene 75,-1
126.82804141514872,463.49487211759896,Gene 3,-1
376.18716840325044,488.9982807018343,Gene 52,-1
260.37183527200716,799.6087663860293,Gene 51,-1
793.8007088601063,264.0862292670608,Gene 90,-1
457.5685363653087,75.789287766057,Gene 99,-1
745.6580368595863,445.48197394320243,Gene 94,-1
795.8477777423368,186.48855095953695,Gene 77,-1
622.5060633372415,195.95333362448662,Gene 32,-1
338.2191929953084,623.6792583137251,Gene 7,-1
59.81566868947432,284.25936322519254,Gene 50,-1
378.0822758345042,530.7451681257174,Gene 34,-1
358.8183453428835,708.9075804482653,Gene 24,-1
99.43521476930597,518.8275911742938,Gene 90,-1
