x,y,gene,cell
109.77111842115835,504.9718756615218,Gene 5,0
107.74118669764972,500.5981762015567,Gene 16,0
106.3852082322063,498.912453822105,Gene 19,0
107.40892947514014,498.68915149052594,Gene 19,0
109.93034379598964,495.96406519510026,Gene 26,0
107.78514034130211,504.155746069273,Gene 26,0
108.13197369674046,508.9067070057852,Gene 26,0
107.88933550562125,510.82788229112913,Gene 26,0
106.91600608029748,509.2874957715807,Gene 26,0
110.48523338822555,499.87281063913343,Gene 27,0
108.2130665941681,494.4208232871397,Gene 27,0
108.42968696756823,510.30478834674,Gene 27,0
109.90746547638199,502.7119381126129,Gene 27,0
110.80779279120969,504.7810251000949,Gene 27,0
109.16381595177052,505.5970813812491,Gene 27,0
108.0367686653524,501.92138151680416,Gene 28,0
109.62310564224177,504.5437506076116,Gene 28,0
106.47122382303033,502.9333958373657,Gene 28,0
109.54743207056616,499.28111367761346,Gene 28,0
108.01282723825241,497.0435290622405,Gene 28,0
108.46035962181719,499.5990288329119,Gene 28,0
109.53061394188131,496.4008188705163,Gene 29,0
107.00742879135544,505.40227380396664,Gene 29,0
108.73093257240612,506.48436627106895,Gene 29,0
108.68875006993397,494.82136151756697,Gene 29,0
109.70728714314268,499.3475053429978,Gene 29,0
106.76689662988942,496.15508879929115,Gene 29,0
110.6033719691584,506.81554235007167,Gene 29,0
107.08891181043928,503.7335175876977,Gene 29,0
109.12757951882655,496.01183730423213,Gene 29,0
109.06591577995732,501.0547552599488,Gene 29,0
108.92486129890298,498.60776662496517,Gene 29,0
109.91131549363654,507.3768924734523,Gene 29,0
107.81939934659022,510.9448770591735,Gene 29,0
107.4373388039078,498.25223718415697,Gene 29,0
110.05685903077509,509.09512080434615,Gene 29,0
108.76052212542709,498.7036719661923,Gene 29,0
107.43728664411576,494.47590924460116,Gene 30,0
106.82700698229671,497.55495492296006,Gene 30,0
107.05463987351997,506.98030071893504,Gene 30,0
109.10964433435201,504.19029359783735,Gene 31,0
109.81725336479292,499.2168624776044,Gene 31,0
106.4725475536627,504.7614938431019,Gene 31,0
107.97722560162421,503.29043823197355,Gene 31,0
109.54179813635105,495.8324946991502,Gene 31,0
107.08474923211031,499.21127696233884,Gene 32,0
107.60175525241044,495.50947431824767,Gene 32,0
109.39672187527702,507.6681647493531,Gene 32,0
107.70823185031598,506.6916347861255,Gene 32,0
108.47857286873982,497.3089819063873,Gene 32,0
108.48699987307981,496.8957863823095,Gene 32,0
106.57327353525693,504.41283756828454,Gene 33,0
109.56979601861697,504.3763303303189,Gene 37,0
119.7698563187366,507.60279718101185,Gene 4,1
120.12702741826288,495.8732962989531,Gene 19,1
119.00942054659954,508.8674119712353,Gene 19,1
120.68709062067289,501.5699665837225,Gene 26,1
119.41172086739007,492.02059944336526,Gene 26,1
119.88886270731521,496.82812530465986,Gene 27,1
120.23375666528632,507.8630644320327,Gene 27,1
120.15409507693843,497.83974051583806,Gene 27,1
118.11351536605095,502.36600776112397,Gene 27,1
118.80580688518421,504.52552150683624,Gene 27,1
120.56659224753037,500.6586886009858,Gene 27,1
118.61031539889258,499.16422961308643,Gene 27,1
117.70480931013448,498.640226044467,Gene 27,1
120.54566978440772,494.0129362597131,Gene 27,1
119.87422394108172,494.6426660423781,Gene 28,1
120.19992886546524,504.57756195543084,Gene 28,1
117.52930558506203,499.32296971604063,Gene 28,1
120.21992627447653,498.63681987994744,Gene 28,1
119.99666258420298,498.00814575229487,Gene 29,1
119.51108971408932,507.1215367122807,Gene 29,1
118.22056945893526,509.1815032806384,Gene 29,1
117.51352581401518,502.4014794892882,Gene 29,1
120.87023136149296,497.7968762250746,Gene 29,1
117.98404757398038,506.5852725576929,Gene 29,1
118.6450216183748,492.552259988903,Gene 29,1
118.25493289701117,508.1881248921031,Gene 29,1
120.92662008184521,500.26842407758625,Gene 30,1
120.3705017189171,499.1417483698917,Gene 30,1
117.9786357530929,505.4211813496988,Gene 30,1
117.56823740064479,502.66879695418726,Gene 30,1
120.47885942675065,495.06051884821295,Gene 30,1
118.4162875111416,504.44294205051426,Gene 31,1
117.88919554475616,497.69947804717384,Gene 31,1
118.10284632867743,493.9012395077328,Gene 32,1
120.32977999435685,503.9894312057335,Gene 32,1
120.67668743414264,501.9915563174453,Gene 32,1
120.76488161981045,498.0627379872752,Gene 32,1
120.30501950136238,501.8857696984573,Gene 32,1
118.02568424806518,504.68403767085096,Gene 33,1
120.19655869793169,496.00875475142186,Gene 36,1
118.72891920483171,499.534902832468,Gene 37,1
117.85004936762262,497.9574378297634,Gene 37,1
118.28930151047263,501.21430305151017,Gene 37,1
120.18388505698272,496.4354487868886,Gene 38,1
123.98445189697242,517.5192125305387,Gene 4,2
123.87318786425627,506.11081851671315,Gene 5,2
124.23654532875672,512.6280699355113,Gene 19,2
123.66532158848061,515.3816926564833,Gene 22,2
123.72946104714818,508.1659129916375,Gene 26,2
124.54236040013446,501.5308881680552,Gene 26,2
124.09924353131875,507.1528254472995,Gene 26,2
123.78134721896599,507.649324571441,Gene 26,2
124.510956864137,513.9832811997469,Gene 26,2
124.30746946189912,513.6858090843297,Gene 26,2
125.32002399271623,505.4627518332628,Gene 27,2
125.23091730338913,501.53962449518053,Gene 27,2
124.2631641947972,517.0198212754037,Gene 27,2
124.16046251255183,518.9720225748839,Gene 27,2
125.19045123696371,518.3851822550736,Gene 27,2
123.65829828368318,507.4008513691624,Gene 27,2
123.49889050747144,509.7026009325551,Gene 27,2
125.9139959032999,505.63099027764537,Gene 28,2
125.84163408235035,505.4898547414792,Gene 28,2
123.83872801769354,512.9309489395188,Gene 29,2
125.19314350669549,504.9926412050084,Gene 29,2
125.58284750674804,505.0340631585546,Gene 29,2
124.31057155474157,502.3578066031048,Gene 29,2
125.06508088231088,517.4071482227573,Gene 30,2
123.72737690456447,510.97174844219757,Gene 30,2
125.68152915591808,503.8413950909053,Gene 31,2
124.54533847124554,513.8166499560485,Gene 31,2
124.3990901367985,499.31415392589463,Gene 31,2
124.09784220999005,500.3617414066785,Gene 32,2
125.23170203109198,501.75538194165915,Gene 32,2
125.09700894181364,515.1279837615443,Gene 32,2
125.50688908741405,512.1007853198078,Gene 32,2
123.54193733137431,505.6238921068107,Gene 32,2
124.85594600522924,504.832723863699,Gene 33,2
123.5600808184698,511.7307863844983,Gene 33,2
125.34706826402126,503.463386966615,Gene 37,2
123.7555074100683,507.2716410970799,Gene 37,2
124.73933465388102,504.37101774639183,Gene 37,2
125.15165733049793,505.52104752034944,Gene 37,2
129.18573407360472,502.3566800977172,Gene 4,3
128.95268115241518,500.46769935691,Gene 4,3
129.09943039569023,501.8973668959288,Gene 5,3
132.6845712908761,498.5006041854767,Gene 13,3
135.03567550749324,503.018467956225,Gene 13,3
134.70879240620047,506.28996921330014,Gene 19,3
136.0295189106676,503.9314038164155,Gene 19,3
129.41701720068787,499.93867004226036,Gene 22,3
129.5222288998844,503.64226752128366,Gene 22,3
129.41493988569417,499.43211211659354,Gene 26,3
132.3219874207869,499.02220210019027,Gene 26,3
128.9070669750059,498.83007216046224,Gene 26,3
133.35204786776634,499.43204114536536,Gene 26,3
134.2383798750815,498.3889133154752,Gene 26,3
133.8259026305048,498.9296472939005,Gene 26,3
128.32362155629676,503.249932149278,Gene 26,3
128.94154629254314,499.92439913357305,Gene 26,3
136.2793217871111,504.48578089718217,Gene 26,3
129.63983969844466,504.3415646636544,Gene 26,3
127.77653758356388,502.73092497813684,Gene 26,3
133.193894046012,498.9108747993977,Gene 26,3
131.6010171907689,499.69723061175006,Gene 26,3
131.27375825282536,507.7515786195822,Gene 27,3
129.69325252985607,497.2218563838026,Gene 27,3
128.94065076652652,502.44576395312407,Gene 27,3
133.88728903076935,497.11768273481397,Gene 27,3
137.34339218952786,500.8857308524368,Gene 28,3
135.86270876038355,505.3158092063786,Gene 29,3
128.49993684403267,505.5644555076421,Gene 29,3
134.72534006932324,503.54324254881703,Gene 29,3
132.7838411963303,507.7975811734623,Gene 29,3
128.58431382648487,498.97405075840203,Gene 29,3
132.92649006770793,507.09178178791154,Gene 30,3
128.20386707535158,501.95323161074526,Gene 30,3
127.7955485285316,504.90626256959155,Gene 31,3
127.20629720942709,502.30392067565344,Gene 31,3
135.95093641032284,503.8661740039522,Gene 31,3
131.50831539644975,508.60181444600784,Gene 31,3
131.50408730859806,498.6243094232843,Gene 32,3
133.9370632585811,498.8456864222083,Gene 32,3
134.81927482081258,506.8901481411492,Gene 32,3
130.71402514169327,506.75695969625895,Gene 33,3
134.07392818527308,502.1245144185547,Gene 37,3
130.91583789408597,508.3960864476346,Gene 37,3
141.00747568555482,501.22383233141505,Gene 5,4
145.93297003510713,500.8141709094583,Gene 5,4
147.03817053323007,505.1293017943921,Gene 19,4
147.13908106114536,503.77175755110926,Gene 19,4
146.41680308582633,498.55537877420204,Gene 19,4
152.53935213755955,502.88736326991483,Gene 19,4
142.26611736546755,503.13753289117255,Gene 26,4
151.30637238400809,499.1987563377102,Gene 26,4
147.47808467810404,505.6565020528108,Gene 26,4
146.73391472727147,505.8847195085771,Gene 26,4
143.99400797172464,497.05663404816187,Gene 27,4
151.8045014837522,501.64815162146454,Gene 27,4
150.78941530570728,500.32668924568827,Gene 27,4
146.07892096081744,501.868052246161,Gene 27,4
142.04836216783465,501.2805334575262,Gene 27,4
146.97460690716375,497.29040152021395,Gene 27,4
145.94767586488365,506.78875371440216,Gene 27,4
149.88515648697467,497.4199668404336,Gene 27,4
142.42432236678965,499.88856502499993,Gene 27,4
141.64205599289318,502.10496738503895,Gene 27,4
142.37082535887916,503.4806445520327,Gene 28,4
142.14518083754226,499.3664138470268,Gene 29,4
149.27556852918704,497.443729614751,Gene 29,4
140.80219391345892,499.73786696051997,Gene 30,4
146.22704588379398,506.0133025835397,Gene 30,4
143.86209272211468,506.09725590889315,Gene 31,4
143.63588584955122,505.4622517498869,Gene 32,4
148.84586085484995,497.7416046982068,Gene 32,4
144.91766952050773,501.4454407604788,Gene 33,4
149.87024601708478,504.5065990693327,Gene 33,4
148.831331096811,498.4633136449476,Gene 36,4
144.88742782157485,505.3847414517805,Gene 37,4
146.69165448576405,498.8051983075631,Gene 37,4
142.61685652340742,500.13011958833124,Gene 37,4
158.3727801929251,492.1521271896475,Gene 5,5
158.122267177107,498.3726832013987,Gene 19,5
156.0425069835633,500.0245403731726,Gene 19,5
156.96977099463575,507.40701858414917,Gene 26,5
160.73648094572687,497.93870220956995,Gene 26,5
158.55734835540048,504.1915982335612,Gene 26,5
160.11923396553547,503.8288060922819,Gene 26,5
157.59005232513158,505.1625693449807,Gene 27,5
160.90084187391787,501.29326688740093,Gene 27,5
156.20679024258513,502.1099362838391,Gene 27,5
156.02043173061125,498.0938750431877,Gene 27,5
157.28759985033412,503.04874901580314,Gene 27,5
160.86631238099557,501.2261947530691,Gene 27,5
157.02614065331707,504.82449150245156,Gene 27,5
156.45384541611503,496.04383904081914,Gene 28,5
156.13770350252403,499.56208115942917,Gene 28,5
157.3470140935475,508.924624818986,Gene 28,5
156.98988320795456,501.37300013790997,Gene 28,5
160.62343187020073,500.7027605171539,Gene 28,5
159.36946238272645,496.6146729525288,Gene 28,5
158.3410427707435,494.53810126626973,Gene 29,5
160.16453731807212,504.7566848153568,Gene 29,5
156.13876313552873,503.07716676402435,Gene 29,5
158.84738349281332,499.70444234534307,Gene 29,5
158.14066679070407,496.1760029402046,Gene 29,5
159.12846594579904,503.20865882914546,Gene 30,5
155.97723913256303,503.26712841492986,Gene 30,5
160.08964794842674,503.3564002524715,Gene 30,5
156.86317986515004,504.06040065763995,Gene 31,5
157.01634296418163,500.6642168981383,Gene 32,5
160.50978409621774,497.50965003268203,Gene 32,5
158.38713586082235,510.07188246762144,Gene 32,5
156.45734236401765,505.4272482338616,Gene 32,5
156.15732496991902,502.23933856150256,Gene 34,5
156.12975678785315,502.6221691904151,Gene 34,5
159.4145444147932,508.7335074930338,Gene 37,5
158.29894958258802,492.62316024495266,Gene 37,5
158.414026758284,506.8394729646177,Gene 37,5
156.80802247562724,506.6541575731251,Gene 37,5
159.69172792156874,505.37302775417453,Gene 37,5
156.71023155636522,506.235776544006,Gene 49,5
164.70960312309887,494.87390543849557,Gene 4,6
166.2015539986579,506.33691251018524,Gene 4,6
163.97202895412104,499.55112447878554,Gene 4,6
162.0850236283352,499.1317363024886,Gene 13,6
163.41084342385227,507.47667810115985,Gene 22,6
163.0278693775447,500.6463948219999,Gene 22,6
167.35700644032693,506.56232481528366,Gene 26,6
163.73561178015942,507.13392756443034,Gene 26,6
168.03475779376515,501.7336655115892,Gene 26,6
166.93357764769306,504.21555859728625,Gene 26,6
165.60209246955216,508.95438026660366,Gene 26,6
164.38193757103303,508.91803260172526,Gene 27,6
165.68023647321857,507.73487691903887,Gene 27,6
163.216971003583,505.6571644490395,Gene 27,6
161.47266222284907,504.44704530644964,Gene 27,6
162.67610662862796,507.33150084263156,Gene 27,6
162.7569439291161,505.6960630726335,Gene 27,6
167.59912837349546,501.867591675431,Gene 28,6
163.55344027343952,507.25002523773884,Gene 28,6
166.85202801223372,504.6330918799409,Gene 28,6
164.68806319605966,509.42992035685967,Gene 28,6
165.74230875529048,506.5118625646095,Gene 28,6
164.701986695809,498.78294225795634,Gene 28,6
161.40348850709378,501.32331814054714,Gene 29,6
161.65950909707337,506.7937456659549,Gene 29,6
161.42613857365177,505.96480709830473,Gene 29,6
164.52430632242465,509.77643003927227,Gene 29,6
164.25262414571432,509.5772062872747,Gene 30,6
166.56370136483193,499.75623637909905,Gene 30,6
163.87740377243603,503.8360673031414,Gene 30,6
163.9307873976113,509.72448589484236,Gene 31,6
161.45479464957253,503.253983995299,Gene 32,6
161.87715461233523,507.18618334707463,Gene 32,6
164.77236542429705,499.86127344781966,Gene 32,6
164.636681382271,499.2754925845572,Gene 32,6
166.6973368689169,503.589216949605,Gene 32,6
166.68603978350257,500.9350792799192,Gene 32,6
165.59156122182833,498.7355858755969,Gene 32,6
164.35930861622504,496.5313595738646,Gene 32,6
163.1483139749767,503.1656681670954,Gene 33,6
164.5520639126323,497.1057975592547,Gene 37,6
162.7538154007989,503.77415864209325,Gene 37,6
161.87188418956165,499.6097921221009,Gene 37,6
166.25355198079967,509.7543479960184,Gene 37,6
174.77993028744976,503.1470489648183,Gene 4,7
174.9213260244526,509.5649710114091,Gene 19,7
175.03627127700616,507.9868718542868,Gene 19,7
177.4038140836694,507.90001250609066,Gene 22,7
176.62851990975858,501.8575374091148,Gene 26,7
176.72313691277276,512.1505439595825,Gene 26,7
176.50136900514548,497.37039895513425,Gene 26,7
174.61437511512975,508.1664008312068,Gene 26,7
175.6860330110971,498.5074320479449,Gene 26,7
174.84067527181443,504.58886839010955,Gene 26,7
174.6811446926463,502.89473504867783,Gene 26,7
177.3313288219016,506.3775782331599,Gene 26,7
175.59503124298178,499.1378901147128,Gene 26,7
174.97322814720417,509.7170612852917,Gene 26,7
177.42339723170383,499.2194605178116,Gene 27,7
175.07700769753467,498.73943712039824,Gene 27,7
177.23135078053213,497.0724811788962,Gene 27,7
175.82418517316847,511.9743642696176,Gene 27,7
175.2359708633086,508.02788390875446,Gene 27,7
175.31165218359473,503.5036223757933,Gene 28,7
177.35178002975368,502.17560690098406,Gene 28,7
175.16848694575626,509.74783850475774,Gene 28,7
175.75288009461147,496.34547636228115,Gene 28,7
177.08381232031442,509.4684465057363,Gene 28,7
175.5716158601833,512.1490167702807,Gene 29,7
174.70190814112544,509.049742687564,Gene 29,7
176.26725364232064,512.3655065158763,Gene 29,7
175.65022090270224,497.83896338739544,Gene 29,7
175.54130512104052,497.4585941124648,Gene 29,7
175.07534670862495,509.4515523692324,Gene 29,7
175.3518143529497,499.80438473404917,Gene 30,7
175.74764304654113,510.9363460643636,Gene 30,7
177.22994617403563,495.7709639131668,Gene 30,7
176.08274597442258,510.7184650061331,Gene 30,7
176.9455908387111,505.13947376776065,Gene 30,7
176.21783114867824,511.1916519659566,Gene 30,7
177.3105646693564,508.3712859914298,Gene 30,7
176.60795722983883,499.27353424853055,Gene 30,7
176.5730812908226,504.64903366032047,Gene 31,7
177.33531935739387,497.89283256851644,Gene 32,7
174.86228599044978,501.80857770681615,Gene 32,7
176.6786428269,508.506466088485,Gene 32,7
177.39539293008826,501.943006455356,Gene 32,7
177.7191308503036,500.61143194012675,Gene 32,7
175.79046700422697,498.9086827548316,Gene 33,7
175.09385483660873,505.80746224781905,Gene 36,7
177.27671279495758,500.65988382120327,Gene 37,7
176.34019973594957,494.2487805252642,Gene 37,7
176.16950535279267,512.7157141331033,Gene 37,7
176.02329035018542,499.2381451334038,Gene 37,7
99.71914170482684,513.8208935862081,Gene 19,8
99.99025274206187,505.83477077300836,Gene 19,8
99.83279389971493,518.0004987428172,Gene 26,8
100.53071028464907,507.95389747060045,Gene 26,8
100.50856420544014,502.0743462171569,Gene 26,8
99.90091096230478,514.7398856750294,Gene 26,8
100.19345927023835,520.139925088429,Gene 26,8
100.14829827415261,513.652277900504,Gene 26,8
100.07957995895215,517.1206773316094,Gene 26,8
100.30402646555707,514.3147772560511,Gene 27,8
100.84809058291704,511.46904983044726,Gene 27,8
100.12104409840832,507.2713824754554,Gene 27,8
100.79597077506114,519.5019036812264,Gene 27,8
100.98823803027413,511.18898776461975,Gene 27,8
100.40942540611478,519.8463255685066,Gene 27,8
99.60580325474606,514.1465109613953,Gene 27,8
99.40928704442705,513.5417467445358,Gene 28,8
100.82602862002634,508.7841495821419,Gene 28,8
100.47582840162502,511.8465149709617,Gene 28,8
100.60933336510949,517.073872234865,Gene 28,8
99.62600292909586,505.95786368226453,Gene 28,8
99.77691867924504,512.2397685580636,Gene 29,8
100.40223412019876,518.4770443833307,Gene 29,8
101.07228283329151,506.9583814829088,Gene 29,8
100.74890787033017,507.08697977914653,Gene 29,8
100.62549249156046,517.5994930988054,Gene 29,8
99.59756879258602,506.6591685993938,Gene 29,8
99.8067649777435,516.0016845866705,Gene 29,8
99.44197567398004,514.9561085382965,Gene 29,8
100.77169908170004,509.0047842360287,Gene 30,8
100.26937847281624,516.660695352495,Gene 30,8
99.53079058509266,509.109578805315,Gene 30,8
99.58603137645373,517.6723274861348,Gene 31,8
100.06367352932584,507.51156177164063,Gene 31,8
100.89594236065224,504.3951235796079,Gene 31,8
99.82965598035541,505.7505709689051,Gene 31,8
99.38180767362813,510.35476999063184,Gene 32,8
100.41570777551706,502.9885300028728,Gene 32,8
99.71247942021084,514.8124748046075,Gene 32,8
99.48534757561345,515.725403153045,Gene 32,8
99.90441826520595,501.29135054963103,Gene 32,8
100.19172199252085,505.02393509630394,Gene 32,8
100.96186624596815,511.19208004693263,Gene 32,8
100.32782381391448,519.5361792382198,Gene 37,8
100.74243677639501,511.0687926355725,Gene 37,8
99.64739944574673,508.04407391785077,Gene 37,8
106.23217292570064,520.9586218241875,Gene 5,9
107.75791026962486,503.11695371683993,Gene 19,9
108.2993990289345,505.6071151910811,Gene 19,9
105.79179207991793,509.0131096827396,Gene 22,9
108.37222048232866,505.3583756180591,Gene 22,9
107.82639579853232,519.6735309318127,Gene 26,9
106.2050870096301,513.8095474154369,Gene 26,9
105.51634378623028,513.509390558485,Gene 26,9
108.11492861617789,510.86339269583,Gene 26,9
106.18304217509915,509.2477075469348,Gene 27,9
108.78837485936826,505.42788627792567,Gene 27,9
106.34863880899353,506.42500048319096,Gene 27,9
108.41087694165564,505.9520630690924,Gene 27,9
105.71682470944346,514.4347044661802,Gene 27,9
107.93666343485022,521.198612211907,Gene 27,9
107.35921633683469,509.763551982374,Gene 27,9
107.14387169641343,505.8728419085639,Gene 27,9
106.63338949795839,513.7217504322841,Gene 27,9
108.04424469873601,504.20215117701247,Gene 27,9
106.8631983387148,503.2527987290709,Gene 28,9
106.38394379056783,507.04597619666123,Gene 28,9
106.76403307259824,504.27135805825867,Gene 28,9
108.3287513565889,515.2615257420848,Gene 28,9
106.86187010010894,502.62547652782666,Gene 29,9
108.17350303961624,507.2304858212258,Gene 29,9
107.31072344778586,506.6092520178797,Gene 29,9
108.30182417814615,507.8557549563519,Gene 29,9
108.61475954045179,518.196204472051,Gene 29,9
109.25394377650677,514.1232149508658,Gene 29,9
105.85823760728438,507.1228780764734,Gene 29,9
107.5675727143638,519.3737562035373,Gene 30,9
108.6828258003558,513.2635974880778,Gene 30,9
105.7995850491912,516.5216782912701,Gene 31,9
108.22722884135928,506.2672020814331,Gene 31,9
107.87305746588993,511.100905387068,Gene 31,9
106.9074721546772,503.9610320938064,Gene 31,9
105.79776743921565,513.153531801685,Gene 31,9
106.74101991522323,520.969801926006,Gene 31,9
108.52638028368999,504.20394963668963,Gene 32,9
106.84305054221707,519.4173208327783,Gene 32,9
105.61243971311333,509.560630619313,Gene 32,9
105.5779915410806,509.4510031234835,Gene 32,9
106.55197360579726,509.13853255667135,Gene 37,9
107.8977913508537,504.63743816008673,Gene 37,9
117.52163219140311,515.6895874036672,Gene 4,10
120.05417625104074,507.36992907848605,Gene 13,10
119.19034504628608,507.79668494440693,Gene 19,10
116.99634092433489,510.32391701832495,Gene 19,10
117.13935574533701,503.7802814386943,Gene 19,10
116.97967350915062,513.4704165228999,Gene 22,10
116.86187276183638,509.19055775588765,Gene 22,10
117.30198239690219,514.0382704519765,Gene 26,10
118.25403431941609,515.6202569329457,Gene 26,10
119.15833499365664,516.664668640199,Gene 26,10
117.78275238317168,513.0489492097682,Gene 26,10
115.47641748658891,507.52749972092215,Gene 27,10
118.54324366747036,503.798153911463,Gene 27,10
118.00616661183363,508.6478022207853,Gene 27,10
115.54277986809602,507.89222499140845,Gene 27,10
120.29470025888777,510.14617962115335,Gene 27,10
115.44174907094191,507.84497882089005,Gene 28,10
116.01026559154393,507.3058006790148,Gene 28,10
115.88999994142856,513.486858992598,Gene 28,10
120.18588640049401,513.3042401843619,Gene 28,10
119.28381896371695,506.2263315376412,Gene 28,10
118.81362178172104,503.94779104528027,Gene 28,10
115.5911103461105,510.37918089671984,Gene 28,10
118.22565708961831,517.4762888125019,Gene 29,10
116.27839094241845,515.6009546824089,Gene 29,10
119.82065760301337,506.69228458907276,Gene 29,10
117.01250177422872,512.0401304837789,Gene 29,10
119.84234813508787,511.82054542301665,Gene 30,10
116.32604972751324,506.359811976572,Gene 30,10
116.86220854449886,504.80392439698085,Gene 30,10
118.96871244774711,505.1835301682251,Gene 30,10
117.78600916395249,517.2180520128701,Gene 30,10
116.5080130954289,504.48102584171926,Gene 31,10
115.49743664081915,507.27870506146854,Gene 31,10
116.83841893486235,503.22238949907126,Gene 32,10
118.16443724124093,505.95253845747493,Gene 32,10
117.45699795696348,516.2250763034317,Gene 32,10
117.92488233989857,516.2826297346905,Gene 32,10
116.66935217037044,515.4924356455618,Gene 32,10
116.00232052123908,503.5910795752434,Gene 32,10
117.84500579346776,512.0738739311091,Gene 32,10
118.16005217514564,505.973690007506,Gene 32,10
117.6036225915662,515.0793131607738,Gene 33,10
120.10642397318672,507.3930343870264,Gene 35,10
118.37030990105539,516.1825819629357,Gene 37,10
119.86919632951066,512.3000681751217,Gene 37,10
116.94219491185308,513.6204868987716,Gene 37,10
117.79478416676228,516.989130238357,Gene 38,10
129.8867319929873,519.2525048781511,Gene 19,11
129.58759019611878,519.7883979489255,Gene 19,11
129.37589296920981,514.5880747126613,Gene 19,11
129.800094828254,504.01448020338364,Gene 19,11
129.78636843363486,508.0102746890586,Gene 22,11
129.40452949887748,518.0107152618075,Gene 26,11
129.1776980937953,515.7691104751784,Gene 26,11
129.82226717086843,519.625431877848,Gene 26,11
129.30818174530845,518.95888701072,Gene 26,11
129.3253985907874,516.5514780357754,Gene 26,11
129.37493990166908,506.4637407192055,Gene 26,11
129.34195074689325,520.5685832141862,Gene 26,11
130.068593192638,506.3499233670344,Gene 26,11
129.08823451592605,511.195951489615,Gene 26,11
129.62924677815005,499.87147525596066,Gene 26,11
129.66681584676735,506.14260627218425,Gene 26,11
130.14568264757418,515.3504952847773,Gene 27,11
129.3380617940019,503.3732151409214,Gene 27,11
129.31259612292106,510.6394485989578,Gene 27,11
129.73740192912845,503.0108158426021,Gene 27,11
129.87874773363154,510.36050053491255,Gene 27,11
129.69151994352822,510.0669889096675,Gene 27,11
129.1009769920128,510.2912498171327,Gene 27,11
129.66640867583072,504.0282636199773,Gene 27,11
129.54811011793709,520.7440653211897,Gene 27,11
129.97694167722906,519.721408391622,Gene 27,11
129.38100602142106,521.2294047782372,Gene 28,11
129.11066697059792,511.00844364266146,Gene 28,11
129.56551034899462,503.25619617587125,Gene 28,11
129.87435092511274,506.84621778103786,Gene 28,11
129.56297614564784,501.0283925634586,Gene 28,11
129.4761345401489,503.2573429707582,Gene 29,11
129.42034128209824,509.46377050018384,Gene 29,11
129.84529136967865,505.6449658289067,Gene 29,11
129.22824311470424,519.9835523275825,Gene 29,11
129.75047991118439,518.0916914563724,Gene 29,11
129.99690800756795,506.3622006304879,Gene 29,11
129.98710463952025,517.2026942573549,Gene 29,11
129.30088668666787,516.8008777842197,Gene 29,11
129.23140921941652,515.7602969228288,Gene 30,11
129.9472843128757,521.2770719562576,Gene 31,11
129.16678606075092,505.17210752126465,Gene 31,11
129.86019729722406,515.3994458457202,Gene 31,11
129.79319368044054,518.218283726393,Gene 31,11
129.69185671758783,504.41757917829796,Gene 31,11
129.46624951100605,501.8449937085151,Gene 32,11
129.61339364234237,521.4188354454815,Gene 32,11
129.5922663542371,520.7657289735039,Gene 32,11
129.09932864761086,512.3932567736149,Gene 32,11
129.29084937438566,510.44904552921975,Gene 32,11
129.8957529595582,517.4376325498065,Gene 32,11
129.17862003527347,514.2863092522038,Gene 37,11
129.75038727906866,519.2892046967955,Gene 37,11
129.439792468353,507.4695738788655,Gene 37,11
129.2754661233653,509.9877877237898,Gene 37,11
143.61234200571624,510.04995186320804,Gene 13,12
139.47169925918672,513.2284078535391,Gene 22,12
142.2922122711735,506.30567246166794,Gene 22,12
143.83957370208782,509.4253736656933,Gene 26,12
143.56593398664978,514.8942426848553,Gene 26,12
140.85381452129124,506.10516909100585,Gene 26,12
140.9428125513112,513.3622861775566,Gene 26,12
139.83082389784008,514.3396473960056,Gene 26,12
139.69736136578297,507.12865558727674,Gene 26,12
141.84194892995293,505.95111523261323,Gene 26,12
140.36503230610907,512.2685128383839,Gene 26,12
141.8770121339027,504.5594146086275,Gene 27,12
140.26315411021247,518.0494399312033,Gene 27,12
143.58984021371532,509.95440143349595,Gene 27,12
143.75310455586063,517.1578790685995,Gene 27,12
139.26211953259573,513.3432814168648,Gene 27,12
142.3040509926957,519.010311635402,Gene 27,12
141.00657036737147,519.78747185063,Gene 27,12
142.9260294061795,510.5763103575575,Gene 27,12
141.79103952557963,504.2135125669,Gene 27,12
142.53566440099303,517.0761609069215,Gene 27,12
142.02669563575105,509.22620199738543,Gene 27,12
141.28662135874387,505.56581415009794,Gene 27,12
141.0878730898637,514.8493052782993,Gene 28,12
141.72802028264255,506.0995065544823,Gene 28,12
140.5601744338373,516.6932791823634,Gene 28,12
140.5247975712226,517.1407795828401,Gene 28,12
141.2939510339051,504.87277717648107,Gene 28,12
140.4488622974124,514.3257863410416,Gene 29,12
143.03327263773713,517.6440594435396,Gene 29,12
139.3038428414263,513.7851999133641,Gene 29,12
142.64065487374086,519.6846913992214,Gene 29,12
143.5992612106009,509.5487776078294,Gene 29,12
141.26617979183558,505.96601642667105,Gene 30,12
139.72831712318347,518.4364858777133,Gene 31,12
139.444328082117,509.09272817741197,Gene 31,12
139.34773818335444,516.0537721272569,Gene 31,12
143.12776053827403,520.8751239571169,Gene 31,12
143.01115684135294,513.8333794263965,Gene 31,12
139.75832254905862,514.6349115002607,Gene 31,12
143.75197521537683,517.0828053895638,Gene 31,12
139.50227926172778,511.0296145660853,Gene 32,12
142.29947267897631,514.656134413525,Gene 32,12
140.01204068249706,506.0664404597293,Gene 32,12
141.48640667326177,506.938890544342,Gene 32,12
143.45018076783535,518.6422239982713,Gene 32,12
139.7928779847395,508.26715329387525,Gene 33,12
142.62678860899499,520.346237718794,Gene 37,12
144.2475347009768,515.6851470849815,Gene 37,12
140.11253055410478,513.619960436562,Gene 37,12
148.23043253328763,513.6974265495629,Gene 4,13
147.84026983574236,513.1619639408142,Gene 4,13
150.1475481879414,507.2524930056674,Gene 4,13
150.93828477888124,518.6610993556069,Gene 5,13
149.13906811186013,517.3726513683882,Gene 19,13
150.802829184725,518.0072333456122,Gene 26,13
149.2202527553823,510.27337008556,Gene 26,13
148.9381657134758,509.68319056328687,Gene 26,13
147.95038677818013,510.48007962469177,Gene 26,13
148.98514404344485,518.7903891221453,Gene 26,13
150.38669961075797,505.98838670700263,Gene 26,13
148.6930244376199,507.71199254721535,Gene 26,13
150.47978491878777,508.50825112321843,Gene 27,13
151.03236411165514,517.6983557374172,Gene 27,13
149.16725613223784,516.049962139816,Gene 27,13
149.94815989858776,509.9273218224121,Gene 27,13
149.99708041198426,519.0049859803139,Gene 27,13
148.5530545156048,507.8744469583137,Gene 27,13
152.45144171728757,512.0168422484584,Gene 27,13
151.70652434069038,508.8451101272448,Gene 28,13
150.53248666729905,508.9105258248227,Gene 28,13
149.24979697488476,508.67316412884543,Gene 28,13
151.9331361843838,511.4033431816764,Gene 28,13
148.72218326835647,512.8927160905117,Gene 28,13
152.5729228244246,513.4660367401543,Gene 28,13
148.1984345066644,518.4631045874407,Gene 29,13
147.61634136971617,513.3529930622899,Gene 29,13
149.49696846028627,508.4239586276595,Gene 29,13
151.63346128538905,513.1259481188016,Gene 29,13
151.58509327604443,517.6236167330939,Gene 29,13
150.6935633133535,522.0588856480322,Gene 30,13
151.01086298957154,520.175367597669,Gene 31,13
150.50146145807435,504.73260517850787,Gene 31,13
151.27723756407804,506.7079984360303,Gene 32,13
149.93574282436185,506.48749667660195,Gene 32,13
151.59496696550852,516.8111357951512,Gene 32,13
149.65578259657948,515.6236823743061,Gene 32,13
149.63059757445217,520.5886004510797,Gene 32,13
151.98050897256502,515.4467235255648,Gene 32,13
150.60370382648878,509.6894773715672,Gene 32,13
151.6445463175809,517.4480943649337,Gene 36,13
148.53056331060463,509.738717832053,Gene 37,13
151.72070963563803,508.783198967559,Gene 37,13
148.20972249897264,514.8632056772884,Gene 37,13
147.87550047106072,517.7104645582174,Gene 49,13
159.18364614409973,503.35646598225986,Gene 4,14
157.44449885753832,515.5206701295805,Gene 5,14
162.13226183306733,509.47116082173824,Gene 16,14
155.91406447531477,512.9829216010372,Gene 19,14
159.47120586941585,513.4078714365379,Gene 19,14
156.7669510678502,508.38998302352996,Gene 19,14
155.59602181902312,509.51299462501214,Gene 26,14
161.15318172519136,510.4674378825384,Gene 26,14
156.19683194267998,507.50816560971435,Gene 26,14
158.92546290125395,506.6784138947362,Gene 26,14
160.52598662715454,513.1069780974955,Gene 26,14
156.34505085049096,508.6764593794197,Gene 27,14
157.07634136985718,507.19558225934037,Gene 27,14
157.39752591719923,506.65565605568906,Gene 27,14
157.37336499497178,509.72385092625933,Gene 27,14
157.07067069866147,505.5214199976341,Gene 27,14
157.77899787570894,516.6074950354109,Gene 27,14
158.79982533253096,504.02323736586345,Gene 27,14
159.2959586170003,510.29829963703054,Gene 27,14
159.1596625135423,518.6962877220657,Gene 27,14
160.3081684103414,504.9915541428047,Gene 27,14
157.27868386485207,514.4563857089643,Gene 27,14
161.14207556579012,513.496279996817,Gene 27,14
157.21320956093277,508.20257154892283,Gene 27,14
161.25833863242372,512.8381151685483,Gene 28,14
156.27565617193383,512.4676865499798,Gene 28,14
161.3327042490272,509.42886477723425,Gene 28,14
155.87786261823052,508.49525183149603,Gene 28,14
157.84945359726575,515.3481245199296,Gene 28,14
156.7931148362649,513.6822903505937,Gene 28,14
161.82798948404908,510.28811854370684,Gene 29,14
158.93645171856286,507.30306064851504,Gene 29,14
159.85520588075582,515.9535929225264,Gene 29,14
158.91659745939788,516.3516820238077,Gene 29,14
158.67731780889977,514.6638430159144,Gene 29,14
162.11553172567832,513.7438506774819,Gene 30,14
159.83721510552198,515.1365840876584,Gene 30,14
158.39471059849157,506.5609491761623,Gene 30,14
159.84662254959255,515.4712554638857,Gene 30,14
160.56573057579996,506.10487640642594,Gene 31,14
159.9669282841695,513.6491001558921,Gene 31,14
157.71041675467947,506.7642660886207,Gene 31,14
158.6743141317754,511.6898352433422,Gene 32,14
160.88302132942576,506.94232224585977,Gene 32,14
160.67089854521703,507.6969861171224,Gene 32,14
159.13403337283538,504.2110781865707,Gene 32,14
155.22813117083933,512.6323778878465,Gene 32,14
157.49835548299248,509.25401432729853,Gene 32,14
159.48962403941798,516.396894438226,Gene 32,14
155.98188687534503,510.060928905576,Gene 32,14
159.55040780568822,515.4619542025935,Gene 33,14
162.23965889395458,513.5212579044047,Gene 33,14
159.89555805669318,507.33272821817496,Gene 37,14
158.9561923511746,505.3609752214459,Gene 37,14
160.1969395911274,514.4917543872638,Gene 37,14
155.5991758977907,508.57035764149,Gene 37,14
157.54212597065856,514.1635201730894,Gene 37,14
168.6710527656786,516.8325065283498,Gene 4,15
172.51278891809818,507.1696474543657,Gene 4,15
168.5882253650483,507.52932749209486,Gene 13,15
168.8908379696039,506.3800031493129,Gene 19,15
171.18148981963293,507.0417649311764,Gene 26,15
167.44245991816686,517.0599706591051,Gene 26,15
171.33154164746776,509.08216656669407,Gene 26,15
169.87897796471847,504.26545840526353,Gene 26,15
168.3791523502716,511.42135326783796,Gene 26,15
168.35447435572888,505.3125692141907,Gene 26,15
168.2207494845813,503.8923115185425,Gene 26,15
169.056514638858,504.59309987559226,Gene 27,15
166.76321077279877,511.4457823613034,Gene 27,15
170.1298117034416,503.1257214967348,Gene 27,15
170.46464013573203,514.0595612716354,Gene 27,15
166.98140500311786,508.72788414351334,Gene 27,15
171.75861260322878,509.0098155073932,Gene 27,15
170.2856130318596,511.6729199479713,Gene 27,15
171.79930618501868,513.3708062228832,Gene 28,15
171.6006726824782,505.98837845902756,Gene 28,15
167.61869979353546,510.0782685616195,Gene 28,15
169.11122753178662,519.1946503634153,Gene 28,15
170.4708372474916,512.5024661897467,Gene 28,15
166.30664882614357,509.24674637840593,Gene 28,15
166.20013064873478,509.7432357953392,Gene 29,15
167.96366463228608,508.868991977308,Gene 29,15
172.13567960487416,506.64226101855894,Gene 29,15
167.57159963434995,506.82705952360345,Gene 29,15
166.38477859535004,510.29227105618105,Gene 29,15
171.77191946397178,509.75683619362115,Gene 29,15
168.56160978771507,516.1754868292129,Gene 29,15
171.29345822920715,512.1545183458302,Gene 29,15
170.70373412818302,505.11746789227266,Gene 29,15
168.18817492447667,505.2143805450501,Gene 29,15
167.4294691891094,507.67365899152344,Gene 29,15
170.0226939021596,504.14200795994674,Gene 30,15
169.07413657528917,515.6025514638958,Gene 30,15
168.36400726780244,516.5392324563372,Gene 30,15
167.0041307910126,513.622389885485,Gene 30,15
170.86174359355135,513.4339856216109,Gene 30,15
170.14276914960715,516.8259484620575,Gene 31,15
166.41836546869263,515.2149945537593,Gene 31,15
167.17042167191195,515.7658521048025,Gene 31,15
172.28632797230918,510.36988379074216,Gene 32,15
171.8370000588439,516.9720110285432,Gene 32,15
167.1798379820124,513.9831291530993,Gene 32,15
169.74937528839294,516.5121522691215,Gene 33,15
170.08652933811305,503.0337152591771,Gene 33,15
167.01009284650013,517.5106738908877,Gene 33,15
167.96507244713433,515.775782409577,Gene 36,15
172.38090842727513,513.9413308767962,Gene 37,15
168.5616716506052,506.89463231387805,Gene 37,15
170.33572034969342,510.0015060828882,Gene 38,15
103.09380360971257,531.2131290447436,Gene 4,16
105.22149590109977,522.8146714452308,Gene 22,16
103.40291401260066,522.9088792212862,Gene 26,16
102.48373753602135,529.1834503133767,Gene 26,16
104.8755482936951,518.6470774163153,Gene 26,16
103.38690188765337,516.5823324838002,Gene 26,16
102.87705260319281,519.7063020064387,Gene 26,16
104.82074860827788,528.3404966020919,Gene 26,16
103.98958278814102,521.4548746577692,Gene 27,16
104.48798448588727,516.8461132246006,Gene 27,16
104.11784349564819,515.7909622057095,Gene 28,16
105.25530311717444,516.8301846753245,Gene 28,16
103.27294774177231,529.9599986373091,Gene 28,16
103.4788340376211,526.4769349686236,Gene 28,16
103.74465750645979,515.6159883660325,Gene 28,16
102.4192336065885,523.7809657282149,Gene 28,16
103.85755967503867,530.6931433197285,Gene 29,16
102.07630156145181,520.4782789984118,Gene 29,16
105.25488051587398,522.6322681124271,Gene 29,16
102.34964814746186,525.5781472050484,Gene 29,16
102.08150467703953,525.9111193044138,Gene 31,16
103.69922604493345,518.5372629324819,Gene 31,16
104.22154166596897,514.5436585328397,Gene 31,16
104.45322209761139,532.2652624124269,Gene 32,16
104.60885540469164,519.9479415477966,Gene 32,16
105.04041392670759,524.7643701050653,Gene 32,16
105.4621162312839,519.5228420570572,Gene 32,16
103.45653827981968,528.9466894847648,Gene 32,16
102.13366271953787,520.5333258970954,Gene 36,16
105.74181127894393,520.191645435323,Gene 37,16
105.69949824972528,527.4161658846449,Gene 37,16
114.5008278577842,524.7469240574012,Gene 4,17
115.3434576779043,526.0090437544517,Gene 4,17
114.95501558371856,524.6894189558315,Gene 4,17
114.0612493434403,516.3879038951541,Gene 4,17
117.43154240580677,517.1735388259551,Gene 4,17
115.65508814160161,512.8123031620415,Gene 19,17
114.69285553644539,530.1898643740835,Gene 19,17
113.93685051829553,523.7708894971746,Gene 22,17
115.15362739946656,522.5699991942993,Gene 22,17
116.68380445421194,513.5217827737379,Gene 26,17
117.64766857843442,519.6938786821783,Gene 26,17
115.94054574007802,516.8411791664666,Gene 26,17
113.74506746056115,521.8781577548054,Gene 26,17
114.91073565864001,522.6963071413342,Gene 27,17
115.9803173630084,519.2463331325197,Gene 27,17
115.39803609383799,525.0510870700726,Gene 27,17
115.81943374454538,521.5455812575268,Gene 27,17
116.56724113725487,516.3272678953953,Gene 28,17
116.8981865761037,515.5753815207518,Gene 28,17
114.5624352298182,522.4040909279831,Gene 28,17
117.02529189016735,528.395310703422,Gene 28,17
117.17532331711124,525.4094992644782,Gene 28,17
116.08658642623804,527.6916429143735,Gene 29,17
117.2434093315727,516.0394393003922,Gene 29,17
114.83587579924259,524.745104984773,Gene 29,17
115.12624107049237,529.4896699278935,Gene 30,17
115.47267401121152,517.6524576537475,Gene 30,17
116.85282600216581,528.3791813441916,Gene 30,17
114.33791827161272,521.9442692940364,Gene 30,17
117.24142824358012,523.2301788317421,Gene 30,17
116.54068081525982,526.5588985751186,Gene 30,17
114.52901545816056,521.8430611704616,Gene 31,17
115.27662037666076,522.2539440090611,Gene 31,17
116.56535680368262,526.1799124323176,Gene 31,17
114.0951720167629,524.5227849685995,Gene 31,17
115.43193774774966,520.0617192163998,Gene 32,17
115.37196352693387,519.9283007929241,Gene 32,17
117.389609866961,517.7692249164409,Gene 32,17
114.13149364588006,528.1169877393372,Gene 32,17
115.73275601771418,515.2326298316632,Gene 32,17
114.79403640709764,520.3649191336614,Gene 32,17
115.61013176399523,514.9216148003447,Gene 32,17
117.48266931176772,524.5033814830715,Gene 37,17
116.54530366640297,524.890077449336,Gene 37,17
114.40569822857816,520.0836303407658,Gene 37,17
115.13670541544583,526.7510255417483,Gene 37,17
114.72536424214188,515.7992919416771,Gene 37,17
115.64042595685248,527.5027223363877,Gene 49,17
124.64795538665764,513.5603267506109,Gene 4,18
122.447352788196,520.0131164095238,Gene 4,18
126.14790822017565,512.085302930041,Gene 5,18
122.41710289639816,517.9730447560848,Gene 5,18
125.42873811157699,526.9516683793423,Gene 22,18
125.08884763880373,512.0756097304145,Gene 22,18
125.15703566713675,520.5369475085437,Gene 22,18
125.02534167117784,513.8842125264549,Gene 26,18
126.29097645805355,523.3927352379187,Gene 26,18
126.30246433900608,521.4439946778721,Gene 26,18
125.00074117283376,526.3382320525047,Gene 26,18
123.3610666064902,523.7545480401307,Gene 26,18
126.83401529986403,517.5330156104242,Gene 27,18
126.31825803290042,515.8957044533811,Gene 27,18
122.89621855056646,520.7868536359503,Gene 27,18
125.032702052,526.2268658630014,Gene 27,18
124.96457512015905,516.8948173299119,Gene 27,18
126.89580618288694,513.9125689619017,Gene 27,18
123.89420174279475,513.9669495761417,Gene 27,18
126.94899375804349,520.4979391628041,Gene 28,18
123.14767321069236,518.4608072646852,Gene 28,18
122.65302178308634,520.1050732412016,Gene 28,18
126.93643406125342,514.103683740418,Gene 28,18
124.43284264846254,515.7541987459604,Gene 28,18
125.6044458129748,524.1239838198167,Gene 29,18
126.7489086949455,514.111451587212,Gene 29,18
122.49408997236303,519.8172352507994,Gene 29,18
125.76897048290256,522.8894421878973,Gene 29,18
125.74094421043695,527.1812677920483,Gene 29,18
124.17236098485498,517.0466777314189,Gene 29,18
123.21642368989805,515.1309054050415,Gene 29,18
126.88288569389158,516.9044485775105,Gene 29,18
124.01126588831167,511.4005780073039,Gene 30,18
122.97001266421131,513.9396801191994,Gene 30,18
126.38340813466722,520.2294858624575,Gene 30,18
126.03945799569914,525.6967086851844,Gene 31,18
126.61294088047445,515.8216886403696,Gene 31,18
124.83773586375298,526.0381666323217,Gene 31,18
123.46300675818874,526.7172950013303,Gene 32,18
126.93712018485067,519.7338759419603,Gene 32,18
126.56206691654859,521.1287651388441,Gene 32,18
122.72336548649034,518.1741896827087,Gene 32,18
125.6144058439018,510.13579215618864,Gene 32,18
124.23489878026189,518.256722215862,Gene 32,18
124.77897090827598,526.4571097736547,Gene 32,18
122.73208465876293,515.6390404508718,Gene 36,18
124.93821891848786,514.8993332032711,Gene 37,18
124.71080555643893,525.5675037914318,Gene 37,18
127.12650981043086,514.0161139698425,Gene 40,18
128.89974730821683,520.2720138416825,Gene 4,19
129.5772838753831,518.0423002507631,Gene 5,19
137.71185347039827,523.0775638300305,Gene 19,19
130.92551321556257,524.595170765759,Gene 19,19
128.44774872150134,520.8912639454215,Gene 19,19
128.5596341392316,520.300707615865,Gene 26,19
129.94395198014456,520.5656175287924,Gene 26,19
134.58225017686934,518.201411715135,Gene 26,19
128.9049483134299,520.8122205319651,Gene 26,19
129.1372674956718,516.9691064176037,Gene 26,19
135.79092579222132,524.9834075918018,Gene 26,19
137.5880893564862,520.1228959154417,Gene 26,19
130.9300583532694,525.2480691443761,Gene 27,19
130.64428355911934,522.5816166929279,Gene 27,19
133.4555339070554,517.829899095846,Gene 27,19
133.23602512194424,523.6026696824842,Gene 27,19
137.0955775872471,523.320011907036,Gene 27,19
129.67057145818154,517.9437046487595,Gene 27,19
136.52346464029762,517.6358871276398,Gene 28,19
134.15473270752793,524.6773464969714,Gene 28,19
131.2758850695074,520.410713109599,Gene 28,19
138.29338502296213,523.8424601981105,Gene 28,19
135.3600628606036,524.903740013908,Gene 28,19
136.36100277915708,517.67273614707,Gene 28,19
136.92316268688472,520.9743629088324,Gene 29,19
135.21884154125613,519.7353994709692,Gene 29,19
129.7862078057299,522.4757357033405,Gene 29,19
135.8523201922014,516.8827315801256,Gene 29,19
127.1494438167703,519.3589955294932,Gene 29,19
134.32595096500006,516.6671802453618,Gene 29,19
129.75328470818195,517.6768597701242,Gene 30,19
131.42373102636157,524.461503771712,Gene 31,19
131.17920220642677,525.0713216930114,Gene 31,19
138.12785187062605,519.305076372538,Gene 31,19
132.24711912890604,517.6839548662077,Gene 32,19
137.35914443055083,521.0564892047713,Gene 32,19
134.95092914853245,518.8897820994151,Gene 32,19
136.0349776892446,523.5988550305841,Gene 32,19
133.8306989970713,524.4407863671294,Gene 32,19
129.42679079851115,524.5435901354764,Gene 35,19
138.5133559600105,521.308299430583,Gene 36,19
136.0708454993343,520.6919415158486,Gene 37,19
137.58540016117124,517.9556202116247,Gene 37,19
129.0760295415255,516.7356271230009,Gene 37,19
130.1212685723498,523.9594459398368,Gene 38,19
135.3039253512916,522.0916107119284,Gene 40,19
131.12510542274387,523.0554259368093,Gene 40,19
146.07071278433847,517.3238283264711,Gene 4,20
144.67286744611678,511.2321198808113,Gene 5,20
145.94282946899077,518.563787546956,Gene 19,20
143.64133997753868,520.5084323810232,Gene 19,20
144.1688693251662,510.6934984473614,Gene 22,20
145.04695411245453,510.918735407848,Gene 26,20
144.0267039131613,511.6535556583427,Gene 26,20
145.06738727299938,525.5901535333868,Gene 26,20
145.54802237138983,516.8142913129078,Gene 26,20
143.46097797695816,513.8018904187728,Gene 26,20
143.53262594597112,521.4840474766117,Gene 26,20
144.3437751576978,514.9589678795746,Gene 26,20
144.0702059499528,512.5871257490709,Gene 26,20
145.14952027107594,520.6369406053071,Gene 26,20
144.31891525055178,524.9554247265785,Gene 26,20
145.44911122978672,525.870947955441,Gene 27,20
145.0579999273506,511.4304896072389,Gene 27,20
145.27690338133888,509.6596642113875,Gene 27,20
143.38163345581356,522.971864024855,Gene 27,20
143.71150406625154,510.41137218889264,Gene 27,20
143.906871342481,526.6884337035194,Gene 28,20
145.92715488389493,514.6015290712348,Gene 28,20
144.5564647383892,510.45238440949265,Gene 28,20
143.43415427755104,513.6022637172699,Gene 28,20
145.36882216495886,512.5576263752107,Gene 28,20
145.83683107856874,513.6042411652679,Gene 28,20
144.07215875902742,522.669745473218,Gene 28,20
144.43104403019618,510.42805547018105,Gene 29,20
144.03373403602305,511.2647255792744,Gene 29,20
144.1982865326795,527.5809580713717,Gene 29,20
144.8936523790458,514.7044487090378,Gene 29,20
143.49304980004794,514.951412348027,Gene 29,20
143.96062147082813,525.9998068660809,Gene 29,20
144.1889784918177,511.77853822648507,Gene 29,20
143.6581476395792,516.4698179632085,Gene 29,20
145.4629589808246,526.3087228804653,Gene 29,20
145.78130045719436,523.852540053764,Gene 29,20
143.6761125934378,513.2007633191465,Gene 29,20
143.25087185844112,521.1374263632302,Gene 30,20
144.75058766566474,513.8482424701226,Gene 30,20
144.42845645756768,521.2286014896707,Gene 30,20
144.70941785062854,524.3347030009958,Gene 30,20
144.38484197419052,514.733665536771,Gene 31,20
144.51783385709163,507.80821736371445,Gene 31,20
144.98812436794574,512.4398911303048,Gene 31,20
144.1547497054706,512.7575522273669,Gene 31,20
144.02856409307736,511.962033009224,Gene 31,20
143.49889097683123,514.6317374373127,Gene 31,20
145.49698739229268,514.2466090821233,Gene 32,20
144.3353804392637,522.7183913894363,Gene 32,20
145.27340418682707,517.2711984143978,Gene 32,20
145.46300490672783,520.5120462619172,Gene 33,20
143.8212372037626,515.7019641335728,Gene 37,20
144.97635077659868,526.4853150887502,Gene 37,20
145.29711022068687,518.2671908444612,Gene 37,20
143.68309368585577,523.2044394066613,Gene 37,20
145.39364571547603,524.7374874325618,Gene 37,20
144.3924865928815,521.9004167635383,Gene 49,20
157.1286502940564,518.8996684298118,Gene 5,21
155.11236273373353,511.7033120171469,Gene 19,21
156.91816728609223,516.9299624964827,Gene 19,21
156.61970177583592,510.4352920909028,Gene 19,21
155.27079557372542,511.4506434230957,Gene 19,21
155.71085296704447,524.9115770335098,Gene 19,21
155.0667796258765,512.4120306747732,Gene 26,21
156.97529168055095,518.5171984691772,Gene 27,21
156.63167123014577,517.1446690197779,Gene 27,21
155.24438841218986,508.09169019681286,Gene 27,21
157.3720448615506,518.5283465656679,Gene 27,21
157.10351905077195,514.80145995769,Gene 27,21
154.46500536703903,520.1686692053611,Gene 27,21
154.46309250274808,524.940622948149,Gene 28,21
154.7768106044463,523.2377756976537,Gene 28,21
155.77813764667331,522.8064009890406,Gene 28,21
155.25250219637007,523.2172097021839,Gene 28,21
155.9862082688636,524.8837361286776,Gene 28,21
157.0845517006433,519.0546287536365,Gene 29,21
155.1086838957484,511.04444059549684,Gene 29,21
156.98532379665087,514.1034208379144,Gene 29,21
154.9861090946121,513.6306781454313,Gene 30,21
154.95822836820344,513.4955602077735,Gene 30,21
156.7685582995135,517.7791793606735,Gene 30,21
155.9260443284012,510.8333228216069,Gene 30,21
156.7152763680879,518.0978512275126,Gene 31,21
154.63425674509278,511.8759682464223,Gene 31,21
156.47239451510364,518.5042705175422,Gene 32,21
154.73472139425778,518.1842407895876,Gene 32,21
154.47855678017422,513.3705653709043,Gene 32,21
155.80724509876126,510.7316587604211,Gene 32,21
154.65336971372247,518.6236414937151,Gene 32,21
155.13244392493968,527.0609012502247,Gene 32,21
157.19230163983693,515.9907651198852,Gene 32,21
155.1630607867719,520.5493493577502,Gene 37,21
156.34570566538346,513.3469742567463,Gene 37,21
155.01258341241572,517.6775971881702,Gene 37,21
154.04126308171095,517.0139538647848,Gene 37,21
154.69762133780057,520.7754271060962,Gene 37,21
156.0733296143616,526.6999415296592,Gene 37,21
154.58637055661902,525.5733371064055,Gene 38,21
155.48023889587293,528.1278625740983,Gene 49,21
165.33844511807155,526.920382005775,Gene 4,22
163.9341804033623,512.9240048282942,Gene 19,22
165.54889128246177,518.126162295238,Gene 19,22
163.47381252219242,515.3100803354706,Gene 26,22
164.35075851354839,517.8203988846017,Gene 26,22
163.86743071490497,527.1236928630589,Gene 26,22
164.38228303903654,529.7665218055038,Gene 26,22
164.9935852425844,515.6320595750236,Gene 27,22
165.23870312170084,517.9456212803291,Gene 27,22
165.169489975421,523.2911391962754,Gene 27,22
165.08285716738612,528.5280606436147,Gene 27,22
164.38570715125843,513.6509978220063,Gene 27,22
164.25637047429638,526.3739594702606,Gene 27,22
162.829843579409,519.7461292154057,Gene 27,22
163.59782606212394,512.4758058272681,Gene 27,22
164.77387231830588,511.77012882529846,Gene 27,22
164.8707058115514,526.7918252709944,Gene 27,22
163.40815343922293,524.2683135700856,Gene 27,22
164.8556406415041,526.9898510088739,Gene 28,22
163.47632037571543,518.8721057364288,Gene 28,22
163.43495692097008,524.017860760459,Gene 28,22
165.3346250571961,517.7578899008424,Gene 28,22
165.77933434122878,516.4716977198515,Gene 28,22
165.24410622181918,528.9836971286845,Gene 28,22
164.0096177736981,515.7579552661762,Gene 28,22
165.61828953184806,516.5504668562077,Gene 28,22
165.33235332370066,519.3614684529834,Gene 28,22
165.13392264263737,525.7205186432104,Gene 28,22
163.62438001802263,514.6813453856756,Gene 29,22
165.4273922771126,517.9876242434751,Gene 29,22
165.3069585264544,529.617730546906,Gene 29,22
165.39273554862322,516.3008758488573,Gene 29,22
165.5041528919924,526.0491919601747,Gene 29,22
165.43572885369187,513.2767552290064,Gene 30,22
164.71296993393608,526.8765067128307,Gene 30,22
165.3076100581619,527.6253295679448,Gene 30,22
165.8912605642567,518.7340295405186,Gene 30,22
165.17212954929732,517.0239427079425,Gene 30,22
164.0336896706537,512.5900263229215,Gene 30,22
164.05718786858304,528.259825956666,Gene 31,22
165.65706144182326,520.5507010899919,Gene 31,22
163.36131462050034,519.6911459668199,Gene 31,22
164.31920304562922,530.0699417046737,Gene 31,22
164.64294602087597,512.0844934452812,Gene 31,22
164.11016239928975,529.4154352776026,Gene 32,22
165.77868316644654,518.5264370332945,Gene 32,22
163.4032623298018,520.6746380315959,Gene 32,22
164.9319300288658,530.0648120251287,Gene 37,22
164.91401685463137,521.8451286385141,Gene 37,22
163.678877712778,528.9544945299282,Gene 37,22
165.91244621349512,520.8064209996744,Gene 37,22
164.90147584444014,511.99280341708095,Gene 37,22
164.9126946015594,529.3452497837122,Gene 38,22
163.43121752452853,525.782556861536,Gene 38,22
173.10624850113197,514.6837821472706,Gene 4,23
171.99328775407636,521.2834117392479,Gene 4,23
171.19955211841778,518.7451696219252,Gene 13,23
172.36925457595478,518.0154137997273,Gene 19,23
175.17628824657348,526.7479109284693,Gene 19,23
173.54826451119422,520.0223164580597,Gene 22,23
172.7010113215768,520.9369338437797,Gene 26,23
170.95012536014295,525.7845903487354,Gene 26,23
173.9074080382473,526.9914848150469,Gene 26,23
171.15507350448559,517.1171364492251,Gene 26,23
175.00072415846628,522.770617353761,Gene 26,23
172.8573597017604,527.6557476606727,Gene 26,23
174.7748706762769,517.9364767666842,Gene 27,23
174.64994255460672,522.0326374317091,Gene 27,23
171.62602726827436,515.4938206447517,Gene 27,23
171.11356684200817,513.9959317529806,Gene 27,23
174.2577864290026,516.353983431007,Gene 28,23
174.12229056753998,514.0297809437469,Gene 28,23
174.5390752521576,525.6364185744656,Gene 28,23
172.29283743037888,518.0694650080077,Gene 28,23
174.90770472814583,520.9862323792357,Gene 28,23
170.95106241972638,517.4872443108621,Gene 28,23
171.93639955906593,515.338443087172,Gene 28,23
174.01519500680064,525.8625906006375,Gene 28,23
172.64053859714508,517.0317050138217,Gene 29,23
174.56584835352655,526.4912828224168,Gene 29,23
174.28910954647355,524.1298624985795,Gene 29,23
171.2507818602728,515.2313227888508,Gene 29,23
172.87353281876645,516.5642489719332,Gene 29,23
171.07400858584012,517.5917532103834,Gene 29,23
172.59145183086187,528.240034043932,Gene 29,23
171.1274439847451,521.1275641929485,Gene 29,23
172.83911015774348,514.6891116809351,Gene 29,23
173.6226877517099,526.7184993663703,Gene 29,23
171.45890088830447,515.7596126554938,Gene 29,23
170.53979398609928,522.8535644030833,Gene 30,23
171.54704188705995,520.3256689607852,Gene 30,23
172.8258829317067,518.0649269406606,Gene 30,23
174.2844343287546,516.1173031232084,Gene 31,23
173.20776163957163,520.1886171748677,Gene 31,23
174.20788909512217,528.8021630199826,Gene 31,23
170.98918763826683,523.6351930428028,Gene 32,23
171.5276015358531,518.6141830203588,Gene 32,23
174.11943933630752,517.7686401826546,Gene 32,23
172.11839583781955,521.4704660213343,Gene 32,23
174.30437968279455,517.5569850515756,Gene 32,23
174.8943918171157,525.5606427529863,Gene 32,23
173.174909279118,527.5980133136528,Gene 32,23
175.18003321798108,523.6530226999549,Gene 32,23
174.3801918643332,516.5367930497216,Gene 33,23
174.91352953564606,520.0971467889416,Gene 33,23
175.1455090776656,523.395537061863,Gene 37,23
174.4346094692909,524.2397674080739,Gene 37,23
171.10559470631094,518.5192185640078,Gene 37,23
170.66677018194474,522.6115452552644,Gene 37,23
173.62499731303615,527.7273658793605,Gene 37,23
172.6189344381693,527.6277185575738,Gene 37,23
174.38341880707137,522.4957542239398,Gene 49,23
173.73774784444532,527.2312932045243,Gene 49,23
107.69064333734681,522.7355557905652,Gene 5,24
107.94285152898328,537.2954044454226,Gene 19,24
109.48458266776134,533.3309952839263,Gene 19,24
107.16311159743208,533.7631307437117,Gene 19,24
107.50995770023339,535.4264090673597,Gene 26,24
107.20737991348254,524.9981614667646,Gene 26,24
108.63558318640031,524.700211714487,Gene 26,24
108.14377127023559,540.5923646780383,Gene 26,24
107.29090639305828,538.9871690702273,Gene 26,24
107.05770042407451,538.2551204406482,Gene 26,24
107.49617131474166,532.2670349597188,Gene 27,24
107.55843466738112,534.748226167128,Gene 27,24
108.25831918334006,534.9760106268973,Gene 27,24
108.15059674822305,531.4999219718457,Gene 27,24
109.34335263045413,533.0525694334441,Gene 27,24
107.6179100804962,534.6152850808437,Gene 27,24
108.75758446214074,528.2064588085802,Gene 27,24
106.99632494583898,529.237679820852,Gene 28,24
107.52977004901832,539.0052217702495,Gene 28,24
109.45161135195377,535.6237103694007,Gene 28,24
107.85084410728861,537.9360957244644,Gene 29,24
107.74925752940104,539.0344059213526,Gene 29,24
107.63115601209756,534.6776340785945,Gene 29,24
108.59900892232656,525.0479051984981,Gene 29,24
107.39375146782095,538.3096144098583,Gene 29,24
106.91009281579973,536.0409620014347,Gene 30,24
109.11436760280922,524.5425821751334,Gene 30,24
109.3802433231271,535.581345907052,Gene 30,24
108.81606476457146,532.4087428075683,Gene 31,24
107.12005342681914,527.1981733769701,Gene 31,24
107.59424571205918,521.714427540163,Gene 31,24
109.51615588319487,530.6553579828031,Gene 32,24
106.86258644547688,527.3747554432862,Gene 32,24
109.63018411574495,531.7305949913514,Gene 33,24
108.94928828365443,538.0287258658689,Gene 33,24
109.2676818409062,534.4354888678,Gene 37,24
107.6266860664997,528.8504021900036,Gene 37,24
109.16181185482039,532.6514358096534,Gene 37,24
122.87574253358483,517.982764587208,Gene 4,25
124.3485818976128,522.436132469009,Gene 5,25
121.08199256410632,521.3286965442785,Gene 5,25
120.47411145522486,522.2567066498281,Gene 16,25
122.50934645391239,528.9585130743958,Gene 19,25
122.63148328189887,523.0438201186869,Gene 26,25
120.86676553388256,522.8073074703753,Gene 26,25
121.42346348349287,524.5977631920205,Gene 26,25
123.09121986409873,518.1325591250155,Gene 26,25
124.13196720047203,522.9241943245298,Gene 26,25
123.55146731972297,523.0266130192383,Gene 26,25
121.17713349381785,521.5508747448422,Gene 26,25
119.99794802382918,530.3060530941025,Gene 26,25
120.21136843797858,528.6892682205387,Gene 27,25
124.238889019029,531.160029427156,Gene 27,25
120.82003553858648,525.4991912471818,Gene 27,25
121.81044547954747,519.1594459062284,Gene 27,25
125.66987600763206,524.9462478657792,Gene 27,25
122.24103408084063,533.0704283550765,Gene 27,25
125.3341587909793,530.8367381131019,Gene 27,25
125.69299853906364,531.2305585272974,Gene 27,25
121.91658190916553,518.6786535141271,Gene 28,25
124.00601616922532,519.9351837100104,Gene 28,25
125.4167475459772,526.1817572553688,Gene 28,25
121.73261871408347,519.5188583235802,Gene 28,25
120.93047899138186,528.3095771614384,Gene 28,25
122.40877295671467,531.9606911236306,Gene 29,25
125.07577551743614,531.1428078918033,Gene 29,25
124.79588930666355,528.7601262680241,Gene 29,25
124.52395504248999,529.659692405039,Gene 29,25
119.92763703779403,525.4459056378611,Gene 29,25
124.19692080820718,529.8349807152201,Gene 30,25
122.29141729614865,520.2097190408207,Gene 30,25
122.52368179362229,520.1235457344475,Gene 31,25
120.30681079220817,526.4891575206043,Gene 31,25
120.4594845285422,532.510734685368,Gene 31,25
125.0325432372251,525.9875965649532,Gene 31,25
122.08671332189701,523.2065202804498,Gene 31,25
122.31005427323231,523.9866555619287,Gene 32,25
124.46004438612678,521.7735344992515,Gene 32,25
124.8068121139518,525.2634233878341,Gene 32,25
125.41061119647762,522.0088219982058,Gene 32,25
124.01566906734669,527.8010429243133,Gene 34,25
122.61967494617693,530.3659124127526,Gene 37,25
122.61044611529884,531.0988429950143,Gene 37,25
126.92311330118075,523.1902578316473,Gene 5,26
130.129246001179,529.4261840975403,Gene 5,26
129.91680634332513,534.2997542966276,Gene 19,26
125.52055794794202,527.0220646739355,Gene 19,26
129.50816682926632,525.3654305584064,Gene 19,26
128.10930464225862,533.9620842358123,Gene 19,26
127.39370448138631,533.7944011971489,Gene 22,26
129.60089908501124,534.332702256526,Gene 26,26
127.31381861829111,535.7291629960754,Gene 26,26
128.91245826829646,521.8163962301618,Gene 26,26
128.07988463030546,522.5971958389364,Gene 26,26
129.94747212296116,534.0662751016789,Gene 26,26
125.41417312519611,528.2813119901554,Gene 27,26
130.15566898996292,532.2150880519897,Gene 27,26
130.18512597905695,533.5358674064055,Gene 27,26
126.21521070725431,533.9633391992155,Gene 27,26
130.12336015143066,524.3513878527874,Gene 27,26
129.08103289396803,532.2659739826375,Gene 27,26
127.41005238425113,531.4462972954288,Gene 27,26
126.6518745478195,534.5311250595137,Gene 27,26
127.9645764364103,520.1201352092354,Gene 27,26
130.30067275424778,526.7029348971621,Gene 27,26
126.65981140571286,523.8472498785953,Gene 28,26
131.42722518299396,526.2561132746133,Gene 28,26
126.60081065825365,532.4168138290513,Gene 28,26
125.46667728287898,521.7015906745344,Gene 28,26
128.11943158546083,521.9717169607455,Gene 28,26
129.07422080324412,532.5178933337853,Gene 28,26
129.90199504757751,526.3726034987632,Gene 28,26
126.46196136594118,532.464492083353,Gene 29,26
128.08890142890994,533.7298845088235,Gene 29,26
126.7489950324045,525.7924933942793,Gene 29,26
129.90235592134385,533.1279730861289,Gene 29,26
126.42843720825012,523.6083545246212,Gene 29,26
126.91128878615552,533.1506472860765,Gene 29,26
126.90287200013117,532.5313169275013,Gene 29,26
129.63944047928632,523.6296388277393,Gene 30,26
128.82915414938395,524.8958911697126,Gene 30,26
129.50183687164127,522.8322753592931,Gene 30,26
130.32107291158857,529.800163070067,Gene 30,26
126.97086351860915,533.7089643426108,Gene 30,26
128.53537472897764,520.2720144298971,Gene 30,26
125.44694286642887,524.2062177149888,Gene 31,26
127.35199546209228,523.4384796446508,Gene 32,26
126.19436598101112,525.9810903686022,Gene 32,26
127.83878142564596,531.6904243182137,Gene 32,26
128.10536943129694,521.7606977103217,Gene 32,26
129.12515342701585,527.5994674348647,Gene 32,26
130.74534881679236,522.1349613338875,Gene 32,26
130.93649952108257,527.2013560843711,Gene 32,26
130.47203246186507,533.1541884891983,Gene 32,26
126.7966532367019,524.6307979937126,Gene 32,26
129.62176662639357,532.5541324003846,Gene 32,26
129.89474180480042,526.060001257877,Gene 32,26
125.76298024173826,524.249990777443,Gene 33,26
131.50832097550241,530.3713277111932,Gene 35,26
129.26751148138302,524.7621430633016,Gene 37,26
130.80338485165038,530.3445482504657,Gene 37,26
139.134341534489,534.1743751929356,Gene 5,27
135.86009317010246,536.788055168056,Gene 19,27
137.4972402933796,534.0578836041159,Gene 19,27
134.99238897828505,533.6267142143413,Gene 19,27
136.55829909068675,535.3369754637064,Gene 22,27
140.5482640343959,533.5732962341057,Gene 26,27
141.03690597344766,528.2603457824407,Gene 26,27
137.75348565779336,527.152558693606,Gene 26,27
136.58922433405627,533.7309327871776,Gene 26,27
135.12239478939065,534.1760312575557,Gene 26,27
141.92069171929182,528.9044317063928,Gene 27,27
133.75505621617643,530.7524467650883,Gene 27,27
140.5023356905606,527.4362855615334,Gene 27,27
135.4704864214989,536.7167067403142,Gene 27,27
139.36098466819982,526.9613656483319,Gene 27,27
142.08724453851073,527.943164225074,Gene 28,27
142.15325700523834,526.2767770869535,Gene 28,27
135.126595028222,533.0899867453288,Gene 28,27
134.20736488119738,531.6520143902746,Gene 28,27
141.1314337212594,533.0145702048036,Gene 28,27
136.35363297121765,525.7422294795122,Gene 29,27
137.61348338162847,528.0016736201314,Gene 30,27
139.2290688137303,536.8346719030023,Gene 31,27
140.060404346383,534.616140913237,Gene 31,27
135.19265493792778,527.113307050635,Gene 31,27
139.8388457830535,529.2387845998943,Gene 31,27
136.62377466858604,526.6330891868206,Gene 31,27
140.91660403082795,532.4601911560958,Gene 32,27
135.81947852359087,530.9584194308095,Gene 32,27
138.7755669181698,534.3792789198225,Gene 32,27
134.58212778592036,531.0593666235765,Gene 32,27
141.2973608059903,528.7453232328005,Gene 33,27
137.9089598220795,526.7116973574344,Gene 34,27
139.37239854346828,533.4754799254954,Gene 37,27
134.97001329508666,530.2560497479598,Gene 37,27
141.19571822939477,534.316365536548,Gene 37,27
140.07333500650833,531.6690960800349,Gene 37,27
137.91557836491643,534.0856648376607,Gene 37,27
138.51026031338642,532.6098662849936,Gene 37,27
152.14080615979145,531.0231606171641,Gene 5,28
149.8145674195533,535.7421648693053,Gene 5,28
151.2024455303322,530.6728450590781,Gene 5,28
152.56681744060043,527.1175865186112,Gene 19,28
149.26328633855715,524.2189849969732,Gene 26,28
149.73266357073362,536.8872676064599,Gene 26,28
148.1656185242472,534.8389100709169,Gene 26,28
148.92771527034168,525.0807316491405,Gene 26,28
152.80782417426101,532.9297736953182,Gene 26,28
151.133053766951,526.8635678617874,Gene 26,28
149.9623032673507,527.7909994175023,Gene 26,28
151.0349711888575,535.4354385825372,Gene 27,28
152.63343721798665,527.262235028245,Gene 27,28
148.75004315967814,529.5725138927654,Gene 27,28
153.749909785221,526.3484452544074,Gene 27,28
152.17731258581344,532.5087543630605,Gene 27,28
153.22591706079044,528.5184628379369,Gene 27,28
153.80956147171233,533.101200283646,Gene 27,28
152.73855560293822,525.2666098250525,Gene 27,28
152.09753374882638,531.2124963938185,Gene 27,28
148.44088170782663,531.1455012692031,Gene 28,28
148.30629390303346,528.7778226011778,Gene 28,28
151.4358842795685,524.7658907447575,Gene 28,28
151.8871764380223,530.7304192892246,Gene 28,28
150.5385709299622,536.5777629510444,Gene 28,28
150.68140374511285,525.7639711076232,Gene 28,28
153.55860167940952,534.2803300667147,Gene 28,28
148.15032258821944,525.5191764627173,Gene 29,28
151.31674373277326,527.6615463498509,Gene 29,28
147.542007785933,529.9941663620745,Gene 29,28
147.9836017077045,525.7700232095954,Gene 29,28
149.4700125440173,525.5132247824566,Gene 29,28
149.8140237822494,524.4989379250342,Gene 29,28
151.8773436506262,524.3094721101232,Gene 30,28
151.32966194277503,524.2907972831428,Gene 30,28
149.13245711538696,531.904805487425,Gene 31,28
153.01245519265447,534.8256969641177,Gene 31,28
147.831801418531,532.3315245487476,Gene 32,28
150.04381410311404,522.5020368713612,Gene 32,28
148.216286506402,531.4927187776763,Gene 32,28
152.33707577134086,526.5085093893291,Gene 32,28
149.62811893334458,528.1920368653302,Gene 32,28
148.4150103083688,526.2822909963596,Gene 32,28
153.42510056577544,527.419566138094,Gene 32,28
152.4112563101542,535.9313290900668,Gene 32,28
150.3696090682535,532.2586625548485,Gene 33,28
148.76019095799916,533.5147564924777,Gene 33,28
148.6330646251353,528.6422827020232,Gene 34,28
150.15199204944923,526.7264660850245,Gene 37,28
152.8265295188175,525.5981025574347,Gene 49,28
158.92596228365852,524.4160931974968,Gene 5,29
160.69869747010546,531.754999635368,Gene 19,29
162.33656549221018,530.9692741071091,Gene 19,29
159.09050183799934,530.7001871184441,Gene 19,29
159.5860518102327,526.6077657993377,Gene 22,29
163.29367106218683,522.2621021279377,Gene 22,29
162.7064860086832,533.044325662306,Gene 26,29
163.132818685782,533.1533813329575,Gene 26,29
160.06629041349663,524.1587178578545,Gene 26,29
162.16982386571365,531.1374102142362,Gene 27,29
162.7597509512767,519.9157718909196,Gene 27,29
163.8734346980549,529.4475243341221,Gene 27,29
160.4316409084418,531.9616240987513,Gene 27,29
164.80488615374162,527.5350367656965,Gene 27,29
159.9412521568234,519.0214416723095,Gene 27,29
163.92471886900233,528.7713368416444,Gene 27,29
165.28655418622665,526.0046187575123,Gene 28,29
162.76448246274316,530.738688892569,Gene 28,29
158.066578217408,524.2915460754792,Gene 28,29
163.77389707564816,524.4162567311887,Gene 28,29
159.8000497384794,526.8607995278959,Gene 28,29
161.49039265335426,530.2465898933076,Gene 29,29
158.6722530725755,524.254389873837,Gene 29,29
161.2376123220154,531.8844910648677,Gene 29,29
161.80027630661246,532.7279309255816,Gene 29,29
163.0510152729245,530.7721600861299,Gene 29,29
161.7117651040213,519.1542272491964,Gene 30,29
160.77382658925626,522.6420488013487,Gene 30,29
163.3899625961832,528.3583692757969,Gene 30,29
165.31162785644727,523.9022894841304,Gene 30,29
158.38653822504355,521.6823457669697,Gene 30,29
162.21175993326878,527.2903464497625,Gene 31,29
159.2999770732185,522.8204623567174,Gene 32,29
161.2929846670438,522.0041155057822,Gene 32,29
161.701766762238,520.8929980774079,Gene 32,29
164.3949140492049,528.0754728837312,Gene 32,29
165.66860474881102,526.0113215480235,Gene 32,29
165.18706501465502,526.267704280858,Gene 33,29
159.26335090236725,523.0381833475531,Gene 33,29
159.94359421661892,528.3708002270425,Gene 36,29
162.19995198482457,531.5069997131103,Gene 37,29
161.59209507884913,519.1963682362518,Gene 37,29
158.21192737941524,523.6988067621048,Gene 37,29
164.69919549889357,520.9293578339816,Gene 37,29
168.93149224958555,526.3201266831353,Gene 4,30
169.9975909009955,533.7256185958739,Gene 5,30
169.5652029014843,517.9996391786161,Gene 19,30
169.57798120293407,519.8968838413728,Gene 22,30
171.17912075460117,526.8770914861867,Gene 22,30
170.82483979485056,526.7362002442853,Gene 26,30
170.85715707403546,520.3645506152338,Gene 26,30
170.31633790250834,520.0842501792292,Gene 26,30
169.31841385470113,519.8979498515479,Gene 26,30
169.06363568095838,522.214681925804,Gene 26,30
168.91010595427534,527.6884353568238,Gene 26,30
170.41972880053365,534.1671417112595,Gene 26,30
171.10842194125794,530.7623878772923,Gene 26,30
168.7203696902833,527.7748690235799,Gene 26,30
169.8172302775211,522.0748073648239,Gene 26,30
168.55075992543092,531.0810215931824,Gene 26,30
168.68831763183752,532.2108935534619,Gene 27,30
171.4198005318674,532.969804367297,Gene 27,30
168.59599842013557,523.7062560015031,Gene 27,30
171.43931589346374,529.3966572878894,Gene 27,30
171.3403948524981,528.9717407508859,Gene 27,30
169.4021018459173,518.9096187291167,Gene 27,30
167.99752537614023,528.2995371356387,Gene 27,30
170.71416668244746,520.742489605935,Gene 28,30
171.1690838490879,531.5628422704024,Gene 28,30
171.30993590549355,532.9341013846729,Gene 28,30
171.13168595351968,530.4098173387289,Gene 29,30
169.58692652343024,528.1043782884658,Gene 29,30
168.42543086796044,531.7270028043092,Gene 29,30
169.80903355439244,534.2475742009757,Gene 29,30
170.6009813904946,521.7856458374644,Gene 29,30
170.72568644832188,522.6911551434056,Gene 29,30
170.86679333006424,520.9400395202123,Gene 29,30
170.54783720907903,520.3320580237817,Gene 29,30
169.2134518816121,527.1452364321265,Gene 31,30
169.7160978530093,536.7958249038968,Gene 31,30
169.81780296135335,517.4267050689987,Gene 31,30
170.4277240578136,518.8690365529646,Gene 32,30
169.9140893333976,532.7228120988073,Gene 32,30
169.72999684388986,520.9449649934103,Gene 32,30
169.51962618315048,530.5245408918537,Gene 32,30
167.9237203151722,525.0073215492087,Gene 32,30
170.8737205919283,532.360815793968,Gene 34,30
169.37539045906382,535.7684827347282,Gene 37,30
170.16612553505578,532.9449191413123,Gene 37,30
170.63531384607003,519.0947872250862,Gene 37,30
170.4981494927946,535.4061094544246,Gene 37,30
167.85406083350722,527.2452669574736,Gene 38,30
171.45477448393277,523.8529965832839,Gene 49,30
106.98897557075534,539.2854211487563,Gene 4,31
104.72329920622866,530.3963771326507,Gene 4,31
106.71639318397831,528.564445473603,Gene 4,31
102.76020757404349,534.4583890035883,Gene 13,31
102.80583591300123,535.0900944433872,Gene 19,31
103.37079808542421,537.8713261263889,Gene 19,31
107.25759106237129,536.0553906428929,Gene 19,31
104.47286013437163,535.9843546091906,Gene 22,31
106.07222310656367,529.0096490613479,Gene 26,31
104.2169501791247,543.5407520652674,Gene 26,31
104.95633745293033,542.2134110209241,Gene 27,31
103.32424106639476,542.2353515801159,Gene 27,31
107.11018799835547,534.2371772995886,Gene 27,31
106.44464318636572,536.9530737498675,Gene 27,31
102.83029934301321,539.4632727132948,Gene 27,31
107.09732840764617,534.2496631648154,Gene 27,31
107.60228385990713,536.6702192989125,Gene 27,31
106.7047078013705,534.0006998734366,Gene 27,31
103.10398532614079,534.4769106465878,Gene 27,31
106.59832580912303,541.6190148945756,Gene 27,31
105.25434391848205,528.8970271303984,Gene 28,31
107.58376781437481,533.4627341702966,Gene 29,31
102.76840681061583,530.8215798042402,Gene 29,31
105.4541029316519,528.8093161480814,Gene 29,31
106.46372957782441,531.572362137036,Gene 29,31
105.1212527952125,530.026083580134,Gene 29,31
102.71881772232501,533.6775722215217,Gene 29,31
105.98887431244654,540.1841150477244,Gene 29,31
103.76260926449334,540.8307887411199,Gene 29,31
104.28728995541624,533.3654770716965,Gene 30,31
106.24689895693908,540.560121913888,Gene 30,31
106.13650259245478,533.5116024617804,Gene 30,31
104.80528628936344,532.1186679396362,Gene 30,31
106.26332075387623,535.7542600052969,Gene 31,31
107.6733168560462,533.3635934787529,Gene 31,31
107.01096893340353,542.0381967494933,Gene 31,31
106.4682005775867,539.339547242725,Gene 31,31
105.4006226100406,526.9287260829288,Gene 32,31
104.12982222449446,542.9073465477014,Gene 32,31
103.82413947176363,537.2104136529149,Gene 32,31
103.5022673949126,533.8082651292112,Gene 32,31
102.65596273592648,534.999387785828,Gene 32,31
104.82238448996792,540.5623915872529,Gene 32,31
106.98785295829495,541.2962967716948,Gene 33,31
103.9528855984047,539.3906405076496,Gene 33,31
103.80053985293954,541.2968586449292,Gene 33,31
103.40743955413528,540.707855979664,Gene 35,31
104.75668426927555,539.8973575168404,Gene 36,31
107.10872383731602,534.9357523565214,Gene 37,31
102.54625207847437,537.4127879652673,Gene 37,31
103.50000233785528,538.5683537999587,Gene 37,31
105.26884634969093,528.6924645734223,Gene 37,31
120.59576583882412,541.184190293505,Gene 19,32
123.20581337867264,541.9048607952258,Gene 22,32
112.7796705897764,539.0464174612498,Gene 26,32
120.35775096157263,541.1596591083398,Gene 26,32
117.04027687900815,539.8347509102406,Gene 27,32
122.51492338594267,542.4850780609987,Gene 27,32
121.56676009400555,543.9336329874288,Gene 27,32
114.54703816151932,544.6474509241147,Gene 27,32
117.96282374914593,543.5631933089554,Gene 27,32
117.26481872887064,544.7944300695634,Gene 27,32
120.13988784959945,537.8589362021513,Gene 27,32
110.92030112933342,538.9656599050229,Gene 27,32
119.3638462842095,539.4382560187764,Gene 27,32
122.47223619844245,539.226004437954,Gene 27,32
117.88032561687363,538.7563486014132,Gene 27,32
111.38972435714052,539.9117266176065,Gene 28,32
117.36953352502725,538.8622471969086,Gene 29,32
113.4663432021513,541.6234713034727,Gene 29,32
118.58984532057671,538.2119911478356,Gene 29,32
119.32621416845436,542.9061296535544,Gene 29,32
112.84791347213101,543.2178817481299,Gene 29,32
119.03742878296872,539.8089188997257,Gene 29,32
120.05737411565352,541.8124821331528,Gene 29,32
121.15649995854783,539.5903018661786,Gene 30,32
121.06492697438323,540.1961226637922,Gene 30,32
119.05867469570292,542.4979808586833,Gene 31,32
110.8597780940615,539.2005107086462,Gene 31,32
110.12451084481697,543.0580267928814,Gene 32,32
114.01673166231019,539.9273076403143,Gene 32,32
117.02957229664801,543.2825106005688,Gene 32,32
113.2711266995302,542.986863208001,Gene 32,32
114.16768694191975,540.8553105908331,Gene 32,32
115.45636887476326,539.7815378842172,Gene 32,32
110.80527986954273,543.0764530796703,Gene 32,32
120.23186562322064,544.4140385168697,Gene 37,32
120.5281722268738,543.1957370392453,Gene 37,32
124.04201842533828,528.0231307081227,Gene 4,33
125.20287943840066,532.985123953779,Gene 4,33
123.64950651744626,540.942081702007,Gene 4,33
123.82454434969999,534.5580775990871,Gene 5,33
124.76507220387553,534.4403774394848,Gene 19,33
125.03055648496047,534.1723125343901,Gene 19,33
124.02207388382699,546.5756954578002,Gene 22,33
124.59109168549661,545.0878399175389,Gene 22,33
125.16497514644821,545.5065313164209,Gene 26,33
124.80367396502163,529.1861492285285,Gene 26,33
124.68884522508935,526.2095751909455,Gene 26,33
125.080326173344,538.1015980316093,Gene 26,33
125.1752832109134,536.5892465030731,Gene 26,33
124.6129557599181,542.0143689104191,Gene 26,33
125.00041529691275,532.7751611217262,Gene 26,33
123.6894631914476,543.6876816056815,Gene 26,33
123.9911705624248,533.828403726861,Gene 26,33
123.61496439076814,536.6951187323224,Gene 26,33
124.06338393095027,544.8957936570382,Gene 26,33
124.85213509768921,544.0246509783997,Gene 27,33
125.35987010143452,532.4837978743363,Gene 27,33
124.958887514686,529.1269127469945,Gene 27,33
124.71081196582153,527.3236343224697,Gene 27,33
124.21183852492793,531.006965966727,Gene 27,33
123.93219269783299,534.5038772857442,Gene 27,33
124.5577624308014,547.08361103124,Gene 28,33
124.42511547962607,542.4184351415881,Gene 28,33
124.1284831767083,531.1592904523707,Gene 28,33
124.89727185196332,539.5760892081203,Gene 28,33
123.92992066908225,536.2097256481088,Gene 28,33
123.61741739264674,544.6739201791609,Gene 29,33
124.78446844612806,530.5380315750635,Gene 29,33
124.53044355386561,547.8707721031424,Gene 29,33
123.69211307104902,529.7906732106587,Gene 29,33
123.88124860644302,534.26151654056,Gene 29,33
124.10371731595647,530.6132341832065,Gene 29,33
123.29734373147124,535.0988135937694,Gene 29,33
125.20238096912723,532.0690745443508,Gene 29,33
123.51925274790779,542.5873965534157,Gene 30,33
125.34590252021619,537.4151461616262,Gene 31,33
123.75544947383582,539.4079570760139,Gene 31,33
124.74101518744445,534.8024352975156,Gene 31,33
125.22549530222689,541.0803195096751,Gene 32,33
123.9942091673401,533.0630003332791,Gene 32,33
123.3652176619237,539.1022283519322,Gene 32,33
124.3096555059252,527.5807265602454,Gene 32,33
124.2326848622996,541.6437252813583,Gene 32,33
124.26414065127064,542.8911915191331,Gene 32,33
124.48140753873447,526.5654322541915,Gene 32,33
123.68796315553334,536.0818209337401,Gene 32,33
123.53370207518981,531.1161080921655,Gene 32,33
124.11551412283778,538.1636169465615,Gene 33,33
123.71115662659001,536.8445709417437,Gene 35,33
125.17720884777037,532.4235381810164,Gene 36,33
124.21843507206803,541.0867616474221,Gene 40,33
131.56819219625467,539.4055755790629,Gene 5,34
131.54539481272602,529.6212407396899,Gene 19,34
131.40154115268578,536.3631845693425,Gene 22,34
131.85486474929408,530.2607470485244,Gene 26,34
132.4236235771384,527.4656076221839,Gene 26,34
132.6706440808619,542.0453720960717,Gene 26,34
132.8862734995134,537.1971855566155,Gene 26,34
131.51174953820265,530.3619333308678,Gene 26,34
131.82715388374254,531.0335672758891,Gene 26,34
131.42567060809603,533.5508011101742,Gene 27,34
131.48333329618237,537.1671273221656,Gene 27,34
132.74782378601543,535.0688625873286,Gene 27,34
132.8821392490448,540.0225129631303,Gene 27,34
131.47276221225135,540.2288994231233,Gene 27,34
131.9149350129629,546.2740342104067,Gene 27,34
131.7544904742474,528.0355502790877,Gene 28,34
132.64847504157933,542.8875817449072,Gene 28,34
132.27218538199102,531.9061828579767,Gene 28,34
132.7497754832976,532.1756305810844,Gene 28,34
131.90875894845414,529.2199296355242,Gene 28,34
132.30187452220886,529.1054796771009,Gene 28,34
131.5048660499347,541.3182392029652,Gene 29,34
132.91314424032413,531.4227062574286,Gene 29,34
132.70951839318144,538.7921564087175,Gene 29,34
132.30135093538752,532.124568532668,Gene 29,34
132.02051755269466,542.560783082257,Gene 29,34
132.64593416893752,530.203807298471,Gene 30,34
131.26394979465675,536.1858413672978,Gene 31,34
132.6475299635385,542.1985079049056,Gene 31,34
132.03268495717722,544.0442073404402,Gene 31,34
132.95567378408586,532.4223663945918,Gene 31,34
132.95161595834796,535.0804618321085,Gene 31,34
131.2990107929023,534.4673736937508,Gene 31,34
132.54336128113087,545.752274320204,Gene 32,34
131.82813249908781,527.979782046335,Gene 32,34
132.73295402854163,540.6042513999678,Gene 32,34
132.43873276236644,531.804785069523,Gene 32,34
132.12780134499178,535.8667613693439,Gene 32,34
131.9296673039498,531.3311653390867,Gene 37,34
131.48652065406688,529.2310907278151,Gene 37,34
131.2795705179994,534.1599387641342,Gene 37,34
132.21701047009515,541.1146601241,Gene 37,34
131.9747235758679,544.9766561475101,Gene 37,34
146.23489816171298,542.3587811373569,Gene 22,35
145.21316057181951,532.3042339942016,Gene 22,35
144.89968012648765,545.304680040946,Gene 26,35
146.34051536737695,545.2159354220566,Gene 26,35
144.32796016232425,531.9289862169862,Gene 26,35
143.61278229952362,535.7998391101665,Gene 26,35
146.25409592777083,543.5997143161176,Gene 26,35
144.71861433113833,542.8963482542789,Gene 26,35
143.27211609201234,538.5800980757517,Gene 26,35
144.86968418676415,547.794833578576,Gene 27,35
146.57334079562557,537.4433812378362,Gene 27,35
145.66914395299926,530.2134728564948,Gene 27,35
146.76842767537082,541.1436377203825,Gene 27,35
143.9438691019843,536.5017483544747,Gene 27,35
144.23008695814724,530.9632787174818,Gene 27,35
144.15673055479766,540.4299032857666,Gene 27,35
145.4947965594853,531.0281469054703,Gene 28,35
143.64218500900512,532.3404696895503,Gene 28,35
144.12658758182803,544.4563439459334,Gene 28,35
146.01041585877977,532.5351977012558,Gene 28,35
145.61607909497275,537.8704544355513,Gene 29,35
143.29178333486337,536.5257358816151,Gene 29,35
143.56044827538213,543.069541724139,Gene 29,35
143.91062285368116,534.8792024670023,Gene 29,35
143.80192582256117,546.0611601679382,Gene 29,35
144.68505997400192,545.6376630307819,Gene 29,35
143.1668356646884,538.535315995182,Gene 29,35
144.12355345964193,532.5033526770133,Gene 30,35
146.25248631279726,541.4006390525683,Gene 30,35
145.66635313033146,538.6812287686078,Gene 30,35
144.1021313712516,532.4711878121695,Gene 30,35
144.68935288854857,543.4990021686281,Gene 31,35
144.51955624980425,542.4640355200961,Gene 31,35
144.52367872217226,533.893799390552,Gene 31,35
143.55109034505793,531.9647294802518,Gene 31,35
146.31281809019873,533.929566562637,Gene 31,35
144.89208577491775,542.3506721899461,Gene 31,35
144.99040791906597,534.3758353289422,Gene 32,35
143.27108166642907,540.0086059920603,Gene 32,35
143.73142457276128,540.7386580976179,Gene 32,35
146.51916829732585,544.8960602429813,Gene 32,35
143.77125613660093,544.3403674021622,Gene 32,35
144.22635515311714,540.611074928921,Gene 33,35
145.92625545086727,538.9519183235592,Gene 35,35
146.44447230426897,543.8006211105251,Gene 36,35
143.42562538765233,535.8058873611307,Gene 37,35
146.10141083815464,541.8481930970062,Gene 37,35
144.8811500493126,545.1837711990166,Gene 37,35
146.37495872442213,543.9259478534761,Gene 37,35
145.90415337096866,537.294134040348,Gene 37,35
144.38484756223176,547.4083520807318,Gene 37,35
143.5290101101056,535.9689506021627,Gene 37,35
145.2558941679118,532.0233009622111,Gene 37,35
151.66138956361033,547.5322616286876,Gene 4,36
151.90359353241382,535.2658711037391,Gene 4,36
150.88037374273992,538.727941648779,Gene 5,36
149.69277500302903,532.7467908548933,Gene 22,36
150.5344745823947,531.9147194804888,Gene 26,36
149.49400761861483,530.8659221518639,Gene 26,36
151.31645359774555,531.5822470516135,Gene 26,36
151.23432426679142,546.2029290575725,Gene 26,36
151.49014825861047,535.6401773177683,Gene 26,36
149.96105923699105,546.226651942026,Gene 26,36
151.80070255803648,543.5596024547186,Gene 26,36
151.46816306624822,533.1308964241431,Gene 26,36
149.9158801952584,543.6850489723431,Gene 26,36
150.0243584597168,546.6442653379812,Gene 26,36
151.39113991382004,543.109574029471,Gene 27,36
148.70360138804173,538.323646009331,Gene 27,36
150.63035866215574,534.168334439692,Gene 27,36
149.31756667419924,541.9756857860181,Gene 27,36
150.38142078194227,535.0677253653703,Gene 27,36
151.78834731647333,532.8244516508469,Gene 27,36
149.13236616591792,538.7716977260485,Gene 27,36
151.05504339687093,535.1131867654024,Gene 27,36
148.70515873808407,537.9698010548602,Gene 27,36
152.066729086471,534.5989813113072,Gene 27,36
151.92980618011595,536.567560723528,Gene 27,36
149.07261865643923,535.0140444856456,Gene 28,36
149.71365931829536,541.0210727577384,Gene 28,36
151.53505015310418,545.3709956948842,Gene 28,36
148.93137416900012,537.8378371308156,Gene 28,36
149.6469416691498,532.1348676406682,Gene 28,36
151.68078045990524,538.4785195824171,Gene 28,36
149.4441742476583,534.9549404232317,Gene 28,36
151.2353745522775,542.5236576330079,Gene 28,36
150.17396582600387,534.7197886390815,Gene 29,36
152.04778916875935,545.71784256737,Gene 29,36
152.6488911909602,541.9899880618284,Gene 30,36
152.04480858814324,542.4428359815367,Gene 30,36
150.33922840033466,542.0688583861238,Gene 30,36
151.85687739387762,541.6627843061631,Gene 30,36
152.5094703465449,538.8091516286781,Gene 31,36
150.77776856330613,536.0335196829888,Gene 31,36
151.5913692137102,540.9153254807161,Gene 32,36
149.46313735505876,536.4210875033227,Gene 32,36
152.00374943596583,538.6169260443443,Gene 32,36
149.90187409537725,544.7856504982602,Gene 32,36
151.04267925518167,532.5878529299861,Gene 32,36
151.93682972003987,540.9250223144711,Gene 33,36
150.33242504847274,532.3646387865944,Gene 36,36
151.1228960134039,531.4229307653048,Gene 37,36
150.85883388196163,532.8618146802021,Gene 37,36
148.4421340412243,538.775461251104,Gene 37,36
164.81660286781758,531.3937711676465,Gene 4,37
166.27036194091153,546.8093401501997,Gene 19,37
165.33734104329392,545.757810606095,Gene 19,37
166.42248699638535,534.4886065827934,Gene 26,37
165.3408983515885,543.5683997475561,Gene 26,37
164.642054836169,533.7790435058396,Gene 26,37
165.58522777466834,531.6869277836071,Gene 26,37
165.0909131891021,540.2262949016634,Gene 26,37
165.47188188152188,532.67555244171,Gene 26,37
161.96164498356066,541.6277727713206,Gene 26,37
162.7463181706158,540.0469204663451,Gene 27,37
166.19173719640898,544.8034042217251,Gene 27,37
167.7638272909965,533.5413621187082,Gene 27,37
161.82333631686552,540.4015796707148,Gene 27,37
161.76131616601782,540.7452659401758,Gene 27,37
164.40750911336366,545.6172228518521,Gene 27,37
166.8975717911262,534.8882885054853,Gene 27,37
165.28572608143295,534.1379969645426,Gene 27,37
163.10722818639422,539.0247574059933,Gene 27,37
163.03733936647856,541.3819430632271,Gene 28,37
165.34993889937564,546.693442100976,Gene 28,37
162.5171295129759,536.5400566737346,Gene 28,37
165.1717761595916,545.6798395204153,Gene 28,37
162.5774912430077,537.3115282450962,Gene 28,37
165.59529150378268,536.0409674114119,Gene 29,37
162.45818616691218,539.0079988853084,Gene 29,37
167.48956919028015,540.2175029825937,Gene 29,37
167.74768958738855,538.4965732137422,Gene 29,37
166.37500033780512,543.0302771132447,Gene 29,37
162.97595751582472,546.1267698253778,Gene 29,37
162.7331950240562,532.6413966501173,Gene 29,37
166.09235142433934,545.3327513140723,Gene 29,37
163.54339752747543,536.3942701268936,Gene 29,37
162.5351840776518,534.49388848197,Gene 30,37
162.82467457532405,540.6942393004209,Gene 30,37
163.0476366031282,542.9634799371045,Gene 30,37
162.46525316944184,538.2802475146757,Gene 30,37
167.88074930958715,543.5910840884696,Gene 31,37
168.11085363610212,536.693666535267,Gene 31,37
164.45493848982983,533.1097478751041,Gene 31,37
164.45745063495772,536.3093838285614,Gene 32,37
168.0377258457824,539.6434519201003,Gene 32,37
162.23146725243393,544.6227029948608,Gene 32,37
168.27657852270593,537.4131889693933,Gene 33,37
166.1650592511458,538.8666917473516,Gene 34,37
165.65665858353526,535.0295466258796,Gene 37,37
165.72873983271737,532.9807113085295,Gene 37,37
166.99123943772912,534.3449077411958,Gene 37,37
165.8785229264069,545.9376217697373,Gene 38,37
166.19935269903775,533.6914936164527,Gene 40,37
174.07606250154865,534.6364211376282,Gene 4,38
175.39969642035723,540.4210428569364,Gene 5,38
168.79250276931506,536.5572931774226,Gene 19,38
170.11036692864292,540.8300003405166,Gene 19,38
169.3328365479957,534.8987949365454,Gene 19,38
175.4726098675277,538.897030347916,Gene 19,38
171.57616824215833,543.1280673293537,Gene 19,38
173.79325730458226,535.179143806132,Gene 26,38
170.40923447993214,540.1032912127513,Gene 26,38
168.5625765948343,541.3442995028096,Gene 26,38
175.43307111661431,539.2453419934542,Gene 26,38
174.53202627195128,541.6052021663661,Gene 26,38
168.40575637942734,541.7445220741691,Gene 26,38
175.93958225692992,541.6900939430498,Gene 26,38
168.054106399813,537.057692180624,Gene 26,38
174.29123967728282,534.3667161597458,Gene 26,38
174.61457962081536,542.3961188530571,Gene 26,38
169.7170678058292,538.7234136040339,Gene 26,38
170.76203511231844,533.9427752394578,Gene 26,38
168.56033127794583,536.1947633646233,Gene 27,38
168.36280485599437,536.703778430115,Gene 27,38
176.02675305908753,533.8498341283813,Gene 27,38
171.06427761330087,543.035519091362,Gene 27,38
177.1294467068272,539.4174250534057,Gene 27,38
173.45994780372493,534.8782215407604,Gene 28,38
174.78748331413723,543.8556397656482,Gene 28,38
172.34442937221803,533.3050752181799,Gene 28,38
169.5809337863557,536.9361902411599,Gene 28,38
176.0462386635379,539.2887374741687,Gene 29,38
170.7863417392938,536.1458824495729,Gene 29,38
175.7091286781693,534.0702615167623,Gene 29,38
168.27000235916185,540.4498087739877,Gene 29,38
171.24966419504932,543.6033415011383,Gene 29,38
176.88347162039082,541.793071745021,Gene 29,38
174.97931972704055,542.3039772626095,Gene 29,38
171.12012183041702,532.1685514013342,Gene 30,38
171.12301033058267,544.5023633465329,Gene 30,38
176.7635572401095,533.9063505305602,Gene 31,38
172.98789642386544,540.9170635634491,Gene 31,38
175.95843960889536,534.5627453001583,Gene 31,38
171.43029376617088,534.5945908395479,Gene 31,38
176.08677657402922,537.7518641836745,Gene 31,38
175.6623265030287,542.871319972327,Gene 32,38
168.57578516898045,537.7775313812265,Gene 32,38
176.2787690513209,540.7433943615091,Gene 32,38
170.4754191939279,539.9986859451885,Gene 32,38
172.07947751259707,531.5220821518963,Gene 34,38
176.7083733884576,536.7668310188756,Gene 37,38
173.66988951265432,533.3085722732376,Gene 37,38
108.71372645380526,544.3840771332651,Gene 5,39
107.4508635973478,543.7699775099181,Gene 13,39
109.92611822795187,543.388352141242,Gene 19,39
107.25863381270923,549.5209881645492,Gene 19,39
105.68190887122506,549.733133370531,Gene 19,39
107.21675565856734,546.4622303112773,Gene 19,39
108.30763637320676,552.2742211017654,Gene 26,39
109.75812312410241,546.8474185711776,Gene 26,39
108.4729581636653,540.4277560102202,Gene 26,39
108.23310333203304,555.8941717777333,Gene 26,39
108.18640832921588,553.300137805431,Gene 26,39
106.36027478611742,551.9568990551129,Gene 27,39
106.57224619246475,554.2810098255978,Gene 27,39
108.95543339339568,548.0112053946114,Gene 27,39
106.70804527661139,539.4599977850171,Gene 27,39
107.20171414366509,555.2385332872238,Gene 27,39
107.17959706952435,550.7621147233821,Gene 27,39
107.4941596372614,555.3468839669794,Gene 27,39
109.26893398913826,547.6394974126747,Gene 27,39
106.53005305303996,543.1239631243355,Gene 28,39
109.82776637438018,550.0481487828835,Gene 28,39
109.52496079716114,550.5326129440045,Gene 28,39
107.0791246839235,554.2498478639117,Gene 28,39
108.42808648363219,551.9453715468032,Gene 28,39
106.99013079387498,553.9161659304158,Gene 28,39
107.4244372270565,545.0228386509436,Gene 28,39
108.96733082298947,548.0977424850986,Gene 28,39
107.581237866702,554.9521785589986,Gene 28,39
106.93105087039086,551.657640303476,Gene 28,39
106.59753000878457,542.903644446408,Gene 29,39
106.44249681022546,542.592056841098,Gene 29,39
109.3768718707746,543.7769139476787,Gene 29,39
107.0473068361626,538.9946722122195,Gene 29,39
109.08562539046524,551.2993472914493,Gene 29,39
109.2442622763864,550.5816971907665,Gene 29,39
109.01400020799638,547.7693362004063,Gene 29,39
108.71669282411054,554.168630448717,Gene 29,39
108.96226370772033,549.9009113575104,Gene 29,39
107.81639036320443,537.5624650055132,Gene 30,39
108.64647185935836,552.9085491442708,Gene 30,39
109.18948645424425,540.6608341654047,Gene 30,39
106.24870307081959,548.0400873034406,Gene 31,39
107.87852457545446,540.312069394452,Gene 31,39
106.66410054719859,548.6860513064286,Gene 31,39
109.73361865370941,541.9386175882172,Gene 32,39
108.84799537186942,544.9741371988257,Gene 32,39
109.3661372604584,549.1591584314099,Gene 32,39
106.68593612588847,553.306089225772,Gene 32,39
109.1338016226408,540.3770765910709,Gene 32,39
108.98263624668604,548.6715305387768,Gene 33,39
109.33748736661775,540.3759800975042,Gene 37,39
108.64517490328133,539.6458810993347,Gene 37,39
107.65354160014991,552.0387242706333,Gene 40,39
118.34145906218643,548.246203752254,Gene 4,40
117.52638291906707,557.2989406304413,Gene 4,40
117.29367751574767,557.0647585180535,Gene 13,40
118.79715603489687,546.3279195152867,Gene 19,40
118.47475418779665,546.3467615599462,Gene 26,40
116.9462289449021,554.3008119700326,Gene 26,40
117.85704686145895,543.9925426168649,Gene 26,40
115.93871188874841,548.2164845782506,Gene 26,40
117.5283840013832,558.9672395756722,Gene 26,40
118.19091382929021,552.0102787162326,Gene 26,40
116.92696080129821,541.2929852428152,Gene 27,40
117.83004656453916,550.4081610260738,Gene 27,40
115.81597038242073,554.402962443569,Gene 27,40
116.83617085637538,549.899477313482,Gene 27,40
117.95744134491645,555.808934199718,Gene 27,40
118.52364119269276,554.1176520507549,Gene 27,40
118.04734164347663,547.5706842420215,Gene 27,40
115.7162658745543,547.8943246307189,Gene 27,40
115.30432246514577,549.6074368402171,Gene 27,40
116.79888993022698,541.1739112465311,Gene 28,40
116.2489157517161,549.0875689777607,Gene 28,40
118.68315464918578,549.8384792521729,Gene 28,40
116.53750371301015,555.8827574670474,Gene 28,40
116.27148410326032,546.1182208029843,Gene 28,40
116.68305878485896,545.1744725225202,Gene 28,40
116.59507159001946,541.1353916297105,Gene 29,40
118.16119269528338,542.0827851568415,Gene 29,40
117.67048013365317,552.9533009376925,Gene 29,40
118.76648375259646,553.4821144177212,Gene 29,40
118.55016138105213,545.732960575916,Gene 29,40
117.77694966606315,553.31517442805,Gene 29,40
117.10225816526747,543.1499113617176,Gene 29,40
116.0514296613794,542.9465270440127,Gene 29,40
118.51723038807228,543.0119342957174,Gene 30,40
117.9761186083059,548.00535377755,Gene 30,40
116.38232339265905,555.1131542396845,Gene 31,40
118.53546845753257,551.877544131671,Gene 31,40
117.60436965221271,556.3373541479934,Gene 31,40
118.31155290078385,555.9990920730543,Gene 31,40
116.29466002598647,558.0018155612341,Gene 32,40
117.24435012594722,544.8558925323337,Gene 32,40
117.52230276383153,543.9719648497558,Gene 32,40
118.40827895667681,548.7893183270454,Gene 33,40
116.56468209822218,554.751451921591,Gene 35,40
118.46463827836716,543.4177651141856,Gene 37,40
117.5033269858515,539.4990363683228,Gene 37,40
117.84056892528409,540.2557025508937,Gene 37,40
117.8505612878705,540.1551593022552,Gene 37,40
117.15641960779644,543.9670597707872,Gene 40,40
132.97353524175753,548.8815644430647,Gene 19,41
126.5917074304398,546.6093420103296,Gene 19,41
127.22055786841733,541.1207998271312,Gene 22,41
124.78786558550094,543.630391209478,Gene 26,41
131.54217960639943,539.4251129354512,Gene 26,41
125.26354629438381,545.1399904174352,Gene 26,41
127.14791032974708,547.7117027361943,Gene 26,41
126.73492394014762,545.100616783905,Gene 27,41
128.1801748735464,548.669928763369,Gene 27,41
134.74647077199435,544.295659109026,Gene 27,41
132.35629386707876,546.1480131526058,Gene 27,41
126.13716438043387,541.8239175072297,Gene 27,41
128.63444998404077,549.0852038132956,Gene 27,41
129.5277864987383,538.1394371059354,Gene 28,41
126.563926688518,544.3102009037798,Gene 28,41
126.16224835409915,548.4533591764712,Gene 28,41
129.04623639895047,549.3677539054086,Gene 28,41
130.76636456147668,549.358260072283,Gene 28,41
132.48431202472528,542.883766752203,Gene 28,41
129.3974083331257,538.9264376606543,Gene 29,41
130.44671669983245,548.9501944343131,Gene 29,41
133.50409638209922,541.1357828792536,Gene 29,41
131.88672352057094,538.8978471810036,Gene 30,41
127.63179110650519,542.7798900871652,Gene 31,41
128.23325476505292,542.9093573615952,Gene 31,41
127.20191069110948,550.7078064076911,Gene 32,41
127.84939591393876,539.4996880261841,Gene 32,41
131.62056178068366,539.9022144714077,Gene 32,41
128.76471049496405,539.7576051880641,Gene 32,41
128.2562477458735,542.731479892338,Gene 32,41
128.79815000117887,550.6026646473016,Gene 32,41
130.2601888645656,539.9313193439561,Gene 33,41
129.37492058701437,551.1225039921968,Gene 33,41
131.6011645712482,541.645494212314,Gene 36,41
133.3329345971401,547.0364583501088,Gene 37,41
133.89467277380592,547.522243953677,Gene 37,41
127.07569187795329,547.9420036926678,Gene 37,41
137.10551843834853,548.023563971967,Gene 4,42
135.91034614155376,540.9083351259486,Gene 22,42
138.49489682260776,549.29908446162,Gene 22,42
136.2794011091155,545.1054303932867,Gene 22,42
136.72566532965138,541.7062755189384,Gene 26,42
140.75253298074895,538.8985225793325,Gene 26,42
135.9588300836335,542.5170561342217,Gene 26,42
135.02468678804354,547.2414013489451,Gene 26,42
140.07777549305018,542.850726693508,Gene 26,42
141.84093607241536,545.563520191921,Gene 26,42
142.1885892905602,544.3876003923378,Gene 26,42
136.57040938775776,538.9806081280317,Gene 26,42
140.5619370067785,539.7505374953727,Gene 26,42
139.10452513383137,548.1731773172343,Gene 27,42
135.73507825437486,539.4073184072785,Gene 27,42
141.9348952605235,540.6240719103588,Gene 27,42
141.00206615166604,545.89157454773,Gene 27,42
136.12545185650072,542.1134760861581,Gene 27,42
135.07396882296493,545.1144420894732,Gene 27,42
136.16183448412767,548.1811842660411,Gene 27,42
140.2503387052682,547.7635592529336,Gene 27,42
141.6671540454583,548.2355165724717,Gene 27,42
139.8757071192885,539.0698264703424,Gene 27,42
136.85985758049986,548.5144485026597,Gene 27,42
139.5531349827516,549.2417144046556,Gene 28,42
143.21517941629943,541.2250255240186,Gene 28,42
136.7730210854351,539.8331501987115,Gene 28,42
139.77317228208304,540.5642854896944,Gene 28,42
139.9061171472857,548.3846841129103,Gene 28,42
141.3703609230026,546.8883645221365,Gene 28,42
135.14232875702777,546.6258211821918,Gene 29,42
141.17461213366633,546.9614151283788,Gene 29,42
137.38395097587664,544.2334338507761,Gene 29,42
141.30059016044507,546.9756371203954,Gene 29,42
139.2511248000875,550.8944814272472,Gene 29,42
143.93260956129913,544.7508824576179,Gene 29,42
141.79813869723827,548.3637887765228,Gene 29,42
138.76798586673462,546.5094403776002,Gene 30,42
139.22458905379423,549.2568942351716,Gene 30,42
139.7322400806761,549.6826166208042,Gene 31,42
138.95717447757556,545.7219803111649,Gene 32,42
139.31010161737044,537.6437266022749,Gene 32,42
135.76958058164794,542.9654171175039,Gene 32,42
142.67918588075915,542.2152208189323,Gene 32,42
137.80647769367897,544.2258535791134,Gene 32,42
135.60856289896603,542.640789510409,Gene 32,42
143.94409572438775,543.9074354582137,Gene 32,42
141.08512445032574,541.2845583387289,Gene 37,42
139.44134571689918,539.289955612303,Gene 37,42
138.1640107616452,538.8165954612485,Gene 37,42
141.9282320347601,549.2291482593133,Gene 37,42
142.8986075142973,546.5185246627857,Gene 37,42
150.53895080949835,554.8566926260174,Gene 4,43
147.6188113564588,550.8938522906274,Gene 4,43
149.32849184709383,545.520155152079,Gene 5,43
147.98028840717572,545.3380331027499,Gene 16,43
150.0081841468563,548.0345107051683,Gene 19,43
149.8709137170743,545.3089442862921,Gene 26,43
149.10327234839107,557.0560510822833,Gene 26,43
149.08462789033777,541.6996509126659,Gene 26,43
149.1178304758117,539.5007396560974,Gene 26,43
147.55975215148825,549.0659389109187,Gene 26,43
148.2931951687413,545.5047762138145,Gene 27,43
149.40070681356542,544.072612498534,Gene 27,43
149.89391924645426,538.1456879184751,Gene 27,43
149.91832432337932,555.5850595586804,Gene 27,43
148.02565481058,554.3538536320851,Gene 27,43
148.93152763698993,549.718303224794,Gene 27,43
150.49883082999136,548.1201428879135,Gene 27,43
148.14599132794186,549.6597484296284,Gene 27,43
148.25976710861784,553.6107286020143,Gene 27,43
147.68852003373723,549.0626469620821,Gene 28,43
149.64890688950456,544.4226854972467,Gene 28,43
150.03023005816837,545.9346459961521,Gene 28,43
148.3390889062111,544.1138283725759,Gene 28,43
148.0705810307107,540.2584353771838,Gene 28,43
148.2459639398793,542.2448146800305,Gene 29,43
150.44932212678165,549.7079104303349,Gene 29,43
149.4470236225376,548.1477808106795,Gene 29,43
148.7010894379992,540.3686734316714,Gene 29,43
150.6338096274252,543.8050624369581,Gene 29,43
150.16235762226506,544.6963702471494,Gene 29,43
148.32430829539496,549.7516795380994,Gene 29,43
149.92775518755226,556.4328135138584,Gene 29,43
147.9296345662667,540.0048118667795,Gene 30,43
147.98363787890813,553.0232406089009,Gene 30,43
148.14991541146668,542.8173375376643,Gene 30,43
148.22952411567567,555.4641418794816,Gene 30,43
149.08274481242108,545.2176918015643,Gene 30,43
150.73829223332368,545.5149250340284,Gene 31,43
149.59460450603063,552.165595501616,Gene 31,43
150.1232358478723,548.9439943760586,Gene 31,43
148.34572663420695,555.7533557657397,Gene 31,43
149.42516890287686,543.1918927657916,Gene 32,43
149.72336190262493,553.6420159610137,Gene 32,43
150.55026882894026,552.2490189951151,Gene 32,43
147.81039758229235,547.63729041782,Gene 32,43
150.25534298302054,554.7920819576727,Gene 32,43
150.80673351457673,551.721933287673,Gene 32,43
150.38576977136742,541.4557537520486,Gene 32,43
149.74187673893408,543.4625400437706,Gene 33,43
150.8132252914521,552.445079067093,Gene 33,43
150.89904431669686,545.5770773873527,Gene 34,43
149.2582417903862,551.8210445436184,Gene 36,43
149.7180848595709,554.0149061854503,Gene 37,43
149.89757946609967,540.8844810324484,Gene 37,43
149.82989156371528,553.8021616230261,Gene 37,43
149.72472442018298,544.304271809953,Gene 37,43
149.7035776819447,556.9320170851146,Gene 37,43
150.76414918476604,549.4923230820043,Gene 38,43
163.65467158077234,545.6663547462076,Gene 5,44
169.2008161369265,547.893518669392,Gene 19,44
168.11054267174717,550.7781832763743,Gene 19,44
170.10144948273478,548.3994270931911,Gene 26,44
164.44112677349233,551.1010294763155,Gene 26,44
165.53995066933592,541.8885734926936,Gene 26,44
165.18122755018888,553.426074828542,Gene 26,44
168.785831930571,549.8056541606184,Gene 26,44
168.7094885221464,550.2783895342486,Gene 27,44
163.82696120791576,545.9907151786314,Gene 27,44
168.2947909016374,550.5976538572136,Gene 27,44
162.17043562781492,546.9950055274511,Gene 27,44
162.41791892019535,549.5394866547881,Gene 27,44
164.32174639012567,553.8387574274575,Gene 27,44
169.63177350655644,547.2689610347397,Gene 28,44
163.37434510471513,551.3231608019416,Gene 28,44
165.38856581285765,544.8277964169545,Gene 28,44
167.37386741488214,542.1558036061842,Gene 28,44
167.48526362058342,542.159803002661,Gene 29,44
162.4771822969716,546.4135772457008,Gene 29,44
162.85168559337527,547.974896079473,Gene 29,44
168.40242213559168,543.8241995583185,Gene 30,44
166.47527689000503,548.520876334793,Gene 31,44
167.2842376884162,547.9249440127805,Gene 31,44
168.68231470081474,552.1600948135441,Gene 31,44
163.46836875305698,552.7797398374889,Gene 31,44
161.58435529966243,550.2335400423763,Gene 31,44
163.1240391391679,541.6153087245344,Gene 31,44
168.93703999351797,545.048161059742,Gene 32,44
163.30874314350797,548.649041533754,Gene 32,44
168.2751894545695,541.9106721121584,Gene 37,44
164.5953571844604,545.4154697596525,Gene 38,44
169.50371374426328,545.9877803349625,Gene 40,44
163.74792496955092,548.1056826972427,Gene 49,44
171.59676351054102,545.5533504864387,Gene 5,45
169.16168350036753,552.7806211780847,Gene 19,45
169.98987925083986,540.6624866163207,Gene 19,45
172.4910614587774,546.041567889843,Gene 19,45
168.85763286107826,549.6608053284932,Gene 26,45
170.24383387003394,541.0438927447607,Gene 26,45
171.70730269641354,550.9362197258916,Gene 26,45
171.13567085221376,551.6624044905782,Gene 27,45
168.54098605814818,552.0226206367066,Gene 27,45
169.5695963934492,554.1100477080345,Gene 27,45
170.9995375277673,553.1836627050074,Gene 27,45
168.52403431982097,542.3282031909428,Gene 27,45
168.53621918241848,545.2287297700888,Gene 27,45
173.86360789672986,549.1006791060335,Gene 27,45
169.27379209440332,541.4759014013373,Gene 27,45
173.81873300561503,547.3934007634525,Gene 27,45
170.73326670311565,553.3821978313101,Gene 27,45
172.32429065085392,542.6729932580454,Gene 27,45
173.5055500644959,544.9302711582808,Gene 28,45
170.71771498509952,552.346555020659,Gene 28,45
169.7386800560673,554.4079512236784,Gene 28,45
168.1023990782388,548.5716697841539,Gene 28,45
170.70471982995892,542.4709611704268,Gene 29,45
172.9268313661301,553.420386206566,Gene 29,45
172.691973008184,541.5218102336652,Gene 29,45
167.0506705187245,548.7843169735222,Gene 29,45
173.58034668648548,544.652554101331,Gene 29,45
172.6489518233653,543.1927129979189,Gene 29,45
168.8128856380111,552.8978124007676,Gene 29,45
167.01407807064163,549.9630849158622,Gene 29,45
170.7693976986524,545.9105895452806,Gene 30,45
174.04590932945968,545.2855699401449,Gene 30,45
166.8745221711743,549.2495795894648,Gene 31,45
169.1885049732375,541.0934652097525,Gene 31,45
167.58672652921896,545.2949720012193,Gene 31,45
167.1705431332455,546.5738218451648,Gene 32,45
172.41166900088515,553.0055143050579,Gene 32,45
171.51983457764007,544.3093854793427,Gene 32,45
168.88396736906324,545.2471353307311,Gene 32,45
171.80260189372518,553.565033098566,Gene 32,45
168.4128115085727,550.3546710990964,Gene 32,45
173.4939911761578,550.9720312750367,Gene 37,45
167.36877614196533,547.7758928408778,Gene 37,45
170.06580845634966,555.0685320683835,Gene 37,45
172.9740685515663,543.2573784654791,Gene 37,45
171.24796535719446,542.9432514683587,Gene 38,45
176.2380693770115,538.5021807950285,Gene 4,46
177.98126388492923,543.8866450748296,Gene 5,46
177.20576398139244,536.729101110876,Gene 19,46
176.07615910573804,549.317527734186,Gene 19,46
178.37817085636547,551.9107243341349,Gene 26,46
176.96414758761398,551.8292986843227,Gene 26,46
175.05263711972478,540.8305254197853,Gene 26,46
175.8399866361492,544.9345698662685,Gene 27,46
178.6018529811006,540.878290638749,Gene 27,46
177.75099328458575,540.4429673958932,Gene 27,46
176.6847576624887,550.6754461422842,Gene 27,46
174.78324454983607,547.2152523186392,Gene 27,46
178.21407544271088,540.3760781040545,Gene 27,46
176.06219899191424,548.3848609992616,Gene 28,46
174.8342633196981,541.2204059835537,Gene 28,46
177.32789684487457,538.1577663760903,Gene 28,46
178.00338654832277,541.2361043048921,Gene 28,46
174.974881056516,544.2978899696294,Gene 28,46
174.86098723771127,542.8556776556643,Gene 28,46
178.67046145659052,545.6622006718777,Gene 28,46
175.23533064361231,539.9351926279381,Gene 29,46
178.43681059588434,547.5267660533403,Gene 29,46
176.42283032590763,538.7455187527561,Gene 29,46
176.7274706677624,538.3763506050925,Gene 29,46
177.96107723490653,540.4092077092462,Gene 29,46
177.05900901351575,550.9769214799733,Gene 29,46
174.97198006791584,550.0761326142374,Gene 29,46
177.06760579346832,552.7343034407181,Gene 29,46
175.67955130227907,539.3362751292659,Gene 29,46
175.52654678297205,547.6202134154083,Gene 29,46
177.0983868828454,552.3352659479336,Gene 30,46
175.34464945620027,538.9555021801651,Gene 31,46
175.1160985711548,548.391229950689,Gene 31,46
175.08445493933925,540.519997390847,Gene 31,46
178.2023631432468,540.654176922469,Gene 31,46
176.61070583090105,552.5536637152318,Gene 32,46
178.87111664631288,547.8666063711311,Gene 32,46
175.12590620036863,549.2305187107362,Gene 32,46
176.0936610790652,549.7561542111982,Gene 32,46
175.18311349996225,548.5149465978894,Gene 32,46
177.1399098681653,544.9242528338649,Gene 32,46
174.89324801768618,543.8337267430662,Gene 32,46
177.1985940502355,540.1694846575197,Gene 33,46
175.3789702746239,537.3752715806531,Gene 34,46
175.63892351158356,542.7457158133107,Gene 37,46
175.43776279282085,546.1077976688858,Gene 37,46
176.37298178789743,542.2980857584816,Gene 37,46
176.9602908690327,541.1041753969749,Gene 37,46
174.8076898099863,540.4200481855372,Gene 40,46
103.31864077660079,558.0439403560905,Gene 4,47
106.72315046439917,563.6841501883251,Gene 4,47
106.210106370007,559.6894310920445,Gene 5,47
108.00777839138864,553.8152861038803,Gene 13,47
105.68064472043896,561.920033087909,Gene 19,47
107.27897148529831,551.2192592473561,Gene 22,47
105.19455163098233,549.610125435107,Gene 26,47
104.98411534176768,556.362808368372,Gene 26,47
108.18501284961435,556.3021727763094,Gene 26,47
104.25699918923263,559.4207016949347,Gene 26,47
104.92363954090435,548.2178534716219,Gene 26,47
103.6987416992742,559.4087101006832,Gene 27,47
104.14167195073715,555.1976144117307,Gene 27,47
107.35826876416249,554.6155619460823,Gene 27,47
103.71830680691849,560.4854978818125,Gene 27,47
104.65737383041477,558.0083118036247,Gene 27,47
107.34964685601292,549.8667769866466,Gene 27,47
103.71047040024868,555.146347773035,Gene 27,47
105.83924609406264,550.420352031371,Gene 27,47
103.55600151805163,553.2745646836214,Gene 27,47
104.78751807662869,552.2201200544841,Gene 27,47
104.23048144645205,555.4624330684029,Gene 27,47
106.09548827421114,552.9112610229768,Gene 27,47
105.39795250842086,547.9079842853434,Gene 27,47
104.61172843233221,556.576384044254,Gene 27,47
108.05916329402785,555.7961983737526,Gene 27,47
106.35085754231126,558.5301784914868,Gene 28,47
107.36134291646161,551.3664124233698,Gene 28,47
107.1041895705201,554.7573323759133,Gene 28,47
104.6232880270442,555.4782732621644,Gene 28,47
107.47382514996731,562.7346122183659,Gene 29,47
104.13903779212468,553.8873536248582,Gene 29,47
106.18452579899251,559.8597420948984,Gene 29,47
106.06744771382698,557.8330295521041,Gene 29,47
105.88452844884738,548.1634666610619,Gene 29,47
108.12633339567674,559.2504886754732,Gene 29,47
106.64283821654789,561.312471917858,Gene 29,47
104.14313486185743,559.2759866187495,Gene 30,47
108.04584112483761,555.7803294540029,Gene 30,47
107.73396465460407,554.0709797225678,Gene 30,47
107.63810902703993,558.4216769526001,Gene 30,47
106.86287400506365,550.4668810018815,Gene 30,47
107.88498090644093,559.4553076225656,Gene 31,47
107.71301779982831,557.1153841259958,Gene 31,47
107.4510511848734,561.3962858051614,Gene 32,47
106.93671407173656,561.7424276906044,Gene 32,47
107.6388087717179,552.3437037797798,Gene 34,47
104.67834359555378,563.1790979951941,Gene 36,47
108.57425895876206,554.050695799311,Gene 37,47
104.01800860026155,559.2653678641607,Gene 37,47
104.06831377196785,552.6965128920986,Gene 37,47
116.57759422246696,549.9707227798671,Gene 4,48
119.84690311328193,550.5275992735808,Gene 4,48
119.06176943077182,556.0914987190714,Gene 4,48
117.49498946153489,560.3616035427495,Gene 5,48
117.43917873932017,560.8317365829184,Gene 19,48
116.5863135341369,560.9521774824952,Gene 19,48
116.09518087414797,560.3103058818689,Gene 19,48
118.90566766919034,559.0613559698519,Gene 26,48
116.89651717713366,554.0967422894043,Gene 26,48
119.81342460448681,559.5406861649742,Gene 27,48
118.86137063318951,553.2739661289716,Gene 27,48
115.8001803062144,558.9231618067928,Gene 27,48
118.87033938733315,547.1015548352852,Gene 27,48
119.0018102759831,546.2159792363436,Gene 28,48
120.3118742260941,553.1605114662531,Gene 28,48
116.189252053642,560.3762956720775,Gene 28,48
119.17787318914999,557.1579741774372,Gene 28,48
118.73555412298428,547.4623067255304,Gene 29,48
116.19924502152901,559.5361955240523,Gene 29,48
117.28588203708546,558.6678965112756,Gene 29,48
117.20744281312844,557.3180231517479,Gene 29,48
117.21373863303067,557.4989355605808,Gene 29,48
118.57416174172137,548.620011040603,Gene 29,48
117.123570312441,549.4632884967941,Gene 29,48
119.73998574126163,559.4378016553848,Gene 29,48
120.22437815211781,557.1238632070132,Gene 29,48
116.4660188562733,557.5372318350899,Gene 29,48
118.10379133187844,548.8559911195348,Gene 29,48
119.10318887329025,547.4864710607563,Gene 29,48
118.00062422203538,546.9341740452086,Gene 30,48
117.94880603880932,550.6372947232505,Gene 30,48
119.88098431936636,551.315198039927,Gene 30,48
116.39558703001735,550.4661800254952,Gene 30,48
117.32428355705215,557.7884465598337,Gene 31,48
116.99265234035637,546.726522930775,Gene 31,48
115.53334867660912,551.8785241274712,Gene 31,48
116.01191028926989,557.6086928496551,Gene 31,48
119.93658745946728,556.4015326482007,Gene 32,48
116.99353635358327,558.0688834637656,Gene 32,48
115.9379830321012,558.4160090462557,Gene 32,48
117.53586745890738,560.8892992168749,Gene 32,48
117.47382279082497,558.6163153508658,Gene 32,48
116.82800366002543,548.9862696596699,Gene 32,48
115.90727962029406,558.4798941310271,Gene 32,48
115.81453671770477,551.9366621301791,Gene 32,48
116.60184742110722,561.1063544639705,Gene 32,48
119.4538793387246,562.0368908543617,Gene 32,48
115.6562670327092,549.9217362525969,Gene 32,48
115.46959065805065,551.0865471378426,Gene 37,48
117.20954991814341,548.036399937553,Gene 37,48
115.66021098258527,556.0480632589267,Gene 37,48
119.39663981434575,561.0932620153196,Gene 37,48
119.50145876975085,559.5761876175774,Gene 37,48
115.77851680226576,550.8764853872858,Gene 37,48
119.27852337750969,548.9481728000877,Gene 40,48
124.00009932269116,559.387123935189,Gene 4,49
121.92520991304953,560.4472007386469,Gene 13,49
119.04342045790467,554.597022577201,Gene 19,49
124.88772283803591,559.2700621898111,Gene 19,49
124.90056728910449,552.764972207059,Gene 19,49
125.80922153968645,557.363677779824,Gene 19,49
122.01227713175449,559.0041791073592,Gene 19,49
126.44095591859268,558.3314156509144,Gene 19,49
128.20477321856958,555.6127228113666,Gene 22,49
117.01511077342965,556.1894104356452,Gene 26,49
117.38365980800245,556.6845587598568,Gene 26,49
124.33266254779527,557.9529556574444,Gene 26,49
120.0798189822172,560.7597301028896,Gene 26,49
120.3401964744302,559.9780484985718,Gene 26,49
123.1076259660058,551.4438036488878,Gene 26,49
119.26677644072132,553.6739133566525,Gene 26,49
120.25194030131561,559.1459561811391,Gene 27,49
117.61832719547571,558.8629809234545,Gene 27,49
118.32823010158305,552.5038501156688,Gene 27,49
124.76440646230314,553.6424677322628,Gene 27,49
126.68355168132041,560.4200008913638,Gene 27,49
119.81883759490728,554.8114128952,Gene 27,49
117.78099701810088,557.9551464317452,Gene 27,49
121.08989572138462,560.5477927866855,Gene 27,49
123.22091870104812,553.078709369548,Gene 28,49
119.98341966205108,560.9394599656931,Gene 28,49
125.49820423750889,558.0825835081168,Gene 28,49
119.37924510096556,552.2767125435513,Gene 28,49
125.81429373032998,553.6971465507244,Gene 28,49
125.01677979253577,551.8929980455165,Gene 28,49
126.05544589720141,552.5994800312823,Gene 28,49
120.54171103351247,559.090172025518,Gene 28,49
117.42445707251129,556.9222940976105,Gene 29,49
126.63809387317347,557.8145349009346,Gene 29,49
122.80304257380911,551.6677826032682,Gene 29,49
123.89619308899915,560.8306211919365,Gene 30,49
123.8908530961186,561.3193625482609,Gene 30,49
124.57096303812538,561.1182440775926,Gene 30,49
123.35383268465559,551.1314583005474,Gene 30,49
126.45435311143291,560.0217304521601,Gene 31,49
117.4582019776865,554.4449685956783,Gene 31,49
120.42237067435885,557.2835444309277,Gene 31,49
126.33999235351467,556.4407386575695,Gene 31,49
120.01582495281404,558.163133028546,Gene 32,49
120.10440410600776,558.1332828161617,Gene 32,49
119.38021836573371,558.6153760583247,Gene 32,49
123.7545016467178,558.7658475837451,Gene 36,49
125.530320140705,558.6663501726451,Gene 37,49
127.04163385724475,559.5572829583425,Gene 40,49
128.57121170945507,557.6972812425123,Gene 5,50
132.20236744002028,550.9106877200647,Gene 13,50
128.96688046765718,559.9765356766482,Gene 19,50
128.64656274481112,557.212125964239,Gene 19,50
131.65241293688203,555.8209675500368,Gene 19,50
129.98155127815122,548.9926205157683,Gene 19,50
131.66459361409304,548.4861710637138,Gene 19,50
130.07185121854522,555.7134270787828,Gene 22,50
128.95564355185158,558.0159322032165,Gene 26,50
130.2076466515323,562.2500362741887,Gene 26,50
129.3218555033877,553.2420055120326,Gene 26,50
130.78777754201127,559.8138672620164,Gene 26,50
130.64911929703902,548.811593346323,Gene 26,50
130.35266911999383,547.4971044060237,Gene 26,50
128.63715712805435,554.5010350947945,Gene 26,50
131.1553160537573,561.3722046656469,Gene 26,50
131.74105235494983,558.5717343440203,Gene 26,50
129.5557435279847,560.3480821560853,Gene 27,50
130.88358119789604,562.7792216275504,Gene 27,50
130.4733465061674,548.853330489138,Gene 27,50
129.93576541167172,561.8572615922665,Gene 28,50
128.6813499338196,550.9923138721298,Gene 28,50
132.07255295039704,558.7527552772889,Gene 29,50
133.305359333159,554.1292242551464,Gene 29,50
133.19987831652918,556.9792631500892,Gene 29,50
132.58401713313881,550.9041203101226,Gene 29,50
128.87184059415745,550.1004949621308,Gene 29,50
132.51063220426795,549.7256172031052,Gene 30,50
132.07709521455013,559.3504319442343,Gene 30,50
130.0446671483564,548.7211139720335,Gene 31,50
128.74932210221047,557.3279086623742,Gene 32,50
131.49975443230883,560.5281438341735,Gene 32,50
130.8991869386797,562.6051810747136,Gene 32,50
128.92594385641817,554.5267095017923,Gene 32,50
130.6863042437421,547.1264164409837,Gene 32,50
131.46687627014722,546.6172154213147,Gene 32,50
132.5094714196887,552.773846852071,Gene 32,50
132.600338853786,553.9602207179639,Gene 32,50
131.18696306861236,547.7223680256636,Gene 32,50
132.57742948426377,553.468381989325,Gene 32,50
128.85562862248713,552.3677058559089,Gene 32,50
128.9347112860685,561.168664541525,Gene 33,50
132.31924779332545,561.5585987722931,Gene 35,50
132.68182160018014,558.9843419840067,Gene 37,50
132.65515643038924,558.339165148887,Gene 37,50
129.5222818391327,558.9488972693252,Gene 37,50
128.7524552990061,556.8986988980353,Gene 37,50
147.24633674673692,548.336330083432,Gene 4,51
147.38349874819227,552.9030836142442,Gene 19,51
147.33147725979885,558.5036726916649,Gene 22,51
147.29151485600391,543.3300088862605,Gene 26,51
147.29993146449726,542.5254785241227,Gene 26,51
147.22122482809115,559.6980689252089,Gene 26,51
147.35183843539426,541.9380759731298,Gene 26,51
147.26888475654724,561.6876177915304,Gene 26,51
147.39077036840374,548.9203760090463,Gene 26,51
147.1861845269112,552.1977225238461,Gene 27,51
147.23436635060884,555.8299897239997,Gene 27,51
147.24937180634336,561.7187978518764,Gene 27,51
147.3851382248016,553.5315276668236,Gene 27,51
147.31581924625763,559.0204030459898,Gene 27,51
147.37237230809708,557.3208871061273,Gene 27,51
147.3747353399459,547.2826127982842,Gene 27,51
147.3400502379977,556.7839759713021,Gene 27,51
147.2398865473871,541.4563877784847,Gene 27,51
147.33307408117165,545.7134587867221,Gene 28,51
147.18853393362048,556.7000152727757,Gene 28,51
147.32572020022926,544.7920756826234,Gene 28,51
147.2440414091063,544.8522165076304,Gene 28,51
147.24945383418864,556.7726692518241,Gene 28,51
147.3142954815219,549.1063634845824,Gene 28,51
147.22706672339376,553.6809845234827,Gene 28,51
147.3694009354475,550.4048984545991,Gene 29,51
147.26076671020886,543.4702214750822,Gene 29,51
147.29912820273677,560.5333237720732,Gene 29,51
147.3227741868143,554.4191723460286,Gene 29,51
147.31889254379706,558.5248669253892,Gene 29,51
147.18695444475895,545.7086163876153,Gene 29,51
147.32902120842687,553.5365639277128,Gene 29,51
147.368678389338,551.9005476658305,Gene 29,51
147.28871600751276,559.7461306535681,Gene 29,51
147.20705732190277,543.5687189769586,Gene 30,51
147.30471103264983,546.1069361602766,Gene 30,51
147.189691429252,548.1899758289798,Gene 30,51
147.19298535870064,548.6031005070745,Gene 30,51
147.26113198089192,553.5755256701249,Gene 30,51
147.25269528336946,547.9394344363658,Gene 32,51
147.369776625052,551.8128696785627,Gene 32,51
147.33852359867006,540.1866051300121,Gene 32,51
147.29850013832785,560.3488571315232,Gene 36,51
147.37075200182383,550.9323080353404,Gene 37,51
147.28764727301964,543.2637102758644,Gene 37,51
147.40067881205064,552.0970571600413,Gene 37,51
147.29313681726947,561.6011748309211,Gene 37,51
147.33561123367423,544.4735275551058,Gene 37,51
147.319466420031,546.8508916663562,Gene 37,51
147.3710778513472,558.0249348462745,Gene 37,51
147.27727858594238,543.5947917360337,Gene 37,51
147.32743388858702,544.4255524400324,Gene 49,51
158.28264248055592,548.8508799492374,Gene 4,52
153.0610351288053,556.111846537596,Gene 4,52
154.8347217095934,559.4069230328481,Gene 4,52
157.91231282765094,557.4080452996911,Gene 4,52
153.91842512716053,559.7282091051494,Gene 5,52
152.80683728607514,554.9731579677109,Gene 13,52
157.2785416249108,562.2169780668531,Gene 19,52
156.73736769598068,550.3324596903128,Gene 19,52
154.09394289226168,549.7578325922661,Gene 19,52
156.6213774220999,553.5894113644869,Gene 19,52
153.521479998858,549.2401027837274,Gene 19,52
156.8892085017717,560.5856684849225,Gene 19,52
156.87002248036703,549.5867264441541,Gene 22,52
154.2574726581913,559.0071883464373,Gene 26,52
155.3310214979472,552.557930740163,Gene 26,52
157.92010242208764,557.2664086597979,Gene 26,52
155.82072414694116,559.9021629464243,Gene 26,52
153.06548673527033,554.4142843132125,Gene 27,52
157.88988516519686,549.6159589865846,Gene 27,52
158.0656764648378,559.3721288071445,Gene 27,52
156.28435573613615,548.4436986797244,Gene 27,52
155.63683050610246,550.4948806555965,Gene 27,52
157.53352943535452,561.1847137317021,Gene 27,52
156.7498655880176,548.4418799498336,Gene 27,52
156.07265323913498,559.8742893212138,Gene 27,52
152.57145106224309,557.695258437489,Gene 28,52
155.3407324416332,561.5611254092533,Gene 28,52
155.15148138027794,558.5420315122277,Gene 28,52
156.16142751766998,548.0496945574125,Gene 28,52
157.03473619008477,552.0443419513417,Gene 28,52
153.44032247562993,550.4148264798226,Gene 29,52
153.18047121366502,557.3722300960112,Gene 29,52
155.54929478244458,548.4652299986761,Gene 29,52
154.61156586918327,548.5701747851604,Gene 29,52
155.97529896569642,548.125682919123,Gene 29,52
154.39439279486118,562.1151143356258,Gene 29,52
158.4101258760745,551.0759619618707,Gene 29,52
156.40009151875014,556.6042140722911,Gene 29,52
152.04387551381174,553.9714568792401,Gene 29,52
157.48155865849498,554.6684247280352,Gene 30,52
153.08901293588687,549.195122673503,Gene 30,52
154.0204222543808,553.5910195753341,Gene 30,52
158.01631043151886,552.4428369636928,Gene 30,52
155.38313077801362,562.3046175220315,Gene 31,52
153.5164795536971,556.6544626255442,Gene 31,52
156.37211754232882,562.8249607736323,Gene 31,52
152.8334798566206,551.5837458991775,Gene 31,52
155.86148657268555,562.3809347153139,Gene 32,52
153.0382655660001,556.4242242074994,Gene 32,52
157.94510544865147,558.3091908781081,Gene 32,52
158.3770242715187,554.1915698392739,Gene 32,52
154.2603098082566,549.1678572535116,Gene 33,52
154.2904188745992,550.3989858510296,Gene 33,52
157.55271536834604,551.2573118425366,Gene 36,52
153.4409319001874,556.1003766889851,Gene 37,52
154.04616494687346,547.8603958853201,Gene 37,52
155.96302968630778,556.2230300639287,Gene 37,52
155.80166432788886,551.4610283661849,Gene 37,52
158.19908844730503,555.7539629641341,Gene 37,52
153.72917767223151,558.9827106552162,Gene 37,52
153.739813206709,556.4445175194215,Gene 37,52
168.35522616808646,552.9699806126475,Gene 4,53
168.3158327455619,558.1231415923861,Gene 5,53
166.6704659818132,560.9533349602561,Gene 19,53
166.46292029400644,548.6434520371818,Gene 19,53
167.07173023203902,550.792522647787,Gene 26,53
168.0172218839765,548.2661950610711,Gene 26,53
166.6252719694191,550.6229157842195,Gene 26,53
166.69691177164418,549.9443143467283,Gene 26,53
166.90132883686445,555.384627997366,Gene 27,53
166.77210311837686,549.4515325485872,Gene 27,53
167.84198055533653,560.0211548590942,Gene 27,53
167.6478477963005,563.0600276499606,Gene 27,53
166.44770238963886,554.4117032298661,Gene 27,53
167.00570101394013,559.3440862908105,Gene 27,53
166.35808243467034,560.6284036040435,Gene 27,53
167.60571059878708,560.9993218120817,Gene 27,53
166.57498491130065,547.9519604003317,Gene 28,53
167.81525176096937,555.1773013805041,Gene 28,53
167.4346539848555,546.1697817378365,Gene 28,53
168.0033664095736,559.1085757742816,Gene 28,53
168.1649874444828,555.4721577989444,Gene 28,53
167.54911514492935,564.2975861327689,Gene 28,53
168.04513544554146,553.1157122418067,Gene 29,53
166.90790395950842,545.635333389976,Gene 29,53
166.39172146066326,556.8917018228728,Gene 29,53
166.84868223333544,560.8603568580734,Gene 29,53
167.01114732916332,548.3167133285772,Gene 30,53
167.32643937401997,545.3327221149129,Gene 31,53
168.15640157059346,561.2348882827473,Gene 31,53
168.10818296261496,554.9584695727124,Gene 32,53
167.2664001056654,544.1791350906952,Gene 32,53
166.57840124182314,560.5537566138745,Gene 32,53
166.38068622929205,560.4834633048048,Gene 32,53
167.78237740660137,556.1413701087861,Gene 32,53
168.0464563555768,558.048960090331,Gene 32,53
167.853910043524,551.805859148802,Gene 32,53
167.18065261395867,561.7296840848686,Gene 32,53
168.29079268079138,555.0696126924954,Gene 32,53
166.292053918467,548.4859878192797,Gene 32,53
167.8531405218217,557.42460771601,Gene 33,53
166.61795018093525,559.0624123496764,Gene 36,53
167.886739963454,559.2735866238033,Gene 37,53
166.6529710471558,561.351555223324,Gene 40,53
171.13384112686805,550.0810915880043,Gene 5,54
175.38324506907688,556.3800431621393,Gene 5,54
174.58463022439324,557.1750934499267,Gene 5,54
173.65659837850288,549.9881485158335,Gene 13,54
173.99058226673105,561.2385200697576,Gene 22,54
175.37374797267125,552.6474405058656,Gene 22,54
172.4569948830347,553.7421082875175,Gene 26,54
174.72267365756431,555.5356728963153,Gene 26,54
171.12174725054678,550.5243135572629,Gene 26,54
174.07735416569253,550.7746365494103,Gene 26,54
175.17175752598885,559.8818748537767,Gene 26,54
172.3234449769732,549.6433560205534,Gene 26,54
172.41940719306245,551.1181591910072,Gene 26,54
173.98793221605538,557.5393037770468,Gene 27,54
175.13895612649745,558.5401212847764,Gene 27,54
174.13091286689013,544.6341875773503,Gene 27,54
175.93541129493528,553.0681780366527,Gene 27,54
175.9737045256443,558.8104398057286,Gene 27,54
174.765477272915,545.7080656906961,Gene 27,54
172.14497814629817,546.5510003767454,Gene 27,54
172.35456183895135,557.5981907724457,Gene 28,54
173.17481136862133,546.9243602478116,Gene 28,54
174.8606636204297,547.3636069691247,Gene 28,54
172.176178482416,546.0339032667225,Gene 28,54
171.8272586565964,547.071034452857,Gene 28,54
173.31292127321802,543.8838726099415,Gene 29,54
173.49183436196222,549.2699940553547,Gene 29,54
174.72056569814907,558.118429446188,Gene 29,54
174.97126741099657,548.563074170144,Gene 29,54
173.1806100566938,561.1440094196123,Gene 29,54
176.018156593357,552.2920276461674,Gene 30,54
175.13217959107146,556.8007868199846,Gene 30,54
174.27272483660684,545.5383545890304,Gene 30,54
174.45891718159604,551.6424460327712,Gene 30,54
175.3627835972534,552.0696859023112,Gene 31,54
174.11579250654768,554.8927661054912,Gene 31,54
175.04232230025346,549.3824697902636,Gene 31,54
175.51677454820256,555.148830906704,Gene 31,54
176.01720800840286,548.7123441670443,Gene 31,54
174.98289692354444,550.0109107857144,Gene 32,54
172.53675465224526,545.6893152950844,Gene 32,54
173.43305974297743,547.67509500581,Gene 32,54
173.67492177661728,548.5066434837215,Gene 32,54
175.57361369463365,553.0052524850184,Gene 32,54
176.1879011716276,549.0905366321334,Gene 35,54
172.40150498017834,555.5812522424073,Gene 37,54
172.8461297501987,545.6216811099873,Gene 37,54
172.32889960701394,558.9810998230446,Gene 37,54
110.71241619778934,567.7958316921981,Gene 19,55
108.1061797355654,563.1826115681132,Gene 19,55
111.26718929914034,570.6617377052517,Gene 22,55
110.02121625707126,565.9846299162621,Gene 26,55
108.25052409752941,561.7938873694777,Gene 26,55
108.44308073544963,571.7602185008508,Gene 26,55
107.96727242257901,566.7013410681884,Gene 26,55
108.74654940161656,559.6965122507224,Gene 26,55
108.35685325716658,562.1555381290044,Gene 27,55
109.89184464235674,564.387756802755,Gene 27,55
111.08052736523821,572.2487989974941,Gene 27,55
108.69406077141237,571.2189002619432,Gene 27,55
109.27009892413962,558.3322770847354,Gene 27,55
110.11631245600641,573.5169528886117,Gene 27,55
110.67652912293867,562.4491959021263,Gene 27,55
108.74551477707008,563.8186368899912,Gene 27,55
108.72300225967813,572.4378239953518,Gene 27,55
109.17993939825227,563.3329027527772,Gene 28,55
111.14751179491208,565.2936313463213,Gene 28,55
109.39464335598504,572.0452342678802,Gene 28,55
110.77378519339806,565.5858903518508,Gene 28,55
109.66615476023858,565.5868817782582,Gene 28,55
109.10740522414417,571.1672444902615,Gene 29,55
110.16845497390068,559.2328658710597,Gene 29,55
108.4168708590356,563.2931164074697,Gene 29,55
107.9360930205745,566.0980221674179,Gene 31,55
110.30776208145632,569.351318168184,Gene 31,55
108.19093554771025,566.1585912908146,Gene 31,55
110.08262646655676,561.9987480134176,Gene 31,55
110.4356361334308,572.2866382620454,Gene 32,55
111.20493337190081,565.687944756894,Gene 32,55
108.72060190286739,560.4061525245214,Gene 32,55
109.8570087790327,563.343129962798,Gene 32,55
111.23093896411362,565.5381985882224,Gene 32,55
109.3316588868001,574.2003169454896,Gene 32,55
108.79830997754131,567.5709760796445,Gene 32,55
108.3736740087112,561.6419799611431,Gene 33,55
109.29540990889645,575.9300929275151,Gene 33,55
108.85135960955999,576.2440637915698,Gene 35,55
111.388834975262,568.5725228688854,Gene 36,55
108.31160218670946,573.3217958665812,Gene 37,55
110.00723458159673,562.7726003958169,Gene 37,55
109.70001954698989,574.3012978003072,Gene 37,55
110.75891147350946,573.984904574527,Gene 37,55
110.55509723354622,560.9605842576237,Gene 37,55
117.21166500060386,556.2304041177783,Gene 4,56
118.82587925580287,567.2860531532989,Gene 5,56
117.80666299548841,559.4720951022309,Gene 19,56
118.62176581701506,565.6069760775983,Gene 19,56
119.12031363457461,560.5156901880767,Gene 22,56
118.86778026379356,560.9166184635636,Gene 22,56
117.95383537563215,568.8162391399956,Gene 22,56
119.15396364021603,558.068026409704,Gene 26,56
116.86562902558968,561.9946932503575,Gene 26,56
117.02889257922754,562.274652841618,Gene 26,56
119.70598531512535,557.5119768152842,Gene 26,56
117.54841928171643,561.0104728938041,Gene 26,56
118.74322151959046,555.5066590891767,Gene 26,56
117.18009199515227,557.0387301438861,Gene 27,56
119.32296424958986,560.5300600756564,Gene 27,56
118.90866841912542,567.096147470785,Gene 27,56
117.85309317920303,569.5885335922853,Gene 27,56
119.05849862541355,558.1551173485672,Gene 27,56
116.83100019185345,559.7863070595637,Gene 27,56
117.31693516514659,563.7568507728747,Gene 27,56
118.67375334245658,571.9460692374332,Gene 27,56
118.60519824109039,560.2939229378677,Gene 27,56
118.66722750866312,571.8921048474472,Gene 27,56
120.03145857664634,563.4782407133915,Gene 27,56
116.93840425846203,563.0333221128927,Gene 27,56
117.78203363005571,564.4902827868312,Gene 28,56
118.07020377330424,558.729946373565,Gene 28,56
119.48410054586125,557.4826412459151,Gene 28,56
118.34320910234943,556.4350844372794,Gene 28,56
119.61050180569053,569.8414328538157,Gene 28,56
119.30284192946951,564.7527112607422,Gene 28,56
117.94866003019085,553.216090977682,Gene 29,56
118.60630921359677,556.9920071470164,Gene 29,56
119.72478735910654,563.0687731540867,Gene 29,56
118.00621996621291,571.0890064852061,Gene 29,56
118.02532190220205,568.9351714958268,Gene 29,56
118.36028676813585,553.9376338180647,Gene 29,56
117.97235330689001,554.1095586800518,Gene 29,56
119.08367650292844,568.9493750444692,Gene 30,56
117.65443246054575,567.0637445575352,Gene 30,56
119.46323839684244,561.2928892744053,Gene 30,56
118.35083131132893,570.2922634653843,Gene 30,56
117.7479706477565,565.0027509620297,Gene 30,56
119.09366259411108,557.1261698347143,Gene 30,56
117.99184034927558,552.9786933902063,Gene 31,56
118.62255378172587,569.8437252904424,Gene 31,56
119.17185316278889,568.3337295741212,Gene 32,56
119.42379278750774,563.2855976895455,Gene 32,56
118.67236993728834,570.2974064998019,Gene 32,56
118.73078784747416,561.1471370861321,Gene 32,56
117.1971962373704,563.4656136461308,Gene 37,56
117.42291920112037,562.8054326755918,Gene 37,56
117.11476766600917,561.2812290411507,Gene 37,56
117.26108502521177,567.0958431546034,Gene 37,56
118.85076786806516,566.167908926556,Gene 40,56
132.38776036297995,560.4414797657481,Gene 5,57
131.14556512163875,558.0851453237551,Gene 13,57
133.359249495134,558.4431613852844,Gene 19,57
130.80634244569353,555.9824734618796,Gene 19,57
132.3607923421236,567.5744964950123,Gene 19,57
130.7088337106717,554.3288213090628,Gene 19,57
132.234893862295,565.7460985421632,Gene 22,57
132.05988946001574,567.4047712299191,Gene 26,57
131.32308254921082,557.9401393777017,Gene 26,57
131.2776874394116,552.6683565621945,Gene 26,57
131.45790832470703,566.6661997616945,Gene 26,57
132.9314138018174,558.2088464347062,Gene 26,57
132.52544635034428,552.406109161096,Gene 27,57
132.18044385906995,567.693643756012,Gene 27,57
130.96372798621394,553.9314528127377,Gene 27,57
131.63754332302227,555.1482733949658,Gene 27,57
133.24979647498142,566.239773436864,Gene 27,57
133.65970797741235,560.9187758333001,Gene 27,57
132.94958139064784,555.7004401505309,Gene 27,57
131.19127654344462,565.9586637366982,Gene 27,57
130.71563234984293,563.8537479245574,Gene 27,57
133.21963583744872,564.1551852468724,Gene 27,57
131.25294511078923,558.3887577690656,Gene 28,57
131.07857605173623,559.2357612000247,Gene 28,57
132.46910856516482,564.8884616285522,Gene 29,57
132.47996231041216,567.9173586984168,Gene 29,57
131.52908373054527,562.6468864531694,Gene 29,57
132.74536718540898,567.2843808549798,Gene 29,57
131.56965435156047,554.4705777597422,Gene 29,57
131.75984448671375,552.260189738223,Gene 29,57
132.00621637448452,555.4461938124415,Gene 29,57
131.55167871902526,556.292014903906,Gene 29,57
133.45691253875862,559.6214524226551,Gene 30,57
132.15643200497502,562.3591995960729,Gene 30,57
131.30221385397178,561.2006426999416,Gene 30,57
133.29517155561882,564.9659719218073,Gene 30,57
133.3318136238945,566.3130520645722,Gene 31,57
132.66340942502384,553.8504698969957,Gene 32,57
130.74780148255766,565.7180238428591,Gene 32,57
130.65157405533145,561.7792506967841,Gene 32,57
132.69520330014933,555.1265711293471,Gene 32,57
132.74856504823435,568.9487881259681,Gene 32,57
132.45225074041477,558.573720243647,Gene 32,57
131.4454077117789,567.6061352889249,Gene 32,57
132.88351705802145,566.0452452429614,Gene 32,57
132.78768216229344,554.4397714468832,Gene 32,57
131.33964540211764,567.4379633759115,Gene 32,57
131.35387380659543,560.3470925310301,Gene 32,57
131.4829756381902,565.9260014737398,Gene 33,57
130.5699445222154,562.0116014987094,Gene 33,57
133.2870235179215,563.7523936760207,Gene 37,57
132.51735750162598,554.1589090821964,Gene 37,57
132.13243928079842,567.0662789531398,Gene 37,57
132.43225667291858,553.5605342706684,Gene 37,57
131.5634384987063,560.0824118766789,Gene 38,57
135.26802763791088,561.8859310188964,Gene 19,58
144.64283834129026,567.3353696320655,Gene 19,58
144.80162785617202,566.1348579000068,Gene 19,58
144.74769386495953,558.8315037965419,Gene 19,58
137.13030190883543,561.5262462177683,Gene 19,58
146.06176770097386,565.6595899805766,Gene 22,58
144.01562522189786,566.6448652295976,Gene 22,58
148.31953737548,560.483410345095,Gene 26,58
142.10691707414642,559.8633224226307,Gene 26,58
147.2081201690128,562.9247661068462,Gene 26,58
138.38630065929482,566.1598977995016,Gene 26,58
138.48633961049774,562.3873623425355,Gene 26,58
140.64747914981206,561.2038628487843,Gene 26,58
138.09210647051864,565.8989990454158,Gene 26,58
144.5193067921528,565.9912514556959,Gene 26,58
144.4189726409127,566.5761138413723,Gene 26,58
144.062160195849,566.7730663669203,Gene 26,58
138.90046822177445,566.277796370538,Gene 27,58
141.06602947419555,566.3312141760236,Gene 27,58
142.1599627976503,559.9498609238245,Gene 27,58
148.90241407025644,562.8395151408043,Gene 27,58
141.4462562290545,566.2500487804252,Gene 27,58
138.33129542758792,561.6155265060949,Gene 27,58
147.75883704860647,564.3377472701825,Gene 27,58
141.7039427980324,559.0607208728848,Gene 27,58
139.633796860623,560.5873094658908,Gene 27,58
139.46483286160117,562.1212373963663,Gene 27,58
148.43638025216103,562.9544180085837,Gene 28,58
145.92199116994254,566.4202030538952,Gene 28,58
135.057338833588,562.1355528206503,Gene 28,58
139.70753932362857,566.3006643624958,Gene 28,58
147.50738266863755,562.8373929973616,Gene 28,58
139.0629149206015,565.9110323687659,Gene 28,58
146.1230971490248,561.2660491171179,Gene 29,58
141.8242077338225,565.63504380445,Gene 29,58
145.46968819261315,566.9485984722919,Gene 29,58
146.821870034143,565.4888172169649,Gene 29,58
138.15206576781208,564.5447859733455,Gene 29,58
142.95014346395,566.0515120512681,Gene 30,58
136.53064316635752,562.394462236024,Gene 30,58
141.91539386603432,564.6676774595815,Gene 30,58
135.40978186415484,563.4158648711566,Gene 30,58
134.9962594896665,562.8381741093235,Gene 30,58
141.79750859118815,560.24413652551,Gene 30,58
137.3821369665457,559.5417034826894,Gene 31,58
139.98814882609543,559.0896356105915,Gene 31,58
142.73222457195737,560.1956869635009,Gene 31,58
138.1477733616039,559.8654948661493,Gene 31,58
140.75320987231584,560.7439668366815,Gene 31,58
137.54333001876427,563.902362214279,Gene 31,58
141.40239875987703,565.4219610627172,Gene 31,58
139.86019881453424,558.5729341829884,Gene 32,58
144.9024319591729,562.339756882822,Gene 32,58
144.89057717463044,562.8067647702363,Gene 32,58
136.2486515341047,561.439180695434,Gene 32,58
136.87507537091292,563.143890601982,Gene 32,58
146.44428533819408,565.2394474307471,Gene 32,58
145.49484950267515,567.072873153196,Gene 32,58
144.93912549032405,560.1381310163879,Gene 33,58
144.0056214467132,562.5792150475696,Gene 33,58
146.87599055632336,563.9522678882331,Gene 37,58
138.43243659214085,559.4965683664188,Gene 37,58
151.17545622732283,561.9390390320623,Gene 4,59
147.95963357764327,565.6064389993911,Gene 4,59
149.6917835921678,564.995260589363,Gene 22,59
151.77736137257352,565.9392957687317,Gene 26,59
151.1646697704896,563.8023478878561,Gene 26,59
145.12138176029703,562.647294027208,Gene 26,59
145.71071355642928,562.7839918337927,Gene 26,59
145.1551187658378,559.6652718639718,Gene 26,59
148.29491108092049,568.8650166720782,Gene 26,59
151.3391297734647,564.7614344209371,Gene 27,59
143.0125287772909,563.8281404975247,Gene 27,59
148.92711986571152,565.2578883295444,Gene 27,59
149.79726032881462,560.7473042626295,Gene 28,59
143.84951188658388,561.928828085121,Gene 28,59
144.7487065546478,558.790112148886,Gene 28,59
149.42959675644502,556.8892853056478,Gene 28,59
144.19887041938927,565.1863301846784,Gene 28,59
144.27513964879287,558.5443941246491,Gene 28,59
147.39230480104652,565.9989777261009,Gene 29,59
147.23039865593253,566.11945444983,Gene 29,59
150.92684864708232,562.607754998846,Gene 29,59
147.39504983997585,560.2432147246036,Gene 29,59
148.12576156739047,566.8419490817179,Gene 29,59
150.07012569521137,559.4462088705977,Gene 29,59
146.94737969528995,558.1882420291782,Gene 29,59
147.2996588859199,556.8051729052396,Gene 30,59
145.1259191832569,565.3369864858936,Gene 30,59
144.67882036691572,565.0393946885413,Gene 31,59
151.656417310666,558.0990134062232,Gene 31,59
145.21580349121942,566.0050327779293,Gene 32,59
144.18230714071618,558.20610899762,Gene 32,59
147.6526770546871,568.7910132127487,Gene 35,59
149.78583059841927,557.7406879933101,Gene 37,59
149.59246025311867,558.1045650058311,Gene 37,59
146.5079636591186,566.7675009308737,Gene 37,59
151.62427621102137,561.8740528203058,Gene 37,59
156.19153517974422,562.3122850633468,Gene 4,60
156.28226746805814,553.8682207258644,Gene 4,60
156.41062819498973,558.884727644925,Gene 4,60
156.2358945982384,557.5021327898106,Gene 5,60
156.38362958066725,567.6870615799428,Gene 19,60
156.37703545674594,572.3889974502907,Gene 22,60
156.37988587915981,574.2661446581448,Gene 26,60
156.29956108586742,575.1529301076516,Gene 26,60
156.26653516543115,561.7554752018749,Gene 26,60
156.31328593992032,558.5112710415692,Gene 26,60
156.3297309474439,559.026515845663,Gene 26,60
156.36823165001246,568.7492634271765,Gene 26,60
156.1937916970219,565.3404869207505,Gene 26,60
156.17835040635114,563.0092945704457,Gene 27,60
156.35562511208408,568.9193808078319,Gene 27,60
156.19124129641878,571.9671944441725,Gene 27,60
156.37386431382194,559.6637474619905,Gene 27,60
156.3020833946205,575.0465714117307,Gene 27,60
156.35673164287942,573.0681375217365,Gene 27,60
156.42299916139575,569.4713600266263,Gene 28,60
156.19672223237504,570.1643719412768,Gene 28,60
156.18310823288056,562.2705128280262,Gene 28,60
156.19361579294363,567.0686507788272,Gene 28,60
156.38475818731357,562.640814964543,Gene 28,60
156.1866015328185,560.0947245300526,Gene 28,60
156.24582755894124,558.6189483634265,Gene 28,60
156.36944893140196,559.3846372025321,Gene 29,60
156.3418351114734,557.3655701582348,Gene 29,60
156.29358988624563,554.4021486439609,Gene 29,60
156.2584646618467,572.9101294653216,Gene 29,60
156.24472963286505,558.049020081455,Gene 29,60
156.36970299247008,572.4736862577042,Gene 30,60
156.33865544325815,558.9938221997022,Gene 30,60
156.3490954276008,569.8815039274364,Gene 30,60
156.2010311709751,558.1939384723697,Gene 31,60
156.33776820298456,562.7655441472571,Gene 31,60
156.303585776178,573.8744321475115,Gene 31,60
156.31891033794824,562.7935450912673,Gene 31,60
156.3760019844932,571.1423439189603,Gene 31,60
156.4288327371564,562.7448070516747,Gene 31,60
156.35207669293425,555.896478344939,Gene 32,60
156.19164519740605,567.5369358259651,Gene 32,60
156.37553400905455,574.0874560597829,Gene 32,60
156.3216731779988,556.4194022357076,Gene 32,60
156.32648675165066,560.4905550501446,Gene 33,60
156.27118855092283,568.333380516557,Gene 33,60
156.32759793469694,570.0681209251462,Gene 35,60
156.3125008099078,559.3073453412283,Gene 37,60
156.40077207651845,570.6391299220246,Gene 37,60
171.46588575402208,565.5644812403228,Gene 4,61
171.2043505258796,556.3878734702889,Gene 19,61
170.7220437748023,560.233584633819,Gene 19,61
172.71325697376903,567.1352428416827,Gene 26,61
172.40499543182793,559.583477793209,Gene 26,61
171.06060996139612,565.259689343044,Gene 26,61
173.26550593358158,570.0178606814178,Gene 26,61
173.3635830713851,557.4384666367564,Gene 26,61
170.86697949082264,568.9402064423865,Gene 26,61
171.48927115128623,555.3250116694644,Gene 26,61
171.0274646123405,562.4938288472506,Gene 27,61
171.748731045789,557.44988549566,Gene 27,61
172.03440527990207,571.5890668470953,Gene 27,61
170.97936808705975,565.9781967880024,Gene 27,61
171.1676672582809,561.0159666700254,Gene 27,61
170.77605891780962,567.1883144671439,Gene 27,61
173.40104921886228,556.5762695064705,Gene 27,61
173.9317489814803,564.8560439906888,Gene 27,61
170.38621811069171,564.6317798678883,Gene 28,61
170.7914610562894,564.3106457183223,Gene 28,61
172.05483629046768,570.3956348566126,Gene 28,61
170.6734038893267,562.1205140668985,Gene 28,61
170.32936964958063,561.2838945755324,Gene 28,61
172.88015368681852,570.8772415134816,Gene 28,61
171.75528219069844,570.0657264363828,Gene 29,61
171.878654693872,560.6268431827881,Gene 29,61
171.2616366788772,572.3354142964964,Gene 29,61
170.14640569111904,561.1437442231987,Gene 29,61
171.06589246271074,563.8124962233347,Gene 29,61
172.9975493241411,569.7813767485009,Gene 29,61
170.32582988074344,563.3813816096533,Gene 29,61
173.1225321517705,561.1534214933397,Gene 29,61
170.49908238265883,566.6638476636247,Gene 30,61
170.69712717078318,566.0755758721394,Gene 30,61
171.09659575058325,559.1250948948503,Gene 30,61
171.11721392323375,557.291995448959,Gene 30,61
172.2253609144811,560.4369646446892,Gene 30,61
172.45083916175645,555.556590637643,Gene 31,61
171.99533394820796,570.823510124558,Gene 31,61
172.52213688300222,568.958983097952,Gene 32,61
171.64228237491506,561.0149611041329,Gene 32,61
170.2174271278273,561.6311263246035,Gene 32,61
173.53187636866937,566.7387035212829,Gene 32,61
170.67463517636034,562.4173782597029,Gene 32,61
170.52874347993006,566.9464461399582,Gene 34,61
172.30129628950715,569.5497327329198,Gene 37,61
170.85351600944992,568.5451024088657,Gene 37,61
172.90884780440868,556.7898988857748,Gene 37,61
172.6255495383872,560.6084659965852,Gene 37,61
172.05387753074814,560.4065952962465,Gene 37,61
181.31502220778032,557.9582666125236,Gene 4,62
182.87696287190704,558.1288212825742,Gene 16,62
181.56698291277843,565.2896238256732,Gene 19,62
183.43108866434696,563.4042945756732,Gene 19,62
180.93547877602407,561.8713187371566,Gene 19,62
181.63476553176335,566.849181774962,Gene 19,62
181.4953558672349,560.4146628421719,Gene 22,62
183.3136300452609,569.1089290795101,Gene 22,62
183.84172804297535,566.5873185918756,Gene 26,62
181.6216005562834,557.4969792787583,Gene 26,62
184.4392011295296,560.032486893697,Gene 26,62
180.91858473920118,562.3924476458543,Gene 26,62
184.0141456167655,556.1450346468714,Gene 26,62
183.1450897711381,565.0881043436178,Gene 26,62
184.58093376328333,559.6293310989903,Gene 26,62
182.34446596545982,558.1831686940623,Gene 26,62
184.41608870821318,561.364776330896,Gene 26,62
183.98075547997394,566.3419414215682,Gene 26,62
182.7926468846792,569.0533678786161,Gene 26,62
183.21346300334085,568.6727022398163,Gene 27,62
184.01327708910634,555.276822284975,Gene 27,62
182.7776905449769,556.6946505128087,Gene 27,62
181.78570823190486,563.3890030765991,Gene 27,62
184.35360176703105,564.2228664032591,Gene 28,62
183.22071951720844,559.8043134915638,Gene 28,62
182.72685909303914,569.9111796156418,Gene 28,62
182.52349383061792,567.6649451403179,Gene 29,62
182.6851750931927,554.6128163516476,Gene 29,62
184.4713197043928,561.441058148641,Gene 29,62
180.8054263451037,560.5017902088541,Gene 29,62
182.92498468100882,566.9945672029991,Gene 29,62
181.77650713714706,564.0682070169825,Gene 29,62
183.65333959728557,562.958203273731,Gene 30,62
183.24436879601186,569.9610149894586,Gene 30,62
181.92467889644234,555.5299321868631,Gene 30,62
184.37751118881872,557.9291232555744,Gene 31,62
184.70765730535587,559.7705201047213,Gene 31,62
184.63971121698637,559.2879482852898,Gene 31,62
183.95418651854266,569.0199381137676,Gene 31,62
182.12696835566678,566.6528895287686,Gene 32,62
181.84168024997248,569.0096464964543,Gene 32,62
181.41519698566316,564.050976980662,Gene 32,62
181.41444172095905,563.4870117749421,Gene 32,62
181.3228532148059,567.3917974570764,Gene 32,62
181.8532018051319,570.8811864073921,Gene 32,62
183.6078873945286,558.579111400734,Gene 32,62
182.29000569751275,566.6462190100659,Gene 32,62
183.81438227785628,568.3179097049444,Gene 37,62
181.82522872232263,555.920353654972,Gene 37,62
100.26527288386151,570.6798840347569,Gene 4,63
103.5964729538438,572.8867810212548,Gene 5,63
99.83238809695577,567.1095256213924,Gene 5,63
101.46441204208693,566.6748320348792,Gene 5,63
100.37219661928174,570.7000568575049,Gene 19,63
99.95285735309788,569.9671610841228,Gene 19,63
102.60962599466149,573.5166144708209,Gene 22,63
102.2956231763667,564.7937123502278,Gene 22,63
103.02846939439344,571.5116422696221,Gene 24,63
101.0011404894511,565.8731877812119,Gene 26,63
103.40279482665875,573.7114779911491,Gene 26,63
103.54222085950067,573.9111569169646,Gene 26,63
99.59507303663742,568.7242693691306,Gene 27,63
103.5796087715757,573.1197662395704,Gene 27,63
103.65504571465274,572.1450436666242,Gene 27,63
103.62698256064559,570.511766377946,Gene 27,63
102.95743478742425,574.9301103325835,Gene 27,63
101.81367404251887,561.4381747531314,Gene 27,63
103.40321626824561,563.2687069290016,Gene 27,63
103.47153067717453,572.4469632653883,Gene 27,63
100.4916508180067,563.4348073207277,Gene 27,63
103.34801198051737,565.9875569258007,Gene 28,63
102.04928368434653,574.2412512841975,Gene 28,63
102.33856155524596,573.2521279778613,Gene 28,63
104.81570652864521,570.7366371456798,Gene 28,63
101.55623626858905,565.4297205282566,Gene 28,63
100.49816817744235,575.4816512989572,Gene 28,63
104.35557040332709,563.9798034203764,Gene 29,63
101.99918641342963,573.3530953152199,Gene 29,63
100.66119876579168,566.4276091568638,Gene 29,63
103.82975193943118,565.6383527172745,Gene 29,63
100.84665702864514,564.9816819547442,Gene 29,63
101.08596395186969,576.5813123012248,Gene 29,63
102.30569360721618,571.9741524301494,Gene 29,63
100.88455784446202,565.775376910169,Gene 29,63
102.30271479522266,561.2813354589581,Gene 29,63
104.22762493850051,566.8928179634021,Gene 30,63
100.30430567317877,562.6975673817288,Gene 30,63
104.07671657255933,572.3739289653522,Gene 30,63
103.43119370622293,564.1599788248357,Gene 30,63
103.76814113740426,563.2184887255809,Gene 31,63
102.02719670371224,562.5191985063905,Gene 31,63
104.02827051627456,565.5970553983806,Gene 32,63
104.58831328236263,572.3476439676706,Gene 32,63
100.53046990185055,573.1959599640978,Gene 32,63
104.02407108629252,568.5844989541514,Gene 32,63
99.58864182573568,567.8605398363924,Gene 32,63
103.76408368110879,574.5802293963167,Gene 32,63
101.87228531538268,575.1387228406784,Gene 33,63
102.01692992624355,560.903119270713,Gene 36,63
103.50860399549295,561.733272653395,Gene 37,63
103.18423542297334,567.9099656524435,Gene 37,63
102.86945759955056,577.1302864972606,Gene 37,63
101.0236880860115,563.2000430278371,Gene 37,63
101.92226617380558,563.2520768920864,Gene 37,63
103.40649206028024,575.5408028251751,Gene 38,63
117.50248607353424,563.6068188763677,Gene 4,64
113.65748848881734,575.3559109598726,Gene 4,64
115.97015453767942,561.7071053909015,Gene 5,64
116.39027836619579,568.5723413233056,Gene 19,64
111.88678458823068,566.4637063780671,Gene 22,64
111.34965908431944,567.7867628496078,Gene 26,64
114.6237892572756,561.0117014824868,Gene 26,64
116.55888884852332,573.0615578550932,Gene 26,64
114.47318429165462,563.7904925671769,Gene 26,64
115.88825620924615,562.7920277785462,Gene 26,64
115.68555874478487,563.0717318690912,Gene 26,64
113.78315037948339,562.617338715924,Gene 26,64
110.67126320314628,568.5965073298934,Gene 26,64
111.27369283495749,572.5804918239819,Gene 26,64
116.85101847144652,565.1381575808701,Gene 26,64
117.09318716738728,568.4127247582351,Gene 26,64
115.87908194223165,574.8344383227113,Gene 26,64
114.10835603498259,562.1316536943926,Gene 27,64
115.51122802467907,566.3292772579329,Gene 27,64
111.66389468708294,570.412674305129,Gene 27,64
116.92350848639745,571.4941491281822,Gene 27,64
114.99999658437419,563.9669968555346,Gene 27,64
115.75157305755563,566.2814642176282,Gene 27,64
118.07168551276484,566.2019013409317,Gene 27,64
112.29253258562947,561.2759869540167,Gene 27,64
110.51653454865583,570.6260360212094,Gene 27,64
114.95244109472343,571.1865660517419,Gene 27,64
112.72259142688681,571.3222615955749,Gene 27,64
116.52389990195526,572.2219587365018,Gene 28,64
113.63125188021995,560.849898385907,Gene 28,64
117.36236860665691,564.6829804860124,Gene 28,64
110.67438575789225,566.3425206810114,Gene 28,64
116.66315229365068,562.1036938110561,Gene 28,64
115.9071613560875,562.8185126106964,Gene 28,64
114.79441838233063,574.6974514210237,Gene 28,64
117.59687490646078,566.8725961467458,Gene 28,64
113.11705160341674,572.682669277699,Gene 28,64
117.34591345705103,570.4485634229834,Gene 29,64
115.5759859022307,574.9120541983383,Gene 29,64
112.71880887499458,564.4566533849846,Gene 29,64
118.12713792293746,567.2133874906101,Gene 30,64
110.94638874405922,568.7766386259322,Gene 30,64
111.66642585970136,567.9028086777744,Gene 30,64
114.49169921188839,575.132309573968,Gene 30,64
117.02609658388873,568.9693673144341,Gene 30,64
111.2390516447932,564.0057027770971,Gene 30,64
113.85776351941479,568.3554138684095,Gene 31,64
117.00453934645867,566.4871064538396,Gene 31,64
113.37108213275778,571.4885561875668,Gene 32,64
117.14851820319159,568.6990763826395,Gene 32,64
113.10282768579657,562.1419038279678,Gene 32,64
118.11386522949267,567.1882358340705,Gene 32,64
111.83308801762011,563.7252588236867,Gene 32,64
111.82712218797458,572.5783101390114,Gene 37,64
114.94456184726319,573.1385598268884,Gene 37,64
112.06412990969282,569.7066846588823,Gene 37,64
117.23514688383887,566.474807273329,Gene 37,64
115.90692189378429,571.7718766050699,Gene 38,64
125.38543656308418,566.3471143979493,Gene 4,65
125.33265429385729,579.0340235841091,Gene 4,65
127.11928800534116,577.1685708535302,Gene 4,65
126.21141076130283,582.1819273287294,Gene 13,65
124.47167644217109,571.2649968316147,Gene 19,65
125.55541474311723,570.3285554233066,Gene 19,65
127.89254886271735,571.6341839733864,Gene 19,65
125.89572046206672,568.9691978297473,Gene 19,65
125.15110279713211,567.0511332543125,Gene 26,65
126.65353640174665,575.8512952788782,Gene 26,65
126.51744103307557,564.773066850387,Gene 26,65
127.38458452508382,574.1850002312352,Gene 26,65
127.43554549799501,565.2285092054874,Gene 26,65
124.47800464528339,570.5220465146696,Gene 26,65
125.14639899144225,566.236743852348,Gene 26,65
125.6617373715318,577.2747236323675,Gene 27,65
127.71450140868721,568.7556177906777,Gene 27,65
125.44237376075107,576.5325308588111,Gene 27,65
126.21438238115093,563.0363317167537,Gene 27,65
128.13417342069803,572.5180844968788,Gene 27,65
124.8632857306781,568.1718415666904,Gene 27,65
125.54212394365524,582.7435399819221,Gene 27,65
125.80582435914128,571.1608170053752,Gene 28,65
124.46574710358108,571.2315475946716,Gene 28,65
125.50998357358058,573.8911713655373,Gene 29,65
126.90477369404418,580.4059614086908,Gene 29,65
127.46587668495518,576.3360428654923,Gene 29,65
127.14747749239218,580.8050479906207,Gene 29,65
124.91368272024815,575.1533794517218,Gene 29,65
126.06140693961282,571.5984971110263,Gene 29,65
127.3228673138877,575.7725894412315,Gene 29,65
124.91090483555332,573.2201033720686,Gene 31,65
127.6915457508796,576.3722987550195,Gene 32,65
126.84481350841305,579.3276031395343,Gene 32,65
127.75665837405703,577.5390313801103,Gene 32,65
126.18757415609142,576.1531991124415,Gene 33,65
127.09686202559806,580.1604269370695,Gene 36,65
126.6966630801025,566.3187361095088,Gene 36,65
125.41614830423742,573.7196456067862,Gene 37,65
124.900088027079,580.1784279809749,Gene 37,65
132.6472793907091,582.9826016039485,Gene 13,66
133.04468664348363,569.029868833757,Gene 13,66
132.9978354299284,577.6835469603795,Gene 19,66
132.75090775493558,569.1761717476073,Gene 19,66
132.66138675402286,580.8152266622367,Gene 19,66
133.24460108739592,571.3728705870319,Gene 26,66
133.23237196615682,570.3086236790373,Gene 26,66
132.11665360539413,565.7434889219643,Gene 26,66
132.7795689098304,580.7194187865105,Gene 26,66
132.10877515340272,576.8383591964017,Gene 26,66
133.22608377223,578.5600793048575,Gene 26,66
132.3300754155919,568.0672038970476,Gene 27,66
132.0927055779653,568.1398926488592,Gene 27,66
132.0919915263805,578.3063092501535,Gene 27,66
133.0226575010082,567.7658709566455,Gene 27,66
132.60195200859528,562.3380619748469,Gene 27,66
132.63952050974754,564.9331973934605,Gene 27,66
132.56990943405685,572.4349184428762,Gene 28,66
133.29662922823965,571.0602552593749,Gene 29,66
132.48315379068447,561.583153764917,Gene 29,66
133.1583550407663,571.6496571103658,Gene 29,66
132.07740914344308,570.4763125018974,Gene 29,66
132.92370222566421,564.4247907164074,Gene 30,66
132.45560275079924,567.8127835327398,Gene 30,66
132.76141870664497,565.0250810395937,Gene 30,66
132.40327684713031,581.5085996659586,Gene 30,66
132.63989833285623,583.3827103316987,Gene 30,66
132.5943614945825,562.4419862031875,Gene 31,66
132.63161769305947,565.0109720197781,Gene 31,66
131.9993456579956,575.8156880180724,Gene 31,66
132.05730049337964,569.4046682448112,Gene 31,66
132.98490102976456,565.183979913867,Gene 31,66
132.4279392324702,579.0853610585751,Gene 31,66
132.46960918353562,580.4102152299021,Gene 31,66
132.67839953601083,572.9226728156091,Gene 32,66
133.20766822260327,567.254380799481,Gene 32,66
132.408301538642,575.4134306015043,Gene 32,66
132.51849913280168,561.7265539595077,Gene 32,66
132.22711307003613,562.3742993026354,Gene 32,66
133.0468806020811,577.3746754421933,Gene 33,66
131.94441545719607,572.4768540871829,Gene 33,66
133.10036723519787,564.1505659542416,Gene 33,66
132.24199380356646,574.6123227154187,Gene 36,66
132.36028739205582,572.3182127306096,Gene 37,66
132.84538835423314,582.0484797761981,Gene 37,66
132.3863043971458,563.780459744545,Gene 37,66
132.6948199988013,579.7928167462603,Gene 37,66
132.73066060147076,584.2941242767363,Gene 37,66
133.0219187229137,564.8651560247474,Gene 37,66
132.69565800962133,579.2337590442465,Gene 37,66
133.17291118060203,577.6206725476779,Gene 37,66
143.5180837162931,564.811799820383,Gene 4,67
146.00304865499868,576.2964897630617,Gene 5,67
146.00619490048936,568.7000677929633,Gene 13,67
143.29109551329287,564.7714299361593,Gene 19,67
142.34363839892768,572.3109295976566,Gene 26,67
144.52449659682225,579.1745244512341,Gene 26,67
142.64246952194443,566.609735103732,Gene 26,67
146.22143478114322,571.3111966160754,Gene 26,67
145.38451151762374,572.9313387388971,Gene 26,67
142.82720039870821,566.2894500866411,Gene 26,67
145.21566520898608,567.6177400050119,Gene 26,67
146.28103169913177,572.4542371366642,Gene 26,67
142.04545825702786,570.3098558396879,Gene 27,67
143.100362939389,579.267979956207,Gene 27,67
144.73976954524005,575.6650859058994,Gene 27,67
143.37410595329354,578.1288785263363,Gene 27,67
145.63206202086658,574.5254766318463,Gene 27,67
143.36647637852886,567.1942501212445,Gene 27,67
143.5981879584588,564.0601419785268,Gene 28,67
145.14346388817827,570.1936364963843,Gene 28,67
143.69737697545847,565.7183761716907,Gene 28,67
142.47253861523814,574.7822035214621,Gene 28,67
144.91660866965535,576.8091367792754,Gene 28,67
144.02682013500856,563.5150558335586,Gene 28,67
143.11483077535908,571.6001301028093,Gene 29,67
144.14654672189906,577.0909880065623,Gene 29,67
144.04076723097577,579.3066629226196,Gene 29,67
145.91377243336788,576.1918932955964,Gene 29,67
142.16165760816853,571.5646609823177,Gene 29,67
143.0209108518252,573.2511732358935,Gene 29,67
145.21530341134408,562.9330359554267,Gene 29,67
142.8435887099843,576.0003277518613,Gene 29,67
142.87326998922578,573.0920685283969,Gene 29,67
143.09658950353716,574.0865438915318,Gene 29,67
145.9793169239666,577.6348510731137,Gene 30,67
144.38060955407292,568.1269722415616,Gene 30,67
145.09665902676898,566.722970496706,Gene 30,67
143.80620088214954,573.6604309876092,Gene 30,67
144.40088342915882,576.5831033941282,Gene 31,67
144.47061032543752,578.4114284494027,Gene 31,67
145.41283144243934,569.1823890037558,Gene 31,67
144.59994305088208,564.3189845193092,Gene 31,67
144.85344304225194,574.4888023998276,Gene 32,67
141.98147594179042,570.9433608199282,Gene 32,67
145.6540503300986,577.089463524817,Gene 32,67
143.0553659898651,575.0817158831686,Gene 33,67
143.7854374637964,576.7894988417552,Gene 37,67
144.50032162552512,578.3550607750171,Gene 49,67
158.29485478016298,567.1980460340296,Gene 5,68
157.84642283606203,564.3450974814921,Gene 13,68
157.303643720232,574.2046578077856,Gene 19,68
155.92900165520595,572.2642234628075,Gene 19,68
156.4891407162633,574.9421013613673,Gene 22,68
156.45145018008813,573.3191123441262,Gene 26,68
155.4231155737823,572.810788703763,Gene 26,68
156.09068638068712,577.0484944185379,Gene 26,68
156.27117150255344,570.9188774609426,Gene 26,68
158.37311937314425,568.4724190663377,Gene 26,68
157.0689405887867,578.029256370642,Gene 26,68
157.11830115303115,560.365417259315,Gene 26,68
157.34354532164573,577.2883040867254,Gene 26,68
156.00432520568725,566.9587085705065,Gene 26,68
157.61080732977243,578.2672775636547,Gene 26,68
156.99632808724223,578.7386580663135,Gene 27,68
158.08035241331376,576.6805211589317,Gene 27,68
157.9385135098044,569.3052175907646,Gene 27,68
156.9301297169403,563.1206667091435,Gene 27,68
156.5248881375641,560.9534139146975,Gene 27,68
157.45819437525594,563.3556933686242,Gene 27,68
157.50247812342207,576.3142706173702,Gene 27,68
155.73593768269043,569.1398278314578,Gene 27,68
157.65293338306088,576.2277185620736,Gene 27,68
157.662177296781,569.0817919247372,Gene 27,68
158.40627982265275,571.2344894714404,Gene 28,68
156.8278248026702,565.91064852438,Gene 28,68
157.30244940678253,566.2538052900932,Gene 28,68
156.27510776289893,563.2628591384033,Gene 28,68
156.8415812040746,561.9575693642935,Gene 28,68
158.1279861862009,574.051717843364,Gene 28,68
157.17611785290742,579.1946902792088,Gene 28,68
158.170236185915,567.5987239838203,Gene 28,68
155.6729073876466,573.815783813099,Gene 28,68
157.28880218320091,572.7943510086156,Gene 29,68
157.3485765830207,563.0324543721107,Gene 29,68
156.6673020492319,574.5894303723393,Gene 29,68
155.8892763771217,565.6657719730837,Gene 29,68
157.61881274134512,579.6389154824295,Gene 29,68
157.32761217750317,564.5140395436733,Gene 29,68
156.80656162461517,566.7641959478892,Gene 29,68
157.7169694714381,562.746649270477,Gene 30,68
155.62515823505228,572.2724319684579,Gene 30,68
155.5633844727439,566.60637505547,Gene 30,68
156.67055176530923,573.0831134989534,Gene 30,68
157.41296800781782,570.4695926307826,Gene 31,68
156.50237556951973,579.8922023472035,Gene 31,68
157.88138058677308,564.225905562107,Gene 31,68
156.23354993493854,574.7329275417978,Gene 31,68
156.8843978649235,579.5966933090385,Gene 32,68
155.68315748939148,571.6450023064159,Gene 32,68
156.66261302435703,563.2244551133642,Gene 32,68
157.18940798473488,576.071868781954,Gene 32,68
157.45013274750184,577.2669613578099,Gene 32,68
156.88702334297642,564.1681397111004,Gene 32,68
157.92578612393734,572.919398109565,Gene 32,68
157.3419068020295,565.7185855022051,Gene 33,68
156.6871673989624,565.400205314103,Gene 37,68
155.85618123510946,566.5366364719987,Gene 37,68
157.73797560843303,574.4732990496806,Gene 37,68
156.09159533672346,577.5418132538456,Gene 37,68
157.60880490172184,572.1501561310498,Gene 49,68
155.97917578623205,567.4492438155339,Gene 49,68
168.6372852341662,562.1912990883087,Gene 5,69
171.73602564752215,562.7257367270273,Gene 5,69
169.46047289988022,562.5284448289443,Gene 19,69
169.8721786929459,574.8262435983851,Gene 26,69
172.97187658862026,569.6051668449054,Gene 26,69
166.87066631952231,572.8268884997252,Gene 26,69
167.12972605104702,568.7759422267935,Gene 26,69
171.59844077866472,565.2928667150812,Gene 26,69
168.11633365498054,563.4746786230971,Gene 26,69
166.5886190668664,567.5590805964495,Gene 26,69
168.33517118868434,573.2002168100828,Gene 26,69
170.28837813374523,574.3548048034843,Gene 27,69
169.48039887081455,566.094143611249,Gene 27,69
170.57115384111341,563.0636666381464,Gene 27,69
167.474499135987,571.4870524554738,Gene 27,69
170.70087318024255,562.7022134262498,Gene 27,69
172.0295008811722,575.3540199389877,Gene 27,69
167.63329712502656,574.4775489932018,Gene 27,69
173.5380868599875,571.4454149198804,Gene 28,69
172.35596542072045,565.9820480722885,Gene 28,69
171.53387171976013,574.562120026714,Gene 28,69
170.54294681659437,566.6751420578111,Gene 28,69
166.98373141340232,572.7993887440917,Gene 29,69
169.97973085915314,576.032804187183,Gene 29,69
169.03044552797274,562.7435776569577,Gene 29,69
171.90010861196748,566.6501353535601,Gene 29,69
172.41547920271165,568.550432396862,Gene 29,69
167.45762942936778,569.9145887053529,Gene 29,69
169.01998867096063,562.0718812544776,Gene 29,69
168.70021112783482,569.5785544249358,Gene 29,69
168.9131039694438,564.2166066900612,Gene 29,69
170.7982635410181,562.9786575405209,Gene 29,69
168.6917578509694,568.1017138865643,Gene 29,69
168.88274424840392,565.6110541345154,Gene 30,69
169.07687373481608,561.7403624259827,Gene 30,69
171.820844518082,569.8227921235713,Gene 30,69
172.1094772439769,565.0204882177226,Gene 30,69
167.91752334442896,570.9174718560201,Gene 31,69
166.89651869018093,569.9605727477855,Gene 31,69
173.75922415722658,571.0254229171816,Gene 31,69
167.56100611135773,571.1836842630557,Gene 32,69
167.93551764998125,564.5467919871098,Gene 32,69
172.46354354788102,574.2469889468,Gene 32,69
172.4844757607454,565.1385484265575,Gene 32,69
167.4577015782107,567.5109703068695,Gene 32,69
167.34670703846808,573.1049630970755,Gene 33,69
166.94611149293038,570.3394651070288,Gene 33,69
166.87347772884482,570.6676332411415,Gene 33,69
168.44353700464134,563.602365817557,Gene 33,69
169.16658969986403,573.784884018173,Gene 36,69
168.40681309066477,574.8962878489657,Gene 37,69
173.75528836980573,571.7114620877335,Gene 37,69
171.56655621244707,567.8551007783896,Gene 37,69
172.13114317760466,569.7046414997923,Gene 38,69
176.10413173455774,568.8665167656866,Gene 19,70
174.53200374388013,566.6178313658776,Gene 19,70
172.01164487203243,572.7121284916489,Gene 19,70
175.34859550120032,569.9231518714596,Gene 22,70
173.58199297667932,568.0818697506397,Gene 22,70
175.16308277781627,576.8384089011407,Gene 26,70
175.09320130236114,569.4283521684079,Gene 26,70
174.18978113338392,562.3764681996404,Gene 26,70
174.92161016180543,576.8535553226011,Gene 26,70
175.2320596024093,576.5113242743236,Gene 26,70
174.44754177529927,570.2190660828562,Gene 27,70
174.10636473021458,566.7111490161893,Gene 27,70
173.3217375303021,575.8639016197134,Gene 27,70
175.50861554320082,574.8876527483394,Gene 27,70
175.83214380021235,575.5188721669077,Gene 27,70
173.74029501350503,573.401674762264,Gene 27,70
174.17327499694517,565.8465302699622,Gene 28,70
175.26771664426352,571.6148087038881,Gene 28,70
173.85878442413684,577.1043950434392,Gene 28,70
172.31353100507368,568.5840058251915,Gene 28,70
174.68419770870432,572.1743589302911,Gene 28,70
172.64716930211284,566.8138311311594,Gene 28,70
175.54906723051366,568.5596342855646,Gene 28,70
175.66712747987222,575.8544803593331,Gene 28,70
174.5804236317322,561.3468088055168,Gene 28,70
175.55830629576255,576.6327251044356,Gene 28,70
173.6578387520228,576.1522001245929,Gene 29,70
174.98884570706957,565.289268176774,Gene 29,70
172.97473322663373,577.3182201843723,Gene 29,70
174.17296021460498,563.6588703893943,Gene 29,70
174.7793520513374,576.3491493989511,Gene 30,70
174.44025492648825,565.7340148281421,Gene 30,70
173.87427380344894,565.4101834936688,Gene 30,70
174.51438565571272,578.21048434251,Gene 31,70
172.77441387820852,564.6199843804827,Gene 31,70
173.02226375373328,570.8437945105698,Gene 31,70
172.32514645771033,568.3178892010989,Gene 31,70
175.2825764344679,568.6332341124645,Gene 31,70
174.801092169526,576.5315129933613,Gene 31,70
175.22343811282514,577.4513486527883,Gene 32,70
173.35545674711264,566.7645783632036,Gene 32,70
174.6566118606466,578.4510664782179,Gene 32,70
172.37851099324686,567.1066939079668,Gene 32,70
172.26027232879582,572.3288021706087,Gene 32,70
175.72016953930756,563.3924804812426,Gene 32,70
173.21123763780483,560.8469429578194,Gene 32,70
174.06862436975086,563.0430302888157,Gene 34,70
173.16058416866838,576.9113375933987,Gene 35,70
173.156114032786,575.8572177076493,Gene 37,70
173.80698244363987,560.4361829867926,Gene 37,70
173.11441101096005,563.8921474303918,Gene 37,70
173.8776629380182,577.6750548177822,Gene 37,70
174.28605841567628,563.721341894963,Gene 37,70
175.3428393469882,576.0329319726376,Gene 49,70
101.09674055465064,586.2243078933832,Gene 19,71
100.30369674368283,585.9229046360958,Gene 22,71
106.03661329030518,581.0139026263672,Gene 26,71
106.13173541147947,576.9230197492117,Gene 26,71
97.18605066324143,579.3847337971054,Gene 26,71
99.45789460033555,583.2550205434372,Gene 26,71
98.89913174685977,584.127903291269,Gene 26,71
99.20842330248479,580.644647620655,Gene 26,71
97.35385151638232,578.4589699488907,Gene 26,71
99.8068606394257,576.0946523092053,Gene 26,71
103.54126049657417,574.192765991652,Gene 27,71
102.81124944312602,574.0989794263851,Gene 27,71
105.46050862088181,575.9092445501855,Gene 27,71
98.99642344865842,585.4899379224752,Gene 27,71
105.97512018128259,580.3364960005284,Gene 27,71
100.93292685039295,574.8581310412833,Gene 27,71
98.28673185910282,576.5925907752894,Gene 27,71
105.11024466751286,580.1613631392049,Gene 27,71
102.33070803987493,581.2234505759245,Gene 28,71
100.97544643764512,578.6446587122039,Gene 28,71
98.74995028757363,581.3835664169046,Gene 28,71
103.52582470470773,585.8620850626819,Gene 28,71
99.49402339173477,586.0750730407161,Gene 28,71
104.34960515339692,582.5710303796615,Gene 28,71
98.76954897063807,585.3482597816147,Gene 29,71
104.50810234641818,585.3596678881148,Gene 29,71
102.08128004684391,583.1892794970533,Gene 29,71
105.25733823829844,582.6226859800358,Gene 29,71
102.21840764148752,584.3199612433912,Gene 29,71
103.12866009883525,581.7804204028014,Gene 29,71
98.85514551642456,574.9407225731636,Gene 29,71
104.14391987172223,584.453998296877,Gene 29,71
99.4606330942942,580.087870252191,Gene 29,71
106.02940824876343,579.8199988410722,Gene 29,71
101.80730698368673,577.4331313182273,Gene 29,71
105.16482069729805,577.5902393755033,Gene 29,71
102.38108640762414,574.2336238444964,Gene 29,71
102.41263171828562,583.8314153133865,Gene 30,71
97.76008715584291,578.4188213826496,Gene 30,71
99.44441439633846,577.3735496158613,Gene 30,71
98.48005870389994,577.9714500819991,Gene 30,71
102.75211518455495,585.6556109156329,Gene 31,71
105.75092996545156,579.8508290975562,Gene 32,71
102.82984677939368,583.9398167419214,Gene 32,71
106.03077964580346,579.293445070871,Gene 32,71
103.85404587182502,585.2813738079922,Gene 32,71
101.4751159192627,574.2550337724363,Gene 37,71
106.49354184357934,580.4347907111958,Gene 37,71
104.74858772599852,584.9563545211903,Gene 37,71
105.42489542922576,581.5615318329848,Gene 37,71
99.96174406078352,578.7795972736884,Gene 37,71
106.49534408534191,575.1077468510124,Gene 13,72
106.2272035821503,577.673503986807,Gene 16,72
108.20032323134363,571.7225131299608,Gene 19,72
107.3109093249455,582.5188639393313,Gene 19,72
107.79616800469546,579.4867020585239,Gene 19,72
109.84508361415625,575.630870394847,Gene 26,72
109.51279505353902,570.010401355418,Gene 26,72
109.79022086947701,577.3439387956284,Gene 26,72
106.42400152341263,578.3302204609622,Gene 26,72
107.8229788670366,580.4512745815571,Gene 26,72
106.33637747135018,577.024295532501,Gene 26,72
110.0996644041548,575.0667266107725,Gene 26,72
110.36165362200526,573.65262134802,Gene 27,72
108.77668681295266,568.0973086533069,Gene 27,72
110.95901507944163,575.4336938472936,Gene 27,72
107.68008140036292,567.9507142823462,Gene 27,72
107.3082269713881,569.3979034568835,Gene 27,72
107.72520699446613,567.6195137340001,Gene 27,72
107.92783951371499,581.616377573459,Gene 27,72
106.50989174016648,582.148041065144,Gene 27,72
107.1999651671712,574.9254294531512,Gene 27,72
109.30047659377765,569.0131839659425,Gene 27,72
110.76421805550865,577.4173344967069,Gene 27,72
106.48931109415591,574.5455917308229,Gene 27,72
107.77019762091025,571.289805957493,Gene 27,72
107.75362533400437,583.357409849466,Gene 28,72
109.42420848614134,569.429455487022,Gene 28,72
109.50768455285369,582.3530036592739,Gene 28,72
107.37122610097286,576.721259942145,Gene 29,72
106.4232374629855,579.6158426150052,Gene 29,72
108.40382661228261,570.4229202642537,Gene 29,72
106.13425144230766,574.317026785964,Gene 29,72
109.73890734707264,579.4629624621278,Gene 29,72
110.45909297706469,573.2357952215306,Gene 29,72
109.79112043177342,579.8771497375942,Gene 29,72
109.87400991161167,572.9904836543757,Gene 30,72
109.14585894720602,572.4967869464308,Gene 30,72
106.5347487279391,577.1671734623868,Gene 30,72
108.78286447806973,568.1228627744048,Gene 30,72
110.69781518895645,576.1511090602867,Gene 30,72
108.05917420007624,583.0397786486851,Gene 30,72
106.49264106235339,576.463415098026,Gene 31,72
108.26986197636518,566.682472903211,Gene 31,72
107.20106583617546,579.8886997634604,Gene 31,72
109.11711126209454,579.9970644802836,Gene 31,72
106.46430332579322,570.8167984382084,Gene 32,72
109.20578566709865,582.8823914575764,Gene 32,72
107.65000326243427,572.2823842350173,Gene 32,72
107.43938829269905,577.2716305519881,Gene 32,72
108.6082687103611,575.2607099567375,Gene 32,72
110.39718976162315,571.8016065358745,Gene 32,72
108.48008594469499,581.9051749254111,Gene 32,72
108.06574523993042,570.043813033669,Gene 32,72
107.86266429033957,571.0546461339444,Gene 33,72
109.3741825109703,576.4743881759892,Gene 33,72
106.8645575589118,577.2489988920956,Gene 37,72
106.80920077782031,574.9998679419206,Gene 37,72
108.17731880184347,569.230247965761,Gene 37,72
109.51065748470339,580.5611928647003,Gene 37,72
107.39410887499149,568.2670116365179,Gene 37,72
120.42193082395143,571.2691177941299,Gene 4,73
120.47664740669141,582.066628393587,Gene 5,73
119.90065633516221,585.8371645346908,Gene 19,73
119.75668719822146,586.370015025235,Gene 19,73
120.58158506414402,582.9100137437073,Gene 26,73
120.33290220166116,585.4534916529972,Gene 26,73
119.61169294013031,583.3945783853499,Gene 26,73
119.65952820301942,584.4018701286558,Gene 26,73
119.83209378409838,586.5266786471246,Gene 26,73
119.80623639910534,569.1303450820171,Gene 26,73
119.82961684535674,585.1019021601751,Gene 26,73
119.75638567617088,584.9865102543632,Gene 26,73
119.30681560943825,576.4324461485062,Gene 27,73
120.1871154723564,572.1831420850889,Gene 27,73
119.48798367407238,571.9569624121623,Gene 27,73
120.75874980977905,576.8938817791933,Gene 27,73
119.45271450746782,574.1084179512505,Gene 27,73
120.32682203109435,575.467522085985,Gene 27,73
119.38164242333202,572.6039709934031,Gene 27,73
120.680924617492,576.2104194680314,Gene 27,73
119.99636939124109,570.0260463116208,Gene 28,73
119.7490817047839,567.2617575886571,Gene 28,73
120.05658540836298,572.2444783756297,Gene 28,73
119.77888227469127,568.183914678286,Gene 28,73
120.24733707405531,586.3542503602254,Gene 28,73
119.23780491286641,572.7230966224681,Gene 28,73
120.1534014086025,573.6031323334478,Gene 29,73
119.85328987864006,568.9529535481993,Gene 29,73
120.38457089457033,568.3174527111473,Gene 29,73
120.69727604255965,579.289079732495,Gene 29,73
120.39733082331672,574.4140161884094,Gene 29,73
119.47622182070174,578.9450672549865,Gene 29,73
119.96824233453134,570.157652291809,Gene 29,73
119.63274805009684,582.3018095983729,Gene 29,73
119.93721704121158,586.0939893089131,Gene 29,73
120.2507804531424,583.6296095935395,Gene 30,73
120.47241994971749,584.9872731042745,Gene 30,73
120.0510534373311,587.5148376840823,Gene 30,73
120.44512800583219,580.0378888925907,Gene 31,73
120.35123432387398,571.3986478343995,Gene 32,73
120.25346804759141,572.4328247265637,Gene 32,73
119.82046211759445,570.1614191554905,Gene 32,73
120.35866333728049,572.998869227277,Gene 32,73
119.73029750624977,568.7603715416296,Gene 33,73
120.55349318580089,582.4006055275607,Gene 37,73
120.34424758851182,568.028340278711,Gene 37,73
120.40111392278219,573.3298515853506,Gene 37,73
120.12652860872856,572.9141778174047,Gene 37,73
119.8115729192977,574.8753795793783,Gene 37,73
119.58114226218837,576.1521343961253,Gene 37,73
120.27193812970275,577.6729604277938,Gene 37,73
119.43738635669315,569.9350370593244,Gene 37,73
119.39134127038976,572.3184250820052,Gene 37,73
120.25653922747937,568.5115806791882,Gene 38,73
120.28255646930639,576.3359148997725,Gene 38,73
119.91464181159571,566.6408503209185,Gene 38,73
119.4216205991937,581.3013431733826,Gene 49,73
120.02289383008323,568.8728176929303,Gene 49,73
130.57835295165538,579.2849502529506,Gene 19,74
124.69187110667053,577.3886889366048,Gene 19,74
132.03449524699926,576.4488948651501,Gene 19,74
124.311559248858,575.4359132697598,Gene 26,74
127.19231416565036,575.5840656003038,Gene 26,74
131.5574519414563,574.2431389090384,Gene 26,74
130.20954706556478,581.6291716804541,Gene 26,74
124.41635309493871,577.1176652341355,Gene 26,74
125.49545582020251,574.2222317298109,Gene 26,74
128.0797897802237,573.8436065847911,Gene 26,74
133.00018933103817,578.1712252862965,Gene 26,74
132.3056165410634,577.2629537641491,Gene 26,74
123.44132732470746,577.8607827786428,Gene 27,74
131.75077640191398,577.6239793694969,Gene 27,74
126.62621139117063,581.3826862125319,Gene 27,74
131.5822618218793,575.962522580058,Gene 27,74
124.70759299181158,576.3960709236298,Gene 27,74
130.452471284276,579.2288748252689,Gene 27,74
132.2730692115826,579.0317154114371,Gene 28,74
131.2481523112906,577.041817156598,Gene 28,74
130.40271624498143,575.1852848334788,Gene 28,74
129.24324563083454,583.7413960852426,Gene 28,74
125.8694571802947,575.6754636992672,Gene 28,74
131.76313361675872,576.9502542946316,Gene 28,74
131.12259469842664,582.1732064745462,Gene 29,74
129.41826579726145,573.9339098831917,Gene 29,74
125.65155704374507,578.7133087926186,Gene 29,74
126.0915016784473,577.8792749148129,Gene 29,74
133.34037716829158,579.5087018559791,Gene 29,74
124.48702547714544,578.3176147053664,Gene 29,74
124.20883312719207,578.3253200280608,Gene 30,74
132.74439230791305,579.8369466920809,Gene 30,74
132.91749890132112,576.0062734028489,Gene 30,74
126.40988978276954,572.8119470255409,Gene 31,74
126.49665597111775,574.7215085655589,Gene 32,74
126.11930194337384,579.6784230985451,Gene 32,74
130.18476123259654,581.0728231283797,Gene 32,74
133.81289697341424,579.3232979444787,Gene 32,74
130.58472471029103,581.3588331216107,Gene 32,74
127.61612484900012,580.6118062501417,Gene 36,74
131.42958653434974,575.602023647289,Gene 37,74
129.88323496218788,574.2654777806297,Gene 37,74
128.1739296368868,574.4307309130136,Gene 40,74
138.74805911414495,584.0669818873706,Gene 5,75
138.49668787849993,581.7313504585964,Gene 19,75
139.4830114396805,578.9613255736175,Gene 19,75
139.7554133190141,577.1229003870725,Gene 19,75
139.4811574287023,585.223239447845,Gene 19,75
138.98682118099734,567.9858922753436,Gene 19,75
138.46906245188742,582.6662197689149,Gene 26,75
139.27583604859103,582.7035295026517,Gene 26,75
140.11556228367118,576.0752888239773,Gene 26,75
138.2443482458417,581.7982387828057,Gene 27,75
137.9640774575048,571.9662732034836,Gene 27,75
139.6605747763434,578.6579319326984,Gene 27,75
138.1139586820662,577.9891359188357,Gene 27,75
139.28605044671372,568.082508396871,Gene 27,75
140.0240645023624,572.0657827884861,Gene 27,75
138.8570686326547,567.0120978386598,Gene 27,75
139.96897673116308,577.5620704439488,Gene 28,75
138.94887510292463,585.5893290313846,Gene 28,75
139.86768316068117,578.1659786026426,Gene 28,75
138.16001711226505,578.8258079788142,Gene 28,75
139.4656934388416,583.1492818092661,Gene 28,75
138.57358407783096,566.6653788258898,Gene 29,75
138.69835286304337,570.8674361154189,Gene 29,75
138.2428527102634,581.4252903935674,Gene 29,75
140.0504835024943,572.2153103520546,Gene 29,75
139.57998753090678,571.3236145657446,Gene 30,75
139.31119020850676,581.9542134154294,Gene 30,75
138.95718845111313,583.5032394256699,Gene 30,75
139.08141290004693,566.0096182534851,Gene 30,75
139.0075874214128,581.6515982022929,Gene 30,75
137.81646305654684,575.2609044240555,Gene 31,75
138.35997896047883,580.6056974062477,Gene 31,75
138.0025269951082,572.0722495360388,Gene 31,75
137.93506238000398,580.9407434411572,Gene 31,75
139.6309600040848,577.6360026275255,Gene 32,75
139.69217413858397,583.5870389191114,Gene 32,75
138.26698796818468,582.4057136502428,Gene 32,75
138.61860959267386,585.466952136586,Gene 32,75
138.69781793601234,572.1905648825539,Gene 32,75
138.63571719449774,574.9008621562889,Gene 32,75
139.18982228885565,570.3937686722093,Gene 37,75
138.57577448767051,580.287004079447,Gene 37,75
138.6498789695704,567.8337480945912,Gene 37,75
139.57796868815277,583.997212624356,Gene 37,75
148.68030316238034,578.2390813663449,Gene 5,76
145.59985037969182,578.3502717368722,Gene 5,76
145.29171192441592,582.9994321003126,Gene 5,76
147.2482047481942,586.5272554821511,Gene 5,76
146.61211617017665,588.7394090559382,Gene 5,76
146.35595672387137,586.2449567064189,Gene 19,76
148.54598421504093,574.6914188355494,Gene 26,76
146.91129963158002,583.6105431398004,Gene 26,76
149.6293887295952,586.6955715391041,Gene 26,76
147.40074413081496,579.6384083631195,Gene 26,76
146.20292868311546,580.7492791831545,Gene 26,76
145.450123648676,583.4930861654744,Gene 26,76
145.57871230120105,578.0774264794361,Gene 26,76
145.54614213338814,577.1888477773064,Gene 26,76
149.1359134435385,579.635779229849,Gene 27,76
147.0459999823365,575.3694988867773,Gene 27,76
146.76101895023695,587.9680191948262,Gene 27,76
146.0882276675159,588.1207666758725,Gene 27,76
147.79584573772854,588.2092165031844,Gene 27,76
147.10911586281586,575.6301766121746,Gene 27,76
145.7146234387974,579.5675772579713,Gene 27,76
149.95390218803254,585.5089890581431,Gene 27,76
150.10739750364166,578.4067955911665,Gene 27,76
149.42782396533025,586.2184306113256,Gene 27,76
147.06211207953044,587.2896011011876,Gene 27,76
145.04318238774164,577.0724440173349,Gene 28,76
146.1138439329851,578.0152839034145,Gene 28,76
146.48264931879433,577.9464236775326,Gene 28,76
148.7978916830823,586.951789453662,Gene 28,76
147.6186087067705,574.3449115806703,Gene 28,76
148.2611532035238,581.9632207186196,Gene 28,76
149.05544016459265,584.4177154975052,Gene 29,76
146.6136245903358,575.4492562957391,Gene 29,76
149.17426166971688,583.1025683228963,Gene 29,76
145.7707685814493,579.1407481715166,Gene 29,76
146.50682846978012,575.6227577507374,Gene 29,76
149.99679265116345,582.6518700268624,Gene 29,76
145.84069920986434,576.3153317683236,Gene 29,76
145.96259881907417,581.3839973164785,Gene 29,76
145.15659483794062,578.710397997282,Gene 29,76
146.33186784528567,574.6522395858797,Gene 29,76
145.113080707399,579.9840779568021,Gene 30,76
147.288484201715,586.9156274968474,Gene 30,76
149.53295597992778,580.2522774555378,Gene 31,76
150.09197496155758,583.423763961856,Gene 31,76
146.1140502146336,578.4655295935295,Gene 32,76
148.142967169086,576.18869958034,Gene 32,76
149.67262424421907,585.9228943933747,Gene 32,76
149.1887062433923,576.6460817471869,Gene 33,76
146.91285081837185,574.2499314756824,Gene 37,76
147.32449026409884,573.0634252370305,Gene 37,76
149.95124102015185,581.2035647843459,Gene 49,76
147.1390236767395,573.732722545921,Gene 49,76
166.54989496049296,583.3161290301086,Gene 4,77
158.57985444731426,588.5218729236996,Gene 4,77
159.50034050927383,580.4541991762228,Gene 5,77
161.18091924566122,587.943564704933,Gene 22,77
161.2913753822171,581.4069848849958,Gene 26,77
165.7785198028844,586.6636337629732,Gene 26,77
159.3731961280938,589.8457452616062,Gene 26,77
163.80447437996867,580.7770004374929,Gene 26,77
160.98915978201538,580.4195832372574,Gene 26,77
158.62429698985,589.027088843014,Gene 27,77
161.9246204393234,588.5630187139386,Gene 27,77
163.71820253992178,582.0286384371885,Gene 27,77
159.5632783388391,580.6112135013766,Gene 27,77
160.3454430290742,579.6479055251299,Gene 27,77
158.28498553015348,582.2824122749805,Gene 27,77
165.49376604314068,581.1966317722286,Gene 27,77
157.78612425707044,582.1502093262898,Gene 27,77
166.07640137060835,584.8916699511589,Gene 27,77
159.5045315452266,589.8591416457239,Gene 28,77
164.62074260020935,586.188492593629,Gene 28,77
164.5951375898735,582.9636213741007,Gene 28,77
161.21702134308137,584.1056212429357,Gene 29,77
165.70592279002454,583.1366712713289,Gene 29,77
164.7096497817898,586.5298844578311,Gene 29,77
162.29106062369027,585.295943897431,Gene 29,77
161.25507951730336,589.2420033364045,Gene 29,77
157.25184837292394,586.1586386534563,Gene 29,77
166.734920438412,587.2849502503893,Gene 29,77
160.7732395776993,580.4331010488046,Gene 29,77
164.3676928775611,584.1152825288377,Gene 29,77
156.627441006017,588.3667939546126,Gene 30,77
159.50670436821767,581.438575699197,Gene 30,77
160.27251663690532,587.1282728354876,Gene 30,77
164.40577741250516,582.6673657152991,Gene 30,77
157.77237742104487,583.8584707269148,Gene 31,77
157.91436256432783,584.139459192604,Gene 31,77
163.2463985884207,582.3308679231659,Gene 31,77
161.03844860945426,583.3431447954246,Gene 32,77
156.754580190203,584.2719529165624,Gene 32,77
159.33900000678955,586.6822496073955,Gene 32,77
162.00576362106042,587.9297537796956,Gene 32,77
166.52374604468164,583.389634676743,Gene 33,77
163.48032559633336,589.5477526895344,Gene 37,77
160.42398548367441,589.2938009625848,Gene 37,77
163.38967544264457,581.6201982492556,Gene 49,77
168.45025367721317,573.8146187166031,Gene 4,78
168.12634248918528,576.4971989884128,Gene 4,78
168.9311638432052,576.387088143907,Gene 5,78
165.88215634947963,582.7913761448142,Gene 5,78
169.24661439008904,578.3272962787989,Gene 19,78
170.25742799205784,577.4057633951813,Gene 22,78
169.79329425812116,577.1092836695091,Gene 22,78
164.7888480518156,582.6289755831152,Gene 26,78
166.8769475922684,585.9601929175333,Gene 26,78
169.40728777148956,578.844830957154,Gene 26,78
166.64630231378945,584.1283326621144,Gene 26,78
166.75078366675945,574.5381686636346,Gene 27,78
164.35129098362884,583.0996860294407,Gene 27,78
166.7075333797142,574.8851265705134,Gene 27,78
169.64467725241505,582.6228576903616,Gene 27,78
166.82912293289885,582.4598628498526,Gene 27,78
171.61586211118265,584.4262251096038,Gene 27,78
165.6265812904512,586.3690821097786,Gene 27,78
166.90717239381172,577.9720534791054,Gene 27,78
170.75118730025895,583.0916467847749,Gene 27,78
166.6115957040301,578.8753928851423,Gene 27,78
169.5235082507729,581.2248340085624,Gene 27,78
168.11615025833683,574.0859328835243,Gene 28,78
169.57380039779127,578.0458626007589,Gene 28,78
170.97585807931816,584.7983848078442,Gene 28,78
170.87244132263274,581.4202062841902,Gene 28,78
168.19237852923234,580.025209274679,Gene 28,78
169.17204300354882,583.24420611484,Gene 29,78
166.03419113183315,582.3879030075246,Gene 29,78
171.17661853259432,580.1878528719722,Gene 29,78
169.68295617021252,585.1425518758482,Gene 29,78
167.56552721386973,588.331359791497,Gene 29,78
169.4142748246381,584.3577449513184,Gene 29,78
169.79213732338508,577.8182666944583,Gene 29,78
165.97926551868446,576.8330125627641,Gene 29,78
170.11136333092716,581.1032050555768,Gene 29,78
168.235117445037,574.0842821264414,Gene 30,78
165.37746197306925,576.1267507916563,Gene 30,78
166.62293017127166,579.6079051310073,Gene 31,78
166.87340649009192,587.4527997755595,Gene 31,78
170.2563957462838,580.0591432538976,Gene 31,78
167.7033663786485,578.3881041146084,Gene 32,78
167.26432813384508,585.8938135393116,Gene 32,78
169.2791932975558,587.4238909057495,Gene 32,78
170.18123289935056,579.1547920203673,Gene 32,78
166.90391000386933,588.7459901607466,Gene 37,78
164.8634277260162,578.6967285748135,Gene 37,78
167.2712408049971,586.6790742890522,Gene 37,78
165.16086541480144,579.3970423877456,Gene 37,78
169.25260403068648,575.8654353570773,Gene 37,78
169.57462530265184,586.8629442796798,Gene 37,78
178.57412825096753,575.5808211119977,Gene 5,79
178.65919740831228,587.5744276727672,Gene 19,79
178.8409507198739,588.3257139118471,Gene 19,79
179.0965715220207,589.3022246875006,Gene 19,79
179.06317880334893,587.81916868481,Gene 19,79
178.51615743595326,570.0496290543863,Gene 19,79
178.96793774251162,587.2201221353047,Gene 19,79
179.09317916289191,586.1328009227449,Gene 22,79
178.68803327607193,576.0366855570311,Gene 26,79
178.3031761090419,572.3113873970262,Gene 26,79
178.7827465323408,574.2466621683352,Gene 26,79
179.0129717692556,570.7700082880893,Gene 26,79
178.76130197169826,584.9873609851237,Gene 26,79
178.3841762848518,579.1148951745463,Gene 26,79
178.6347866320898,579.2050773038733,Gene 26,79
179.24769504485334,578.1784426655587,Gene 26,79
179.32738997523958,577.2525565154477,Gene 26,79
178.86239682342818,572.5184167094848,Gene 26,79
178.63687247491413,569.2078987939302,Gene 27,79
179.00692613425124,586.6171446492143,Gene 27,79
179.16616173260857,580.1964424700852,Gene 27,79
178.91461818723744,576.1873901655044,Gene 27,79
178.78901879496513,589.7785002885054,Gene 28,79
179.07638554760646,574.6324335062103,Gene 28,79
178.79182741456347,573.2622192926178,Gene 28,79
178.10850460097552,577.0172506841645,Gene 28,79
178.08870611430132,580.2640560405248,Gene 29,79
178.5982666159591,588.9730192170915,Gene 29,79
178.8717342014638,570.5121591920702,Gene 29,79
179.22283838576257,584.4749763177387,Gene 30,79
178.12263419213454,582.7122168066338,Gene 30,79
178.22606867695325,578.960286968747,Gene 30,79
178.5551456447247,577.8496149414419,Gene 31,79
178.51352085747652,588.5715544294378,Gene 31,79
179.213800545165,584.7627446458965,Gene 31,79
178.17108687642275,584.3303643561408,Gene 32,79
178.27905463854404,576.6930461767934,Gene 32,79
178.13201022269087,579.6049336989745,Gene 32,79
178.11855934611353,582.519514180847,Gene 32,79
178.60787026770313,587.5494202626047,Gene 37,79
179.1733450128748,571.4211729241927,Gene 37,79
178.95391226392928,569.987702850005,Gene 37,79
178.70209302922902,574.5132304638823,Gene 37,79
178.31303834107982,582.9253335686117,Gene 37,79
178.6500456858194,589.2356283893065,Gene 37,79
104.00458290276113,596.135846421742,Gene 19,80
101.69623523740218,595.7064116396507,Gene 19,80
103.77611292698403,600.7935249924662,Gene 22,80
102.35653573205565,596.6211651072656,Gene 26,80
104.09923990413175,599.4337860177271,Gene 26,80
102.24704537281166,596.2633189927043,Gene 26,80
103.15428851609124,601.9461496409137,Gene 26,80
103.6147053920031,596.6265921085502,Gene 26,80
103.47816780731026,597.7667989167846,Gene 26,80
104.28526244706207,593.186343133114,Gene 26,80
101.65043133649033,591.3124495937146,Gene 27,80
103.19334867055554,600.0178628965022,Gene 27,80
103.17233895924372,585.7060458098869,Gene 27,80
103.65191046547342,585.582566519185,Gene 27,80
103.57276118015014,601.3378203549214,Gene 27,80
102.20944955935977,599.4752232048158,Gene 27,80
103.18536923009262,584.3087189135822,Gene 27,80
104.28576343690924,589.9068641658876,Gene 27,80
103.01594747693287,586.721578556033,Gene 28,80
102.93498161135035,599.4571450848198,Gene 28,80
103.29836338071303,603.4016603319217,Gene 28,80
102.02055960526548,597.4685658418244,Gene 28,80
103.93182296266755,599.1531906033825,Gene 28,80
104.14900413097723,594.0012941362763,Gene 29,80
102.62008944872787,602.3413483600663,Gene 29,80
102.17413311268903,586.7416048734377,Gene 29,80
103.87463467116189,598.1281416036628,Gene 29,80
103.73079747305061,598.1005414707473,Gene 29,80
102.59495681480561,587.8611013652528,Gene 29,80
102.61388113550413,585.487142613531,Gene 30,80
102.21370880504982,583.9498197879843,Gene 30,80
103.22459231537114,600.5358214429334,Gene 30,80
102.42269630681098,596.0292081733726,Gene 30,80
103.74016185780857,595.1568744110411,Gene 30,80
104.45113828234983,596.8984421565402,Gene 30,80
101.56451359204465,595.6240971197429,Gene 30,80
102.5319562591783,597.4408845575132,Gene 30,80
101.60083642605387,589.4077247409048,Gene 31,80
101.97002919994758,596.9235883685983,Gene 31,80
104.02414492350992,592.4669136619793,Gene 31,80
102.81870350403841,599.3684309258138,Gene 32,80
101.6178128320593,590.0041853533326,Gene 32,80
102.42658687851295,596.5734702592854,Gene 32,80
103.07254013373746,602.8702920565769,Gene 32,80
102.51997018486738,588.2667105067353,Gene 32,80
102.1781444332023,587.651113092808,Gene 32,80
102.1166118185686,588.8465746420349,Gene 34,80
104.39236958687945,597.8219682538256,Gene 37,80
103.969952469037,598.0643760605245,Gene 37,80
104.28349387122637,597.9871302566287,Gene 37,80
102.81949558079437,602.7603957752607,Gene 37,80
102.38059294643317,584.6834482467891,Gene 40,80
113.18780601250283,589.488993008673,Gene 4,81
113.44904572574147,588.1195776608715,Gene 4,81
114.135533594975,579.8392233391858,Gene 19,81
114.32917690545628,595.9576511851224,Gene 19,81
114.41686125710649,582.2121433143648,Gene 22,81
113.18373845850569,587.9445609261641,Gene 26,81
114.19049910106422,581.864537175392,Gene 26,81
113.32142251501125,583.7686715042732,Gene 26,81
113.08468629384917,594.0234351820098,Gene 26,81
114.66335807533707,593.0025631678734,Gene 26,81
113.76129427754226,598.4456673654719,Gene 26,81
113.39007123574086,583.6216505481822,Gene 27,81
114.21909535491876,594.0258350533192,Gene 27,81
114.74533659943017,593.8042145655924,Gene 27,81
113.611611449059,589.1508609339178,Gene 27,81
114.43514462395096,583.5613311471325,Gene 27,81
114.16789029511675,595.0884552334564,Gene 27,81
114.4996082709256,592.4300884984488,Gene 28,81
113.75512439016062,597.1866373578304,Gene 28,81
112.92400353788102,586.3230975683766,Gene 28,81
114.6680304646753,581.9066532180991,Gene 28,81
113.42031576352039,590.7002893639865,Gene 28,81
113.42055481240705,598.2098837822651,Gene 29,81
113.75025218246903,580.7401333579677,Gene 29,81
114.5610950509474,581.7890505215204,Gene 29,81
114.38122551902006,590.451405482233,Gene 29,81
113.15041635399452,585.4350097534863,Gene 29,81
113.36378598191496,584.0770175781192,Gene 29,81
114.09645246515555,588.2576081036965,Gene 29,81
113.51156899524005,582.9491783258059,Gene 29,81
114.69029314344122,582.3333974826039,Gene 30,81
113.7676402275231,597.274703037232,Gene 30,81
113.71558621000463,597.9292969952394,Gene 30,81
113.23282227370926,584.8545876595865,Gene 30,81
114.68605543639602,596.2120018488164,Gene 30,81
113.37135316376647,593.26448566585,Gene 31,81
113.2592398341485,595.2587689969934,Gene 31,81
113.25925051361398,586.7135855428955,Gene 32,81
114.89102735989428,593.0924209594602,Gene 32,81
114.23719688644,581.8286091215427,Gene 32,81
114.43304495453644,583.074054999311,Gene 32,81
114.4323362231049,591.5095152346379,Gene 32,81
114.64773218907123,596.6748401709225,Gene 32,81
113.89261145007438,580.9593798123501,Gene 33,81
114.32304315928042,590.0476774820876,Gene 36,81
113.70828474091469,593.9515718704703,Gene 37,81
113.87518559213012,587.6831907236849,Gene 37,81
114.82391625421646,593.5560820085014,Gene 37,81
113.13973692362316,584.6404001913783,Gene 38,81
114.87505105897053,589.785340456802,Gene 49,81
127.65861645523607,582.5450043210622,Gene 4,82
130.58297513400754,588.7216128430231,Gene 4,82
126.63787770237157,582.4265524349702,Gene 13,82
130.16729934618462,584.5512422287478,Gene 19,82
130.22594035795512,583.1716856608883,Gene 22,82
126.34219502014064,589.0398850850836,Gene 26,82
131.2401671152176,588.6750906931094,Gene 26,82
128.79922586666106,594.3711808686743,Gene 26,82
126.8551608469536,590.4417564445752,Gene 26,82
126.83805434541826,591.9652377341088,Gene 26,82
127.19860428689425,589.7694725647494,Gene 26,82
127.75818519572357,581.0643251946796,Gene 27,82
128.2570624936405,593.8934153400488,Gene 27,82
130.21209077610175,595.4399026680079,Gene 27,82
129.14610081818753,596.149797765441,Gene 27,82
127.00188843748751,589.775419202938,Gene 27,82
127.19334959925065,593.8182890773758,Gene 27,82
131.16323951788624,587.1459514996377,Gene 27,82
127.76768777648033,591.4039382704029,Gene 27,82
129.21429687814302,585.1597144661043,Gene 27,82
130.3799421417626,594.4073270144982,Gene 28,82
129.5858424352379,582.8107015049014,Gene 28,82
128.03865677957782,579.2398824130606,Gene 28,82
130.1650513209947,582.7451042183034,Gene 28,82
127.59026810507177,580.6617914997805,Gene 28,82
126.84872573684022,588.898965481755,Gene 28,82
128.71264926618448,582.5626736409048,Gene 28,82
129.96584468432692,592.1597112300961,Gene 29,82
131.274979266616,590.7998137910773,Gene 29,82
126.5236815711868,589.5932660823293,Gene 29,82
128.35988955741303,584.4724622797108,Gene 29,82
127.55693317309259,581.7655087813538,Gene 29,82
130.40789282742827,592.1962230767218,Gene 29,82
128.13830150161522,591.8896910115632,Gene 30,82
127.42762571525346,591.4711895266348,Gene 30,82
128.78987604454977,589.5757176144978,Gene 30,82
128.3330337928394,593.8807400859573,Gene 31,82
128.60028374412414,582.4246740426744,Gene 31,82
130.7409905460566,591.4768683281573,Gene 31,82
130.1349049438931,594.9906538655682,Gene 31,82
127.66988796953106,590.1355354410899,Gene 31,82
130.7240047560842,587.3038123815388,Gene 32,82
127.00229395181616,584.7590250632678,Gene 32,82
128.79634506040387,579.7175853215772,Gene 32,82
128.09176472772089,593.0168301631097,Gene 32,82
129.68350482501148,582.9400134409697,Gene 33,82
127.25611144270025,593.5002519623575,Gene 33,82
127.77435640083013,582.6695229198803,Gene 37,82
128.32419772815823,579.5394558467285,Gene 37,82
127.24520239669513,594.9457556908579,Gene 37,82
134.07793917334834,586.7399577517759,Gene 4,83
134.19769406160995,582.5249675042656,Gene 4,83
135.99145712043355,593.2738565329674,Gene 16,83
135.7189225381438,586.893722315867,Gene 22,83
135.00412829354792,585.9342174693604,Gene 22,83
133.75111692670382,584.9272009970713,Gene 22,83
135.94840996577594,585.1078588463602,Gene 26,83
135.65109092823326,598.2296284958172,Gene 26,83
136.32170790060817,590.4748442709841,Gene 26,83
133.45376309019395,593.6853115298575,Gene 26,83
133.5722292847435,586.5661400807147,Gene 26,83
135.69802285775643,587.0683422614463,Gene 26,83
133.93126009455057,596.2171939977833,Gene 26,83
135.16522616575983,584.6963245685604,Gene 26,83
134.050992028966,584.0918040705633,Gene 27,83
134.39663229618716,597.2617723120013,Gene 27,83
134.88987045430576,585.7797782304077,Gene 27,83
133.35676611907286,594.7366206876515,Gene 27,83
133.598217152791,594.3595402860844,Gene 27,83
135.26637753160233,597.7586045129466,Gene 27,83
134.84048752607845,586.8550325255312,Gene 27,83
133.58373796221355,585.1874575074575,Gene 27,83
134.30998011920138,595.8465901508216,Gene 27,83
133.12923289352509,589.3092672124859,Gene 28,83
136.0061885206268,589.6092031379011,Gene 28,83
133.35035123293156,590.3895833573811,Gene 29,83
134.1829406436444,585.1852236096863,Gene 29,83
135.59534009026825,591.1229476421505,Gene 29,83
134.71635428681302,587.8004999986501,Gene 29,83
134.5959018851419,584.8260156524626,Gene 29,83
133.0027477102045,594.912447324737,Gene 29,83
135.34951041645382,594.9415579562786,Gene 29,83
136.3637180401933,589.4605673132507,Gene 29,83
133.1046405589881,587.1624687650698,Gene 30,83
134.33919691179116,584.8437517667726,Gene 30,83
135.77627776182197,588.3688775541584,Gene 30,83
135.8681040206929,595.8302187151961,Gene 32,83
135.83700047379207,588.7888237949776,Gene 32,83
135.36306109046814,593.5149914546606,Gene 32,83
133.28605697188084,591.9793940993187,Gene 32,83
133.22181797523476,588.8575992455054,Gene 32,83
136.25161731771752,591.5699565325793,Gene 32,83
134.26960527802126,598.4028487059148,Gene 32,83
134.29757981946082,595.6910047040266,Gene 32,83
135.6342563377369,587.7163258158843,Gene 32,83
135.84522928080247,587.5106258790596,Gene 32,83
133.96792512840346,585.3275262639191,Gene 32,83
133.2711902029355,586.8271465928121,Gene 33,83
133.29097018858863,585.3858084392343,Gene 36,83
135.43648045275597,598.9807297106983,Gene 37,83
135.06057160662297,599.627157333939,Gene 37,83
133.09588852184496,589.0543436153813,Gene 37,83
134.10503775041659,591.1587415765835,Gene 37,83
136.0537180864235,585.6652981894939,Gene 49,83
147.93208277803578,587.254616543887,Gene 5,84
145.98293234232042,600.297287105878,Gene 19,84
147.48407747722368,591.5805190225909,Gene 19,84
147.32576330599167,587.9656578511106,Gene 19,84
147.12519660215855,589.2854755642448,Gene 26,84
145.69905062212158,591.64317688039,Gene 26,84
145.98598192232282,599.304523329642,Gene 26,84
146.2460665988486,582.780595854006,Gene 26,84
145.40976871538138,589.7711591376888,Gene 26,84
145.16143556335987,594.6341520518816,Gene 26,84
145.37058377358758,592.3860976972804,Gene 26,84
146.82060437974303,594.9385968284165,Gene 26,84
147.85007478736046,588.0876609963549,Gene 26,84
146.52286467331135,597.4123654919345,Gene 26,84
147.2423178737601,599.0602586203689,Gene 26,84
146.38545398078807,590.4304539002687,Gene 27,84
144.97042940340455,594.1553642893448,Gene 27,84
147.76615549822088,590.3380703614745,Gene 27,84
146.128174254838,595.2849522237999,Gene 27,84
147.12484480324332,602.0566974601591,Gene 27,84
145.4803010521613,589.2574945794454,Gene 27,84
147.03770675506664,584.8787689207027,Gene 27,84
147.97261156314525,592.1659778790204,Gene 27,84
147.2589571863081,584.0259320918648,Gene 28,84
146.88548420577857,600.2737497082544,Gene 28,84
148.0248474365674,589.2983627261867,Gene 28,84
147.41503944577676,589.2249204038953,Gene 28,84
147.59700085897012,597.3324298054334,Gene 28,84
147.5107808749901,600.6639750658777,Gene 28,84
146.17210428454104,586.5123413665281,Gene 29,84
144.98842012425993,590.1730298137857,Gene 29,84
145.16587086530996,588.666611351116,Gene 29,84
147.92901073721916,585.7161058928771,Gene 29,84
145.35195762254205,593.090096883887,Gene 29,84
147.77649489846593,598.6576734534183,Gene 29,84
147.59652944208347,598.058835562878,Gene 29,84
148.18929336456227,592.556102580548,Gene 29,84
145.2981883351093,596.365600733325,Gene 29,84
145.8317531441398,596.7120053881334,Gene 30,84
147.7333631723198,587.3540487639144,Gene 30,84
146.00277771118675,596.5814734415425,Gene 30,84
147.0297730296537,591.4516768009514,Gene 30,84
148.11927852834478,595.5946211622039,Gene 30,84
146.9096467590351,588.6215291506754,Gene 30,84
146.36990389125913,597.6730864145303,Gene 30,84
147.57980981101633,594.6177074756811,Gene 31,84
145.7044613668613,590.1682882835624,Gene 31,84
145.12544664984623,586.9907210179972,Gene 31,84
146.17406629239915,598.6049200603485,Gene 31,84
145.74088097951386,587.7917686729174,Gene 32,84
147.86322813091576,585.4302558618198,Gene 32,84
147.39819822406838,584.8121291482416,Gene 32,84
145.34169585645594,592.90352388512,Gene 32,84
147.95691087734426,594.3197526067743,Gene 32,84
145.74787979396595,597.0613999423717,Gene 37,84
153.39163806938333,598.5259964678866,Gene 5,85
153.3949171212491,594.044237959034,Gene 19,85
153.38023091538312,594.8292966277434,Gene 19,85
153.38740813303187,585.0620623312034,Gene 22,85
153.37994509489823,584.1506105756166,Gene 26,85
153.3820222334206,588.210525261167,Gene 26,85
153.39364364085245,591.0256556232943,Gene 26,85
153.38861581050898,598.6105601523003,Gene 26,85
153.38675068266397,592.9332421615189,Gene 27,85
153.39170298346806,590.9311328353317,Gene 27,85
153.39152244444122,585.7728567011245,Gene 27,85
153.37844548134174,595.6438865628769,Gene 27,85
153.3855986330984,590.1743344126453,Gene 27,85
153.38051572342778,591.653379994292,Gene 27,85
153.3919852773015,593.7729349148191,Gene 28,85
153.3792429563798,587.5381737558953,Gene 28,85
153.3850740397078,595.0350187879396,Gene 28,85
153.39141497640338,585.9929528060228,Gene 28,85
153.3897242426404,599.1600962402426,Gene 28,85
153.38683184692653,584.7563926614052,Gene 28,85
153.37912336154838,598.1086321737589,Gene 28,85
153.38652403943607,582.8625796566148,Gene 28,85
153.39427836314957,594.5789706514321,Gene 29,85
153.3887885785388,593.0569708661583,Gene 29,85
153.3782346867577,587.8500715237227,Gene 29,85
153.38064213546167,596.6217084992749,Gene 29,85
153.38118734352832,594.6194691365034,Gene 29,85
153.39173639200428,588.1672239582006,Gene 29,85
153.38887449189855,595.5483375378366,Gene 31,85
153.38545032155108,579.9205750176334,Gene 32,85
153.38587131639113,598.0100968740094,Gene 32,85
153.38862483829584,580.7978637528377,Gene 32,85
153.39063083801176,591.0833155232051,Gene 32,85
153.3901889221029,582.8564369394434,Gene 33,85
153.38295761349147,586.0006247852965,Gene 35,85
153.39160038392373,598.9583607120799,Gene 37,85
153.37860227709552,588.3890337897026,Gene 37,85
153.38248054652098,595.2010165820667,Gene 37,85
153.38053176024056,594.4982879464387,Gene 37,85
153.3879552365863,585.6844487282166,Gene 37,85
161.26315732930652,595.0699237156585,Gene 19,86
160.49467230996498,586.1782017069141,Gene 19,86
160.67270904216426,583.0465800609659,Gene 22,86
161.15846955827544,586.5484316537811,Gene 22,86
160.31430831062397,593.3218498941595,Gene 26,86
160.27686510465432,588.008739120263,Gene 26,86
160.43933878166797,595.7366429662073,Gene 26,86
160.47209395891076,590.9383728289251,Gene 26,86
161.32831306159204,590.8144674999589,Gene 26,86
160.99452781696127,599.1308190257474,Gene 26,86
160.82651656812135,603.1523908755944,Gene 26,86
160.66196166130774,588.2813700176239,Gene 26,86
160.57380999248699,596.9270073305715,Gene 26,86
160.85932784065972,598.6698181100696,Gene 26,86
161.07353816134903,582.8755869907934,Gene 27,86
160.48873424894705,601.1979379182119,Gene 27,86
160.509018200788,594.4773653206745,Gene 27,86
161.30215833610643,599.2316199190086,Gene 27,86
160.7518027673459,587.7463381697875,Gene 27,86
160.6676100471847,588.667359268392,Gene 27,86
160.4739618405662,591.1526587441329,Gene 27,86
161.1084954051747,595.0353538561696,Gene 27,86
160.36530441296904,590.1230231371243,Gene 28,86
161.25668708464124,588.6423397707482,Gene 28,86
161.3426974281066,588.2386672226529,Gene 28,86
160.5089182098266,583.0364898432725,Gene 28,86
161.3186129777074,584.5208567534662,Gene 28,86
160.90303044161658,586.9679562519233,Gene 28,86
160.8970839608096,583.9421387406871,Gene 29,86
160.58053374918006,588.5971857489915,Gene 29,86
160.46199226831223,593.1933392525474,Gene 29,86
160.40647961856317,586.9546067652201,Gene 29,86
161.16757757022586,588.1534424668765,Gene 29,86
160.96478002541568,602.1316562019935,Gene 29,86
161.33622495097163,586.8758327610053,Gene 29,86
160.919656345344,599.6494765321652,Gene 29,86
161.31109842942323,587.2541793958303,Gene 29,86
160.7332155528978,585.2524049556989,Gene 29,86
160.51550835220772,584.5486322748717,Gene 30,86
160.36287370448898,586.2240509957925,Gene 30,86
160.5942713489156,585.0960806960176,Gene 30,86
160.72401266304055,599.7525018333143,Gene 30,86
160.3032582747039,594.8344929174151,Gene 30,86
160.49602709212897,589.8322758227706,Gene 30,86
160.4820592900591,589.2187090349387,Gene 30,86
161.27543305696392,598.0731994511125,Gene 31,86
160.23538108556818,595.1836335639307,Gene 31,86
161.3673800669141,592.3354567195788,Gene 31,86
160.40473896969215,590.1726278491037,Gene 31,86
160.43490019472935,589.6559163832644,Gene 32,86
160.4954960429449,602.3188267389257,Gene 32,86
161.21468662656793,597.9972200331061,Gene 32,86
160.49425520729085,594.369556648754,Gene 32,86
161.36925628560851,592.5969449805112,Gene 32,86
160.37480200900768,594.4640058686479,Gene 32,86
160.26324970132382,595.3062334273541,Gene 33,86
161.16406190477588,584.6186672419869,Gene 36,86
160.4637781284122,598.3028091589294,Gene 37,86
160.7147430643174,581.8463928279019,Gene 37,86
160.8580987506288,587.2511775089564,Gene 37,86
160.28850419998312,594.8270843430431,Gene 37,86
176.21901115411907,584.1312771201328,Gene 4,87
175.19595605459284,587.6415027055266,Gene 5,87
175.59731002390313,582.7325596589246,Gene 5,87
176.01045688194714,600.82160127589,Gene 22,87
175.74096871447477,598.8668640426697,Gene 26,87
174.6249630691037,587.0984682986299,Gene 26,87
174.81038780076747,597.8368126636585,Gene 26,87
176.1936244830374,598.9093995580116,Gene 26,87
176.68055470353295,591.1347914204509,Gene 27,87
176.53486730365097,593.0695664297915,Gene 27,87
175.8315406992207,597.5947753441636,Gene 27,87
174.98814318622127,599.8125521316811,Gene 27,87
175.09723579412005,592.2277344915713,Gene 27,87
176.17162364080505,600.7991761981965,Gene 27,87
175.0562098526706,599.0061906136318,Gene 27,87
175.74242493790783,583.5685515854242,Gene 27,87
175.13836760950153,599.969639863258,Gene 27,87
176.50698618562515,587.1208607138839,Gene 27,87
174.79152502959448,597.6292439492014,Gene 27,87
175.5543645801153,595.0490928518067,Gene 28,87
174.38525318820083,589.273305830382,Gene 28,87
176.3151244943513,587.2271283222581,Gene 28,87
175.24590199875405,595.7168061753074,Gene 28,87
176.3939580442716,599.1267587398629,Gene 29,87
175.15872034718782,599.7948737479018,Gene 29,87
174.75599298834888,596.0589022030791,Gene 29,87
175.76164299832186,586.1204382457363,Gene 29,87
176.62325727672703,591.4999223397225,Gene 29,87
174.73623135610532,585.4214105588179,Gene 29,87
176.55474305638364,586.2456887926911,Gene 29,87
176.59541867929303,591.3180787590812,Gene 30,87
175.99191305729798,585.1198072418924,Gene 30,87
174.97223514434376,591.6548192442144,Gene 30,87
176.35004690560226,591.4867375322074,Gene 30,87
174.32099776687423,589.6869011453366,Gene 30,87
175.14605902082917,582.8880539302052,Gene 31,87
174.8348967177966,598.294404237811,Gene 32,87
175.86110789185895,592.8157478863499,Gene 32,87
174.23329346068746,595.6372000735332,Gene 32,87
176.2874819510475,593.2398973552897,Gene 32,87
176.39881333362416,588.2388396327059,Gene 32,87
175.3668187509914,583.5568184898967,Gene 32,87
174.97040213750498,583.8929762010738,Gene 32,87
176.20583120893275,596.5106484824644,Gene 33,87
176.4950014894533,590.0063103528098,Gene 37,87
175.08712308299897,599.4597543874384,Gene 37,87
174.79718016647746,590.7602301019942,Gene 37,87
176.43358736405295,587.9774893260934,Gene 38,87
183.03361012288133,584.8412959118749,Gene 5,88
181.68019333332978,590.4784852196707,Gene 16,88
184.88502674254542,594.8869231772264,Gene 19,88
185.50107919658893,588.8392538515874,Gene 19,88
183.0990444033802,580.4189256984622,Gene 22,88
181.82825501721828,594.0809825941628,Gene 26,88
182.14186835766955,582.5739915174208,Gene 26,88
181.75767262689823,581.3983734755724,Gene 26,88
181.6785812139141,581.2973075168284,Gene 26,88
181.1389659493236,586.1834760865127,Gene 26,88
184.66978032467816,585.4251852837863,Gene 26,88
180.90852967112988,584.5419223600699,Gene 27,88
181.08486649563824,585.8015985755375,Gene 27,88
180.66538755237298,584.0588157722987,Gene 27,88
183.47208998124373,581.6860231413616,Gene 27,88
181.81047257972514,592.846303814644,Gene 27,88
184.65476228590086,585.0130206515809,Gene 27,88
181.31569055393086,586.4461162819797,Gene 28,88
181.12075169993054,592.8394707357552,Gene 28,88
181.21062810914873,588.0364403764339,Gene 28,88
181.8710675477937,580.2049117160532,Gene 28,88
182.55620501678646,580.2483535526522,Gene 28,88
182.7267260212013,581.6201858651082,Gene 28,88
182.79095749349457,583.2034973694691,Gene 29,88
183.0638676382733,596.2206007225986,Gene 29,88
185.85979440233118,587.1002159741521,Gene 29,88
185.4518102361068,588.0538447633146,Gene 29,88
184.22108299280134,595.4717129835507,Gene 29,88
185.4193692101652,585.1871485585712,Gene 29,88
182.8926984182317,593.5003298520544,Gene 29,88
183.94503758645874,594.1498288135632,Gene 29,88
184.33332876507154,584.6404540944919,Gene 29,88
181.45010004986662,593.3589419459902,Gene 30,88
183.40681473261463,582.5363144286865,Gene 30,88
184.9838043094388,593.3714109362113,Gene 30,88
180.97953747382147,584.6805710202912,Gene 30,88
181.80373323965438,595.3636993088347,Gene 30,88
181.82864001180332,595.4609628616878,Gene 31,88
181.46102172192073,584.2790263853827,Gene 31,88
184.10135983227988,590.8900684691037,Gene 31,88
185.79539882659174,585.6509684522846,Gene 31,88
184.71226452825195,589.2762807882538,Gene 31,88
182.10255720506515,592.3007293008453,Gene 32,88
182.70302167919706,581.2358613646859,Gene 32,88
181.60980907492007,591.6225951251375,Gene 32,88
185.32921934911303,590.3096220404468,Gene 32,88
181.15353657412732,586.5498534291864,Gene 32,88
181.4545183079048,583.0837096796972,Gene 37,88
183.24439636606613,581.5178953121281,Gene 37,88
183.06341205634135,589.4426961887747,Gene 37,88
185.04697811408965,585.8492316897177,Gene 37,88
182.5595721160816,581.1949459534442,Gene 40,88
105.06658911798851,595.0022292119895,Gene 19,89
105.43095300181362,600.4696195769379,Gene 26,89
98.8550547649244,602.9366399393169,Gene 26,89
102.63325624005688,597.9865092630043,Gene 26,89
101.40158869830385,603.4021916381345,Gene 26,89
98.79086088307513,597.8320462078602,Gene 26,89
98.33300261032333,596.1066761223667,Gene 26,89
98.03113105424777,600.4536040554185,Gene 26,89
103.8739587904201,600.7699750740865,Gene 27,89
98.99108898334252,602.6510709889214,Gene 27,89
99.52460331955947,590.9054359247802,Gene 27,89
99.88982158967556,594.4226743014461,Gene 28,89
100.40969946038577,599.7412009777835,Gene 28,89
101.88207681381083,603.1529417425736,Gene 28,89
103.37726162270754,591.0136757888918,Gene 28,89
99.53539328484638,599.9786105656706,Gene 28,89
99.47930563787367,594.6067719872561,Gene 28,89
103.77771096728122,599.8519558413038,Gene 28,89
103.87718285262338,596.9110454298745,Gene 28,89
103.06363154728218,591.731741883599,Gene 29,89
100.58526721713804,592.0032167916467,Gene 29,89
103.68166832296032,601.5103078957351,Gene 29,89
99.17218436782501,592.6739296090734,Gene 29,89
104.75575744044558,595.1161532005206,Gene 29,89
99.7357565436066,600.7486532500178,Gene 29,89
104.888978576321,600.1309823719143,Gene 29,89
97.794669766011,596.6807194670255,Gene 29,89
97.8725852163206,600.1786892137544,Gene 29,89
102.03339529295674,602.6093519828175,Gene 30,89
99.9429321362422,594.0969416628124,Gene 30,89
102.23583209359319,604.1854340426944,Gene 30,89
100.30029649557731,604.3712421255038,Gene 30,89
101.59867101128282,600.7360657339985,Gene 30,89
99.71384048661771,597.9687667746769,Gene 31,89
103.36507534671225,595.2616822024513,Gene 31,89
101.88877323705185,592.4797562997845,Gene 31,89
97.7505759029369,597.4245720210863,Gene 31,89
100.31886993125852,593.9597543798138,Gene 31,89
99.1119018329978,594.4017533152241,Gene 32,89
103.2031643192037,593.3826255902128,Gene 32,89
103.7391405760716,594.1422263842766,Gene 32,89
101.66174760178882,592.3000507282615,Gene 32,89
102.7792360657243,597.7422683375833,Gene 33,89
100.65988391739306,602.6587044123764,Gene 34,89
104.312384743086,599.600961139455,Gene 35,89
103.38424825408136,602.296112949991,Gene 36,89
103.81609731900906,600.8215885901465,Gene 37,89
105.2558819475877,598.3657354777897,Gene 37,89
104.56775537347788,592.758856432028,Gene 37,89
98.4829881608743,594.5867919930921,Gene 37,89
103.60736526781525,592.6226973685616,Gene 37,89
99.17141256037117,593.1082481820947,Gene 37,89
100.30574618125648,604.1084923678434,Gene 40,89
112.59936970582403,600.3645768845038,Gene 4,90
110.0822153637643,595.4827404006566,Gene 19,90
113.64472948532755,593.7711706912079,Gene 22,90
111.86052785754346,600.3315804346438,Gene 22,90
106.8578580450128,594.9712708273986,Gene 26,90
106.64699049186818,599.3085481135195,Gene 26,90
106.9310931419145,596.1310404042657,Gene 26,90
113.23848269058101,595.6650904137814,Gene 26,90
112.8605578121113,592.1106281680936,Gene 26,90
112.10089596409709,593.5482282173693,Gene 27,90
106.40011470280847,599.6014992534044,Gene 27,90
106.52034419629126,599.7827786617736,Gene 27,90
109.32439341877655,599.7290890964748,Gene 28,90
106.52339877040403,597.4740186435786,Gene 28,90
105.54678821031607,598.4760712155992,Gene 28,90
113.70804208433415,599.7732963239724,Gene 28,90
111.2119111586321,602.2489781598849,Gene 28,90
111.30333324354257,590.9548850172316,Gene 28,90
109.22078464946928,600.2362905294194,Gene 28,90
113.58847432461513,592.4303807482324,Gene 28,90
108.63513795181215,598.754574133654,Gene 28,90
112.68453189865298,600.129169758009,Gene 29,90
112.3029929614187,596.2426509389331,Gene 29,90
109.22346374489652,601.5029223393925,Gene 29,90
107.80623745365791,600.4181738794382,Gene 29,90
110.17411531388714,597.6122083406256,Gene 29,90
109.08125245409397,600.0892798962849,Gene 29,90
105.91712370312538,597.6035560616045,Gene 29,90
106.29568522646197,595.8415932276465,Gene 29,90
110.11431895180792,595.8174532646005,Gene 30,90
108.35201527174506,593.5143675043939,Gene 30,90
111.2225144255751,599.9131132541298,Gene 30,90
106.34254586309372,597.179797605456,Gene 30,90
110.58224324815309,593.3305416892606,Gene 30,90
109.1271516014293,593.0656410637654,Gene 30,90
105.96927015951546,596.5573950544672,Gene 32,90
108.141284085286,592.616593107218,Gene 32,90
105.76050670151265,595.2153248065657,Gene 32,90
112.69277923430614,599.2294384754247,Gene 32,90
110.75176688852733,591.7955963267427,Gene 32,90
108.2148949564864,601.9125514231819,Gene 32,90
109.63871275215698,600.3756663454185,Gene 32,90
110.84563964789812,592.3440425522999,Gene 32,90
108.86318028058938,600.0531795386272,Gene 35,90
114.42624225786082,599.4315785925194,Gene 35,90
113.95652556984072,599.6278709404218,Gene 37,90
109.44413062350137,600.6918949266344,Gene 37,90
109.17688636863959,593.0163116804825,Gene 49,90
131.44454547147114,603.2299182339733,Gene 4,91
131.69926860476855,594.4958563051006,Gene 4,91
133.8051336524558,602.9193903019238,Gene 5,91
131.1767306089393,592.4222554379112,Gene 19,91
132.29040703055495,592.5264789248729,Gene 26,91
130.7678553913441,592.9988789193648,Gene 26,91
131.21054525018616,598.1744966886414,Gene 26,91
133.76476475111613,601.3415435469632,Gene 26,91
134.26501988927674,602.3744238557746,Gene 26,91
132.04003547339113,590.7760659581306,Gene 26,91
129.69931682139347,599.7228249063646,Gene 26,91
133.66659306589756,603.9626666054945,Gene 26,91
133.35929020567835,600.8832700656753,Gene 26,91
130.95017553764282,592.8986212178334,Gene 26,91
131.36786254100002,604.3629352219479,Gene 26,91
131.74034650189233,607.0042996926485,Gene 26,91
130.21900809212744,599.9117822773757,Gene 26,91
133.17107426226036,596.8488025509772,Gene 27,91
134.1785147248788,598.2056322789668,Gene 27,91
134.09331398599474,596.6461751795275,Gene 27,91
134.10761514607373,597.4142390508016,Gene 27,91
130.05635422874852,595.9591098434714,Gene 27,91
129.74675449632386,598.9978620503941,Gene 27,91
131.41359410351336,593.5145725355637,Gene 27,91
132.86210193337087,594.208637543251,Gene 27,91
134.16747078939966,600.3735578818689,Gene 27,91
129.86184204600966,598.1361190398522,Gene 27,91
132.02597143849684,591.1759741528771,Gene 28,91
133.4991016206544,597.1401592256636,Gene 28,91
129.98225856734823,598.7535540753912,Gene 28,91
130.17112707883535,602.9105420697458,Gene 28,91
132.8801716353804,595.8003800285617,Gene 29,91
129.7864742918897,597.1845569639686,Gene 29,91
132.93701080905157,594.4659661765568,Gene 29,91
134.35331720638314,601.9228218473447,Gene 29,91
133.15067635808956,594.4712623843662,Gene 29,91
131.3657879138299,593.0594204798514,Gene 29,91
133.4119751339575,595.5521333184643,Gene 29,91
131.0307634886604,605.5210530941297,Gene 29,91
129.36922733170223,600.1761793364263,Gene 29,91
132.36714052100064,591.8915278481434,Gene 29,91
130.7582145108512,605.8459556759577,Gene 29,91
130.5099467426055,595.6588982516249,Gene 29,91
130.8858681781053,600.9344167708297,Gene 30,91
132.82008519720176,606.1620770907649,Gene 30,91
131.4233352579679,604.5921953753142,Gene 31,91
133.63252877906646,606.0285413366894,Gene 31,91
130.32663057869954,605.1818423661285,Gene 31,91
130.94135301172832,600.9679728530176,Gene 31,91
131.9537772607052,590.5168702715185,Gene 32,91
130.0261473656755,598.6307769275662,Gene 32,91
132.29374977391984,589.2726715509466,Gene 32,91
130.6348868122467,594.9410539002068,Gene 32,91
130.3536201457362,599.1366369900056,Gene 32,91
131.66003321372136,591.5253246003225,Gene 32,91
130.4725315048101,592.8020057199732,Gene 32,91
131.73564332715844,595.0955739665815,Gene 33,91
134.19145640966192,600.5481770963946,Gene 34,91
132.7898880026545,606.671838664397,Gene 37,91
130.90212148131593,604.5822412499402,Gene 37,91
132.24287867413,607.5698656387175,Gene 37,91
131.58261692463591,600.1992807441425,Gene 37,91
131.19179261060307,602.8802361956896,Gene 38,91
141.75752302896962,598.1652818319492,Gene 4,92
137.8104457192576,599.0090311645348,Gene 19,92
147.22900035754586,599.1466520415158,Gene 19,92
134.72930412235405,599.531174020269,Gene 19,92
141.9697577581973,595.3135247085917,Gene 19,92
141.62247715933853,596.7006281551161,Gene 22,92
147.92728189179715,601.163527180719,Gene 22,92
135.0639552367436,598.7423841597716,Gene 26,92
146.36147617090361,601.5162425502112,Gene 26,92
144.08117154312504,597.1271327553675,Gene 26,92
141.0067237381907,596.7752793364835,Gene 26,92
137.3626921944376,601.1163363113179,Gene 26,92
147.7246820377526,599.6658051585107,Gene 27,92
135.73496963971405,597.5437095776322,Gene 27,92
140.51625332237202,597.6694133680265,Gene 27,92
141.6021811311211,596.6833042801588,Gene 27,92
138.42789738145095,603.1522592684846,Gene 27,92
141.86659275160025,597.0472676051417,Gene 27,92
144.37882943838218,602.2020087556887,Gene 27,92
146.63053594185092,598.1951085649677,Gene 27,92
144.54760421522533,596.6331156245099,Gene 27,92
139.0927738528858,603.180669681263,Gene 28,92
139.6585564316314,603.6472101966274,Gene 29,92
138.13881125661362,596.9939750321358,Gene 29,92
140.8031096966137,596.9224056097529,Gene 29,92
137.18450762872652,598.5221600051517,Gene 29,92
136.68813291047022,599.7154911689203,Gene 29,92
146.09264854567832,598.4733251146661,Gene 30,92
144.30307154406037,597.1391441281593,Gene 30,92
139.4448351775977,601.5069631417158,Gene 30,92
136.77815631157458,598.0954036141343,Gene 31,92
135.84755532432987,602.6819197803435,Gene 31,92
147.96123381821832,599.6305820066632,Gene 31,92
136.149299615652,597.8278087410358,Gene 31,92
142.08483330800067,595.5293579056631,Gene 32,92
144.9518372121963,601.9836341207211,Gene 32,92
137.24973630469395,596.3386952696667,Gene 33,92
136.01891222112437,597.6738317511804,Gene 37,92
137.735783629326,599.5555653882096,Gene 37,92
146.45544637513302,599.6925329990761,Gene 37,92
141.88765977372427,597.7938685009404,Gene 37,92
147.20884009152567,599.8179835085467,Gene 49,92
148.51602727649114,602.0958455760945,Gene 4,93
148.85818871209005,604.3061878736452,Gene 19,93
148.91240212457998,591.1038955516303,Gene 26,93
148.92912016964416,601.237030422087,Gene 27,93
148.88714530451807,591.6859318837369,Gene 27,93
148.89147684450123,607.2562313546888,Gene 27,93
148.5622449563867,602.1453448776329,Gene 27,93
148.9527899546285,603.074682265565,Gene 27,93
148.87483516268026,586.6813049528569,Gene 27,93
148.95537756854654,606.8963186164309,Gene 27,93
148.91242189673537,608.2558776845804,Gene 28,93
148.86148419939778,591.7008459749396,Gene 28,93
148.98572317798155,592.1437153393476,Gene 28,93
148.63561344591815,590.8344973258177,Gene 28,93
148.5638753016779,605.6608204216913,Gene 28,93
148.6757386180119,586.908514879887,Gene 28,93
148.99126194489793,604.4123422071822,Gene 29,93
148.94897441384114,605.4171084509138,Gene 29,93
148.6850295007846,608.1454735973696,Gene 29,93
149.051531866885,596.9964890525083,Gene 29,93
148.78152934170524,590.5113487607251,Gene 29,93
148.68126446344502,589.2040677500719,Gene 29,93
149.08032539191905,599.8148618732669,Gene 29,93
148.8664688971511,605.8058966413834,Gene 29,93
148.67307637017686,592.7629735562497,Gene 29,93
148.99944199333902,589.9172680531192,Gene 30,93
148.6083807998307,593.1538969617702,Gene 30,93
148.71529371218574,605.3171309477859,Gene 30,93
148.87424590109663,608.1011734998011,Gene 31,93
148.8849860540943,587.3316953603418,Gene 32,93
148.9805173738879,601.2694816888743,Gene 32,93
148.5220885139561,596.0969699181411,Gene 33,93
148.54224136110858,598.0432556118478,Gene 36,93
148.7967237279814,604.6754085819072,Gene 37,93
148.6497689016658,605.5809531227724,Gene 37,93
148.63910584944819,606.0339323120505,Gene 37,93
148.78703994620744,605.1018119227074,Gene 37,93
148.78199099485948,590.4830554881331,Gene 37,93
162.27383997687735,589.4416293853104,Gene 4,94
156.22785625963434,589.9341778748114,Gene 16,94
160.24908384227496,597.5422390614183,Gene 19,94
158.4339651552493,598.1415097690633,Gene 19,94
162.3571191388651,589.7082623017761,Gene 19,94
157.1875707420207,595.9538055622423,Gene 19,94
156.93954942776625,588.5790373841716,Gene 22,94
162.21728307269075,591.4576055436144,Gene 26,94
156.46303901234276,588.5103358604882,Gene 26,94
160.45460267267708,587.7746332522348,Gene 26,94
155.96768282881243,593.5184692360431,Gene 26,94
162.15625899958962,595.1581203972294,Gene 26,94
159.88748211110158,587.9103542876276,Gene 26,94
158.78770736375836,596.8040849819868,Gene 27,94
162.4768561543169,590.5943345027606,Gene 27,94
157.58791743970843,597.2522796651772,Gene 27,94
158.82722508993635,586.8977221336557,Gene 27,94
161.47075494263711,597.2242421104473,Gene 27,94
155.96247893173305,594.2602291598649,Gene 27,94
158.74183518594998,587.30325948492,Gene 27,94
156.69305551919845,595.9608499618362,Gene 27,94
157.03486130867665,586.8487388096034,Gene 27,94
156.37171063388857,594.1457625765929,Gene 28,94
158.77064868058955,600.4520081636033,Gene 28,94
159.30917814723134,588.1876903328447,Gene 28,94
156.17470097655786,597.7324501569515,Gene 28,94
160.53228085641393,588.7009338972766,Gene 28,94
160.9075828987022,596.0219507782558,Gene 29,94
160.40266706616902,593.768357206753,Gene 29,94
159.36160319626325,591.8472533766634,Gene 29,94
160.49577052055758,598.9111349290986,Gene 29,94
157.5586868596369,595.1740320987167,Gene 29,94
156.46952641868415,589.9920011698584,Gene 30,94
156.21087048891175,590.0522958405559,Gene 30,94
155.47373147350822,592.7033565382377,Gene 30,94
159.78723858842255,588.2759578070999,Gene 30,94
163.06708018165924,592.3550233011094,Gene 30,94
160.6836548984086,598.9435614609438,Gene 31,94
156.0254554849929,598.3548062507598,Gene 32,94
158.9514300719583,591.7230830736908,Gene 32,94
161.54071122949034,593.805174146365,Gene 32,94
157.1492886007111,597.0251647496153,Gene 36,94
159.2035198767588,598.83645221605,Gene 36,94
155.6876936611393,593.2172982887981,Gene 37,94
157.40327583731496,588.5458193409831,Gene 37,94
158.3949386758325,585.7989649515654,Gene 37,94
158.45099179110372,595.1473836448577,Gene 37,94
161.00272342198855,589.9002273978687,Gene 40,94
169.18225287519243,589.4813273976705,Gene 4,95
170.53173203899996,598.7332988551383,Gene 22,95
168.5617976044413,590.1012960710527,Gene 22,95
170.472655168504,594.5375494933214,Gene 26,95
168.0251049102679,601.0585970249948,Gene 26,95
170.4287484474978,596.358587505933,Gene 26,95
170.48085229821976,589.1910125330306,Gene 26,95
170.51753330620954,599.4914791112274,Gene 27,95
167.84734686460317,591.4544725185444,Gene 27,95
169.27670388474652,601.228260586836,Gene 27,95
170.59179279971028,602.2543587921967,Gene 27,95
167.71570620944846,599.3533896666166,Gene 27,95
169.72585550914167,598.556316383464,Gene 27,95
167.77836702902746,599.2228316084648,Gene 27,95
170.90877885510034,598.0969026163051,Gene 27,95
170.4186914657157,591.3939095261619,Gene 28,95
171.13236908722737,596.7012637971511,Gene 28,95
169.70867560242954,592.887342040551,Gene 28,95
168.85430629795863,598.8999272983177,Gene 28,95
169.7644958869979,591.2289878837663,Gene 28,95
170.67849626322354,593.1643279097893,Gene 28,95
169.5552291194089,596.3554539045313,Gene 28,95
169.9905406015318,592.5423197798425,Gene 29,95
167.92180776790065,596.339736548008,Gene 29,95
167.61301488874804,593.9805958255429,Gene 29,95
171.2387272588281,597.9997594766843,Gene 29,95
170.14574430770531,601.2876211558435,Gene 29,95
170.10432742684466,594.2299769218787,Gene 29,95
169.53198706045325,601.7683853016752,Gene 29,95
170.50869692658065,594.7950689517124,Gene 30,95
169.78227354101537,590.0665701660481,Gene 31,95
169.59826258668113,589.3110244528966,Gene 31,95
167.87917830708565,599.7539236677624,Gene 31,95
168.3407221980307,603.7941461439624,Gene 32,95
169.8515065240441,600.5865654525285,Gene 32,95
169.0681582918371,605.4021469275481,Gene 32,95
169.29891323024853,590.5026517714371,Gene 32,95
169.33108918131882,590.6830595615804,Gene 32,95
169.30975358978574,588.4498745699482,Gene 36,95
170.79331210843108,597.1148230266797,Gene 37,95
170.60515620527792,594.8952012359174,Gene 38,95
169.8352688992915,589.2890466599614,Gene 49,95
183.60446487229464,606.6542733932087,Gene 4,96
183.90830676412827,593.999341907052,Gene 4,96
183.88640975415836,606.8472564707594,Gene 4,96
183.0491322569713,600.2427637126118,Gene 13,96
183.35419441752592,605.9280653234066,Gene 19,96
183.71786366253113,601.7056431468279,Gene 22,96
185.56422421617845,594.42881071203,Gene 22,96
184.30791542867286,593.5789309239773,Gene 26,96
183.48864269584234,592.7568723083033,Gene 26,96
183.4217689174985,593.2742383672398,Gene 26,96
187.0948682414915,599.9372416872127,Gene 26,96
183.93252286928825,604.1561283706526,Gene 26,96
185.60877173649948,605.3452534829349,Gene 26,96
187.2282784280918,599.5067180915066,Gene 26,96
183.9099992280514,593.5651064537584,Gene 27,96
186.34401221433689,592.4085602278767,Gene 27,96
186.17484153987837,598.6910178770547,Gene 27,96
186.19051005863926,593.7050215061183,Gene 27,96
184.73759838188684,604.8539238208698,Gene 27,96
183.32525945156831,591.4432157925795,Gene 27,96
184.89481614843933,594.0526379061888,Gene 27,96
186.69644034333956,599.8396603016912,Gene 27,96
185.38652876867,604.937542939703,Gene 28,96
184.34245701997307,607.5536355456007,Gene 28,96
183.6669879798946,595.5836369155634,Gene 28,96
186.55579811761328,598.6916685824457,Gene 28,96
183.60073433052779,594.1152389084946,Gene 28,96
185.3513178038697,591.6309138057433,Gene 28,96
182.74709824551493,597.6243021139842,Gene 28,96
185.54498672352665,599.5845037818478,Gene 29,96
186.06298539861237,593.7442946601798,Gene 29,96
184.3712968083073,603.6466273749544,Gene 29,96
182.85418399199705,603.1738307124616,Gene 29,96
183.09239431893246,596.4807534649012,Gene 29,96
185.85341938214566,593.2580766132112,Gene 29,96
186.16195507534343,594.877098975412,Gene 29,96
186.1037475496905,595.6246811385106,Gene 30,96
183.20304694205356,605.8916378654455,Gene 30,96
184.47349299411565,604.1092567257181,Gene 31,96
182.95862249157162,600.3898938371564,Gene 31,96
182.1481781610086,597.3746656585394,Gene 31,96
184.66504581934734,603.0021139210838,Gene 31,96
185.65346729916556,606.9816127459554,Gene 32,96
185.35240429120856,605.5872655176399,Gene 32,96
185.78919113247082,593.187647913589,Gene 32,96
183.17247458438587,596.1064782725718,Gene 32,96
185.48324682189698,601.6311259571972,Gene 36,96
183.72014210090748,606.0940538310932,Gene 37,96
183.5768654295656,601.3638880923522,Gene 37,96
183.24807817651808,596.7244799577389,Gene 37,96
183.41562897587576,605.4279826160562,Gene 37,96
186.01928483274577,591.6097355970813,Gene 37,96
183.71103469665826,589.9504130628433,Gene 40,96
188.6533489486719,607.1019134062216,Gene 4,97
187.62762517497154,592.3220650725783,Gene 5,97
186.80678191615763,595.171157466333,Gene 19,97
189.6191159044743,591.3099095227647,Gene 26,97
187.36446412070475,598.8479420921354,Gene 26,97
190.65186303853872,596.17559283232,Gene 26,97
190.56370629511025,601.7199056570461,Gene 26,97
187.04362198083982,605.7394285375108,Gene 26,97
186.61194230415362,595.7279870557276,Gene 26,97
188.99826433575709,591.6036425393643,Gene 26,97
188.54168254927967,594.9125615303564,Gene 26,97
189.35288680018678,606.5110291682281,Gene 26,97
185.4500871987983,597.8859782755852,Gene 26,97
186.0432428688148,603.1361612858476,Gene 26,97
187.7103137698467,600.3579517496282,Gene 26,97
189.38200325683675,606.2333674311981,Gene 26,97
185.71409932359984,603.409411973334,Gene 26,97
187.08398491535922,593.557150884258,Gene 27,97
188.6684066186375,597.0182788073649,Gene 27,97
190.45313826571967,593.5438727069054,Gene 27,97
186.8338440534749,603.6145829624745,Gene 27,97
188.2808323926096,592.9873347876185,Gene 27,97
188.74071858616267,592.8911449284019,Gene 28,97
187.10705433645097,594.0462936578425,Gene 28,97
190.0925467594854,592.2832475012115,Gene 28,97
185.60309866335143,594.5446999710352,Gene 28,97
186.1654376472024,594.9024333938936,Gene 28,97
191.3552042013438,602.7276238483856,Gene 28,97
191.98073640280256,602.7348048006679,Gene 29,97
185.702583226376,602.4607808219574,Gene 29,97
187.83838865355992,605.7888261070794,Gene 29,97
186.027060077235,601.6778030286815,Gene 29,97
186.40740194241513,593.2736241552365,Gene 29,97
190.58887179312504,603.4390024708468,Gene 30,97
191.55425502299727,601.7335356458436,Gene 31,97
191.29344883323122,597.3280726946417,Gene 31,97
186.29134286611546,594.93202101846,Gene 31,97
189.45268301431048,592.3671835123031,Gene 31,97
189.19780815160172,604.8661516572112,Gene 31,97
188.5361642414259,593.1908493685303,Gene 32,97
191.61170919533927,597.2336247635387,Gene 32,97
189.93363220142078,603.9510473952986,Gene 32,97
189.1951048070614,591.9705469331165,Gene 32,97
190.73500795004645,603.5987383590182,Gene 32,97
189.78054769373688,603.5700686012556,Gene 32,97
188.45419710898216,602.183682290049,Gene 32,97
191.96571588951645,596.8254097926208,Gene 32,97
187.81577433489755,602.1572497456222,Gene 32,97
192.1954277148737,598.2569897536318,Gene 32,97
190.56002908745938,598.3805812336658,Gene 33,97
186.580104797358,595.3774137089188,Gene 37,97
187.68014490820352,602.1738255630701,Gene 37,97
190.61882988000463,599.1441396922227,Gene 37,97
187.1252712963684,495.62952065203285,Gene 2,98
185.25360224676706,505.0857583441366,Gene 6,98
190.02843680239232,498.7339202563504,Gene 6,98
183.73196401712838,504.51586701937805,Gene 8,98
182.15354888587441,498.52748828711725,Gene 13,98
185.5738442430617,495.88562267179793,Gene 13,98
185.3190138063233,494.92700312533907,Gene 13,98
184.79858890882593,504.0399394906569,Gene 16,98
190.22060737834164,501.34302631251376,Gene 19,98
184.08158876065394,497.93623946591583,Gene 19,98
188.04687701216645,496.53837128350494,Gene 19,98
188.46653600942642,496.81046401568415,Gene 20,98
181.23891387315922,500.74993351372046,Gene 20,98
186.6145197604485,495.462895468523,Gene 20,98
182.4689209989261,498.49517622174517,Gene 20,98
187.0056645735849,496.1934176265459,Gene 20,98
182.71722096072102,496.52279448830467,Gene 20,98
182.25747974869608,503.01544403612013,Gene 20,98
186.69902018515825,501.464689055153,Gene 20,98
181.4834100643221,503.25897282313394,Gene 20,98
186.17604377615484,496.7952553427327,Gene 20,98
188.50582867590177,505.29275646391113,Gene 20,98
181.01778461092564,501.09925323597935,Gene 21,98
187.8728288362303,506.0797294744263,Gene 21,98
183.54927518593385,499.24720239479274,Gene 21,98
185.50246981056534,495.54832548550996,Gene 21,98
186.98593981054887,505.6388556107401,Gene 21,98
183.33657682602686,505.55878684246477,Gene 21,98
183.19057569239098,505.79968841650594,Gene 21,98
187.46215437036244,506.0064971192247,Gene 21,98
187.51111476742201,496.7230735170736,Gene 23,98
184.74697544684537,496.1931590912963,Gene 23,98
183.33058226085157,506.1377149041105,Gene 24,98
182.45005532948733,498.5635118894801,Gene 24,98
182.5727594595979,501.9264605235337,Gene 24,98
183.1516226267743,500.68598356816,Gene 24,98
190.24202893029843,499.3312308583987,Gene 24,98
188.1365682201782,503.26757446004177,Gene 24,98
183.19051717355708,499.31788822136474,Gene 25,98
184.83592364625648,494.0538197011957,Gene 25,98
187.74423533093307,496.1764304316618,Gene 25,98
188.1437149423631,505.50645640222604,Gene 25,98
189.30069147250953,500.74673998205077,Gene 25,98
185.3796172737749,505.9138150594627,Gene 25,98
186.3258298226195,507.36813297583285,Gene 25,98
187.16665201538174,495.67888235347306,Gene 25,98
183.21058926648118,498.0099778234679,Gene 25,98
184.00776217520894,499.9872997019576,Gene 27,98
187.76030623498673,497.13719647974773,Gene 31,98
187.05249999209082,496.67066598732504,Gene 40,98
185.5796853469276,506.4182686036581,Gene 40,98
182.0799300295691,501.39542569887334,Gene 40,98
182.68735089306787,496.82469029681897,Gene 40,98
185.01428214907088,496.57906678056014,Gene 43,98
183.76632039746312,502.49613212204395,Gene 43,98
188.33160737302035,504.6178462951532,Gene 49,98
197.96723190460156,505.79733937111286,Gene 6,99
195.133072282926,500.4069362556206,Gene 6,99
196.08208121530458,507.3354687501394,Gene 6,99
193.76393863480936,507.2094051512128,Gene 6,99
198.13550222541596,501.52077638895,Gene 6,99
197.907396806594,504.4524739370857,Gene 12,99
198.27851388546418,498.8490990546545,Gene 13,99
194.64099192262202,498.17465156726223,Gene 13,99
195.89149300335205,497.5818538848031,Gene 13,99
198.3300471711225,502.45407947787083,Gene 14,99
194.16245820362866,506.5476768279767,Gene 16,99
196.51608034291263,509.3245067096308,Gene 16,99
192.2706379177433,498.83529602438387,Gene 16,99
198.52332862813145,501.54884277308656,Gene 19,99
197.69340858701543,497.95503934498026,Gene 19,99
196.02062933541367,507.2760745008049,Gene 20,99
195.2520135632888,498.64519194921695,Gene 20,99
193.52615411540737,501.71838674920775,Gene 20,99
193.79377128465438,507.01796027048243,Gene 20,99
197.10069790047842,502.32673099413216,Gene 21,99
192.50304614452392,501.2959728417915,Gene 21,99
195.18543070616215,498.0720324995086,Gene 21,99
193.4422802935126,508.5727187283865,Gene 21,99
198.411699255968,508.2059993300528,Gene 21,99
197.40088246247825,508.2674346535891,Gene 21,99
196.74186162664276,500.61939020336075,Gene 22,99
194.4991330264957,505.5831468362291,Gene 22,99
198.7916716526197,502.30348094201213,Gene 23,99
197.9266261332478,503.9068638574652,Gene 23,99
193.10487439446268,499.6270193363228,Gene 24,99
196.01727189659903,496.0322197170071,Gene 24,99
197.63458834756875,509.1021991389768,Gene 25,99
193.73062235045174,503.98544043252593,Gene 25,99
192.8678777405268,506.26773781855644,Gene 25,99
196.2390664169721,508.86269026889073,Gene 25,99
194.61043141851934,509.2865403651612,Gene 25,99
195.71981872649016,498.77690355466865,Gene 25,99
192.02479094499353,501.7975754260375,Gene 25,99
198.54526730143445,502.8408674269448,Gene 25,99
195.26439281179626,496.70340801152196,Gene 33,99
197.00738880747792,497.66950534277527,Gene 40,99
192.8035485446195,504.26265893422834,Gene 40,99
197.6782768405948,503.0000647407355,Gene 49,99
188.15183451089706,503.01871773103164,Gene 2,100
187.2378997437621,507.806272877653,Gene 13,100
189.244406999804,515.5752776113047,Gene 13,100
189.45410010043173,515.6197418793623,Gene 16,100
187.14427781063438,512.4334459820109,Gene 16,100
188.56114231622598,517.3694666914283,Gene 16,100
189.6265813307988,515.569616154106,Gene 19,100
188.43681095821557,512.9674652216887,Gene 19,100
186.74289966331293,516.1320324615297,Gene 19,100
188.8526969257776,504.9219182057061,Gene 19,100
188.1930734681425,507.5653947932743,Gene 20,100
188.9136499260306,501.14075864624834,Gene 20,100
187.8387537127171,516.2496235492489,Gene 20,100
188.14386214120677,511.7969745566356,Gene 20,100
186.67015415841675,514.6489104472224,Gene 20,100
188.7487526417534,513.7856211882086,Gene 20,100
187.77784485457263,514.2291885775397,Gene 20,100
188.44489346827106,504.359984725809,Gene 20,100
188.8892866290778,514.5109360305466,Gene 20,100
189.05772332234116,503.25020657785785,Gene 20,100
189.9814444687385,514.1460501892409,Gene 21,100
188.36660488276033,520.4933810139645,Gene 21,100
189.87499594647747,509.5111404079054,Gene 21,100
189.18983493899134,507.9759614700409,Gene 21,100
189.93321089473406,511.68482777322157,Gene 21,100
187.24287702281484,516.8851047423084,Gene 21,100
186.58204132199972,514.0928541290302,Gene 21,100
188.77024462369903,502.28367810645557,Gene 21,100
189.69533487764983,508.50480237175447,Gene 21,100
188.65570063507252,504.58667869541,Gene 21,100
189.91520812890786,506.6512259012496,Gene 21,100
189.05099334357203,504.8729820167646,Gene 21,100
188.64239684530068,507.23380837070306,Gene 22,100
188.11700842284597,501.19935766092937,Gene 22,100
186.57902819107284,513.6874419458226,Gene 23,100
189.4130746105272,518.2476174686467,Gene 23,100
186.65346563171977,515.3608105763695,Gene 23,100
189.52180229054576,509.4270076073558,Gene 24,100
189.56117631190955,516.9125506569611,Gene 24,100
188.2709606856612,511.45700725500205,Gene 24,100
188.7431378990559,509.53914975033683,Gene 25,100
190.09398501585193,510.0091699554077,Gene 25,100
189.67429933214834,514.5487570869828,Gene 25,100
187.7057436740173,505.7020707700117,Gene 25,100
186.83744749781084,513.1806308250422,Gene 25,100
189.73212562051685,514.2332997805805,Gene 25,100
186.8642367673086,505.6107187566893,Gene 25,100
189.10313738403332,504.2394271660685,Gene 25,100
188.95587711613848,518.5624567601013,Gene 25,100
187.58040136384648,504.75804945624196,Gene 25,100
189.56438257503444,507.370916722943,Gene 25,100
189.26929780237174,502.5480693124498,Gene 31,100
189.00449195117326,514.1377956409074,Gene 40,100
188.0926221434477,505.6784140891335,Gene 40,100
187.23130856822044,503.56646226192515,Gene 40,100
187.10465187909534,501.9325218756546,Gene 43,100
188.73775490460974,502.41371061187914,Gene 43,100
186.88807861977918,517.2206332745924,Gene 43,100
187.96021576382006,502.5982386805465,Gene 43,100
189.35675649661957,515.464089484496,Gene 49,100
197.55694637714143,506.2809035772323,Gene 2,101
198.14679223609934,509.15490618247304,Gene 2,101
196.77926297634093,522.8525962032203,Gene 5,101
198.35366347271713,517.2705649439312,Gene 6,101
198.48907919513653,515.5668656075808,Gene 13,101
197.53960009362407,524.5691984807355,Gene 13,101
198.06443844850392,510.4570954334938,Gene 19,101
198.412645267113,518.862174829497,Gene 19,101
198.40769036051873,522.5882122407714,Gene 20,101
196.69781326635348,504.41078938892144,Gene 20,101
197.9394999040845,505.966725154447,Gene 20,101
198.37687658474124,510.66725202786824,Gene 20,101
197.69378488658296,505.508098220848,Gene 20,101
198.55690738703817,521.8876475284686,Gene 20,101
197.56851351033777,508.93809490736237,Gene 21,101
197.73089136633604,506.81505897550954,Gene 21,101
196.97250365680716,505.08857491800273,Gene 21,101
196.08835060896462,511.1166150395835,Gene 21,101
197.89733119016947,526.532095560083,Gene 21,101
196.53588814039594,522.6406762719872,Gene 21,101
196.84123854554954,511.937207709551,Gene 22,101
196.22774683196542,509.7787109283777,Gene 22,101
196.45339613818922,508.4391799898616,Gene 22,101
196.514993649085,504.8259669571015,Gene 23,101
198.2290339643185,507.8578697780592,Gene 23,101
197.47406585361298,525.3380482433294,Gene 23,101
198.4540534727864,523.4116674145156,Gene 23,101
198.4169978405599,523.6580550323832,Gene 24,101
197.66010168903213,510.54589858582267,Gene 24,101
197.87614162628057,522.9884307791463,Gene 24,101
198.73306656113078,517.7319238871643,Gene 24,101
197.37664726734275,511.0003800837904,Gene 24,101
196.57815366989718,517.4870125923136,Gene 25,101
197.87790842991575,523.0332856840431,Gene 25,101
198.7267043810339,511.3606329912831,Gene 25,101
198.71096766222774,509.26096583960253,Gene 31,101
198.06110201358246,507.8981865870198,Gene 31,101
196.71049455468275,516.7827958784608,Gene 40,101
197.9000507379393,508.7613743290119,Gene 40,101
198.19545451467124,524.8723061608919,Gene 40,101
198.91461763862645,515.8308039041033,Gene 40,101
198.33547966302157,505.64536824143465,Gene 43,101
184.39880901518364,511.32285334129904,Gene 2,102
182.20067838971252,509.85729610552073,Gene 2,102
182.50147410744245,514.9146203788152,Gene 13,102
181.39403459378244,517.715877931461,Gene 13,102
181.87852561570944,515.701727638228,Gene 13,102
181.71378955696545,513.4192523949814,Gene 13,102
183.08316913556118,512.9217982517655,Gene 13,102
182.5387350166538,524.973733272423,Gene 16,102
184.5638016403936,511.8454313232662,Gene 19,102
183.3166734513255,510.9095447016777,Gene 19,102
183.74010342671966,511.4616565485084,Gene 19,102
184.2526076505989,511.7180111021094,Gene 19,102
184.15670334416754,518.4561983446787,Gene 19,102
181.4560066647015,514.980205811752,Gene 19,102
183.51696764295332,524.1923039097798,Gene 20,102
183.03693454989983,508.44166622935114,Gene 20,102
184.32677884026688,514.0636429150658,Gene 20,102
184.64583631366511,521.7205295459497,Gene 20,102
182.91658957929783,525.7873838157151,Gene 20,102
182.0854776795175,510.5813365071048,Gene 21,102
182.74045454642555,508.71535845431174,Gene 21,102
184.44143036888784,514.6451088177831,Gene 21,102
183.8375565566128,523.7260097643069,Gene 21,102
183.31725122308498,523.6514713940368,Gene 21,102
184.4340556950829,519.4594264496907,Gene 21,102
182.70287014911534,523.3687042938717,Gene 21,102
181.80348881574452,517.7378981849179,Gene 21,102
182.6908287723318,512.4872517610543,Gene 21,102
183.04903663489458,521.0507906066832,Gene 22,102
181.60726062047112,521.6788549898282,Gene 22,102
183.14488384109035,511.03782097893713,Gene 23,102
184.40313170194204,518.7711469463546,Gene 24,102
184.7418178261157,514.0477452552901,Gene 24,102
183.42955640331238,512.4426017123732,Gene 25,102
184.6025453916558,514.2408409460778,Gene 25,102
184.4279602232764,516.4977181395473,Gene 25,102
183.05290783301243,524.2341660800798,Gene 25,102
181.31863735354904,516.0459425834454,Gene 25,102
184.46296833944325,515.9488945161814,Gene 25,102
183.303657255211,523.8590058566349,Gene 25,102
182.63285114586805,509.05306777956105,Gene 25,102
184.33470877550533,523.1109190369037,Gene 25,102
181.6096403814616,515.9401235459093,Gene 25,102
184.94116645028367,518.5155348334026,Gene 25,102
183.41223500670057,511.235683283938,Gene 25,102
184.70465760635076,520.0082145113645,Gene 31,102
184.4298654677615,509.51135363627077,Gene 40,102
185.13296108200217,513.6430215145831,Gene 43,102
182.2132791069003,510.1494694437636,Gene 43,102
184.12607236199236,508.7635861947764,Gene 47,102
182.3922769792582,524.5218284321359,Gene 47,102
191.2491044187949,511.40235612158216,Gene 2,103
192.80294589178803,513.924448804944,Gene 3,103
189.88546898615834,519.1682324169012,Gene 6,103
190.4760829328037,519.5256923930497,Gene 6,103
189.6649474890584,519.3479114455097,Gene 8,103
193.6399544524512,515.2451651364449,Gene 13,103
190.01641019969745,516.2067487176604,Gene 13,103
193.3495772125022,519.6259831205592,Gene 13,103
192.58518935036946,509.69192931976016,Gene 16,103
192.98156967256395,518.1260618184549,Gene 19,103
192.65644122634896,511.223549759942,Gene 19,103
193.31439135800682,519.998719230559,Gene 20,103
193.8133548945786,513.5115329561062,Gene 20,103
192.47945457917328,519.799745394965,Gene 20,103
192.69279691880246,519.7222992063096,Gene 20,103
190.1892445092177,513.7407410029981,Gene 21,103
191.91814297107706,514.1547455411826,Gene 21,103
192.11800350348284,521.4618547236587,Gene 21,103
192.86980890218132,518.6665107903103,Gene 21,103
191.79112866108713,507.80580868342656,Gene 21,103
193.57912776825083,513.3128934973599,Gene 21,103
193.58869910605657,513.806128801464,Gene 22,103
191.80070301374158,510.7190944274767,Gene 22,103
190.9635502098052,515.332362605173,Gene 22,103
190.51065896094786,513.338057254933,Gene 22,103
192.09208229708898,509.2350424507584,Gene 22,103
190.3584650407109,510.8041903797726,Gene 23,103
191.99751687833054,526.0434285679676,Gene 23,103
192.56023868493278,522.0938722175607,Gene 24,103
190.5003534038178,514.2462825047078,Gene 24,103
190.83808291585098,511.1776832305832,Gene 24,103
192.90663808647028,524.3678900509964,Gene 25,103
193.42861288495132,514.5233637856604,Gene 25,103
191.54660965731946,509.9630383754582,Gene 25,103
191.65811337319894,511.6697760041238,Gene 25,103
193.2282005820504,518.8524623033763,Gene 25,103
192.67176234422658,508.4765465272931,Gene 25,103
193.33751901229752,518.8698299872336,Gene 25,103
191.67462356009725,515.4471789300458,Gene 25,103
190.00255503491442,516.6831274049515,Gene 25,103
191.6410910750831,523.9613736337271,Gene 25,103
192.82345337880432,510.62252758622355,Gene 25,103
192.67129533481082,522.0033558837894,Gene 25,103
193.53220621675433,520.7152101124835,Gene 27,103
189.69131558758454,513.0939305138567,Gene 31,103
191.74061140499174,511.8600394288605,Gene 31,103
190.90198457952076,509.3027352002419,Gene 43,103
192.39352789421244,511.09022856262095,Gene 43,103
190.1488315046334,514.0147699733649,Gene 43,103
189.7858409623098,517.3731020626035,Gene 43,103
193.8578853074079,515.2813742552926,Gene 43,103
193.07167287070635,522.0198148456029,Gene 43,103
190.84582156460897,531.0997448340445,Gene 2,104
190.45807295741358,535.4730421004392,Gene 6,104
192.30502788512734,537.7769982201652,Gene 13,104
191.570017181741,524.0206977487447,Gene 13,104
192.69392547223717,526.5333349302398,Gene 13,104
192.43868391551158,524.7293546395443,Gene 13,104
190.3885155789505,526.3363026628166,Gene 13,104
193.03109264386828,530.693031606935,Gene 19,104
191.57375071791603,535.0357758221653,Gene 19,104
191.48605883458214,535.0165307795681,Gene 19,104
192.28215340003314,525.2020690843668,Gene 19,104
190.7268012265105,536.176581310597,Gene 20,104
192.46644758290918,530.6303865881218,Gene 20,104
190.95957710332144,523.6938747756416,Gene 20,104
192.13204836125982,531.1067820786106,Gene 20,104
193.33799269864605,528.7686809573478,Gene 21,104
192.9711116784786,534.1463218803989,Gene 21,104
190.57422749384,535.970507752016,Gene 21,104
190.3392051252067,531.7406981135848,Gene 21,104
191.404541856604,527.3031713202404,Gene 21,104
192.70493643378325,529.9034932017694,Gene 21,104
191.4975969090286,525.5104539555246,Gene 21,104
190.23263612648307,531.5424416196671,Gene 21,104
190.63493684762076,524.9647635786097,Gene 23,104
190.93207561126383,523.01195995505,Gene 23,104
192.2677389646909,524.3293818126983,Gene 23,104
193.02901947558783,532.2903453867098,Gene 23,104
192.44405829395257,530.4950201624856,Gene 23,104
191.30050508956413,532.4692209666446,Gene 23,104
192.67264538835644,536.523094991693,Gene 24,104
190.37847370167995,524.9979117397044,Gene 25,104
191.69595975867534,522.5102063804316,Gene 25,104
193.02052902903995,529.0949990170906,Gene 25,104
191.55973972297363,519.9997418722481,Gene 25,104
192.65452557967882,522.5417122476855,Gene 25,104
190.70589498290911,534.4190616960746,Gene 25,104
192.95195419973072,532.0463450662838,Gene 25,104
190.64069123488525,531.4869522077781,Gene 31,104
191.90338740004205,537.1701537606019,Gene 33,104
191.66662338251754,537.9545470960742,Gene 40,104
190.45699503089284,534.7812322744544,Gene 43,104
192.21402072489624,523.6108763293224,Gene 47,104
190.61149593465046,530.8625370064719,Gene 49,104
188.5280212807177,528.8810581652427,Gene 5,105
190.11029205761375,533.6764421354109,Gene 6,105
184.13334077204348,531.7492670091503,Gene 8,105
182.55513552677516,536.4161307669348,Gene 8,105
191.22864636828675,532.4488662038124,Gene 13,105
185.9919685734715,536.9176369427204,Gene 13,105
183.80975804109428,530.7930557695793,Gene 13,105
189.8522060346651,530.2735515960537,Gene 13,105
183.96453736247318,530.6505885477052,Gene 13,105
188.01023603951066,529.5120138712781,Gene 16,105
191.96320868057842,533.8310515830219,Gene 16,105
181.587585899544,531.2140646272583,Gene 19,105
189.7774678005104,529.3695148653954,Gene 20,105
184.63453126258972,528.2309221255198,Gene 20,105
184.51217299555358,529.3052595498783,Gene 20,105
185.5497882832059,528.6163629308221,Gene 20,105
183.88366880582862,537.495929764373,Gene 20,105
185.4015026183244,527.4914703472207,Gene 20,105
188.03995633145908,534.2535009829626,Gene 20,105
185.20389098524547,538.4020710416681,Gene 20,105
189.55611470703548,534.9591626767465,Gene 21,105
184.32279528625148,535.623543458719,Gene 21,105
189.090172866567,536.4564263750415,Gene 21,105
190.82864598815337,534.0816555394256,Gene 21,105
181.6050505615117,534.3334790379618,Gene 21,105
181.3795341191601,531.8282957041423,Gene 21,105
189.05487325972558,536.9330032832572,Gene 21,105
188.64009006707343,529.1239247377774,Gene 21,105
181.91862110631075,532.043980700611,Gene 21,105
191.41012153347248,532.8919541279968,Gene 21,105
185.64386145767995,527.5515408933412,Gene 21,105
186.1172361554596,527.2786179633428,Gene 23,105
186.70223631874515,530.7200119067974,Gene 23,105
185.70367213739817,536.0020873455867,Gene 24,105
181.5463493430849,535.0890495299251,Gene 24,105
182.9769675730828,534.607358084432,Gene 24,105
185.59545911165202,529.0622067971973,Gene 24,105
185.68844861369254,529.3775347850154,Gene 24,105
190.2913976392054,535.6329183390098,Gene 25,105
181.53115498248886,531.703851558571,Gene 25,105
190.26497893171017,534.9575886574645,Gene 25,105
191.12187893592855,532.0655867913248,Gene 25,105
188.15527070388856,535.5632727379256,Gene 25,105
181.45902711394282,531.8224844218488,Gene 25,105
180.897987747138,532.5368527487345,Gene 25,105
190.24343743753388,534.6154218151173,Gene 25,105
187.56231537005456,530.2973990294269,Gene 25,105
184.0140386727497,530.2821254685618,Gene 25,105
187.02262055538827,538.8646375814337,Gene 31,105
187.5450767904007,536.9154085823166,Gene 40,105
186.88431031140087,536.7556239251309,Gene 43,105
186.68632908000635,538.4918434381418,Gene 43,105
198.0440670120681,538.7534928321041,Gene 0,106
198.24439341291236,542.4803879581378,Gene 2,106
197.33674124423882,532.3996802460028,Gene 6,106
197.08985693324362,543.552367808341,Gene 6,106
197.57205764525452,544.2849621442556,Gene 6,106
198.24667093882042,541.6671388447911,Gene 8,106
196.83961954831588,546.8653665164381,Gene 8,106
198.13465079329683,542.2777301276624,Gene 13,106
197.77541707179518,545.6897564906712,Gene 13,106
197.55143383694252,534.0934399853411,Gene 13,106
197.1584463245965,530.0955290546331,Gene 16,106
198.1245132727235,538.2246902930992,Gene 19,106
197.85155930087234,546.0573881913106,Gene 19,106
198.08205455519885,528.6387860999048,Gene 19,106
197.59645408356312,544.2690497078834,Gene 19,106
197.1480878060743,545.6217329079449,Gene 19,106
197.96420884043417,536.9515621751492,Gene 19,106
197.8223505204307,532.3743954594887,Gene 20,106
197.4014132222946,548.4641501970743,Gene 20,106
198.09044563715656,538.7275955340789,Gene 20,106
197.7796196098755,540.8001873893461,Gene 20,106
197.71297155903352,540.955304926541,Gene 21,106
198.34335660308142,539.8878987113617,Gene 21,106
196.91777683369693,544.5920945894974,Gene 21,106
196.69553211867742,534.3597808415052,Gene 21,106
196.80852106660524,533.6769395351126,Gene 21,106
197.96902507882217,541.1930035278438,Gene 22,106
197.16254048846594,529.5586974926524,Gene 22,106
196.7645926970689,537.0869716124439,Gene 22,106
198.17965150568978,534.0954332655108,Gene 22,106
196.60933000324684,538.8916070544277,Gene 23,106
197.27435612774292,530.9655834358972,Gene 23,106
197.55384382009188,530.397987746023,Gene 23,106
196.79746087931085,544.2331018200696,Gene 23,106
196.9453631471501,544.6826483622432,Gene 24,106
198.02810714498057,542.6216406693302,Gene 24,106
197.98951219312534,533.3698780758345,Gene 24,106
196.68720869060704,539.7172109251169,Gene 24,106
197.96261257167632,539.521997863572,Gene 25,106
197.38141452912097,535.2825121504974,Gene 25,106
197.44399491346536,528.9943534106367,Gene 25,106
197.85760122691403,546.0168176202661,Gene 25,106
197.26337620197614,529.1690902373612,Gene 25,106
197.80484186139125,539.7548150031869,Gene 25,106
197.3609031970223,547.3774800038881,Gene 25,106
197.0394632611296,533.9618223362221,Gene 31,106
197.77023401065807,544.2644053833761,Gene 31,106
197.28145679059057,528.0018374743548,Gene 43,106
198.07334027142505,541.4214130299458,Gene 43,106
196.61673024219667,538.407876423882,Gene 43,106
197.67184729245878,529.2145565377513,Gene 49,106
183.8571381070964,550.9974008616645,Gene 5,107
182.40751228022782,544.6328115121,Gene 6,107
186.08557303993393,540.7295190090772,Gene 6,107
182.81321273810835,551.7723800570266,Gene 6,107
186.16714584992923,541.8934756424844,Gene 6,107
185.013984204304,537.0914915098061,Gene 6,107
182.76493339846556,544.7076319494611,Gene 8,107
185.97345759151148,540.6537086989351,Gene 12,107
182.56916819151775,548.4182846370605,Gene 13,107
185.63419953258318,544.8769049031606,Gene 13,107
185.14270352072487,539.9393836817247,Gene 19,107
182.67680683407656,543.6739063500727,Gene 19,107
184.09469363007983,538.09940329758,Gene 19,107
184.85585960355638,550.3294038917434,Gene 20,107
185.16529482103806,541.6079538777014,Gene 20,107
182.4058860323029,547.8499100206991,Gene 20,107
183.70347405894253,552.6137578286538,Gene 20,107
183.47811177391446,552.2509567988302,Gene 20,107
182.39845828867075,543.5912100482207,Gene 20,107
182.13168811017067,542.8808146921776,Gene 20,107
181.9282930882369,545.0109962415332,Gene 20,107
186.4167955499297,545.592329605976,Gene 20,107
183.44949179686165,545.1532528152,Gene 21,107
182.75566672535706,543.5030607989854,Gene 21,107
184.78453660177496,554.2252635278545,Gene 21,107
183.2792747247834,540.1411651935895,Gene 22,107
183.10413061927443,538.508670593705,Gene 22,107
185.20639852384767,542.0176597197913,Gene 23,107
183.65106083404885,552.9803824490583,Gene 23,107
183.7554248063365,538.1521707565056,Gene 23,107
183.7805983566779,542.2657884349112,Gene 24,107
183.09861837112211,544.9137289141469,Gene 24,107
184.97586741233957,552.2109924429195,Gene 25,107
183.09874125581837,551.1529961099072,Gene 25,107
183.95653771780792,553.148772727117,Gene 25,107
182.85965188172096,549.6892026668651,Gene 25,107
184.42735228199962,538.7654629231886,Gene 25,107
182.67904960339732,538.6376010025582,Gene 25,107
185.13812144820747,551.0403287489673,Gene 25,107
183.1833168338956,543.3737692098924,Gene 25,107
183.2010927397244,538.5553511037058,Gene 25,107
184.92991542186178,535.9331897350331,Gene 27,107
183.58303151229416,551.778272693422,Gene 31,107
184.75193832777933,548.8521573591896,Gene 40,107
182.58671680733303,546.8008801386505,Gene 40,107
182.63784500573746,547.0813987926003,Gene 43,107
189.68630907555044,533.945875132584,Gene 8,108
190.52172723009508,546.0302869653357,Gene 13,108
189.16693236734443,535.2378997518656,Gene 13,108
190.00540523316369,549.4816835344391,Gene 13,108
189.7842772198058,538.9006992525541,Gene 13,108
188.3642208585587,537.5317846194712,Gene 13,108
189.10621842214837,541.1644432903735,Gene 13,108
190.77365252682853,543.2972866850672,Gene 16,108
188.44635819492652,538.6840461304575,Gene 16,108
188.5991509140414,546.9262219887715,Gene 19,108
190.8624782583573,545.5023826107512,Gene 19,108
188.81428726394202,532.7796440368065,Gene 20,108
190.83300052854628,546.1719754398716,Gene 20,108
188.13798261822672,543.5349123911966,Gene 20,108
188.97610381256177,545.2614086964508,Gene 20,108
190.88162313824165,545.547927720249,Gene 20,108
188.5704763894465,536.501150054725,Gene 20,108
190.45838532055214,547.7504173259458,Gene 20,108
189.47361819639949,532.8908046047245,Gene 21,108
189.54340338688624,537.587044721576,Gene 21,108
189.00353811991315,542.1973666810077,Gene 21,108
189.73299012000737,546.3318811301641,Gene 21,108
189.16351012972112,537.5220991956426,Gene 21,108
188.99200975483805,546.5569329291229,Gene 22,108
188.98844127943286,534.8974665575744,Gene 22,108
190.23674835206936,541.8457291945449,Gene 23,108
189.35711930856746,547.7222759140583,Gene 23,108
188.65086356262327,541.2048402277236,Gene 23,108
189.39472572197528,535.7648043455769,Gene 23,108
191.07400886040918,541.4033067979481,Gene 23,108
189.0334450975452,537.136518772745,Gene 24,108
188.97453483700815,545.2718845949707,Gene 24,108
190.38373576379385,546.0619089632792,Gene 24,108
188.574036253135,537.6498757332599,Gene 24,108
189.6073114691553,535.1972528835886,Gene 24,108
188.69754050882472,541.3322876533773,Gene 25,108
190.9848592966451,544.7492570624204,Gene 25,108
189.5634872242458,532.5166007409429,Gene 25,108
190.06296256352599,537.8279775427497,Gene 25,108
190.43630161192561,535.874388988013,Gene 25,108
188.9949750789846,544.117268327176,Gene 25,108
188.96887777141887,547.6081762580309,Gene 25,108
190.4077271735135,546.9322208801416,Gene 31,108
188.1559847949438,544.2000010835923,Gene 33,108
188.45809782380067,545.6213705692345,Gene 43,108
188.29510718145738,542.2958985449405,Gene 43,108
189.4331490444643,533.782020496055,Gene 43,108
190.36548302874937,543.2707656418509,Gene 43,108
189.05133373707505,545.700951321408,Gene 43,108
190.15230308626508,548.9564035725715,Gene 43,108
187.62848910153915,546.066158668887,Gene 0,109
187.05686559793708,545.244895839938,Gene 2,109
188.84961923694988,553.2172693688138,Gene 2,109
187.99436260591855,549.2397916964703,Gene 2,109
186.57950064928048,545.8909032584672,Gene 6,109
187.22047819328893,545.19397616621,Gene 6,109
186.53472518678046,547.9332960339499,Gene 8,109
187.7798804083558,557.2251484146283,Gene 12,109
186.49033526208987,546.5551218364437,Gene 13,109
186.2891083076072,561.0794991205313,Gene 14,109
188.2006699761258,555.3827328815863,Gene 19,109
186.42600362893853,544.600124817484,Gene 19,109
186.7789772548837,547.813300783163,Gene 20,109
185.5160590689752,556.0667170751858,Gene 20,109
186.8892388229867,547.9068129408845,Gene 20,109
186.72249675921358,561.306184715018,Gene 20,109
186.98933884819454,550.3179446989967,Gene 21,109
187.09508305619283,551.2604610413945,Gene 21,109
185.96381374726667,555.7783802253067,Gene 21,109
187.98891794842672,548.653138582694,Gene 21,109
185.92916973877965,560.6490415117158,Gene 22,109
185.51061681497075,557.4079366147554,Gene 22,109
186.32426823262207,544.9205951857638,Gene 23,109
185.18568676369293,551.6778467240431,Gene 24,109
185.92363792682937,546.0048674343282,Gene 24,109
188.44471005663502,549.5161539848058,Gene 24,109
188.18067395517136,553.0479277129284,Gene 25,109
187.20219933985723,560.0995576456504,Gene 25,109
187.36957809410896,557.0817203036937,Gene 25,109
185.98267370596415,550.2924104990395,Gene 25,109
187.81427667062522,555.7443812160865,Gene 25,109
187.10981668188248,545.3795391550597,Gene 25,109
186.96235371425203,559.0981136434601,Gene 25,109
184.91301132687698,558.741524551674,Gene 25,109
188.17653053987502,556.1986435122495,Gene 25,109
188.00064236521592,548.9724525869518,Gene 31,109
185.4746383353692,560.3999807434847,Gene 31,109
186.9428275559001,545.2814883811303,Gene 31,109
189.13466383389533,551.6449629917275,Gene 43,109
187.5214886940294,559.556030786827,Gene 43,109
188.8351088682797,557.046667602263,Gene 43,109
186.11185647027136,549.2774355758567,Gene 49,109
196.2349278781436,550.0777357534234,Gene 13,110
196.78552691281035,546.9509514222979,Gene 13,110
192.24862172177598,550.18511757608,Gene 19,110
192.6610420713321,548.7521130198087,Gene 19,110
197.2794197254224,552.4235283344528,Gene 20,110
192.25607989317317,549.9903177212746,Gene 20,110
197.93882144516843,548.5010310369371,Gene 20,110
197.06720312794474,552.1332921160649,Gene 20,110
197.45341173603825,555.2832518856451,Gene 20,110
192.47500138998618,548.0408067750305,Gene 20,110
195.45178709618085,551.0614301269452,Gene 20,110
194.3067627018424,556.9194693905013,Gene 20,110
190.92978639324338,552.7852585975116,Gene 20,110
197.08060138422726,556.8679459792376,Gene 21,110
194.04552036762854,558.914375493301,Gene 21,110
194.27914995591055,552.9348022655589,Gene 21,110
196.44135454922832,549.0640750373292,Gene 21,110
196.85862602206564,553.1412776375962,Gene 22,110
191.78560922046103,553.5373371022583,Gene 22,110
197.48769200321107,557.3035310541807,Gene 23,110
192.34543856144379,552.6143130724462,Gene 23,110
197.4332900263835,552.5131265660956,Gene 23,110
197.76962872038533,549.3656859298374,Gene 23,110
190.84118084485863,555.4028705586147,Gene 23,110
195.5278194213786,557.602716841149,Gene 23,110
193.00712895290565,547.3795393343242,Gene 23,110
190.4552180067836,551.0326470291702,Gene 23,110
191.0657475872546,554.9633757320206,Gene 24,110
195.09856448365355,558.2964261959438,Gene 24,110
198.35540068456424,552.0778201798146,Gene 24,110
190.5155372322468,553.2199145165372,Gene 24,110
195.97298559007297,548.7607295493142,Gene 24,110
196.18042265697704,555.3449962916328,Gene 25,110
197.68926642727124,551.5170025857253,Gene 25,110
196.41525311951332,554.6732498856773,Gene 25,110
196.61055217569415,552.3897706271913,Gene 25,110
197.22467784738964,551.9808653015225,Gene 25,110
196.02620760481523,548.9637771102095,Gene 25,110
191.92943256965586,557.6139283439068,Gene 25,110
192.91855842438912,559.1599690831601,Gene 25,110
195.7972268488788,557.3612230341226,Gene 31,110
196.49885804891846,556.4483782537322,Gene 40,110
197.38701444868278,557.2417300342663,Gene 43,110
190.91423853972933,553.410693066425,Gene 47,110
195.28848258948707,552.562076931885,Gene 0,111
194.95462176023838,551.3125387753837,Gene 2,111
195.79669528435568,565.9230149366837,Gene 6,111
195.4372368954203,553.4576600893058,Gene 6,111
194.53072060306664,565.8946646407563,Gene 6,111
195.94525869722298,561.2858377722199,Gene 8,111
195.74591951582047,556.0609468077388,Gene 8,111
194.95776620971475,566.9392606128854,Gene 13,111
195.40984761214955,568.2359281017067,Gene 13,111
194.59527374747972,557.8970624014945,Gene 13,111
194.75750378927341,552.5676119777529,Gene 13,111
194.32186112258702,561.45353505492,Gene 13,111
194.41022473444056,559.3813396503297,Gene 13,111
194.80752811557545,559.6887316656688,Gene 13,111
194.94282024721304,556.7241640657022,Gene 14,111
195.3697612949421,551.9324868511917,Gene 16,111
195.7574754831288,564.8948158320903,Gene 19,111
194.51283671431005,558.9524254422179,Gene 19,111
194.94038293609847,553.8112200904804,Gene 19,111
194.6384753685709,559.1859804230362,Gene 19,111
195.61086391628425,555.8659127183563,Gene 20,111
195.516644053155,569.3958482237158,Gene 20,111
194.31125434563236,561.1567333486837,Gene 20,111
194.46431553097364,559.8756115199661,Gene 21,111
195.1587829696351,563.135229353561,Gene 21,111
195.96293827586086,559.158263347215,Gene 21,111
194.57064007778098,565.6510103334929,Gene 21,111
195.56219114129055,557.4563174486775,Gene 21,111
194.9413547250072,559.7618018721693,Gene 21,111
195.83324303337415,562.4364163760283,Gene 21,111
195.27065695763216,566.3731906389369,Gene 22,111
194.50357936952273,557.1837669630754,Gene 22,111
194.71820748164964,569.4751257566637,Gene 22,111
194.99634081513835,569.0739559526145,Gene 22,111
195.54372156137651,561.580444693611,Gene 22,111
195.63796487390147,554.1332132715789,Gene 23,111
194.45472707753328,567.3878612458706,Gene 23,111
194.7577493971043,557.1648508578153,Gene 23,111
194.51170888189583,559.985509572049,Gene 23,111
194.64646601139734,558.5401923564445,Gene 23,111
195.23528424632184,555.6987246621719,Gene 24,111
195.76309843806416,555.059588581169,Gene 24,111
195.80187743315497,561.320292329124,Gene 24,111
195.70691068482364,569.3966078242321,Gene 25,111
195.16040923110657,553.0476150166206,Gene 25,111
195.58362576844846,568.6125167640296,Gene 25,111
195.89921261245257,561.8591429628214,Gene 25,111
195.55154677337484,561.156168661949,Gene 25,111
195.34618127884673,554.1013759520257,Gene 25,111
195.41195340572736,570.7752475284374,Gene 25,111
195.66373100840164,561.6901195816977,Gene 31,111
194.6663745805809,561.7622252868446,Gene 31,111
195.79915065247673,559.7530062636339,Gene 40,111
195.93154532897128,559.464274348408,Gene 40,111
195.21045549421,567.0249752429715,Gene 43,111
194.92610983953932,556.7454283889782,Gene 43,111
195.2692644222283,553.9235143497528,Gene 43,111
195.02282254827955,570.0263278634269,Gene 43,111
194.7890166424658,563.7187696780933,Gene 43,111
194.40783548703862,559.1311820929229,Gene 43,111
194.59893171949435,565.5904472768384,Gene 43,111
194.8633237909206,569.1348048196977,Gene 43,111
194.43024054770657,564.3292834556187,Gene 47,111
194.97302514071782,552.1786869994038,Gene 47,111
187.66585349730943,577.8823448265034,Gene 6,112
185.99685325416598,573.2962913398954,Gene 13,112
186.998074745157,573.2914352893861,Gene 13,112
189.73204468970494,575.93091329605,Gene 16,112
186.46885442227682,577.3580378509961,Gene 16,112
187.18334226222282,568.9144483839967,Gene 20,112
190.87630165996038,574.7659157949017,Gene 20,112
188.64732636392054,571.3492979688881,Gene 20,112
187.58241722743992,568.0658699452648,Gene 20,112
185.78400680737303,579.3991031273306,Gene 20,112
184.06447417539778,568.3735731940299,Gene 20,112
183.7006601160595,575.6383548267981,Gene 20,112
191.25628828928689,574.058576347382,Gene 20,112
190.01563214604238,571.1918382764248,Gene 21,112
190.15095250665806,575.4719642852152,Gene 21,112
185.67249884759428,569.0094065669427,Gene 21,112
185.8212521440309,576.9627600274989,Gene 21,112
188.80015605889292,575.9940619772605,Gene 22,112
185.74005191063313,574.7862737156137,Gene 22,112
186.08188634704433,570.3072548486658,Gene 22,112
183.36791709809967,568.6971047477568,Gene 23,112
184.33052952661487,573.8989005331506,Gene 23,112
184.87749852665584,567.4939401371528,Gene 24,112
188.86471851645686,578.2477469080204,Gene 24,112
188.07833375240602,575.7907991340691,Gene 24,112
189.63580494938117,572.8829144992558,Gene 24,112
185.36665170126943,570.5176316098867,Gene 24,112
189.6548294926941,575.8603846250872,Gene 25,112
188.42206910423386,576.6118023266973,Gene 25,112
190.8470528220531,572.131004361166,Gene 25,112
184.30679611988552,573.8967138035836,Gene 25,112
183.28936608973927,573.4225477623418,Gene 25,112
190.07379526159238,568.301260630643,Gene 25,112
187.32666128439405,579.5530127600742,Gene 25,112
183.68367406525095,568.1922213130599,Gene 25,112
186.2744426688481,567.3799567309857,Gene 25,112
186.55554317816672,568.7020046713777,Gene 27,112
187.3504611958192,568.3474635152719,Gene 40,112
187.1662172107734,571.1183753423416,Gene 40,112
186.3649336895263,579.4257609721886,Gene 40,112
183.42314171597553,573.699988824268,Gene 43,112
189.23301306478032,575.5743884906834,Gene 47,112
189.92764072240504,571.0597317153698,Gene 47,112
183.9823742208663,576.3935405908303,Gene 49,112
190.81890044823857,574.9628739965613,Gene 49,112
199.22909845452307,570.8774886717921,Gene 0,113
192.31894106948556,569.3457746953484,Gene 2,113
199.2961624314266,571.8311785460526,Gene 2,113
195.9369814057147,563.5249593024005,Gene 3,113
200.36946116400017,569.1852108814993,Gene 3,113
195.64187827448464,565.7139637570907,Gene 6,113
201.07553325738962,572.0041775777539,Gene 6,113
198.2120802853357,573.431121112801,Gene 8,113
196.8245408313677,572.5608172499018,Gene 13,113
195.1781204737854,570.4753381104215,Gene 13,113
192.66951132481546,569.6712996995784,Gene 13,113
193.76221218822988,563.4823925517176,Gene 14,113
197.79460417251124,568.2760393890638,Gene 19,113
194.22662542374482,565.8088228814825,Gene 19,113
193.9741915924476,567.1516592504458,Gene 19,113
195.6185676177119,570.6830305492723,Gene 20,113
192.78393768197998,569.9053401477391,Gene 20,113
193.67415684688098,570.4106838939684,Gene 20,113
194.88753376605595,573.2564058403199,Gene 20,113
194.1753509098308,564.8560649500587,Gene 20,113
192.4727607361012,572.8064206188211,Gene 20,113
198.44542709812688,573.8161987662742,Gene 21,113
198.9221675354896,572.901466736668,Gene 21,113
200.2628204524639,566.9902979115607,Gene 21,113
192.9074369930806,572.7421867060785,Gene 21,113
192.50704115562021,566.9904878715026,Gene 21,113
199.17830410297574,567.8341640094465,Gene 21,113
193.19322644756423,570.1705802566144,Gene 21,113
194.11879323258552,573.7547721129961,Gene 23,113
197.21879356832898,563.4765977425957,Gene 23,113
195.69815089636919,572.1058447884013,Gene 23,113
196.80870673030284,567.1631834994462,Gene 23,113
191.98100826748683,567.5881575604482,Gene 23,113
194.2558214299259,572.7031477702009,Gene 23,113
192.80103368212735,571.0072397817626,Gene 24,113
193.1848303652062,569.0536805855194,Gene 24,113
199.86076733925464,571.7888592761603,Gene 24,113
193.56719597778397,573.4166337858006,Gene 24,113
197.73663741574987,569.0394735408319,Gene 24,113
193.6455310523223,565.0567125540399,Gene 25,113
199.4248605474944,565.832378472135,Gene 25,113
192.9185043385633,569.401306274587,Gene 25,113
197.56411773843328,573.8119571766796,Gene 25,113
200.36573709856683,568.1485168536011,Gene 25,113
197.18605932072504,566.9649294504064,Gene 25,113
199.72802096006566,564.9336662472439,Gene 25,113
198.46468593334313,565.2578191689925,Gene 25,113
196.6949000009606,571.3107716219499,Gene 25,113
193.66346142533678,574.3897150881384,Gene 25,113
196.60626794679743,575.2537024799333,Gene 25,113
195.77896706026425,572.5214619182636,Gene 40,113
200.46935240105554,569.1595342204736,Gene 43,113
194.64537949112233,568.0874133662849,Gene 43,113
194.32835577112928,566.184088818839,Gene 43,113
193.46510091499138,571.2037847252435,Gene 43,113
193.959347673782,566.1788739672179,Gene 47,113
199.47359429530218,568.9159479996143,Gene 47,113
193.56768078266003,584.2269409266931,Gene 0,114
189.28437754687576,578.233856165623,Gene 3,114
193.86437929148204,574.9601827546123,Gene 6,114
189.37936106851888,580.1821716019034,Gene 6,114
196.0816132396728,581.4027117527451,Gene 13,114
194.60528129494094,578.3284280847994,Gene 13,114
191.08898841262513,576.5587055402109,Gene 13,114
188.32863501324843,578.5700157048902,Gene 13,114
191.2621316914686,574.5858910706612,Gene 19,114
193.8187010669497,572.602694816959,Gene 19,114
195.3218178051803,577.843590035328,Gene 19,114
195.456006845258,577.4215802532427,Gene 20,114
194.33539183854555,575.1965432481776,Gene 20,114
189.3541055260384,581.762981141549,Gene 20,114
194.7583992656741,575.6194419072001,Gene 20,114
192.54018878368407,576.1262549395638,Gene 20,114
190.5119994551519,584.7760686213405,Gene 20,114
192.70939540640978,586.192957327372,Gene 21,114
191.72376140361538,575.0744130042855,Gene 21,114
194.97551034082613,580.7585478163745,Gene 21,114
192.81764922685102,572.724938574237,Gene 21,114
193.78987513405454,580.8204753488687,Gene 21,114
190.15529235650592,585.438124177304,Gene 22,114
194.7603565696632,582.3678763984685,Gene 22,114
190.86284504500347,582.2767464375156,Gene 22,114
191.26591190798302,570.6902390185929,Gene 23,114
194.34122527845054,575.0460477408677,Gene 23,114
189.23605370097104,578.4517873695594,Gene 24,114
191.1770577439266,585.1077860301851,Gene 24,114
191.14977053812123,573.9123536879155,Gene 24,114
191.66101630278624,587.0391802173491,Gene 24,114
193.84766301448283,582.9877004269816,Gene 25,114
192.12040029232583,571.7548523031096,Gene 25,114
193.010467343643,571.6859971198459,Gene 25,114
188.92643090783722,578.4967574165719,Gene 25,114
188.96190087700546,576.3651252893229,Gene 27,114
194.82103930388766,573.9211054438398,Gene 27,114
195.80077038773362,580.2227132786717,Gene 31,114
190.0488634038747,582.1703091833947,Gene 40,114
191.26876594231794,584.4550522990447,Gene 43,114
193.5080029295271,584.6856873985729,Gene 43,114
190.6058496320837,579.9400156435969,Gene 49,114
193.23795743488571,585.4324041085007,Gene 49,114
191.36918093724736,580.7980038172813,Gene 49,114
190.32101029461313,583.5529583483716,Gene 49,114
194.63708886592974,576.9079963963969,Gene 49,114
198.0974944682475,577.1139386344589,Gene 3,115
197.797195048472,584.963091568092,Gene 3,115
199.21051510246494,576.603645312321,Gene 6,115
200.52324783613886,584.3345857730262,Gene 13,115
199.61974419693595,586.0714913268476,Gene 13,115
196.71773397242,576.702899648836,Gene 13,115
199.9929502592767,578.1479867889761,Gene 13,115
199.94501785902742,572.5796380576859,Gene 13,115
199.75943273465245,583.6292076574333,Gene 16,115
200.755190339296,581.1019226437901,Gene 16,115
198.6799802562752,571.8267599856724,Gene 16,115
197.81213825614827,573.3568093756054,Gene 19,115
199.11340790217687,587.1010593164533,Gene 19,115
200.61138509931362,586.5492395725546,Gene 19,115
198.55863750394983,585.6285007519755,Gene 20,115
198.5226399244467,572.0256011361558,Gene 20,115
197.51317643413492,587.3484505123001,Gene 20,115
200.24939928341342,576.20891734937,Gene 20,115
198.45794817358941,585.9587084245316,Gene 20,115
200.495529627204,573.8839052690796,Gene 20,115
199.31209948329536,585.2386472142873,Gene 21,115
199.77094891249078,572.994904944942,Gene 21,115
198.75178030895032,581.9012520115779,Gene 21,115
199.63360307238224,584.6484157368535,Gene 21,115
198.4962523276937,572.4021542719595,Gene 21,115
197.2907086475091,579.6257092094437,Gene 21,115
198.57655754629343,575.2754338879913,Gene 21,115
196.6745047106229,578.7887432441837,Gene 23,115
198.29333517162544,582.8100406054839,Gene 23,115
200.0382791149255,584.8204813677331,Gene 23,115
199.11773446278784,585.313737261051,Gene 23,115
198.11317685259627,582.5245673943054,Gene 24,115
196.91554456711043,576.6379204871387,Gene 24,115
197.05321976544556,576.3594203276735,Gene 24,115
201.26901489265995,580.3204180232794,Gene 24,115
200.94336539497692,578.5377975072909,Gene 25,115
197.01017027905056,582.1732220505857,Gene 25,115
197.80940543718359,572.0653423599662,Gene 25,115
199.08131604427956,572.3050114617587,Gene 25,115
199.9342447955461,574.3970484122088,Gene 27,115
197.94250010566049,571.930931035412,Gene 40,115
197.0348154360657,582.0245933292416,Gene 40,115
200.8791415783361,578.0979203406062,Gene 43,115
197.99665654668266,571.0524700357915,Gene 43,115
197.10797048248207,573.5432261703733,Gene 43,115
198.35073625787237,585.1939502540433,Gene 47,115
199.80118018014872,583.522231886941,Gene 49,115
199.722193149575,580.1462131331266,Gene 49,115
196.59560224441577,587.5967215622715,Gene 2,116
194.31440060827043,588.6921177790579,Gene 2,116
198.59771753679112,591.39263113822,Gene 2,116
197.46365207576446,586.3778081559134,Gene 13,116
195.59865947832526,585.4251854207585,Gene 13,116
196.5145848345925,595.8171702614402,Gene 13,116
194.00753980690607,591.2152118308128,Gene 16,116
198.3695632964176,584.9227898392732,Gene 16,116
193.9084746526558,586.4581871765296,Gene 16,116
193.57242818622018,590.9102775848839,Gene 16,116
197.66401066346396,596.074814291275,Gene 16,116
193.0314862634509,588.6752052293098,Gene 19,116
195.81771957298488,583.8649634041251,Gene 19,116
196.32260847401608,582.5918570990561,Gene 19,116
197.98877071367488,587.342693860877,Gene 19,116
198.41954447571987,590.2299342102194,Gene 19,116
195.7469936670453,585.8850345185365,Gene 20,116
196.99390560274477,591.7063720194245,Gene 20,116
193.63069713221623,590.2230077069528,Gene 21,116
197.6879800206436,587.4114458986973,Gene 21,116
195.88931118420706,584.6446528683249,Gene 21,116
198.52993351736316,586.6556510763636,Gene 21,116
195.5447968146556,584.0617586249683,Gene 21,116
198.0865465981565,588.2536655250303,Gene 21,116
195.54556211360287,589.9917639017581,Gene 21,116
195.3317582405372,592.4311130879662,Gene 22,116
194.62414491669267,585.3398572293122,Gene 23,116
197.83315608717174,585.9394605545862,Gene 24,116
197.04918244905753,584.606691690251,Gene 24,116
193.6701250748474,583.921558468286,Gene 24,116
198.06406803501085,588.5363768985534,Gene 24,116
194.5249997840083,597.4332371137855,Gene 24,116
197.4347307100674,595.9479141083646,Gene 24,116
195.96456652108196,591.7863771299075,Gene 24,116
195.33867354651025,584.0707091574997,Gene 25,116
196.68487934803895,583.441942211937,Gene 25,116
196.5467764481837,593.5781303970296,Gene 25,116
195.64410614380313,596.1728628733426,Gene 25,116
193.82285561137795,583.8885854913366,Gene 25,116
194.2991822081328,582.9219323621261,Gene 25,116
194.07447444860645,589.5917101102956,Gene 25,116
195.3234218177226,583.9475344905649,Gene 25,116
194.56527655216428,591.7952040916732,Gene 27,116
197.8862888223032,591.9824791661905,Gene 40,116
196.91726026612332,597.9058659531951,Gene 43,116
198.44814131790346,588.627670177588,Gene 43,116
198.9078525528754,592.8054755137093,Gene 43,116
193.93653156221296,591.6789187589998,Gene 49,116
198.35101814592977,590.9194565920633,Gene 2,117
196.76726246612597,595.6037607857814,Gene 2,117
198.82859162038665,603.1767541004888,Gene 6,117
196.3405749451126,600.5977475802868,Gene 6,117
196.712658605443,589.2426433162935,Gene 6,117
197.46965621602732,600.7878039284973,Gene 6,117
196.86557723087935,595.9212955709343,Gene 8,117
196.65178842309504,591.3235903771645,Gene 12,117
198.69579255422352,597.5517032378104,Gene 16,117
199.22250153484745,594.9123213680335,Gene 20,117
197.03064125966367,588.1488323864128,Gene 20,117
199.0620151973256,597.7458581994996,Gene 20,117
196.922800915922,589.5716818054643,Gene 20,117
198.83529682310257,590.6747691985582,Gene 20,117
199.04506896129982,596.6591182728257,Gene 21,117
197.79714480246352,591.3897611078164,Gene 21,117
196.32831294485126,592.1850963036325,Gene 21,117
199.10598314433287,592.4274457732,Gene 21,117
198.73423691212636,594.465685860764,Gene 21,117
197.69753634378728,587.9223603079081,Gene 22,117
196.85488983938032,601.3585911635369,Gene 22,117
198.28102662524986,589.6917082648579,Gene 23,117
196.92818550442374,600.5895391140663,Gene 23,117
198.52959327532213,594.3872170519022,Gene 23,117
196.6338997266784,596.8863600446863,Gene 24,117
198.42245633540253,588.0807358913546,Gene 24,117
198.24842839974798,595.5423902037995,Gene 24,117
196.97708779418738,588.608289225929,Gene 25,117
197.1319862385821,605.2538216410817,Gene 25,117
198.57817380937067,591.9817161954867,Gene 25,117
196.73657637089443,595.4913533131348,Gene 25,117
196.81846788799663,600.9381108136483,Gene 25,117
198.31389982122192,599.3951187029073,Gene 25,117
197.30069088369873,586.0637184967943,Gene 25,117
198.15766095344216,586.6507769438242,Gene 27,117
198.12757049981937,586.834056109116,Gene 34,117
196.43539291395905,601.3693375095899,Gene 40,117
196.42412556715018,590.4262430801359,Gene 40,117
196.8710983748266,594.4262628198255,Gene 43,117
198.3950090169585,604.6250154631246,Gene 43,117
198.65521773740343,599.6856881972417,Gene 43,117
196.71986146358194,593.0162678958541,Gene 43,117
197.30877367848305,592.8911774874588,Gene 47,117
198.65256987427227,590.482936651578,Gene 47,117
