x,y,gene,cell
102.19657018813152,409.8452595323523,Gene 3,0
104.34424945747023,407.07558162042983,Gene 4,0
105.54833118582799,399.3228144459307,Gene 19,0
104.29463032128214,394.18629239502457,Gene 26,0
104.73353025254882,409.3676661401152,Gene 26,0
104.47012211009975,395.34446400936093,Gene 26,0
103.9436052928434,411.0933924193981,Gene 26,0
103.37621189837694,409.8690704069824,Gene 26,0
104.69050479034607,405.66476771102447,Gene 26,0
102.10605983720157,407.91514920723887,Gene 27,0
104.34630098791548,403.79208730354725,Gene 27,0
105.73452586054653,401.216154887461,Gene 27,0
104.6224510588309,398.50163159156676,Gene 27,0
104.74848416291458,394.7736687986651,Gene 27,0
102.56783892332028,406.89201590007525,Gene 27,0
104.87260566723732,395.8799665176824,Gene 28,0
105.61391330266143,403.8352388107891,Gene 28,0
104.20539845778592,397.829823445128,Gene 28,0
104.54453239908526,399.2842989564208,Gene 28,0
102.41290154807484,397.3829353897188,Gene 29,0
103.66496127383434,396.08037618414244,Gene 29,0
101.19382730970287,405.743717224946,Gene 29,0
101.68858679892197,406.906258941725,Gene 29,0
102.53252370101167,395.7427431621506,Gene 29,0
104.51875205237953,407.8493662038599,Gene 29,0
102.91237336847065,404.9905114427615,Gene 29,0
105.09393971704554,406.7016818331469,Gene 29,0
101.68509270986661,404.8465347579405,Gene 29,0
101.53655287167598,401.7601006254068,Gene 29,0
104.68762559920806,397.587751691752,Gene 30,0
104.86530922834274,402.2353486669735,Gene 30,0
101.323200839864,397.8272385623813,Gene 30,0
102.91479000925794,404.9933814807974,Gene 31,0
103.13531398491965,394.0612117677188,Gene 31,0
103.80400787248529,395.10868783535466,Gene 32,0
103.57190453586065,408.27644992982886,Gene 32,0
103.31553202655287,392.9426794423592,Gene 32,0
101.34485057763453,405.6537259405034,Gene 32,0
103.23557034631558,404.01843370175453,Gene 32,0
101.8507590057095,405.4899799228481,Gene 32,0
101.48592098383749,401.11103401934105,Gene 32,0
102.60748946093372,407.71811545958406,Gene 33,0
104.08095626333444,394.4882719149808,Gene 37,0
102.78595029280685,394.6102468515942,Gene 37,0
102.95259298092503,406.39394273591535,Gene 37,0
104.3432559876205,396.52892979837657,Gene 37,0
105.68713845772965,403.26381176092957,Gene 37,0
122.62655719899311,398.31901858727383,Gene 4,1
122.12991935749967,402.71766596600713,Gene 19,1
121.80383805159585,406.18157756942617,Gene 19,1
122.08008999940286,405.0603200161665,Gene 19,1
121.52583734433954,409.050254908066,Gene 26,1
120.93948272014435,397.8546365896245,Gene 26,1
122.327873317463,407.3011793322443,Gene 26,1
122.78000774911939,401.085477681442,Gene 26,1
122.22503831697716,395.9211826101864,Gene 26,1
122.55256320633444,400.086717461798,Gene 27,1
121.41004078562779,396.36958302017166,Gene 27,1
120.95682226348977,397.1543935954898,Gene 28,1
121.67040492858092,406.9247075789517,Gene 28,1
122.40206030058354,406.0896979836465,Gene 28,1
122.70952433688858,398.2161035532449,Gene 29,1
121.86436593922261,408.7113316942306,Gene 29,1
121.74546596050645,409.62251811029284,Gene 29,1
121.00405927193913,397.1909190749783,Gene 29,1
122.12501402046277,409.46247990010374,Gene 29,1
121.71107352226178,395.1625107816574,Gene 30,1
121.89766752646491,403.3538926153754,Gene 31,1
121.92402976886179,392.3908699564978,Gene 31,1
121.16558777169027,406.5371029270834,Gene 32,1
121.38022956268178,395.0189986243668,Gene 32,1
122.88710474333307,400.75045390836203,Gene 32,1
122.0592468165505,403.49781454010815,Gene 32,1
122.2023974761482,401.987564616131,Gene 32,1
122.02463849598469,396.9454248434986,Gene 33,1
122.53246926359832,400.9675806591985,Gene 37,1
122.6269211844328,401.5935142467404,Gene 37,1
122.56804549595502,394.16456667887337,Gene 37,1
122.18470816086612,391.09368178794875,Gene 37,1
161.8361349101514,411.99324915889764,Gene 13,2
162.57687376983196,410.08627583467296,Gene 13,2
161.10551750207287,408.40020159603876,Gene 19,2
162.71889646866651,401.7893839961647,Gene 19,2
162.50783941799205,408.02673948870483,Gene 22,2
160.78182442843175,405.61878745383194,Gene 22,2
162.2750885459235,394.42199381873775,Gene 26,2
161.34369378254394,406.267731219851,Gene 26,2
161.11992972674193,407.1813526132093,Gene 26,2
161.92412284003362,393.9346304599102,Gene 26,2
161.17469659913266,409.0393822043523,Gene 26,2
160.99354573606493,401.316592465831,Gene 27,2
161.98485554796005,411.77137357664793,Gene 27,2
163.10133794677722,403.08336406004355,Gene 27,2
161.1588695457881,404.5226004048391,Gene 27,2
163.085804835151,396.4615903441127,Gene 27,2
161.22628350517846,409.10478130899907,Gene 27,2
161.71042044526047,396.96608332582423,Gene 27,2
162.9703005518688,401.43196717236714,Gene 27,2
161.23085830164584,409.6870721953553,Gene 27,2
161.37555872392858,407.4170745485439,Gene 28,2
163.26068531133046,405.80155372145884,Gene 28,2
161.473194712355,398.62799263623486,Gene 28,2
161.86582907611378,395.7451076035269,Gene 28,2
162.11486777423022,409.69343143925505,Gene 28,2
162.67638634586376,402.4498037847563,Gene 28,2
162.57759026977223,396.6202783002856,Gene 29,2
162.9800988483241,397.9065980016154,Gene 29,2
161.21649569445114,409.72193944929,Gene 29,2
160.99886512130223,404.2831905881104,Gene 29,2
160.75053894044518,405.8140510919503,Gene 30,2
161.63702050329078,402.6608010937254,Gene 31,2
161.32871608202953,409.4172842491465,Gene 32,2
161.52611174706652,410.7856586648114,Gene 32,2
162.92067318342444,402.2179577368326,Gene 32,2
161.8462351644235,395.51096846402584,Gene 32,2
162.3307733079493,412.0007960294174,Gene 32,2
162.5265621156808,409.7102048342249,Gene 33,2
162.40177495928398,401.5841035741098,Gene 35,2
162.1017886270379,394.4637397448265,Gene 37,2
162.93875855851667,408.9735342841671,Gene 49,2
178.55906700741892,398.8206872819783,Gene 5,3
176.6183229441653,397.9600906245709,Gene 13,3
174.56018409414042,396.34569114486345,Gene 19,3
175.62379885628863,398.5152877202617,Gene 19,3
172.57023409844578,403.4736097013887,Gene 19,3
178.87724485071493,402.16237928406787,Gene 22,3
175.31263909850566,408.483432176047,Gene 26,3
172.94550651516693,404.25764494527687,Gene 26,3
176.27860322894645,407.66480411152236,Gene 26,3
172.43582973928744,398.434131479898,Gene 27,3
175.66752326978315,395.4524370035982,Gene 27,3
178.20224404568611,407.1032584934122,Gene 27,3
174.90448230390405,408.3255103479363,Gene 27,3
176.406347012613,409.3601262981046,Gene 27,3
176.20940932859904,400.2976948191697,Gene 27,3
174.7302093971457,398.02711599382434,Gene 27,3
178.36771761862187,403.8045243301327,Gene 27,3
177.88139167626318,399.11002696334026,Gene 28,3
172.724184839853,402.083918108875,Gene 28,3
177.35773722489844,405.868326812619,Gene 29,3
175.91495302365985,407.0033864546621,Gene 29,3
177.15513945009462,400.29212669889176,Gene 29,3
173.74318865082188,400.6114509916638,Gene 29,3
172.75500731958516,402.68508612443117,Gene 29,3
178.60970949556295,404.81830757806176,Gene 30,3
176.24518950445068,396.38268401255675,Gene 30,3
172.9470630519345,401.73219507081825,Gene 30,3
177.43916028688736,402.0412275453836,Gene 30,3
175.28148829366617,408.64129299012035,Gene 31,3
176.10016737890285,404.3273172084354,Gene 31,3
172.21296532642654,407.5847082039115,Gene 31,3
177.029869007458,409.4218471036368,Gene 32,3
172.82578099059242,404.2744578010522,Gene 32,3
173.557588827093,400.5382647690595,Gene 32,3
176.6786578715265,395.99702142023017,Gene 33,3
174.6358854568979,409.5254665668084,Gene 37,3
191.53790206825846,402.5700273854841,Gene 4,4
183.98514571099582,401.44376475159333,Gene 4,4
193.1796262241275,402.6623919715166,Gene 4,4
187.87674625693725,402.75253576717773,Gene 5,4
197.59578309353722,401.6952539905429,Gene 19,4
186.31951515849033,403.28391286732364,Gene 19,4
185.2932109359388,399.3075422872929,Gene 22,4
195.0031340905708,398.4849600371558,Gene 22,4
192.08944752109826,399.1763898012963,Gene 26,4
183.0479001444173,400.0413706648556,Gene 26,4
194.99382536076268,401.65789674799976,Gene 26,4
184.63911222904082,402.6401108192885,Gene 26,4
195.95493937991284,398.77254949708316,Gene 26,4
194.13446620453928,400.543517659259,Gene 26,4
196.2707341679235,400.04903152528266,Gene 27,4
184.0061578303668,402.2625688688686,Gene 27,4
195.04234846309015,402.14164886659034,Gene 27,4
191.7838721839523,397.53285979331014,Gene 27,4
193.50295803866268,400.05039302158906,Gene 27,4
188.37126830648415,399.4899365511759,Gene 27,4
196.4741874913348,401.9295568916206,Gene 27,4
185.4301815904543,400.2604930475144,Gene 27,4
186.29273552292256,401.96243247708463,Gene 28,4
186.5941507529114,400.91456606035524,Gene 28,4
183.29568024772345,401.1197029367214,Gene 28,4
192.18535152207923,403.3225989046138,Gene 29,4
192.07295058605442,402.8438351424255,Gene 29,4
196.2373068506666,400.2021992394948,Gene 29,4
194.221224362719,400.9971211652262,Gene 29,4
193.4412131698395,399.68018587888105,Gene 29,4
195.33824785859093,400.9429151768001,Gene 29,4
189.51031035385094,398.2180239151119,Gene 30,4
185.9206062674108,401.9936249660106,Gene 30,4
188.49947060025838,399.1556579202075,Gene 30,4
190.94253577004343,399.5460252661162,Gene 30,4
189.79363133099156,398.11365879304856,Gene 31,4
191.5715407866504,403.44742423167514,Gene 31,4
196.40339540462554,399.8289540377354,Gene 31,4
191.22696701775527,403.0517145377226,Gene 31,4
186.35339721841675,403.8738130183771,Gene 32,4
196.3249744347345,400.34920286413313,Gene 32,4
196.07211598256757,400.47679986742344,Gene 32,4
186.08270456813483,401.9229749182435,Gene 32,4
182.92297048181598,401.3337919968764,Gene 32,4
188.21642432257502,398.4851732081329,Gene 32,4
188.12761924952645,398.43154746781323,Gene 32,4
185.30043282281002,398.2559383539891,Gene 37,4
188.91378837977808,402.4388887864161,Gene 37,4
190.93399603634785,399.378075654661,Gene 37,4
194.0398356542914,401.6028522224658,Gene 37,4
101.53726601755456,409.09228297397823,Gene 5,5
105.84425856434572,411.78078091987476,Gene 5,5
102.85603956101836,413.7276378309677,Gene 13,5
105.9551799638147,410.4354047160771,Gene 13,5
105.67130822771091,405.92094732092727,Gene 26,5
103.32539109759163,413.7918093700686,Gene 26,5
105.61208967906299,411.9271141163713,Gene 26,5
104.4694365190619,412.8136651570097,Gene 26,5
101.4005647281051,412.74523988088833,Gene 26,5
100.79894044039281,411.35222098089656,Gene 27,5
100.77168568385277,407.74601679997164,Gene 27,5
101.55042091577317,405.7952836758981,Gene 27,5
105.05163018184633,405.08380861708827,Gene 27,5
102.4443195186636,407.53440356158796,Gene 27,5
100.31519068144776,407.32403631242903,Gene 28,5
103.358707650173,407.1002074935838,Gene 28,5
102.56847452642293,404.20106197311077,Gene 28,5
104.20733054844851,401.10963590601705,Gene 28,5
104.77391525126468,404.7322877021836,Gene 28,5
105.12850612843158,404.6131617386354,Gene 28,5
104.99089438559712,409.18956874978426,Gene 28,5
101.50544295908189,413.9227593882324,Gene 28,5
105.37103150126805,408.92457745417664,Gene 29,5
102.95806222739373,401.66023443729085,Gene 29,5
102.3823937273711,415.87464504351635,Gene 29,5
105.64913538467258,413.09452553524017,Gene 29,5
105.62247473587374,413.78366243916844,Gene 29,5
104.53330160019982,415.7879245431685,Gene 29,5
100.53230810074442,412.24192589924525,Gene 29,5
101.45608009313946,403.95340985515423,Gene 30,5
105.30895652713444,402.3091902445321,Gene 30,5
104.14299680919775,406.6728226008967,Gene 31,5
102.0586551128585,413.4448859444882,Gene 31,5
100.8831236484674,410.14664203411724,Gene 32,5
100.82359685140425,407.6212221128411,Gene 32,5
100.66090919332747,409.29143550358697,Gene 32,5
101.62576097486524,414.9338224345377,Gene 32,5
103.62117176804381,413.5234215735977,Gene 35,5
103.36778097258774,402.31416454965756,Gene 40,5
113.80758435170137,410.9957727615563,Gene 5,6
112.23854526507363,402.7059197292156,Gene 5,6
113.72607236791607,413.0990491520592,Gene 19,6
112.59848305291197,413.6930731462563,Gene 19,6
112.93370441773628,399.9837279533673,Gene 22,6
114.51594520267717,401.3161408997395,Gene 22,6
113.49445453887228,399.6167186288621,Gene 26,6
113.03643953547665,398.2954710099897,Gene 26,6
112.77590104303755,408.2952195577686,Gene 26,6
114.8946110537333,408.8959683456982,Gene 26,6
114.1272884107491,405.4817217855997,Gene 26,6
113.7211582688397,400.04405791162264,Gene 27,6
111.76685976667197,404.5532513103492,Gene 27,6
113.22930885851645,399.16425827001075,Gene 27,6
114.52120009423649,407.581932775669,Gene 27,6
112.63754074215922,410.5254442545505,Gene 27,6
112.70161387909941,401.8807218470293,Gene 27,6
114.74752229606115,410.7001793417356,Gene 27,6
112.07593415204674,405.6036528564594,Gene 27,6
113.83659458039142,415.7491919746606,Gene 28,6
113.73444831098888,401.51643511863944,Gene 28,6
113.89458462549408,413.98823970408824,Gene 28,6
113.03950247879342,399.0935735210946,Gene 28,6
112.9317888101376,413.45899275697667,Gene 29,6
112.46470803149688,408.3234010950638,Gene 29,6
113.70023652403998,399.99500212755026,Gene 29,6
112.91330442658007,414.84187722630463,Gene 29,6
111.60726206936535,404.35505487475973,Gene 29,6
111.69098798869895,408.1310337789627,Gene 29,6
112.47558466089305,402.3361188221552,Gene 29,6
112.62185848606853,412.21895322182263,Gene 29,6
114.57589643539914,410.0960117211927,Gene 29,6
112.2189394658712,411.15674372296303,Gene 29,6
112.63265327037705,407.14316910596665,Gene 29,6
114.44666455862891,407.947342093482,Gene 29,6
112.88663288172452,399.7850183722986,Gene 29,6
114.56500055905204,400.51181292854,Gene 30,6
112.17195659731588,406.5880260237591,Gene 30,6
114.44332800149034,400.5878074642229,Gene 30,6
114.53983430805269,405.41680420552353,Gene 30,6
113.61325461621416,412.42200666832645,Gene 30,6
113.3812027232997,409.04013157468097,Gene 31,6
114.54369251166605,402.6664052801623,Gene 31,6
111.91532825653297,403.51210399337026,Gene 31,6
112.67428413441402,413.3920223919871,Gene 31,6
113.6497050809666,406.21023061147423,Gene 31,6
114.70263159627486,403.7598454329272,Gene 31,6
111.5614848918361,406.216337721395,Gene 31,6
112.43868503284858,402.2909448859214,Gene 32,6
114.44489352672704,409.8898420822937,Gene 32,6
114.42727810055379,401.1132786842473,Gene 32,6
113.59860179039518,415.03973763094854,Gene 33,6
113.55938447562419,398.089361648419,Gene 34,6
112.15566719952736,403.85389657505203,Gene 35,6
114.3708893169701,403.1812125862823,Gene 37,6
112.92913345569755,414.68537492745384,Gene 37,6
113.98031850430895,406.42656501265105,Gene 37,6
114.10107509196163,406.81088016476644,Gene 37,6
120.88307852443747,397.0739977095661,Gene 5,7
122.85460742238331,405.4984913614558,Gene 16,7
119.9630999369698,412.8581716045617,Gene 19,7
122.29029521168978,411.13451383142717,Gene 19,7
121.60335603523876,408.24520580909825,Gene 26,7
122.29147996085231,406.94296819516046,Gene 26,7
119.30550437623606,404.57984645397164,Gene 26,7
122.20274831813512,409.9086635942928,Gene 27,7
122.67550814714431,406.4541312541017,Gene 27,7
122.59700770758994,407.23565893117654,Gene 27,7
119.39773748532558,408.41239148316527,Gene 27,7
118.8909508903532,406.4978926169418,Gene 27,7
121.20389161630067,398.1334210433314,Gene 28,7
119.93079708178611,396.67169198199343,Gene 29,7
120.95850203467877,398.39859986940354,Gene 29,7
119.88793258959389,406.69445111721956,Gene 29,7
119.01789007775169,407.96529672272356,Gene 29,7
119.27705261130768,400.95337452247884,Gene 29,7
122.12470129722304,399.63977981060066,Gene 30,7
119.21555345508462,402.0465827794087,Gene 30,7
118.90373072731487,405.6179324635055,Gene 32,7
119.48620126374472,409.83744060718874,Gene 32,7
120.43464790495054,400.97635464105997,Gene 32,7
119.12978730044829,402.3350067227554,Gene 32,7
121.18410942195679,409.32606354357455,Gene 32,7
122.75170124202863,405.48879377627077,Gene 33,7
122.34970495543682,403.88544362180255,Gene 37,7
120.02484644957912,397.6407503415258,Gene 37,7
128.68815525311643,409.0856880931539,Gene 5,8
134.91058027876824,402.0294569548232,Gene 19,8
137.84272496626866,406.49930154905917,Gene 22,8
130.7283379189865,402.5354649650789,Gene 22,8
126.63228848107823,409.13690922856046,Gene 26,8
125.87435444870363,407.54725148293664,Gene 26,8
131.12711260479514,401.9548472769591,Gene 26,8
131.30461845135565,406.98071884708946,Gene 27,8
129.8976142119814,402.90443498865,Gene 27,8
126.94943390353575,403.461368371212,Gene 27,8
124.5832253926297,407.399106358429,Gene 27,8
132.16391852675778,408.2139599772751,Gene 27,8
126.48495576494405,408.6094314423405,Gene 27,8
133.57155333986148,402.12231036939323,Gene 27,8
135.17959027877527,404.4537312842608,Gene 27,8
133.83632996333097,406.7636206811205,Gene 27,8
131.98766302447225,409.0964307524867,Gene 28,8
127.61914559999978,408.1922928495866,Gene 28,8
130.40218291885537,401.4325235020183,Gene 28,8
130.97853969669217,402.9495509813859,Gene 28,8
135.00541787742276,404.2178291052399,Gene 28,8
131.36486959306947,408.47375682686055,Gene 29,8
130.30639458432674,401.89803590580556,Gene 29,8
130.3460978506759,406.9628078187488,Gene 29,8
130.18094390853406,409.75675324876204,Gene 29,8
127.83736077098894,408.94902903220554,Gene 29,8
130.37750481543642,401.5557816216708,Gene 29,8
131.15422605709426,411.00559591888987,Gene 29,8
130.95587408309186,403.6468981919825,Gene 29,8
126.59899195388408,409.21311360089436,Gene 30,8
134.68902082708826,410.36181649999435,Gene 30,8
135.45612448310266,405.3297717392163,Gene 30,8
131.29370647319794,403.3558527006321,Gene 30,8
131.49433363727428,402.19925327888757,Gene 31,8
136.4566532669551,404.1603527806978,Gene 31,8
127.40674222199758,407.57180884581214,Gene 32,8
130.08065291884668,410.3604298864829,Gene 32,8
127.257332738657,405.6528820803368,Gene 32,8
134.91182489377778,408.4881087614672,Gene 32,8
132.66777170055704,403.11786915718005,Gene 32,8
128.11577501487764,404.5632816757637,Gene 33,8
127.53507938757001,408.1060693081654,Gene 34,8
131.4732799603147,406.9154272546531,Gene 37,8
131.38768614965517,401.50081135796535,Gene 37,8
134.04741847255056,405.4167302355222,Gene 37,8
125.55806626671234,403.76362995301355,Gene 37,8
137.98378420997713,402.9262523216537,Gene 13,9
144.27010152070937,405.827234958763,Gene 13,9
144.61208839342675,409.86892623855545,Gene 19,9
137.097025275863,409.94061268043873,Gene 19,9
138.01077924839316,407.25918212589437,Gene 19,9
143.87188648031605,403.5831335918582,Gene 19,9
142.98879100764088,405.6040154675151,Gene 22,9
143.97073763329766,403.67385550873945,Gene 26,9
141.21651932794794,401.039014190401,Gene 26,9
144.25972227355763,409.97897782478725,Gene 26,9
144.60293994840742,411.25654357625314,Gene 26,9
139.89957656721847,411.6944209450229,Gene 26,9
142.15975013892623,404.9751972109751,Gene 27,9
141.76529498406106,412.36507797055225,Gene 27,9
136.51976019027836,405.724676010004,Gene 27,9
144.3795500975705,405.1713181227267,Gene 27,9
145.80817759480553,406.9655824350057,Gene 27,9
141.56808904153522,402.4438801307083,Gene 27,9
144.3495307753655,407.49638814822583,Gene 28,9
142.02678169145236,413.2273800041467,Gene 28,9
137.39374792013177,411.36878228779676,Gene 29,9
143.11844239348133,404.93839987290943,Gene 29,9
142.684460899867,401.84239292070015,Gene 29,9
144.36886103941276,410.5551152731097,Gene 29,9
144.79303753284643,412.3621606170994,Gene 29,9
139.23309309661883,403.40207936509734,Gene 29,9
137.97202894054504,408.99533433216385,Gene 29,9
143.90730351698934,404.1744863151633,Gene 29,9
142.97606237412646,410.1439857467114,Gene 29,9
139.44927521360663,411.3649134453715,Gene 29,9
137.52407603669292,405.24104382472797,Gene 29,9
140.58972459580767,411.62057631756244,Gene 29,9
139.35100381055474,403.75925304485736,Gene 30,9
136.80769266600336,412.2889227243452,Gene 30,9
136.8927754524625,404.4722575436612,Gene 31,9
143.72405926256897,410.5789473693119,Gene 31,9
141.0674308095642,403.3005283988582,Gene 31,9
143.72626551598933,412.30263088057035,Gene 32,9
137.52748683794658,404.28805732128683,Gene 32,9
143.38597815224665,412.9509104017658,Gene 32,9
141.20198789192278,401.8841386003896,Gene 32,9
143.7312390825406,411.35798803315,Gene 33,9
139.82302908666705,413.7330488284029,Gene 34,9
137.28416258822855,404.5900704809034,Gene 36,9
140.64803428736448,412.93505268049773,Gene 37,9
141.72867651578528,412.78055639576206,Gene 37,9
136.9640529601508,404.48156987796614,Gene 37,9
144.4850294156429,408.8956654478941,Gene 37,9
142.725739316819,404.1163585455748,Gene 37,9
145.74747331109393,409.3782191556654,Gene 37,9
144.31281895112173,408.3411707140188,Gene 37,9
136.93393337790792,407.5848554321215,Gene 49,9
154.79243734857434,402.0375812247059,Gene 4,10
152.8607660157751,412.4195249310161,Gene 5,10
153.41745802739797,416.56612144921985,Gene 19,10
153.5523419546482,411.33553761171123,Gene 19,10
154.12771627238035,400.4115377708194,Gene 22,10
153.17484267305875,414.5418320333816,Gene 22,10
154.40325097123574,399.49975042665676,Gene 26,10
155.26664523794727,406.5196044333646,Gene 26,10
153.85377703095963,412.51057681809397,Gene 26,10
153.83059675272239,415.10321404821786,Gene 26,10
153.89939993778475,415.28771776424674,Gene 26,10
155.43494898341135,413.2465653863872,Gene 26,10
155.30770858671116,413.88686702171424,Gene 26,10
153.76833753125038,417.69608233282986,Gene 27,10
152.9518620896582,403.6192775628277,Gene 27,10
154.15818257188812,402.1143614987234,Gene 27,10
155.53649309545276,411.48719825165256,Gene 27,10
155.59938593660124,406.8982175917346,Gene 27,10
155.30599733352526,403.2359157662394,Gene 27,10
155.53468199533785,410.5624624478372,Gene 28,10
153.26779768972838,415.8272958811259,Gene 28,10
155.2366146439051,413.58291606320773,Gene 29,10
153.85673436715982,417.72952849011546,Gene 29,10
155.11392413862717,410.99345622207187,Gene 29,10
154.67640340681578,413.88119411027765,Gene 29,10
154.81667266218085,399.22991086003776,Gene 29,10
154.17313224786997,417.9685241977051,Gene 30,10
154.88633661444408,415.5835204506018,Gene 30,10
155.3123195345428,405.0304209958265,Gene 30,10
155.15594163763618,407.05630754444974,Gene 30,10
155.62757305603031,401.6035788153288,Gene 30,10
152.88178550036073,410.8798001988537,Gene 32,10
154.63332407954883,403.6917031552654,Gene 32,10
152.53095286664077,407.1354616870216,Gene 32,10
154.9829078434352,399.6424419222456,Gene 32,10
153.83028375719292,399.0707146099671,Gene 33,10
155.42750735545079,405.8603455400255,Gene 34,10
154.6063199333171,413.10275273025877,Gene 37,10
152.7196102756359,405.6059361595477,Gene 37,10
154.30859664363345,414.1258582488461,Gene 37,10
153.82020227120094,399.97141008732484,Gene 37,10
154.9266168752032,401.0507099981926,Gene 37,10
154.19542954125933,419.0803683023137,Gene 37,10
165.54287117000786,406.08814136315357,Gene 4,11
165.13201601971147,414.20704515304993,Gene 4,11
165.3227613723186,412.23765322344906,Gene 5,11
165.30551178103335,403.61356463039033,Gene 19,11
165.25658255254262,416.69249416109454,Gene 19,11
165.13283602636105,402.10287929368525,Gene 19,11
165.1128543275932,411.462413520736,Gene 22,11
165.469213334818,414.28519158999546,Gene 22,11
165.06635544561846,406.16847518613355,Gene 26,11
164.90248343539162,406.6252622567596,Gene 26,11
165.3871240590506,411.9249584856063,Gene 26,11
165.34314152603181,396.04338023959815,Gene 26,11
165.59790370702584,410.2324041070047,Gene 26,11
165.11575157054355,413.8039488724248,Gene 26,11
165.36120923226812,396.36439607100925,Gene 26,11
165.69051970926463,405.6920759814948,Gene 27,11
164.91507992189213,406.50020180080384,Gene 27,11
165.3878671004337,402.6615734346645,Gene 27,11
165.1065567461785,414.8145425397368,Gene 27,11
165.1021541751873,410.75899706841255,Gene 27,11
165.67359799567743,404.72558581034747,Gene 27,11
165.1865255377379,406.77259665360657,Gene 27,11
164.8770830505716,410.88890862234655,Gene 27,11
165.10068116970646,404.1892005863609,Gene 27,11
165.62012060371342,401.104040474709,Gene 27,11
165.61139271042535,398.66478421891463,Gene 27,11
165.47384049075907,411.3722130973597,Gene 27,11
164.87949889479933,398.5847210576483,Gene 28,11
165.35832382608956,402.0825213877779,Gene 28,11
164.96229189789716,411.01324763998895,Gene 29,11
165.39411646974102,399.30344607614114,Gene 29,11
165.13921515899523,407.38193452017055,Gene 29,11
165.06979014785017,398.4236741741195,Gene 29,11
165.30821107184292,399.4057923632526,Gene 29,11
165.46357636594553,411.5328395576841,Gene 29,11
165.5318260141401,414.489184195177,Gene 29,11
165.1966897701913,411.482056048563,Gene 29,11
165.5748292083467,411.46394907433205,Gene 29,11
165.29110914189863,413.3062441768063,Gene 30,11
165.09795335179783,412.48689422012217,Gene 31,11
165.34590647588456,408.6740668110745,Gene 31,11
164.9707372477512,409.0483847528438,Gene 31,11
165.676975100702,404.4482816542449,Gene 31,11
165.7288398468054,407.06200463584116,Gene 32,11
165.766094649586,409.35836133421094,Gene 32,11
165.2175876028562,399.11086319775325,Gene 32,11
165.5447764404467,411.1675481421445,Gene 37,11
165.09416010496727,410.0008096868643,Gene 37,11
165.05725724580336,405.09237313139596,Gene 37,11
165.23406445892806,395.15641719872826,Gene 37,11
165.61888501731028,406.73693334919545,Gene 37,11
165.32678297113148,401.1035125376456,Gene 37,11
165.42817058274053,414.52128613857934,Gene 37,11
165.22859483202734,415.86345612229536,Gene 37,11
165.24003281491193,400.27091903482045,Gene 37,11
172.88934168811232,411.87619652073954,Gene 4,12
169.52223589595752,407.06163560031695,Gene 5,12
170.48066169212086,409.0080937112994,Gene 16,12
168.3844175366541,404.2619935700377,Gene 19,12
170.28796873945993,405.54499869448614,Gene 19,12
174.2430223144913,407.05819547335955,Gene 19,12
170.13706036969091,401.5617384440649,Gene 19,12
168.9599735891508,403.4748474771508,Gene 26,12
174.97682914466225,405.524601048267,Gene 26,12
173.00446945180533,403.3912896804648,Gene 26,12
171.08260991594608,404.0001511033486,Gene 26,12
170.27113574245834,413.01199381009707,Gene 26,12
169.5127607074475,409.80812236979165,Gene 27,12
170.99837739717495,400.6068947164412,Gene 27,12
169.1717871771393,402.13189814867496,Gene 27,12
174.89915368526238,402.7481564167048,Gene 27,12
171.93632847102532,411.0456008040862,Gene 27,12
173.1899245103029,403.73998165375997,Gene 27,12
172.8553196089906,411.506102201595,Gene 27,12
174.88368805919686,403.1773390543156,Gene 27,12
174.56033276824672,405.0288119029756,Gene 27,12
173.4845461293008,403.45143066007256,Gene 28,12
170.36680570215069,400.421115273728,Gene 28,12
174.40384422703295,409.6030710301779,Gene 29,12
168.0349559750698,410.7292374986198,Gene 29,12
172.16500691978152,412.0098614432183,Gene 29,12
175.53777740442877,402.59836731862407,Gene 29,12
168.8101244118435,404.83803514525175,Gene 29,12
175.52420230780905,404.18809525429435,Gene 29,12
169.2014931628521,401.2410042995836,Gene 29,12
168.58646562784952,407.85393871787846,Gene 29,12
174.5235268692936,404.86406375991896,Gene 29,12
173.13417699818845,403.45085751276326,Gene 29,12
172.98843218002932,413.16313967824544,Gene 29,12
171.4249527692186,411.2386531418611,Gene 30,12
172.2147856785178,413.05189978065323,Gene 30,12
173.9715578725611,408.62678213121285,Gene 31,12
172.70156333167125,404.49579436407475,Gene 31,12
169.65768298361576,409.92761457321103,Gene 32,12
173.84128514605953,406.0942409507501,Gene 32,12
167.69070202604286,405.62678333327966,Gene 32,12
174.29979186589648,406.2925879129657,Gene 32,12
168.20652518544804,405.83325925507376,Gene 32,12
171.3599518582597,409.4549986993101,Gene 32,12
171.56795601010083,410.94940356472546,Gene 32,12
171.15767803651516,411.1564461491588,Gene 32,12
175.72717617849946,404.11397349609797,Gene 32,12
174.7978948967488,402.8808765469322,Gene 33,12
172.23640255070177,402.47289337129826,Gene 33,12
169.8307840393427,403.06664442463534,Gene 33,12
169.45776246267656,409.6829730367748,Gene 37,12
170.15570868620566,402.0569931327565,Gene 37,12
168.76646306076708,400.68470329251414,Gene 37,12
177.19492117795022,402.78216323795664,Gene 4,13
177.81085818538574,398.9160398961083,Gene 5,13
179.02254409156376,396.1858010055299,Gene 19,13
176.52129301422846,406.55439995524506,Gene 19,13
180.77546537976656,402.51161032545525,Gene 19,13
179.93708635648997,408.85571972160767,Gene 22,13
180.53023264605932,409.6598948874632,Gene 22,13
177.74263616993596,412.63577669286394,Gene 22,13
180.10943207619513,409.27094498531153,Gene 22,13
178.858007288512,410.1183921726077,Gene 26,13
180.50788922204225,399.9070718547617,Gene 26,13
180.18874520865296,401.1286951630905,Gene 26,13
178.15240451526986,408.0596201886215,Gene 26,13
180.37522009035717,406.81109289243284,Gene 26,13
178.81313690952183,396.47498857546987,Gene 26,13
176.90276236671352,406.38437145670935,Gene 27,13
177.13627479890903,398.95837303105793,Gene 27,13
178.20982573058163,411.1487527893759,Gene 27,13
177.4337710766822,403.58291029496877,Gene 27,13
177.3673503684399,407.0500950095893,Gene 27,13
178.91754280562975,407.7428280933004,Gene 27,13
176.59092533634086,406.19051387690615,Gene 28,13
180.21748321208358,402.88061872523303,Gene 28,13
179.2427724888201,403.017755887029,Gene 28,13
176.85383510235906,410.7891282176718,Gene 28,13
178.8076355691457,411.7677153849568,Gene 29,13
179.01000686062,402.70981776012695,Gene 29,13
178.29598729893877,410.22295542307876,Gene 29,13
179.8262361237533,400.27987547977943,Gene 29,13
176.80199499136728,406.44745294363696,Gene 29,13
176.66703839152248,405.44415023149236,Gene 29,13
180.80699527431076,404.38422593074387,Gene 29,13
180.7213050610021,403.32180864125775,Gene 30,13
177.24214641108622,406.0605755785469,Gene 30,13
178.54754940272932,397.29337777447086,Gene 30,13
177.33915952025032,408.9947995719109,Gene 30,13
178.6949393563231,400.4751388413256,Gene 31,13
181.14911325754554,406.54194062636424,Gene 31,13
180.40087863593507,409.8140545921029,Gene 31,13
179.43444532114674,409.5163855718741,Gene 31,13
176.87774586353797,409.7172157727291,Gene 31,13
180.7663519094471,405.4276935165819,Gene 32,13
179.55612763511988,410.8067378691273,Gene 32,13
180.48484957135543,405.88895895361225,Gene 32,13
177.2477950557468,400.6514697727846,Gene 32,13
179.28157308341403,411.1984029502308,Gene 32,13
180.83953394780758,406.83955129188115,Gene 33,13
177.6858609696928,397.9098073585203,Gene 33,13
179.47695821458385,398.19700635526306,Gene 37,13
177.57334524154152,398.59012928365917,Gene 37,13
186.44660127357486,403.3930181591036,Gene 5,14
190.99139946289586,407.96717148665624,Gene 13,14
189.69466829877194,399.06753219000154,Gene 19,14
188.6064604153672,400.04931602844863,Gene 19,14
192.554219795042,398.9388606056026,Gene 22,14
188.1400881024987,411.06260834978684,Gene 26,14
189.24383351013367,407.36546433991623,Gene 26,14
187.34368575807503,405.42206264628766,Gene 26,14
187.60341099362253,405.3370328407926,Gene 26,14
187.24305768584063,404.3044820700157,Gene 26,14
193.8749998420181,402.1978482158677,Gene 26,14
193.16896584243747,407.56109996660985,Gene 27,14
191.68913022958785,398.7241570429813,Gene 27,14
188.88979129678955,410.1850480351483,Gene 27,14
186.51232255528976,405.7734839160671,Gene 27,14
193.85642947422983,402.9110005801341,Gene 27,14
190.54512748281894,399.92072364681894,Gene 28,14
190.2848935436231,408.32256438910395,Gene 28,14
193.92652599744986,404.604388934682,Gene 28,14
192.9981050798404,401.2148693441969,Gene 28,14
192.37952617773294,410.2266979417957,Gene 28,14
193.5557291361216,403.7085334192223,Gene 28,14
190.83347107553993,408.6014868981433,Gene 28,14
192.82899266464096,407.89908570106155,Gene 29,14
191.33551430178466,409.59077691954184,Gene 29,14
188.04016906021442,403.1952402753952,Gene 29,14
192.40322731070842,412.3269500745189,Gene 29,14
189.3238567189595,400.76437708769913,Gene 29,14
192.80898648156375,403.62136241027326,Gene 30,14
192.9196604917912,408.04733694206163,Gene 30,14
191.67522517334103,407.98606855162075,Gene 30,14
191.66214306284465,412.00158158088624,Gene 31,14
193.41086320872083,402.8479534143596,Gene 31,14
189.18945769079275,401.3810318275929,Gene 31,14
194.156183966148,406.44693523200124,Gene 31,14
192.83272753298166,410.65259534388053,Gene 31,14
188.26787980992742,403.9143487894835,Gene 32,14
189.75037397375766,410.4710125041518,Gene 32,14
189.76390209898864,399.624704337477,Gene 32,14
192.77619666367457,403.36201468026877,Gene 32,14
194.40182203067238,404.1155103424203,Gene 32,14
193.5719303460721,405.80703636428086,Gene 32,14
191.8567508359002,401.7392360052416,Gene 32,14
186.63214130181424,404.62174539010465,Gene 32,14
193.14429531961306,408.3310211561427,Gene 32,14
186.64097982806524,406.5697788830173,Gene 33,14
189.10277273563207,400.3579255158194,Gene 37,14
191.61511774401933,408.06382144519335,Gene 37,14
192.63777248975165,400.731882352702,Gene 37,14
194.2905679211226,408.0406803959727,Gene 37,14
194.5175445133538,408.08232307790604,Gene 37,14
191.92095370486155,404.2094480862519,Gene 37,14
191.50852434722105,401.0957655374213,Gene 37,14
189.44599596376716,403.70472738851146,Gene 37,14
193.9996291360563,400.14392948231983,Gene 37,14
187.5146156712422,407.4856013390024,Gene 37,14
194.4964972132557,401.5728161090855,Gene 37,14
104.95408616508911,410.715241835249,Gene 4,15
104.648104373218,408.8817109287118,Gene 5,15
102.0241132673136,415.5703976366383,Gene 19,15
103.94594450391854,423.6061145780634,Gene 19,15
102.59510434093107,423.0396085289734,Gene 26,15
102.02542049440319,417.53346175715996,Gene 26,15
102.28462566326944,411.05930058379175,Gene 26,15
101.6727241943366,419.45193987633286,Gene 26,15
104.34440871059488,422.1765936199957,Gene 26,15
104.66927846760318,406.6269243649542,Gene 26,15
103.01656837718863,419.8905696059698,Gene 26,15
104.81109413946491,417.63646854182866,Gene 27,15
105.20044570333083,412.1752526647843,Gene 27,15
102.38781884579585,415.5158565414765,Gene 27,15
103.56407287654952,414.97112148169714,Gene 27,15
105.56060900950132,409.8773927056253,Gene 27,15
105.87698559278165,412.1041874312941,Gene 27,15
105.0617271312351,409.0787297854569,Gene 27,15
105.30364125975969,423.4837840503703,Gene 28,15
103.90148855124974,409.7595265844954,Gene 28,15
102.38264133348488,421.1310001792811,Gene 28,15
101.93673677965465,417.03972684108055,Gene 28,15
105.11761930903742,421.4543416205024,Gene 28,15
102.17903675732433,412.0935643465033,Gene 29,15
102.98593137826902,418.97693140917664,Gene 29,15
106.09209511076413,421.59392961946116,Gene 29,15
103.89126560686809,409.59597646253854,Gene 29,15
103.28805214514023,417.19729182192884,Gene 29,15
102.2287738579241,412.489691903392,Gene 29,15
103.06267687469817,414.43621620727464,Gene 29,15
106.49199391753865,418.08071631593924,Gene 29,15
105.32809495639654,416.5968557884177,Gene 29,15
104.73919188887315,423.57938216180247,Gene 29,15
105.09624887535577,420.6975514505,Gene 30,15
103.77836094354261,424.67981536790904,Gene 30,15
105.7135554448398,410.32963271010806,Gene 30,15
103.59066267730478,408.01278888112046,Gene 31,15
102.15765250830083,416.3783541574323,Gene 31,15
105.83153529277166,413.74925088809977,Gene 31,15
105.3382161441097,419.5410963721328,Gene 31,15
103.21162854853922,408.43807205933956,Gene 31,15
103.23658709998561,410.5019536181699,Gene 31,15
104.77994881485542,418.8094582212888,Gene 32,15
104.82850457941342,409.67158320864877,Gene 32,15
106.20104889023418,415.47071749738416,Gene 33,15
105.64593174360293,418.2651128327911,Gene 34,15
104.11357927886085,406.79642921781596,Gene 34,15
104.84424220999738,407.98194805757373,Gene 37,15
103.90669834931471,410.72200805490496,Gene 37,15
102.15593038146174,412.9731479480735,Gene 37,15
117.0812105187003,419.88819634937715,Gene 4,16
115.44487118370057,419.1022124016835,Gene 5,16
116.78993910089426,421.11979459762995,Gene 19,16
117.00414706762307,409.27043968052334,Gene 19,16
115.77216264779888,422.29069473761376,Gene 22,16
116.73304371626358,405.8047867849078,Gene 26,16
115.6725543143286,408.61174395487126,Gene 26,16
116.05054022258949,408.1158657432093,Gene 26,16
116.17667631620878,409.39616123700426,Gene 26,16
115.1864081798109,413.49831804472694,Gene 26,16
117.30299893931007,411.939734750019,Gene 26,16
117.33788185205394,419.5804643824842,Gene 26,16
116.69496366991278,404.94008189963927,Gene 27,16
117.02079147207043,422.05978647539604,Gene 27,16
117.22377820631202,409.6782015379605,Gene 27,16
117.08668835973997,422.85902804463706,Gene 27,16
115.11059123158951,415.4231765867201,Gene 27,16
115.53978840874034,414.36087446631416,Gene 27,16
117.1576344125362,416.2058919007613,Gene 27,16
115.76008752346007,422.74124437265925,Gene 28,16
115.2726407872602,419.86117548884977,Gene 28,16
117.25103985217136,411.1169942754884,Gene 29,16
116.53978700677841,411.52037520858323,Gene 29,16
116.10427926545695,419.6165288679061,Gene 29,16
115.60993223439779,418.6117047159418,Gene 29,16
115.9081169930941,407.14301810154626,Gene 30,16
117.38939885572948,413.04295920848824,Gene 30,16
117.34356322394876,410.3865538969958,Gene 30,16
115.81893134401699,422.4570726511424,Gene 30,16
117.45265406802017,411.34545926138054,Gene 30,16
117.01813684497964,412.05443771920716,Gene 31,16
116.5663248003742,422.4601422290333,Gene 32,16
115.28864192830531,417.3619772837271,Gene 32,16
116.75884656223334,412.6798507112171,Gene 32,16
116.45758891543564,405.7069909268399,Gene 36,16
115.42427677484724,416.6097094249735,Gene 37,16
116.06428986856304,408.35720174308517,Gene 37,16
116.4224920963222,409.13633744481416,Gene 49,16
123.46043414167816,417.7504230055232,Gene 5,17
129.84323124978852,415.27754703054563,Gene 19,17
125.89067552226425,421.41900122681216,Gene 19,17
128.12996219378329,414.8845322221468,Gene 26,17
122.71001477844754,417.4536333337628,Gene 26,17
126.79403009389092,409.43802801994667,Gene 26,17
125.74564422458744,407.0260117195812,Gene 26,17
128.58082899864138,418.70227416618155,Gene 26,17
123.73970551163276,416.6306741149113,Gene 27,17
122.56656936500153,409.3367316217166,Gene 27,17
122.30173822373666,412.42757124244457,Gene 27,17
125.06884189437673,419.48218625475516,Gene 27,17
121.68063719991208,415.55330595763746,Gene 27,17
128.77454930562357,413.38058251231956,Gene 27,17
124.77920077517484,409.0472939629658,Gene 27,17
127.00445674828728,408.3658362582372,Gene 27,17
122.13936637772579,418.2968042945,Gene 27,17
128.95789651441427,409.84887396934243,Gene 28,17
128.22813289142837,411.8984773159968,Gene 28,17
126.2017900746666,418.7136203465924,Gene 28,17
123.39539691285616,409.75542058019386,Gene 29,17
127.73426528576111,410.4434801308135,Gene 29,17
125.60367893888997,419.1590012827626,Gene 30,17
128.1461600068861,415.94565836553653,Gene 30,17
123.29561914007492,417.47016243886276,Gene 30,17
126.03833687491282,420.7703936740658,Gene 30,17
123.04702269814032,412.4499470909029,Gene 30,17
128.08516004761708,418.3389852160654,Gene 31,17
122.32991173419424,411.79327782327044,Gene 31,17
125.97067049048562,413.0700815649497,Gene 31,17
126.81914490696961,409.7409619915388,Gene 32,17
125.33478857966037,420.56804071534066,Gene 32,17
122.98048432005069,411.4587827499585,Gene 32,17
122.1811963382062,416.8955737756327,Gene 35,17
128.53985119247906,415.12924714093765,Gene 37,17
137.5557133320804,417.41119467119915,Gene 4,18
137.7734653708931,420.99358515160793,Gene 4,18
134.95065868257132,418.9127890261369,Gene 5,18
140.88585693842725,418.76198951621535,Gene 19,18
139.57564436115663,416.82945768737596,Gene 19,18
135.63546016904513,421.7612734136748,Gene 22,18
137.48070464203795,419.209266287396,Gene 22,18
139.94569624834534,419.57753811181044,Gene 22,18
140.7762049716922,417.0184110360234,Gene 26,18
134.32772450992283,414.21439050978137,Gene 26,18
134.77672966027586,421.38009951829184,Gene 26,18
140.26599064804532,418.54393216627244,Gene 26,18
134.72380715545822,410.5022812766518,Gene 26,18
136.29710739667627,421.24187487422137,Gene 26,18
140.14018886109835,411.86603399951423,Gene 26,18
136.4512803607807,423.0075282527452,Gene 26,18
134.64891427861946,412.37870722989186,Gene 26,18
134.92346711825851,414.93817592611094,Gene 26,18
133.23669788654593,413.6817761019076,Gene 26,18
137.45184555786403,421.1054789003786,Gene 27,18
138.0768076625098,420.9196921743527,Gene 27,18
135.36692356943465,421.54748025515494,Gene 27,18
139.58565689158158,417.85209925250854,Gene 27,18
138.30858164479784,421.3186696640178,Gene 27,18
133.9000256861351,415.199927811329,Gene 27,18
140.11409310209524,413.2557599698871,Gene 27,18
136.9427624885641,421.878890524403,Gene 27,18
140.3468230390538,420.05284986004847,Gene 28,18
138.73142061360423,421.6120130517692,Gene 28,18
140.2603136223913,412.12375189840816,Gene 28,18
139.9436953732476,419.42086058214403,Gene 28,18
138.84940588619526,419.49901024546375,Gene 28,18
134.59874711763797,415.8338625916435,Gene 28,18
139.3525076036864,420.860407434772,Gene 28,18
135.1078297885577,410.56172221404273,Gene 29,18
135.89923055015421,409.7807683751786,Gene 29,18
136.35302251953726,421.6865908673978,Gene 29,18
137.9286680416923,421.99236452417165,Gene 29,18
135.10642968309975,412.3550478226923,Gene 30,18
138.89031316651693,413.1201797829549,Gene 30,18
139.94479711546043,416.8946810724022,Gene 30,18
135.9851335388795,415.53865515512,Gene 30,18
137.99877292576295,419.2557089071431,Gene 30,18
135.82029991194563,408.2778383215816,Gene 30,18
139.95859751960117,410.58159242526625,Gene 30,18
133.2542859296963,415.5649434611886,Gene 30,18
134.20473803230766,411.7167217950003,Gene 30,18
138.4223511086221,415.17038352558274,Gene 30,18
139.2879575720626,413.0550130813128,Gene 30,18
133.89199987731672,415.32889951301706,Gene 31,18
133.86166849202044,413.7915541644071,Gene 31,18
136.81068088490227,420.3902179077633,Gene 31,18
138.00972484028622,409.76163682892616,Gene 31,18
138.03806757469357,411.816300380685,Gene 32,18
137.89986651433009,422.992102638365,Gene 32,18
138.28807945926263,419.40693033026133,Gene 32,18
136.85784091328378,411.22775178247366,Gene 32,18
139.0139152502508,414.5455222076531,Gene 32,18
137.73427812198526,409.0813840776267,Gene 32,18
136.74351447920728,422.7520194794063,Gene 34,18
140.80023297810928,415.9247498028536,Gene 36,18
136.8400035875613,421.14494272583556,Gene 37,18
139.83300567372405,413.51477148890416,Gene 38,18
149.04525812487725,413.8999148877029,Gene 19,19
147.71947499856097,423.40068174701247,Gene 22,19
147.753791418168,414.1826553125549,Gene 22,19
148.29054066806285,423.9533857050394,Gene 26,19
147.93343254452392,423.496625702234,Gene 26,19
147.4775177990607,410.9140718703813,Gene 26,19
147.2243042335114,416.9339228714275,Gene 26,19
147.96509921302356,423.8560185609366,Gene 26,19
147.5156376077435,413.71091733670306,Gene 26,19
148.7305252250097,422.9714539475611,Gene 27,19
147.96595662471105,405.86282700653425,Gene 27,19
147.5293346273576,423.1706088431798,Gene 27,19
147.81573599772952,407.4946319698783,Gene 28,19
148.51667477949374,417.77896979722397,Gene 28,19
148.67107941103944,406.5987601613217,Gene 28,19
147.54844037484347,419.7538876595247,Gene 28,19
147.8303986838918,424.3725569646967,Gene 28,19
147.321012194972,417.709448565897,Gene 28,19
148.93116142093683,412.6678761123314,Gene 28,19
148.78294284654146,416.321911441955,Gene 29,19
148.82542139637476,421.910287435426,Gene 29,19
147.59753457190683,413.15590830446644,Gene 29,19
147.48707957416514,419.99460392952074,Gene 30,19
147.54160977758949,423.99838576852494,Gene 30,19
148.66312199770675,406.86386822715474,Gene 30,19
148.9331992957582,416.5841642958065,Gene 30,19
148.90850377100188,414.395361539516,Gene 31,19
148.5259550212903,418.264971453765,Gene 31,19
148.88842186208373,414.06035438455007,Gene 31,19
147.20600205095042,417.33443447204996,Gene 31,19
148.32549813494444,408.643901747361,Gene 32,19
147.64297992277994,408.1435224802532,Gene 32,19
148.5877244855376,408.18141553699814,Gene 32,19
147.35955084080595,418.55149644193176,Gene 32,19
148.97334396666363,419.7821816857201,Gene 32,19
147.62695517835073,422.7438542808558,Gene 32,19
147.56197907398905,408.8032943624454,Gene 35,19
147.49791685601832,423.2509368896865,Gene 36,19
148.8394812263378,416.2665259939813,Gene 36,19
147.57476273293264,411.650055249671,Gene 37,19
148.67361396082433,416.5471463625447,Gene 37,19
147.46668742773002,408.38933353858766,Gene 37,19
147.5930538793445,410.8321441736277,Gene 37,19
147.66670034498813,417.07368748167556,Gene 38,19
154.56441161080886,417.7146273867512,Gene 4,20
155.81564388704894,417.38515141265157,Gene 5,20
152.91230044175205,416.617611694209,Gene 22,20
151.9708093479594,410.27330751256954,Gene 26,20
154.8943012899066,416.5263184093555,Gene 26,20
149.95911934861329,423.73388784025667,Gene 26,20
153.9589334251828,416.19912936378154,Gene 26,20
153.6946965461309,423.3157868949744,Gene 26,20
155.56651606234865,420.4341804562017,Gene 26,20
150.93610936004418,424.5204792962411,Gene 27,20
155.73689255844025,417.08544658925655,Gene 27,20
153.09040082938594,421.4232853476911,Gene 27,20
154.93241936528787,418.4085616863882,Gene 27,20
154.4608101681345,422.7229597980359,Gene 27,20
151.81575623063398,411.14921684722174,Gene 27,20
153.01032949375104,412.7760326721568,Gene 27,20
154.82330475408915,411.42264094844757,Gene 28,20
152.84588573007187,422.59196715438975,Gene 28,20
151.28215261731154,425.742085368861,Gene 28,20
154.88097913415422,412.8893982588571,Gene 28,20
152.85132709326507,409.5322622708998,Gene 28,20
152.84029562866507,411.741278080047,Gene 28,20
153.59803340031485,425.2362135144483,Gene 29,20
153.96584304444394,415.2725649725394,Gene 29,20
154.26986960180133,410.79715437423295,Gene 29,20
151.7563319236197,423.3374109844089,Gene 29,20
150.03724723755016,413.56715635715017,Gene 29,20
149.69114066315376,414.8750664912767,Gene 29,20
153.7998127183305,423.3823924360327,Gene 29,20
153.8100470386287,419.881176174209,Gene 29,20
150.45582789326392,413.9072566087549,Gene 29,20
150.8206539944384,414.9373187546893,Gene 30,20
150.15022636751576,417.46188764410795,Gene 30,20
151.74679907101284,424.9210595200751,Gene 30,20
154.76201497859927,421.7258603019847,Gene 31,20
152.92884023396994,411.77070588727145,Gene 32,20
151.86906346303454,412.7060895026763,Gene 32,20
153.0799366060423,412.85931746828487,Gene 32,20
153.26465603621068,422.1715997952556,Gene 32,20
155.77895825153107,418.7205030381524,Gene 32,20
151.06423901698844,414.1375300709952,Gene 37,20
150.33203306611878,417.6806381351356,Gene 37,20
153.76941741447882,414.986721051572,Gene 37,20
159.4934742609132,428.6600184579838,Gene 13,21
159.74382934668182,424.4029835508187,Gene 19,21
163.07491440083814,417.6989197026976,Gene 26,21
163.02550658652106,417.3924088926187,Gene 26,21
163.05300254861262,426.51346303074234,Gene 26,21
161.09407317075375,417.84618086046055,Gene 26,21
159.6759512086854,423.0360115160046,Gene 26,21
160.86782015151445,424.9300713229968,Gene 26,21
162.7336100081767,423.6585195029288,Gene 26,21
163.45884023857144,415.8529101788647,Gene 26,21
160.61111131285693,425.90909544444304,Gene 27,21
159.40110342720908,415.4921923846055,Gene 27,21
160.2486556286185,415.70524355418405,Gene 27,21
162.20575873776096,414.1847749961195,Gene 27,21
161.63679838709,417.1913875177116,Gene 27,21
161.3221997901272,425.9691901095521,Gene 27,21
163.3514777365614,416.7939846189319,Gene 27,21
159.32104571503893,419.20174059899836,Gene 27,21
160.12156679078873,417.79941292583925,Gene 28,21
161.38883937581332,428.44303629017685,Gene 28,21
160.3517528192918,418.8938369146104,Gene 28,21
160.82224004676283,414.05905976096045,Gene 28,21
161.8419236617476,416.60750841605693,Gene 28,21
159.76557932841763,423.95602688854973,Gene 28,21
163.52359098171834,417.21872742362626,Gene 29,21
160.2665870707145,421.10310685800454,Gene 29,21
159.0847330701195,420.49794248532555,Gene 29,21
163.50688640763684,425.1952965534316,Gene 29,21
161.4418896014636,428.2250991991001,Gene 30,21
163.21691811203885,416.5423565376715,Gene 30,21
161.82388614173166,412.9642836851847,Gene 30,21
159.05386552392795,420.097117773316,Gene 30,21
162.88435591792648,415.946330349841,Gene 30,21
161.10159809235395,416.9643767482689,Gene 30,21
162.96489106536015,424.983245917616,Gene 31,21
163.1611178611289,422.8827871799003,Gene 31,21
159.52944454648937,418.6246797577894,Gene 31,21
161.7338876150731,412.4944383010196,Gene 32,21
163.33054008670646,424.86711403689543,Gene 32,21
162.68802893530926,427.20168987948585,Gene 36,21
160.7732100302716,414.8490949088804,Gene 37,21
162.08221262974706,417.02385901916455,Gene 37,21
159.7032235836491,421.2183352772591,Gene 37,21
159.35083016437306,425.077786050486,Gene 37,21
160.40803181843503,417.23757363933544,Gene 37,21
173.39262036482637,407.9493022572042,Gene 4,22
178.05060028691543,416.81039351986755,Gene 4,22
171.9118098159083,409.61930013958784,Gene 19,22
173.53160010079986,406.05734822597356,Gene 19,22
171.08784953015657,412.8304683624219,Gene 19,22
177.1727283824749,412.50661412788367,Gene 19,22
171.93985608424148,412.8906081865209,Gene 19,22
171.6971586888058,416.4620131491385,Gene 22,22
175.81474451693666,419.3440956798346,Gene 26,22
171.96495257311722,409.31317836162356,Gene 26,22
178.01871580931962,411.99119918963123,Gene 26,22
173.12128051138174,410.19587469602317,Gene 26,22
173.21089942202502,420.67734991744595,Gene 26,22
175.95601281626753,410.4561933220359,Gene 26,22
177.37008320897223,410.10429107229845,Gene 27,22
176.65220715463917,408.8669841820703,Gene 27,22
177.15236719757831,410.39955368557946,Gene 27,22
173.0243674977425,408.58902383597007,Gene 27,22
176.76444931998446,412.845969457289,Gene 27,22
172.2891899849903,416.3064905752155,Gene 27,22
172.4676699660916,418.18018834769896,Gene 28,22
177.12055069072724,414.7238041609343,Gene 28,22
174.097695827495,418.4546465667068,Gene 28,22
175.13089779833123,410.5269151242391,Gene 28,22
173.2830291848963,416.5641057426913,Gene 28,22
174.61758549367661,414.22793175486635,Gene 28,22
171.6251588734477,416.4122701194515,Gene 28,22
176.41366619840852,419.17286324107823,Gene 28,22
172.96252359830763,416.26748434849026,Gene 28,22
176.90721346826618,412.2278902774829,Gene 29,22
171.82137609685148,412.0560044785254,Gene 29,22
177.21260576891817,417.907966755274,Gene 29,22
176.30103003495492,414.87446516967213,Gene 29,22
173.6124361691515,411.7893387437319,Gene 29,22
177.050663342793,407.33009750790626,Gene 29,22
175.29518750617558,419.0186087533162,Gene 29,22
175.55209898625176,417.96961600559416,Gene 29,22
174.0502311176653,405.4789564843663,Gene 30,22
177.61140862976873,413.5320922031211,Gene 30,22
174.1397351840694,406.2129473390234,Gene 31,22
173.5293961239716,407.0953012925483,Gene 31,22
174.24445880541126,411.80688938526333,Gene 32,22
172.8342336764231,407.4860713499554,Gene 32,22
177.5743560391756,412.3758375251871,Gene 32,22
174.93368500178022,419.4084105810028,Gene 32,22
177.34790721369848,414.56643637592805,Gene 33,22
176.9664752559466,407.8653585907421,Gene 37,22
175.67119361990865,406.9135873806392,Gene 37,22
176.6735635387172,406.6411611861753,Gene 37,22
174.34520470838336,407.9637509579997,Gene 37,22
186.6834448931431,418.02560282127945,Gene 4,23
185.25273571974748,409.9788687859724,Gene 5,23
186.77429005478382,416.99167420225956,Gene 5,23
185.99832667686,415.245285459409,Gene 5,23
183.89783767139204,415.42231322154714,Gene 13,23
184.40470350024432,421.9170152921489,Gene 19,23
182.88085364967262,416.812384200547,Gene 19,23
186.7837669663434,412.3835474638558,Gene 19,23
182.53345018266182,420.3707965561032,Gene 19,23
187.4111430677995,414.5420358230659,Gene 22,23
186.41893374350434,415.15272006774785,Gene 26,23
184.27811738642816,423.56057314513896,Gene 26,23
183.39897133068115,414.64468570611695,Gene 26,23
183.41093795378538,411.36218555572566,Gene 26,23
181.9012373773275,414.39092365778544,Gene 27,23
185.24886389148242,423.147422394638,Gene 27,23
185.37510148561995,413.79882702457013,Gene 27,23
183.2910762867543,417.59583244393394,Gene 27,23
183.91119229181263,413.389655343236,Gene 27,23
185.46851979999371,412.3516884457525,Gene 27,23
185.70653775930955,420.3775152697958,Gene 27,23
183.58761187289983,414.86511941642937,Gene 27,23
186.16362953994673,418.86369991264206,Gene 28,23
187.61698178845785,416.17648154464604,Gene 28,23
183.2338149329693,411.76311882104284,Gene 28,23
185.1334365664561,422.13995064923114,Gene 28,23
186.4111464614996,423.3369779939507,Gene 28,23
183.08656870661468,418.37578698828224,Gene 28,23
187.4659827569085,419.80344411822125,Gene 29,23
183.47243500836444,418.03159561194764,Gene 30,23
185.1344768948557,424.54018313111686,Gene 30,23
187.1439728117854,420.1433102172813,Gene 30,23
183.11933907769802,410.7626836307991,Gene 31,23
187.5272489982587,416.85760990377827,Gene 31,23
185.1537640807052,413.29308067085,Gene 31,23
185.8204602896025,423.8645237290049,Gene 31,23
184.6851388716904,421.1366019958908,Gene 32,23
187.20386963640553,420.9940692136235,Gene 32,23
184.57390101455593,423.2848844177128,Gene 32,23
182.2407661068304,414.84076089189455,Gene 33,23
184.372723199621,419.40514104404605,Gene 37,23
195.79284487706838,422.63616043220804,Gene 4,24
192.43997174218904,412.7919761842209,Gene 13,24
193.5704506158832,411.3926162582081,Gene 19,24
195.16225464638435,419.6225857541462,Gene 19,24
195.24198472414324,416.42730650126316,Gene 19,24
191.37317158720165,422.64636013355465,Gene 19,24
194.79951980530205,412.5844708350309,Gene 19,24
194.06385265895761,411.7253469218705,Gene 19,24
192.57360308670047,415.86904301301735,Gene 26,24
193.09869649594629,418.5609757709221,Gene 26,24
192.96381056745065,426.5961123947197,Gene 26,24
194.09641730856072,413.9342739185389,Gene 26,24
194.11852529192737,425.2814716399186,Gene 26,24
193.15163665688476,425.9695926796888,Gene 27,24
191.95041836769627,423.18058249522795,Gene 27,24
191.36276468016337,417.63071149934984,Gene 27,24
194.59095549407027,413.69227785148405,Gene 27,24
192.96594084182286,410.475992753937,Gene 27,24
192.98292929402348,426.2776471848688,Gene 27,24
194.91972609513462,423.78607435573423,Gene 27,24
191.88827035184505,419.0662170706446,Gene 27,24
195.26417289960088,425.25398387621823,Gene 27,24
193.81950333548767,424.6283307970401,Gene 27,24
194.8119544848049,411.52720158726595,Gene 28,24
193.7302321781849,428.2587278720247,Gene 28,24
194.49305012351218,426.6771918484252,Gene 28,24
195.30882086298416,414.8850285360333,Gene 29,24
195.01991541002891,420.54520986613255,Gene 29,24
192.3742649375508,426.35801222623917,Gene 29,24
192.47439903197258,418.24169086992237,Gene 29,24
193.02916325555879,425.31876375981625,Gene 29,24
193.88482471932477,411.93752252104144,Gene 30,24
191.3051397297064,422.62361798319745,Gene 30,24
193.0062008377748,425.4112395106458,Gene 31,24
195.60222041498054,424.4422237763943,Gene 31,24
192.68093326782372,413.14392590531645,Gene 31,24
195.102029138133,425.76816844339487,Gene 32,24
192.6163878670915,426.38986105674434,Gene 32,24
191.71908971071966,413.69572923092244,Gene 32,24
193.1767202982288,425.74979552722834,Gene 33,24
193.14111791742715,424.31225809984625,Gene 33,24
195.3120864176272,425.748534676601,Gene 33,24
194.3793588359905,417.24738512245096,Gene 34,24
195.20225405530275,424.1813636414228,Gene 37,24
193.3258637429654,411.4512430528215,Gene 37,24
194.00323556982326,415.8501703732085,Gene 49,24
97.60970933805226,419.9274069617395,Gene 4,25
99.03032137925965,413.06999206975337,Gene 5,25
101.33601216138126,425.41451357659946,Gene 19,25
102.74379772937387,419.00488521646,Gene 19,25
100.00486933298811,425.4338698468034,Gene 19,25
101.68013293713767,416.6016968719709,Gene 22,25
98.71151252428164,416.6350290920982,Gene 26,25
98.73151686005983,427.09224019391263,Gene 26,25
98.1142913068093,419.5164555830154,Gene 26,25
101.50388045769519,422.27407227900676,Gene 26,25
101.90458807637314,425.0000961711222,Gene 26,25
101.95097922362478,420.6278912745984,Gene 26,25
99.05909767346415,420.13473455056146,Gene 27,25
97.70018688013646,419.02917649128153,Gene 27,25
101.01257347413429,423.88892205113865,Gene 27,25
101.78649050118193,420.1580506662225,Gene 27,25
98.04144805128608,425.1935421127056,Gene 27,25
98.43462104353016,413.107110184036,Gene 28,25
101.46095271573047,420.8734509087672,Gene 28,25
99.01971269221364,423.4080964613544,Gene 28,25
98.63168722096346,422.4584327141338,Gene 28,25
98.32104670369347,417.21336475625753,Gene 28,25
98.5598286923826,427.47224433645295,Gene 28,25
101.24154484251058,413.6447245921032,Gene 28,25
101.9797741479366,416.93687800734654,Gene 29,25
99.15603881739601,414.28974936886414,Gene 29,25
97.4086084418975,423.4262207552597,Gene 29,25
100.53365937453225,415.2170938575369,Gene 29,25
99.91557685259535,416.1281892347481,Gene 29,25
101.60886944835462,423.6709133624123,Gene 29,25
100.92647522169379,416.53969699686,Gene 29,25
98.9171641921889,419.621248776014,Gene 32,25
99.67125356034326,413.28850675311804,Gene 32,25
97.94583045765654,416.01883384510234,Gene 32,25
97.17419653645099,421.5679566029086,Gene 32,25
99.97773043380634,415.30183784690604,Gene 32,25
100.29261452070834,423.50504871310795,Gene 33,25
99.913461770811,411.53916114655874,Gene 37,25
101.82080883848569,415.4661343134328,Gene 37,25
98.08745705625402,417.2586379578594,Gene 49,25
110.7988420065262,432.7614831034841,Gene 4,26
110.74821855066939,434.8784979882654,Gene 5,26
111.00348739497129,429.2250758760934,Gene 19,26
110.68701564480895,417.9641426725509,Gene 26,26
110.94237493526228,431.18468467435326,Gene 26,26
110.59958144121923,425.95032298433495,Gene 26,26
111.01815956651761,422.19419321937085,Gene 26,26
110.57282346011637,419.6163359807151,Gene 26,26
110.98683031869408,431.5678065535675,Gene 26,26
110.77739800589097,431.1193478428728,Gene 27,26
110.95812343617968,430.01267071779284,Gene 27,26
110.83833878140605,421.6505452597891,Gene 27,26
110.90379446207831,435.7618924134118,Gene 27,26
110.93504778579262,428.8267405814014,Gene 27,26
110.57351395317669,428.78865755891235,Gene 28,26
110.94786456211149,425.7486146931994,Gene 28,26
110.60848340210342,418.5420344020075,Gene 28,26
111.02607978356774,428.4213909104934,Gene 29,26
111.03596333927902,419.7503995127595,Gene 29,26
110.64038554327401,417.8927263645117,Gene 29,26
110.65145127503057,434.70428294100634,Gene 29,26
110.7178388913241,428.9953209012308,Gene 29,26
110.95193267570632,421.03639856864504,Gene 30,26
110.68584229712499,429.74599629191084,Gene 30,26
110.92583812897519,418.20341383591176,Gene 30,26
110.62262334863193,430.69062550380534,Gene 31,26
110.84747858070075,418.5092433803106,Gene 31,26
110.79371898149358,416.70295621066725,Gene 31,26
110.78579072462166,417.84260483673836,Gene 32,26
110.80256485021877,422.6466882987169,Gene 32,26
110.62036139793608,433.1469337640178,Gene 32,26
110.64778207395545,420.2481377291064,Gene 34,26
110.71866055514185,418.0719463628303,Gene 37,26
110.91679943992519,430.6084101194243,Gene 40,26
121.57661302099918,417.9202408560206,Gene 4,27
120.85914317639201,429.31172455640126,Gene 19,27
121.85063413229635,415.81942926386125,Gene 19,27
120.64342787650345,417.7233249712711,Gene 19,27
120.24210361187816,429.34765543783885,Gene 19,27
121.34820057734302,430.54414475930383,Gene 26,27
120.34506549748471,421.19271159493286,Gene 26,27
121.94491504702005,424.9509017271706,Gene 26,27
121.06874995962022,424.3064167977797,Gene 26,27
120.1988165267665,424.1076531075191,Gene 26,27
120.34578287186675,426.51122992038756,Gene 26,27
120.07856919253915,420.2756609497075,Gene 26,27
121.13981175371072,426.44777358839383,Gene 26,27
120.03691566915381,424.2941774293527,Gene 27,27
120.87519000117793,432.77525227510563,Gene 27,27
120.42328842507067,421.131148901521,Gene 27,27
120.23756589212533,426.8702960035087,Gene 27,27
121.88831277205097,419.49186270612245,Gene 27,27
121.40701370408169,429.0747198256766,Gene 27,27
121.20041532185604,430.4757648383378,Gene 27,27
121.90859450736366,421.28383469611214,Gene 27,27
119.98939080437792,422.47581486084545,Gene 27,27
122.29206980564284,418.48297839994956,Gene 27,27
120.02321486367862,422.7940347742819,Gene 27,27
122.24542331247146,419.7603194145683,Gene 27,27
122.01827015434452,419.1855681275663,Gene 27,27
121.22887138350437,432.468283162789,Gene 28,27
121.29283630728837,415.8474260620979,Gene 28,27
121.5657424710757,429.76596545893125,Gene 28,27
120.4779326585356,428.8494390825325,Gene 28,27
122.2023169805586,418.469397988452,Gene 28,27
120.38232298445448,423.69327884499023,Gene 29,27
121.63980621571089,426.85233820424213,Gene 29,27
121.20094346971457,431.42765482958583,Gene 29,27
122.30015556591819,429.96171841100295,Gene 29,27
121.27691228383631,419.1751163645183,Gene 29,27
121.30370981505706,414.66469958854185,Gene 30,27
122.39582478860696,424.11974404107735,Gene 30,27
120.14572202854505,421.202197950922,Gene 30,27
120.60346459449534,428.65555172838435,Gene 30,27
121.92602429633132,418.0077633824723,Gene 31,27
120.73205615034759,427.87220861748455,Gene 31,27
121.58305173471706,431.0215055998177,Gene 32,27
120.99610782283212,425.6718717372511,Gene 32,27
120.48313155389202,427.7543473344469,Gene 37,27
121.77427745735496,419.1754374337143,Gene 37,27
121.65214201395602,421.2539704319701,Gene 37,27
121.18941755873247,431.92194855866734,Gene 37,27
121.62677636898596,415.42117999717715,Gene 37,27
120.43824146301418,431.51057544289426,Gene 37,27
129.7464495244175,426.0618332530156,Gene 13,28
129.10468587768912,433.8740785453793,Gene 19,28
128.87916165805734,419.8679757595682,Gene 19,28
129.30622773887674,416.0043976444732,Gene 19,28
129.49527376030525,427.2327581398252,Gene 22,28
128.804639039666,433.3635185212915,Gene 22,28
129.3628628864077,430.85702858901476,Gene 26,28
129.20575793906121,421.16008690362287,Gene 26,28
129.610400151137,423.12890354492475,Gene 26,28
129.40581257316128,432.42648330854144,Gene 26,28
129.40189436560962,431.4244720240336,Gene 26,28
129.29992984042238,428.34211662885417,Gene 26,28
129.30985623336278,419.01062251669094,Gene 26,28
128.8564105755178,418.4305020810187,Gene 26,28
129.4512197761439,418.79134822981234,Gene 27,28
129.20337520660888,415.0260421085595,Gene 27,28
129.3135024734241,415.21626099513327,Gene 27,28
128.64518164568867,416.8145951114738,Gene 27,28
129.22433928629903,419.9360667084029,Gene 27,28
129.4636735127041,432.35041387864646,Gene 27,28
129.63199261851437,422.13868186414453,Gene 27,28
128.6706706172228,419.58216955828476,Gene 28,28
128.72987334927166,431.7197551430087,Gene 28,28
128.65182387687827,424.9854731453106,Gene 29,28
129.55830757043185,427.6794969069623,Gene 29,28
128.84544493766123,432.41325338645635,Gene 29,28
129.31165590779193,419.97109310620334,Gene 29,28
129.66683627417024,429.9792277453467,Gene 29,28
128.5113152735223,417.50179015073945,Gene 29,28
128.43169536881987,428.303469146365,Gene 29,28
129.57279639562864,428.18098164156163,Gene 30,28
129.0340438646306,430.6991324352748,Gene 30,28
128.44398816912107,424.63567284344816,Gene 30,28
128.39222670642985,427.818389644167,Gene 30,28
129.58333188660794,423.0533144160476,Gene 30,28
129.2809597532059,419.0378530363518,Gene 30,28
129.45281215009504,427.3746729480968,Gene 31,28
128.85793879464762,421.798349706659,Gene 31,28
128.5765609006488,420.83339000435024,Gene 32,28
128.79652137709886,428.8683770213641,Gene 32,28
128.65901402908457,430.3649489602189,Gene 32,28
128.59287702545106,417.6015886656883,Gene 33,28
128.56615067111522,423.48307552006884,Gene 37,28
129.13689113432497,418.7672919431246,Gene 37,28
129.55833348982028,429.14241852098377,Gene 37,28
129.64539246379076,424.0097574318273,Gene 38,28
129.87616804662957,428.14046359532983,Gene 49,28
141.7824332227136,434.0247842764103,Gene 4,29
140.47947513773696,417.1106887988116,Gene 19,29
142.67160663434188,418.3667049053192,Gene 19,29
139.97131666145404,424.2214781505274,Gene 22,29
140.83709719286924,421.8543138337423,Gene 22,29
141.45433512720405,414.7438413136552,Gene 26,29
141.7279854686521,419.43057645096525,Gene 26,29
140.7245862294983,433.27231863043505,Gene 26,29
140.93226165782065,434.22248873934717,Gene 26,29
140.16096178825336,421.2329660082115,Gene 26,29
141.21383751076178,435.0502467255621,Gene 26,29
143.23949378818574,428.94100768116925,Gene 26,29
140.8433337332505,421.47292862393084,Gene 27,29
142.9405213145483,418.1660109357748,Gene 27,29
142.38178513448307,424.46090745635445,Gene 27,29
142.35707646206134,428.0466938667944,Gene 27,29
140.49717868417213,430.38933566176325,Gene 27,29
142.14434744984203,430.5166077764621,Gene 27,29
142.93659747891627,421.64998616058847,Gene 27,29
140.6678923280842,431.95185784719763,Gene 27,29
141.43864926642757,432.05054333890064,Gene 27,29
140.24367665975032,427.8269545659966,Gene 28,29
141.7997932072029,415.5186556476779,Gene 28,29
142.34381356479093,418.2718533622525,Gene 28,29
142.3410225790899,419.01406948702055,Gene 28,29
142.4272081848794,425.24568363175223,Gene 28,29
139.98271279117105,422.4339891420156,Gene 28,29
139.94862454488276,425.68808894696343,Gene 29,29
141.42529334153377,417.3493630160941,Gene 29,29
140.27177337729003,418.8113609930527,Gene 29,29
141.46251713063285,417.28730118390513,Gene 29,29
142.6845339091227,426.20594020680943,Gene 29,29
140.51636084972927,431.6369645401692,Gene 30,29
142.1864691204176,421.42940681129255,Gene 30,29
141.1018025670884,431.5064767259186,Gene 30,29
141.50928325899608,419.39457889366514,Gene 30,29
140.7572158445863,421.35762991128564,Gene 31,29
141.2380942977131,416.03780552268967,Gene 31,29
141.4034649387871,417.93411026391664,Gene 31,29
141.02195467819314,431.13748205070584,Gene 31,29
141.56979418405493,430.9875474327232,Gene 31,29
142.95844263587625,425.2054760216394,Gene 32,29
141.3958452178562,428.53664800124193,Gene 32,29
142.47246634549387,417.3672905958036,Gene 32,29
141.76784475587294,417.10047040280665,Gene 32,29
142.02716809514362,430.85588724552053,Gene 32,29
142.53926948070767,429.2271180715677,Gene 32,29
142.72767240030802,419.1039165612515,Gene 33,29
142.18891224759082,428.3662343705394,Gene 33,29
142.48576892201584,422.52991402821436,Gene 37,29
140.63050812964318,423.39751632282844,Gene 37,29
141.85242422537314,416.5901703494503,Gene 37,29
140.89744185512532,432.2145677527484,Gene 38,29
150.63337424792414,422.63272994294186,Gene 4,30
149.83091700148424,422.3717966815577,Gene 4,30
152.608453277407,419.49281850405663,Gene 5,30
152.33134821616403,424.4055123293489,Gene 19,30
152.87740738717844,431.7540869000657,Gene 19,30
148.54781368380407,422.89993430943156,Gene 19,30
151.21047806938063,433.1799699301922,Gene 19,30
149.1847151671342,421.65513853388006,Gene 26,30
152.06208554707925,430.27475952888335,Gene 26,30
148.21312275240723,427.24620821934155,Gene 26,30
150.17842600687317,420.27967652535517,Gene 26,30
148.0582436529407,424.27705246530604,Gene 26,30
149.3215048417542,425.44748275507567,Gene 26,30
151.4280265782624,425.3305472106209,Gene 26,30
149.36142822338596,430.7422526805822,Gene 26,30
148.10410914363143,424.96518827727067,Gene 27,30
149.9275171430487,420.49986175254315,Gene 27,30
154.1715379033604,430.626806969509,Gene 27,30
149.01568883789864,422.1519152582789,Gene 27,30
154.00729984375613,423.35390118745454,Gene 27,30
150.87822183331974,425.014463288164,Gene 27,30
149.87656460725967,426.83601959998975,Gene 27,30
152.5125482195227,432.1674849236532,Gene 27,30
152.5758005133865,431.4778537444353,Gene 27,30
152.66155364056064,419.4499121682522,Gene 28,30
152.52825487845053,419.80840048001863,Gene 28,30
148.2996405113627,429.57253356399826,Gene 28,30
151.39880901286224,432.43758985166755,Gene 28,30
148.99640259203608,426.19472409371895,Gene 29,30
147.96396130398304,427.80358122682736,Gene 29,30
148.71258421280805,421.8438956557092,Gene 29,30
149.4010065728261,428.781829362152,Gene 30,30
152.0547784685917,420.0749368956311,Gene 30,30
150.6264170073606,429.3520550839893,Gene 30,30
151.08782094497883,425.20323067597985,Gene 30,30
154.055806254337,430.205943175003,Gene 31,30
153.31672306719815,422.8073557916771,Gene 32,30
155.34771187717547,425.35503866600817,Gene 32,30
155.15029578733842,426.4974158478436,Gene 32,30
154.21245338822737,423.3432060180057,Gene 32,30
151.7470868727671,424.8333875589199,Gene 32,30
150.86686408789313,424.3498722016007,Gene 32,30
149.1935650682624,430.7291522156313,Gene 32,30
151.82939141582784,430.99799907793056,Gene 32,30
154.49460672095609,427.724965581841,Gene 37,30
154.21447021311184,425.67153074313,Gene 37,30
160.020801834506,427.78100345340147,Gene 19,31
159.02870074606653,433.48066826032766,Gene 22,31
158.59344868304922,417.0832227371354,Gene 22,31
159.76876855160887,427.7705245340768,Gene 26,31
159.0474387795594,416.18681485919774,Gene 26,31
158.627987487637,431.2453156801257,Gene 26,31
159.05709725130865,415.3872852176296,Gene 26,31
158.80064190059312,432.0661949387794,Gene 26,31
159.51350840986277,418.39308735656465,Gene 26,31
159.97754330005222,416.4249458565169,Gene 27,31
159.93892569503038,431.6909485874502,Gene 27,31
158.71099977879138,421.23296558525607,Gene 27,31
159.5833935254321,426.40512175325614,Gene 27,31
157.94261788684736,421.41913096353284,Gene 27,31
158.17446957260478,418.1537221958776,Gene 27,31
157.9355855003639,422.0773253383141,Gene 27,31
159.86588855116815,431.6037613822359,Gene 27,31
159.7906806320989,424.4133656162988,Gene 28,31
158.15370142424638,427.4160615295379,Gene 28,31
157.64022446468812,421.2581485966667,Gene 28,31
159.99750132183308,423.0293605007321,Gene 28,31
157.99565795271204,417.78282986567893,Gene 28,31
159.13826176556034,428.8216755418307,Gene 29,31
158.57068594208354,431.6784798555781,Gene 29,31
157.79309269102222,428.3627548019263,Gene 29,31
160.5499332868371,426.5620941233861,Gene 30,31
158.61270794339816,416.8612707042999,Gene 30,31
158.07013251211842,432.1907766445456,Gene 31,31
158.0644349849059,430.8201025320183,Gene 31,31
158.18581124704878,422.55462926648653,Gene 32,31
159.152959549377,432.72734115998446,Gene 32,31
157.26642222487342,422.31627408730753,Gene 32,31
157.39154633130963,420.6489199211338,Gene 32,31
160.29231884686303,421.20838773013423,Gene 32,31
158.77114799490604,429.8278252073803,Gene 32,31
159.2068029609501,418.1717326068691,Gene 32,31
159.35378785171628,418.88448151055485,Gene 37,31
158.43821036796496,421.5698152347972,Gene 37,31
159.5922516645985,429.59774456190286,Gene 38,31
167.884201990908,420.4265545539431,Gene 4,32
169.2942332969355,431.30818652579904,Gene 5,32
169.34215359179797,418.9058077766003,Gene 19,32
169.22085852566525,429.9592540578477,Gene 19,32
169.1044082811591,428.95031095806144,Gene 22,32
166.75011169447592,426.19820086410857,Gene 26,32
167.12834871125526,420.23441526666016,Gene 26,32
169.51471011782988,423.75224023576953,Gene 26,32
167.72710215635632,433.0325989066424,Gene 27,32
168.6838772875855,417.84985744786707,Gene 27,32
170.68361028324034,429.18892465971913,Gene 27,32
170.01051979500397,421.91919468195135,Gene 27,32
167.76696913101196,428.43438844509876,Gene 27,32
170.29265230433222,422.2522195193023,Gene 27,32
167.74938587566086,420.28624539467637,Gene 27,32
168.8591329878347,417.860839484009,Gene 27,32
170.40595058925837,419.04253989596884,Gene 27,32
167.53994210249078,428.60875463405904,Gene 28,32
169.42866706471847,431.4270999784242,Gene 28,32
170.35415919986917,424.36397654932614,Gene 28,32
168.1591475155149,418.11459528146,Gene 28,32
167.11119709208143,418.95267400194126,Gene 28,32
168.77259799629357,417.1136775331981,Gene 28,32
167.94240257973024,428.2132949521441,Gene 28,32
169.69287138152265,421.46332850118284,Gene 28,32
169.68188092768617,430.9154763787927,Gene 28,32
166.6563504419995,429.68415616082405,Gene 29,32
170.2941894485708,422.3950594011827,Gene 29,32
168.69476389717636,431.6414222728425,Gene 29,32
170.27210299552317,428.5389779865135,Gene 29,32
168.1777272745048,431.0331062471516,Gene 29,32
167.43219577144677,429.3886256787242,Gene 29,32
170.02664058520668,427.1173655095487,Gene 30,32
166.7129617437844,427.01029347468744,Gene 30,32
166.67806581548552,424.2671330705982,Gene 30,32
166.9124503869707,419.0798879308614,Gene 30,32
168.1371064800549,417.2033027324236,Gene 30,32
167.0109221649483,425.8052046333751,Gene 31,32
166.6724571169407,425.4411867934024,Gene 31,32
166.2874594201258,424.081812882849,Gene 31,32
167.24568830730664,424.7632720180864,Gene 32,32
168.5234920165342,432.0696300447616,Gene 32,32
167.14383449043365,426.89391387412087,Gene 32,32
168.82768965894775,428.2184975878511,Gene 32,32
169.61160889347028,430.36685314187616,Gene 32,32
170.1006913512361,422.0438545535211,Gene 37,32
168.96516569463085,423.5078518083459,Gene 37,32
166.55430816660896,421.39826944264314,Gene 37,32
169.62238721332733,422.2754194292943,Gene 37,32
168.48614550896878,424.2369933025136,Gene 37,32
180.60409974458454,420.08105172790033,Gene 4,33
180.68403305563146,428.4271299508939,Gene 4,33
180.46361033874277,422.78747814644333,Gene 5,33
180.95974502403453,416.722230392605,Gene 19,33
182.2477559574873,430.2422467215807,Gene 19,33
180.61100480068708,425.01138305458863,Gene 19,33
181.20725976517923,424.65892450100563,Gene 19,33
181.77088936919705,416.9822055830942,Gene 22,33
181.8056717636313,418.29789645079063,Gene 22,33
180.99508206270914,430.15453929023977,Gene 22,33
180.39965167607457,416.96959139003405,Gene 26,33
182.64212048026485,422.7759106483715,Gene 26,33
182.74874085590358,419.54732034997716,Gene 26,33
182.15018072356472,420.2192642642875,Gene 26,33
183.30395090813377,424.36838722095325,Gene 26,33
180.57333417521147,418.1388085365674,Gene 26,33
182.25404775789787,419.88772275336197,Gene 26,33
180.1148444779666,416.7002769913451,Gene 27,33
182.35579771508085,417.9379220918837,Gene 27,33
180.6211404201143,418.3249123686662,Gene 27,33
179.78803417869494,421.6633644703608,Gene 27,33
181.03114993994677,430.06115444814645,Gene 27,33
182.61868026113655,417.8779522211509,Gene 27,33
179.87863021219056,418.61093343133797,Gene 27,33
181.54237236540786,431.49530551054903,Gene 27,33
180.63344217075624,426.57363977074425,Gene 27,33
182.19598352633525,430.5957597270607,Gene 27,33
180.26494375059957,421.71276262517654,Gene 27,33
181.33086385144912,426.9677126302848,Gene 28,33
180.81701327162654,416.30385778543166,Gene 28,33
182.02975770551592,431.90504006018836,Gene 28,33
181.9168481417739,414.3123482289609,Gene 28,33
182.62267494895258,429.59756136459254,Gene 28,33
179.65775779359245,420.81989114139674,Gene 28,33
181.59375570882,428.84350421823564,Gene 28,33
180.21329963778646,421.6641086455588,Gene 28,33
180.671840363986,425.6984060823665,Gene 29,33
181.29853041117184,431.61801538866564,Gene 29,33
181.62590770958198,426.71325913866605,Gene 29,33
181.3542786925164,431.3637452584619,Gene 29,33
180.59612080299195,427.45767493131603,Gene 29,33
181.55645887487665,415.3140818369166,Gene 29,33
182.2046795907346,431.08944113345655,Gene 29,33
182.65284141256703,429.4332728863016,Gene 29,33
179.78511687543545,419.6820099563485,Gene 29,33
182.87440611912297,420.6987070050474,Gene 29,33
180.58554644694442,417.55240091877346,Gene 30,33
182.77039409663607,424.36709632667976,Gene 30,33
182.14840825343447,426.10214269679966,Gene 30,33
179.74890939706444,420.7527667075258,Gene 30,33
182.23565580981355,428.6098156263257,Gene 30,33
180.48175395213258,429.78889826860694,Gene 31,33
181.1813887737563,415.17715071453165,Gene 31,33
180.30526754074674,417.20232745424164,Gene 32,33
182.63001334439278,425.4756223235818,Gene 32,33
180.86884183529943,429.1813691316747,Gene 32,33
180.97279004237612,413.9235929826639,Gene 32,33
181.19940040560877,424.99509011011264,Gene 32,33
180.29837878070919,429.818360797821,Gene 32,33
180.1283853695046,417.81851177399557,Gene 37,33
181.1851410175649,418.7582086543462,Gene 37,33
182.30052967361868,421.25327923106676,Gene 37,33
180.89726989637117,427.88070049253747,Gene 37,33
181.9376355459088,430.9370843913657,Gene 37,33
183.02628370857596,425.2785609882284,Gene 37,33
179.60583994064092,420.1452461429012,Gene 37,33
190.78410795472726,427.4972362195189,Gene 4,34
190.7770059299317,429.04026459151805,Gene 5,34
187.68402157373492,431.7081996110319,Gene 22,34
187.74392550022574,421.488430794379,Gene 26,34
191.93239813419535,422.68569691339377,Gene 26,34
192.27131141377004,421.3720025384746,Gene 26,34
191.7965475171682,424.676049222206,Gene 26,34
185.99590321022177,423.82291143961737,Gene 27,34
188.54689445800398,417.0202881511134,Gene 27,34
189.53234981802612,415.77020761364633,Gene 27,34
187.8327899686705,421.25042267955615,Gene 27,34
185.66874160482226,422.55317107988304,Gene 27,34
188.5972811251575,429.34933301068094,Gene 27,34
187.67480162076026,424.83793439081995,Gene 27,34
188.8603802882369,426.15301331240755,Gene 27,34
191.06424269780464,418.56448436379884,Gene 27,34
186.72659310316163,430.8015080271319,Gene 28,34
187.57744049786476,430.10311603122216,Gene 28,34
188.8510323358693,417.47808200678605,Gene 28,34
186.62168305213768,427.19636887314687,Gene 28,34
188.0181845004146,427.3621047742756,Gene 29,34
188.10089089549228,419.22769359261736,Gene 29,34
189.34847275872272,418.97949605122557,Gene 29,34
188.30964106134184,416.91385106124136,Gene 30,34
190.48134292978023,421.78306162336077,Gene 30,34
187.7351466386071,426.1927570839103,Gene 30,34
190.7410299882575,425.27938620946907,Gene 30,34
187.12627851501543,418.8909869615751,Gene 31,34
191.59049428813717,418.89292549153487,Gene 31,34
191.08084472255408,420.43982313062224,Gene 31,34
189.31687220359072,421.3996179218904,Gene 31,34
190.94078358356893,427.66680264422115,Gene 31,34
189.74978009436822,415.8091692237171,Gene 32,34
191.2636400412809,425.65035167571403,Gene 32,34
189.69708852770373,415.7987193040737,Gene 32,34
191.42539294859642,427.11783182232165,Gene 32,34
190.11391053412632,421.2279615686156,Gene 32,34
187.86542081205334,419.5761268061236,Gene 32,34
190.21018654549738,428.7812626821003,Gene 32,34
187.20621442905005,417.22748369375,Gene 32,34
190.53226028911624,423.14203786325294,Gene 32,34
188.0755555864445,417.6232464250266,Gene 32,34
189.42304121082682,422.4088854583727,Gene 32,34
191.3398223708115,419.8126453237304,Gene 33,34
192.00653279803333,427.4770098368334,Gene 34,34
190.474635782339,420.07057326284337,Gene 37,34
190.4050554912044,418.6034527371605,Gene 37,34
187.92169355928846,426.9996799649236,Gene 37,34
188.62011620739185,427.23220906215704,Gene 37,34
186.73538178708532,428.3300671317578,Gene 37,34
190.87028929499164,428.41274180705597,Gene 49,34
105.37632533553688,444.53291538505323,Gene 4,35
105.09682782892656,436.63957439163664,Gene 5,35
104.85868485235262,429.3548952122362,Gene 13,35
107.2381063627886,437.9434836809747,Gene 19,35
103.52126916468211,438.66687780490037,Gene 19,35
107.77422651896127,438.48923337149796,Gene 22,35
104.88585934537207,434.42556649256767,Gene 22,35
103.68596335973778,433.63433549093673,Gene 26,35
103.9919728782407,435.26987766307735,Gene 26,35
104.36163054111519,439.55815349402707,Gene 26,35
104.93675476198125,439.33786727479054,Gene 26,35
107.28318744412269,433.9620140801958,Gene 26,35
107.95332104639134,431.35042643125905,Gene 26,35
107.12074816729054,436.06567155678863,Gene 26,35
107.08131976990357,437.5505356881814,Gene 26,35
107.30935889499723,439.9993295964195,Gene 27,35
104.92314816730031,429.46599262483073,Gene 27,35
106.82587284698285,439.4456734794948,Gene 27,35
106.25790767639653,442.8077355600534,Gene 27,35
103.54363249908103,434.6587096716319,Gene 27,35
105.08254507120552,431.41670662471165,Gene 27,35
104.71616502651158,438.0703343659931,Gene 27,35
105.99836623920619,430.33985921455496,Gene 27,35
106.72621321235432,431.49723028632013,Gene 27,35
107.9538081233118,432.10253615556064,Gene 27,35
104.89699798782665,441.26421629058297,Gene 28,35
106.49115829369633,428.3544451625555,Gene 28,35
103.85283825373529,439.85546602076795,Gene 28,35
108.06178918155376,437.9342219483653,Gene 28,35
105.26082067650142,428.4777928204968,Gene 28,35
106.14326729648887,436.0317676381453,Gene 28,35
107.07219914375679,434.76998658293587,Gene 28,35
105.0642380661146,434.2396529572793,Gene 28,35
107.4291489679684,432.4040594757131,Gene 28,35
103.6300707080945,433.1595843469954,Gene 28,35
106.51868087183429,441.9696227268861,Gene 29,35
104.82930694855396,443.0990563510309,Gene 29,35
104.19060227854645,437.0782163329727,Gene 29,35
105.88498206235799,442.3581269660289,Gene 29,35
107.34661524134827,436.37577170956155,Gene 29,35
106.68869242553932,435.9047373975379,Gene 29,35
107.42195182045381,433.55361242943667,Gene 29,35
105.69666797800056,443.88456464580315,Gene 29,35
107.44993999404161,431.80381646036597,Gene 30,35
107.46552749903019,433.2199591291381,Gene 30,35
106.64080505275737,428.97467558180057,Gene 30,35
105.02376413894683,430.14437252717954,Gene 31,35
106.44839359232701,429.3572890873622,Gene 31,35
104.12920412249389,434.89169084119726,Gene 32,35
104.15547994859776,436.09935716337327,Gene 32,35
107.1807757943977,439.6075582137756,Gene 32,35
107.2337105206084,434.0698569208181,Gene 32,35
104.26821327238406,430.0262174796555,Gene 32,35
107.26953776863331,440.665614699504,Gene 37,35
103.3016167054194,440.4017358280209,Gene 37,35
103.69872628794313,437.0097136950664,Gene 49,35
116.39114951593011,432.914369340941,Gene 5,36
115.61166359967098,439.1653668484407,Gene 5,36
115.34365527368182,434.93754823188624,Gene 13,36
113.70544216461948,429.04395524028956,Gene 16,36
115.6965800152885,426.93910897234286,Gene 19,36
113.80854379151887,436.4374035563303,Gene 26,36
113.10649267340754,437.9558919292214,Gene 26,36
115.83737492770975,430.2488946853605,Gene 26,36
113.8987187554362,431.87734816833137,Gene 26,36
113.9365029360424,426.9279409765925,Gene 26,36
113.0944585210228,435.3430761818282,Gene 26,36
116.01235707478837,440.2267794096576,Gene 26,36
114.91690624938836,442.7750876685091,Gene 26,36
114.33550299707765,425.47066554657255,Gene 27,36
114.8217262046097,431.92364154525893,Gene 27,36
114.92824636923416,431.98038352628805,Gene 27,36
114.73711111963513,430.25329169564264,Gene 28,36
113.22410396170997,432.10812125309644,Gene 28,36
115.37009017539894,441.01015492726924,Gene 28,36
113.82126689158967,427.3520077629701,Gene 29,36
114.5333062156212,429.69554405525963,Gene 29,36
115.44722846188589,432.0215413570838,Gene 29,36
114.27710728411326,441.7975953931326,Gene 29,36
113.76232967756115,439.56205934144225,Gene 29,36
114.35161695357012,424.77719368424687,Gene 29,36
115.00549606726943,441.43036868397724,Gene 29,36
113.43495104104926,432.12305619193796,Gene 29,36
115.74612511313508,427.1455470386004,Gene 29,36
114.10530961239293,433.985780850915,Gene 30,36
113.24140105652675,437.33139142985215,Gene 30,36
113.21480540094963,432.67627989866133,Gene 30,36
115.9168689515152,434.58834427693233,Gene 31,36
115.31479680241887,438.85111354276705,Gene 31,36
115.64876170081028,424.6662475571013,Gene 31,36
113.25441315880845,434.45941779243225,Gene 31,36
115.78804459603721,435.93426327707834,Gene 31,36
113.23244013345507,430.03894509984025,Gene 32,36
114.21297109802711,442.68669871896066,Gene 32,36
113.24673514153564,433.66285833005196,Gene 32,36
114.79669457542721,441.1221701840164,Gene 32,36
115.26807003349384,440.1291688132991,Gene 32,36
114.81570594980926,437.60777267854957,Gene 32,36
114.76064508011382,439.5012079909614,Gene 33,36
114.74909588535007,424.7534717768091,Gene 37,36
114.64463546658529,429.78018253814355,Gene 37,36
113.58808806093543,436.8914186107106,Gene 37,36
113.06534975030911,432.13970420321937,Gene 37,36
113.67905604293263,433.2497426360447,Gene 37,36
115.66843874455893,429.471558540009,Gene 37,36
115.20370807585358,434.74102014909477,Gene 37,36
114.37194668743356,440.4536694641358,Gene 38,36
120.01137543412142,434.67841322862483,Gene 4,37
120.00470148165014,431.7534907067726,Gene 4,37
120.88824628659091,439.39537544688295,Gene 13,37
120.37918954742324,440.89181297103516,Gene 19,37
120.38827842482775,420.6864407901331,Gene 22,37
121.00671185711343,423.6866814112514,Gene 22,37
120.67915915331298,422.86206214935856,Gene 26,37
120.32128752817543,437.46074848584925,Gene 26,37
120.54551503809694,432.2029636202604,Gene 26,37
120.44291458371995,438.69341459637474,Gene 26,37
119.78782001306782,432.5834669842226,Gene 26,37
121.29737761534557,434.281672731096,Gene 26,37
119.94792375940962,432.24367114752124,Gene 27,37
120.89251677602857,424.8627775922989,Gene 27,37
120.91671175354533,439.2129477921934,Gene 27,37
120.37405193734905,424.53420124282775,Gene 27,37
120.62425620098348,421.7286403999424,Gene 27,37
120.91163589818387,423.36786672413734,Gene 28,37
119.94075905365663,433.86254824107374,Gene 28,37
120.37220911462786,435.6238377345376,Gene 29,37
120.1478415853621,429.8951866263747,Gene 29,37
121.14757775031268,434.76051606486425,Gene 29,37
120.33637440251599,423.8757918082877,Gene 29,37
120.95326495876249,431.0181925601124,Gene 29,37
119.99705315258342,425.72830802730584,Gene 29,37
119.85148726252727,431.0036817733082,Gene 29,37
119.7038258584451,431.91580579589976,Gene 29,37
120.6147939184392,425.88933106600473,Gene 29,37
120.14482458095095,435.4046577715802,Gene 29,37
120.98960888920917,433.1921153703125,Gene 31,37
120.11215657207588,435.1627606065454,Gene 31,37
121.27550009637531,431.19105077727056,Gene 31,37
119.73539093370788,433.92781058802433,Gene 31,37
121.44735376197104,435.07836241994374,Gene 31,37
121.21503508346495,427.960335438388,Gene 31,37
119.94773059810372,431.3943379646626,Gene 32,37
120.47473680638852,433.56526200731946,Gene 32,37
120.5721336592404,441.11469864751155,Gene 32,37
120.76616455790553,435.5351921842942,Gene 32,37
120.82628549829582,429.459089461313,Gene 32,37
121.42710451191905,429.86645048508717,Gene 32,37
119.80491568088581,430.57225216981715,Gene 33,37
121.10315575364565,422.1712782661549,Gene 37,37
120.8659570908522,423.06908601878393,Gene 37,37
120.57492146629419,437.7875089727372,Gene 37,37
120.5567379079295,440.7078373334258,Gene 40,37
135.58586112331062,437.636726469356,Gene 4,38
136.31240186923884,428.76035675251165,Gene 5,38
135.4461235549465,425.61192646061227,Gene 13,38
136.2518434747372,429.9937570639189,Gene 16,38
134.03995239488987,438.47149809033937,Gene 19,38
133.22672683764378,428.86691296490335,Gene 19,38
134.50686189423783,423.38955637008024,Gene 19,38
136.21452801442945,428.0195152319853,Gene 22,38
133.90871696712148,437.3998058525268,Gene 22,38
135.2446523600165,425.16518188675775,Gene 22,38
136.38652060486714,433.3141059449701,Gene 26,38
133.79404783459617,437.1781240762148,Gene 26,38
134.24902240837613,422.0699281509311,Gene 26,38
136.001839302775,435.21189442341614,Gene 26,38
134.54449450387492,434.7575657060021,Gene 26,38
135.75519332317876,427.5055027436048,Gene 26,38
135.73438127029988,423.89451736902873,Gene 26,38
135.17989588384071,427.44879292404363,Gene 26,38
135.81884252157792,437.0078321954901,Gene 27,38
135.27143621720495,439.5648125233729,Gene 27,38
136.08750630701067,435.7437631892711,Gene 27,38
134.73207058257472,440.71077557637426,Gene 27,38
134.06199403756983,423.67391342039855,Gene 27,38
133.74114185045832,439.5966342261422,Gene 27,38
135.50078107814684,423.3828583437726,Gene 27,38
135.51127084218967,437.94743168728843,Gene 27,38
133.35157512237615,436.76048169024574,Gene 27,38
136.59245354616044,435.12156032957665,Gene 27,38
135.48654734740728,429.9184532745636,Gene 27,38
133.7936369098594,436.2621189411274,Gene 27,38
135.55680702439562,423.43867332330376,Gene 27,38
133.2379340552532,432.5920993224575,Gene 27,38
135.59269077436178,423.2064943120701,Gene 27,38
135.7672364586501,436.2226033778122,Gene 27,38
133.24647793509737,434.7170403116267,Gene 28,38
135.9460159016473,430.50334275422705,Gene 28,38
134.14762798749123,431.60400475476007,Gene 28,38
134.41785905785767,426.41718161486705,Gene 28,38
134.18937714694113,423.8519830513345,Gene 29,38
135.19765498114154,425.82990375054374,Gene 29,38
135.68518311818616,424.99648755217163,Gene 29,38
133.37652554634712,432.3783218279366,Gene 29,38
136.01329525481668,428.2940497123958,Gene 29,38
132.97128111737914,430.25603871851206,Gene 29,38
135.85053576567927,434.5719931785586,Gene 29,38
135.63733667504502,424.4897117993917,Gene 29,38
136.1596608534114,428.5688119120505,Gene 30,38
136.12569035302346,434.65977205665956,Gene 30,38
134.61199348115767,426.1850954157191,Gene 31,38
136.31929174856512,435.8303996036052,Gene 31,38
135.83436283154552,428.73992421342814,Gene 31,38
134.47408899785745,438.4074050218834,Gene 32,38
135.42176975472657,437.64617622897094,Gene 32,38
134.95456814984578,441.0095668009112,Gene 32,38
133.1816911181315,430.9521218096458,Gene 32,38
133.16660287070724,428.61751943090457,Gene 32,38
133.402681578673,437.88572599055425,Gene 33,38
134.50852822925745,441.294693576305,Gene 33,38
134.16763279426644,434.07989194305253,Gene 37,38
135.6345018586817,425.9456455337489,Gene 37,38
134.60976003536896,440.39849085016357,Gene 37,38
135.55545059644564,424.8041367590009,Gene 37,38
133.4655409998952,436.74421432436753,Gene 37,38
133.65781368901125,437.9629639170025,Gene 37,38
134.41864352413307,434.88677643186764,Gene 40,38
144.11316530633857,434.4424352586603,Gene 4,39
144.0098179434675,440.51367267753193,Gene 4,39
144.1374518090684,439.38564791739975,Gene 4,39
144.1237627025297,428.29755200011647,Gene 19,39
144.0143534424768,442.86156994331157,Gene 22,39
143.9118171814389,432.33481145484933,Gene 22,39
144.06961754607792,428.8280270747557,Gene 26,39
144.03922645608262,426.4929649781421,Gene 26,39
144.04099514411496,425.604898478838,Gene 26,39
144.01868122096622,444.33020854929487,Gene 26,39
144.12407208256877,434.03181699583,Gene 26,39
143.99073662057992,428.16379504536917,Gene 26,39
143.92333383356248,440.78135315436805,Gene 26,39
144.14567411944284,431.95141184355185,Gene 27,39
144.15826687300847,431.10763366682187,Gene 27,39
144.13586238644533,433.2421794182216,Gene 27,39
144.09700558478374,443.934179588013,Gene 27,39
143.92566695085853,432.9551362720439,Gene 27,39
143.98262185926637,425.7527741925207,Gene 27,39
144.1379893133396,426.9405562481789,Gene 27,39
144.10305751915394,430.03935459160965,Gene 27,39
143.9548037236199,439.01696239672856,Gene 27,39
143.99128771473454,428.10200112710663,Gene 28,39
144.00567155020266,440.0267943946202,Gene 28,39
143.8967500653521,438.31031718142106,Gene 28,39
144.14336393099802,427.1827005293117,Gene 28,39
143.9625026311768,425.04201786161474,Gene 28,39
144.1744092190996,433.68268204508934,Gene 28,39
143.98604076037248,438.57194109023214,Gene 28,39
144.06030264805253,444.36510692542214,Gene 29,39
144.00438373705342,443.6801266123568,Gene 29,39
144.0855719116025,437.59457568697013,Gene 29,39
144.12825427616602,429.0363307591596,Gene 29,39
144.03146852474626,442.8664945185355,Gene 29,39
144.1441598963467,439.65072444316394,Gene 29,39
143.88817807536503,432.12224317633905,Gene 29,39
144.0206920853916,424.2942406969225,Gene 29,39
144.09713064683936,443.714584379246,Gene 29,39
144.01043076688498,423.34478572106906,Gene 29,39
143.96420946604212,433.4262408264094,Gene 29,39
143.90640686602052,438.64065541844764,Gene 29,39
143.90946555741996,428.25282889028375,Gene 29,39
143.9219937597252,436.60259653087996,Gene 30,39
144.09504895140645,436.46549546268415,Gene 30,39
143.94922339472032,437.1330899003418,Gene 30,39
143.9547872070536,438.9031955858783,Gene 31,39
143.96087445150016,430.65026213779174,Gene 31,39
143.89597523945383,437.09604051501503,Gene 31,39
143.98944780552767,441.60814478655,Gene 31,39
143.8804899289679,432.2415843363134,Gene 32,39
144.07845480676488,436.9286828719129,Gene 32,39
144.13576138415752,428.8540070081693,Gene 32,39
144.1258592373092,434.23008666972606,Gene 32,39
143.89906323899385,440.66347519851666,Gene 36,39
144.13042650478042,440.3867537434182,Gene 37,39
156.31229635059648,434.6779708679846,Gene 4,40
150.8546586879383,437.68048887165526,Gene 4,40
154.5273799531084,437.95839675182634,Gene 16,40
153.3230645454305,428.97786413919795,Gene 19,40
148.30189310743464,433.3252729086096,Gene 19,40
154.51474962331426,437.4386160325534,Gene 22,40
150.33033610157526,429.63958728950195,Gene 26,40
150.05494964893504,429.41224205636644,Gene 26,40
156.36693354688822,431.4910536681425,Gene 26,40
155.52331407272194,435.6919826481393,Gene 26,40
150.20796797495214,438.71893088604014,Gene 26,40
150.01698199553343,433.92649913079634,Gene 26,40
149.52728971623037,428.5794490749938,Gene 26,40
150.4395770434971,438.967318208453,Gene 27,40
153.8653453438103,429.11046910917236,Gene 27,40
155.20499997908667,431.8386232729357,Gene 27,40
150.05596565569783,435.7604049991494,Gene 27,40
150.4282149382846,428.94405174479715,Gene 27,40
150.65890324100124,439.8190097281552,Gene 27,40
150.4988235562765,435.5738297484198,Gene 27,40
149.29615460715337,437.46825157710794,Gene 27,40
152.6794547740023,436.4784198651448,Gene 27,40
150.9308891943131,438.7993324494876,Gene 28,40
148.8349896588076,431.6421248314946,Gene 28,40
148.59778278699622,433.7883643038543,Gene 28,40
150.10228951170205,438.1780255830321,Gene 28,40
156.32189992907533,435.98237035133485,Gene 28,40
150.28131809322736,436.5325533563863,Gene 28,40
153.23857919514268,437.3393906175668,Gene 29,40
151.46172101335918,430.33712954229,Gene 29,40
156.2778381516097,433.5488336598768,Gene 29,40
156.08197660347412,436.0023538143246,Gene 29,40
151.7556998942769,427.67257609074255,Gene 29,40
156.3540553267212,431.8688123065909,Gene 29,40
153.42700973719366,427.16881205963404,Gene 29,40
152.57011200736213,427.4613249273893,Gene 30,40
148.68582775711693,430.7101544602262,Gene 30,40
156.07669576130115,436.30772052639213,Gene 30,40
149.72415889491793,437.6734087273639,Gene 31,40
152.51463232263515,428.2864124223515,Gene 31,40
154.00556637989476,432.41217683978385,Gene 31,40
155.55855003506105,429.6089779107386,Gene 31,40
147.86172994396946,433.61458412339766,Gene 31,40
151.7410846823538,439.1942552940633,Gene 32,40
154.58008113540234,430.76485626367,Gene 32,40
150.85364171355562,437.3732980346371,Gene 32,40
149.2104736062219,433.22959060167227,Gene 32,40
153.77404722735045,439.9887934419492,Gene 36,40
148.0604347304583,433.7333122245674,Gene 37,40
155.1164582051711,431.58227036114624,Gene 37,40
151.692048507998,436.2864385762983,Gene 37,40
148.8535721798038,432.39558114658047,Gene 37,40
154.37640048198685,429.352294093508,Gene 37,40
156.08891111189504,432.8464445104238,Gene 37,40
151.75609046618388,428.98580676134947,Gene 37,40
161.77495078489017,437.9732481560838,Gene 4,41
160.83411221765525,440.0794109668449,Gene 4,41
164.09903989674078,431.8868755965834,Gene 5,41
167.15726190103132,433.84037780027717,Gene 19,41
161.20375009906863,432.8562200921281,Gene 19,41
159.47054470533766,437.41101838896697,Gene 22,41
164.80421332515544,433.7906332098486,Gene 26,41
158.33490207083514,438.11690817271125,Gene 26,41
162.35304890444297,435.61853162558896,Gene 26,41
164.96629206606784,433.6214930104096,Gene 26,41
159.97041063244583,435.98094908487633,Gene 26,41
165.3673298811398,433.7861445788981,Gene 26,41
164.84057893454153,440.4873735870144,Gene 26,41
159.2097219847432,440.23795157916345,Gene 26,41
163.27398050742892,440.73279046217726,Gene 26,41
161.6457503334714,433.9127104899973,Gene 27,41
164.6982512245847,434.2063100588232,Gene 27,41
160.76244169925639,436.92836211773334,Gene 27,41
168.22951852525227,436.71301833695986,Gene 27,41
158.97834880975822,434.97229084925505,Gene 27,41
160.6894277964891,434.8887182846024,Gene 27,41
160.22893058514393,433.58602264601575,Gene 27,41
166.8551550707564,438.94170727336984,Gene 27,41
163.65938716132484,434.5071565507167,Gene 28,41
165.15603070445908,432.8712004094318,Gene 28,41
164.49000234435115,435.4684279902953,Gene 28,41
166.50282782348646,439.6925355852701,Gene 28,41
161.2627667072284,432.7015505165739,Gene 29,41
166.6026581626732,438.2635818785991,Gene 29,41
167.59825151481658,437.2762698315266,Gene 29,41
161.9990097923326,442.39631142514395,Gene 29,41
167.58536702087784,436.29117179100854,Gene 29,41
161.74274786705362,436.44619866050857,Gene 29,41
166.6479495595424,435.0689258561914,Gene 29,41
160.44290002999753,439.80413454490844,Gene 29,41
160.58012671824122,439.6715253545588,Gene 30,41
161.4381883035629,433.10427489465036,Gene 30,41
160.8768426608627,437.2227436366742,Gene 30,41
159.8446861866487,437.5575833863939,Gene 30,41
159.8334996439856,439.27925253993044,Gene 30,41
162.63074261888713,442.5122891189882,Gene 30,41
158.4583240481851,436.42542205467237,Gene 31,41
164.30875005843407,430.9669168146731,Gene 31,41
160.41445743715212,432.587127152979,Gene 31,41
160.366294386873,433.2424224982654,Gene 31,41
162.12387820971404,434.10258815758,Gene 31,41
164.4489522114346,439.57166093310724,Gene 32,41
164.86173760166344,440.01518253501536,Gene 32,41
165.2011699243,432.3615855393057,Gene 32,41
165.3191777836009,440.9101598033416,Gene 37,41
167.85312192779602,436.6004090390242,Gene 37,41
163.09251413321599,431.0544919879372,Gene 37,41
164.6447963402887,433.9405163351836,Gene 40,41
179.75300853592094,437.59213710668706,Gene 4,42
180.36478653427037,435.98750911252563,Gene 5,42
178.78525204600652,428.78978786413734,Gene 19,42
178.76751824022062,437.86755568701903,Gene 19,42
178.0168917489433,433.75557807412304,Gene 19,42
178.65542356496752,429.7392190036908,Gene 19,42
178.4736954330871,426.9230302330956,Gene 22,42
179.4134778376765,433.3657377370738,Gene 26,42
177.39266125007987,428.2088793169841,Gene 26,42
179.905882004726,433.33560104017744,Gene 26,42
180.95531941956853,429.9010804660069,Gene 26,42
180.30053004207122,437.3471059297648,Gene 26,42
178.76966840518642,441.6288373296556,Gene 26,42
181.159322308109,433.217708316449,Gene 27,42
179.86280067729518,440.3092301987971,Gene 27,42
178.44175703556542,431.31912124621806,Gene 27,42
178.41257757564836,427.830796883191,Gene 27,42
179.58617241583082,440.1357217050449,Gene 27,42
178.54882043925443,440.2266002353174,Gene 27,42
179.56767318230348,428.6014930791405,Gene 27,42
177.51636178715466,433.66353644666896,Gene 27,42
179.46913705209624,426.49883486447857,Gene 27,42
179.3946949444043,425.8275048531546,Gene 28,42
177.71639138621265,432.61634105454976,Gene 28,42
179.557478751402,436.8542557859097,Gene 28,42
178.78429812226338,430.7454296611155,Gene 28,42
179.63467653509062,425.1469643914528,Gene 28,42
179.9911162505531,433.2593920344022,Gene 29,42
179.34237173280493,440.8653852561458,Gene 29,42
180.64431318428197,429.1757542238566,Gene 29,42
178.74091993994733,423.6851386806322,Gene 29,42
179.16345428963774,424.8993381631032,Gene 29,42
179.47784599825073,430.07822650490056,Gene 29,42
180.07633667671487,426.25648145669817,Gene 30,42
178.7098351493778,441.9878787897934,Gene 30,42
177.97394017499073,425.47352820700456,Gene 30,42
179.2805395465491,438.1767744785917,Gene 30,42
180.31470686470087,438.48157589819994,Gene 30,42
180.2599627325604,427.4488950944276,Gene 31,42
180.5035790936491,429.46278176458213,Gene 31,42
180.397314489387,434.38111586495637,Gene 31,42
178.03317773631758,437.6588280024798,Gene 31,42
180.82483388137382,435.5621339403489,Gene 31,42
179.9256923057985,428.2211406253983,Gene 32,42
178.13401750933684,424.92450945206923,Gene 32,42
178.7708402997538,439.87654894893524,Gene 32,42
180.3805673458056,427.65912806337,Gene 32,42
179.79194966931271,427.53927100308647,Gene 32,42
179.37166914990462,441.2630140622283,Gene 32,42
179.23898629471114,427.17867711294326,Gene 34,42
180.9150358086829,436.29657251095256,Gene 37,42
179.8413735788101,439.6523408051945,Gene 37,42
179.21577457492452,425.9179919049577,Gene 37,42
177.76242493053107,428.5247836400641,Gene 37,42
179.55447178736023,440.75735495475595,Gene 37,42
178.45598738621953,427.5399201307025,Gene 40,42
184.2845112334118,427.54935997849475,Gene 13,43
184.1749370777967,427.5268993383329,Gene 19,43
179.63955552304594,436.1250250753553,Gene 19,43
180.4966553968698,428.2423090363864,Gene 19,43
184.5817901250246,437.3921812798785,Gene 22,43
184.2775523797809,435.6739141991493,Gene 22,43
186.17716469296994,432.64416885046745,Gene 26,43
184.1923568265436,434.8532817794526,Gene 26,43
184.6656295446066,436.3760555978892,Gene 26,43
182.81434926273366,426.66921318135434,Gene 26,43
180.74230324717325,435.4298323100751,Gene 26,43
179.60975150784265,432.83019684120455,Gene 26,43
179.2918249072623,431.62845435311596,Gene 26,43
179.6066469349499,429.7032225865563,Gene 26,43
182.37609538379672,426.92421110161064,Gene 26,43
180.48668828748498,433.5386136604779,Gene 26,43
179.27196603552738,434.29697280332186,Gene 27,43
184.6218947168199,434.3162943967558,Gene 27,43
184.20594222522638,433.2074853129986,Gene 27,43
183.70531993447864,440.03847729766954,Gene 27,43
181.01042922656072,433.78826012678127,Gene 27,43
182.60770761515866,425.2137148579361,Gene 28,43
179.02274945154966,434.8122324705487,Gene 28,43
181.2680718229223,437.3161986223727,Gene 28,43
180.3182869251259,434.47912297830175,Gene 28,43
178.7686503024446,429.2044562483144,Gene 28,43
180.39878675276202,438.28405198396575,Gene 28,43
186.66265240308314,435.0822280716878,Gene 28,43
184.99004604937426,434.7702914072579,Gene 28,43
186.49582620547997,430.88898441533775,Gene 28,43
184.4893331890924,427.21703475915837,Gene 28,43
179.0299017219412,428.19423381068407,Gene 29,43
183.09071646684848,428.61314571584376,Gene 29,43
180.0406799779234,431.58003996602713,Gene 29,43
182.46490430380913,436.91012899293054,Gene 29,43
181.32117166149607,426.6205584652353,Gene 29,43
179.1175749695379,430.6985376311301,Gene 29,43
180.29828948013412,437.3297293999116,Gene 29,43
185.23508533279656,434.3922705950812,Gene 29,43
181.77112934962977,435.3597279177563,Gene 30,43
182.815934313385,429.1763223461601,Gene 31,43
183.83930425879095,426.87385663659063,Gene 31,43
184.13780537556212,428.28112970995556,Gene 32,43
179.09439248081978,431.8257140488198,Gene 32,43
180.48997473128568,436.1477208029346,Gene 32,43
180.51042973737,438.77920312725684,Gene 32,43
181.46296404387675,438.6634024570622,Gene 32,43
182.82584705997897,437.9317527575416,Gene 32,43
183.4213455986941,436.1859440022779,Gene 33,43
184.34132221132433,427.7267944525376,Gene 37,43
184.9280044731941,433.2756879975398,Gene 37,43
179.4563157337367,434.9939764346913,Gene 37,43
184.442339190416,430.41022249072387,Gene 49,43
183.97717364074532,437.70417463380545,Gene 49,43
192.25345405107282,438.4569857388289,Gene 4,44
192.0092725034261,427.6292104783238,Gene 4,44
194.71175829733033,426.3306490748296,Gene 13,44
191.16915952883687,429.08948521001236,Gene 19,44
193.3072350308981,439.450747520727,Gene 19,44
194.08154053017626,422.6995797968744,Gene 22,44
192.5926599589055,434.0619979804187,Gene 26,44
192.97845914547338,437.3502824968013,Gene 26,44
193.7196914433169,429.47860965039575,Gene 26,44
191.29570456048398,428.27541746659125,Gene 26,44
194.92182469580024,428.55371584344164,Gene 26,44
194.4107754244832,430.77997027663224,Gene 26,44
192.73938790704938,424.8205784054465,Gene 26,44
192.44103704793926,439.1930081312764,Gene 27,44
191.64906531169476,430.1855102449195,Gene 27,44
192.7483022230365,439.50025254862175,Gene 27,44
191.88804353514064,436.74580941215345,Gene 27,44
193.26763190058276,425.57750270058153,Gene 27,44
193.89032988807097,430.79911993030163,Gene 27,44
193.45874551357448,421.97244345993,Gene 28,44
191.75571139054045,436.1116437504061,Gene 28,44
193.51517323619217,424.47798243275406,Gene 29,44
193.17635308352922,426.7681667571712,Gene 29,44
194.2478692995944,425.00081616386876,Gene 29,44
194.78576507843604,434.512474835491,Gene 29,44
192.385225956539,428.58454560814243,Gene 30,44
192.18103891771912,426.1667545718326,Gene 30,44
194.31743012604076,430.67438038413167,Gene 30,44
192.92146857381914,436.9923943107841,Gene 31,44
193.7546890222189,439.85190279388706,Gene 31,44
192.80738682925042,424.75812468402154,Gene 31,44
191.89099601087452,436.6620818123675,Gene 31,44
191.73226872591616,430.86422160344335,Gene 31,44
195.2363025837666,431.7399378887844,Gene 31,44
192.0496731303936,431.61590403104566,Gene 31,44
192.53479713818086,436.7158943958722,Gene 31,44
191.58622187007674,428.8972862269074,Gene 32,44
194.20851485363437,439.78551366984084,Gene 32,44
192.68837811702204,435.16577483341376,Gene 32,44
191.73816427964164,435.7828699644893,Gene 32,44
194.86087228297723,437.23580324260274,Gene 32,44
193.44946404366456,436.6624750876513,Gene 32,44
191.54144835169325,429.1750196053996,Gene 32,44
194.2276305291492,434.6664114631503,Gene 32,44
192.92406614635,435.9766210287491,Gene 32,44
192.84306415027348,437.19201049699285,Gene 32,44
195.17788365949397,431.40908203145347,Gene 33,44
192.48447245816612,424.8109996934096,Gene 37,44
191.68915166318703,437.01139900277036,Gene 37,44
191.57108600171014,426.18457330771827,Gene 37,44
194.66322218289466,435.94124743781225,Gene 37,44
194.7205916181725,435.320908454504,Gene 37,44
192.4594382791331,436.66825234271914,Gene 37,44
193.15339377289172,438.9531310306295,Gene 37,44
102.23244673909572,441.9106380878253,Gene 4,45
101.75901374212911,443.8394459325588,Gene 4,45
98.86321812949029,438.1324060871687,Gene 13,45
100.30068408955853,446.7233072498892,Gene 19,45
98.19961476299409,440.764714119815,Gene 19,45
103.26892597257668,435.7669355610322,Gene 26,45
100.61571910235466,444.80443771670696,Gene 26,45
104.17110872405287,440.22600412487793,Gene 26,45
100.87260013769841,437.0727132801945,Gene 26,45
104.09331721106216,433.52194756546504,Gene 27,45
104.8820492779587,438.2766444559933,Gene 27,45
101.56626221526575,436.9879187192297,Gene 27,45
102.7957734482891,443.8175847725387,Gene 27,45
103.27686552383778,446.53946469095376,Gene 27,45
101.88335223190721,446.5818686868794,Gene 27,45
103.09513056237634,443.15992090719,Gene 27,45
102.28204774042472,446.04428263583816,Gene 28,45
99.89102028739525,438.5013220122297,Gene 28,45
103.66570131694884,442.0997921764791,Gene 28,45
103.73960596101237,442.48886176883815,Gene 29,45
101.16294563008005,434.289004372518,Gene 29,45
103.30017392282384,438.7803152151107,Gene 29,45
100.85019636029702,444.97706640697373,Gene 29,45
103.06161584288336,442.19046624542125,Gene 29,45
103.1626477131931,435.477800000965,Gene 30,45
98.98005617992918,437.792519566192,Gene 30,45
103.91975548691359,444.45087356414035,Gene 30,45
103.79970366594043,433.7383248688644,Gene 30,45
100.62501028947297,446.62468814705795,Gene 30,45
103.59679213971174,436.70936323994323,Gene 31,45
103.46729490990141,439.34563459920497,Gene 31,45
98.6976184659485,434.66973030627616,Gene 31,45
98.56245202847387,437.4996085907351,Gene 31,45
99.29508229562165,435.9998491925175,Gene 31,45
103.65084553273518,445.3591307051804,Gene 31,45
104.48855008466434,442.4895093548114,Gene 31,45
103.22693769673519,437.49129635213257,Gene 32,45
98.04559944518995,438.4436749957969,Gene 32,45
100.7015653956712,439.6833042443023,Gene 32,45
101.8794489831565,435.2883864005391,Gene 32,45
103.09640805952253,436.2889875493653,Gene 33,45
101.84616928626718,447.35293286274253,Gene 37,45
101.84905464715844,447.49013593730876,Gene 49,45
109.69617542153381,424.96675331321933,Gene 13,46
108.87896117430195,431.0671545252575,Gene 22,46
110.98188280867724,442.40280547047973,Gene 22,46
108.74174076135799,442.01008909016065,Gene 26,46
110.85668124576478,439.70948259457333,Gene 26,46
110.86145796524967,431.14292007756677,Gene 26,46
109.4271786191343,447.53992080520567,Gene 27,46
109.79750775147672,426.4651660068473,Gene 27,46
110.89970877698379,441.30117132946543,Gene 27,46
108.74985719165784,443.96536237827297,Gene 27,46
110.53991515774824,439.5104466535532,Gene 27,46
109.93867776666636,443.68010145896955,Gene 27,46
111.56822561508443,438.4608361404939,Gene 27,46
109.54392174490137,428.0004660042915,Gene 28,46
108.21985104877827,437.58334097812286,Gene 28,46
109.02564014116776,431.52973909459513,Gene 28,46
109.1490116378991,428.77116397999583,Gene 28,46
108.4749657873644,440.86437191866924,Gene 29,46
109.78014437734718,449.5805346660974,Gene 29,46
109.20870811457765,428.8197398160994,Gene 29,46
109.56944100321863,445.99258388886494,Gene 29,46
109.82757273886106,432.3837193791776,Gene 29,46
111.11014639254837,441.81839654086,Gene 29,46
108.10928277425042,435.7748350785311,Gene 30,46
108.89080048413709,429.47093629124623,Gene 30,46
110.25556862521823,449.1780430518174,Gene 30,46
110.83138803175474,441.39530086013434,Gene 30,46
109.72067905161484,446.05158027095905,Gene 30,46
110.3055319661526,426.22052190509373,Gene 31,46
110.6802595575645,445.6189468911604,Gene 31,46
108.70497027923243,433.18267283050216,Gene 32,46
110.01078342975583,441.23328487702406,Gene 32,46
110.83319390558951,441.39982874175683,Gene 32,46
109.73064027901603,428.31631304036875,Gene 32,46
108.69733318829132,435.61126034982846,Gene 32,46
109.45730653190758,431.2591095964815,Gene 32,46
109.8483331622309,430.39543688565567,Gene 34,46
108.25983736964841,438.59094357305133,Gene 37,46
110.07674340664913,431.59329026886365,Gene 37,46
111.592644496023,436.9493833937655,Gene 49,46
116.83483573764929,443.4961266720642,Gene 4,47
117.21560615185307,448.7487649467384,Gene 19,47
115.33298134119649,442.31270438625035,Gene 19,47
119.56136646172848,437.5611003350602,Gene 26,47
118.08404399847338,450.74342251894495,Gene 26,47
115.37067368354894,439.97511135633084,Gene 26,47
118.32747015074939,434.6460672892822,Gene 27,47
119.21433455805277,435.05136748759344,Gene 27,47
120.57256447654956,441.7036763026714,Gene 27,47
118.54662179080917,447.5534386001362,Gene 27,47
116.02553171080734,445.18646778680517,Gene 27,47
117.65259711371269,449.1750406650116,Gene 27,47
115.80206716158452,446.04242555195435,Gene 27,47
119.9518444015602,440.69897503817555,Gene 28,47
116.65077642593471,435.8793123487031,Gene 28,47
119.6224309068958,441.792925854651,Gene 28,47
116.60747900445239,450.51494868121097,Gene 28,47
117.10068942484145,435.9274128170662,Gene 28,47
119.143240917126,449.4000996972383,Gene 28,47
118.14246090058565,448.9892153921939,Gene 28,47
115.85279156247303,439.56044716554004,Gene 28,47
117.52837827717856,442.9899360535295,Gene 28,47
119.58281156647787,444.91031335887806,Gene 28,47
119.05075106717472,449.1623114170167,Gene 29,47
115.12861391554863,443.93045627440574,Gene 29,47
120.22613034247534,445.4126601968317,Gene 29,47
117.64796495320111,451.6199261361944,Gene 29,47
118.15694996710027,437.62074469729345,Gene 29,47
119.46889837070668,437.1868903515415,Gene 29,47
119.04680967937333,446.8189305185739,Gene 30,47
120.53690153148926,446.9312134114974,Gene 30,47
119.35037051749161,441.88505525963296,Gene 30,47
117.81429471924369,436.4855041622273,Gene 30,47
116.73074378991903,438.7578568109902,Gene 32,47
119.74577041582727,449.11751211801425,Gene 32,47
120.27630567262737,439.13387073638285,Gene 34,47
117.24060599909939,439.02630259975575,Gene 37,47
120.7589323570607,442.7806663875326,Gene 37,47
116.43708826062398,446.48711287251655,Gene 37,47
116.38736219351745,438.48342838140536,Gene 37,47
116.64521448538336,449.4193817023455,Gene 37,47
132.15156794241838,444.1666417418242,Gene 4,48
131.86910097555253,443.53929451661867,Gene 22,48
131.21407304557147,431.6305143466388,Gene 22,48
131.3296657508735,435.67657220262396,Gene 26,48
131.30973502576572,434.29420258982185,Gene 26,48
130.71424830539928,448.1115144116512,Gene 26,48
131.6555995449553,433.89689767147456,Gene 26,48
132.19879261052756,431.61185745296854,Gene 26,48
133.10414040770587,431.96951150970204,Gene 26,48
132.20293335898918,432.30288098569207,Gene 26,48
132.9629799362612,433.7261681711755,Gene 26,48
130.140183259183,445.76008590310545,Gene 27,48
132.81415320579745,442.6841546071621,Gene 27,48
133.392420800378,439.13427459654423,Gene 27,48
130.89011661425985,446.58491510031723,Gene 28,48
131.83995346588122,436.33338884700333,Gene 28,48
131.49377783826168,444.68791770451384,Gene 28,48
131.00692635206028,447.76038786583166,Gene 28,48
131.92768144063845,435.3564613824922,Gene 28,48
130.17548477572134,442.70428663034454,Gene 28,48
130.85748209052502,430.1100468330016,Gene 29,48
133.27903083370998,438.68836645236564,Gene 29,48
133.41389078010678,439.9317487956547,Gene 29,48
132.1312385450938,447.350942504567,Gene 29,48
131.17289960332445,434.67288657667035,Gene 29,48
131.0268908219138,445.78575921487766,Gene 29,48
129.72272854783057,437.6503687119932,Gene 29,48
132.04120090588103,433.17987279241,Gene 29,48
131.0407923889395,442.7383723838593,Gene 29,48
132.45001870785998,434.360180233531,Gene 29,48
131.01250259023433,430.6772673164692,Gene 29,48
133.41285634696516,441.1606566644942,Gene 30,48
130.7145766095574,439.00837796323714,Gene 30,48
131.9733284983803,444.74684114185396,Gene 30,48
130.23162183752032,433.3497371874322,Gene 30,48
132.14794073031652,444.9846843110777,Gene 30,48
133.0616660888897,433.0388340046476,Gene 30,48
130.97863778559525,443.12022575692725,Gene 31,48
132.9324778445401,435.8454345464006,Gene 31,48
132.75677643570927,438.67426111708517,Gene 31,48
131.02902478438793,446.57373709782826,Gene 31,48
132.32098511311779,446.10387752502135,Gene 32,48
130.4448922914859,439.8611388350679,Gene 32,48
130.76173115560232,434.50120077019284,Gene 32,48
131.8857780263341,435.91902998978435,Gene 32,48
129.68261112397087,439.51617801946657,Gene 33,48
131.81710371601787,442.9501288403045,Gene 37,48
132.2319203894698,433.80183141516744,Gene 37,48
130.16115640994366,441.0067882962438,Gene 37,48
132.86165204020833,435.29633525600786,Gene 37,48
132.64919112024464,439.5673721232947,Gene 37,48
130.33837125631905,445.81202609451896,Gene 40,48
133.17123689896843,443.39061932179084,Gene 40,48
142.33846773874805,437.39849554948796,Gene 4,49
143.6993558239187,439.02610007627806,Gene 13,49
142.58577440841134,439.9058357117085,Gene 22,49
140.44259876625114,445.42606276536645,Gene 26,49
140.84848592449316,442.3947569343604,Gene 26,49
140.41964025053065,441.8080397112508,Gene 26,49
141.38554783075554,449.7278588909402,Gene 26,49
142.14858561174472,446.91427735826005,Gene 26,49
143.7501471235822,438.29608220246433,Gene 26,49
143.90006722367025,442.4338228926971,Gene 26,49
143.14312196363838,439.0976931926695,Gene 26,49
143.13653684735505,445.47834689134777,Gene 26,49
143.4647992532131,444.4955137598531,Gene 26,49
143.53188593010137,436.4728087251589,Gene 26,49
142.79819137448547,444.37139811885453,Gene 27,49
140.63476993988024,444.0144261821237,Gene 27,49
140.43010127852497,437.1739810057886,Gene 27,49
141.70081979488015,447.5699507511925,Gene 27,49
142.13019817034203,447.6075695263396,Gene 27,49
141.31325358635317,434.8327231551246,Gene 27,49
140.51331640318404,445.2915611275203,Gene 27,49
140.07312580257184,439.37386241732196,Gene 27,49
140.60179181726238,445.34225745863955,Gene 28,49
142.39275517915004,446.92622263335505,Gene 28,49
144.00437034140424,443.7121940910519,Gene 28,49
142.05569460620043,434.28355469214523,Gene 28,49
143.3811357178621,448.8264297808342,Gene 28,49
140.8225798127046,448.22510216251294,Gene 28,49
142.35656156594865,439.3256896837318,Gene 28,49
142.71174194371855,449.00978164694385,Gene 28,49
140.7004922352397,438.685524937344,Gene 28,49
142.06133447012212,446.79672724894033,Gene 28,49
140.43478234756031,446.98634211434245,Gene 29,49
142.00135064817113,435.77810069634234,Gene 29,49
143.89485930594364,445.01190622111784,Gene 29,49
143.12809570719696,446.3917596833793,Gene 29,49
140.35428905371177,437.30373398829965,Gene 29,49
144.06134222126778,443.1709786206885,Gene 29,49
141.53280440504247,448.6114248741212,Gene 29,49
143.13113869721505,434.97356214815943,Gene 30,49
142.6852915797446,434.9126411751925,Gene 31,49
140.80385670192288,444.69550348599745,Gene 31,49
140.4368462558816,446.3753800959643,Gene 31,49
142.93430506682537,437.24341735992846,Gene 31,49
143.23870901595288,443.96415201421036,Gene 32,49
143.5354159084984,446.2977172773396,Gene 32,49
139.88096956825902,442.01547112069863,Gene 32,49
142.9848836352783,443.0230004079038,Gene 32,49
141.1130162737294,435.1123214933078,Gene 34,49
140.54436497239192,443.2619368274319,Gene 36,49
141.69324547805851,449.2497010120327,Gene 37,49
143.9537768509721,442.01632746329216,Gene 37,49
141.46544527011324,435.88333792015334,Gene 37,49
142.4140457827842,449.25741984731957,Gene 37,49
140.15632660425769,438.3815757643278,Gene 37,49
143.64753349690395,444.9660278610173,Gene 37,49
149.89604136680924,442.0856786121348,Gene 4,50
150.1797580312896,434.84344016527274,Gene 19,50
150.5706009243951,432.06294313882285,Gene 19,50
149.945523136439,446.89176130180675,Gene 19,50
148.9832397838256,441.2797436550553,Gene 22,50
150.07075020306135,446.2861052605155,Gene 22,50
150.26832229355648,433.7014473311796,Gene 22,50
149.7953248990987,433.3396438155404,Gene 26,50
148.99275168531716,442.1620145310563,Gene 26,50
149.92722032953208,433.861936540715,Gene 26,50
151.34509440846307,441.2356006236024,Gene 26,50
149.54880945026406,440.08553194623863,Gene 26,50
151.06515399431163,447.30752718379995,Gene 26,50
149.43870773421636,437.31548495186485,Gene 26,50
150.80229520063605,435.63114754872214,Gene 27,50
149.85664717654248,446.959818514631,Gene 27,50
149.75457481438534,445.63440174676435,Gene 27,50
150.36681864857104,440.61878333629573,Gene 27,50
151.06831641798738,443.0928699959092,Gene 27,50
149.5719010172756,437.33604435213977,Gene 28,50
150.78338951109328,438.23320831494647,Gene 28,50
148.9424619057487,441.7070832250645,Gene 28,50
149.13539877672216,443.27502150094375,Gene 28,50
150.54935310567868,446.82893353261574,Gene 28,50
150.90733053183658,436.3007973281588,Gene 29,50
149.39300965062242,447.243613893976,Gene 29,50
151.1232863909012,442.41631007864834,Gene 29,50
149.7186890135401,444.5199545868907,Gene 29,50
150.27990450320783,449.5255599836115,Gene 29,50
150.88179867195757,442.1129150035677,Gene 29,50
148.9836334662375,434.47764535211917,Gene 29,50
150.58285281607772,450.22226009820423,Gene 30,50
150.81516682668268,439.35240090133607,Gene 30,50
149.7239474519111,434.33467584867446,Gene 30,50
149.50793422473535,434.20535408147293,Gene 30,50
150.87229127450607,445.12510262759787,Gene 31,50
149.8703186875092,434.8473601791642,Gene 31,50
149.62754940872424,433.6997186277033,Gene 32,50
149.73699795728325,451.10465896662146,Gene 32,50
149.35862509154938,447.10952510577147,Gene 32,50
149.0300898132082,445.6852367373959,Gene 32,50
149.22325631940663,449.31259930943673,Gene 37,50
151.08863109031074,439.6148569389546,Gene 37,50
149.59553355469723,432.9614561477237,Gene 37,50
150.89148324004333,444.0299680965845,Gene 37,50
149.47863929792325,437.7039194075539,Gene 37,50
164.7375075707727,440.43926109828436,Gene 5,51
164.34428451526463,432.8569654659011,Gene 19,51
163.6114546665017,442.7057871909853,Gene 22,51
164.5910914277186,438.1667022951457,Gene 26,51
163.5693993586857,436.1183487361271,Gene 26,51
163.6977811409458,442.9700359987731,Gene 26,51
164.2727579162181,452.56129320756145,Gene 26,51
164.33508068225436,450.1893296620081,Gene 26,51
164.3384763716743,447.8455133910267,Gene 26,51
164.21141052681025,448.24209527666727,Gene 27,51
164.42864605847498,440.2915681550211,Gene 27,51
164.35621507893578,435.6901779256677,Gene 27,51
164.78249292692902,442.33262229764324,Gene 27,51
163.58583735862453,448.4636449388316,Gene 28,51
164.44356009968365,445.4293216692597,Gene 28,51
164.62211109500453,449.1139300815045,Gene 29,51
163.9268707275602,453.12277703630673,Gene 29,51
163.74611071952515,434.8812527892537,Gene 29,51
164.22204261043194,451.3373761857496,Gene 29,51
164.80233115380662,435.34874666055674,Gene 29,51
163.73624145001682,448.2409744455671,Gene 29,51
164.23690023466926,453.35691094969445,Gene 29,51
164.75742826486547,443.56054168620227,Gene 29,51
164.7790012523,442.1346638710473,Gene 29,51
163.754839968011,442.72329961860146,Gene 29,51
164.28831667107679,432.6515450631079,Gene 29,51
164.59991040559282,435.55240110042524,Gene 30,51
164.0655540936637,448.84904831557714,Gene 31,51
164.42498647339545,431.86496194625084,Gene 31,51
164.75477866601236,448.27602425478625,Gene 32,51
163.64068827398694,441.32745652092666,Gene 32,51
163.47218788262353,439.54330418306614,Gene 32,51
163.3572584756068,447.2861294533176,Gene 32,51
164.2156928909555,432.8339834024732,Gene 32,51
163.55984755002473,447.5790424920576,Gene 32,51
164.46445199535856,438.16913122548976,Gene 37,51
163.79018479458307,439.23564592705725,Gene 37,51
164.66631634905625,445.79457684154386,Gene 37,51
164.8210293657124,444.8979395844711,Gene 37,51
164.75822789791778,449.29569669029104,Gene 49,51
166.6064552984251,436.1281606828522,Gene 13,52
169.68563216747702,442.35771059137716,Gene 19,52
171.09451785608667,445.076289894343,Gene 19,52
168.5389535519701,432.82280419592377,Gene 19,52
166.89213916696684,439.4794235311614,Gene 19,52
165.9814691653678,439.51819132900806,Gene 26,52
168.18818129296247,445.71417665292165,Gene 26,52
167.5272945209047,448.41534471983096,Gene 26,52
168.1935741954927,448.3964079518674,Gene 26,52
167.93343729780653,437.41570783717856,Gene 26,52
167.56136288757193,446.1105876485933,Gene 26,52
168.33961649224636,438.45005412765664,Gene 27,52
167.54909103575687,433.5807616160316,Gene 27,52
169.34837998298582,447.0844760739428,Gene 27,52
166.5138251194385,435.2106186861576,Gene 27,52
171.59811347033258,442.3282543116467,Gene 27,52
170.7654835760336,438.1187049958946,Gene 27,52
171.58331703649947,440.3942541938124,Gene 27,52
167.78753234817418,434.4883737410342,Gene 28,52
166.83060948063428,436.524643066923,Gene 28,52
169.76708376108218,433.9890319944477,Gene 28,52
166.15259065091374,444.8215627198413,Gene 28,52
168.63012373632475,448.6679701793141,Gene 28,52
168.93701102259374,444.3596543086712,Gene 28,52
166.58944431862085,437.68531880417925,Gene 29,52
167.9920882198764,442.8486292034771,Gene 29,52
169.71236384269565,438.04956052264566,Gene 29,52
168.54289507392383,434.1503458346398,Gene 29,52
167.5328396453455,447.9094817798451,Gene 30,52
171.08401420161118,442.0803381466259,Gene 31,52
166.822662855521,442.82754498972395,Gene 31,52
169.37043104780122,436.45999260019966,Gene 32,52
170.9094148345168,436.3139561368851,Gene 32,52
170.82564860414323,442.8196588629644,Gene 32,52
169.46837289949917,448.6568011408745,Gene 32,52
168.37746964226918,434.5632637617709,Gene 33,52
169.75138424337678,445.9894583669603,Gene 37,52
167.6262630381276,441.8069109735059,Gene 37,52
170.84569760863192,440.45250956228926,Gene 40,52
168.9404839841336,445.18914216954914,Gene 49,52
181.11721768485455,434.249980982918,Gene 4,53
179.32509211343137,447.57462333129814,Gene 5,53
178.48163822608916,432.36674115879003,Gene 19,53
177.62439029718968,444.99374410951,Gene 19,53
180.74536497112172,443.08896784786816,Gene 22,53
181.59416883559433,437.66211490418357,Gene 22,53
178.1857989042041,444.4675190597844,Gene 26,53
177.28442323125182,435.79361923574777,Gene 26,53
177.41228171249836,439.73956007422163,Gene 26,53
179.4025963192219,431.1284473408709,Gene 26,53
177.37406626257606,435.6340203657853,Gene 26,53
179.7465983315763,439.8073198259645,Gene 26,53
180.46276416476536,442.28488167593963,Gene 26,53
181.6465366962377,436.6430635047057,Gene 27,53
180.63226510885838,433.09846589551734,Gene 27,53
178.13245780870068,445.2463583801805,Gene 27,53
176.2972401841899,438.23529477833034,Gene 27,53
177.8371207422411,438.95714882653857,Gene 27,53
178.04553135860016,440.7891348712503,Gene 28,53
179.3953888992891,436.3280749909391,Gene 28,53
179.27060389835336,432.3248244448793,Gene 28,53
180.58806053148135,445.36483726396716,Gene 28,53
181.17643020171556,440.8339258042596,Gene 28,53
180.56870788070253,447.6517838512786,Gene 28,53
177.25078021159035,436.7403614406472,Gene 28,53
178.50323445536236,446.5509750417216,Gene 29,53
176.4206110123055,439.4468735826964,Gene 29,53
178.38568444114557,445.99992536144913,Gene 30,53
180.89438538272688,435.3341646163791,Gene 30,53
176.29331983040936,437.21824318970937,Gene 30,53
177.86475268141768,441.1905519250263,Gene 30,53
179.78196743900548,440.8159355484713,Gene 30,53
181.82050767938767,442.55141738902887,Gene 31,53
177.72690497009776,435.38632184925825,Gene 32,53
179.4380449358461,446.74510125004014,Gene 32,53
180.9832759437034,440.6455207109987,Gene 32,53
177.55810200782926,435.288159300974,Gene 37,53
181.0970341222269,434.0377782412437,Gene 37,53
190.18456811403053,436.6324204341484,Gene 4,54
185.0402421734093,440.314904361036,Gene 5,54
192.12556791394655,442.6601496754566,Gene 13,54
187.73374540768137,443.80450637554634,Gene 16,54
188.1651505683547,448.3259457427701,Gene 19,54
190.26232375745383,446.7203342428617,Gene 19,54
191.05752788469175,445.3741078588615,Gene 22,54
190.88086704975436,440.88809181494065,Gene 22,54
189.8041984987518,440.44103104181346,Gene 26,54
192.0169215380425,445.12783531120766,Gene 26,54
192.02628981537168,443.01767107917976,Gene 26,54
191.61946122046368,447.8747331156144,Gene 26,54
187.70305568804417,446.4091774337689,Gene 26,54
190.1630843205986,445.3141142133749,Gene 26,54
190.84391812552087,437.5183473671232,Gene 26,54
187.82709979322,438.60863014972114,Gene 26,54
189.06361537232036,447.02639616960556,Gene 27,54
186.8303041169749,441.09845568523883,Gene 27,54
192.18215417266455,442.81550203070145,Gene 27,54
189.02983384001217,448.4801775505528,Gene 27,54
191.07909624440947,448.86877527623597,Gene 27,54
187.68687999212298,437.8875452331513,Gene 27,54
188.92227126745277,434.91412478342124,Gene 27,54
191.55743398007994,439.01476881675234,Gene 27,54
190.60683831296254,446.657202174754,Gene 28,54
185.28877351819577,443.0561693523461,Gene 28,54
188.87589099174465,437.0165766451288,Gene 28,54
191.2154424988351,437.13080276903287,Gene 28,54
186.11875971774654,442.0046394152858,Gene 29,54
193.03268090797303,442.16611382645743,Gene 29,54
190.9270727947771,443.6091929164204,Gene 29,54
189.58777650612538,448.81887031607,Gene 29,54
191.8349369399599,439.67983608395895,Gene 29,54
185.97747384325874,443.65796256374927,Gene 29,54
187.00011502187672,440.49029613860876,Gene 29,54
188.52450253952017,436.90712931691905,Gene 29,54
188.44153633051334,437.9339505335893,Gene 31,54
191.13339968156336,438.33002499870855,Gene 31,54
190.18974580394587,439.3890450540742,Gene 32,54
190.7181746205844,447.11662447070137,Gene 32,54
188.54984274977758,449.44216204500884,Gene 32,54
190.73732183702208,436.5051637473608,Gene 32,54
192.24888949622544,440.0101657768965,Gene 32,54
191.735488538636,448.01722612599366,Gene 32,54
192.50092579716573,445.08024104820004,Gene 32,54
186.46776214587666,444.02485067286955,Gene 32,54
191.30157399509716,449.7762447538675,Gene 32,54
187.70801520096379,436.0078693865845,Gene 33,54
186.45794519478858,443.4915756231806,Gene 36,54
187.4756701175537,447.881733302078,Gene 36,54
191.18907619455535,446.71307884446105,Gene 37,54
192.53056626325116,446.0709730567746,Gene 37,54
185.42088058566762,441.1454514406446,Gene 37,54
187.19576072798827,448.86987876179234,Gene 40,54
195.04946654681092,429.83951694812947,Gene 4,55
195.24211040702124,433.6304254230351,Gene 4,55
195.31740354189415,439.460222922063,Gene 16,55
195.20271618888745,442.5079680585963,Gene 19,55
195.22446766630992,437.5502111685416,Gene 19,55
194.91325398307862,430.1000031503833,Gene 22,55
195.36750468077693,440.4064720104643,Gene 22,55
195.11419239590685,446.0224002285681,Gene 26,55
195.24248374866443,431.84571771328825,Gene 26,55
195.19448366861621,428.5013340804108,Gene 26,55
194.76772485813743,428.05305659136866,Gene 26,55
195.19342561306408,427.254184144251,Gene 26,55
194.9381257186432,442.66127002867137,Gene 26,55
194.8548167652652,428.9153444057896,Gene 26,55
195.30700825011868,443.30727985868674,Gene 26,55
194.90121863360855,442.79132270412066,Gene 26,55
195.09836370661864,440.5984114698909,Gene 26,55
194.90925054880302,444.41801160477246,Gene 26,55
195.03755460157555,431.25657633815007,Gene 27,55
195.18837901378984,431.1752756068251,Gene 27,55
194.91838423695378,428.6375392339113,Gene 27,55
194.6089849237198,442.35101017239236,Gene 27,55
194.7094578368885,429.8820439582389,Gene 27,55
194.61784802202973,437.2243147515328,Gene 27,55
195.08785235045252,430.1595450181596,Gene 27,55
194.73280454003117,431.92860486644264,Gene 28,55
195.18837670556024,440.851510239083,Gene 28,55
194.6488337619279,440.2006475075651,Gene 28,55
195.34321080070302,433.2234552168544,Gene 28,55
195.25643885732774,431.30362643670816,Gene 29,55
194.77711682680706,430.49196607945197,Gene 29,55
195.30947955251602,441.0589578096693,Gene 29,55
195.23703638591078,431.7257736387874,Gene 29,55
195.27797685492155,435.1961990354878,Gene 29,55
195.0837283487806,444.5748224852112,Gene 29,55
195.08046751647944,443.45825849195063,Gene 29,55
195.24052917696199,432.8296921319862,Gene 29,55
195.1782311196989,439.4893576145841,Gene 29,55
194.9565169592595,448.100794808613,Gene 29,55
195.1680104905132,428.80031214640815,Gene 30,55
194.743000574791,434.09175214899915,Gene 30,55
195.22391566779257,444.1194772784941,Gene 30,55
194.84246485343024,428.2802617844774,Gene 31,55
195.2074916356175,434.0787949145946,Gene 31,55
195.08901610903703,446.8307850746133,Gene 31,55
195.15274144741443,443.52716003385285,Gene 31,55
194.79427131226734,430.247767241396,Gene 32,55
195.2951605042479,437.7377841097885,Gene 32,55
195.23589416195134,434.487894476007,Gene 32,55
194.63706757128162,432.45120067155494,Gene 33,55
194.9232006176496,444.54842378069895,Gene 33,55
195.21380789109224,432.2470385398761,Gene 36,55
194.81287162208122,443.19285064187807,Gene 37,55
194.77678065225115,444.6631216612273,Gene 37,55
194.6936643971709,440.6687403762634,Gene 37,55
111.63257562940893,447.3859324261135,Gene 4,56
112.58151769318431,453.75581948096584,Gene 4,56
111.01568071449974,458.5415536424348,Gene 5,56
112.97835191028115,452.620532117783,Gene 13,56
114.01335584442079,453.5583453196688,Gene 16,56
106.55949280970499,456.55475480982005,Gene 19,56
107.44574487545898,453.9918969078219,Gene 19,56
111.71921644037373,448.7378100209772,Gene 22,56
110.72381999205884,457.54039675599256,Gene 26,56
108.45376469567128,451.6491573513266,Gene 26,56
109.5206557067899,446.75371808869096,Gene 26,56
110.74077177910961,451.6157217407429,Gene 26,56
108.53590308280765,457.56664954357944,Gene 26,56
112.63939623232648,457.976613767117,Gene 26,56
107.82259817320248,448.58016209441377,Gene 26,56
112.73802528199317,454.8992549975635,Gene 26,56
106.23716233717298,455.2266603604412,Gene 26,56
108.99675710816982,446.22454155207134,Gene 26,56
106.5834981980461,450.90707985745064,Gene 26,56
107.8030391887742,450.34476233306935,Gene 27,56
107.55002132264995,455.38535546649854,Gene 27,56
110.5622044517017,449.48234160850393,Gene 27,56
108.73209938731333,457.12971679252894,Gene 27,56
108.64229999563776,450.0296376941675,Gene 27,56
107.86048463078787,448.1470651761637,Gene 27,56
108.83792960488081,455.4208846772807,Gene 27,56
110.78783237565776,447.49306249993305,Gene 28,56
108.15852224664872,450.26538097597825,Gene 28,56
107.67173860596607,449.81798272658233,Gene 28,56
114.24005950109066,452.93568822791747,Gene 28,56
114.52457634475277,451.9575578655774,Gene 28,56
112.73788471653448,447.5803721227486,Gene 28,56
112.62097227959535,449.37720374089287,Gene 29,56
109.53470091899094,457.2739689010802,Gene 29,56
107.0820657820692,448.7047468641155,Gene 29,56
113.4088384105197,450.3638966817693,Gene 29,56
113.35732262288876,449.4309963963412,Gene 29,56
109.21503361136728,456.74856932243046,Gene 29,56
113.39894820806815,452.9119310571892,Gene 29,56
108.4447671215697,457.29420407329127,Gene 29,56
105.52950870155567,450.69859733876496,Gene 29,56
109.25306431195521,459.248506571661,Gene 30,56
111.84086006754185,447.86736292508533,Gene 30,56
112.75334062292465,456.1709833796838,Gene 30,56
113.8960331830448,450.0260887040581,Gene 30,56
108.8739001222792,458.4391804911448,Gene 30,56
107.06411043087431,453.06945970302166,Gene 30,56
106.58983962423306,450.1277981579512,Gene 31,56
109.53396254171858,457.43632188918644,Gene 31,56
108.59114206874703,456.91141631435823,Gene 31,56
107.49677518826115,453.26018399675917,Gene 31,56
109.9709088861912,455.10068876729963,Gene 32,56
111.58463539509795,449.13138452375745,Gene 32,56
108.68727236806986,457.465241851042,Gene 36,56
110.82856173728491,448.6993978718318,Gene 37,56
107.4532154788774,457.6557641850413,Gene 37,56
112.7814956778022,456.5133059521937,Gene 37,56
110.64793231398328,457.08414208548027,Gene 37,56
115.49387044110101,457.07923292045643,Gene 13,57
115.50037660142539,460.69998174996033,Gene 22,57
115.47393995756255,445.63240751139756,Gene 26,57
115.51168517044782,443.5370327828107,Gene 26,57
115.47179798169321,448.28135764793984,Gene 26,57
115.50720197803707,459.8316057921996,Gene 26,57
115.5702386443684,447.0794003821658,Gene 26,57
115.561154502718,451.7294117810669,Gene 26,57
115.5591688365384,455.53440690894433,Gene 26,57
115.5049059849717,440.1994983598119,Gene 26,57
115.52511615908594,459.51995174364566,Gene 26,57
115.5294578666373,445.6844383423107,Gene 26,57
115.54836469672269,455.8005376594822,Gene 26,57
115.49002271974919,456.50454349359507,Gene 27,57
115.55879416837402,454.07436366810316,Gene 27,57
115.47083256215173,448.84785355083625,Gene 27,57
115.47423711480118,453.6862133081708,Gene 27,57
115.45790494296794,454.8166161969891,Gene 27,57
115.5498113644791,442.5215459095713,Gene 27,57
115.55262059473722,451.598341330269,Gene 27,57
115.56759811901667,447.78666765517875,Gene 27,57
115.46584077415567,456.3342418541394,Gene 27,57
115.56414210951647,452.0597892886033,Gene 28,57
115.54245788196349,442.4143592838859,Gene 28,57
115.45146287817384,448.9338686811232,Gene 28,57
115.47424081507457,454.6606162523955,Gene 28,57
115.53642510020367,445.7077613271211,Gene 28,57
115.51164583641417,458.75251391406226,Gene 28,57
115.56112392517426,451.83443286970214,Gene 29,57
115.49962120383042,458.61250007418244,Gene 29,57
115.47376413263365,447.3441320356351,Gene 29,57
115.52555709820383,459.1752685987973,Gene 29,57
115.52330253945627,459.6873787477938,Gene 29,57
115.56738785511479,456.19178439031936,Gene 29,57
115.50568492107541,458.1554239681693,Gene 30,57
115.57350916221526,454.30424937933907,Gene 30,57
115.55611646706075,457.9291494447312,Gene 30,57
115.51430703852452,440.8794823171669,Gene 31,57
115.52329979846519,446.2009023259246,Gene 31,57
115.55398318964333,444.10298465350104,Gene 31,57
115.53119280259833,448.34615213735157,Gene 31,57
115.57760764673432,450.40822972583385,Gene 32,57
115.4885610042705,452.9966681789076,Gene 32,57
115.55891556175344,454.45645609815597,Gene 37,57
115.51667411939972,441.61188652459475,Gene 37,57
115.5281115292651,461.49589982370634,Gene 37,57
115.5682092065866,447.5279399639658,Gene 37,57
115.50298010899616,445.5488883788991,Gene 37,57
115.55834614994082,453.32074669895735,Gene 49,57
127.02031298343869,441.7187520533318,Gene 5,58
127.6764264766362,446.11295198849547,Gene 13,58
127.33630464469043,454.3234264105439,Gene 22,58
126.27479994665075,442.99203806627014,Gene 26,58
125.90837807346384,451.1049610052089,Gene 26,58
127.24291631656237,451.0985202986015,Gene 26,58
125.65555904419152,448.89571190077834,Gene 26,58
126.32282753402217,458.8013711226607,Gene 26,58
126.18085451722165,444.18266375116133,Gene 26,58
127.34910671171913,441.50258508560927,Gene 26,58
126.65807866241073,439.1127651457667,Gene 26,58
126.40946644221592,439.60993522199675,Gene 26,58
127.22535711351999,454.2895758526904,Gene 26,58
125.97058116983072,440.0531767448837,Gene 27,58
126.2562311239619,458.04806780750386,Gene 27,58
125.9638013725334,438.8542575458457,Gene 27,58
126.97965096056576,458.04191092112455,Gene 27,58
125.45388096845998,452.74396285502866,Gene 27,58
125.99138456775697,453.80060157604515,Gene 27,58
125.94329417104132,443.4241409542478,Gene 27,58
125.81434058039247,441.5149180730377,Gene 27,58
126.63970257622536,453.796146097724,Gene 27,58
125.89238875633612,440.26147783763076,Gene 27,58
127.49027055164981,451.98236827317726,Gene 27,58
125.90040727857708,440.0980538784093,Gene 27,58
126.77036776931206,438.3994817421937,Gene 27,58
127.1859296589347,455.9099993577245,Gene 28,58
126.19387860925137,441.2328241914426,Gene 28,58
126.12642114601036,450.41555870818553,Gene 28,58
127.3635352211777,443.887604310812,Gene 28,58
125.56470257810122,452.4262713937804,Gene 28,58
127.45842273170945,453.5468757757651,Gene 29,58
127.13449196170991,447.46385885800487,Gene 29,58
126.96659330036336,451.981013261288,Gene 29,58
126.55012514956576,459.2722732206175,Gene 29,58
126.73542071563372,455.48311927110666,Gene 29,58
127.16066212461938,449.16558210622816,Gene 29,58
125.78378759585503,445.65246462005894,Gene 29,58
127.61324722363197,449.5478204387273,Gene 30,58
125.83004871779302,453.41471014086545,Gene 30,58
127.21446927796238,441.9918359705226,Gene 30,58
125.77627273411815,443.3289933797904,Gene 30,58
127.22510031110454,451.6331543914035,Gene 31,58
127.09604677178305,445.2802017064597,Gene 31,58
127.37170546640763,444.10360665390175,Gene 31,58
126.93707008419521,445.1650598259633,Gene 31,58
126.47013468328566,459.53483200105546,Gene 31,58
127.78001425273204,450.0854911421807,Gene 31,58
126.86586278442857,441.69304141495087,Gene 32,58
127.33162571682205,454.2697117123753,Gene 32,58
126.57918968542704,438.90693756601587,Gene 32,58
126.17386642423777,453.9449923704806,Gene 32,58
125.67370242597757,445.6408183886444,Gene 32,58
125.82991836112508,442.52208270348325,Gene 32,58
125.60359076418736,451.87952940461605,Gene 32,58
127.73714850800131,451.17433134034434,Gene 32,58
126.73513973899624,457.9580671657493,Gene 33,58
125.73126564131721,447.31170813071964,Gene 33,58
126.77346501545827,446.7440010078444,Gene 37,58
127.00689224374923,454.7785486833581,Gene 37,58
126.40210022747651,456.82079407046604,Gene 37,58
126.29481466618829,454.99775144792017,Gene 37,58
133.07271519835075,447.67860321544384,Gene 4,59
131.93617921570652,446.8774475065641,Gene 13,59
134.2317072939518,448.5017919289397,Gene 19,59
132.29696048858432,450.18032680664766,Gene 19,59
127.59561900693747,450.4130086233712,Gene 22,59
133.11411915284927,447.28760782184264,Gene 26,59
127.36762183064079,447.64767303533404,Gene 26,59
134.39067185368165,452.24151933673346,Gene 26,59
134.26132617721146,453.57719720711145,Gene 26,59
134.02492341306098,453.87741079464683,Gene 26,59
126.10320231495092,451.3076817676391,Gene 26,59
134.69870576384506,454.16880780340153,Gene 26,59
129.40729334924643,448.3611663277325,Gene 26,59
136.46305149586715,451.5009842259711,Gene 26,59
132.10800009344305,447.1873116323514,Gene 27,59
136.23214383532192,452.24138370312295,Gene 27,59
130.90074240722174,455.3556192141949,Gene 27,59
127.06691060971532,451.77930051884096,Gene 27,59
131.95350282901776,447.24203600279776,Gene 27,59
130.7071970361048,452.8736450545948,Gene 27,59
135.39744498749926,452.04699928602537,Gene 27,59
134.610112129849,450.85890914979876,Gene 27,59
133.4813673764896,451.32917726685724,Gene 28,59
127.30275134834328,448.7278569641868,Gene 28,59
130.56297571641522,455.30590543357715,Gene 28,59
127.63670965874721,452.7908603233641,Gene 28,59
131.88279430601006,449.0188816205533,Gene 28,59
130.1710504094036,454.0023511335335,Gene 28,59
133.6135675549594,447.65637467967537,Gene 29,59
135.86884304304004,452.80511310226535,Gene 29,59
126.91368325115579,447.849970291009,Gene 29,59
133.35716938092213,453.8640017067661,Gene 29,59
130.98477181233943,452.61195736198874,Gene 29,59
135.61337406285008,454.8101692688749,Gene 29,59
130.6753586451567,447.8216210652673,Gene 29,59
126.33116811294359,450.61530877425554,Gene 29,59
127.53161920902852,448.3310317251682,Gene 30,59
134.02531524970135,453.6954488172636,Gene 31,59
126.43999841961832,448.3670961850193,Gene 31,59
127.37086511770244,447.8556231904116,Gene 31,59
128.5795185897248,447.8826271963907,Gene 32,59
125.75887718185687,453.56541651777303,Gene 32,59
133.6441178497884,450.4390819167694,Gene 32,59
129.69229850805172,454.27043355994505,Gene 32,59
133.92987922029303,453.1007172892856,Gene 32,59
133.67010284718222,453.9973683112972,Gene 32,59
131.93159567882287,447.0203289135214,Gene 32,59
131.93776854258675,448.6946495997743,Gene 32,59
126.69435236323649,448.64257145284824,Gene 33,59
127.94011192811864,452.4743133419996,Gene 33,59
133.14854021343447,450.9289800481978,Gene 34,59
132.30919129329274,454.60846206666776,Gene 35,59
127.6272086950131,452.9021819558953,Gene 37,59
145.13111974602987,452.1893588136424,Gene 4,60
146.06870725031746,441.71719844275395,Gene 4,60
145.59481127982198,442.4151743290378,Gene 19,60
144.06814685967302,439.2422016499109,Gene 19,60
143.24101755660038,442.3337143281663,Gene 19,60
147.04356073374026,442.26864689228984,Gene 22,60
144.6197182007481,442.6463750617844,Gene 26,60
144.3604478380513,450.57977849485513,Gene 26,60
145.6543481838998,451.56575252829555,Gene 26,60
146.01236898113137,454.5255653358089,Gene 26,60
144.18293430349632,440.8570598837177,Gene 26,60
144.41534362027173,440.35207586643605,Gene 26,60
143.45997825297175,444.0971112188666,Gene 26,60
144.68499336689504,440.1366893118265,Gene 27,60
146.95909913535797,446.183989130619,Gene 27,60
147.01262169950428,443.50471662798145,Gene 27,60
144.33778735738304,453.50415721429454,Gene 27,60
144.70721603774976,440.98376753698335,Gene 27,60
144.92960765958657,452.38931800079763,Gene 27,60
145.67161519211245,449.3911820552874,Gene 27,60
143.96911885934654,447.48645638403866,Gene 27,60
146.54107795158387,447.24983390125334,Gene 28,60
146.56110608227192,439.4700336083077,Gene 28,60
144.98608121486802,441.58248899882886,Gene 28,60
146.099350546086,443.1800101629193,Gene 28,60
147.2276695009754,447.184885669102,Gene 28,60
145.14339210325417,451.7579152527109,Gene 29,60
144.51637893947145,439.1963816507495,Gene 29,60
144.8391911621902,452.68021532560545,Gene 29,60
145.5742519698515,443.35643189670947,Gene 29,60
147.24574598001757,444.9400985398223,Gene 29,60
146.5799994215077,447.3981259505487,Gene 29,60
144.0611461607522,446.80075350516177,Gene 29,60
143.56283885342236,452.87534142157983,Gene 30,60
146.1808548933315,447.2210578496334,Gene 30,60
145.18525463121523,452.18443042239466,Gene 30,60
145.67213871607188,438.52428301560457,Gene 31,60
143.75865230842732,452.2199744360994,Gene 32,60
144.85046727404574,452.6900821009237,Gene 32,60
145.11445637804047,456.3917175352542,Gene 32,60
146.32067592958765,449.4014079750636,Gene 32,60
144.26167687325508,439.33752485472473,Gene 33,60
143.35415788704591,444.29671633233005,Gene 37,60
146.1875115972845,449.3434461322616,Gene 37,60
143.91172497491817,440.3000515773663,Gene 37,60
145.8480768442811,442.2909588905351,Gene 40,60
155.9843439035052,445.6498708401638,Gene 5,61
154.88240929848757,440.0861136756484,Gene 19,61
155.22460631854088,438.10127759116125,Gene 19,61
154.6318662345515,454.0630861750091,Gene 19,61
154.15969952023505,451.07792616073084,Gene 22,61
154.98872455659134,458.15565865159255,Gene 22,61
155.3031718502336,457.2259298693616,Gene 26,61
154.80036725278418,439.823835576648,Gene 26,61
154.36987481146707,449.74804269511964,Gene 26,61
154.62965125923378,438.84600999384674,Gene 26,61
154.9987191378196,438.4866363582603,Gene 27,61
154.97344379613534,457.49812494133386,Gene 27,61
155.66414849103242,456.75039226040406,Gene 27,61
155.9497509750496,449.48410753332126,Gene 27,61
156.25737974641297,448.1976779567575,Gene 27,61
154.8599895591147,440.345594142991,Gene 27,61
155.34254373422124,437.75785903821526,Gene 27,61
154.82775680405024,458.01877573239733,Gene 27,61
156.1157762109871,443.7849627572095,Gene 27,61
156.28304006300516,442.62722598479496,Gene 27,61
156.15715792370892,443.45829572233504,Gene 27,61
154.87402063998312,439.51519287565276,Gene 27,61
155.79978995150447,447.3148702870007,Gene 28,61
154.60018766861637,442.54913960494605,Gene 28,61
154.5128824774621,440.7776304415453,Gene 29,61
156.0488841689814,450.4399975778047,Gene 29,61
155.42216608110368,452.80497644932603,Gene 29,61
156.3016727452305,448.36936257222555,Gene 30,61
156.11841733151041,450.46483752352947,Gene 30,61
154.68739876450942,439.9911392399871,Gene 30,61
155.70489911486663,449.64002101495316,Gene 30,61
155.90760692538035,455.0207944083559,Gene 30,61
155.63585309290426,454.00663970563335,Gene 30,61
154.75834526696397,440.90358585077905,Gene 31,61
154.2805924407667,456.37563451192796,Gene 31,61
154.0447052880772,449.82441001554133,Gene 31,61
155.89356776832398,455.3740839605937,Gene 32,61
155.50164014487626,440.0449254902261,Gene 32,61
155.64475734413998,440.6811480726745,Gene 32,61
154.5588967260995,455.655454231897,Gene 32,61
154.17370318799314,447.0932987295135,Gene 32,61
154.03601714619123,449.65299377038633,Gene 32,61
155.08632652682084,457.73814606795264,Gene 32,61
154.79595658729414,442.95486753375167,Gene 37,61
154.53028855268118,453.6141928371756,Gene 37,61
163.09408453437274,447.05187603337816,Gene 5,62
163.008502578908,445.581722839034,Gene 5,62
164.44046777063068,456.89296622649124,Gene 5,62
163.40823855151544,443.41024311148453,Gene 16,62
164.93692819744103,443.94231862244,Gene 19,62
162.27518023196401,453.52083486828917,Gene 19,62
162.64282172840578,455.64127110648946,Gene 22,62
164.66284115230232,443.80081832156384,Gene 22,62
165.275802149939,452.1853268705849,Gene 26,62
165.35299444984454,451.88009164779413,Gene 26,62
162.1375109466148,449.66183901433624,Gene 26,62
161.95208200677766,448.2933742556927,Gene 26,62
162.88085959554883,451.81248005511526,Gene 26,62
165.2211278721088,452.63467401750387,Gene 26,62
162.13983673060835,455.3085585281381,Gene 27,62
166.88138716147623,449.67948533021547,Gene 27,62
164.06090160238517,450.9013544540339,Gene 27,62
164.25990476854844,444.86756569991445,Gene 27,62
165.7501789025489,449.6633397186123,Gene 27,62
162.6754535986709,453.3064904604057,Gene 28,62
166.80544769730352,453.9905296954704,Gene 28,62
163.77792172523016,443.56709700312655,Gene 29,62
165.26444274194077,458.1805401254878,Gene 29,62
163.90355450009926,445.37063272343084,Gene 29,62
164.48802590532628,442.44209678703913,Gene 29,62
162.18755369245744,448.38463151956444,Gene 29,62
166.3118740566178,455.9386495300131,Gene 29,62
165.78547350380023,445.35225597071434,Gene 29,62
166.18389956747913,451.4076737523231,Gene 30,62
162.22459530960234,449.00321517718504,Gene 30,62
164.55222260626604,458.44492488696966,Gene 30,62
165.1948689980496,455.98930800288974,Gene 30,62
164.85787722177304,443.93269224405185,Gene 31,62
162.09812923937258,449.63125983422884,Gene 31,62
164.39539366450302,459.37098116385914,Gene 31,62
165.29093809399583,456.39392117159855,Gene 31,62
162.26292789404826,455.08225257747,Gene 32,62
162.76546913532795,453.0602401516085,Gene 32,62
162.48886176047833,454.0819928479171,Gene 32,62
163.53916633314284,447.8294954924297,Gene 32,62
165.75446626945305,457.14337921489994,Gene 32,62
163.73428998727192,454.1566668918569,Gene 32,62
163.45340013656465,452.50313553326964,Gene 32,62
166.0036974598723,445.70493668416225,Gene 32,62
163.4264019142617,459.14225142771187,Gene 32,62
162.50905621762578,449.1431288951648,Gene 32,62
164.90324357380015,455.3187353885644,Gene 37,62
163.88515647119004,457.4013352278824,Gene 37,62
166.8011294753727,446.5550236139506,Gene 37,62
163.34097249857055,443.20581871408973,Gene 37,62
165.41238249811005,452.0111985776615,Gene 37,62
171.89133633911084,448.0543790948286,Gene 4,63
173.26204212174318,459.60801879241075,Gene 5,63
171.07892857045843,455.70544219233443,Gene 16,63
172.723666159467,454.1915628898954,Gene 19,63
173.67895684246565,462.7107995286547,Gene 19,63
172.69636545570222,451.2844452603665,Gene 19,63
172.85764558255232,457.39934660903197,Gene 19,63
172.30078169244024,460.81196952160684,Gene 22,63
176.4905797670286,454.18957346112876,Gene 26,63
171.87871980384298,452.37949659106056,Gene 26,63
174.41816728018443,461.7730796865561,Gene 26,63
172.91413680604265,445.63873600620025,Gene 26,63
175.8345377442665,450.65126189887366,Gene 27,63
175.9979311657994,448.6891611209177,Gene 27,63
171.7399644447851,453.78300769806907,Gene 27,63
174.92145798660204,457.7660395488856,Gene 27,63
174.15336469694432,451.31262136196074,Gene 27,63
175.73637404341417,455.141669882389,Gene 27,63
175.67089624775437,457.1440125643683,Gene 27,63
172.57916777646346,446.6690539274606,Gene 27,63
175.6172643734316,454.85029825971793,Gene 27,63
176.29382633038134,459.1761011670487,Gene 28,63
171.06093290799808,452.69514882209353,Gene 28,63
172.40383029002157,453.8339095138044,Gene 28,63
172.3291395917463,450.27342637246437,Gene 28,63
175.0819112625598,447.27317374207576,Gene 28,63
172.56441739959683,460.38360245677967,Gene 29,63
173.32153940566639,455.39526481575206,Gene 29,63
174.83866774528587,447.81424174743603,Gene 29,63
175.2278976228933,461.8952996115023,Gene 29,63
174.69981683252354,458.3860082997717,Gene 29,63
172.01884307228227,452.898822862595,Gene 29,63
172.0363553779321,451.1071503292159,Gene 29,63
176.8008685617329,454.998789716073,Gene 29,63
175.5006762872571,455.8560893861543,Gene 29,63
172.42044203160194,456.3595774010262,Gene 30,63
174.3560986472681,445.6756393928516,Gene 30,63
175.6541024430755,452.5338482870169,Gene 30,63
174.9610146133666,446.1247298497944,Gene 30,63
176.12479343598542,449.23895448292717,Gene 30,63
171.7689760007871,459.8079417971777,Gene 31,63
172.5907644807726,451.07249243726335,Gene 31,63
173.4733322641757,460.372840607809,Gene 31,63
172.48344100629203,449.3843599098009,Gene 31,63
171.4475060697588,455.76332268468195,Gene 31,63
172.58541713491474,456.9040403468657,Gene 32,63
175.13578238029578,453.4626924742578,Gene 32,63
171.7031623877568,455.63615831773774,Gene 32,63
174.19760173119965,448.07725049357697,Gene 32,63
176.38437426820866,454.05626447645693,Gene 32,63
171.4383013827164,451.2826065999755,Gene 32,63
173.80973076349326,453.33810691848566,Gene 33,63
172.40167202590234,448.06203040991767,Gene 37,63
175.4536411953375,461.1491327616219,Gene 37,63
173.5765762638038,460.6263007756994,Gene 37,63
174.58870714148125,462.4259286066322,Gene 37,63
185.40993822711684,464.11156261163137,Gene 5,64
185.49097903744504,444.7847203728563,Gene 13,64
185.23477509795475,445.91684090999615,Gene 22,64
187.2706206847799,446.8712298784699,Gene 26,64
184.87962671410028,454.4985849210797,Gene 26,64
187.34099127039624,453.51304674301844,Gene 26,64
186.89510318081705,452.22632769646845,Gene 26,64
187.33712578330207,452.22236111950406,Gene 26,64
186.22398137008193,463.1178875369174,Gene 27,64
186.5595838014542,443.83146020453665,Gene 27,64
186.07141789690272,443.7542954612302,Gene 27,64
185.47581499185955,457.35607066586726,Gene 27,64
185.77544451826242,463.78826316543837,Gene 27,64
185.69040982396643,442.35508227033387,Gene 27,64
184.5524226573274,451.2447833166656,Gene 27,64
185.39269904610632,443.8838814673783,Gene 27,64
186.88105468227042,460.47472036201,Gene 27,64
186.98619942738515,454.046619173885,Gene 27,64
185.0583590468501,462.0964392716189,Gene 28,64
185.3353228923238,445.5873197481578,Gene 28,64
186.84198812682845,443.4413678078978,Gene 28,64
186.69678273088604,463.5098572385044,Gene 28,64
185.98242746308574,456.7592827500942,Gene 29,64
186.3435571526352,464.23519291631084,Gene 29,64
187.06631628566348,459.1165597267223,Gene 29,64
185.72896374772975,442.1578540738745,Gene 29,64
186.5118667982047,447.34895421750474,Gene 29,64
185.87332309181033,446.1816219767902,Gene 29,64
185.86139416520763,446.72676141877326,Gene 29,64
186.02299302892334,460.43956700816756,Gene 29,64
184.9030505188651,452.82118425548424,Gene 30,64
186.44763844204078,447.9067171778299,Gene 30,64
186.71862305044834,451.3203696472583,Gene 30,64
184.81966168002646,449.6758465938075,Gene 30,64
186.2132860846849,442.1840800312595,Gene 31,64
186.4052270830043,464.26693064188333,Gene 31,64
185.7742630075593,444.22896974461247,Gene 31,64
186.32508740892723,460.90078672592597,Gene 31,64
185.65015487633542,459.3607199420846,Gene 31,64
186.2075625547312,438.7197633923853,Gene 32,64
185.42078315811116,455.1229970328832,Gene 32,64
186.88689582813083,452.6031494385569,Gene 32,64
186.19683334331586,443.9544777091027,Gene 32,64
186.72081353586847,459.8612073749121,Gene 32,64
185.77639372653186,441.42248021454736,Gene 32,64
184.83908400569857,445.56526545129304,Gene 32,64
185.12867512751004,459.7663039905298,Gene 33,64
186.89300476686176,447.198741300941,Gene 36,64
186.87722760458632,460.75428076745226,Gene 37,64
186.86408094603874,456.90783099344947,Gene 37,64
186.39355689455715,449.03258174681423,Gene 40,64
192.30124212562987,449.99144920318054,Gene 4,65
192.78452052919428,444.5741776622926,Gene 4,65
196.2186001763657,445.9806427018492,Gene 13,65
192.5393776807841,453.4126628900945,Gene 13,65
192.88647646511038,442.734074528998,Gene 19,65
192.04479570150116,446.23384279812853,Gene 19,65
195.09761596363018,448.17925611396,Gene 19,65
195.07745551245318,445.77370848063424,Gene 22,65
192.68088668881282,442.1890107634702,Gene 22,65
193.29010955386102,444.3105487909867,Gene 26,65
192.59795005636954,444.76007545678897,Gene 26,65
192.15674586399,449.6298448902483,Gene 26,65
192.87526226318212,450.88798182501347,Gene 26,65
195.10275527559943,455.26045335235295,Gene 26,65
194.881449149902,451.59066386697236,Gene 26,65
193.80732020062655,455.17617478919357,Gene 26,65
192.57025072437722,444.92958415812114,Gene 27,65
194.08081261798935,443.9918090844054,Gene 27,65
192.9720530586336,441.5547009949373,Gene 27,65
191.59397557393862,451.542090838279,Gene 27,65
194.5517561031128,455.13815468454357,Gene 27,65
194.12533996662847,442.88896862596494,Gene 27,65
194.4256240479741,452.8795797155723,Gene 28,65
192.70075112223725,440.9955071055202,Gene 28,65
192.6171264264991,453.11273218456716,Gene 28,65
195.53474713528715,453.4976453423011,Gene 29,65
195.72725904496525,448.54888224881427,Gene 29,65
193.0137245995266,450.7936907230279,Gene 29,65
195.19500591367688,442.57890853120347,Gene 30,65
194.8996327927399,455.1737888226301,Gene 31,65
193.56024637493417,442.6813039132068,Gene 31,65
195.04533598325085,451.1063004617661,Gene 31,65
194.06324213644064,444.8748727304253,Gene 31,65
191.8912110694442,449.8597822318902,Gene 31,65
192.09696216036357,452.5230707513843,Gene 32,65
192.48666828919633,443.521438802589,Gene 32,65
194.49713855869607,443.8978848488281,Gene 32,65
193.18062110722363,451.6448288560154,Gene 34,65
192.94156324751253,443.0837478494621,Gene 36,65
194.51310239925706,454.4584804161633,Gene 37,65
194.9142617266624,442.5380808476079,Gene 37,65
194.04973014770837,443.1967788590865,Gene 37,65
191.69504758601994,445.564375591071,Gene 37,65
195.332592120587,444.11737728240416,Gene 37,65
193.54512633377354,456.43349726412964,Gene 37,65
195.1804891036849,455.397569503974,Gene 37,65
192.3002637770285,454.8388980380123,Gene 37,65
109.87993297098708,455.4930645604995,Gene 4,66
103.98524330845497,457.19310641266964,Gene 4,66
113.22640284487868,462.1647657795779,Gene 19,66
107.3689840256578,463.1299455350765,Gene 19,66
105.49713447915138,461.89993353386205,Gene 19,66
109.2676197249952,463.2670492451907,Gene 26,66
106.68352691636393,462.5532848185962,Gene 26,66
114.18686295923797,455.9722588223197,Gene 26,66
111.90852883620853,461.89317123007663,Gene 26,66
107.94048018556344,461.2043817554695,Gene 26,66
114.7029364520675,456.0489306678301,Gene 26,66
108.63225850894852,461.7023362840134,Gene 26,66
108.47636719938973,461.47080691591646,Gene 27,66
111.45104427039263,456.24211309612144,Gene 27,66
112.29375578935993,455.65293404419907,Gene 27,66
108.23348737676031,453.93337428136834,Gene 27,66
110.46049466048024,455.82672275941405,Gene 27,66
106.14461522324845,459.0372864777479,Gene 27,66
106.79474526530066,462.2862957052206,Gene 27,66
111.96423636132592,454.54798190549263,Gene 27,66
105.46340997058995,460.56191376969775,Gene 27,66
113.93858954641036,456.6114868079827,Gene 28,66
106.5617721281399,455.47925210454713,Gene 28,66
104.99092626930612,460.76308781507936,Gene 28,66
112.36346373965726,455.39089514144734,Gene 28,66
114.9518986221225,457.0151009905644,Gene 28,66
114.2879459910084,460.6300271390938,Gene 28,66
109.20095608018082,453.8099902694621,Gene 29,66
109.06977754720208,458.7500514826372,Gene 29,66
115.54354485468701,456.2399399913069,Gene 29,66
111.82543753997203,455.75320298613343,Gene 29,66
113.75002956127915,457.9262309118495,Gene 29,66
113.60298222886885,454.55450752484893,Gene 29,66
104.40495266193177,458.2945212289735,Gene 30,66
105.89289803406622,461.9512116322796,Gene 30,66
110.3066223366435,461.88467470361076,Gene 30,66
108.7852018372913,457.9066449397231,Gene 30,66
112.6336341202459,454.4347973367146,Gene 30,66
115.01134644248432,460.47412968785466,Gene 31,66
106.01531990574813,462.21261152501745,Gene 31,66
105.74910440784097,457.1305314266062,Gene 31,66
108.76624375747897,461.37530440162504,Gene 32,66
110.03772130818668,463.57984470945405,Gene 32,66
106.59364922558107,456.0447663883767,Gene 32,66
107.90816238840749,456.4284280786532,Gene 32,66
105.69447182677673,460.9202151884604,Gene 32,66
107.81227575757474,462.01244196465603,Gene 32,66
104.98097273134053,457.9621820990875,Gene 32,66
111.19022947172907,461.19936107164483,Gene 36,66
114.94341409321082,456.3134117935502,Gene 37,66
112.01641452961987,460.96434077439363,Gene 37,66
112.77941310165085,454.9995543770652,Gene 37,66
122.06433995234708,451.6324403704105,Gene 4,67
121.29985083408624,455.89205905203164,Gene 4,67
121.32082145813618,464.70584440180505,Gene 13,67
122.1805444971387,451.27732180328314,Gene 13,67
122.87843237409756,460.7359834064326,Gene 19,67
121.79917878722928,460.2317676399966,Gene 19,67
121.53971337658949,455.1448427352352,Gene 19,67
121.13330721834492,461.88560039867326,Gene 22,67
121.5806893787405,464.37291695668046,Gene 26,67
122.5550530186666,460.6934822757822,Gene 26,67
122.97258679767702,461.81428637597264,Gene 26,67
121.56204157996208,455.81890146873985,Gene 26,67
121.85988387706708,458.2109168710015,Gene 27,67
122.82357580000733,463.86117559655554,Gene 27,67
122.38909688975116,467.1034615838771,Gene 27,67
122.05887010479557,449.158465117437,Gene 27,67
122.77152844508657,455.3070994839238,Gene 27,67
122.07556848681828,466.2269400515651,Gene 28,67
122.01978154262108,450.77533014812826,Gene 28,67
121.6312230106956,469.1874143582101,Gene 28,67
121.18192444523346,456.4324934915372,Gene 29,67
121.8593394898586,453.5541017644489,Gene 29,67
121.72354630343727,455.113238587755,Gene 29,67
121.68342275841177,456.3026716292014,Gene 29,67
121.31715790820151,461.78975581835596,Gene 29,67
122.15951378862597,453.1741000869815,Gene 29,67
122.64320037624543,467.757033141756,Gene 29,67
122.4866511037428,464.2169192527138,Gene 29,67
121.85991397027419,461.746771567981,Gene 29,67
121.63166279256681,455.7518788540733,Gene 29,67
121.78288780468148,456.83220601583747,Gene 29,67
122.67311032369003,462.82422681885384,Gene 29,67
122.19923761073115,465.1618803698667,Gene 29,67
122.71521006555676,454.20059443442005,Gene 30,67
122.80625107739343,458.2640905149916,Gene 30,67
121.28373643515808,458.4391476933473,Gene 30,67
122.05543594701459,457.7557086586201,Gene 31,67
121.73948369408708,466.1390325500708,Gene 31,67
121.47081575185209,461.6256311866674,Gene 31,67
121.64315012063182,464.1041155791521,Gene 32,67
122.35444467436402,460.1837507248637,Gene 32,67
122.75792764585881,463.0521724332556,Gene 32,67
122.7868793413213,462.4299648849815,Gene 32,67
121.71836622982359,465.7150697979415,Gene 32,67
122.00798896787413,454.04288373787347,Gene 32,67
121.65878039367722,452.3697152792563,Gene 32,67
122.26824977451066,463.3887828828932,Gene 32,67
121.97443735105924,457.0388709079305,Gene 36,67
122.89863800021895,461.56449953837284,Gene 37,67
121.65102367435547,466.83999244916674,Gene 37,67
121.14568314883206,456.59161379029945,Gene 37,67
122.52926867298831,467.7252330887597,Gene 37,67
121.52792579499314,451.5219860677533,Gene 37,67
122.20433724338018,467.1578942562271,Gene 37,67
133.2660605741202,467.6278644540685,Gene 22,68
129.95111201705808,459.93546772052196,Gene 26,68
131.53629914430013,454.388336360366,Gene 26,68
130.695486681286,456.07500377202376,Gene 26,68
133.68528252540818,468.9601529950036,Gene 26,68
131.50665240650747,454.47969236373103,Gene 26,68
131.61189907260416,467.42693879522216,Gene 26,68
130.9016295797379,466.28074876978053,Gene 27,68
132.44774264206345,453.82599879704816,Gene 27,68
134.76856449920209,463.71541343009403,Gene 27,68
133.10348716431483,468.8787943741248,Gene 27,68
131.18371343808852,467.76795603260473,Gene 27,68
131.15517078758873,462.52878788660996,Gene 27,68
133.8725010260458,462.3131298641907,Gene 28,68
130.43128398124696,466.91926498238826,Gene 28,68
132.82691530910597,458.519653463823,Gene 28,68
130.8444961644921,466.97217200438104,Gene 28,68
132.10300951925203,456.5375437911797,Gene 28,68
133.90324101589576,458.8236146231726,Gene 28,68
131.10313220202266,457.2197974706593,Gene 28,68
130.9813266766493,464.76683586291756,Gene 29,68
134.74197669882378,463.4318611709982,Gene 29,68
132.4030906041823,466.4953592880744,Gene 29,68
134.647314319346,458.0968824407123,Gene 29,68
134.04916129875284,462.47761982799324,Gene 29,68
134.51060050287282,455.0135382519466,Gene 29,68
133.28949618949343,453.8039876204313,Gene 29,68
130.39068063511417,461.53479283223055,Gene 29,68
134.22576431143528,460.9099059307271,Gene 30,68
134.2375951853961,466.1660520036518,Gene 30,68
133.36597217417102,458.30578696788496,Gene 30,68
130.73231523779822,460.85177752357924,Gene 30,68
132.23675153012584,467.0399946779226,Gene 30,68
134.22688612192817,462.56263062008446,Gene 31,68
133.93348309151216,457.81360966372,Gene 31,68
130.99782695910406,466.3135676901626,Gene 31,68
134.2602678463841,457.22701754746646,Gene 31,68
133.61067040043798,461.35381281327784,Gene 32,68
134.62314051539502,463.640698916406,Gene 32,68
133.16133412974852,468.4975503340069,Gene 32,68
133.19496329099914,457.0473777846382,Gene 32,68
132.35382398571522,468.63866895804796,Gene 32,68
133.92838097036974,462.09708682882984,Gene 33,68
133.33026788356028,462.43353046812996,Gene 33,68
130.31367620797246,465.70029950187615,Gene 37,68
132.08271827233742,460.54863191768425,Gene 4,69
137.60508348519872,455.72091797549047,Gene 19,69
140.30643433965793,455.6674378130639,Gene 22,69
137.4164153909268,457.0739676418059,Gene 22,69
138.62527967360532,454.61046694061184,Gene 22,69
138.7393556301024,455.94903147889346,Gene 26,69
139.73277585799107,463.5039641563572,Gene 26,69
136.14014810734184,455.9762983747223,Gene 26,69
136.7113308453207,462.0014260330356,Gene 26,69
140.57286288008103,460.8545233244233,Gene 26,69
135.61993709043315,459.962695341153,Gene 26,69
136.53821815103493,462.471953876878,Gene 26,69
135.34155367962902,461.2792018035048,Gene 26,69
134.7934980867864,457.9186482379143,Gene 27,69
133.19423751611643,457.40427236515933,Gene 27,69
134.9644867931714,462.2317497790066,Gene 27,69
131.52945979471951,459.52805982045413,Gene 27,69
139.720298410186,461.7137320416314,Gene 27,69
133.41766298789366,455.3337863064869,Gene 27,69
141.17254315560186,460.97698003659895,Gene 28,69
135.25908737391003,462.1172876619178,Gene 28,69
140.44626099727265,455.5483965489922,Gene 28,69
135.1167742833885,455.12422801855996,Gene 28,69
139.65341334364234,462.107394285253,Gene 28,69
141.46087642824597,459.93857323100735,Gene 28,69
138.6135135706125,462.48866723896117,Gene 28,69
140.5582686620857,455.51914767628523,Gene 28,69
133.0829916037172,459.8732958106022,Gene 29,69
140.92313700457785,455.4029132415002,Gene 29,69
141.23309415505324,458.76701258018477,Gene 29,69
140.7203193356312,461.33782715377515,Gene 29,69
142.27418725717175,461.27479250525926,Gene 29,69
131.56070754052033,459.96717590560127,Gene 29,69
134.42514295336875,455.5577841526014,Gene 30,69
132.6679642436296,462.17527588865494,Gene 30,69
137.83683746355416,463.33641572690055,Gene 30,69
134.07965237580908,460.33300895018107,Gene 31,69
140.9003361616047,456.3923589694965,Gene 31,69
141.22221944391052,455.91438530872813,Gene 32,69
135.4487708057444,462.49995306257824,Gene 32,69
136.1565355483505,462.5425982456012,Gene 32,69
133.9811726872302,457.9244888506176,Gene 32,69
132.49433680615667,459.59956264210064,Gene 32,69
133.46213359867758,459.7828866263221,Gene 32,69
132.85689643275262,456.3435015399371,Gene 32,69
141.5339263480665,456.732487123907,Gene 33,69
136.16276129872486,461.4208757584373,Gene 37,69
133.69988530125326,461.31590956508614,Gene 38,69
134.0842408828958,463.17628359246623,Gene 38,69
134.27411715271265,456.81097845683485,Gene 40,69
145.85302318615268,463.045866553095,Gene 4,70
146.45476700800552,456.6789607269949,Gene 4,70
146.29791495056284,462.9004521427202,Gene 13,70
146.25138457540632,470.1229845573239,Gene 13,70
146.06419465029617,470.0303636827827,Gene 19,70
146.0420294163734,452.75323784010806,Gene 19,70
145.85664921590202,465.1901203487312,Gene 26,70
146.38899614842492,469.7147544111341,Gene 26,70
146.0702215378198,466.4568645379344,Gene 26,70
146.08384683438123,456.2291024522624,Gene 26,70
146.36147354214827,467.4061325237638,Gene 26,70
146.1865884253236,471.5383912470142,Gene 26,70
145.73203676144908,463.01035821905685,Gene 26,70
146.38077750994572,456.9787663895044,Gene 27,70
146.44655446461277,456.3957193232351,Gene 27,70
146.4550674733942,465.7635852561311,Gene 27,70
146.37205146151308,460.05520016503465,Gene 27,70
145.90690985939295,459.3926426452259,Gene 27,70
145.8264470839571,457.1916033573067,Gene 28,70
146.24756842486565,472.99043303513855,Gene 29,70
145.90462393473177,458.5734243924269,Gene 29,70
145.68990970750906,461.7909765986478,Gene 29,70
145.9664803331148,455.75654012264806,Gene 29,70
146.2675873127764,470.85343633788057,Gene 29,70
146.14641906871935,466.63553647149485,Gene 29,70
145.95706629529286,454.5181251651588,Gene 29,70
146.42377893806537,471.49254068283216,Gene 29,70
146.09233785755853,466.3120604625987,Gene 29,70
146.30518204438425,455.82060947159306,Gene 29,70
146.1872943813675,458.15107548636894,Gene 30,70
146.46224539105825,459.884046363775,Gene 30,70
146.21330061180592,459.38195616900117,Gene 30,70
146.51594812799954,461.4756355665094,Gene 30,70
146.04498419183636,457.22992992709953,Gene 31,70
145.856286348456,462.801016220041,Gene 31,70
146.3965699111689,465.80845454810475,Gene 32,70
146.2190448059419,454.0907293837685,Gene 32,70
146.20015562603226,469.5118151088172,Gene 32,70
146.08452528658657,454.78857500773665,Gene 32,70
146.57237384628232,467.28081160371397,Gene 32,70
146.08180685818004,455.53155006300716,Gene 32,70
145.96344661910015,456.05852501789735,Gene 32,70
146.50076539218392,467.1709186491629,Gene 32,70
146.55688388515588,466.1194867334463,Gene 32,70
146.1228994779686,469.5740426030292,Gene 32,70
145.6643887286693,463.9830884138849,Gene 33,70
146.04405404438285,461.31614904743645,Gene 34,70
146.28098968664565,454.322369212838,Gene 37,70
146.18589702903373,470.3851759484421,Gene 37,70
160.55667591996487,457.3502728166238,Gene 4,71
157.42582587925187,451.1199346369559,Gene 4,71
159.0831840039624,453.45240354904973,Gene 4,71
159.07622792611068,465.8318493026188,Gene 4,71
159.25894368545033,465.3152397606424,Gene 5,71
159.55800157022054,452.28138761622404,Gene 19,71
157.10042715702573,464.28389541051956,Gene 26,71
159.37683397306384,459.94154308916467,Gene 26,71
160.2805143556308,456.61120763255343,Gene 26,71
156.9477227007389,463.8371990903322,Gene 26,71
159.16518390531976,466.7203595453151,Gene 26,71
159.2677938780869,462.34002325771837,Gene 27,71
158.90534997601495,455.2937557477639,Gene 27,71
159.7346659691032,465.9236051057665,Gene 27,71
159.3071962862957,457.25322073686704,Gene 27,71
159.54097055637698,461.81936042837674,Gene 28,71
157.13188881104523,463.87125554035725,Gene 29,71
157.11020926240207,455.7834797029925,Gene 29,71
156.41446899459407,459.2417324161655,Gene 29,71
159.44065789686942,462.07496962438165,Gene 29,71
157.37157469898122,456.5612206115781,Gene 29,71
160.57834984359994,457.74800290897406,Gene 29,71
160.53754903852237,463.50612119848785,Gene 29,71
156.33006832445548,455.93258285302716,Gene 29,71
156.4569858252316,454.66273775865125,Gene 29,71
156.89937123816046,462.2024533872891,Gene 30,71
160.31911223249364,464.8468013824502,Gene 30,71
157.53555755367213,462.4959959070563,Gene 30,71
157.97369909980725,455.83599856074255,Gene 30,71
158.92545920126025,463.87710862845023,Gene 31,71
160.27282725640927,457.0617068793658,Gene 31,71
160.5249636390988,457.9686303229357,Gene 32,71
160.7871416217146,456.88559105220037,Gene 32,71
160.21966935831315,457.43441852381164,Gene 32,71
160.47300768115608,455.93956889311494,Gene 32,71
156.95163837900412,459.78230552674046,Gene 32,71
160.40102790253675,457.30504972081144,Gene 32,71
159.44354870286435,454.13272556149684,Gene 32,71
156.82310040148332,454.21553083283584,Gene 33,71
157.46846654361983,452.914927813313,Gene 37,71
157.9056900947578,461.3248826929453,Gene 37,71
157.2551738765821,460.11692035661514,Gene 37,71
160.14729216050682,462.51945580555866,Gene 37,71
159.01514792038398,464.75453225301203,Gene 37,71
160.33337375397954,457.7081756240646,Gene 37,71
157.10840656403903,465.62372077077356,Gene 37,71
156.88350679906594,456.9113521078719,Gene 37,71
172.02354688764984,457.0642065144813,Gene 5,72
173.35338000533537,464.25402271499274,Gene 19,72
173.32695579942418,459.58481403781605,Gene 19,72
173.6531024883519,460.80627331726123,Gene 19,72
173.9754929592332,456.71340635708356,Gene 22,72
172.55069067051446,466.14017385806994,Gene 26,72
172.41431732168707,459.5934495970369,Gene 26,72
174.16471014435567,456.57236717544856,Gene 26,72
173.8624253754588,462.9610342728966,Gene 26,72
173.0967628767742,452.5509558850222,Gene 26,72
173.4909477608332,453.39696900033124,Gene 26,72
173.2160301541529,468.81639723774845,Gene 26,72
172.82260156915868,468.2864179771531,Gene 26,72
172.36410656220798,459.7075251689375,Gene 27,72
173.26894049174655,468.8436163845847,Gene 27,72
173.3991602684486,453.5361999419523,Gene 27,72
173.63422434880758,459.80703217828824,Gene 27,72
173.14055181470832,453.38762655711923,Gene 28,72
174.30217615879897,460.5515487639339,Gene 28,72
172.79391313043723,461.5453116560913,Gene 28,72
173.605505827722,466.72776399622734,Gene 28,72
172.09253012201953,464.0200224956473,Gene 28,72
172.35043365688608,463.42257010852575,Gene 28,72
173.71928774824048,461.10206743035957,Gene 29,72
172.25519265719646,453.51717196618176,Gene 29,72
174.0429041423649,459.51565757732095,Gene 29,72
172.33564883502567,465.8848665587351,Gene 29,72
172.146514191995,463.1818841099071,Gene 29,72
172.38899331557423,465.6488291340395,Gene 29,72
173.14579450614204,452.1955192189927,Gene 29,72
172.44297832802565,468.1952852889404,Gene 29,72
173.93801948555253,463.2445730392833,Gene 29,72
172.28525418739892,467.74092953290733,Gene 29,72
173.5149998070205,468.74325514788734,Gene 29,72
174.07571555567498,462.56465881055266,Gene 29,72
172.37990104799772,466.0987869687758,Gene 31,72
172.61373714178606,471.3880854244082,Gene 31,72
173.70589725094422,457.3222522166585,Gene 31,72
172.21054664889752,461.6192126919437,Gene 31,72
172.15605897374692,466.5541316354008,Gene 32,72
174.02374751873413,459.3571038625097,Gene 36,72
172.74157907732462,470.0202960204588,Gene 37,72
172.3117663382151,464.83841847499923,Gene 37,72
173.89948885839485,466.3150163938074,Gene 37,72
172.42954321847034,459.4384646602284,Gene 37,72
180.5547625641026,462.8072963674192,Gene 13,73
175.13109059543825,462.4136166450349,Gene 19,73
175.93623155453724,459.9530439307665,Gene 19,73
174.88303273076923,457.551737957335,Gene 19,73
177.96720335375784,463.1111879418212,Gene 19,73
176.34117579404764,461.56579154331274,Gene 19,73
175.8678463347601,453.3321296526095,Gene 22,73
174.9645655199131,463.10972885433563,Gene 26,73
179.31970735521531,463.22639063036047,Gene 26,73
178.39033617675182,452.1862250047477,Gene 26,73
176.54890348423734,462.5904339609408,Gene 26,73
175.64069324467633,456.1315871842539,Gene 26,73
176.77978283613166,463.8518401884642,Gene 26,73
179.88379441955584,455.7270004905723,Gene 26,73
175.99712507094284,454.11198819582836,Gene 26,73
181.56819930774805,458.4760254624596,Gene 27,73
176.76020215643018,452.36483340754603,Gene 27,73
180.5705818208722,460.8062034370499,Gene 27,73
178.14714321915199,452.68057833505674,Gene 27,73
177.93445080798642,453.67642138934076,Gene 27,73
179.06733593328258,453.85387630908605,Gene 27,73
176.00524563937748,453.34870770219374,Gene 27,73
174.27596388787128,461.86426174826596,Gene 27,73
179.1925760998773,453.10642453599763,Gene 27,73
177.7564535035366,463.38349980504177,Gene 27,73
179.92905096197813,452.7151273638663,Gene 27,73
176.357371387646,457.5527193301537,Gene 27,73
180.0867689727447,456.60526112873487,Gene 27,73
176.56484948736417,455.1676098272236,Gene 28,73
176.00139819015533,454.4901241519205,Gene 28,73
178.70174042216576,465.10260680068086,Gene 29,73
178.37034088394654,451.8160718706846,Gene 29,73
179.96819989202965,465.7073134047391,Gene 29,73
178.0526838090867,454.690547901163,Gene 29,73
175.80213379043198,455.2191219834367,Gene 29,73
175.39484370125362,456.4702273579995,Gene 29,73
174.41236313273924,457.7365197537165,Gene 30,73
177.10673079441017,461.56946466177783,Gene 30,73
178.95262382231067,461.2378456647246,Gene 30,73
177.0902831991752,463.1061212691864,Gene 30,73
178.14696449918728,464.7693619081236,Gene 31,73
173.92338300594076,458.2565568418175,Gene 31,73
174.99768105554912,461.42125932828833,Gene 31,73
174.8768695996854,455.4371082489574,Gene 32,73
174.62428361910526,457.52276178643916,Gene 32,73
179.80168646249072,453.12093958949646,Gene 32,73
177.90242429833864,463.47490617391185,Gene 32,73
179.8452936170637,462.87509285016245,Gene 32,73
180.38276818318468,457.44432974663755,Gene 32,73
175.1711675522525,452.56506804484394,Gene 32,73
179.4671688655683,456.1325039539371,Gene 37,73
180.9426579419644,459.6706372198345,Gene 37,73
178.06297293379046,461.4174148542185,Gene 37,73
178.59454362670905,461.8626290172979,Gene 37,73
175.41875685885216,459.68766896064784,Gene 37,73
193.7049952014347,458.91359944043717,Gene 4,74
193.1032673305259,449.69473727676024,Gene 5,74
193.62673439336046,459.1949734439019,Gene 13,74
192.70117625838648,449.808755819614,Gene 13,74
192.57195442998398,449.0811399749039,Gene 19,74
193.02367978070822,466.56028840643785,Gene 19,74
192.31377948531755,466.6179373832615,Gene 19,74
192.85792274719174,461.82822460475484,Gene 22,74
190.8178823693696,458.4116265971347,Gene 26,74
192.21301765500345,468.0366173937154,Gene 26,74
193.10052217934117,457.6230561752795,Gene 26,74
192.4746592768427,456.6463748854214,Gene 26,74
192.24878272489056,449.4037280624065,Gene 26,74
193.80702119812912,463.54984181535923,Gene 26,74
192.9295921029947,465.02510046410094,Gene 26,74
192.57364260418865,467.1261253439675,Gene 26,74
193.6540377210092,454.73886041976345,Gene 26,74
191.13253962674884,457.65833569289964,Gene 27,74
191.48084790084232,464.2518469965453,Gene 27,74
193.91860092287945,459.61767048416,Gene 27,74
191.9385733670181,450.06144409359376,Gene 27,74
193.48089525201408,453.1296257280404,Gene 28,74
192.79970746299625,466.3772131812895,Gene 28,74
192.54542010707834,448.42313908417356,Gene 28,74
191.75751534531477,448.771639957042,Gene 28,74
192.46585509241092,450.8279371680402,Gene 29,74
192.53488749773612,454.1796087977243,Gene 29,74
192.64701805368455,454.9264269907251,Gene 29,74
191.00266571933335,461.11112689489346,Gene 29,74
192.20080920550382,464.99479901254955,Gene 29,74
191.31387198307743,450.28623330345795,Gene 29,74
193.513665223553,453.9013585588181,Gene 29,74
191.90379400235932,465.31475197280224,Gene 29,74
193.97959929140134,459.2991038754368,Gene 30,74
191.42989061072805,460.60461042378415,Gene 30,74
191.37263459231986,466.0067757983541,Gene 31,74
192.78423292814145,461.39931795779336,Gene 31,74
192.6342991234633,449.2380097424578,Gene 31,74
191.1416706587475,451.5994662203793,Gene 31,74
193.0545599797503,456.6159953405066,Gene 31,74
193.8239761414801,460.2287342708041,Gene 31,74
192.4538164176337,450.40151558845514,Gene 32,74
193.5368086950738,460.61424915081113,Gene 32,74
192.08687738839967,447.5072775458143,Gene 32,74
192.99199203044063,466.6832583594834,Gene 32,74
191.01556955862202,455.01501061262036,Gene 32,74
191.66038909939715,456.99042074580893,Gene 33,74
191.12520780971536,457.1872190680398,Gene 37,74
192.35951467330113,451.56092357852367,Gene 37,74
191.6414816616901,460.97949087933335,Gene 37,74
191.6872645178725,454.31848630828176,Gene 37,74
192.24918628496067,449.4696470395263,Gene 37,74
192.38951468274414,463.3861041100585,Gene 37,74
192.17428206537178,466.41011058579704,Gene 37,74
194.32807795664638,457.118410659755,Gene 4,75
194.0530672541737,455.0753140007819,Gene 5,75
199.80580085604245,453.4063574176687,Gene 16,75
201.16281146443984,456.84407197409615,Gene 16,75
201.52415153182724,455.4922201580965,Gene 19,75
196.44278320450272,460.4133389335179,Gene 19,75
196.44694360983436,459.15853184625695,Gene 22,75
197.15648493043318,461.04980097172125,Gene 26,75
198.90122509077804,452.787316182701,Gene 26,75
201.27180282838262,459.7496951513495,Gene 26,75
203.6774605269816,456.8866331818562,Gene 26,75
201.37843418324093,453.2910192047862,Gene 26,75
202.5865495532854,454.56684596993426,Gene 27,75
204.07260188827013,454.85405163558954,Gene 27,75
202.14471718901012,457.58418560897894,Gene 27,75
194.68792139135695,459.3940252835949,Gene 27,75
197.6999475606129,460.8065055734204,Gene 27,75
204.09461099501715,454.98661129910334,Gene 27,75
199.93294688478926,455.3050674007496,Gene 27,75
202.30668226057966,461.15472969462843,Gene 27,75
199.4300714308362,461.70929079382825,Gene 27,75
204.57979194159702,458.44054829694835,Gene 27,75
195.24788273024623,461.0129730633278,Gene 28,75
200.41515048424134,455.0917087512842,Gene 28,75
204.20615348003608,455.1634610340214,Gene 28,75
195.51387604465774,453.4022477883871,Gene 28,75
204.9769848337266,458.83845077306125,Gene 28,75
199.6143546675539,454.87827827072107,Gene 28,75
198.89480729852707,452.5526761238288,Gene 28,75
196.540291016543,460.4486472131304,Gene 29,75
203.28606900039688,460.03971352179406,Gene 29,75
201.4186979076375,453.15473588201155,Gene 29,75
193.55490249659732,458.03963105953494,Gene 29,75
200.57409396978392,457.9218135707699,Gene 29,75
199.73251307208528,454.12600076266557,Gene 29,75
195.07823502657837,453.2012745156379,Gene 29,75
201.62940570478028,460.0086651716334,Gene 29,75
199.88702205229538,460.8273461995232,Gene 29,75
202.0239961385792,457.52572684933864,Gene 29,75
202.0016226655916,459.6862194740014,Gene 30,75
201.1271726821363,453.05345091097934,Gene 30,75
193.42054278703628,455.36234058392654,Gene 30,75
194.5231540359675,456.4319748021352,Gene 32,75
200.60882298120939,461.97538489914615,Gene 32,75
203.58321420270482,456.5661060343573,Gene 32,75
195.5141343008098,461.4256628770153,Gene 32,75
200.47039848630916,454.0004624630261,Gene 32,75
202.76235411653016,460.4881222144814,Gene 33,75
195.56479561937147,459.6688335895181,Gene 37,75
194.7686485354166,458.10921299944,Gene 37,75
200.10488839554674,452.5987444770908,Gene 37,75
203.09500398406473,460.68668043010433,Gene 37,75
198.14822342417668,458.4236237467912,Gene 38,75
105.33499575320394,460.67384915120647,Gene 5,76
103.40347322011178,459.83954630835694,Gene 19,76
103.06558284858606,471.0706432439762,Gene 26,76
98.71812908898133,467.56691388969915,Gene 26,76
101.80496282240087,469.7872865575666,Gene 26,76
106.16129770663088,471.43702917743144,Gene 26,76
100.43244055623843,461.5549366343395,Gene 26,76
106.25141841571704,466.88953837683886,Gene 26,76
104.952258519235,470.79363262590516,Gene 27,76
102.6694731477064,471.4669421964203,Gene 27,76
102.06084381494155,460.8282427281191,Gene 27,76
101.86600363918993,461.4237706483667,Gene 27,76
106.0337309257817,468.09553614729475,Gene 27,76
106.54231969257187,468.80646534335085,Gene 27,76
103.88016667808931,471.7082429014949,Gene 27,76
102.82148110152966,460.99109670513496,Gene 27,76
106.03371522612677,463.1483827623151,Gene 28,76
99.36696894038892,463.032104420638,Gene 28,76
101.97513864623836,459.2915589280213,Gene 29,76
100.56354235266953,466.222513536762,Gene 29,76
100.79133968654924,469.10516898693396,Gene 29,76
99.01089827478523,465.2471053394357,Gene 29,76
102.64557969583734,459.5202511499442,Gene 29,76
101.47217152700703,470.0365616743566,Gene 29,76
105.54373340284454,466.33304781125366,Gene 29,76
100.22548451388614,468.19214401343913,Gene 29,76
98.90759570608205,466.3797183023236,Gene 29,76
104.07197890467695,466.3166416342645,Gene 29,76
103.17322520050128,469.4893232048313,Gene 29,76
99.21771879329816,469.86802604876067,Gene 30,76
98.95301861920433,466.8596699536011,Gene 30,76
99.23333867846921,470.1135317915956,Gene 30,76
99.08773701011997,462.195120355178,Gene 31,76
103.68890282278008,466.48628860622057,Gene 32,76
100.10703130699999,471.26316504236286,Gene 32,76
104.65024183900255,468.2360475167014,Gene 32,76
100.77424086680759,469.2804740900531,Gene 33,76
102.32905144139474,460.7151581295513,Gene 33,76
105.74288956813145,463.779854645006,Gene 37,76
106.36599730625579,463.82908793236834,Gene 38,76
114.96238772178954,472.7610703439444,Gene 4,77
115.44079422336567,475.33771600986773,Gene 5,77
115.82603188100529,463.40459432361837,Gene 19,77
114.798514769803,465.54298154562736,Gene 26,77
115.52877430158243,463.79792687072285,Gene 26,77
115.21277787386919,472.25960945282145,Gene 26,77
115.60974572269888,466.00107083046436,Gene 26,77
114.74812945597716,463.3988703221083,Gene 26,77
115.38769771385546,458.0964310225429,Gene 26,77
115.12967776562012,460.28302782680623,Gene 27,77
114.69373230649411,468.759764974423,Gene 27,77
115.68927619721887,469.6366913729261,Gene 27,77
115.16331861753368,452.85457622708213,Gene 27,77
115.46613104438073,459.3253335033721,Gene 27,77
115.5110994675349,459.9906995739827,Gene 27,77
115.42323418507969,472.92031510042386,Gene 27,77
115.79153786211498,460.6407360490337,Gene 27,77
114.86677443237798,472.8246558258591,Gene 27,77
115.29110985219668,470.1478211370595,Gene 27,77
114.89626544677249,472.1989767088308,Gene 27,77
114.75468511230298,468.1629342588247,Gene 28,77
114.62684119725746,462.5696452488625,Gene 28,77
115.23547911297568,470.9713176343889,Gene 28,77
115.20019733016868,469.1582546910516,Gene 28,77
115.06989863227824,455.51441995094854,Gene 28,77
115.84114622046789,465.25965547391945,Gene 29,77
114.81299692315146,471.183923682016,Gene 29,77
115.86430013252406,460.5129830259165,Gene 29,77
115.67440219655657,460.6819145825057,Gene 30,77
115.03060351925168,464.86719790043645,Gene 30,77
115.63731206419233,463.386786763513,Gene 30,77
115.06248915359468,462.97924608190954,Gene 31,77
115.14166943400483,470.6815951306577,Gene 31,77
115.32192856794707,456.69195773354954,Gene 31,77
115.69225206831182,461.3570922878173,Gene 31,77
114.83402539374674,469.6525936449589,Gene 31,77
115.25145920274834,455.69869350475585,Gene 31,77
115.64645211189048,460.2455082310983,Gene 31,77
115.2390455758326,465.36185418443034,Gene 32,77
115.44080604417255,461.7123003374431,Gene 32,77
114.99256526821115,474.8977063272526,Gene 34,77
114.93131979024346,460.12431539989126,Gene 37,77
115.50200529818575,469.5049807033697,Gene 37,77
115.27145497737182,473.1579271188498,Gene 37,77
128.77189101532142,466.06837535962495,Gene 13,78
125.13329003171513,460.40670046271913,Gene 19,78
124.45398269491619,470.91656696202585,Gene 19,78
123.93311604628119,473.4757824811028,Gene 19,78
126.37117230532391,471.4414020435705,Gene 19,78
122.91351750464158,465.7846162358133,Gene 19,78
124.80477849984875,469.5685306946547,Gene 19,78
126.00718693514675,472.22573778063145,Gene 26,78
122.6303252154096,465.6848819650876,Gene 26,78
123.81967109978967,470.77205121639736,Gene 26,78
127.08654602924774,459.82964965577145,Gene 26,78
127.21869404416388,470.9266989873083,Gene 26,78
123.79498511933375,468.25784175047204,Gene 26,78
122.64532607256378,464.80638202212845,Gene 27,78
122.65615802975357,469.27326128588703,Gene 27,78
124.68108006910687,461.182575832008,Gene 27,78
123.79982063233348,463.0796894440115,Gene 27,78
122.26990582333711,468.26137314897807,Gene 28,78
122.17231023107998,468.77891660784235,Gene 28,78
123.95579299243339,473.604235788186,Gene 28,78
122.64433259158385,468.94100389672127,Gene 29,78
125.06121812706348,462.4817643261981,Gene 29,78
123.58498070799497,471.3416578935925,Gene 29,78
128.52532024651737,462.64357360370343,Gene 29,78
123.67548588556065,463.62545258063017,Gene 29,78
123.40651023615955,464.9097136355793,Gene 29,78
124.69370414458123,460.32010638703906,Gene 29,78
127.43805453459719,462.7721025284785,Gene 29,78
128.80105680344784,465.3591980898301,Gene 29,78
125.08886614423008,471.29743121898747,Gene 30,78
125.36159686495371,466.5747652058096,Gene 30,78
123.20839503973181,469.87702404088583,Gene 30,78
122.77609163839844,463.12963834330054,Gene 30,78
128.51246183083722,467.694220288958,Gene 30,78
126.74348322195289,461.9019534506993,Gene 31,78
122.41794298417526,465.27727024692985,Gene 32,78
127.851737478338,468.39847114616157,Gene 32,78
126.94730228822866,461.68385296497087,Gene 32,78
127.43519681218065,469.48214882827244,Gene 32,78
122.89211957512515,466.7733152986615,Gene 33,78
123.58272691953012,471.392882493285,Gene 33,78
123.88688565871128,459.6255957244646,Gene 34,78
121.67026334891695,464.5739536757484,Gene 37,78
122.76731941017471,470.4341825882296,Gene 37,78
124.65378051698083,460.68951247092696,Gene 37,78
123.06036901872285,462.4189396977672,Gene 37,78
128.6358004151761,464.2124343289634,Gene 37,78
135.06350466402642,469.15932688694073,Gene 4,79
135.21842203075997,469.1132112025921,Gene 5,79
133.3584225910675,474.77785801460607,Gene 5,79
134.94183922079424,469.0518609641292,Gene 22,79
133.56856765214843,478.03778511931193,Gene 22,79
134.36775766196465,461.2589834497165,Gene 26,79
134.04091833569646,476.0213384483146,Gene 26,79
134.78722585145036,474.83589823291953,Gene 26,79
134.79467412471868,465.1472611972729,Gene 26,79
133.47815276129708,470.88990341240236,Gene 26,79
134.03771413199283,477.02114382125905,Gene 26,79
133.46837280937004,472.1572367720881,Gene 26,79
135.05458923881574,467.837829162646,Gene 27,79
133.43868823415832,472.37723060397707,Gene 27,79
133.545742107764,477.35468581956405,Gene 27,79
134.45182352182906,477.26882425938817,Gene 27,79
134.64162309028828,473.6322032586112,Gene 27,79
134.69248674776435,477.37992239761275,Gene 27,79
134.46804655685017,478.8895561767483,Gene 27,79
134.76382593814282,465.04245510875216,Gene 27,79
134.7595079421137,473.57742776505705,Gene 28,79
134.25343343458212,476.0406519316611,Gene 28,79
134.48814371526706,477.45683394755343,Gene 28,79
133.34361020930632,476.3556621332933,Gene 29,79
134.87929328033778,468.87005889499557,Gene 29,79
134.13254805521007,477.65251915331265,Gene 29,79
133.97185175542364,477.1343555320143,Gene 29,79
135.06223246040113,472.86827749460804,Gene 29,79
133.7561516727259,474.7987508401219,Gene 29,79
133.75142977845053,472.9700952251525,Gene 29,79
135.13876464472727,475.0837404466283,Gene 30,79
134.37425544249126,463.65404785970543,Gene 30,79
133.14944544286266,467.8590863342744,Gene 31,79
134.96367373165444,474.8546018491411,Gene 32,79
134.58821359922217,463.87312420705194,Gene 32,79
134.87949372617706,473.9989502230168,Gene 32,79
134.5472935131171,468.1268660139177,Gene 32,79
134.41175752386522,463.9170481996901,Gene 32,79
133.69676279405854,466.40794256402944,Gene 32,79
134.31592713032666,460.4211882619771,Gene 32,79
134.77714774898683,464.40289580630474,Gene 32,79
133.3711042512928,469.7142634970163,Gene 32,79
135.14599876099933,473.9434250156802,Gene 32,79
133.60962043461006,469.87680189307673,Gene 33,79
133.18387109983706,465.80064872702644,Gene 37,79
139.473101844743,468.45241718371364,Gene 5,80
144.94834629969162,472.743139931027,Gene 19,80
140.95074409478752,473.70300254119417,Gene 19,80
145.58417819097153,463.4756146046722,Gene 24,80
146.4890602539917,464.17562332009635,Gene 26,80
144.63139672264361,470.3250228343239,Gene 26,80
142.09661459201737,463.68024704701514,Gene 26,80
145.53836556906924,465.46976022318734,Gene 27,80
139.78081645601515,472.61204756786856,Gene 27,80
141.27817489298226,462.3899450586929,Gene 27,80
139.76279395215573,466.3816738968349,Gene 28,80
141.13764663730117,472.7337113537368,Gene 28,80
138.47978546733918,464.70138230317957,Gene 28,80
144.17100664744402,464.6572030794735,Gene 28,80
147.25511616371986,469.81935680406224,Gene 28,80
140.32894921409567,468.70052408312,Gene 29,80
145.14528364329527,468.31795570620005,Gene 29,80
146.950570667437,464.7485429997779,Gene 30,80
138.4933327640268,466.40490944230567,Gene 30,80
143.96798972709584,463.61971885437856,Gene 30,80
145.6686043604749,462.06638640897825,Gene 31,80
139.88784214255307,465.82539217815673,Gene 31,80
139.8211067951985,465.0438364419525,Gene 31,80
141.01042185913323,470.2945906118234,Gene 31,80
139.3934390725111,464.9272225035473,Gene 31,80
139.35245963779397,468.3469088137715,Gene 32,80
145.0436131863802,464.57104503147195,Gene 32,80
140.22541964467752,463.1641757960143,Gene 32,80
146.1865767473684,471.6913329689677,Gene 32,80
144.70674100763813,471.37509743837603,Gene 33,80
145.6448847019994,465.3924487391814,Gene 33,80
141.04465051317746,463.9259250530297,Gene 37,80
145.8707591661884,462.8270341119605,Gene 37,80
145.64732331987378,471.4578046038695,Gene 37,80
142.42015749313043,465.70728473701814,Gene 38,80
151.04826538946386,463.84942087397366,Gene 4,81
155.57133350008098,461.08308143024715,Gene 4,81
156.1156614749211,460.91294509435,Gene 5,81
156.76674588133676,471.07101463548776,Gene 13,81
151.13142133600647,462.26588465298266,Gene 13,81
151.36972942229818,467.80914728442474,Gene 19,81
153.54548033601344,461.7932916198712,Gene 19,81
156.63625732888252,470.4288823711782,Gene 22,81
153.60336272894108,461.0640070613905,Gene 22,81
152.78369642655227,462.99232664867833,Gene 26,81
157.5680570494903,461.92291994855196,Gene 26,81
154.60995112444138,469.44612593743807,Gene 26,81
157.35323014544474,460.4819870018163,Gene 26,81
153.38668975468687,468.76464221613065,Gene 26,81
156.65634951625208,463.648905178832,Gene 26,81
152.80151266272725,468.91683439060785,Gene 27,81
157.9883872580933,466.13637278351166,Gene 27,81
156.40861539118143,464.250430705421,Gene 27,81
156.9332683371951,470.2825383750831,Gene 27,81
157.47201552403715,466.6259217520473,Gene 27,81
152.6164888899509,466.9190748579018,Gene 27,81
154.49058051817326,468.7715636389482,Gene 27,81
158.23342956342262,462.8650146258147,Gene 27,81
158.61263600591377,464.2564199113054,Gene 27,81
159.48781359077688,465.6618182444739,Gene 27,81
159.00652792046358,467.59632305148097,Gene 27,81
158.2071048110314,465.0291324314086,Gene 27,81
157.88246738126986,463.0192881690502,Gene 28,81
157.8491774549624,465.7418642292191,Gene 28,81
158.15871545162497,468.2824937438594,Gene 28,81
154.53728987953411,471.0628205510713,Gene 28,81
155.3179810495037,470.13025609413063,Gene 28,81
152.53092337038967,461.0019738573651,Gene 28,81
157.80786490420093,461.41413320958276,Gene 28,81
153.22056271891785,466.75568774609997,Gene 29,81
159.4120883425842,467.3697395581531,Gene 29,81
158.39749522972937,461.12688444233106,Gene 29,81
159.2183237342802,461.70066070774493,Gene 29,81
158.89156841040466,466.875971640067,Gene 29,81
158.2547316919675,462.65713798120026,Gene 29,81
154.5915023019642,470.1711396042907,Gene 29,81
152.2344844751416,462.4147230117055,Gene 29,81
154.02063634387994,469.76181504667505,Gene 29,81
157.69854720077421,464.83594062199455,Gene 30,81
157.68171536671562,459.6789716772612,Gene 30,81
155.51259640606344,469.69967007464453,Gene 30,81
156.21534770427863,458.7146377196948,Gene 30,81
155.5597994898718,469.51624863705933,Gene 30,81
154.02764439013154,459.62110900843885,Gene 30,81
156.73483909445008,462.7623139620729,Gene 31,81
158.7859905952842,466.9968745426663,Gene 31,81
159.0376661152245,462.46355675830364,Gene 31,81
159.93165861420886,468.55644600128215,Gene 31,81
158.31644591168003,469.2820195460489,Gene 32,81
155.650366923676,466.91324787803137,Gene 32,81
151.2914462756932,465.70325577534726,Gene 33,81
153.5030560105707,469.63148472857097,Gene 33,81
158.9125437278787,463.9537805944399,Gene 34,81
156.44557912646243,469.6814061711781,Gene 37,81
153.10340566794085,462.04248866680643,Gene 37,81
156.3584425136852,469.96087691186324,Gene 37,81
158.88637096999298,470.0391407413945,Gene 37,81
164.55199605668068,471.7655766234404,Gene 4,82
164.05517829707424,472.53514922592666,Gene 5,82
164.70776700316927,474.5136476120269,Gene 19,82
167.12757489450152,469.2465978271879,Gene 22,82
164.12343296974467,477.14757595923317,Gene 22,82
163.59246530626402,469.655452442875,Gene 22,82
164.54249405534935,465.31723060510035,Gene 26,82
164.09553386915528,472.69838855739835,Gene 26,82
167.23272826420848,471.6394026660794,Gene 26,82
163.09547846418275,473.0477653259027,Gene 26,82
167.7361787766061,478.03206770984997,Gene 26,82
163.91681101349212,473.668521023472,Gene 26,82
167.40390263284465,477.0030408051599,Gene 27,82
166.91234112202685,476.6601694184638,Gene 27,82
164.21251560675034,473.1549552353309,Gene 27,82
166.10574277144667,467.01325929018964,Gene 27,82
165.878532743486,478.02521290160064,Gene 27,82
166.5254601877721,469.3442258977262,Gene 27,82
167.68935750683528,467.4306494534927,Gene 27,82
164.46912115748705,469.82005483065404,Gene 28,82
166.6314870575551,462.8068131120405,Gene 28,82
163.71922754869942,474.9625162256014,Gene 28,82
163.40468846524107,471.9442894464037,Gene 29,82
166.53663291480032,470.86668280091646,Gene 29,82
167.7272332190975,473.571635629763,Gene 29,82
165.57824507640538,473.92377292117993,Gene 29,82
163.949803817185,467.2620121690315,Gene 29,82
165.8990735809475,466.1263008744663,Gene 29,82
167.74202310876143,474.87184558755,Gene 29,82
167.7572545952953,475.0847765260668,Gene 30,82
166.72340737868157,465.7032304682483,Gene 30,82
165.7146491850479,462.6780956751228,Gene 30,82
166.3970586201001,474.33515287103216,Gene 30,82
168.8199857458957,471.2146756137097,Gene 31,82
166.71581687196976,475.16636833169355,Gene 31,82
167.8132605572771,470.4146807239711,Gene 31,82
167.82022704630307,474.4978772398232,Gene 32,82
163.04102853360266,474.0679859706318,Gene 32,82
166.8380211322331,467.03723641005996,Gene 32,82
166.26991237072605,463.52071513622775,Gene 32,82
163.69704657392973,474.6921918219915,Gene 32,82
167.90399901603155,471.6549205613934,Gene 32,82
167.8187989902891,468.8330520406276,Gene 32,82
164.86001662813476,468.4739696720237,Gene 33,82
166.11376482330306,466.8609226459655,Gene 37,82
163.7416639509161,467.62680538792705,Gene 37,82
165.09388912997986,469.8323414142554,Gene 37,82
167.4429380693029,476.82408926113357,Gene 37,82
172.96853632118925,472.1879168463228,Gene 4,83
172.02211801853912,467.9345006065033,Gene 5,83
172.1311482716502,463.12582126831444,Gene 19,83
172.85181551912845,465.9517321781342,Gene 22,83
173.0076691340528,471.4606528730783,Gene 26,83
171.80816369492175,468.60504597963376,Gene 26,83
171.85840138650627,470.0163414316188,Gene 26,83
173.00078104640176,464.01007051849706,Gene 26,83
171.92668327146015,467.6626669508894,Gene 26,83
172.53437774444845,460.31949584490724,Gene 27,83
172.35671978666466,475.7709026386092,Gene 27,83
171.84260217682737,471.1562836843885,Gene 27,83
171.82065974717452,470.2772683745808,Gene 27,83
171.98078065323412,467.8931706906013,Gene 27,83
171.76435154400033,468.9728025342434,Gene 27,83
172.0305309635091,467.35091536368947,Gene 27,83
171.76698111589752,468.38587980635424,Gene 27,83
172.89987750088912,460.4633915571602,Gene 27,83
173.16719444868113,469.1365251183734,Gene 27,83
171.9766494621879,457.38701735969755,Gene 28,83
172.12817404911476,476.7163195740308,Gene 28,83
172.83311134264008,458.37745332646386,Gene 28,83
172.68196675389652,477.1458627008514,Gene 28,83
171.89532771568065,467.6258913470773,Gene 28,83
172.643279006853,474.592852299254,Gene 29,83
172.09751453610326,464.1069056171184,Gene 29,83
172.41430935637325,469.9314247624048,Gene 29,83
171.90620024801638,473.46979242290604,Gene 29,83
171.88362100615618,467.3729516245209,Gene 29,83
173.0086436474992,471.3895303066556,Gene 29,83
172.29557828283583,461.0188602959373,Gene 29,83
172.1482953764229,470.86761576174473,Gene 30,83
172.1329708359051,456.92617070655706,Gene 31,83
173.17712869248493,467.9039487320047,Gene 31,83
172.57399172092175,477.7412447762852,Gene 31,83
171.91843524867906,470.69198435882566,Gene 32,83
171.91559205731008,463.4218314792865,Gene 32,83
172.99014089818385,461.9630378068671,Gene 32,83
172.52162163549565,455.86944001874855,Gene 32,83
172.72783283316915,460.56703651013834,Gene 32,83
172.4138890140818,474.662039407839,Gene 32,83
172.87284185911503,459.390057398731,Gene 33,83
173.03487210800307,472.48546201351934,Gene 37,83
172.3230861632803,477.3031978270656,Gene 37,83
182.37568810114107,468.3938518245218,Gene 4,84
183.3350068229467,471.8827520828314,Gene 4,84
187.88413701059162,464.0170259341586,Gene 26,84
181.87931073804103,465.66406574705184,Gene 26,84
186.8646695961005,469.8278392106562,Gene 26,84
184.36436421410056,463.3868635479949,Gene 26,84
187.56549944104648,461.88913930041537,Gene 26,84
182.73803718783557,470.77660694195544,Gene 27,84
187.21400161180514,460.8669211373984,Gene 27,84
185.43560934480064,471.9807117735745,Gene 27,84
187.3988157076591,466.6345351088955,Gene 27,84
182.74131649224617,464.6961625610463,Gene 27,84
186.69916267343623,464.99968206709696,Gene 27,84
182.06420993272914,463.9373128425146,Gene 27,84
183.48526385927673,466.8312042905951,Gene 27,84
183.33381132085472,462.7439573152999,Gene 27,84
184.74033730271563,460.20893481833383,Gene 27,84
184.32096278841087,460.9321285404097,Gene 27,84
182.01313521921224,470.80772124416035,Gene 27,84
184.39030673621073,470.96646188519475,Gene 27,84
184.06126146560436,461.78389876839805,Gene 27,84
187.33740808055063,470.8234971879672,Gene 28,84
181.72636574370068,467.2762871220551,Gene 28,84
184.39562293668345,473.7225547594609,Gene 28,84
185.29842806897884,473.7063843254478,Gene 28,84
186.911506227466,461.80529696687864,Gene 28,84
188.1202938137394,464.5163272371696,Gene 28,84
185.41874036789136,472.5726670844192,Gene 28,84
182.979156891955,461.0350442504732,Gene 29,84
186.5590206346223,467.3710910911163,Gene 29,84
183.96349310798192,471.43707735615465,Gene 29,84
185.73384998697665,468.4978171417688,Gene 29,84
186.0425006395113,461.4229789784083,Gene 30,84
186.593801314425,469.7409519853928,Gene 30,84
181.89621506345478,464.14032991192727,Gene 30,84
181.83227982269148,469.3416099860006,Gene 30,84
182.53487605026226,470.5037231459792,Gene 30,84
183.5737333534673,470.08153568688084,Gene 30,84
182.12839569975702,470.7203073332637,Gene 30,84
185.24666971137327,473.4858937709321,Gene 31,84
182.60142177358264,467.8160799830726,Gene 31,84
187.21657727534225,467.7776034817286,Gene 31,84
187.67945479996789,461.99858551521265,Gene 31,84
182.12226930590356,464.68095712808525,Gene 31,84
184.39266070205068,468.4879466144769,Gene 32,84
184.9260917159421,461.6637662395854,Gene 32,84
183.32851232413987,466.9431688912586,Gene 32,84
186.8977902779049,466.23995461414137,Gene 32,84
186.7921862005485,460.769113164427,Gene 37,84
182.36722685899372,462.38981807362705,Gene 37,84
186.86827905032425,465.66966561705283,Gene 49,84
186.79923546475544,470.1648128533662,Gene 49,84
193.2516639606643,457.24669030985865,Gene 4,85
195.5204666140847,457.6157828557168,Gene 4,85
195.997568538371,464.03931369968967,Gene 22,85
195.3091113700701,460.98549514839203,Gene 26,85
197.25955591630296,459.08440184352213,Gene 26,85
197.24810543715884,462.3649338719508,Gene 26,85
200.23126894255506,459.99715930707833,Gene 26,85
195.98825164650205,468.2689445225471,Gene 26,85
197.670886251323,467.54977017820244,Gene 26,85
195.87453767800625,465.24657043864977,Gene 27,85
195.29822926184474,467.2980866449321,Gene 27,85
193.72358997198367,461.89397958551007,Gene 27,85
195.15396434892233,467.6269787710292,Gene 27,85
198.42658875442135,466.22499369644055,Gene 27,85
194.7980566193166,460.7628108115476,Gene 27,85
199.33662290030014,461.34133288491347,Gene 27,85
193.27314706945666,465.49562168328646,Gene 27,85
199.05057007548106,464.34552024384544,Gene 28,85
191.86372172785966,462.69830135492043,Gene 28,85
201.23108411535634,462.30894300086317,Gene 28,85
198.77058048081088,465.48069222915797,Gene 29,85
195.33261723915513,462.0230711193786,Gene 29,85
194.89583005250273,464.952773994757,Gene 29,85
201.14912375180518,463.41349173740053,Gene 29,85
192.65604673449403,465.22945422565954,Gene 29,85
192.48778893877935,459.82538398492744,Gene 29,85
195.6957291445168,463.15214109381276,Gene 29,85
195.73638441267167,465.98148278787136,Gene 29,85
199.24816250808507,462.17776349941755,Gene 29,85
201.94596267058373,462.34995720457016,Gene 29,85
199.91069550684767,458.3361480464027,Gene 30,85
192.75426919854917,460.4940124286787,Gene 30,85
197.33464981426056,466.19556401151016,Gene 31,85
198.75165849857757,457.2630452621791,Gene 31,85
200.40997459565384,461.11118482594236,Gene 31,85
192.2650191736604,463.7349475184484,Gene 31,85
197.30785027420396,458.88862739446,Gene 31,85
196.05145935650526,456.92940004792837,Gene 32,85
200.21900406579178,465.65338701166013,Gene 32,85
193.10681735986591,463.93952745407825,Gene 32,85
196.64654535739749,465.5179372669041,Gene 32,85
198.70561922456625,457.36812388052397,Gene 32,85
197.79418759052882,459.9065470712281,Gene 32,85
195.32345220494057,457.2062020769942,Gene 32,85
195.86104609500248,459.3109043171745,Gene 34,85
195.86265902469262,466.1173104595778,Gene 35,85
191.99417428941175,459.61341963306563,Gene 37,85
192.21281172247856,459.6981922804491,Gene 37,85
200.06713435134583,461.5056927913043,Gene 37,85
195.0348223091384,464.99515478981806,Gene 37,85
193.33343263312472,459.0886079667651,Gene 37,85
198.15244857487625,456.4134784906724,Gene 49,85
97.9763155300011,473.07856908708345,Gene 4,86
102.03013967354144,475.0717826802128,Gene 19,86
101.0374651743395,469.7295257667068,Gene 19,86
98.34699342714809,471.8931188786436,Gene 22,86
100.45364579840329,464.00828356527853,Gene 22,86
101.03715791783118,468.8087022196976,Gene 26,86
98.38001720456876,479.51559243573377,Gene 26,86
100.56312258946349,480.07554005351795,Gene 26,86
101.78704091629092,474.00736586613107,Gene 26,86
98.8022792922325,478.30638148850784,Gene 26,86
99.30218184740133,470.10637745077696,Gene 26,86
102.03828290027101,471.89896285974356,Gene 26,86
102.2500525454817,470.305434370313,Gene 26,86
102.46537653127598,470.95958722803823,Gene 26,86
100.55178665008216,481.8356540965665,Gene 26,86
98.48609983766907,472.96005679594685,Gene 27,86
99.8091186991662,477.45240559024825,Gene 27,86
100.39344795720893,466.34563447001966,Gene 27,86
101.51936517823182,477.99544570641956,Gene 27,86
100.71922011925638,468.29592918713206,Gene 27,86
97.74266126002792,470.41968507258326,Gene 27,86
101.00395055660051,466.5621718550122,Gene 27,86
98.36278615545895,472.2547503072493,Gene 28,86
99.86333197613168,467.4255343661447,Gene 28,86
101.21788686763954,478.0625087200511,Gene 28,86
100.55318244823816,481.1170397958769,Gene 28,86
98.89091866390727,479.3547154571478,Gene 28,86
100.91399645647601,470.04567285985104,Gene 29,86
100.01929638943398,467.13989347002035,Gene 29,86
98.25926889855417,472.58772593079544,Gene 29,86
99.7696514197552,465.434928378888,Gene 29,86
98.61630494204721,472.9198936023578,Gene 29,86
101.48052062360644,467.9387363738754,Gene 30,86
101.80284816781266,478.6087641521057,Gene 30,86
100.24014719267561,479.80828316333873,Gene 30,86
98.62455383212198,475.20270543848596,Gene 30,86
101.60732673390976,479.86440108133337,Gene 30,86
99.64951022102008,464.0715286567625,Gene 32,86
99.48290710182297,479.23818945696144,Gene 32,86
99.03152963211637,468.6377998933815,Gene 32,86
100.20632510799365,481.6237320414644,Gene 32,86
100.47859255408136,480.7260464371488,Gene 32,86
100.26672553018315,465.79956319720634,Gene 32,86
99.13775675008247,478.48409683737714,Gene 32,86
101.53091402827715,480.34416009592394,Gene 37,86
101.39326275179337,480.37839600420796,Gene 37,86
101.27034254199665,478.6674737858148,Gene 37,86
99.0049372464249,475.9716494428452,Gene 37,86
101.42268134253537,476.90923296831323,Gene 37,86
108.01926390777938,472.83518248342244,Gene 4,87
110.70073001074698,483.3354028068688,Gene 19,87
111.67195745479744,474.64518405393426,Gene 19,87
112.08458078494886,474.7389894537626,Gene 19,87
108.78761079938046,484.4533774714382,Gene 19,87
108.11912640459596,475.540348226741,Gene 22,87
111.16411254517998,473.08455282151215,Gene 22,87
107.93988617061687,482.03516051846515,Gene 26,87
107.59875708572831,471.7168440026126,Gene 26,87
111.99937944027853,480.14802170841074,Gene 26,87
110.22346173191245,485.1976466537482,Gene 26,87
110.52983318787153,482.5536698374077,Gene 27,87
111.8535758649723,475.3077574097149,Gene 27,87
111.39584329947391,470.58878905197474,Gene 27,87
110.87604877459728,470.70776193564495,Gene 27,87
111.2709544527519,484.5778094658044,Gene 27,87
108.41680083850973,472.4667511468829,Gene 27,87
108.88743241511442,482.59856413822206,Gene 27,87
108.45165719125932,473.8335956538254,Gene 27,87
110.29323006822595,471.0088425066748,Gene 27,87
109.87344554090181,479.99651621341263,Gene 28,87
110.39237414972705,472.41153538395275,Gene 28,87
112.48315538690942,479.287965020918,Gene 28,87
107.27470572463618,475.1552629492322,Gene 28,87
108.38874440780862,484.64151928899105,Gene 28,87
109.96724940656497,481.5285108766887,Gene 28,87
110.20717483834018,484.5728704981466,Gene 29,87
111.24080100483077,482.1170980421891,Gene 29,87
110.9339631906698,483.2192571784653,Gene 29,87
110.42987746144368,469.1203332796391,Gene 29,87
109.18083051515906,485.9215376632125,Gene 29,87
109.25941215795282,483.16101670205524,Gene 29,87
107.8112902984067,477.00329567340134,Gene 29,87
111.55937893582613,482.85031808293235,Gene 29,87
109.80691183033666,476.75746967661433,Gene 29,87
108.78580893239764,479.34811563049834,Gene 29,87
109.65904056395813,480.67752362548583,Gene 30,87
107.74961539981184,471.8273819173011,Gene 30,87
107.40968870106327,475.2471299565385,Gene 31,87
112.17126204723871,476.4501502912224,Gene 32,87
111.99251860907293,476.72469680435836,Gene 32,87
109.91386878035584,467.99012627650507,Gene 32,87
108.99499996492354,485.8292519816938,Gene 32,87
110.04972186981499,476.54096882299854,Gene 32,87
107.82188471271039,480.2902504240945,Gene 32,87
107.66787453467416,475.4527550312544,Gene 32,87
110.09317009814613,483.0750683114468,Gene 36,87
108.37976716166072,483.51709831292874,Gene 37,87
111.26441379551136,476.03548473312435,Gene 37,87
110.49909823873011,473.82213483414836,Gene 37,87
108.09347393315839,478.75232356730265,Gene 37,87
108.25234353895117,474.99900228885303,Gene 37,87
108.39943324024698,482.27820784586015,Gene 37,87
109.1656620347204,473.02457559503506,Gene 37,87
108.16935531188898,470.1779515765534,Gene 40,87
117.48334709632904,469.68717448107344,Gene 2,88
116.18020308190658,470.0575741144633,Gene 4,88
116.350623301423,472.28566633050366,Gene 5,88
122.24879696031655,477.43265405667137,Gene 26,88
116.81711317986846,470.35888071204323,Gene 26,88
119.25620409380844,478.6707575806828,Gene 26,88
121.5610027412959,479.02378860095195,Gene 27,88
122.06681158517462,470.6560989084485,Gene 27,88
118.07605325386731,468.96708208481687,Gene 27,88
121.80376886688296,474.78513666453745,Gene 27,88
114.98301501131692,475.5295683907148,Gene 27,88
120.50500944564355,477.8395128037048,Gene 27,88
122.28313347309823,472.72460339963555,Gene 27,88
116.83912078370848,479.8717087483607,Gene 28,88
122.37508539051278,471.6460574761241,Gene 28,88
114.86051005809435,474.5481878322621,Gene 28,88
117.97694117597763,469.58012004251174,Gene 28,88
117.38160700316068,470.05462278471305,Gene 28,88
119.45010319096897,469.93483508540913,Gene 28,88
121.92341588232743,469.22871398232843,Gene 29,88
116.27798715280656,476.7041273425305,Gene 29,88
115.89160919762664,470.1135077314337,Gene 29,88
117.3764869683061,468.62661296864644,Gene 29,88
122.45298208156149,478.5464169089397,Gene 29,88
117.99883839785744,474.53296634670875,Gene 29,88
117.59345490330158,478.29549860869304,Gene 30,88
123.30897549861656,470.91492745902883,Gene 30,88
121.53595866068703,479.435996869501,Gene 30,88
116.842193658287,477.31690677063983,Gene 31,88
118.36730507574525,480.5667258034899,Gene 31,88
118.69889380463427,479.6019128826582,Gene 31,88
122.85392676121049,471.93612351357723,Gene 31,88
121.66885562833986,469.69013962311203,Gene 32,88
117.862377777221,468.91276842046824,Gene 32,88
121.31242190902636,476.94202069169944,Gene 32,88
117.76605759755707,469.04810528057124,Gene 32,88
123.49834517403848,474.3294624283676,Gene 32,88
120.84431006563082,479.1840496902267,Gene 32,88
118.49600781632189,470.7342726691967,Gene 33,88
123.03110822463873,474.4444412203065,Gene 33,88
119.75644271200224,469.76811743067867,Gene 36,88
117.48125545972842,477.722417456189,Gene 37,88
121.00235091387177,476.0463192312212,Gene 37,88
117.97915431974504,470.3136632554926,Gene 37,88
120.40590430078515,470.1081872810995,Gene 38,88
122.66491489488196,474.47388827486657,Gene 38,88
124.36504266553396,476.2000608738485,Gene 5,89
130.76072801605886,480.0200159082776,Gene 19,89
125.39919971397133,471.9448881422413,Gene 19,89
129.2083105610199,474.99382278370314,Gene 26,89
125.10498097752253,475.6168838261502,Gene 26,89
130.51604007918425,483.17860281442876,Gene 26,89
131.82133461094767,481.04265055699483,Gene 26,89
127.03064411814132,473.9771154013888,Gene 26,89
125.6206450210559,474.34386293143615,Gene 26,89
124.1483507463291,475.5429621643831,Gene 26,89
128.99109117389457,473.67371027445967,Gene 26,89
127.9379681160175,471.4079516576143,Gene 26,89
128.06884310633214,483.1325647642323,Gene 26,89
123.28604956705432,476.6662768825553,Gene 26,89
125.78124951583237,473.42810148549967,Gene 27,89
127.41218333013559,471.3906315573999,Gene 27,89
124.21442202883941,478.4312598592166,Gene 27,89
127.37442687299654,478.6897050702291,Gene 27,89
128.1484113030494,470.7230572105064,Gene 27,89
132.04194982577084,475.15431957522895,Gene 27,89
130.47206253409715,476.7746478703451,Gene 27,89
126.11054411966846,478.54539257521645,Gene 27,89
125.1737994631693,475.13415993553434,Gene 27,89
126.51494053089242,471.54610447363797,Gene 27,89
123.25565347480544,476.7076718646699,Gene 27,89
127.73995611123594,483.5002538709674,Gene 27,89
132.71609835608814,475.95369995794647,Gene 28,89
131.91168455441755,474.6532551395176,Gene 28,89
129.58918947095705,473.43210717866606,Gene 28,89
125.65387426752227,480.67369904031887,Gene 28,89
124.98863361812911,472.90618814297903,Gene 28,89
126.49601232234961,472.02449035324815,Gene 28,89
129.264596386165,480.4879512850703,Gene 28,89
125.8742524546113,474.53516108267115,Gene 29,89
124.28307804752522,477.50820115941195,Gene 29,89
125.24737025109445,475.70156170530254,Gene 29,89
129.00068208083704,471.90121981556564,Gene 29,89
123.37905308198168,475.06157650854175,Gene 29,89
127.15843917784487,470.7976472599256,Gene 29,89
128.42333562066295,471.48815637375094,Gene 29,89
123.76801791107644,476.824511583983,Gene 29,89
129.87203311874643,474.7329769501081,Gene 29,89
130.81398169452913,472.89282588096097,Gene 30,89
129.7924370981664,474.6907958878662,Gene 30,89
129.37701772495552,480.9558565754805,Gene 30,89
125.34582901377226,477.84431174564315,Gene 30,89
131.492183822933,477.35304847159995,Gene 30,89
125.05703313451103,476.38640003469106,Gene 30,89
129.37489628564177,472.31871668790745,Gene 31,89
130.98091842638772,478.62423686943043,Gene 31,89
127.1606062137117,483.56460070759,Gene 31,89
126.62021731542674,472.8880080831217,Gene 31,89
131.0299949626587,473.7200988387429,Gene 31,89
126.35948037820707,479.1557864109518,Gene 31,89
131.65516406627881,474.94835801321017,Gene 31,89
127.93505769028366,472.58014577479753,Gene 32,89
130.92305981928064,476.0792011495421,Gene 32,89
129.6439532448376,479.4844686296161,Gene 32,89
129.5439892275913,481.83598951371954,Gene 37,89
128.80287523541799,482.89607727782754,Gene 37,89
130.56797603068614,474.01908219161385,Gene 37,89
129.12005001102844,480.8228658295957,Gene 37,89
126.710060026274,475.3664688865159,Gene 37,89
132.52257778277811,478.900615476246,Gene 37,89
127.18928705290523,473.5930983279224,Gene 37,89
128.16556347792513,471.392755846096,Gene 37,89
141.75866233056152,488.68550009947757,Gene 5,90
141.41116832125,479.9587531209926,Gene 19,90
141.80750729133354,479.3362370311133,Gene 19,90
141.4729423247054,490.7688393394148,Gene 19,90
141.18386614525323,479.0060175338802,Gene 22,90
141.49007084796773,480.3030757574441,Gene 26,90
142.55393576858012,487.39938073933297,Gene 26,90
141.74831774882313,476.00717765194145,Gene 26,90
144.75635881055294,482.56484648087763,Gene 27,90
142.6069731151695,492.96408430593976,Gene 27,90
142.33938485887006,478.50398878446606,Gene 27,90
141.43043635737996,489.7566482804341,Gene 27,90
140.75544182212755,486.966118843944,Gene 27,90
143.73053927890433,490.89374602999254,Gene 27,90
141.55890180761415,479.52553084574106,Gene 28,90
141.21920995614957,485.73229594564725,Gene 28,90
140.97434295921414,481.7828948303388,Gene 28,90
142.02388892445765,481.16904462994256,Gene 28,90
141.2413836895847,484.4366411107491,Gene 28,90
143.79238740332164,489.0854024755091,Gene 28,90
143.48379214877826,482.7377610343206,Gene 28,90
143.591246259198,480.5041258508909,Gene 28,90
143.80441317223406,475.7539706708647,Gene 28,90
141.92639386469222,484.5778207099024,Gene 28,90
143.3253908919541,489.08657651704465,Gene 28,90
141.94800537559922,477.69626707125377,Gene 29,90
142.8596987234047,488.2269752779753,Gene 29,90
142.11097913446832,483.9556486339277,Gene 29,90
142.9984140533028,489.24006942648344,Gene 29,90
141.13650285788668,481.73744411434313,Gene 29,90
142.67860068527253,488.23810897211126,Gene 29,90
144.45374439733772,488.1897016277397,Gene 30,90
142.1514339131187,476.67956909913784,Gene 30,90
142.49247277972967,476.04293167128947,Gene 30,90
144.22593523474688,481.75986907133694,Gene 30,90
141.77418435165387,478.38429173406837,Gene 30,90
144.45423545846276,487.087726306351,Gene 31,90
144.1255830893724,477.5970135163528,Gene 31,90
144.4301345551011,480.5955179549573,Gene 31,90
141.42066690521992,489.3790255919027,Gene 31,90
144.19828863358296,481.5885518316627,Gene 32,90
143.94465025691534,481.11086516083515,Gene 32,90
142.6224838813939,475.9661054052897,Gene 32,90
141.91831054622514,486.83874074296017,Gene 33,90
140.93003191106297,485.2864534767543,Gene 36,90
143.11845314689384,479.0214278734147,Gene 37,90
140.90870296273317,480.8141713686067,Gene 37,90
141.27325764343266,479.48424331232485,Gene 37,90
140.81581111541195,482.592095650858,Gene 37,90
149.55554346254462,483.5234363135605,Gene 4,91
151.52555517782525,476.58776888714397,Gene 5,91
150.2316764192866,486.04129054950374,Gene 19,91
149.56600369469157,470.780818365675,Gene 19,91
149.74653097729342,472.8106600991616,Gene 19,91
150.82278452363317,485.64747236546947,Gene 19,91
151.88250018857568,479.3679073695392,Gene 19,91
150.38825961825702,470.7357928123032,Gene 22,91
150.70698228519322,470.0582679176547,Gene 22,91
152.11879547540434,477.8302777981966,Gene 26,91
150.8264788596879,484.12215480398896,Gene 26,91
151.92651219176156,478.76867480299677,Gene 26,91
150.31322108080283,468.5386608477205,Gene 26,91
149.51700689252527,479.99158785999293,Gene 26,91
151.03301935726512,476.7463334668937,Gene 27,91
151.5569541659832,470.3474519528286,Gene 27,91
149.52377325682318,483.4769876013833,Gene 27,91
149.77974928965116,478.09922163313206,Gene 28,91
152.16765966380908,469.651037554273,Gene 28,91
149.7840400530135,474.59063916235834,Gene 28,91
152.12517109360536,474.48185514193653,Gene 28,91
149.67463471433715,477.08614936650014,Gene 28,91
151.50890722214714,485.9109000348845,Gene 28,91
149.73182696545956,485.2754722710808,Gene 28,91
152.1263022267797,475.10825789796445,Gene 29,91
151.64744922020716,475.35088660048075,Gene 29,91
151.78361543427206,468.91537475480675,Gene 29,91
149.80880555066878,483.0148945066599,Gene 29,91
151.06691436281065,470.2487429666552,Gene 29,91
150.53463562531516,474.1917624416802,Gene 30,91
151.0555465295341,472.4337091687063,Gene 31,91
151.90464595670227,483.28251091187116,Gene 31,91
151.61052256407928,483.2246366104698,Gene 31,91
151.88526161732253,482.5226979914159,Gene 31,91
151.96622518797318,478.49873223098393,Gene 32,91
152.09524780509383,471.7869220760627,Gene 32,91
149.29153782248758,479.4293529494793,Gene 32,91
150.52838547889047,484.22777468307,Gene 32,91
150.09433921344888,482.914992936683,Gene 32,91
150.4214341678159,477.0060240716095,Gene 32,91
150.52179315244786,485.26891520642084,Gene 32,91
152.52173753779851,474.38330957999415,Gene 32,91
149.78189348844055,482.19199015056887,Gene 32,91
150.37402154850062,471.0593158710783,Gene 36,91
152.2588000951598,472.47670286614425,Gene 36,91
149.72681482791555,480.0869174584385,Gene 37,91
151.02638039204047,469.52480674439215,Gene 37,91
149.32609257365075,474.6762478517821,Gene 37,91
149.54588855062684,475.9461482530417,Gene 37,91
149.57178487351072,482.92223118724206,Gene 37,91
151.26584647649116,485.96539109626474,Gene 37,91
151.965162102343,470.5586046188539,Gene 40,91
158.88489711105953,482.377044110025,Gene 4,92
161.23971302430405,473.2691916097088,Gene 4,92
165.0418207997745,482.7490177500947,Gene 4,92
163.39962504158797,482.08980331753486,Gene 19,92
159.05885925920185,482.3343523318026,Gene 19,92
160.20183479939433,483.11056690556296,Gene 24,92
156.21388544924147,479.4408350153816,Gene 26,92
161.0744041515217,482.88048684054405,Gene 26,92
160.3659412814893,474.51965944184377,Gene 26,92
162.8888627661194,481.53382112756117,Gene 26,92
157.57071671563827,482.2336046450787,Gene 26,92
165.38171568645794,478.58073672425706,Gene 27,92
164.7925884990594,482.4132803621962,Gene 27,92
161.85968721570134,483.0924203013112,Gene 27,92
157.245793625504,478.7654797594123,Gene 27,92
160.64560531550867,480.80466524770503,Gene 27,92
158.96398915149942,477.86141046077995,Gene 27,92
159.75168573780255,475.1377361139443,Gene 27,92
157.2050060980209,481.1366150910993,Gene 28,92
164.43997098358864,482.1145454556772,Gene 28,92
163.68318907867274,474.56289471261465,Gene 28,92
165.4293517984802,476.6886818141741,Gene 29,92
156.44072048601504,477.59473168498783,Gene 29,92
158.66733937925278,478.28068498843015,Gene 29,92
157.99856452776345,480.4417591672116,Gene 29,92
161.52745240790856,475.4276996104299,Gene 29,92
160.05597546087307,474.41929903154374,Gene 29,92
163.20792444011445,480.8890484665089,Gene 29,92
159.75132732592206,482.4966931968784,Gene 29,92
162.67304285161,482.37631782275986,Gene 29,92
158.6132566980625,479.8194589027241,Gene 29,92
159.47225588048468,482.01618718345605,Gene 30,92
163.31624935486303,482.2332892630006,Gene 30,92
157.60030725528492,480.688774670213,Gene 30,92
158.57995693021365,475.29600784582095,Gene 30,92
163.61603827120342,481.5548369437584,Gene 31,92
165.26692038224832,480.04619642728716,Gene 31,92
165.43136406700958,480.17075493013846,Gene 31,92
160.06543522362634,482.5780741313711,Gene 31,92
160.52499742551544,477.7726636474594,Gene 32,92
160.18395324685926,481.3775466491643,Gene 32,92
156.6802484305081,477.04847534561725,Gene 32,92
165.03359793603607,481.7385401963357,Gene 32,92
164.61295003515107,478.23935800203805,Gene 32,92
159.51741460987884,482.1819709239345,Gene 37,92
169.34869886178126,478.4708840586361,Gene 4,93
170.44507111385266,474.9319380124017,Gene 5,93
171.6574333167281,475.0711853382188,Gene 5,93
172.03732538628626,469.3733281967588,Gene 13,93
165.7433619688536,472.59961917488494,Gene 19,93
173.91658141457935,475.20605953367925,Gene 19,93
168.46473376941404,478.5410722202632,Gene 19,93
168.1046833787047,470.08675333878705,Gene 19,93
169.11567323003686,472.4101630428373,Gene 22,93
168.63175774770838,469.1634446378838,Gene 22,93
172.33963389327627,479.4218566332397,Gene 26,93
172.6533275463864,471.3132655481759,Gene 26,93
175.2276350405838,474.9551235133987,Gene 26,93
167.24886526904186,475.208507571558,Gene 26,93
168.28631533613733,477.30253283000934,Gene 26,93
173.23981669489712,474.6995483827906,Gene 26,93
174.6037742582858,476.64314821642915,Gene 26,93
167.01499249184226,470.8658253656575,Gene 26,93
166.67089589364886,470.52157088726796,Gene 27,93
171.96697530838458,476.5592019603853,Gene 27,93
168.86529677589277,468.5280716515806,Gene 27,93
172.92966281893487,471.58058863667964,Gene 27,93
171.3345506799183,467.78529273466137,Gene 27,93
172.610892894,474.52460247133763,Gene 27,93
166.47468395061185,473.2211566652076,Gene 28,93
169.63831874934687,479.63407954057,Gene 28,93
166.1849432380352,473.8423576752317,Gene 28,93
166.58781324547994,477.2783160232143,Gene 28,93
165.78455032927306,474.13120940412455,Gene 28,93
167.05541522405431,475.079480142872,Gene 28,93
173.04441693406645,474.03109353195026,Gene 28,93
173.4402368672215,470.191719150139,Gene 28,93
174.2003198393544,475.4932311501986,Gene 28,93
168.82621221945303,468.050892441739,Gene 29,93
169.84294393586973,471.0895854024874,Gene 29,93
173.54781377544805,471.89337189752996,Gene 30,93
165.97068460915514,472.09686183365943,Gene 30,93
167.36836725882753,468.21821908493905,Gene 30,93
169.23967119848444,470.11067502811363,Gene 30,93
172.1949517044094,478.88150081046905,Gene 30,93
169.8899462185883,472.13135279559276,Gene 30,93
170.6761659026819,467.8635382872731,Gene 31,93
166.8078616352941,469.5455567956273,Gene 31,93
174.8502855151032,472.97188443528546,Gene 31,93
169.2152403256665,469.1003674051692,Gene 31,93
172.69540398203256,474.6842576309564,Gene 31,93
172.95463712392385,468.9391507306641,Gene 32,93
171.85171615421865,479.2297062887266,Gene 32,93
172.10117964531952,471.4354017976799,Gene 32,93
168.41322842115608,470.6566339140741,Gene 32,93
169.2803351168595,466.9163723238704,Gene 32,93
173.30883980962176,476.2641346971735,Gene 32,93
170.7101620047522,480.77196390644104,Gene 32,93
167.1761620182475,473.2619877893698,Gene 32,93
172.81442469120407,469.8483099631468,Gene 32,93
166.81429533642068,469.32080018406253,Gene 37,93
168.41704246727593,477.5804625490781,Gene 37,93
166.78859828205825,474.5579391737307,Gene 37,93
173.04013429944956,473.59775315140325,Gene 4,94
175.25215495564984,472.221102735681,Gene 4,94
183.88387676482347,477.88296633270477,Gene 4,94
173.25417255696485,473.507061889187,Gene 4,94
173.86058174617392,473.08563483952605,Gene 19,94
174.7741468036935,474.34489625009456,Gene 19,94
177.17565908260548,472.55313134656353,Gene 19,94
179.69916551054268,478.20009744145915,Gene 19,94
176.07857106027248,476.074262658169,Gene 19,94
173.79277865782953,474.63388087577056,Gene 22,94
179.64618038219766,471.9935349883064,Gene 22,94
177.647048199138,478.89468783093173,Gene 26,94
179.8621772948885,471.9529863861622,Gene 26,94
171.30921586360498,474.58514405949444,Gene 26,94
174.0900175389112,472.7561518931243,Gene 26,94
184.21251973410423,475.2713575799663,Gene 27,94
179.0775762000105,476.9937682654054,Gene 27,94
172.37305296020136,475.3065430066412,Gene 27,94
183.17093304215757,475.2519843811287,Gene 27,94
173.9769909484716,473.44040265219076,Gene 27,94
182.16646886375028,476.20385647857694,Gene 28,94
174.1415795957192,474.32263884384406,Gene 28,94
175.49332187971552,471.45042423043134,Gene 28,94
181.23572050368975,476.04872637764936,Gene 28,94
176.95563821758634,476.57099192891934,Gene 28,94
180.17611478975692,472.37736458789146,Gene 28,94
173.53123497130784,474.9659036316901,Gene 28,94
181.13220812108895,472.57528095766065,Gene 28,94
183.9983899808715,476.4904956729922,Gene 28,94
184.95529426370567,474.97200831295976,Gene 28,94
171.65821929929652,473.8613413990258,Gene 28,94
172.83395851534652,478.1617260783122,Gene 28,94
174.27452896113454,472.72336826180793,Gene 29,94
174.33726951961776,477.6389889547776,Gene 29,94
184.37638994205702,477.5839686457941,Gene 29,94
173.9270100868938,473.5157311561822,Gene 29,94
178.6286764060024,476.5237951605039,Gene 29,94
175.20355299886776,477.42406300194796,Gene 29,94
174.79260090400754,476.82982631783466,Gene 29,94
178.16379318036317,478.7876397063398,Gene 30,94
173.7966031613629,474.6038215301523,Gene 31,94
185.02019317703176,475.7845951437644,Gene 31,94
180.21013186979934,472.5135775066171,Gene 31,94
179.23062018692463,476.55865338407034,Gene 32,94
177.1870199713048,471.46579375290224,Gene 32,94
182.73173846054107,476.34137008631467,Gene 32,94
178.9886972672965,476.6566618565404,Gene 32,94
180.69803998318682,473.3820605928374,Gene 32,94
179.7562721134764,473.8677779262855,Gene 32,94
175.34775535991062,477.9194470904811,Gene 32,94
183.38937599351783,476.2640949422822,Gene 32,94
172.2225154401856,476.95805629254926,Gene 32,94
179.5611323816852,473.0342966832527,Gene 32,94
172.69402534960264,476.5954297795329,Gene 33,94
179.3082123158153,475.2029657781261,Gene 36,94
176.9263867076665,471.6859724704418,Gene 37,94
180.59831346663455,476.697960428337,Gene 37,94
182.80525796939824,473.5916420100965,Gene 37,94
178.81061767220817,471.3935450624304,Gene 37,94
176.71590273790758,473.69927311732874,Gene 40,94
105.15550679779889,491.52815283859206,Gene 4,95
105.80089863755238,493.46037649239025,Gene 4,95
105.49167580766866,479.4712053977882,Gene 5,95
108.3524586208812,489.5978343141001,Gene 13,95
106.46873586495478,492.5781166643476,Gene 13,95
105.55533607335457,490.76618308323617,Gene 19,95
103.23028991926736,485.7041528574687,Gene 19,95
106.645445348109,481.77020732569383,Gene 19,95
107.90181649292698,491.0241843392998,Gene 22,95
103.10643898683234,488.0252525179062,Gene 22,95
103.59841295500757,483.633639770501,Gene 22,95
105.08610864726259,484.44088979913136,Gene 22,95
103.94090485396558,480.2796634837756,Gene 26,95
104.95087782030728,478.6175463331389,Gene 26,95
104.81826520975312,488.7841932700428,Gene 26,95
108.20282421758478,491.50892458773376,Gene 27,95
106.22229194097683,481.28972769120634,Gene 27,95
104.94791369566579,478.8126662606919,Gene 27,95
107.92194019119509,487.4510080838238,Gene 27,95
105.82298530101583,479.39347635541105,Gene 28,95
107.2739046874037,491.07679208050985,Gene 28,95
107.1619970798082,492.2205014447127,Gene 28,95
104.03901778185978,483.37269540183894,Gene 28,95
105.4396033470633,482.38224084958136,Gene 28,95
107.27295681124083,489.75675465195917,Gene 29,95
105.87713142951633,488.8887957542447,Gene 29,95
104.41466756267313,480.67303422552175,Gene 29,95
106.39394609997653,483.6710098686296,Gene 29,95
109.39580783641297,488.4077139487171,Gene 29,95
107.3333659680492,478.3111221641855,Gene 29,95
106.75345831802005,487.2438951251693,Gene 29,95
107.93823135488446,490.9162681334018,Gene 29,95
105.46464731312487,484.00451517023475,Gene 30,95
106.33207143038949,478.74764470196715,Gene 31,95
107.30153659700441,486.45078855669834,Gene 31,95
107.66116575605781,490.6647072396893,Gene 31,95
108.35732881531487,481.8273047887818,Gene 31,95
103.40084795790743,487.28937814698804,Gene 31,95
105.04856140066819,479.45661510206116,Gene 32,95
108.01425687787027,491.41024857481483,Gene 32,95
105.68511919707804,489.30977857240026,Gene 32,95
105.16415572409768,480.2075898310387,Gene 32,95
104.32127399639245,487.89413652537337,Gene 32,95
103.91763902895426,484.35699769192234,Gene 32,95
108.27126727744705,487.3759384204831,Gene 32,95
104.79960479586923,489.52774465065136,Gene 32,95
105.23993092912899,480.666840208398,Gene 32,95
109.28605206428932,485.6970438041887,Gene 34,95
107.33063670909627,489.9297937599121,Gene 37,95
107.4021303886352,492.7803293718012,Gene 37,95
103.85572569023422,490.10496933625967,Gene 37,95
107.27116518657985,488.63693679309824,Gene 37,95
105.75493783040548,481.66646445492927,Gene 38,95
117.45391710958503,480.63032656422934,Gene 19,96
113.84098622369336,483.08905178165156,Gene 19,96
111.67298628568011,488.23015390867187,Gene 26,96
113.42986357253,488.72593376018824,Gene 26,96
116.71619731876983,478.84186385742476,Gene 26,96
114.94397421115765,488.10063770114346,Gene 26,96
111.85934443331685,485.52432954980844,Gene 26,96
117.80212878776683,481.1581124764285,Gene 26,96
117.88770798277551,482.1036409007552,Gene 27,96
112.57729980820584,481.81933704268124,Gene 27,96
116.86799498193844,481.5596857102172,Gene 27,96
112.73397228148445,491.0778151120038,Gene 27,96
116.59876585699433,481.16722090283315,Gene 27,96
112.25222333673683,484.67619618248347,Gene 27,96
112.26849727567811,488.27511429980405,Gene 27,96
115.66411796442142,483.3384756900761,Gene 28,96
114.73552966501397,490.09605305363357,Gene 28,96
116.43234086700564,480.89995491529663,Gene 28,96
115.28753344124816,491.32753923921985,Gene 28,96
113.26662545677677,486.3837478887377,Gene 28,96
118.51570463221756,484.75521864904044,Gene 28,96
112.96229707535704,480.37346520026387,Gene 29,96
117.32078717900949,482.0036227043776,Gene 29,96
115.51968226974961,480.9320363529046,Gene 29,96
113.59619878674616,490.3194944253305,Gene 29,96
115.917034576422,490.3067017975744,Gene 29,96
118.53568425714838,483.68613554592457,Gene 29,96
112.48503397942915,489.2661778992463,Gene 29,96
114.1445772872532,486.85149699801053,Gene 29,96
116.3785097004834,479.90677586181425,Gene 29,96
117.79425466812445,488.6182833553285,Gene 29,96
112.87714666493605,485.7028735640651,Gene 29,96
113.64907058086052,491.56721394460817,Gene 29,96
112.7026715075522,484.2763042620789,Gene 30,96
114.05534369510926,479.7799354698053,Gene 31,96
116.69371468907666,491.1367454249134,Gene 31,96
113.61218969667082,479.2800113753814,Gene 31,96
116.96324859971621,484.3544772507178,Gene 32,96
114.59652576667305,491.8188695055347,Gene 32,96
116.19292889874036,485.6422051461772,Gene 32,96
112.69849972862131,480.1829306895124,Gene 32,96
114.73834485313304,480.37321596344606,Gene 32,96
115.12425891985663,479.2504592540851,Gene 33,96
117.98478300442018,481.8128347721465,Gene 35,96
112.7260814015869,489.81913407164285,Gene 37,96
116.14916574091801,482.48998662268974,Gene 37,96
117.35550826293343,486.3036472169202,Gene 37,96
123.40115427364825,475.30289590921944,Gene 4,97
123.51286443963365,477.3564209596578,Gene 5,97
123.38057655048289,488.29468553349324,Gene 19,97
123.88010583650278,476.5529910127999,Gene 26,97
123.38800494766097,479.1830711980004,Gene 26,97
122.37998077492291,476.63573898296096,Gene 26,97
123.66799260666242,489.90365501028384,Gene 26,97
121.85467184316582,478.42394569094,Gene 26,97
123.95369409606717,477.4541712470457,Gene 26,97
125.14471121417235,488.09558393292417,Gene 27,97
123.19758314264969,474.4247834372632,Gene 27,97
124.58920851187705,476.8969276933539,Gene 27,97
125.20463971243466,479.5995689601931,Gene 27,97
121.3548015166704,484.41083353368657,Gene 27,97
122.67459312785573,490.12501142173704,Gene 27,97
124.64052000737753,491.2189991603485,Gene 27,97
123.88937197769823,491.5370900249635,Gene 27,97
121.62930064824191,484.5003252427201,Gene 27,97
122.98328674733395,488.8323802863216,Gene 27,97
124.90805140665537,478.75229320961404,Gene 28,97
124.67412146257607,486.48759141181864,Gene 28,97
123.5151495509042,478.02101891363236,Gene 28,97
122.99774381376773,492.0551674820261,Gene 28,97
123.02496610788128,476.6917779559316,Gene 28,97
125.09741185310511,483.05544641953065,Gene 28,97
121.76177094993595,489.86890698513946,Gene 29,97
123.07713393196477,478.3236086279317,Gene 29,97
124.17749905708135,489.09617536306934,Gene 29,97
124.23500155583332,485.68457298175065,Gene 29,97
121.98155335875535,482.17889241646503,Gene 29,97
125.28024077249776,480.42153221344313,Gene 29,97
123.27168604185293,476.6383576145248,Gene 29,97
123.17280811784399,491.6546170017105,Gene 29,97
122.20976677927834,477.5115182767298,Gene 30,97
124.76706236514819,482.6545430849981,Gene 30,97
125.12436828852056,486.8225787070259,Gene 30,97
122.18396097903477,480.77732542596823,Gene 31,97
122.25430318831394,485.6954320839014,Gene 31,97
124.49595651585939,477.82328872805795,Gene 32,97
125.0318340953161,488.80857112358257,Gene 32,97
124.79467343001863,482.51689798197214,Gene 32,97
122.36039012132422,489.0364544493666,Gene 32,97
121.62626044246711,482.7238505707309,Gene 32,97
122.62075787140385,491.6895943425589,Gene 32,97
123.77206852373283,490.98317913261667,Gene 32,97
123.5554365070527,476.6101771504888,Gene 32,97
124.64545815029759,482.26634057066155,Gene 37,97
122.44482512512285,487.88577542954374,Gene 37,97
125.50279754617497,482.8023982128061,Gene 37,97
122.56693389683286,483.2830125407458,Gene 37,97
125.01806321625173,478.96532543548005,Gene 40,97
135.45174870934466,479.0839896194877,Gene 4,98
135.36149842714374,480.69189787536664,Gene 5,98
135.25159374930885,490.6756226167244,Gene 5,98
132.3315586667046,486.074553974458,Gene 5,98
133.1883289547894,486.95403419718684,Gene 19,98
134.68338148124656,491.08598175265274,Gene 19,98
135.07618773739196,492.5060530421851,Gene 19,98
135.79723494188903,489.887796679609,Gene 22,98
133.59912616911947,487.1389700501231,Gene 26,98
132.69282053515215,481.3338991377476,Gene 26,98
133.56880910548514,493.7283737637999,Gene 26,98
136.00632628906735,481.55556215789244,Gene 26,98
135.23218978089122,484.2138004658986,Gene 27,98
134.2607937484679,477.6731616800163,Gene 27,98
133.22803419348276,484.3195014682512,Gene 28,98
133.58819669415522,478.3969463680503,Gene 28,98
133.7843790890206,481.6379871570009,Gene 28,98
134.91629560678373,482.60823646194274,Gene 28,98
133.2929099185824,485.26389259412804,Gene 28,98
135.82281942987433,486.77545064741656,Gene 29,98
135.08619747372634,491.7314477994777,Gene 29,98
133.69653568619916,491.5211138326652,Gene 29,98
135.60035984070979,491.7821797197591,Gene 29,98
135.74620697882364,483.49416192955135,Gene 29,98
132.25724892657868,482.78900670735015,Gene 29,98
134.49368033689942,492.71771094505436,Gene 29,98
136.18638679921096,484.532182149227,Gene 30,98
134.55503636033652,490.4630111258046,Gene 30,98
134.9028234131679,479.7659467733615,Gene 30,98
132.6779748381583,483.7111505709485,Gene 30,98
132.91858964764197,481.5681879966355,Gene 31,98
133.98974179480481,480.3538881787731,Gene 31,98
134.7090742392665,489.7764646680846,Gene 32,98
133.401337322534,480.236315132768,Gene 32,98
135.979666939799,478.70546365457653,Gene 32,98
132.6784618996183,477.8706141018588,Gene 37,98
133.0600466334842,490.9179561330519,Gene 37,98
135.83375810245997,482.1420739172933,Gene 37,98
134.7492798998605,491.58213359133543,Gene 37,98
135.40758642402338,485.0849034679512,Gene 37,98
132.32983252987725,484.63019639169937,Gene 38,98
135.29291416533104,480.0280393379245,Gene 40,98
144.87569085213227,486.63073069266085,Gene 4,99
145.04089276754615,485.02979764251637,Gene 5,99
144.50776976925167,478.41657700390977,Gene 19,99
147.8006945457481,480.0096441323329,Gene 19,99
147.26861433031527,489.6077117100771,Gene 19,99
145.66581107423593,478.98141466800183,Gene 22,99
144.79116561009644,488.0688030455814,Gene 22,99
147.3072557321619,475.62296452591715,Gene 26,99
147.91121719187225,478.43368959569665,Gene 26,99
148.4089235063981,475.622961325023,Gene 26,99
149.38144806609662,480.57549598163723,Gene 26,99
145.52146980839922,483.9531370409956,Gene 26,99
146.77362571537134,473.9226121499575,Gene 26,99
147.77794024986585,477.49772834952427,Gene 27,99
148.55706594965648,478.17867182585246,Gene 27,99
149.18920686591667,484.31801600420977,Gene 27,99
146.2775201905319,489.35742537847955,Gene 27,99
145.02277627068352,477.047553288686,Gene 27,99
147.42965510286686,474.0726906757186,Gene 28,99
149.0023698849054,487.0249730719928,Gene 28,99
148.33027247506536,480.0462061928232,Gene 28,99
147.66712195328668,490.0064799381286,Gene 29,99
146.88465574008023,473.4097230258723,Gene 29,99
148.18613835729406,482.0558071215535,Gene 29,99
145.711709089435,486.80023466687936,Gene 29,99
149.11748935577265,480.1794917490282,Gene 29,99
148.89616708701445,486.1756719018306,Gene 29,99
148.09964782350397,479.8880858130474,Gene 29,99
146.20655749695794,475.952715158718,Gene 30,99
148.05052294973768,477.5867339881389,Gene 30,99
148.71379961959747,479.8517124613486,Gene 30,99
147.37158151767466,489.64622952210726,Gene 31,99
149.52750858644782,483.16648679448014,Gene 31,99
149.26185263456316,484.13965850763964,Gene 31,99
144.93799026774343,487.96605859267993,Gene 32,99
147.48754732212893,482.07793366112156,Gene 32,99
144.36530539243296,482.4266339376573,Gene 32,99
147.86931328600437,486.201795441055,Gene 33,99
146.02081154807829,490.07876514390847,Gene 34,99
147.56907005047074,489.86920404631627,Gene 37,99
144.19631632798334,483.2794892577771,Gene 37,99
148.17147796423293,486.82073770802526,Gene 37,99
147.3726565833876,476.64771998109353,Gene 37,99
148.4922477329238,476.7291398905651,Gene 37,99
144.62174994584527,482.7870645492204,Gene 37,99
149.2579420000239,484.02735128678665,Gene 37,99
146.15884249004793,487.61334308746973,Gene 37,99
147.0518577235683,488.2303082626817,Gene 37,99
147.27335047893956,479.7224748140069,Gene 3,100
153.34742952684206,487.05497389059786,Gene 4,100
151.86525192507503,479.10165958178015,Gene 5,100
147.98691768775046,486.5611617224949,Gene 13,100
153.88294128815795,485.5345396588264,Gene 19,100
147.04186163880095,481.5587387654347,Gene 22,100
147.97623587595535,486.4814104828406,Gene 26,100
152.40084715570924,478.81151396339504,Gene 26,100
149.94890572467324,490.81841203739424,Gene 26,100
151.78312844346226,482.77474842032103,Gene 26,100
151.9091005879457,479.14727121114583,Gene 26,100
147.19469443518008,481.35082922088225,Gene 27,100
149.97757295839207,478.0186609271834,Gene 27,100
148.74253351006817,483.95244518818515,Gene 27,100
153.53166906533863,481.28580109098317,Gene 27,100
150.29752946688765,478.459880453069,Gene 27,100
153.04928040490006,487.92809992229763,Gene 27,100
147.2151604207369,482.22723938045715,Gene 27,100
148.4050054224853,478.17198328874247,Gene 28,100
148.3592742360536,485.07063896792715,Gene 28,100
149.79449318672712,479.68484448760324,Gene 28,100
149.0297924193633,483.290256742622,Gene 28,100
150.21366273493823,480.2236384330505,Gene 28,100
151.8199714196128,488.08412322245334,Gene 28,100
153.16678907777052,485.61493825448673,Gene 28,100
150.7421089097132,480.06498553180177,Gene 28,100
149.3574014416381,489.3213606501079,Gene 28,100
153.44256303598067,482.92267621025735,Gene 29,100
153.58620953731966,487.73442375838584,Gene 29,100
152.57815334828237,480.9672899922701,Gene 29,100
151.39393438457216,478.9409838316315,Gene 29,100
151.1304636267482,479.9370144764061,Gene 29,100
147.8303850830324,482.07120684492685,Gene 29,100
147.32154575327615,482.0722084052603,Gene 29,100
152.89933364859115,479.8578930134817,Gene 29,100
150.1896627502189,478.0854312940352,Gene 29,100
147.14700316350564,481.2482171667013,Gene 29,100
152.41571204001963,479.360893498763,Gene 29,100
151.23417027307755,480.93702218745034,Gene 30,100
154.3696696950402,485.25454250473837,Gene 30,100
147.46002359634014,486.1630489334395,Gene 30,100
149.43186839081312,479.6464962747886,Gene 30,100
148.8159216325173,491.1103057963117,Gene 30,100
149.39734555910576,489.287692502454,Gene 30,100
152.4426391383894,482.6526035436288,Gene 30,100
147.18403178416517,488.2678914575061,Gene 30,100
147.01012821647993,481.9893663790287,Gene 30,100
149.47656919257696,486.75920222526264,Gene 30,100
148.8463868285606,488.2526238113075,Gene 30,100
153.6080470353487,488.81519773579333,Gene 31,100
150.33920852299153,481.6029324939191,Gene 31,100
149.20676075300233,491.0914216708885,Gene 31,100
148.4416643106808,488.43417084652725,Gene 31,100
154.45201126248256,486.85946397346714,Gene 31,100
152.1049553508392,486.7250217993011,Gene 31,100
146.78845107313367,488.41600235679834,Gene 31,100
147.16413262760665,480.4234624611503,Gene 32,100
153.7304320960104,481.4340246642067,Gene 32,100
152.66580455800016,479.2555150953564,Gene 32,100
150.0395018825872,479.71557044118566,Gene 32,100
152.88093150368982,486.81259194643735,Gene 35,100
152.49146232766816,479.7512854131136,Gene 37,100
151.8545105980423,489.6800898348934,Gene 37,100
150.56150002020982,488.7410564123635,Gene 37,100
149.85933948191115,491.98303527178984,Gene 37,100
150.35050068621675,478.81169950949953,Gene 37,100
153.47408217042943,480.89184567358785,Gene 37,100
150.67497692778315,489.87333162141135,Gene 37,100
165.48713237175878,484.0912283539383,Gene 4,101
165.78762031000323,485.569196605315,Gene 4,101
165.965343536287,482.8520314268003,Gene 19,101
165.70600066782552,482.0646529033169,Gene 22,101
162.12025195508298,492.31399040231474,Gene 26,101
163.1319946852308,491.43453374585846,Gene 26,101
163.78314248295598,491.46400867102017,Gene 26,101
163.3380708512432,490.9503260874152,Gene 26,101
162.44022209918808,491.27507715368915,Gene 27,101
165.32645987911894,488.0851043260229,Gene 27,101
163.8114684115441,478.7897952907237,Gene 27,101
164.81494996332952,487.994133590394,Gene 27,101
161.80773223819236,481.70885024408915,Gene 27,101
161.98815480957776,483.6691537803966,Gene 27,101
165.18705037248938,485.7762332528818,Gene 28,101
165.00715747954536,478.61066490863016,Gene 28,101
164.80850964240142,492.80047612974585,Gene 28,101
163.20136787945717,490.3166175874285,Gene 28,101
164.76636140112848,483.0296230123011,Gene 28,101
162.3215679381341,481.34859808809654,Gene 28,101
161.5143947495476,487.0723221484339,Gene 29,101
162.12642902810214,480.0456348255605,Gene 29,101
161.98044324342408,485.25108415932556,Gene 29,101
165.9987612026794,484.13931538113525,Gene 29,101
165.91818262307166,487.402896160291,Gene 30,101
165.682442173656,481.4967526654493,Gene 32,101
162.51837291622562,490.328596035181,Gene 32,101
162.68296050557996,476.7627277005585,Gene 32,101
164.35242637612117,492.5371331916091,Gene 33,101
163.26149394984384,492.0371905235902,Gene 36,101
164.58826662398727,477.6514493272955,Gene 37,101
163.96690654314307,480.1814519835836,Gene 37,101
178.69557551966082,487.401779950341,Gene 4,102
177.44636948757935,491.3940486774492,Gene 5,102
174.37107373547633,480.3407123417129,Gene 5,102
174.55283788866493,489.6470018805492,Gene 16,102
179.07750901551094,489.1123412387153,Gene 22,102
173.80861244981327,482.5945684309659,Gene 26,102
174.4597512549257,492.63675565887405,Gene 26,102
173.45333087383767,489.24878743765316,Gene 26,102
175.795185241952,481.9355976945665,Gene 26,102
176.55220787548208,482.6223878549701,Gene 27,102
174.3899396779849,493.0947327800827,Gene 27,102
174.34577931257573,491.68666735391207,Gene 27,102
175.90283611436337,481.0184337656289,Gene 27,102
174.34266441423793,485.053914248228,Gene 27,102
175.2076631325189,479.26955592194724,Gene 27,102
177.49198330153334,480.28211827887657,Gene 28,102
175.76856708068593,479.95696539416514,Gene 28,102
179.01226044840243,481.9132636497634,Gene 28,102
175.65305507944026,492.49958232878544,Gene 28,102
178.37851902068942,481.3413667633747,Gene 28,102
173.96241425974864,480.9562120812056,Gene 29,102
178.04011083468077,481.9509583635755,Gene 29,102
176.6236812085884,480.2887415533604,Gene 29,102
175.1395313517599,491.4502955046802,Gene 29,102
174.29370176702383,488.12149332667815,Gene 29,102
178.27148941464907,486.0178919958609,Gene 29,102
174.24081185156788,479.79929636134483,Gene 29,102
178.8132207984126,489.9671521234023,Gene 29,102
176.9709042200615,491.70942166948333,Gene 30,102
178.8381919252191,485.82204514,Gene 30,102
174.8595707053322,491.41915192126095,Gene 30,102
177.8336661960114,483.2437553282248,Gene 31,102
174.9855296480374,482.62660337822155,Gene 32,102
175.42944564170202,494.1789225263238,Gene 32,102
179.33681913597047,490.072143231241,Gene 32,102
179.1933135699856,482.9575309922648,Gene 32,102
175.29642536756342,481.95738467221594,Gene 33,102
175.7154172117689,487.55567893419254,Gene 36,102
178.87594077750947,483.99017714232775,Gene 37,102
174.10475373002808,481.31091431553926,Gene 38,102
99.15077050513575,493.5774235791062,Gene 4,103
100.10966153856798,492.20937098094663,Gene 4,103
98.7966100800886,499.2755245872105,Gene 13,103
99.94031320514914,500.3282170162793,Gene 22,103
100.44099237284773,500.2294962376434,Gene 26,103
99.79901870632233,495.93930240635825,Gene 26,103
101.35430886668036,490.61133639008983,Gene 26,103
100.57758268598252,498.1626859243821,Gene 26,103
100.51665556882013,502.49447794952937,Gene 26,103
98.626968023026,497.7479481499323,Gene 26,103
100.52094826489882,498.96771381235476,Gene 27,103
101.02892732819532,494.57804923662684,Gene 27,103
101.1485760904368,495.74342204279895,Gene 27,103
101.08762316946596,490.12461903352875,Gene 27,103
101.02720602004027,500.7235750776941,Gene 27,103
101.22774608329512,492.15029566911585,Gene 27,103
101.64544555100774,496.0059294996043,Gene 27,103
101.49546179356874,496.709202336872,Gene 27,103
100.25234452898421,502.5460112208188,Gene 27,103
99.03991548880768,488.73221858384613,Gene 27,103
99.4940938762443,498.4368218154424,Gene 27,103
99.74653062748054,503.1068970546636,Gene 28,103
98.56900820672445,496.7578081473063,Gene 28,103
99.72642154720441,484.7034601193252,Gene 28,103
100.0990294178015,500.2613282113755,Gene 28,103
98.53480013084015,497.5579679513638,Gene 28,103
99.59039072066028,491.82679397293356,Gene 28,103
100.11852037318714,491.1151117495965,Gene 28,103
100.68427078212764,500.52130231885457,Gene 29,103
98.7015242899977,495.7410449362878,Gene 29,103
100.1897985795455,486.9352882433017,Gene 29,103
100.8955395586967,485.80611393900125,Gene 29,103
99.60256400084866,486.6559992568855,Gene 29,103
99.59273897330279,489.57454834427386,Gene 30,103
99.44932124441692,500.49602328984605,Gene 30,103
101.18376500665266,489.3201981532126,Gene 30,103
101.61394032784415,492.9645448467252,Gene 30,103
99.9160342310987,487.65490808081256,Gene 30,103
101.08242916816727,500.44861927925473,Gene 30,103
101.04813012688453,494.9248726770144,Gene 31,103
100.74005644803692,501.78997928747356,Gene 31,103
100.39374154490636,504.1086568156186,Gene 32,103
101.34692519660761,494.2510208295692,Gene 32,103
99.63785971764372,485.782374284627,Gene 32,103
99.58909092486049,501.53018247540734,Gene 32,103
101.3545262767768,495.51755919986283,Gene 32,103
99.69706826856952,488.58649664020606,Gene 35,103
98.79115286647907,495.3685841849045,Gene 37,103
100.90719270582713,493.31465396787564,Gene 40,103
109.76501741913292,491.0648197386819,Gene 4,104
110.94538585748559,501.92303164194664,Gene 4,104
110.25774616850467,486.59654896179813,Gene 5,104
113.00392488885147,495.98516706970145,Gene 19,104
109.74317646968987,495.2840286585967,Gene 19,104
112.38322912872127,499.5200887436621,Gene 22,104
110.09605846952878,490.38420188317616,Gene 26,104
112.8877727835149,491.50590507957105,Gene 26,104
111.85818035054069,494.81082256993915,Gene 26,104
112.18162533906252,501.91772838292127,Gene 26,104
110.09261699754406,499.2976912950159,Gene 26,104
111.6742052170247,500.5356835399496,Gene 26,104
112.70323887078168,498.116054387212,Gene 26,104
112.66911691485147,490.1477699920436,Gene 26,104
112.51302907412166,492.87390558320095,Gene 26,104
110.04076462194922,497.92439060481286,Gene 27,104
112.06934225670561,498.17662193265176,Gene 27,104
110.25723843875222,497.73091988913586,Gene 27,104
112.63324037077658,488.58624069600086,Gene 27,104
110.23665460804803,491.2307585467368,Gene 27,104
110.69176276243269,487.1331461702428,Gene 27,104
110.1756302618048,494.5740844194518,Gene 27,104
113.03744983114447,493.51901627616957,Gene 27,104
111.8465590703721,492.7710353013241,Gene 27,104
111.3087189046843,495.23377032846633,Gene 27,104
109.80411759136861,489.6950230516113,Gene 28,104
111.13358654362978,488.1928358884426,Gene 28,104
112.55113692740375,497.1037005202482,Gene 28,104
110.31911990640062,496.81456307297844,Gene 28,104
110.80402058054003,499.9321200874691,Gene 28,104
112.46353839281656,492.46246247698065,Gene 28,104
112.34213965946613,487.27534894075325,Gene 28,104
110.4726090319218,491.73409842607447,Gene 28,104
112.34966423202385,489.8643092989677,Gene 29,104
111.14883896212142,487.55185328220034,Gene 29,104
110.79460028371554,487.0559233429339,Gene 29,104
111.37266710048094,500.8595048653323,Gene 29,104
110.53115623773046,486.88068450983053,Gene 29,104
111.0330302579675,499.6182856174618,Gene 29,104
110.27543497347307,487.21073978658745,Gene 30,104
112.1682017248738,488.8108030038156,Gene 30,104
113.36050187000123,493.0689053863052,Gene 30,104
111.56171387712033,496.59889523877723,Gene 30,104
110.4759207616969,493.4406736112943,Gene 31,104
109.61073420496609,491.00099775301646,Gene 31,104
110.33528312707432,495.2107136622616,Gene 31,104
110.45205649886681,488.11010088630917,Gene 31,104
112.23459076085855,488.059194442681,Gene 32,104
112.06452785073851,499.26522694527404,Gene 32,104
110.50119332658535,486.6351314998619,Gene 32,104
111.18887477532999,488.0048279724752,Gene 32,104
109.65456667377227,490.3232284171202,Gene 32,104
109.86710676177697,498.3119277738031,Gene 32,104
112.08864991184018,497.83968798343784,Gene 32,104
111.74304534353836,485.3372018623577,Gene 37,104
111.46497129536996,501.99376442640613,Gene 37,104
111.79561446029751,500.58567051098987,Gene 37,104
110.08762629080267,499.0801177015398,Gene 37,104
109.99112918942389,498.3301606961406,Gene 49,104
124.230842735917,495.2348080067456,Gene 13,105
121.42916101366954,499.61431694383174,Gene 19,105
120.86014307894676,498.16639902853075,Gene 19,105
121.64094966098165,501.46178201496076,Gene 22,105
119.98785315793702,494.8246219616643,Gene 26,105
121.0717869920402,489.90019936534526,Gene 26,105
122.31995446458349,489.5283440243748,Gene 26,105
123.14649364461135,491.9055259463098,Gene 26,105
122.35201344348805,498.7330269049043,Gene 26,105
118.6523091132511,497.3788484536847,Gene 27,105
125.66810909863558,494.79413916936295,Gene 27,105
123.63592415364664,492.36650724398413,Gene 27,105
117.79511119101026,497.4044617749128,Gene 27,105
122.0415200781384,489.5246960786068,Gene 27,105
119.71302934914128,495.423050142256,Gene 27,105
120.48724483030647,496.5823458645559,Gene 27,105
118.45022733735024,501.4742653332287,Gene 27,105
118.79000929173762,493.02897600531566,Gene 28,105
117.01000097288063,493.29889996638263,Gene 29,105
116.62373836659762,496.8051737095235,Gene 29,105
118.45281086319477,489.7683844808753,Gene 29,105
117.61328503474034,493.5376099418521,Gene 29,105
122.72311107832991,501.2596341687706,Gene 29,105
121.06310534701434,499.8328821737,Gene 29,105
118.35064438365355,490.93388894106425,Gene 30,105
124.53580844872718,495.9374094046515,Gene 30,105
121.45011017099378,492.8114295544664,Gene 31,105
124.11451465646294,497.2114548410017,Gene 31,105
125.66555767921948,497.5036308432475,Gene 32,105
117.5521319457595,494.95519607760707,Gene 32,105
119.51153148053876,489.97337698387344,Gene 32,105
122.40577403012912,498.9999227613113,Gene 33,105
124.16926293185801,495.13029026753225,Gene 36,105
119.30542720578421,500.47243552603067,Gene 37,105
118.70547247686133,489.7395421084589,Gene 37,105
116.37261524793283,497.5875649785107,Gene 37,105
129.31855419169008,490.28511875323875,Gene 4,106
129.47930664242872,488.44468290620716,Gene 5,106
131.65266522302014,485.23187852902765,Gene 16,106
132.63481261072874,492.67254216491193,Gene 19,106
129.79499800619186,488.8583488477712,Gene 26,106
130.854498273591,487.08657123696133,Gene 26,106
130.4745963810842,487.8977730593658,Gene 26,106
130.15264997847646,491.59277343701064,Gene 26,106
129.82442880600033,496.3787397934687,Gene 27,106
131.57612941172664,482.63768406105595,Gene 27,106
132.91361371846338,494.68945886362496,Gene 27,106
129.67786781466305,486.20732895658404,Gene 27,106
129.48704895444737,489.27307913676634,Gene 27,106
131.17718376637671,501.50907609365464,Gene 27,106
131.7456235124289,488.3896865632231,Gene 28,106
130.74986533755407,485.91411799270907,Gene 28,106
133.04295377720706,494.72844164410697,Gene 29,106
130.8343270868882,499.22525999008764,Gene 29,106
130.59852866070565,497.8585201076524,Gene 29,106
130.2079880611799,489.7815095090078,Gene 29,106
132.35208129658585,493.1947668217222,Gene 29,106
131.88672700938486,499.4612519511734,Gene 29,106
129.35624450410157,495.26187241633073,Gene 29,106
130.5797564328123,486.64495425327027,Gene 29,106
131.3219701824197,495.36446229835275,Gene 29,106
131.88168090473826,499.04847333837444,Gene 29,106
130.93782690185338,483.9905038375763,Gene 30,106
131.10665629883687,488.7164379041869,Gene 30,106
131.91605713175346,496.1121540910462,Gene 31,106
130.92549169907667,501.22604622423256,Gene 31,106
132.03992229406546,495.46545509893076,Gene 32,106
132.42920578915673,486.04583067155824,Gene 32,106
131.8417997227043,486.96524966591016,Gene 32,106
132.10486668207798,498.31299908117916,Gene 32,106
131.0145251708028,484.14179299980964,Gene 32,106
133.24575446310345,495.68401799528044,Gene 32,106
129.15539945536253,495.8964339092502,Gene 32,106
132.47642753734013,490.6997028976199,Gene 32,106
132.69572385433236,488.4858120659356,Gene 32,106
130.3139255264733,494.8813021699927,Gene 34,106
132.69137385965777,487.44597361424206,Gene 35,106
132.09782684654667,496.4246746191322,Gene 37,106
130.74473802151752,498.5698235193371,Gene 37,106
131.90912190112257,499.4528870338074,Gene 37,106
140.26967916103465,499.7328921602281,Gene 4,107
143.68414641374534,497.0912079866413,Gene 4,107
141.54890987284224,492.2668925547709,Gene 4,107
142.42133914688972,493.4508912463827,Gene 5,107
144.5766716478132,494.45384487367573,Gene 16,107
141.10775357239194,489.7832367719263,Gene 16,107
140.4252266822455,497.38610538577666,Gene 19,107
145.1618496563613,492.22530161824363,Gene 19,107
139.1037867773619,492.0027006640604,Gene 19,107
142.74468178292537,488.6015365681803,Gene 22,107
143.40901630951632,491.4218009626549,Gene 26,107
140.03897871855088,499.50632123769685,Gene 26,107
141.1573418231732,490.66989236730683,Gene 26,107
141.21935654893,499.9184660459913,Gene 26,107
142.37302591512696,487.4957661328038,Gene 26,107
141.83997512929915,489.51268338916947,Gene 26,107
143.3306971040447,490.5441990997078,Gene 26,107
141.6816225325504,493.4089975222032,Gene 26,107
143.6511045302959,494.1743003900078,Gene 27,107
144.45467191304462,498.6110487420616,Gene 27,107
141.19567414985974,491.7449998899202,Gene 27,107
140.13077987489748,492.1977812326657,Gene 27,107
144.668920418036,490.16262121656644,Gene 27,107
141.85741761123768,486.97975408153485,Gene 27,107
139.8596118278658,491.26422380079094,Gene 27,107
139.3056076849695,492.17701618511774,Gene 28,107
139.81300219622395,494.365864077758,Gene 28,107
141.785319901425,501.0870088059433,Gene 28,107
140.72106344598896,493.4438369896899,Gene 28,107
139.4481184245896,489.76013840551724,Gene 29,107
139.91105960255814,494.2834768579867,Gene 29,107
142.15208548963028,496.9790419897058,Gene 29,107
140.33082424550534,491.7778562184426,Gene 29,107
143.17563848483834,501.15405233228074,Gene 29,107
141.5127972389922,490.5998658707776,Gene 29,107
145.16058742123755,493.3337118169226,Gene 29,107
141.61544237645919,489.962772527737,Gene 30,107
140.28288284549083,498.7390891839396,Gene 30,107
140.11104656007325,495.184650040342,Gene 31,107
139.1688539946832,494.95326908362165,Gene 31,107
144.56719345082047,493.8123136176043,Gene 31,107
144.11422995970327,492.97040946489545,Gene 32,107
139.3115470704416,498.7478595272174,Gene 32,107
144.26091125332016,490.0707191491261,Gene 32,107
140.89676819573754,488.0289095802769,Gene 32,107
144.14052831540093,488.95523085663405,Gene 32,107
140.7024158666517,495.1958743626813,Gene 32,107
143.3897349690391,488.03389729084967,Gene 37,107
143.5034226389001,492.602670187112,Gene 37,107
143.39350484494835,491.56867350532315,Gene 37,107
140.53094961894882,498.27758641315154,Gene 37,107
142.02964890687218,501.0471325669299,Gene 37,107
140.7474946280991,493.1433024009651,Gene 37,107
140.28806874548155,501.8168443131517,Gene 37,107
142.45943375864246,498.5251589398298,Gene 37,107
148.97077447262316,493.9896385299452,Gene 4,108
150.89072284133425,489.31860230014536,Gene 5,108
152.39511533433546,487.9295915207325,Gene 19,108
154.80259134224394,492.5035306780218,Gene 19,108
152.23407635674562,488.7858568481253,Gene 19,108
151.1802001817883,491.268674060144,Gene 19,108
155.3362791312584,491.61666641031786,Gene 19,108
148.13771132490862,497.08349021171193,Gene 19,108
154.38638075939448,491.99369305513466,Gene 22,108
149.98734384833176,490.94127271657453,Gene 22,108
153.7023008688644,501.291891897308,Gene 26,108
155.03807857152148,496.73499320682413,Gene 26,108
150.29614177256434,497.39491447669883,Gene 26,108
153.8392896471146,500.94810067406723,Gene 26,108
149.1556533985031,493.1765879650888,Gene 26,108
152.63758478543954,487.65897090540545,Gene 26,108
151.53125536026718,488.88920078838623,Gene 26,108
156.38518228432244,494.40883920006445,Gene 26,108
150.960585998235,491.7784127988597,Gene 27,108
148.71552803139457,490.07417344876757,Gene 27,108
152.76906665554426,494.64024132183374,Gene 27,108
148.42768929371212,498.2882316500208,Gene 27,108
153.3434864503042,500.0060668310337,Gene 27,108
153.83700571141756,495.0679347039359,Gene 27,108
154.71520549605808,494.7797294880858,Gene 27,108
153.5519659203998,498.2894596274112,Gene 28,108
154.55776411986662,492.51128030464736,Gene 28,108
149.20663286195457,495.41778210911247,Gene 28,108
149.39956656260168,497.0677978828482,Gene 29,108
149.35181316204654,499.1732747218319,Gene 29,108
155.7793118012047,497.2390401784204,Gene 29,108
153.71969566128544,498.79933018442995,Gene 29,108
150.15899529309104,497.027575214798,Gene 29,108
149.97012586342944,488.71143567911895,Gene 29,108
150.81330760104018,488.99468874800573,Gene 29,108
153.24122713920914,491.8456416749913,Gene 29,108
152.08585822980768,487.88099209997574,Gene 29,108
153.33798625166645,489.2483581715525,Gene 29,108
155.90275860901522,493.269065967291,Gene 29,108
148.3057743916836,495.20448228529193,Gene 29,108
148.87646495591142,494.38397523424464,Gene 29,108
153.2230420072058,501.48220186877893,Gene 29,108
154.43047797095574,491.71065182111704,Gene 29,108
152.95649534682101,491.74164960264574,Gene 30,108
155.16459424269468,493.00894458659764,Gene 30,108
150.86645019293059,491.8614231928092,Gene 30,108
149.64426678648914,493.6152545695337,Gene 30,108
153.27906279667963,488.79911428170783,Gene 30,108
149.0661550419883,497.5666918953384,Gene 30,108
154.00288246519588,501.36096863391646,Gene 30,108
154.20146681935054,497.890796366455,Gene 30,108
151.3020922549334,498.26530315845116,Gene 30,108
154.43208417263247,492.42831359283286,Gene 30,108
154.7664511691527,491.17783643111153,Gene 31,108
151.43530362420535,500.2766426168377,Gene 31,108
150.18923401333768,500.93614927560645,Gene 32,108
156.29762292959353,494.4676089524071,Gene 32,108
148.34807223059542,494.70033213075135,Gene 32,108
153.30965427422566,495.14891721818856,Gene 32,108
150.05968516531377,494.5738135270642,Gene 33,108
149.28831720730068,492.12210080116637,Gene 34,108
154.08236690592076,501.35103553804635,Gene 37,108
150.64176614306632,491.5915255963336,Gene 37,108
149.20017687080087,490.88049302008096,Gene 37,108
150.40427475861483,490.0439382534203,Gene 37,108
156.28751113860392,499.28007299766136,Gene 5,109
158.50917139755765,501.90239529066696,Gene 5,109
156.7610615420969,502.08160097973393,Gene 19,109
155.00731457791085,494.86171965392975,Gene 19,109
160.39807241713044,495.28021584936465,Gene 19,109
159.68076163472898,490.2494757784671,Gene 22,109
155.43715195927373,487.7652980814242,Gene 26,109
159.86790913765682,493.246002712752,Gene 26,109
158.7009274677366,492.3683739765679,Gene 26,109
156.58231209476136,499.3545874517276,Gene 26,109
159.8175279735222,491.5488903872246,Gene 26,109
157.9001365141157,502.36353367397106,Gene 26,109
158.6838427126334,501.4586609656977,Gene 26,109
159.61611999178078,500.80824764136145,Gene 27,109
157.8006146572903,488.1685900442526,Gene 27,109
159.71667917473263,494.9497302255515,Gene 27,109
155.11584346667928,490.9784304128904,Gene 27,109
158.47694334247788,492.2821775134645,Gene 28,109
158.57422521857777,490.7142555664296,Gene 28,109
156.6958760383396,488.9800282200366,Gene 28,109
157.69466524799464,489.9444445419173,Gene 29,109
157.60359390498584,501.0053592747226,Gene 29,109
155.111459748416,500.7413777937704,Gene 29,109
157.00111137895607,487.6685960631172,Gene 29,109
156.5494314566638,491.7135307732609,Gene 29,109
158.36602647626577,491.74501169683117,Gene 29,109
153.66528952366292,495.904034462454,Gene 29,109
160.0657987912743,492.0637380073953,Gene 29,109
157.31486172755552,502.7793400792948,Gene 31,109
155.5765630556677,497.06516158028586,Gene 31,109
156.6208763831094,500.94215002949653,Gene 32,109
160.17361345735142,496.838308343698,Gene 32,109
158.2557450029523,499.7645640267761,Gene 32,109
158.2540370319529,498.0385275524311,Gene 32,109
153.84623605201102,494.1932305274347,Gene 37,109
156.47147041816822,489.91603521627235,Gene 37,109
156.04534607641267,491.40022299140816,Gene 37,109
155.6177142791715,496.2426360373962,Gene 38,109
171.3235407086598,502.45467308063223,Gene 4,110
172.39551031358351,490.0827519404355,Gene 4,110
169.70263879875563,499.0380477017669,Gene 13,110
171.98363913698213,499.279208967919,Gene 19,110
171.2934704161965,502.12594270613084,Gene 26,110
171.0778451284282,501.88994724040407,Gene 26,110
167.58463759774764,491.7621833961937,Gene 26,110
168.77721528435043,498.029267502282,Gene 26,110
167.9430741794334,495.4214142506594,Gene 26,110
170.50929248110936,501.07238900911614,Gene 26,110
170.51273564428803,487.9346426305786,Gene 26,110
170.3479308968647,490.21128239577183,Gene 27,110
168.89521620753715,493.52601482208155,Gene 27,110
171.8237847628222,501.89350201760453,Gene 27,110
168.83488773924864,491.60563549472147,Gene 27,110
169.22186921810905,499.0130156728613,Gene 27,110
168.06784605032115,495.69467427500666,Gene 27,110
168.26756018158534,496.0267577335195,Gene 27,110
171.11204949221883,496.83696921406255,Gene 28,110
173.2178198032053,498.7038675185048,Gene 28,110
171.69973282578397,499.44186054552847,Gene 28,110
171.0845134397269,488.77026853898144,Gene 28,110
172.29006510161847,490.79686859749734,Gene 28,110
168.41904537686491,498.7751908530154,Gene 29,110
169.90890363737833,487.46412278002504,Gene 29,110
169.64947553711687,488.2144598912957,Gene 29,110
169.01833802283758,494.21955146773627,Gene 29,110
170.5979332052317,501.8603208294748,Gene 29,110
172.85576990053718,493.5254908295889,Gene 30,110
171.35946599391644,490.0225099254603,Gene 30,110
171.70632139685281,489.89542010155736,Gene 30,110
170.04194762202061,490.8251659201946,Gene 30,110
169.09369365895975,494.5106541911259,Gene 31,110
168.47748343360934,491.6751038006765,Gene 31,110
169.9255016396394,487.25782466060735,Gene 32,110
168.73693971439033,490.10435300636647,Gene 32,110
171.46341247436533,489.2011074946439,Gene 32,110
172.83918314167383,495.44369044326237,Gene 32,110
169.71262628068368,489.8904584965348,Gene 32,110
169.5179658517524,498.2442125246033,Gene 37,110
168.01350165992432,493.8770143458623,Gene 37,110
168.96165805594427,500.16993135770133,Gene 37,110
168.6480916600205,498.1866159145783,Gene 37,110
184.74981360277812,490.4675976130082,Gene 13,111
179.68535555878435,497.1791902186635,Gene 19,111
181.57462243377142,488.98938392503504,Gene 22,111
182.94683952224833,495.8848804304627,Gene 22,111
184.73966145328214,488.78936531695086,Gene 22,111
179.47957277998182,498.2997426942369,Gene 26,111
179.64222064888344,499.26233333011453,Gene 26,111
178.8045296359049,491.82355951280607,Gene 26,111
183.8760212898418,487.02519109634795,Gene 27,111
185.41137968313126,489.1444371029319,Gene 27,111
179.08242459072542,488.1517856254598,Gene 27,111
181.05500542096354,487.7819577727426,Gene 27,111
185.2128315383929,489.0278855447092,Gene 27,111
182.16802064393738,495.3383708377105,Gene 27,111
183.94055186337772,492.19745962895684,Gene 27,111
185.54105707702195,492.3380592708417,Gene 27,111
182.6694532546785,488.733941395261,Gene 27,111
184.97592607015994,496.7269467394961,Gene 27,111
180.33611957729727,497.58995303302515,Gene 27,111
178.32175077676487,491.52668587425427,Gene 27,111
183.75826609829818,496.9962618669182,Gene 27,111
181.38724231169004,499.8726100283707,Gene 28,111
181.86054227120036,494.91829385715596,Gene 28,111
181.21193608116693,486.16382698164745,Gene 28,111
183.39216305675583,487.31131947971966,Gene 29,111
185.53940632648462,489.4837109091209,Gene 29,111
182.49630636718757,495.6877034615328,Gene 29,111
184.33248209073926,497.06774547421054,Gene 29,111
182.75378879653277,491.95157990118724,Gene 29,111
178.38128496546233,493.4242548478836,Gene 29,111
177.71827282397243,492.39594401789896,Gene 29,111
180.71544155943639,498.2802659958368,Gene 29,111
177.77341710107993,490.8862038474585,Gene 29,111
182.49484887334728,495.41320070694337,Gene 30,111
178.4014606481877,487.2915421298488,Gene 31,111
181.95899644216925,489.88253723073746,Gene 31,111
184.5389699013355,489.7330548358804,Gene 31,111
182.110852184309,486.976826582741,Gene 31,111
180.0193379430171,493.5095733254985,Gene 31,111
184.31545279645297,487.7368248989523,Gene 32,111
182.13973845107202,487.7831251809679,Gene 32,111
180.1621546505403,493.9601417655074,Gene 32,111
178.52477234166395,497.47751697788345,Gene 32,111
181.84996829455102,498.0206234974573,Gene 32,111
183.2564497456121,490.606080199677,Gene 32,111
177.5878728788223,494.4923530420286,Gene 37,111
179.3634984741681,488.8335237016784,Gene 37,111
182.2874781032313,496.9387946644615,Gene 37,111
197.5629040421182,477.26982670707497,Gene 2,112
198.04657727433002,465.4763916804146,Gene 6,112
197.33179568750435,463.2162854831334,Gene 6,112
197.02863368812234,471.24364365558995,Gene 6,112
197.32654111729784,472.7543599618102,Gene 8,112
200.26253862874876,469.2026858648173,Gene 8,112
198.9821621381584,475.0659164979959,Gene 13,112
198.6938480045691,467.64125550828004,Gene 13,112
196.25912193331587,464.2981813102546,Gene 13,112
195.92366125372297,468.20696055094743,Gene 13,112
196.387414649282,474.54871409758164,Gene 16,112
196.14460145867548,471.92069484913776,Gene 16,112
200.0522154173647,468.8678173340045,Gene 19,112
198.6710664957112,466.80869634961346,Gene 19,112
198.83815902579124,473.15883309219817,Gene 19,112
196.06522846993923,473.80522758244257,Gene 20,112
198.50610556733812,467.5424153200975,Gene 20,112
199.47872694968754,463.82223901780304,Gene 20,112
198.51518184255752,472.12211182830356,Gene 20,112
199.4884026933039,475.75780900359234,Gene 20,112
197.7070819376134,467.02065506705634,Gene 21,112
195.64953337868468,470.34854490739826,Gene 21,112
196.6844304025251,471.3678089699639,Gene 21,112
195.7218480897767,472.9633217517891,Gene 22,112
198.78722464701002,477.098178765079,Gene 22,112
199.87468676905596,468.45337980463006,Gene 22,112
197.93711288890364,460.8257613267024,Gene 22,112
199.7319120546456,467.96361754567675,Gene 23,112
196.04736144009178,463.64010743189385,Gene 23,112
199.14448113893135,470.5508991245286,Gene 23,112
195.50138526529864,469.2419212874364,Gene 23,112
196.07210894048816,469.3658630910444,Gene 23,112
199.94242020706207,473.44286376065753,Gene 23,112
198.1255321624258,474.98764680303657,Gene 24,112
197.38794947709835,461.62411300077076,Gene 24,112
198.54493290153002,472.30353553869884,Gene 24,112
198.88014902928418,464.1104410110615,Gene 24,112
196.92168814509876,469.77194797375154,Gene 25,112
198.0208212241528,472.6526461802851,Gene 25,112
196.76568904410874,461.8915332369846,Gene 25,112
199.27754850604776,470.7757446456526,Gene 25,112
197.79743994614662,478.06301767618794,Gene 25,112
197.7346500274843,466.2216273562013,Gene 25,112
199.91460020100465,467.7406693502135,Gene 25,112
198.93054198528256,476.10783230392536,Gene 25,112
199.33861610990343,470.35540524387204,Gene 25,112
195.6355127305107,469.27877377039385,Gene 40,112
196.58385821390587,471.6770803523685,Gene 40,112
198.47529050305917,473.2108649334392,Gene 43,112
196.25746672177291,468.8469794085633,Gene 43,112
196.9887720396288,465.24465067135867,Gene 49,112
189.3885160888248,484.48482660065105,Gene 3,113
194.80992477430647,475.26371234624446,Gene 3,113
189.21409514474482,473.222048986318,Gene 5,113
190.162443655087,471.9958069092477,Gene 6,113
188.1856205891915,477.47010236991144,Gene 13,113
191.44805987512916,485.2167168542686,Gene 13,113
195.32938194426347,480.99040816940266,Gene 13,113
190.10055444980378,484.29389059837536,Gene 13,113
190.60297031559196,475.1690384129898,Gene 13,113
191.31974852523166,484.25451906336474,Gene 13,113
195.54467163517015,480.2818519013379,Gene 13,113
190.49272647651446,482.1744232855629,Gene 13,113
193.02540624165806,485.04145480321245,Gene 16,113
189.50285698493485,484.41837857914254,Gene 16,113
189.819209093496,476.68528043687115,Gene 16,113
187.2852681869676,477.90112816650407,Gene 16,113
186.77219286104716,482.04981578209134,Gene 20,113
192.35514883181443,485.21469127602734,Gene 20,113
191.5538754740121,475.77377126578773,Gene 20,113
191.58143578418603,473.46503461986595,Gene 20,113
194.17005924914187,477.444452400957,Gene 20,113
192.9899966672766,486.48267418901736,Gene 21,113
193.90833477851152,479.0823608334239,Gene 21,113
190.388447158132,473.9331241055954,Gene 21,113
191.2189635821879,484.8509436280965,Gene 21,113
187.49302001447984,481.116021936107,Gene 21,113
189.6999411470232,473.79767257346356,Gene 21,113
193.3478078675631,482.72385781112,Gene 21,113
192.5242073675834,486.1735942096473,Gene 21,113
193.62318097055743,482.3461333282073,Gene 21,113
187.66481200863367,481.1470013783605,Gene 21,113
195.05383754287115,476.9333995499732,Gene 21,113
192.8461853844089,482.2961169128565,Gene 21,113
189.97145591148467,486.39108486328956,Gene 21,113
188.69418046913552,483.7011682351112,Gene 22,113
190.5905769270405,479.9602537346116,Gene 23,113
188.98840163090185,483.96771143606696,Gene 23,113
188.18542101069067,474.25098281462874,Gene 23,113
189.74160563934768,475.8412606997132,Gene 23,113
190.5299791359755,472.59220475473165,Gene 23,113
194.4211412819068,478.68850080833164,Gene 24,113
186.60538936125783,482.46607826747754,Gene 24,113
192.74498058237035,476.47596364697637,Gene 24,113
195.60943532388418,478.79475237935657,Gene 24,113
194.8238236938581,477.9774510517129,Gene 24,113
192.4844985400646,484.8904747794701,Gene 25,113
188.8754730948243,474.47637077223953,Gene 25,113
191.17205146936524,472.62470187410906,Gene 25,113
193.6481052329538,473.82896109124727,Gene 25,113
188.73970531753918,481.28604244336765,Gene 25,113
195.40179367005783,481.0587932865884,Gene 25,113
193.65722343603508,478.7593554077062,Gene 25,113
192.75760237885217,474.866673730239,Gene 25,113
188.7238378167405,483.1938433851562,Gene 25,113
190.91913515646948,473.3956210609209,Gene 25,113
190.57267367329908,473.09914129849625,Gene 25,113
194.78207285708646,477.97559747457325,Gene 25,113
187.9650220012492,482.63114755525464,Gene 25,113
191.07406816802396,473.52154837100886,Gene 25,113
190.6467815916042,484.6758963325825,Gene 25,113
194.31545779024987,477.732615677399,Gene 25,113
192.08458126112149,482.07606622360964,Gene 25,113
189.90868236590677,485.62441696489293,Gene 31,113
192.72063366056426,473.30579708570303,Gene 31,113
187.74082992043842,475.6898683364457,Gene 31,113
194.68527821211327,477.2727857855347,Gene 40,113
189.0249965633953,476.5703653744449,Gene 49,113
188.88359571654937,481.9639864406314,Gene 49,113
195.45057253322517,496.6234549771796,Gene 0,114
196.20618875986668,493.6695243292082,Gene 6,114
195.24301673335938,483.84495741417106,Gene 6,114
195.19740011362063,486.1934364291433,Gene 6,114
195.67904542714544,496.9254456913427,Gene 6,114
195.9786240366257,478.3202076445945,Gene 13,114
196.02485418009502,481.80710109800566,Gene 14,114
196.1956793842644,483.2018823337206,Gene 19,114
195.80987464303382,497.11978272973516,Gene 20,114
195.85503067311845,476.91137252578403,Gene 20,114
195.7909156319975,498.28773303281184,Gene 20,114
195.32958920569706,485.0581232627458,Gene 20,114
195.59950798263037,479.3715771690107,Gene 20,114
196.31911625374326,486.5033092257931,Gene 20,114
195.788950178472,490.57918345937975,Gene 21,114
195.24294191060832,484.5982072996937,Gene 21,114
195.28331239659082,492.00328642513716,Gene 21,114
195.7331943062029,482.7013452593607,Gene 21,114
195.5326973969975,498.26799337235724,Gene 22,114
195.77450540163483,480.0864854237059,Gene 22,114
195.3381266004884,490.75576856266184,Gene 23,114
196.0470316178955,480.36877143654675,Gene 23,114
196.153495756932,494.9454970937348,Gene 23,114
195.34435769550944,480.43913710616886,Gene 23,114
195.92413802679337,494.0613478610005,Gene 24,114
195.65984318479565,478.80828678626796,Gene 24,114
195.89121287376148,499.99515558581714,Gene 24,114
195.92277790219367,498.7082419287508,Gene 25,114
195.63112883468185,493.7782900513142,Gene 25,114
195.73233900993233,484.67937686681086,Gene 25,114
195.94761096253754,479.37726405279403,Gene 25,114
195.58909339439427,478.428708612509,Gene 25,114
196.02503179250797,483.1349525402359,Gene 25,114
195.58025604906442,480.19710120181895,Gene 25,114
195.5900648211072,496.3697150862141,Gene 25,114
195.8471541359866,483.7179038246149,Gene 25,114
195.40257932400573,486.8101825985896,Gene 25,114
195.5719451529726,497.1702163357331,Gene 25,114
195.8231245323824,478.0179264477774,Gene 25,114
196.04597650880038,493.1300042538303,Gene 31,114
195.4629569329972,479.34050791352,Gene 40,114
195.548458526668,482.73636707844696,Gene 40,114
195.52776403746319,482.50798453533565,Gene 40,114
196.1210817867643,485.9000333142351,Gene 40,114
196.14010308667855,482.06287490138527,Gene 43,114
191.32419712156383,489.23655962882333,Gene 2,115
191.53328389760188,488.8894810592598,Gene 6,115
190.62022652277008,503.6635480245499,Gene 8,115
189.3798407965315,494.75087459451197,Gene 8,115
189.8678799922903,503.5505640622392,Gene 8,115
188.23323670799329,499.33793635611835,Gene 13,115
192.39331845362796,499.16966654423436,Gene 19,115
192.58397347212795,496.2275115641484,Gene 19,115
191.11032717831839,499.52621201345255,Gene 19,115
191.9156908914965,498.4211212441342,Gene 19,115
188.544017503181,499.2313017786276,Gene 20,115
188.95047402703906,492.75516034356076,Gene 20,115
191.38599501383297,490.4670195679641,Gene 20,115
189.03184878186832,492.10656688974274,Gene 20,115
192.19516657063994,497.8288113102036,Gene 21,115
189.07539132189578,501.3337602470541,Gene 21,115
189.72213942089022,500.5546787241086,Gene 21,115
192.28545725934038,495.210224754528,Gene 21,115
188.83231850488326,500.48950207845604,Gene 21,115
191.45188257894677,501.16574612564557,Gene 22,115
191.31761205319026,500.71219934261177,Gene 23,115
188.2401861196681,495.9412253198345,Gene 23,115
191.3098513965681,488.79138165261054,Gene 23,115
191.97892208240216,490.2757973839495,Gene 24,115
192.52907111135303,495.378374978836,Gene 24,115
190.42589250366765,502.30142701716176,Gene 24,115
188.201001484838,499.7479953865176,Gene 24,115
192.18392363617372,493.98112206398486,Gene 25,115
191.7336035662526,491.3507743283298,Gene 25,115
192.28163698994484,499.4393007675001,Gene 25,115
187.88937590010843,496.2698733802891,Gene 25,115
191.19597068382407,489.2528317596186,Gene 25,115
190.79271286551574,493.5178467024205,Gene 25,115
189.39453248374122,492.4518498729709,Gene 25,115
189.8671921971485,505.43547706244146,Gene 25,115
191.34091740543394,499.08357911328295,Gene 27,115
191.83819903844315,499.38113462885616,Gene 27,115
191.54435170501498,493.7995719017071,Gene 31,115
191.6709213405322,491.67330206943933,Gene 43,115
188.99423325583632,500.3714365736075,Gene 43,115
189.79434326162567,503.0059343655822,Gene 47,115
189.72495312850688,503.3093924510411,Gene 47,115
189.02886406611213,500.81404827199634,Gene 47,115
196.09678420716872,488.6752329220733,Gene 2,116
196.1712337254677,490.79399957144886,Gene 3,116
198.9313654869525,498.74858263205556,Gene 8,116
197.28944833403324,500.48275198072724,Gene 8,116
195.23901747584458,491.92488388526414,Gene 8,116
196.68184827698704,488.9205636705408,Gene 13,116
198.68815179672814,499.948779188115,Gene 13,116
195.86413922663868,495.2987312474815,Gene 16,116
196.20265087418676,499.4436500434947,Gene 16,116
201.87039959788297,499.50468607833034,Gene 16,116
197.25066350981328,489.4252859228873,Gene 19,116
194.39900117909775,493.6767471387943,Gene 19,116
199.18305160523147,492.52492129280984,Gene 20,116
195.72725449240377,489.5832167652056,Gene 20,116
198.02636895443106,498.28577531811965,Gene 20,116
194.0292153847446,494.86432381529914,Gene 20,116
202.0724204158577,494.1827610529716,Gene 20,116
200.11821630244006,496.6513883314043,Gene 21,116
196.89489962689075,490.4563238513915,Gene 21,116
199.41544602521094,494.25166594488144,Gene 21,116
199.5513575221039,490.58267767543856,Gene 21,116
196.57186979760826,499.4926561645485,Gene 21,116
198.61782513676266,500.52981879665595,Gene 21,116
195.73099602167966,496.533618504157,Gene 21,116
194.7212898405903,493.6980975772568,Gene 21,116
200.44862309861128,491.04241320025307,Gene 21,116
200.2361599389615,497.7111524039015,Gene 21,116
199.9090861422196,492.83833132586676,Gene 21,116
198.82097339507865,492.84971577445106,Gene 22,116
201.20845330180714,491.7769572665746,Gene 23,116
201.4807431132793,492.2651237683432,Gene 23,116
197.03509381731922,491.6338814939878,Gene 23,116
198.85699475651268,490.6320282101027,Gene 23,116
197.92235452839418,490.0038069890637,Gene 23,116
197.38275568151153,496.46288562924684,Gene 23,116
197.80647614049747,489.1295429531256,Gene 24,116
194.534913531671,495.2861956233607,Gene 24,116
198.12504949448495,500.897612551519,Gene 24,116
194.12780047884658,495.5952286345827,Gene 25,116
196.14623750258906,492.0748552322305,Gene 25,116
197.4266509225681,499.00696891483,Gene 25,116
197.65137928749823,490.6284106770017,Gene 25,116
194.00333007443442,494.3581538317594,Gene 25,116
200.63748672164667,500.9213354326227,Gene 25,116
201.6848980755682,494.3674005025144,Gene 25,116
194.883590205956,498.96150642676156,Gene 25,116
201.5724823718598,496.9602752459218,Gene 25,116
194.38523999515454,495.9170468730776,Gene 25,116
199.68623250579247,496.46180596423716,Gene 31,116
199.00394200996737,488.5161083407791,Gene 43,116
202.0476711421603,496.6176618703291,Gene 43,116
197.89752668778235,501.13074095316017,Gene 43,116
197.89510969451857,490.3245486175107,Gene 47,116
199.80586538171173,489.77245228486873,Gene 47,116
194.21681949643505,493.4944427040205,Gene 47,116
198.07533767831885,490.3020751041084,Gene 49,116
