x,y,gene,cell
212.5140265609292,762.6668158165215,Gene 0,0
212.50379290020678,768.9435384354085,Gene 0,0
212.4572330378051,766.1656647394241,Gene 0,0
212.52172941952094,765.3283227396054,Gene 0,0
212.42942252360234,770.5817740570795,Gene 0,0
212.5520389667631,767.7457298788802,Gene 0,0
212.58112452344997,769.2195124681276,Gene 0,0
212.4675547780669,765.5237150189944,Gene 0,0
212.59445952328292,768.8006248754622,Gene 1,0
212.46760469882474,765.4688635783976,Gene 9,0
212.43208703484,769.5837496928291,Gene 16,0
212.45955964768916,766.7045463531597,Gene 19,0
212.4242379800483,773.7473954112654,Gene 19,0
212.64882522526537,776.4308525019238,Gene 21,0
212.4427448609825,769.8324881772877,Gene 32,0
212.38885724729732,768.2442116105813,Gene 33,0
212.5201755612936,767.1703027728951,Gene 33,0
212.51864951490964,763.4310237006815,Gene 33,0
212.53043069772937,781.7117604311436,Gene 33,0
212.60948072100484,770.7494225630649,Gene 33,0
212.5266251792692,781.4112181748594,Gene 33,0
212.58911879485814,781.4814439935734,Gene 33,0
212.5707938794058,761.9876217961104,Gene 33,0
212.51265442720288,782.1873202574492,Gene 33,0
212.56657650113533,763.1367286372902,Gene 33,0
212.48356236421625,764.7390308125872,Gene 33,0
212.47608323072637,777.4431521199663,Gene 33,0
212.46994418759022,766.5142626352822,Gene 33,0
212.5593267715245,764.8334176299727,Gene 33,0
212.6153346932695,772.8395281177226,Gene 33,0
212.45280401111293,763.3839252485255,Gene 33,0
212.48331620593007,777.3074071474626,Gene 33,0
212.5706185024811,762.4998122752451,Gene 33,0
212.50982477979,779.4717199705161,Gene 33,0
212.62590103864108,776.3175442624598,Gene 34,0
212.60247587614938,769.9492908131566,Gene 34,0
212.49319937806678,768.3447396182065,Gene 34,0
212.4287849077659,769.1027791235994,Gene 34,0
212.54321449063218,782.6093398786958,Gene 34,0
212.39855325543977,769.3329650396054,Gene 34,0
212.4927811895495,761.8557059352586,Gene 34,0
212.51408657959158,762.5341355747729,Gene 34,0
212.61270319970384,771.2059723337757,Gene 34,0
212.61869749233844,776.9624405065041,Gene 34,0
212.65186228029654,771.5596501976559,Gene 34,0
212.60103985297246,768.2333901791308,Gene 34,0
212.53089307125907,780.3020696828619,Gene 34,0
212.58910343290395,780.4300641988712,Gene 34,0
212.49811106582493,782.0573477626381,Gene 34,0
212.59366932862636,763.0166140640519,Gene 34,0
212.57325846016673,776.1930079540191,Gene 34,0
212.5656643102973,765.6011907776931,Gene 34,0
212.5988436753708,776.2415209186026,Gene 34,0
212.4799161297762,763.2300548585214,Gene 34,0
212.47537602289506,778.983247296504,Gene 34,0
212.40418753304158,776.4886483570516,Gene 34,0
212.44333858978047,778.3528546114097,Gene 34,0
212.49822816616128,764.947308222776,Gene 34,0
212.58509633569082,763.5704855049149,Gene 34,0
212.6263863218448,769.5450115462014,Gene 34,0
212.4865439293365,781.9404396138863,Gene 34,0
212.59370421159528,772.4848654919249,Gene 34,0
212.49349420689836,764.0552236819749,Gene 35,0
212.43836144055848,764.1155095272426,Gene 35,0
212.5823735550847,781.909734427812,Gene 35,0
212.4699508088617,779.5614182335388,Gene 35,0
212.60142621793906,766.8031374204339,Gene 35,0
212.4359242458852,773.0891835185514,Gene 35,0
212.57764665742172,763.7803169511174,Gene 36,0
212.39116897353756,771.9162465608707,Gene 36,0
212.5545963865107,778.8935079060766,Gene 36,0
212.4553727940359,774.4206864001442,Gene 36,0
212.5081915582452,764.2080787785828,Gene 36,0
212.63589797854803,777.1296563498709,Gene 39,0
212.61583811790513,770.1747855544484,Gene 39,0
212.56315863393573,780.8489276829528,Gene 39,0
212.54429963524018,765.1246609269573,Gene 47,0
212.50340625142343,760.6894942651552,Gene 48,0
212.5981916008057,769.0371862610505,Gene 48,0
201.22341750084396,784.3722743254126,Gene 0,1
207.67651403058488,781.0932098656422,Gene 0,1
202.8229204584247,783.6744533669014,Gene 0,1
203.13416458226573,777.0164968169667,Gene 0,1
205.1694581921231,783.756141574213,Gene 33,1
207.79231082712838,780.7959270762809,Gene 33,1
201.12958996289748,783.5806558468861,Gene 33,1
203.91107073718868,777.1172136859906,Gene 33,1
202.61174137090862,782.1345663556056,Gene 33,1
201.69860981035984,784.6704563406631,Gene 33,1
198.63390308858902,779.992638556219,Gene 33,1
207.35932629759594,776.6649822034434,Gene 33,1
208.1874226023089,782.0399942305559,Gene 33,1
198.93195090580738,778.827988518978,Gene 33,1
202.0208514987675,774.5382739234968,Gene 33,1
203.60865672532205,774.0664768236688,Gene 33,1
200.46270468044332,779.822091413656,Gene 33,1
207.5949536373942,775.331828854864,Gene 33,1
206.6788817701832,775.6873640865693,Gene 33,1
208.24006108892942,781.0422582086549,Gene 33,1
208.19830278170525,781.1971202016761,Gene 33,1
200.008484316142,778.5066538809061,Gene 34,1
201.01096304296053,774.416291894986,Gene 34,1
202.14609423810361,782.4125438681426,Gene 34,1
207.33253064453328,776.4803928797038,Gene 34,1
205.2693803776731,774.9387475613578,Gene 34,1
208.9753444976365,777.7905133853471,Gene 34,1
201.39259803723186,778.2723967343975,Gene 34,1
206.65973578127623,781.9163945374443,Gene 34,1
207.17650382949745,783.3519694190721,Gene 35,1
206.47247359664573,775.2797762472482,Gene 35,1
208.03079667450268,776.780177613343,Gene 35,1
201.46976412596683,776.9717562362204,Gene 35,1
208.64253343492214,776.9362841130865,Gene 35,1
204.29775091763614,776.7379965960457,Gene 36,1
207.26836336511403,776.5970989984744,Gene 39,1
207.43272726232527,782.0801821692188,Gene 39,1
200.78428873387995,780.4909564755028,Gene 39,1
202.95207219906882,775.6321998270529,Gene 39,1
204.01604265943973,783.1838957149109,Gene 39,1
206.4656807108521,778.2194267027337,Gene 41,1
205.60978875874642,783.2990312655871,Gene 43,1
206.17884288173934,776.1030545592024,Gene 47,1
203.29409555596916,774.4984945021954,Gene 47,1
202.018924138258,781.6580042800913,Gene 48,1
219.10048858243943,777.3233849816835,Gene 0,2
215.1654519104314,781.6272653158184,Gene 0,2
220.160537898736,778.149709550533,Gene 0,2
214.62934108439381,776.6219290523144,Gene 0,2
217.6734992221965,775.5201460905803,Gene 0,2
212.95618579877976,783.4896007601981,Gene 0,2
211.0230165051026,778.5362737358497,Gene 0,2
219.80064148207055,776.9463030605721,Gene 19,2
214.06351391484253,774.8124229721619,Gene 19,2
218.4573096507765,782.4437748635416,Gene 32,2
219.8291466913581,778.2086702229018,Gene 32,2
215.6751925676192,784.2317800045931,Gene 33,2
218.1240331303662,777.0118913074228,Gene 33,2
219.6859605388798,780.0145271439516,Gene 33,2
211.21138689912166,777.6535416113164,Gene 33,2
218.31073961471404,782.9120017083802,Gene 33,2
213.53752809792718,773.401652222427,Gene 33,2
217.34302686243456,772.740797926217,Gene 33,2
215.15192050980738,783.5985044201062,Gene 33,2
212.74366106469978,780.9176131592116,Gene 33,2
218.10890074038772,775.1889237115748,Gene 33,2
218.41056005673187,776.1929541702536,Gene 33,2
214.71268156848365,784.1326514389617,Gene 33,2
216.43467076509717,773.4291979763291,Gene 34,2
218.00713637052348,778.3442912008576,Gene 34,2
212.0354151108795,779.0661740547707,Gene 34,2
214.68352045922367,785.5590932865173,Gene 34,2
211.82778843306826,780.8121575545948,Gene 34,2
219.25981261527002,775.6767065172804,Gene 34,2
212.68593865754536,782.4320218672118,Gene 34,2
216.2759304694852,774.6035750588878,Gene 34,2
216.28778034097772,773.2100468602183,Gene 34,2
214.04577413046533,775.4297350004575,Gene 34,2
214.37241272593718,772.2691666364202,Gene 34,2
218.44515250783596,779.0107325991664,Gene 34,2
215.10430421507462,784.0190727162304,Gene 34,2
220.1856871979157,778.982089840277,Gene 34,2
217.17163100555257,778.0501470908599,Gene 34,2
215.19308716245183,773.5973120251283,Gene 35,2
217.56520346146664,781.7337576299575,Gene 35,2
217.7432052638905,785.1244260704314,Gene 35,2
212.75149736666697,781.8486753841792,Gene 35,2
217.54738951346008,776.7650340647385,Gene 35,2
216.9820667213255,783.7237258907181,Gene 36,2
215.14083725578735,772.7551635310101,Gene 36,2
216.067096799239,772.5630396243001,Gene 36,2
214.9931537365809,783.2125851877545,Gene 36,2
212.14979792971397,775.0952258748051,Gene 36,2
211.19435980309396,777.2860407147625,Gene 36,2
213.85478153679486,776.8999703710348,Gene 36,2
220.16564080162163,777.3779054232089,Gene 36,2
212.65901971291584,781.256122415336,Gene 39,2
211.86257768331345,775.934604266479,Gene 39,2
211.2668174291083,776.8490533676985,Gene 39,2
216.06453315171603,773.1337874035648,Gene 39,2
219.70088799142164,777.8069243040909,Gene 41,2
211.03088642854547,777.6600543653923,Gene 47,2
212.9774375848596,781.3006952787517,Gene 47,2
203.38451500666343,795.3069160909016,Gene 0,3
201.72219516278776,793.4185043733343,Gene 0,3
205.17015771166894,793.238656006674,Gene 0,3
202.26609983616174,784.3434435635724,Gene 1,3
204.31730163854763,790.5322324672485,Gene 1,3
205.05911381170037,783.2970804567572,Gene 33,3
202.80980939437634,782.6452064971511,Gene 33,3
203.1536025223595,789.0960680109088,Gene 33,3
202.0976146357473,791.4361270736022,Gene 33,3
205.5686720048986,791.1849548110519,Gene 34,3
204.89530717312152,787.8304278817459,Gene 34,3
201.51620498088394,791.6969653690984,Gene 34,3
202.53253697979986,791.9714794719981,Gene 34,3
204.6228118035014,795.5811062708518,Gene 34,3
202.9586766524434,780.7953225045387,Gene 34,3
205.38341790260205,783.817613195769,Gene 34,3
203.5126102021044,795.9306895355077,Gene 34,3
204.40236853997357,784.2562857008633,Gene 34,3
203.2208094543471,797.9809797640598,Gene 34,3
203.54144546753398,791.5264567049579,Gene 35,3
203.27748239328412,783.1373973845698,Gene 35,3
202.33047480692247,791.4184171219355,Gene 35,3
202.79151549198414,792.6708297594395,Gene 35,3
202.57434229527254,782.4346700915047,Gene 35,3
202.05604861661135,790.7013413983134,Gene 35,3
201.74145839569738,785.0861653370883,Gene 36,3
202.0434961047001,795.1005215463322,Gene 36,3
204.91375660969277,785.3502585369738,Gene 36,3
202.5207121259275,790.4266364992889,Gene 39,3
202.21235032632347,794.9696520448953,Gene 39,3
205.6052544268862,790.5562790351372,Gene 46,3
204.31211447531814,784.774487787868,Gene 47,3
202.41058807368216,781.4172152939718,Gene 47,3
203.4141051270876,784.3625789503393,Gene 47,3
202.48574948873207,782.7623487790831,Gene 48,3
201.8807614366376,789.1527699503474,Gene 48,3
204.56322749233314,794.1457327691531,Gene 48,3
205.8566799109981,789.077800447781,Gene 0,4
205.00782319389137,788.3424826797087,Gene 0,4
209.2892283794529,789.8894270196023,Gene 0,4
208.331451871068,791.5561545169752,Gene 0,4
205.76394107993028,786.4606970172691,Gene 0,4
205.91922606381746,785.6124697684703,Gene 0,4
206.4866239010081,789.9587020020283,Gene 2,4
206.21575728694157,794.4455024577359,Gene 9,4
209.10866050111466,792.663638401396,Gene 19,4
205.0443188619692,787.3840475605315,Gene 33,4
206.5020954479103,791.9904443637399,Gene 33,4
206.20041202823398,786.4410475721396,Gene 33,4
207.56239167327433,781.2544524255851,Gene 33,4
209.16293428299565,790.7168458358595,Gene 33,4
207.95515724338105,786.9215186304937,Gene 33,4
206.05962313394647,792.0030520289181,Gene 33,4
209.21144950312913,791.5755249696341,Gene 33,4
209.38206568136349,789.8650361835245,Gene 33,4
208.18384613387886,795.5586105253655,Gene 33,4
206.30279949715757,781.967122685201,Gene 33,4
209.17556363332133,787.3502070331741,Gene 33,4
206.80982164061984,781.8055926916298,Gene 33,4
209.62473688005667,791.8309791810589,Gene 33,4
209.98960872356116,784.8151396274296,Gene 34,4
209.17890753736484,790.9128741368702,Gene 34,4
205.99266527220777,783.077595355301,Gene 34,4
209.34094349541226,785.6391726449052,Gene 34,4
207.64116155785896,780.456275243785,Gene 34,4
208.9632264032588,783.0428014900662,Gene 34,4
209.37270054663418,786.3590305569979,Gene 34,4
209.63055216411635,791.9186701898175,Gene 34,4
209.6493952860397,783.1506520061105,Gene 34,4
206.02126730055556,790.6119368448741,Gene 34,4
207.53142027116473,795.2248020527919,Gene 34,4
206.35787517335052,784.120924218606,Gene 34,4
206.45761645005317,782.7719114891881,Gene 34,4
205.51223532093266,786.298447409491,Gene 34,4
209.32800483334384,792.2683492504902,Gene 34,4
207.25034215842678,788.8896719057748,Gene 34,4
205.4931745911407,782.6236154283616,Gene 35,4
208.56312472811103,781.3783905931456,Gene 35,4
209.68199643261383,788.8724210381408,Gene 35,4
206.57391836507952,789.3216270540429,Gene 35,4
206.28501029225316,791.8244632393347,Gene 35,4
204.94127303072895,786.4257028185422,Gene 35,4
209.6045583154995,783.6415518192703,Gene 35,4
209.18886761339039,782.4071772852558,Gene 35,4
209.542188627126,790.7085882840217,Gene 35,4
206.51754258146528,794.975129912831,Gene 35,4
207.43614577726066,789.4262878610826,Gene 35,4
209.34604924709507,790.3675118414947,Gene 35,4
207.2869004333479,795.2780752821848,Gene 36,4
208.72370213373688,790.6205653877736,Gene 36,4
205.37111537752685,786.8523444602264,Gene 36,4
208.2398915823246,780.3446683010092,Gene 36,4
205.52879651601688,781.5076123949212,Gene 36,4
206.0619839017069,789.8324006271123,Gene 36,4
208.32816177962434,791.5855901205846,Gene 39,4
206.98545298060236,783.6931298233418,Gene 39,4
209.770949656932,787.3890854993377,Gene 39,4
205.9070678333838,792.7930775546554,Gene 39,4
207.15922140115282,794.4129258679914,Gene 39,4
209.87533275960095,783.3870676477896,Gene 47,4
208.33541121560296,779.6541390627317,Gene 47,4
209.91572105057747,786.9449752432232,Gene 47,4
207.04297131302076,793.9412087473511,Gene 47,4
209.3588700603125,794.8644932417018,Gene 47,4
207.5230570040261,789.7877415189886,Gene 47,4
206.52430040999286,780.8060020082793,Gene 48,4
206.1237904513606,792.5075245703997,Gene 48,4
217.5071727394468,798.9597275833194,Gene 0,5
214.6684188333117,787.0518811802161,Gene 0,5
219.52093234921247,795.5067319543873,Gene 0,5
220.52366568094948,794.608976180103,Gene 0,5
215.28910013267253,795.8099350930074,Gene 1,5
212.61368695880492,790.7868755030693,Gene 19,5
216.659846746997,797.7488889752586,Gene 19,5
214.76017130790137,797.1099862311966,Gene 33,5
217.76734342396753,795.059849451694,Gene 33,5
216.18302962613177,797.1028812587776,Gene 33,5
215.0498297347766,787.6880954313572,Gene 33,5
215.46405062631436,789.3402971881115,Gene 33,5
213.3387855450597,797.3242114242728,Gene 33,5
218.51777985270124,794.6266085590048,Gene 33,5
213.29450127475926,794.5503366215696,Gene 33,5
214.05288746035606,787.6258284080111,Gene 33,5
212.42203933601866,790.7033544226425,Gene 33,5
217.87487092405047,797.9416056592419,Gene 33,5
217.37180902094184,788.8639718989458,Gene 33,5
215.239731435028,787.3685551083294,Gene 33,5
213.9579979884515,789.8995995006835,Gene 33,5
215.00627766462972,788.0337257240495,Gene 33,5
214.6736283071579,789.9496952502832,Gene 33,5
217.7987780916867,795.1678932971149,Gene 33,5
218.8507422898472,790.0476207285964,Gene 33,5
219.02806647360032,796.0226709658506,Gene 34,5
219.95761257792446,793.478425604345,Gene 34,5
214.8849917723207,799.2832036797605,Gene 34,5
216.8991063348198,799.5708762618158,Gene 34,5
217.0020916171348,796.4285703461134,Gene 34,5
215.30671297070455,788.9298088402682,Gene 34,5
212.61020164862987,789.1273604577548,Gene 34,5
218.403255271408,793.3633954164144,Gene 34,5
214.3536669141881,797.1321206379494,Gene 35,5
212.14649698443898,792.2733779568641,Gene 35,5
216.79220574073213,799.2707384517186,Gene 35,5
213.97626763477314,788.4436427372459,Gene 35,5
212.22834364258736,789.9473439008658,Gene 35,5
212.73562407877296,789.4469453704879,Gene 35,5
219.94864379461322,794.2866360485078,Gene 35,5
213.3749830248295,797.1649149240584,Gene 35,5
211.93810729158704,793.5068362949437,Gene 35,5
211.4492282144865,794.1576949737154,Gene 35,5
212.2410825530337,793.0757480148006,Gene 36,5
213.98049070282374,790.0967771935285,Gene 36,5
218.66256771806545,796.3081495709292,Gene 36,5
215.06128871541767,797.980617545591,Gene 36,5
218.6975330949574,797.1433490161724,Gene 36,5
215.2961462282491,790.97219892656,Gene 36,5
218.30319124291267,797.7085498690101,Gene 36,5
212.12429373990454,789.3781133017973,Gene 36,5
215.3021838308276,786.8541869929385,Gene 39,5
213.594465072398,790.4788263512186,Gene 39,5
213.45948586205174,794.1019515301624,Gene 39,5
213.24264876155874,791.6219086573501,Gene 39,5
215.9860093002157,798.5602608152983,Gene 39,5
215.7755370648595,788.355432119605,Gene 43,5
217.94610391708525,796.2885819761898,Gene 43,5
216.859937896811,788.158785840878,Gene 47,5
212.36616390375772,790.2191523327712,Gene 47,5
203.83957992235875,794.4935156935151,Gene 0,6
203.34940422764168,804.5705035459587,Gene 0,6
203.87263094620013,792.699808340334,Gene 19,6
203.39788980766036,789.6295057249006,Gene 32,6
203.74584468557646,790.9708337831601,Gene 33,6
204.22697201205273,795.6806955027057,Gene 33,6
203.27672140758142,803.6366745097628,Gene 33,6
204.1167935448875,800.4922035289549,Gene 33,6
203.57517997155333,802.8319869759998,Gene 33,6
203.20537596108974,792.5479435644356,Gene 33,6
203.66048862071713,803.1276226651712,Gene 33,6
203.93560796546518,790.4598555092416,Gene 33,6
203.67657285700164,805.4500326074981,Gene 33,6
204.22430521642033,796.0547729461164,Gene 33,6
203.17770334641125,790.1676688307089,Gene 33,6
202.63265124980813,798.0114068079782,Gene 33,6
203.0135315294515,794.3677576165921,Gene 33,6
203.19472619969196,793.6264673213229,Gene 33,6
203.0570871449549,798.8097865881684,Gene 33,6
204.00986492375478,791.3200583559875,Gene 33,6
203.34170135702198,789.4839843147648,Gene 33,6
203.44579842084377,802.5620425963358,Gene 33,6
203.55351559312157,789.1937594603982,Gene 34,6
204.019692596493,799.9108092203074,Gene 34,6
203.9639613421347,790.8588792862864,Gene 34,6
202.82734265114317,794.2816307614414,Gene 34,6
203.6293083595954,806.2851847654329,Gene 34,6
203.2002411453499,803.2175467945665,Gene 34,6
202.9484154611627,795.4776698332772,Gene 34,6
203.8506122326712,803.7490489764241,Gene 34,6
203.95231270459317,793.8334582340615,Gene 34,6
204.14716944779056,801.1789171906782,Gene 34,6
203.48694424732344,790.0250607712667,Gene 34,6
202.92534393969106,798.7442714226969,Gene 35,6
202.8835097510462,801.8704352273718,Gene 35,6
204.14373541601327,802.0591656508609,Gene 35,6
203.02529606198738,791.7512398297625,Gene 35,6
204.25580097278265,795.4923079105865,Gene 35,6
203.23519058385617,799.7603313905353,Gene 35,6
203.36130647959604,807.1021851030076,Gene 35,6
203.9140537563613,793.1926155814103,Gene 36,6
203.14466351006487,795.4040237817931,Gene 36,6
203.60154006383615,803.6001700251237,Gene 36,6
202.95026434790967,792.646930550313,Gene 39,6
203.17887252853035,788.8405248186459,Gene 43,6
203.22223317855605,795.867338640828,Gene 47,6
214.1964528526566,800.0919997795401,Gene 0,7
216.183114374098,793.6010363295974,Gene 0,7
212.31341900180922,787.8690595708681,Gene 0,7
213.9440180839354,800.4129951971047,Gene 0,7
214.4769703357545,801.7338470436987,Gene 0,7
214.79684310875368,794.1296012203366,Gene 0,7
211.85880057556477,792.532188702585,Gene 1,7
214.66697293397115,793.1792925085697,Gene 3,7
214.0030477471556,784.896016586154,Gene 33,7
213.14513330711122,784.9672084569845,Gene 33,7
212.2775800349398,792.172022339051,Gene 33,7
214.20790392709472,787.6687894849041,Gene 33,7
211.74109149521365,797.5641918481957,Gene 33,7
212.71505926159705,791.0659002884106,Gene 33,7
211.89261582098416,799.0780426745096,Gene 33,7
212.07719030177014,789.1128299960764,Gene 33,7
212.44911603112385,795.1899442907454,Gene 33,7
213.96661590798277,799.9237500838631,Gene 33,7
213.54023729796046,802.4046226434983,Gene 33,7
212.32874047930954,799.2640227301107,Gene 33,7
212.890726459109,789.3294055795288,Gene 33,7
211.99405468310516,793.6735256634299,Gene 33,7
211.78207175899598,791.5497772408493,Gene 33,7
213.1524147282051,797.3834907655436,Gene 33,7
214.10447532324952,787.3179110406824,Gene 33,7
215.2703414527617,787.7952478742822,Gene 33,7
213.31204340634224,800.204753775115,Gene 33,7
213.75038266341105,789.2573008479837,Gene 34,7
212.42812619656138,787.3685795994498,Gene 34,7
215.43859482804785,794.1245171096494,Gene 34,7
213.08818721087746,786.6210244838343,Gene 34,7
211.2748097874867,790.5588567679,Gene 34,7
215.5518392242684,787.8482859753275,Gene 34,7
212.00079918266766,799.0323300653121,Gene 34,7
212.81943656360457,802.582517327838,Gene 34,7
215.7763706750718,793.3456355808165,Gene 34,7
214.31537859460033,786.3398938071555,Gene 34,7
213.15914057451576,789.0465375200804,Gene 34,7
212.79166823694484,799.0342592736483,Gene 34,7
212.4412159549828,795.6470399249691,Gene 34,7
216.48002705503382,791.974788903434,Gene 35,7
216.00748159199134,797.6532944997929,Gene 35,7
213.84186542967217,787.524488093804,Gene 35,7
212.89251134353472,800.0376368031125,Gene 35,7
215.70700726849566,799.6967713207049,Gene 36,7
215.73775295518843,793.243564777335,Gene 36,7
215.82579654697057,800.2626243629461,Gene 36,7
212.36627379388887,793.2029818752899,Gene 36,7
215.37540848845413,791.0356778267186,Gene 36,7
216.18485095356698,796.1744587581496,Gene 36,7
214.12046917229927,788.8751700019467,Gene 36,7
211.17660449005024,793.5144091873088,Gene 39,7
213.33478800206734,800.4413854314545,Gene 39,7
213.8631619068501,789.8901789989682,Gene 47,7
212.0274262155813,798.238111550804,Gene 47,7
230.3938172630574,802.333959334365,Gene 0,8
230.7316782723015,799.7731768640602,Gene 0,8
230.15998656259774,798.2524350373116,Gene 0,8
230.26450953930117,801.9489888118,Gene 0,8
230.8849379944003,799.1941692810084,Gene 0,8
230.72516492946295,798.9285039342647,Gene 0,8
230.36600879669444,793.4903101029056,Gene 0,8
230.4818105518326,805.0692088359491,Gene 0,8
230.19761349804978,794.4937282814203,Gene 0,8
230.17226951273528,793.0333751819096,Gene 1,8
230.68086184114077,804.0333339575076,Gene 18,8
230.72383095286443,799.8398524196012,Gene 19,8
230.7457069820875,798.7154456946383,Gene 33,8
230.88594058683333,801.3195946880535,Gene 33,8
230.2252978504935,789.1525992531485,Gene 33,8
230.60540521246855,785.6902051618482,Gene 33,8
230.35894998918792,795.8095758399203,Gene 33,8
230.53178785137843,787.0444446776506,Gene 33,8
230.78207969679852,788.5139340083567,Gene 33,8
230.26207749251304,800.7256992660198,Gene 33,8
230.45107942048315,805.4865742270822,Gene 33,8
230.49423987890822,801.5782404532218,Gene 33,8
230.7513570920905,800.0636577692438,Gene 33,8
230.6180485332188,798.1072997274032,Gene 33,8
230.36574484926282,787.4525163478521,Gene 33,8
230.6241893881143,805.8356673380488,Gene 33,8
230.3957098441012,794.0909678033255,Gene 33,8
230.32917769424697,805.0889257415024,Gene 33,8
230.67529473934238,787.7662044804656,Gene 33,8
230.44535778874695,795.2569417574433,Gene 33,8
230.50198993834763,807.4950553099192,Gene 34,8
230.25825466482976,803.5754914951542,Gene 34,8
230.38636012344443,788.4537029915157,Gene 34,8
230.15696859005445,793.7482566347838,Gene 34,8
230.816322520699,804.0696790959441,Gene 34,8
230.7922244618724,791.5065359859195,Gene 34,8
230.73175253518906,802.6717201779211,Gene 34,8
230.1560316207921,802.4159688833882,Gene 34,8
230.69472618117888,786.463221254233,Gene 35,8
230.33320940678354,803.3635773393054,Gene 35,8
230.83856319657056,790.2528539204997,Gene 35,8
230.40872076107033,789.3542754529144,Gene 35,8
230.58406413235227,806.0213492398698,Gene 35,8
230.59525464697504,784.726854369373,Gene 35,8
230.86963127079872,799.6503028733182,Gene 35,8
230.69167247242146,792.1943801520397,Gene 35,8
230.12411557074245,800.6072031934716,Gene 35,8
230.4398954208051,807.9102159575738,Gene 35,8
230.556308642382,787.0006853397517,Gene 36,8
230.2984866912133,790.4582318883595,Gene 36,8
230.59093285493324,790.2766886032831,Gene 36,8
230.31206380375036,791.141467087839,Gene 36,8
230.16783099693419,790.0165465088328,Gene 36,8
230.64826099651674,786.4919587801801,Gene 36,8
230.7541635406554,798.0746120241254,Gene 36,8
230.29831175780026,794.3788954459684,Gene 36,8
230.74814649396805,800.5764578619335,Gene 39,8
230.63667024755833,791.2003672647413,Gene 41,8
230.77013042323918,793.0802016435135,Gene 47,8
230.75445713016202,799.923903573022,Gene 48,8
230.57775572362308,802.6949336812443,Gene 48,8
230.76209817040868,796.2963967072071,Gene 48,8
239.4308379802274,794.530644827434,Gene 0,9
240.63286731348418,802.8623461915171,Gene 0,9
238.6069354089707,802.1004127259123,Gene 0,9
236.91543714030416,795.6294939128059,Gene 0,9
240.04346987539714,797.0112265113772,Gene 0,9
239.2812102427558,799.7340715943197,Gene 0,9
232.25249063304653,801.4921473504168,Gene 1,9
238.49751030849126,798.9604164188983,Gene 27,9
238.85200700303227,804.6802704409956,Gene 32,9
237.7305933137677,802.4207114136992,Gene 33,9
233.24975948959238,801.2829523212902,Gene 33,9
240.81544878777382,802.8555028094626,Gene 33,9
232.12478578954955,800.4363458466679,Gene 33,9
239.84484707367005,797.7823353383765,Gene 33,9
239.9548725776536,799.9943485581792,Gene 33,9
233.1712394798308,799.0617853319167,Gene 34,9
238.09248868580485,804.59249865466,Gene 34,9
235.8015452503249,794.8552711685787,Gene 34,9
234.21268656709753,804.0395701024768,Gene 34,9
238.9157696449249,795.9370075508136,Gene 34,9
235.96170362800495,793.9517860253194,Gene 34,9
231.27833901274136,801.7465951359578,Gene 34,9
231.06299539313844,798.3241687021003,Gene 34,9
230.691881931715,798.0958531838237,Gene 34,9
237.03848128434103,802.1137290715246,Gene 34,9
234.34774418252857,794.0155907030837,Gene 35,9
234.94241153604435,802.9507904941547,Gene 35,9
232.65170907672794,800.8143347263799,Gene 35,9
231.80182474433673,801.5791993497487,Gene 35,9
237.3867142493893,802.2487113529888,Gene 35,9
238.92100757964505,803.82341834489,Gene 35,9
241.5277944943742,802.1784607203998,Gene 35,9
234.3236460607359,799.9447819591475,Gene 35,9
231.7870994098646,800.3027931589038,Gene 35,9
232.93603495754522,798.4142851879155,Gene 35,9
240.41956136745347,799.854190298928,Gene 35,9
232.56544536090186,802.2925058538933,Gene 35,9
231.25263695091246,799.7652321427781,Gene 36,9
234.36270556504658,803.8165899684789,Gene 36,9
235.64622211514325,796.928614976538,Gene 36,9
231.34720960974215,798.6864516358077,Gene 39,9
236.93250677255426,795.6706856812976,Gene 39,9
239.91631371900587,799.8109384751946,Gene 39,9
230.7000979324548,798.4395632266542,Gene 47,9
234.6276741494347,797.6088486601376,Gene 47,9
231.59179321245222,800.0447763602696,Gene 48,9
234.68148964187054,800.7219558633712,Gene 48,9
241.55034334770528,798.2173345595724,Gene 0,10
241.47031257010735,793.8237016594278,Gene 1,10
241.5796088383861,795.2890659895638,Gene 32,10
243.8266803313495,800.5919202890611,Gene 33,10
248.01393173873203,795.4773388171834,Gene 33,10
246.70161348337678,795.5661543781439,Gene 33,10
245.54156725231647,800.0461978527884,Gene 33,10
246.91989365256927,796.4225393963953,Gene 33,10
242.55293084484452,800.6858230153628,Gene 33,10
243.90284114976077,790.0882017349362,Gene 33,10
243.7766184391926,793.4462518821689,Gene 33,10
242.09818332669394,795.0614415186714,Gene 33,10
246.94543192608262,799.2146348515208,Gene 33,10
244.65837495579237,800.5221834155869,Gene 33,10
247.7714705846796,799.2756902744725,Gene 33,10
244.4271651534089,802.1107501989848,Gene 33,10
243.40819369692616,793.3004715981939,Gene 33,10
242.74610376288382,804.1991825216248,Gene 33,10
247.7980360408547,800.4122592626354,Gene 33,10
243.82756655017582,793.2131844211356,Gene 33,10
247.069076659193,796.1957453041482,Gene 34,10
245.5780790589152,801.0740374201619,Gene 34,10
247.15404082636113,802.366193904037,Gene 34,10
246.04631829933538,793.964444520674,Gene 34,10
241.63564422685494,796.7802170996316,Gene 34,10
247.94005903634587,797.8112195247767,Gene 34,10
242.00231878972832,801.3570370476436,Gene 34,10
243.05263824737753,804.1191663034904,Gene 34,10
243.08373087871766,800.5009508309608,Gene 34,10
242.6335666959005,804.1174266454727,Gene 34,10
242.99738374006168,791.7713533414669,Gene 34,10
242.11292806415548,795.5629118151674,Gene 34,10
240.67650532952055,797.4135385754494,Gene 34,10
242.36267561248002,793.8811010042496,Gene 34,10
244.57623952184716,803.0044981823108,Gene 34,10
247.6325477289359,800.6351087989347,Gene 34,10
247.30046812909458,796.6512667902131,Gene 35,10
242.1706881512514,801.175864763213,Gene 35,10
246.96053463615718,793.4270324767454,Gene 35,10
246.57650480157372,801.4535051579412,Gene 35,10
242.04231893131637,792.0868463876434,Gene 35,10
245.50525287678641,792.8559614160094,Gene 35,10
241.10774778943048,798.5317366494246,Gene 35,10
245.22128477043452,794.3718873681572,Gene 35,10
245.30196297692962,789.8683744122948,Gene 35,10
245.4939103035476,790.1133398757796,Gene 35,10
243.06497951896702,802.3739069774459,Gene 35,10
240.781649149581,797.953736923497,Gene 36,10
243.57707614653924,802.8461633925788,Gene 36,10
243.48382342675563,792.3303338757854,Gene 36,10
246.344410455381,801.245406016169,Gene 36,10
246.12702344706543,799.5347363592055,Gene 39,10
245.14481660806882,796.0262209628162,Gene 39,10
245.72131663386543,796.8278515960345,Gene 47,10
244.5323550361355,794.8524394048907,Gene 47,10
243.26343844955503,803.1263034346762,Gene 47,10
242.0850351086504,796.2806729088609,Gene 48,10
242.56211135261287,802.1570962224749,Gene 48,10
240.53741338853044,799.182660385035,Gene 48,10
201.61959578184144,710.2173009290738,Gene 4,11
202.26589390117402,699.9523118568795,Gene 4,11
202.23382799618392,694.4682259545198,Gene 5,11
202.13607325518532,709.0480484065595,Gene 19,11
201.83557339352686,709.524971116398,Gene 22,11
202.114386234831,697.5236019778864,Gene 22,11
201.72044282062785,708.7657387175302,Gene 26,11
202.38408699008224,707.8635053156893,Gene 26,11
202.28608882495206,695.4978166066059,Gene 26,11
201.83473362051612,696.4800916635277,Gene 26,11
201.34061249583624,703.6061460960361,Gene 26,11
202.1394670961586,696.5041353568674,Gene 27,11
201.5039902554111,709.7776552089002,Gene 27,11
202.30292112891036,701.3357462065321,Gene 27,11
202.0288815255763,707.7117771083406,Gene 27,11
202.2553758727557,712.5941468804443,Gene 27,11
202.06998267737706,692.7662446983863,Gene 28,11
201.3588069177198,700.1523045407428,Gene 28,11
202.09995794184962,712.2134764467504,Gene 28,11
201.95635937859493,696.3535994529776,Gene 28,11
202.1567264674772,695.8268438012465,Gene 29,11
201.73169062223772,691.071592058445,Gene 29,11
201.50705487304262,704.3882719725773,Gene 29,11
202.08700766195014,696.4489185722332,Gene 29,11
202.09618689752025,693.756042996811,Gene 29,11
201.446553333299,697.7807830955514,Gene 29,11
201.5991509843031,699.7557274303351,Gene 29,11
202.09209185195746,696.3104314389593,Gene 29,11
202.06885785924223,705.4789043068916,Gene 29,11
202.0329008022374,712.8837982834693,Gene 29,11
201.72891541025675,710.2274493953357,Gene 31,11
201.49145604846439,696.0771590367654,Gene 31,11
201.63335083643295,712.1160614770428,Gene 31,11
202.02578136959198,693.6865067180119,Gene 32,11
201.72511849258058,710.1308943818561,Gene 32,11
201.49962283557534,705.381865724604,Gene 32,11
201.54172542587753,701.4706391893935,Gene 32,11
201.83759573820666,710.2308711956647,Gene 33,11
201.76250595603207,698.5985046592356,Gene 33,11
215.23828774508075,702.7077047831096,Gene 4,12
208.09577717440817,699.3454410263349,Gene 5,12
209.20088720156247,699.8396261426784,Gene 19,12
213.70173353013823,699.557175315362,Gene 19,12
207.74167662914346,708.4924698125607,Gene 19,12
207.03342811677078,705.3580255952855,Gene 19,12
211.84828494789753,705.4020857896292,Gene 19,12
205.49603350432338,702.1477409730188,Gene 19,12
215.05496627402047,705.2961837718373,Gene 19,12
212.6700726818474,702.5577966055276,Gene 22,12
211.85173927348262,700.0189022537505,Gene 26,12
206.88843161282853,704.6669805806746,Gene 26,12
206.5641318853767,705.4540697130972,Gene 26,12
211.49252188378387,708.1519233428099,Gene 27,12
204.3593849205838,702.8687982990066,Gene 27,12
210.89335537834538,698.8366179219548,Gene 27,12
213.75487246418794,701.2599030357479,Gene 27,12
206.91685738405485,704.6399941418548,Gene 27,12
215.134006463065,703.7633275719448,Gene 27,12
214.98431709738566,702.8180345203627,Gene 27,12
209.25567308479572,700.243848803916,Gene 27,12
213.693558691085,699.7911597684916,Gene 27,12
211.78802246348266,708.6687977431143,Gene 28,12
211.78368484371705,700.6751853236385,Gene 28,12
205.2343591643887,700.3551859813507,Gene 28,12
208.00643697926157,698.8074877133785,Gene 28,12
210.08830037218368,701.6545239247266,Gene 28,12
207.2327468656833,701.7896174224961,Gene 29,12
213.8266767862031,701.3973739995487,Gene 29,12
210.42104781675076,699.9206390641921,Gene 29,12
214.28298566497298,701.1364620560635,Gene 29,12
214.01366962134784,700.7930544549522,Gene 29,12
207.26450048196855,708.7853308858753,Gene 29,12
205.87729747725135,707.0374136593493,Gene 29,12
213.97583141240068,699.3623275849143,Gene 29,12
207.3103215993446,703.837010100254,Gene 29,12
213.6487808090281,703.1548331064058,Gene 29,12
211.42690694195525,698.7343781362073,Gene 29,12
210.7590324022159,708.2522779242094,Gene 29,12
210.07846336318624,708.5219814734007,Gene 30,12
213.57019605507287,707.4229675415979,Gene 30,12
214.0708423975508,702.2929475159542,Gene 30,12
207.8176614089897,702.7346987592722,Gene 30,12
207.9108569175092,699.443431845278,Gene 30,12
214.33397374588992,706.1912423249712,Gene 30,12
208.3208950080276,701.1193719748403,Gene 30,12
206.36509411685768,703.1864808137445,Gene 30,12
212.04799799005895,707.4731348400717,Gene 31,12
204.7251333107984,703.4463629787148,Gene 31,12
214.5976398865189,704.1651787655059,Gene 32,12
206.94323045410846,701.4556229563458,Gene 32,12
207.23166726186162,707.5172735969923,Gene 32,12
205.61898754866908,705.7252921416606,Gene 34,12
213.0035739128756,701.2824285922811,Gene 35,12
208.66912694607947,699.734356801514,Gene 37,12
213.97963369912696,703.749000933221,Gene 37,12
225.3901349464323,705.2857182014891,Gene 4,13
219.2113491679495,707.5266095698372,Gene 13,13
226.57513239430267,702.3046901879392,Gene 19,13
224.04472054270215,698.4165456629307,Gene 19,13
226.24679117221348,701.152096549116,Gene 19,13
224.04092772880125,708.1958286790164,Gene 22,13
219.1845433995737,699.4246260147521,Gene 26,13
219.99004529228108,706.473470136335,Gene 26,13
225.72091846383188,700.126479257855,Gene 26,13
218.8282966730006,706.6156085748061,Gene 26,13
225.10221962108668,705.9280421707639,Gene 27,13
219.03180829176907,704.0195929962085,Gene 27,13
220.08986293334706,700.8506244476465,Gene 27,13
220.5667871644788,698.3354168579469,Gene 27,13
222.4969156938267,702.6178339404564,Gene 27,13
216.88151848063544,701.1846583752055,Gene 28,13
219.51047575565877,699.0589508671476,Gene 28,13
218.4023537318969,705.620686868082,Gene 29,13
218.793362497124,703.0067113093118,Gene 29,13
217.47606049393136,702.0673716195735,Gene 29,13
225.19316457871577,704.273472362106,Gene 29,13
225.32340672990824,701.6462845670646,Gene 30,13
225.8450405886853,699.7313680546807,Gene 30,13
221.5321774050169,697.842347051837,Gene 30,13
224.58240030239503,708.205500104047,Gene 30,13
225.49785311423253,705.077252328703,Gene 31,13
217.68478208818937,703.2954163542171,Gene 31,13
219.59806500326619,697.6259204510188,Gene 32,13
225.2671766285062,706.8079535727913,Gene 32,13
222.00400461272577,707.710649595131,Gene 32,13
225.36086111018608,706.3480809839836,Gene 32,13
225.13938224514084,705.7123969004105,Gene 32,13
220.27476985355256,700.7013943535578,Gene 36,13
220.05396562788945,698.178384961732,Gene 37,13
221.6945419406541,707.670121104469,Gene 37,13
220.7241540753941,708.4366242791895,Gene 37,13
219.14508358485415,705.6593124862566,Gene 49,13
230.8727464489074,710.6542973749964,Gene 4,14
228.45200167840247,703.2753621989434,Gene 5,14
229.76956912260815,705.3776454649945,Gene 5,14
229.04912011127504,703.8941676567628,Gene 13,14
227.89544038277003,698.2682569252268,Gene 13,14
232.7713950170152,699.0371766155147,Gene 19,14
229.17461351381115,709.1448052302375,Gene 19,14
231.28738282535485,696.2725525235606,Gene 22,14
230.01494742166028,708.1053402324567,Gene 26,14
231.60981769176806,700.2402668328799,Gene 26,14
230.10227841126598,695.7993885289765,Gene 26,14
228.83993974707465,703.934583634203,Gene 26,14
230.16826302046604,693.3129063668334,Gene 26,14
229.31456740222703,698.4482457203575,Gene 26,14
232.13057365106025,706.345134067093,Gene 26,14
230.17339297728313,707.9581222744225,Gene 26,14
230.30494543017014,697.0733106086258,Gene 26,14
228.77677998422752,701.9432906961633,Gene 27,14
228.12813140082685,699.3137369742759,Gene 27,14
231.14980727029902,697.6595995617757,Gene 27,14
228.42436316258906,706.6275775808974,Gene 27,14
230.94197770512488,708.1940725307204,Gene 27,14
229.01415473108426,701.5137300804678,Gene 27,14
228.6966174806793,695.9908781062722,Gene 27,14
232.82884189166725,702.4735320085188,Gene 27,14
233.20247394241767,704.6915761130699,Gene 27,14
229.7063962772266,696.2588370456454,Gene 28,14
228.1715954886897,704.5322192994626,Gene 28,14
232.96825937730566,701.8291430138316,Gene 28,14
228.37118420567333,706.604658684224,Gene 28,14
230.31101058660616,697.9432982885157,Gene 28,14
232.57435823813123,698.3772268358173,Gene 28,14
232.482573580386,697.2275483328738,Gene 28,14
230.19786308123832,695.6347441376399,Gene 28,14
228.28379821308613,703.7148326179861,Gene 29,14
233.14923258623313,701.2211037174079,Gene 29,14
227.71897762613685,698.224481923683,Gene 29,14
232.43939982305693,705.5207891073907,Gene 29,14
228.59360225743512,697.9623013952271,Gene 29,14
231.83755384245714,695.2054157990533,Gene 29,14
230.86233885334428,706.6112199468556,Gene 29,14
229.9595470760271,705.2091423413774,Gene 29,14
231.9191145951307,703.3696235166876,Gene 29,14
229.7668829905089,708.4039230139194,Gene 30,14
232.4464881484095,700.3733850449956,Gene 30,14
231.6165208728715,694.4239829090282,Gene 30,14
228.33809277569895,702.0334898791259,Gene 31,14
232.72656771392698,705.5151138588448,Gene 31,14
229.75425100767507,694.2043468140258,Gene 32,14
230.4276630475539,705.4601216728978,Gene 32,14
229.79193818572875,708.1176619156712,Gene 32,14
227.95995592164797,702.9136095665859,Gene 37,14
232.28498275097743,705.0068849776341,Gene 37,14
233.07975903804558,699.9536849208013,Gene 37,14
227.73405989258936,702.470551907693,Gene 37,14
230.4235651236129,694.3697561695784,Gene 37,14
240.29560830368712,707.2288312231719,Gene 4,15
237.39092322524007,699.465146952347,Gene 4,15
235.73559165523528,707.9450992945018,Gene 5,15
241.61307482739912,705.4339383716781,Gene 19,15
240.90781023485823,708.0408503636821,Gene 22,15
234.28939567355062,703.2304280047846,Gene 22,15
240.42492184948145,701.5052402475299,Gene 26,15
242.06725338240201,701.4399899083082,Gene 26,15
233.7026778355087,707.1352108078179,Gene 26,15
232.29227635244456,704.6121000904946,Gene 26,15
233.44700712873825,700.0513852458414,Gene 26,15
243.5333732639202,704.5139599205071,Gene 26,15
232.92284323692613,701.0478151325851,Gene 26,15
237.98280858673593,709.2939139929625,Gene 26,15
236.49268667918784,708.8602442786452,Gene 26,15
235.852838413686,702.1581206822572,Gene 26,15
240.44268296240816,704.3006436153603,Gene 27,15
234.88135063551385,701.587957642002,Gene 27,15
237.69618794522245,706.9978061932026,Gene 27,15
239.75291012896122,703.9540199284502,Gene 27,15
236.86715790561982,707.2637483959405,Gene 27,15
233.70035880030824,708.33368064931,Gene 28,15
232.9826911398239,703.8569011912764,Gene 29,15
238.31670857935495,701.6341895095896,Gene 29,15
240.7123850720859,704.5400557673338,Gene 29,15
234.0678141068678,700.3643848157085,Gene 29,15
235.5332348379129,703.4274798414725,Gene 29,15
236.07959682594873,708.8485969475299,Gene 29,15
235.41732934981533,701.0753685377665,Gene 29,15
241.15101092423888,702.5656241699589,Gene 29,15
238.03334151111017,703.5995182671205,Gene 29,15
232.00327540084717,701.1851184550964,Gene 30,15
230.80063947192252,703.9966732884044,Gene 30,15
234.41134875816311,700.1122449533012,Gene 30,15
232.70653068628152,702.3998297686694,Gene 30,15
232.03181047389484,705.6404540603237,Gene 30,15
242.12298550342996,703.8641222985909,Gene 31,15
237.06093664913718,708.8410657691815,Gene 31,15
232.87076140963353,708.915031744165,Gene 31,15
230.3654395443347,704.4540683593372,Gene 31,15
235.3455991616335,701.5464398123092,Gene 31,15
242.086999626666,704.173415510235,Gene 31,15
230.99240993397078,703.6701571974162,Gene 32,15
238.28872952682858,702.9275687914327,Gene 32,15
235.5512506988022,707.571965608423,Gene 32,15
236.80258084965013,708.4536666832237,Gene 37,15
237.10637716804848,701.0195617355033,Gene 37,15
248.75995418119146,709.6018077888624,Gene 4,16
254.14902006560808,701.4226605144428,Gene 5,16
253.93293822188318,706.1896518974678,Gene 5,16
248.07377661279602,708.5408393069099,Gene 5,16
248.79409949309382,704.2386893851573,Gene 19,16
252.48233462977785,699.8698676054255,Gene 22,16
248.45953290104617,701.6012027244406,Gene 22,16
249.18671523807507,708.7425391682292,Gene 26,16
249.52520738253241,701.5460720763693,Gene 26,16
251.04078058819758,711.2479435050052,Gene 26,16
254.3639909820222,705.1178562435659,Gene 26,16
250.89595628908603,710.7362010837795,Gene 26,16
254.63752108724373,704.6852815455226,Gene 26,16
253.59312254091552,708.5780228187962,Gene 26,16
247.63332529482278,706.5448323463676,Gene 26,16
248.88271357921062,699.6726655396782,Gene 26,16
253.22811342333654,707.7375718991522,Gene 26,16
254.07112745416595,708.0666251728626,Gene 26,16
249.32234276633514,708.7995004087333,Gene 27,16
247.95362155728313,705.3022490473988,Gene 27,16
247.69439458251577,705.7939953204994,Gene 27,16
254.92392714804544,706.5151040408526,Gene 27,16
247.62517767998455,705.4589194567834,Gene 27,16
251.15539057725485,701.8222107670598,Gene 27,16
251.86299522846,709.9895699988434,Gene 27,16
249.2530320686639,710.5101365767673,Gene 28,16
249.45728699349561,708.3192797299678,Gene 28,16
252.45572263103165,706.5261759872194,Gene 28,16
249.16859974049652,700.7024402308589,Gene 29,16
249.07033421662013,707.4153420589416,Gene 29,16
247.74145330003466,708.5369673215359,Gene 29,16
251.87714311700898,700.4410172277421,Gene 29,16
251.6780602318722,697.6853261263934,Gene 29,16
250.61388909638828,708.0157810500575,Gene 29,16
249.70676509999274,703.0581501487742,Gene 29,16
250.32723803310992,705.0481422349669,Gene 29,16
254.3681426010151,708.5909081936975,Gene 29,16
254.19575641908364,708.0119292483304,Gene 29,16
251.41809845056662,697.7109314504576,Gene 30,16
249.7598019941137,707.3824088949198,Gene 30,16
252.8465685829763,698.7583383624687,Gene 30,16
254.24811936505336,709.2703428511649,Gene 31,16
252.07479135659975,702.9575603337407,Gene 32,16
255.06311563213322,701.1232191886529,Gene 32,16
255.2000273477377,702.6958091509495,Gene 32,16
251.60118981455807,698.3721957919181,Gene 32,16
252.6545296633271,711.8852309366165,Gene 33,16
248.78966708439003,703.5364209678156,Gene 37,16
250.89206814888945,708.4677810522301,Gene 37,16
252.5277244279465,700.9895084185018,Gene 37,16
248.05091282746693,706.8801085721392,Gene 37,16
247.42300392981335,706.2444972426119,Gene 37,16
248.7716659527279,705.4290165822027,Gene 37,16
263.8072127287805,693.6379119761293,Gene 4,17
264.10465883538944,705.4752529189817,Gene 4,17
263.7787707181482,694.4463239192119,Gene 4,17
263.61837116001175,708.7749617201006,Gene 19,17
263.626867559445,690.7536205576312,Gene 19,17
263.74739440825573,710.7004574097841,Gene 19,17
263.91675678819877,689.8591562677565,Gene 22,17
263.9373407020415,697.1617483812896,Gene 22,17
263.4552081088509,695.8800462657143,Gene 26,17
263.4337651632053,694.594357785925,Gene 26,17
263.3899178678892,703.1197704709948,Gene 27,17
263.9935414815234,711.3331233786711,Gene 27,17
264.1103262026389,708.301165714395,Gene 27,17
264.108857256606,699.322443869405,Gene 27,17
263.8828100956628,694.7363362956526,Gene 27,17
264.06983618618165,706.6017338651981,Gene 27,17
264.0832301011257,709.9795557981358,Gene 27,17
263.9128322765651,690.341281531523,Gene 28,17
263.8351821299885,706.484113377545,Gene 28,17
263.5590419850552,700.0924459145664,Gene 28,17
263.4553594893664,703.6063213345902,Gene 28,17
264.31708863523795,699.1363599255096,Gene 29,17
263.42598359535026,707.1628207250942,Gene 29,17
263.4423310355015,699.4026606103766,Gene 29,17
263.9822061995861,692.542263875458,Gene 29,17
263.37091482338707,699.4136128490525,Gene 29,17
263.41043701557624,697.6973746060032,Gene 29,17
263.43190563599205,703.0383317428501,Gene 29,17
264.3529566087993,702.7145258570192,Gene 29,17
263.678301637262,709.9335452295411,Gene 30,17
264.2868621368405,703.0447889914785,Gene 31,17
263.8686555909005,707.576919982947,Gene 31,17
263.8979335947471,697.1927349522169,Gene 31,17
263.38768983369306,700.8081950339961,Gene 31,17
264.2709491379841,702.8957303850049,Gene 32,17
263.4687330751746,697.6035030348727,Gene 32,17
263.88908718690067,693.7463137050239,Gene 32,17
263.88418310031864,693.0338389663094,Gene 32,17
263.4954621274224,692.6347829072033,Gene 32,17
263.37142449565476,705.6329424781112,Gene 32,17
264.0636579955611,692.6541988751109,Gene 32,17
264.2995079282952,694.2369254094434,Gene 32,17
264.3679462535912,700.7969236467678,Gene 33,17
263.46906607028933,699.1113679090267,Gene 36,17
264.0417197978828,694.9234315644106,Gene 37,17
264.1738429005147,706.8540333855284,Gene 37,17
263.5006654040144,707.4539222677373,Gene 37,17
263.9464523382372,701.7155918913897,Gene 37,17
263.9451753955233,710.1561039127674,Gene 37,17
202.4809205073199,710.9916723576654,Gene 4,18
204.75195438418282,712.979221284779,Gene 19,18
206.4674396465029,705.7239821925333,Gene 19,18
201.78940742644645,713.3830610164006,Gene 19,18
203.74168086833382,705.7845637511249,Gene 22,18
201.8029072549046,705.3249360396537,Gene 22,18
205.74311674112374,711.8479674425009,Gene 26,18
204.8372606037398,715.2817031810554,Gene 26,18
201.58090543010246,707.1738609336913,Gene 26,18
201.76051270710335,714.819578398481,Gene 26,18
207.32088006124656,709.7572787623415,Gene 26,18
202.26811651755477,710.0759456156347,Gene 27,18
206.4280131610366,714.5584495088672,Gene 27,18
201.1287633705403,716.0153136926372,Gene 27,18
206.30508190221033,705.2921505530267,Gene 27,18
206.14869896045641,707.6901580109586,Gene 27,18
206.36200077391976,708.8109669186665,Gene 27,18
201.8367754291981,712.822731708065,Gene 28,18
200.29910495450252,712.3293497185484,Gene 28,18
201.20880045678206,711.3899840505475,Gene 28,18
204.7944814300392,714.2133443464335,Gene 28,18
202.94644768004144,706.5924140660587,Gene 28,18
202.90717420344305,704.5397756747335,Gene 29,18
206.56178452515792,707.4559853642241,Gene 29,18
205.41755769443185,714.036216103944,Gene 29,18
201.01701520344918,715.5716227897361,Gene 29,18
201.86820041345186,717.3252632690719,Gene 29,18
206.81942639448593,711.9522073659348,Gene 29,18
205.5137081980154,708.9810182752461,Gene 29,18
206.77874642674112,705.9400537127003,Gene 29,18
201.87939976228043,714.4802221281275,Gene 30,18
202.52962794167226,717.2749051049813,Gene 30,18
206.63442525900294,705.9807847461856,Gene 30,18
202.04612431991544,712.5060247996898,Gene 30,18
201.65248694504902,715.7629041985554,Gene 31,18
202.27030310134109,707.6854904899745,Gene 32,18
203.50816717408665,705.4430875509879,Gene 32,18
202.09116002858093,706.2297787763151,Gene 32,18
202.8926830548289,712.4551349527417,Gene 32,18
205.33746759522504,703.8735449469361,Gene 32,18
207.36215735152604,711.1129686433139,Gene 32,18
200.44392022473912,709.2312717315993,Gene 33,18
202.49767598931052,713.4777476545844,Gene 37,18
202.42788649053657,706.9642288329119,Gene 37,18
205.22398684351924,704.7791258458772,Gene 37,18
202.7452526030433,705.4205641761496,Gene 40,18
210.91382409258347,713.164929977817,Gene 4,19
215.1593599509717,713.5519470856032,Gene 19,19
213.23627130435483,708.4358498872604,Gene 19,19
215.9310797080667,714.4305510616645,Gene 19,19
213.93659869360343,715.4757831568891,Gene 26,19
217.88626532051939,712.5322095987409,Gene 26,19
216.36558852404562,705.7570737457835,Gene 26,19
215.87322666542903,707.3193127912562,Gene 26,19
212.98559467676444,714.8315903998595,Gene 26,19
212.9620477594488,708.0175139799775,Gene 26,19
214.02698962740112,707.3337000789948,Gene 26,19
212.7222992249025,706.0362699144251,Gene 26,19
214.02351175345765,716.3716806366837,Gene 26,19
213.3502810456451,717.4486069837895,Gene 26,19
215.24660993128407,704.7521745061465,Gene 26,19
211.72931950405436,706.0572580388483,Gene 27,19
211.77030002408088,716.1306599192178,Gene 27,19
216.2160733945216,708.8421258969,Gene 27,19
216.16182612560257,709.0878057629044,Gene 27,19
215.98569680192978,711.5197048047625,Gene 27,19
216.4718673273204,711.6704409140777,Gene 27,19
210.9725545225437,714.5570086910371,Gene 27,19
217.12124183937328,710.7676115711674,Gene 27,19
211.90297121712192,714.6711781973949,Gene 27,19
216.6573324822716,717.569355737631,Gene 28,19
218.01900038525284,708.404208963028,Gene 28,19
213.50605108602477,715.7821972928523,Gene 28,19
212.156939464796,707.5328688034845,Gene 28,19
213.94849986827754,705.8831780561171,Gene 28,19
212.54499472312912,718.2975596426178,Gene 28,19
216.01135756489006,710.1898288393007,Gene 28,19
214.5494384524915,707.9018783955612,Gene 29,19
211.90058062047157,709.8929557553087,Gene 29,19
212.01316358734033,707.8346823495436,Gene 29,19
211.2888205877239,709.9608770541307,Gene 29,19
214.6202952970615,708.9090012325713,Gene 29,19
215.53726909613604,708.8193182144184,Gene 29,19
211.3180943000117,709.3985024697283,Gene 29,19
214.19776429476724,717.9452476157104,Gene 29,19
216.71636840691593,710.5679186631347,Gene 30,19
214.2818362481604,717.7669564869699,Gene 30,19
211.76740909465803,708.3707288064752,Gene 30,19
216.18686066943675,708.1152051767242,Gene 30,19
216.88897178640548,715.5122664842917,Gene 30,19
215.33602575302814,718.3197065447574,Gene 30,19
214.7339096384264,715.707160730018,Gene 30,19
211.1252086431559,708.6305803961528,Gene 31,19
218.57759085829647,711.6151579027595,Gene 31,19
217.06763794803297,716.2711744301,Gene 32,19
216.5721251901541,714.0172677440847,Gene 32,19
217.79991830776595,712.4870312329383,Gene 32,19
210.69048449805356,713.4191875100227,Gene 32,19
210.56399074921208,709.8848385511499,Gene 33,19
211.00738947628525,709.6383352762058,Gene 33,19
216.0685434886013,707.1072194973806,Gene 33,19
216.82292822549678,706.4606287356795,Gene 37,19
214.3440451895524,705.5966532905641,Gene 37,19
210.75635151581417,714.5681054991328,Gene 37,19
213.25567199484567,716.7395216235078,Gene 37,19
213.6984050569001,716.2783888713147,Gene 38,19
210.90648435242437,711.4167170923514,Gene 38,19
227.7698354570043,699.7085661044284,Gene 4,20
227.7079943975913,704.3997677014904,Gene 16,20
227.98581800345656,705.0174902082313,Gene 19,20
227.45956995468862,702.3336097177101,Gene 19,20
227.8869371549962,707.2572058241517,Gene 19,20
227.90469908317036,712.4831298460103,Gene 22,20
227.32226815976335,699.7835325841364,Gene 26,20
227.6068467080402,700.0122478595014,Gene 26,20
227.7591819738824,705.3502801890533,Gene 26,20
227.6985586226679,696.1160551043752,Gene 26,20
227.8661693446751,701.9261136203481,Gene 26,20
227.24329905583463,700.5981671054994,Gene 26,20
227.3993577315523,713.4466227350752,Gene 26,20
227.39681160436388,699.9703992156184,Gene 26,20
227.73857177388328,715.5918885763936,Gene 26,20
227.40732416647512,711.0649613390253,Gene 27,20
227.55583506258606,714.620497112767,Gene 27,20
227.89321664180994,704.7956338955358,Gene 27,20
227.61419440220888,699.4018944576255,Gene 27,20
227.9506642541792,713.7002112545108,Gene 27,20
227.95746119279988,713.2112119216706,Gene 28,20
227.1852833892624,709.3460804891909,Gene 28,20
227.88745665149276,709.0911577600108,Gene 28,20
227.71472989858628,701.1888973582166,Gene 28,20
227.3258491433967,711.3740142155879,Gene 28,20
227.5217341082754,706.312118832752,Gene 28,20
227.1855104697924,709.7993640336389,Gene 28,20
227.85737167739663,698.1054394327402,Gene 28,20
227.301461493684,707.9596588731881,Gene 29,20
227.5775195520113,703.2389764163651,Gene 29,20
227.1830306268006,705.0781241805346,Gene 29,20
227.80447367307045,715.465958078595,Gene 29,20
227.51376000470268,698.2751138462132,Gene 29,20
227.98658548983275,703.3124418681255,Gene 29,20
227.401175456434,714.3598724608588,Gene 29,20
227.87645425897242,716.9189738874762,Gene 29,20
227.21746545696666,708.9236931323854,Gene 29,20
227.15382641975395,709.4751473989688,Gene 30,20
227.37026572877087,716.5349908907452,Gene 30,20
227.7515854281445,715.3848298394504,Gene 30,20
227.71997043619524,704.5007749729824,Gene 30,20
227.2781381818162,704.4758476974631,Gene 30,20
227.96543842144686,703.3553324911408,Gene 31,20
228.03318542829197,705.766283531345,Gene 31,20
228.0301721898489,711.0292871319633,Gene 31,20
227.28817820199546,712.8885464837631,Gene 32,20
227.26901093984443,707.1606489944162,Gene 32,20
227.260633873169,704.5696463904386,Gene 37,20
227.91915679959064,707.5222811560784,Gene 37,20
227.72594941762404,716.2702504934481,Gene 37,20
227.79406591723006,701.3624252107794,Gene 38,20
237.72203161252497,706.0372976797905,Gene 5,21
238.6257603320908,707.0596667310728,Gene 13,21
237.81675607616577,713.419499148515,Gene 19,21
238.91305792931757,715.101649027466,Gene 19,21
237.15801403105877,703.2221960623203,Gene 19,21
233.8994063262579,706.0428225878067,Gene 22,21
234.40748799753425,703.9238199596193,Gene 22,21
237.50127918043626,706.21963804206,Gene 22,21
235.67441931857294,716.8280949415304,Gene 26,21
235.6702893412858,707.8342552178276,Gene 26,21
235.00203024607586,716.8536725643413,Gene 26,21
238.03885239891986,704.1940481252431,Gene 26,21
233.99596113454618,705.5335543578153,Gene 27,21
238.72726800210089,705.480632699109,Gene 27,21
239.26804116615324,707.2177969836506,Gene 27,21
238.97875100324305,711.4613928518079,Gene 27,21
233.76341047300363,706.8092100436398,Gene 27,21
237.78958081850288,714.9492633347577,Gene 27,21
234.70168019243113,705.8681850490325,Gene 27,21
233.481175905273,711.0246594687782,Gene 27,21
237.26479072102083,703.3460757278701,Gene 27,21
235.44322118041794,716.1502305895506,Gene 27,21
238.16044410224345,703.7251697487699,Gene 27,21
236.14340863547432,702.5007288093544,Gene 27,21
233.18539256568363,707.7424251802998,Gene 27,21
237.49843772551895,717.5190545871915,Gene 27,21
234.88019631226774,703.0947329673298,Gene 28,21
234.52747991426534,715.5007142080526,Gene 28,21
234.67555687481374,712.92259420871,Gene 29,21
238.8601836167566,711.1826437295981,Gene 29,21
234.75477032817085,708.6894141324124,Gene 29,21
234.06205616424143,707.6960990677712,Gene 29,21
236.21043040953563,716.9009669938262,Gene 29,21
238.1187434821435,703.5205641536351,Gene 29,21
238.25793298947227,705.8429740295746,Gene 29,21
237.80114422937106,701.6989985988432,Gene 30,21
236.96053975460808,704.1851751417702,Gene 30,21
237.77421545129437,702.4725164834122,Gene 31,21
236.7006029922325,718.005846792046,Gene 31,21
238.1122791629372,717.1979995745154,Gene 31,21
237.36815267033325,704.0763910641496,Gene 31,21
234.34804844971998,713.6447612271879,Gene 32,21
235.48955370781997,702.3556209672554,Gene 32,21
233.64837745849167,707.7080032588319,Gene 32,21
235.97905044424687,715.7671616629482,Gene 33,21
235.3563449529996,716.2654290766217,Gene 34,21
238.07121898166852,702.2827513072177,Gene 36,21
237.47556571929047,702.3447319317464,Gene 37,21
238.6592865540482,709.116913859932,Gene 37,21
234.70692765852243,707.6094322592628,Gene 37,21
235.12961766769504,712.9928889893572,Gene 37,21
235.10450064571805,716.879888627014,Gene 37,21
245.93128590218217,711.5953043076553,Gene 4,22
243.15365712511553,714.0196435353971,Gene 4,22
243.5327653864189,716.5203207185393,Gene 4,22
242.67318017273962,704.0790347333615,Gene 13,22
244.92739083129825,708.9271704029276,Gene 16,22
244.72354120734312,715.2740310300946,Gene 19,22
241.00009527257447,706.1462190955558,Gene 19,22
242.58695317200008,706.2413215004275,Gene 19,22
240.8377605072845,710.8659817944616,Gene 19,22
242.12650329786135,703.5630315662349,Gene 22,22
243.446748641583,703.0625470636261,Gene 26,22
243.97233110911554,710.3065192896926,Gene 26,22
244.71319014831295,703.910725862739,Gene 26,22
245.1182679356489,705.1974696811201,Gene 26,22
243.017919155785,702.0490774034954,Gene 26,22
242.9071664470974,702.9618271054862,Gene 26,22
241.95816908241397,707.2542705140518,Gene 26,22
245.67701188698277,712.1218912287508,Gene 26,22
244.61839977146664,703.2008678408495,Gene 27,22
244.22945392084338,712.8003232638717,Gene 27,22
244.34137267848703,716.961260706212,Gene 27,22
245.4915202276692,711.6697062669841,Gene 27,22
242.67869829374044,711.3361862627364,Gene 27,22
241.90576838436988,713.6594318916381,Gene 27,22
243.88721107714974,714.3731202662011,Gene 28,22
242.37980379698098,716.011120139191,Gene 28,22
243.23700346650799,716.454731137517,Gene 28,22
240.32789417895685,709.8278263552963,Gene 28,22
242.39262896971977,701.0429166245473,Gene 28,22
243.51034591053136,712.0055115614693,Gene 29,22
245.70757342414095,708.677808769958,Gene 29,22
243.07944063107496,704.4858699814902,Gene 29,22
242.26283786044436,713.5232371653331,Gene 29,22
242.03701116645843,711.6384898640116,Gene 29,22
245.392437335538,710.3064341236786,Gene 29,22
241.65848051499026,704.0999464587159,Gene 29,22
245.73372027999247,708.9179284874156,Gene 29,22
241.41521811299694,707.5207501912322,Gene 29,22
241.19117364484777,714.8524031472763,Gene 30,22
244.75634702709092,704.613902909743,Gene 30,22
245.51046919810335,711.0333268178284,Gene 30,22
242.89991766613332,716.0775774591515,Gene 30,22
244.83724336479844,707.4527414104496,Gene 30,22
241.72547395655937,702.4145598345733,Gene 30,22
244.54691475918503,705.3208589028266,Gene 30,22
242.04416288010287,714.1169016285223,Gene 31,22
243.99194722137182,711.4675734246413,Gene 31,22
245.68891782733013,705.951412912015,Gene 31,22
244.69090409913323,708.0519006928885,Gene 31,22
242.8960765268141,715.7439915310503,Gene 31,22
243.14354786367645,716.2677051530026,Gene 32,22
244.76873653018154,709.1996979031383,Gene 32,22
244.20465418549776,707.0238545127162,Gene 32,22
241.23355543653807,704.5812142068031,Gene 32,22
241.18185750041502,713.3733689855898,Gene 32,22
241.84232572569158,705.0751655329442,Gene 32,22
242.47934494599122,701.3506114934544,Gene 32,22
242.0378885587518,710.9740492286297,Gene 33,22
241.56704782764078,704.3749322945581,Gene 37,22
241.4836111048393,711.4244266961467,Gene 37,22
242.6632824402687,716.0114865546747,Gene 38,22
256.7460041373055,714.5587171646652,Gene 5,23
258.5028928531197,710.3912706603867,Gene 5,23
255.92475428953563,706.9967177372005,Gene 19,23
257.0069383403277,707.6019811061595,Gene 19,23
256.2798421123268,706.8529129687893,Gene 26,23
257.8423696976115,712.133521271135,Gene 26,23
256.0964431863082,712.2221995595701,Gene 26,23
257.74901272076676,702.6199144213317,Gene 26,23
256.5478755933531,704.7558764549095,Gene 26,23
257.71327645714746,718.0574589366867,Gene 26,23
258.8926051236434,709.7326248936195,Gene 26,23
256.6544790520355,701.7570671711801,Gene 26,23
256.6192909667331,715.0717115682494,Gene 26,23
258.14696506724016,717.7479204034596,Gene 26,23
256.4999659817632,703.5130135690459,Gene 26,23
256.68167307871903,714.7808649152469,Gene 26,23
258.34706620511326,714.69581678887,Gene 26,23
257.4409373317385,711.7440101093455,Gene 27,23
258.175139422721,699.8251681050904,Gene 27,23
256.7345681991452,716.8127818566464,Gene 27,23
257.0827394419095,712.3756030294381,Gene 27,23
256.9917690495412,704.2477860053078,Gene 27,23
256.3016421053385,709.7054213441625,Gene 27,23
258.684017224425,705.049978300963,Gene 27,23
256.6743772575846,715.650445949283,Gene 27,23
258.6969768082752,710.1878015481204,Gene 27,23
258.49745884426346,716.092458699921,Gene 28,23
258.1957222773312,705.9893701832103,Gene 28,23
257.98115325080096,711.6860975220483,Gene 28,23
255.97361795882094,709.8491382406877,Gene 28,23
258.3969057741054,715.2957428243757,Gene 29,23
256.75865652099395,708.424494767846,Gene 29,23
258.07093255915584,715.4330820478176,Gene 29,23
258.7650267973798,710.5443094269165,Gene 29,23
258.40522957558994,715.7995179144912,Gene 29,23
256.24833296871935,711.4926981954703,Gene 29,23
256.02090556000934,709.7130112996463,Gene 30,23
257.2248717458534,701.4040789402169,Gene 30,23
257.8595685389488,719.2295017121716,Gene 30,23
257.74498988102687,699.8984689939134,Gene 30,23
258.6462147874018,712.3123726985858,Gene 30,23
257.65080028354845,718.168637096734,Gene 30,23
258.8778688515682,706.1856400349035,Gene 31,23
257.27815883598237,717.1191065280553,Gene 31,23
258.77377232005017,710.8680173476166,Gene 31,23
257.2451183107122,716.1183403848778,Gene 32,23
257.02277222625617,718.6942104837142,Gene 32,23
258.08363982371844,718.0995418844452,Gene 32,23
256.5143095128123,711.0537717930033,Gene 36,23
258.4332547807161,703.7716472226895,Gene 36,23
257.3523048447237,700.9881505688036,Gene 37,23
256.9077623064238,713.4142167589154,Gene 37,23
256.9259193802602,713.0749413084509,Gene 37,23
263.66331422465817,700.226202373374,Gene 4,24
265.49457072738875,710.8518764900641,Gene 5,24
267.93447624810915,705.3534864229189,Gene 22,24
267.5045609743494,703.3900211054748,Gene 26,24
266.28258152524745,700.2901734480296,Gene 26,24
262.17992578745134,709.4156387592368,Gene 26,24
266.4982322821874,700.9289563051084,Gene 26,24
268.5872099734286,702.1002837144808,Gene 26,24
267.97079484568155,701.0302703733383,Gene 26,24
265.8630732602874,699.6812850216202,Gene 26,24
263.38305003012687,701.5072227300055,Gene 27,24
266.3821295910571,710.0046835761552,Gene 27,24
263.6373116565327,712.6403925666879,Gene 27,24
265.13291518246734,701.3192482473123,Gene 27,24
267.60378233020157,700.8302786218231,Gene 27,24
268.13624658318605,703.5246085716552,Gene 28,24
264.5342420682443,710.3408635686187,Gene 28,24
261.8672662189854,705.2785971969155,Gene 28,24
267.9231141404696,705.7634644877332,Gene 28,24
264.3581650028637,698.7645543295754,Gene 29,24
266.11351271622567,700.1969541079595,Gene 29,24
269.24891931442926,703.2226047612749,Gene 29,24
267.46385201450545,702.4860826546828,Gene 29,24
266.5742406537135,699.3684469991327,Gene 29,24
261.12413051310494,708.831994689558,Gene 29,24
265.91783213097995,709.6247774739038,Gene 29,24
268.333254520239,701.0005914007858,Gene 29,24
267.77064996579344,702.3002221902901,Gene 29,24
265.6405872046892,710.905781940341,Gene 30,24
266.83907391471115,708.78502208061,Gene 30,24
264.55360249501854,701.3552414616302,Gene 30,24
262.7653209953507,703.5122237355237,Gene 30,24
262.5675022654503,706.2275811032025,Gene 31,24
268.82880307696746,701.8471687651096,Gene 31,24
266.35884242530835,702.1878972516872,Gene 32,24
263.1046039635064,708.0104679977162,Gene 32,24
261.53069211029833,707.3613193662775,Gene 32,24
263.4896204598141,701.321625014329,Gene 32,24
262.5489837677116,709.898074415308,Gene 32,24
263.4790363022421,711.9450857268264,Gene 32,24
267.7137952516533,703.3908495865238,Gene 33,24
262.3379285911653,701.5845929707424,Gene 36,24
263.46466640751476,700.284878910442,Gene 37,24
265.32693292697064,700.8900063505014,Gene 37,24
268.40161582732236,706.5256647578616,Gene 37,24
268.3945343714175,707.0144006388815,Gene 37,24
266.1201615337086,710.6347996795542,Gene 49,24
211.6554425946264,720.4421245509949,Gene 4,25
212.22101932208113,721.3856417882303,Gene 5,25
212.91727845562076,716.8822977554696,Gene 13,25
205.66345431116352,718.3684226551565,Gene 19,25
205.15140248072373,720.0305872708808,Gene 19,25
209.80739702797868,722.242494878679,Gene 26,25
212.030363211451,714.3250645635655,Gene 26,25
205.04129189342984,715.5807904539125,Gene 26,25
209.66186001537258,713.955269004063,Gene 26,25
211.04505998729638,715.7214543913358,Gene 26,25
212.34299196191944,716.0559089094935,Gene 27,25
208.15648411711283,714.0129102056355,Gene 27,25
211.90007142758728,720.8750708296045,Gene 27,25
206.6785365459972,717.3125725550278,Gene 27,25
212.51223370494498,716.7612519652971,Gene 27,25
206.78494074044448,714.6267803642023,Gene 27,25
210.1449223066997,723.4892688028062,Gene 27,25
203.97447150042441,718.8796690161746,Gene 27,25
213.51304761410734,720.7511994434366,Gene 27,25
209.09180826467008,723.2553430784245,Gene 28,25
209.31766797259112,722.9797005375287,Gene 28,25
205.2929627440916,718.4702067482888,Gene 28,25
214.07244360712085,719.7600717494855,Gene 28,25
208.75401839870875,721.6015467678407,Gene 28,25
207.0036985640635,714.563036602223,Gene 28,25
206.63290328150927,713.6931814469264,Gene 28,25
210.5974654837452,719.5730589492784,Gene 28,25
210.55069527820254,722.206478079497,Gene 28,25
210.0000439466693,723.7101593432936,Gene 29,25
208.5127535297163,718.9618103332917,Gene 29,25
205.4015470064309,722.0482400573806,Gene 29,25
207.18529959125215,719.6528479357495,Gene 29,25
211.23677516495724,719.3007027567928,Gene 29,25
213.69748070176306,715.9429483466555,Gene 29,25
211.6869798839251,721.7427775264255,Gene 29,25
208.55988285201454,716.9223588348663,Gene 29,25
211.9009627522462,715.3165533106586,Gene 29,25
206.22450905321077,718.1985397401804,Gene 30,25
210.19011227561617,722.220215723133,Gene 30,25
213.03708859729693,722.3955770154053,Gene 30,25
203.78178510266227,716.5815139257256,Gene 30,25
205.00256025603466,714.3526802524366,Gene 31,25
208.17162879726231,714.6260805003052,Gene 31,25
209.4303560126563,722.4289327344435,Gene 32,25
209.21774345471323,714.0579981091522,Gene 32,25
213.26434438367082,720.4862554972677,Gene 32,25
210.4056724891213,720.9408520976873,Gene 32,25
206.69307866334435,713.2679398217207,Gene 35,25
207.02432363607684,720.6324928630233,Gene 37,25
205.27841275625872,719.3888275295798,Gene 49,25
214.1839706641855,713.6960288908894,Gene 5,26
214.09303262332742,723.5987547576984,Gene 5,26
215.28680201211466,715.996595626016,Gene 19,26
215.49944216918405,715.7037745063045,Gene 22,26
211.35189950967492,721.9857075566116,Gene 22,26
219.17840816761884,719.1568702422629,Gene 24,26
212.49240217581442,716.858707329263,Gene 26,26
219.83279635490058,718.0884736472037,Gene 26,26
212.65467277679147,715.9198941131777,Gene 26,26
218.0421966614396,717.8194939959626,Gene 26,26
212.11670719516042,720.2699750744642,Gene 27,26
215.0731961932244,715.921969819127,Gene 27,26
211.53557366320214,718.346176423662,Gene 27,26
214.53796447627735,715.5401368761023,Gene 27,26
210.5028651239717,718.7162441890671,Gene 27,26
216.55025887623205,720.6798518956377,Gene 28,26
215.01716460823735,725.3501535517628,Gene 28,26
212.35606954346716,717.4155249277767,Gene 28,26
214.25889438056205,715.9879160220554,Gene 28,26
216.24970903299624,720.9742988948959,Gene 28,26
218.22697054386296,719.0576077626926,Gene 28,26
212.07027923275723,718.3250345053043,Gene 29,26
213.06585094909394,724.0246561787405,Gene 29,26
216.78178448173222,723.689890903031,Gene 29,26
212.4248011004675,723.4255067535235,Gene 29,26
214.9901363291916,714.8010800009529,Gene 29,26
214.3917392079759,723.0370011024557,Gene 29,26
215.49752544495166,722.3076277927995,Gene 29,26
215.01938001090898,723.1446252429574,Gene 30,26
213.78879339918305,725.5407579359565,Gene 30,26
214.18295659502067,715.5056232605746,Gene 30,26
214.0748454080629,713.4044423665609,Gene 30,26
216.96129855593654,715.5653923526907,Gene 30,26
215.65396997281923,715.2213936207255,Gene 30,26
211.59498298836607,721.4652466375641,Gene 30,26
214.9952122077933,715.5857562601542,Gene 31,26
211.83699072609244,716.6974848878232,Gene 31,26
215.33519092257418,725.4621930251802,Gene 32,26
214.41382367267497,723.4504844500176,Gene 32,26
214.95271089311854,713.5193456032064,Gene 33,26
216.1153867661005,716.9834874730104,Gene 40,26
228.9600541991927,721.078619918797,Gene 5,27
228.30579816168466,714.3376324828158,Gene 5,27
231.35613716669343,723.288634004436,Gene 19,27
230.57747451713269,717.2008928952037,Gene 22,27
230.72130254692846,719.4454787283358,Gene 26,27
229.25536853384568,713.0131838559782,Gene 26,27
231.15950847434596,723.5019622949546,Gene 26,27
230.76589020435165,724.1300455551672,Gene 26,27
230.50940472577867,726.5524151482579,Gene 26,27
229.00980471237037,714.071804659644,Gene 27,27
228.07397728654078,724.5927163616312,Gene 27,27
228.4673213665263,718.755314047551,Gene 27,27
228.21093456764385,723.3706437344829,Gene 27,27
230.54243475994258,719.7883848382536,Gene 27,27
227.52294037583692,720.2257288642244,Gene 27,27
230.7116843160829,717.6366006777403,Gene 27,27
227.8777507942499,715.3690877318655,Gene 27,27
229.22552760914022,715.6014724594585,Gene 28,27
227.40441138762398,718.2405076641319,Gene 28,27
228.27067298656223,712.3268781252647,Gene 28,27
228.9246474206293,724.9197299116985,Gene 28,27
230.18396579362374,710.8162782230546,Gene 28,27
230.72588031607913,723.5975556695646,Gene 28,27
228.75073837440223,724.1271813097923,Gene 28,27
228.92815751979046,712.277401830957,Gene 29,27
227.99141136311067,718.9448270885815,Gene 29,27
227.9729853303329,713.7455556276524,Gene 29,27
229.6723634654449,713.3161364353784,Gene 29,27
230.25367388222833,727.4637736677328,Gene 29,27
227.56682538499643,717.5397979531547,Gene 29,27
229.4094470633124,713.4058248947276,Gene 29,27
229.99625193777257,713.1513804487054,Gene 29,27
228.38728868022443,726.602868616657,Gene 29,27
229.672518132226,725.1534674670163,Gene 30,27
227.29919894967244,717.1025116619555,Gene 30,27
227.26487485216924,718.8996866443696,Gene 30,27
228.60131500535033,712.7025805692595,Gene 30,27
227.42168530608785,719.104328232042,Gene 31,27
228.79496955857863,723.7523762647492,Gene 31,27
227.88607241500097,719.1811431723712,Gene 31,27
227.36054869920136,718.6957126497151,Gene 32,27
231.31983457950088,718.0621584179906,Gene 32,27
227.5474745829768,719.2962963717482,Gene 32,27
227.34543464389014,714.7855678944123,Gene 32,27
229.08426222911783,716.0037527213893,Gene 36,27
227.60751027105505,720.9228170761072,Gene 37,27
241.23992174220032,713.5416377191282,Gene 19,28
240.53812693335843,713.5694781037133,Gene 19,28
241.61227023441074,709.2307754354179,Gene 19,28
241.58564400092197,726.146694009394,Gene 22,28
241.7612437483062,713.3295406187359,Gene 26,28
241.19337714735977,728.5522536682344,Gene 26,28
241.2069749423142,712.3930941270887,Gene 26,28
242.0827580715589,724.4204214049219,Gene 26,28
242.2702156335251,714.9088317514222,Gene 26,28
240.91924780294167,720.945677685193,Gene 26,28
241.71701477987529,711.9412847509642,Gene 27,28
241.58143812990627,724.164119576955,Gene 27,28
242.16043443396475,714.7356969034663,Gene 27,28
242.10183142290768,721.7296118981641,Gene 27,28
241.53648951796688,714.2557084535416,Gene 27,28
241.04358294480292,714.0059266782708,Gene 27,28
240.66003324107587,712.6178837008675,Gene 27,28
240.59362703041188,717.6394283331442,Gene 27,28
240.987408863514,726.3796937010699,Gene 27,28
241.003503307133,712.8265099175138,Gene 27,28
240.51812990034142,726.4461690571229,Gene 27,28
242.4468688813365,717.6068305526426,Gene 28,28
240.68610892767688,721.7847915543999,Gene 28,28
241.5570212896296,723.9440522065499,Gene 28,28
241.3352260722165,710.765107518497,Gene 28,28
240.37636189464732,715.5556898254864,Gene 29,28
240.42880008249148,723.6386642797056,Gene 29,28
240.58267148607126,714.1974618123592,Gene 29,28
240.96997820954167,712.9843979763151,Gene 29,28
240.48704750158174,713.9254917749429,Gene 30,28
241.51579778482605,711.8674300883578,Gene 31,28
241.11896236644426,711.2952844875891,Gene 31,28
241.85753647907418,724.3841153694516,Gene 31,28
240.53032522859232,722.9805107450519,Gene 31,28
240.70983201367176,728.1020765477804,Gene 32,28
240.40048762824745,717.7587927038932,Gene 32,28
241.60182869507764,722.2304060465366,Gene 32,28
241.61713500471606,711.6403136729568,Gene 32,28
241.10879072312278,725.5754287886995,Gene 32,28
241.64334845755712,725.8649741554664,Gene 37,28
241.77979093423568,727.6866292704333,Gene 37,28
241.0721082124822,715.0053087777052,Gene 37,28
241.79230864212832,713.7812687708437,Gene 37,28
241.37268303218568,728.0613429878476,Gene 37,28
240.59990196139483,715.7792121953252,Gene 37,28
241.47448773006718,724.4737651674371,Gene 49,28
242.20966143898977,724.1261575272225,Gene 49,28
253.6946899564086,714.3849027820754,Gene 4,29
246.789699025649,715.930433872007,Gene 4,29
251.51593737230334,715.2941151281511,Gene 5,29
248.8466713151508,722.5555368211653,Gene 7,29
249.123145868863,720.6906036437431,Gene 13,29
253.21302716637376,714.251228489416,Gene 19,29
251.0785076395852,714.478767957043,Gene 19,29
254.6951820020857,716.4909515021216,Gene 22,29
253.71396952679518,717.6620685398217,Gene 26,29
253.71625240313878,715.767010587946,Gene 26,29
251.1754933484856,721.8847185953838,Gene 26,29
253.69497087648776,719.7432350575494,Gene 27,29
253.71662465808004,715.0012257905613,Gene 27,29
253.68354875004266,717.4097787253231,Gene 27,29
246.3517312569905,716.0474124845706,Gene 28,29
249.23161148040361,722.032667804778,Gene 28,29
255.68592838111667,720.7788529203286,Gene 28,29
246.3167428743761,718.8134375284764,Gene 28,29
248.70735040187847,723.1429419850695,Gene 28,29
251.70760839554015,714.8523591866419,Gene 28,29
249.5162025394021,718.9235929145239,Gene 28,29
247.13164427595981,715.5743007027722,Gene 28,29
248.67408691322683,722.5536471291182,Gene 29,29
251.63045693038444,716.1555349842861,Gene 29,29
249.8229711129976,724.0481508213516,Gene 29,29
246.90375794273078,720.1483806745453,Gene 29,29
248.79474918702618,722.4346223525887,Gene 29,29
250.31500303285574,716.2085921354686,Gene 29,29
249.05594294329305,717.5440924213218,Gene 30,29
251.8621303660483,723.4667714108466,Gene 31,29
248.2040766186797,719.2220528274223,Gene 31,29
251.83997227963638,723.5740345987919,Gene 31,29
252.0539230694985,715.9117550191719,Gene 31,29
247.737780756297,722.373294453134,Gene 32,29
253.7285457768091,716.8487067817324,Gene 32,29
247.4550584858965,719.2719328327606,Gene 32,29
253.36352892125188,720.3827352926538,Gene 34,29
249.26455689741599,714.2415832544646,Gene 37,29
248.7586557566671,722.7692391883731,Gene 37,29
245.867349748145,718.8977140448391,Gene 37,29
259.36083981734197,717.9704115091708,Gene 4,30
261.6324646689493,714.4302064188458,Gene 22,30
256.9038888012984,719.7199131662693,Gene 26,30
255.5953738884759,716.9394730921276,Gene 26,30
261.85747401659694,714.40180259374,Gene 26,30
259.3657170405474,713.7400593181515,Gene 26,30
257.56360634663525,710.980030922364,Gene 26,30
259.53949670274864,721.9665834533336,Gene 26,30
261.1648588758319,716.1758120366635,Gene 26,30
257.43228030920847,713.8997986827407,Gene 27,30
259.5520942214863,724.2918852742773,Gene 27,30
256.6685728869936,718.5358699899593,Gene 27,30
256.0534579234129,713.8251928085041,Gene 27,30
260.6997342208215,724.159440883823,Gene 27,30
255.91420955190043,721.2533786774806,Gene 27,30
257.63836619817397,711.3041524700863,Gene 27,30
260.6842818095842,715.2009509343152,Gene 28,30
258.9312809927419,708.6403764224765,Gene 28,30
258.4790819456282,721.2643425038502,Gene 28,30
257.5546355920387,712.6182623049916,Gene 29,30
260.439302658876,712.166289591574,Gene 29,30
257.92375193066164,724.5827254325264,Gene 29,30
256.488456119342,721.4735346616858,Gene 29,30
262.0122997355233,719.3854102754367,Gene 29,30
261.65602571140766,717.0902824009481,Gene 29,30
258.37910492918104,723.5130737277176,Gene 29,30
259.5888913151814,713.0131324158986,Gene 30,30
259.89868018926586,711.0162888639829,Gene 30,30
259.79057484962675,721.2904505389039,Gene 30,30
261.6858549335336,715.6187661403569,Gene 30,30
259.95429289303775,720.0151561949864,Gene 31,30
256.51005176477474,719.7564770193679,Gene 32,30
256.49001696090573,718.960479192508,Gene 32,30
258.315506161226,724.4267863773305,Gene 32,30
257.1410485586236,711.8935042175771,Gene 32,30
260.2523521059715,718.4655526770533,Gene 32,30
259.82335054898476,721.0228274553019,Gene 32,30
258.9724964186074,724.8758338833961,Gene 32,30
259.6352793600125,712.6187882281828,Gene 33,30
257.76697237473223,723.0203316828797,Gene 33,30
260.6249915241488,718.7076272989959,Gene 33,30
261.9461709173364,718.756615291954,Gene 36,30
261.4433158882092,715.9509332075982,Gene 36,30
259.8128463236631,710.4081570379609,Gene 37,30
256.8103491595232,713.5038488270382,Gene 37,30
259.0942587770676,720.1874804225478,Gene 37,30
257.4281296461654,719.2402168939378,Gene 37,30
261.0162598150982,716.6738557081825,Gene 40,30
267.02231785660877,715.1379219601664,Gene 4,31
267.63716549313386,710.6841175205733,Gene 5,31
267.27687266167396,717.4435985384184,Gene 7,31
268.26599200492825,728.4877774447953,Gene 19,31
267.66657575475716,720.1593078644031,Gene 22,31
267.4410692758785,716.8559970214017,Gene 22,31
268.7965450367602,717.36502904577,Gene 26,31
268.7787495544377,720.5167757435336,Gene 26,31
267.68382038707796,709.7109495348717,Gene 26,31
268.7224362359964,712.8424972791162,Gene 27,31
267.61311810259923,725.4984516651325,Gene 27,31
269.02530244299385,719.0114987630149,Gene 27,31
267.4676520129488,720.3471100535438,Gene 27,31
268.110491773403,712.5953282499711,Gene 27,31
267.1083800708852,718.8423688067379,Gene 27,31
269.1794578427449,714.8044348195061,Gene 28,31
268.73926956521285,712.2814221670585,Gene 28,31
268.7123279703232,725.0567412257685,Gene 28,31
267.6433553484407,725.1150046106058,Gene 28,31
267.97924676703195,709.1862765200412,Gene 28,31
267.57424053314395,722.3489172582391,Gene 29,31
267.4479084543536,718.5034284191526,Gene 29,31
267.3525027381134,717.1470037342604,Gene 29,31
268.8995256146415,725.218558719707,Gene 29,31
267.53430839951255,720.0165671985199,Gene 29,31
267.79998069400517,712.3204958509627,Gene 29,31
268.8170291534384,711.073905342838,Gene 29,31
267.6198673926591,715.039218144802,Gene 29,31
268.53483762579094,714.4666341679067,Gene 29,31
268.0735033928746,716.8489996629318,Gene 30,31
268.38297541531284,723.6641035814035,Gene 30,31
268.994579658301,711.7492262337663,Gene 31,31
267.87283055522977,711.4139368461902,Gene 31,31
267.3390191550489,721.882961697742,Gene 31,31
268.3615041186717,728.0548503860989,Gene 32,31
268.5743487488677,722.0985629781911,Gene 32,31
268.91737127650254,714.4807483999833,Gene 32,31
267.80330708654145,711.0444459721515,Gene 32,31
268.51246220839874,723.7266106717402,Gene 32,31
267.2879824106202,715.2466323914961,Gene 32,31
268.6278196703643,723.1609516290332,Gene 32,31
267.0108603080423,716.1759715714026,Gene 32,31
268.76220843959663,711.8435302357176,Gene 32,31
268.20689612928606,709.5539282857576,Gene 32,31
267.6915252611073,711.5734232201632,Gene 32,31
267.7188770433815,727.90027587528,Gene 32,31
267.1220580415769,715.5223550352285,Gene 32,31
268.11216561989727,707.9799691428739,Gene 32,31
269.0044763403871,722.40701130057,Gene 37,31
268.6913080866234,714.2283996208297,Gene 37,31
268.0848843007796,724.4805780807867,Gene 37,31
268.4852563930518,713.1618185000905,Gene 37,31
267.6790919935272,710.8901815562186,Gene 40,31
279.54553877258047,723.5279366696864,Gene 5,32
281.00514713057106,727.2640278315287,Gene 13,32
285.0435840631222,724.8602264393937,Gene 19,32
285.2257388647395,717.5664302445242,Gene 19,32
284.3852684663644,722.5237788331698,Gene 22,32
282.7242981972348,715.8276195048672,Gene 22,32
279.35048809013574,723.7183204926073,Gene 22,32
285.3396555311367,723.8434385534474,Gene 26,32
285.8508022579902,721.3161727903268,Gene 26,32
282.6769195718657,725.497076974585,Gene 26,32
285.50110201705934,723.6087370810981,Gene 26,32
280.9726234072345,726.3401407900355,Gene 26,32
282.3536523777956,716.2343872627955,Gene 26,32
285.5539958917272,719.9344041050982,Gene 26,32
285.9219255719488,721.7670376339632,Gene 26,32
280.9048985071246,719.5790839943008,Gene 27,32
280.0733737046158,716.3972565891306,Gene 27,32
282.08474335235184,717.4257570652353,Gene 27,32
278.88349587458174,718.2746490078086,Gene 27,32
284.6712813831026,724.4143902677636,Gene 27,32
279.03744287017537,723.6226534402917,Gene 27,32
284.3442705498162,721.8832169420489,Gene 28,32
282.2011638323666,715.9634031988705,Gene 28,32
283.9566834692961,722.4052979640887,Gene 28,32
283.9158979033573,716.5601426052228,Gene 28,32
281.4225633373061,724.1069855446128,Gene 29,32
280.39965999378774,715.1362557657368,Gene 29,32
280.11470940790684,721.1622205529837,Gene 29,32
280.42731993815266,716.649444479361,Gene 29,32
278.88636091308393,724.3477701100641,Gene 29,32
285.01944345048605,724.5901844291726,Gene 29,32
280.8224427415577,724.3920719079804,Gene 30,32
280.2609450173205,719.871015313258,Gene 30,32
284.86249871552036,722.7218526189245,Gene 31,32
283.04545214599426,722.0214809996672,Gene 31,32
283.5467677950135,717.7357767487631,Gene 31,32
283.92254130486714,718.8273635683883,Gene 31,32
279.58154379825487,721.087551491845,Gene 31,32
284.7348031418949,718.212663373324,Gene 32,32
280.54945327657737,716.643843341983,Gene 32,32
282.1264143568993,714.5597487637192,Gene 32,32
283.72557324244605,726.5165158533199,Gene 32,32
285.5371123092411,717.2426171976148,Gene 32,32
284.3940642885142,716.9426571694187,Gene 32,32
279.35602033396566,721.7087973269369,Gene 33,32
281.20389178806414,724.6144711234185,Gene 34,32
279.6417801623594,715.7971218220176,Gene 36,32
285.6332477770366,718.8676761396332,Gene 37,32
210.27006731356923,721.8332533573296,Gene 4,33
209.90643090873243,732.4616665944977,Gene 4,33
209.8980423634205,723.2393784559557,Gene 5,33
210.39043294754939,718.4765517556999,Gene 19,33
211.04037502670735,725.5304759192825,Gene 22,33
209.40367237912423,720.5659939225308,Gene 26,33
210.99063498098394,733.2910093424566,Gene 26,33
211.12565680217995,723.0569219255477,Gene 26,33
210.52140604126515,732.533333623679,Gene 26,33
208.95912002114767,726.9169993897126,Gene 26,33
209.05601278702164,720.4171508122071,Gene 26,33
209.8188820548299,723.9394439420568,Gene 26,33
211.06060297072057,730.4553857977885,Gene 26,33
210.57094827584737,735.8982277937127,Gene 26,33
209.66661266883725,722.3274417394335,Gene 26,33
210.32792717176997,734.2527539374868,Gene 27,33
209.9138215887695,720.0938436580032,Gene 27,33
209.53767283378994,720.6153295074654,Gene 27,33
209.61980536589562,720.6904168390881,Gene 27,33
210.76032176045928,723.3842829759432,Gene 27,33
210.95226786199058,733.4472607033858,Gene 27,33
209.3805744088187,719.545388340711,Gene 27,33
209.19142720649512,728.3282834373719,Gene 27,33
209.59932776165817,719.059678362078,Gene 27,33
210.5120621950828,728.3294904219447,Gene 27,33
209.45588951779837,728.622117307941,Gene 28,33
209.60084019459217,721.4576244144514,Gene 28,33
210.61134989629886,728.1404002846026,Gene 28,33
210.51994579831774,735.7545595850363,Gene 28,33
209.045315602308,725.2570841574719,Gene 28,33
208.83236236444114,730.0616411770256,Gene 28,33
209.2608254002758,730.9721094926609,Gene 28,33
209.88699291860289,733.7931076048068,Gene 28,33
211.07369594315045,731.1866159546846,Gene 29,33
209.57508074016658,733.8884025756712,Gene 29,33
209.7219711222661,718.0177312398969,Gene 30,33
211.19718220216146,726.1511705069628,Gene 30,33
209.7230810832335,721.989733516234,Gene 30,33
209.29327131275903,720.8800709752704,Gene 31,33
209.04706518154927,726.6264534707525,Gene 31,33
211.0674560548951,723.3048032563831,Gene 31,33
210.90293568686786,734.1413781611884,Gene 31,33
208.9834206866775,722.3341990766975,Gene 31,33
209.69899458203102,723.3820297890079,Gene 31,33
210.12919615671439,719.7095053509898,Gene 31,33
210.80660373271684,728.4839829539043,Gene 32,33
209.0755233176996,724.130389740467,Gene 32,33
209.97312912000032,733.9468399333044,Gene 32,33
210.49854498993096,721.6153754651368,Gene 32,33
211.34933215094952,725.9930197330315,Gene 33,33
209.82887159473782,736.715423402696,Gene 36,33
209.58665733175891,734.594614753971,Gene 37,33
210.64412583598553,731.4727333599893,Gene 37,33
209.19650430970339,731.4766662155529,Gene 37,33
209.60228801823519,732.7060697464028,Gene 37,33
209.04339248029754,728.1790117049145,Gene 38,33
219.3038363116507,730.2543899093391,Gene 4,34
217.69410614282853,733.269475929017,Gene 5,34
219.23509280783895,731.7269236200538,Gene 19,34
219.22839350111727,732.37525665143,Gene 19,34
219.72769123802811,731.762222766745,Gene 22,34
220.56873569438727,724.0730195715481,Gene 26,34
216.64941479570385,732.7736299846646,Gene 26,34
213.8361596847932,726.3867512495124,Gene 26,34
217.6743684273299,729.5321492701084,Gene 26,34
216.52809828256412,724.4510442477073,Gene 26,34
214.1887942396829,729.4073238101107,Gene 27,34
214.16974867732463,730.1398160386236,Gene 27,34
214.14080636526143,725.1086469358287,Gene 27,34
219.18772868165522,734.4653676182428,Gene 27,34
217.19162539544553,733.085347196505,Gene 27,34
215.27736100044527,724.0412956247349,Gene 27,34
218.2712550448698,722.2606717533488,Gene 28,34
216.78865216197025,723.2809209701138,Gene 28,34
220.83351996363652,727.1829698204754,Gene 28,34
213.33052678182617,730.7486861899667,Gene 29,34
217.67541023324597,720.5874987662379,Gene 29,34
218.49004153285293,730.4304803402172,Gene 29,34
220.34739301102798,728.3562977362997,Gene 29,34
216.8498934129719,721.499725664716,Gene 29,34
213.3255105004537,727.9721975886087,Gene 29,34
216.6580020630405,724.0701013909742,Gene 30,34
219.49894955618117,732.0307293496085,Gene 30,34
219.89957586972935,725.036968421851,Gene 30,34
219.49800174079581,727.1247371553982,Gene 30,34
218.00235285327253,723.2181303866015,Gene 30,34
218.2925912111183,721.2657561826657,Gene 31,34
213.28136029729274,725.7545099272832,Gene 31,34
218.06652671321916,733.4658637080183,Gene 32,34
217.87945098175908,722.6780543459107,Gene 32,34
216.95321617866912,732.2598004454561,Gene 32,34
217.1999985469136,721.4284191958458,Gene 32,34
218.63855805389178,723.9286968667606,Gene 32,34
213.22460042608165,725.0942635783566,Gene 33,34
215.29081473495236,723.1605265376512,Gene 34,34
217.05404580184393,723.2502510486311,Gene 37,34
214.74235962702218,725.2668284793924,Gene 37,34
224.6643567733475,720.795618711889,Gene 4,35
223.26691942168418,723.2779839958496,Gene 13,35
225.22227788218908,734.5863642575385,Gene 19,35
224.28481624664016,721.4867364660199,Gene 19,35
222.41264068101384,725.2955388775036,Gene 19,35
227.15262100652131,727.2234247936217,Gene 19,35
223.01930545890679,734.2882675562804,Gene 22,35
226.236641421296,734.2616995219344,Gene 26,35
223.67190902005856,723.8362780364549,Gene 26,35
223.29398686515086,725.1353339821516,Gene 26,35
224.6321003028859,730.5635094945071,Gene 27,35
226.2726211662523,724.3425229847344,Gene 27,35
220.98452929530518,727.7083784177057,Gene 27,35
226.1937341100954,733.6048116420133,Gene 27,35
221.10845636694455,729.8516925426873,Gene 27,35
227.5722318972635,727.036631336345,Gene 27,35
222.70431207871053,732.8135117572026,Gene 28,35
226.63056628517054,732.8657901639393,Gene 28,35
223.29009692542593,725.3919486461504,Gene 28,35
225.15246163716876,736.7374431293739,Gene 28,35
221.35165204144167,728.8804758282167,Gene 29,35
222.70044533782013,725.514986677996,Gene 29,35
222.84665934383096,735.7675003556677,Gene 29,35
221.95123378687603,726.3838599557608,Gene 29,35
225.97177857355513,728.114645524628,Gene 29,35
221.98597720497747,726.0577652421586,Gene 29,35
221.2278950898972,730.2362152813452,Gene 29,35
224.7230685780115,720.4212353804322,Gene 29,35
227.02344713195168,732.2930818903232,Gene 29,35
224.13599498096266,722.1704969479529,Gene 29,35
224.72820354069833,734.2109179464178,Gene 29,35
221.9509969582175,731.3849873034657,Gene 30,35
221.75053215517076,732.2536369356008,Gene 30,35
224.21815746991766,724.8379527462603,Gene 30,35
225.19447989540285,729.6711944833869,Gene 30,35
222.14179820662096,725.9925317174293,Gene 31,35
226.1154084419352,729.7830344611118,Gene 31,35
221.14757538152682,729.5555642619374,Gene 31,35
226.61788554527635,733.0279152104541,Gene 31,35
226.07461625968233,728.2075509967334,Gene 32,35
221.45548243255513,725.6324242047974,Gene 32,35
225.75517894164875,723.5611558825792,Gene 32,35
222.29973756162656,733.2063126091141,Gene 32,35
223.36376388128033,722.3840403519297,Gene 32,35
221.69911250981107,732.404315544821,Gene 32,35
223.88522254289444,735.6130913796638,Gene 32,35
225.54730011562478,722.1229216856208,Gene 32,35
226.82512560800225,727.268219501977,Gene 32,35
224.59248170910112,723.6881952043432,Gene 36,35
224.64300764978142,721.4798718302765,Gene 37,35
224.39121445688443,722.7841754507929,Gene 37,35
236.9391742463159,718.2076643379138,Gene 4,36
236.60284239465864,718.1985177115286,Gene 5,36
236.73665710322695,734.89025157714,Gene 5,36
236.62332264993682,730.6306007724975,Gene 5,36
236.67612749152096,734.9926184234632,Gene 19,36
236.9765111431996,720.9307031940575,Gene 19,36
236.93144190318836,733.3357000139589,Gene 26,36
236.70436793361173,732.9449939111813,Gene 26,36
237.08697145662975,724.1460010775978,Gene 26,36
236.51276029677362,726.3268365368991,Gene 26,36
237.05965659581807,730.1976555485876,Gene 27,36
236.97499147343177,726.4181722278325,Gene 27,36
236.98774844064633,720.3541472117363,Gene 27,36
236.9551785596649,732.4794392560215,Gene 27,36
236.89148196843786,730.7131773871508,Gene 27,36
236.5981775096863,732.7114597699571,Gene 27,36
236.92789400985433,715.6185337680798,Gene 27,36
236.88695493848124,718.7176067399568,Gene 27,36
236.84168370075514,718.3803070175198,Gene 28,36
237.04486305650326,730.6057443910819,Gene 28,36
236.72723610690832,736.6796152383785,Gene 28,36
237.06548638434552,722.8275417649676,Gene 28,36
236.96881168477606,732.3436328185882,Gene 28,36
236.71242112043174,734.629525861273,Gene 29,36
236.70221420565335,729.1199708940438,Gene 29,36
236.96231430563935,728.6422775419637,Gene 29,36
236.9845647295005,731.0728539245489,Gene 29,36
237.02194842581872,727.719481406072,Gene 29,36
236.6596139124619,715.3413918304745,Gene 29,36
236.97475352877927,728.1241259610738,Gene 29,36
236.73268297934126,716.5979345081848,Gene 30,36
236.65911368532278,728.6561620221356,Gene 30,36
236.61552202100336,718.7317520589987,Gene 30,36
236.66276760504047,733.5200786297255,Gene 30,36
236.6148390079977,728.9772826244229,Gene 30,36
236.9013256546195,720.8709880072898,Gene 31,36
237.06420448739541,727.7920339288422,Gene 31,36
236.69445190097878,719.955003655125,Gene 31,36
236.65701748331193,730.2778971623798,Gene 31,36
236.91225836218211,716.7728770625157,Gene 32,36
236.8211475630762,721.4451633045823,Gene 32,36
236.874601451747,732.125074392952,Gene 32,36
236.52014650411934,722.6283596281543,Gene 32,36
236.81545704452523,714.9564811038114,Gene 32,36
236.8529369493292,722.1468606697932,Gene 32,36
236.91039213909212,727.5821742173882,Gene 33,36
236.49604027910902,724.3296602004085,Gene 37,36
236.57259469903013,720.8181491239197,Gene 37,36
236.60649408414614,719.4519133402412,Gene 37,36
236.69909425855502,717.788946818549,Gene 37,36
248.4816618310219,724.2951531465696,Gene 19,37
249.30618797762264,731.7702653859288,Gene 19,37
246.44345993044973,730.4967212462665,Gene 19,37
249.67247484418024,725.8079674104534,Gene 26,37
249.58075435346012,730.4589776521689,Gene 26,37
248.21455716204179,723.1553881996081,Gene 26,37
248.92205216675353,735.1819455006134,Gene 26,37
248.7953314850937,731.1184144994713,Gene 26,37
245.64116977749225,726.0102501431435,Gene 26,37
247.75528859832946,734.6555389166643,Gene 27,37
245.71369231448236,730.9677059588705,Gene 27,37
247.50706657703753,734.2369887983863,Gene 27,37
246.51670938009678,727.3842604930916,Gene 27,37
245.32505700821102,727.5621191361362,Gene 27,37
247.9427680148363,722.22667304311,Gene 28,37
248.2472369732457,731.9998243015168,Gene 28,37
245.7663472192993,734.2372313876544,Gene 28,37
246.3611773933753,734.3362252380665,Gene 28,37
246.49461645776773,727.7653005515615,Gene 29,37
246.24202056152504,728.9450638962744,Gene 29,37
247.9393681416614,735.6242544237491,Gene 29,37
246.75672178170163,724.1771887057912,Gene 29,37
249.32491313895466,732.3964557640775,Gene 29,37
248.59571226571074,724.2645261870101,Gene 29,37
246.6644853911101,731.5788708657907,Gene 29,37
247.1239108496705,733.3289336741823,Gene 29,37
247.10060007675725,720.923396010044,Gene 29,37
247.87840294357434,735.7834304494386,Gene 29,37
246.7132530085852,719.705739005847,Gene 30,37
249.31070918761358,727.7944347139088,Gene 31,37
247.7060312565027,719.3824361399554,Gene 31,37
249.07843023670063,726.6988637529896,Gene 32,37
247.60101850950375,720.5485985957474,Gene 32,37
248.4874846933293,726.5325054893352,Gene 32,37
248.84474713243458,733.4553773321438,Gene 35,37
248.8323929380865,721.8239317196122,Gene 37,37
246.64432080768196,735.4846486205872,Gene 37,37
245.82475048844745,722.1923112441046,Gene 37,37
245.96538708415008,725.6455597000514,Gene 37,37
246.3106389898361,736.0046277136634,Gene 37,37
246.8924418197403,719.6220525029657,Gene 37,37
256.59443230213856,733.3111589613521,Gene 13,38
256.4374441643495,725.2501760390625,Gene 19,38
259.70048629164063,724.7385157303536,Gene 19,38
258.4182697002154,726.8511333776347,Gene 22,38
255.9357431886791,728.0677156659435,Gene 22,38
259.3825466933196,728.2089150884696,Gene 26,38
258.21704900268827,737.1124244504041,Gene 26,38
257.84926951271825,734.7509446005762,Gene 26,38
258.1561742384852,731.6107600854675,Gene 26,38
257.86223997308747,737.8544312842424,Gene 26,38
260.4424940796149,731.6039860028619,Gene 27,38
258.2918232926333,738.5969639872096,Gene 27,38
259.76626097067845,724.7074656876653,Gene 27,38
256.1750810094448,725.3478549616916,Gene 27,38
254.9203379415157,728.5001981752163,Gene 28,38
259.4648736744104,735.1108807139796,Gene 28,38
256.90546504853546,737.1264545756812,Gene 28,38
255.57267014415578,730.1477858319284,Gene 28,38
255.62198946027786,731.0161353373212,Gene 29,38
256.7875667325265,722.6577012376046,Gene 29,38
256.32156922277886,733.6617515977438,Gene 30,38
258.1416584903606,737.7511295884811,Gene 30,38
256.3130804462619,727.3524643423591,Gene 30,38
259.392960857784,731.0649285216267,Gene 30,38
256.6639772368027,725.1317006579231,Gene 31,38
257.4845763508115,725.7946819315897,Gene 31,38
256.8801991836932,737.7958773941532,Gene 31,38
258.57628365149134,722.7759208469698,Gene 31,38
259.12581109123073,723.220734884936,Gene 31,38
257.06755015236143,724.0232854039346,Gene 32,38
257.8521650365666,725.2167499370204,Gene 32,38
259.3598180082307,736.7029960925059,Gene 32,38
259.0314515856583,723.8223384550118,Gene 32,38
257.6317227847928,725.1512262930304,Gene 32,38
259.31456078216854,724.1686140032923,Gene 32,38
260.4734639689349,730.2507024213097,Gene 32,38
256.89417813335484,721.8416437209959,Gene 35,38
257.6740345829049,722.3789133640273,Gene 36,38
257.6908909755752,733.7514911502299,Gene 37,38
258.2077345790031,723.0280804841169,Gene 37,38
256.28570562732835,727.8537303406011,Gene 37,38
256.7485218384799,732.1591399525553,Gene 37,38
262.9095773385573,732.5285857232498,Gene 4,39
263.6568008808305,733.7186101249572,Gene 22,39
261.5392226539227,731.7899081866957,Gene 26,39
264.77897944520777,728.07145657345,Gene 26,39
262.7259687389902,724.2383297687182,Gene 26,39
263.8447737106359,728.8568951803829,Gene 26,39
261.6359471266903,733.7330625513955,Gene 26,39
264.9178881305364,726.7100732925003,Gene 26,39
264.01499075587867,730.9824422336193,Gene 27,39
261.9771321453299,731.2041920305556,Gene 27,39
262.53801504672543,733.2335201956155,Gene 27,39
262.22662471943096,731.3244356416785,Gene 27,39
262.048206316319,727.806406555247,Gene 27,39
261.8074688433114,725.5163090343068,Gene 28,39
262.27183085534773,733.493478138751,Gene 28,39
264.02644614982086,720.2164829529964,Gene 28,39
264.9769009390315,729.7614290702373,Gene 28,39
262.08686278596406,734.6792740905851,Gene 29,39
264.22167544159385,726.69076684105,Gene 29,39
263.4591916701394,731.8381890209243,Gene 29,39
261.72736964841596,729.987234722508,Gene 29,39
264.4127372438183,733.1975144045806,Gene 30,39
262.82623891138763,731.0883437691921,Gene 30,39
262.57257938956445,728.4045067561672,Gene 30,39
264.0406905017975,721.5368054398464,Gene 31,39
262.3725912879863,732.533581711404,Gene 31,39
264.39100627767124,720.1848954515535,Gene 31,39
262.0565359551372,727.2442365853451,Gene 31,39
264.259448907788,727.1173571448019,Gene 31,39
262.22282249484095,728.8918968015114,Gene 32,39
262.09667184221354,725.6967390551669,Gene 32,39
262.8740285549271,733.3127021928337,Gene 32,39
265.2191414319333,732.3026016272277,Gene 32,39
265.10079604614407,734.8123857940853,Gene 32,39
263.77233725056624,721.0697677358615,Gene 32,39
262.36692039737494,728.7941256029859,Gene 32,39
264.90539840575815,730.9509724071971,Gene 33,39
264.65055845930107,724.1713358429356,Gene 35,39
262.8894604927046,725.5052003029659,Gene 37,39
263.7531860319731,723.7682368352991,Gene 37,39
264.2132104706275,725.8861470041825,Gene 37,39
261.5365959007701,727.7507653654293,Gene 37,39
262.74543728056636,730.6652024154205,Gene 37,39
265.53718152688975,724.5454617574972,Gene 37,39
263.54619769940405,718.8534480958683,Gene 37,39
274.06612058495335,722.5465064637131,Gene 4,40
272.33551360577906,734.1940300868747,Gene 5,40
272.6930379848925,723.7746423972784,Gene 5,40
273.83183575919446,737.5889450865893,Gene 26,40
273.55184351311226,724.6417360468982,Gene 26,40
273.73619748058576,722.9720929691836,Gene 26,40
272.61283137794544,722.8294282000965,Gene 26,40
273.52907354779103,720.8511238837077,Gene 26,40
273.59984954848903,739.5431860870773,Gene 26,40
273.25305556231956,724.3375624862206,Gene 27,40
272.6185862955074,735.1388426000434,Gene 27,40
274.1783411540702,725.7649835261129,Gene 27,40
274.8008492252867,735.3228728976427,Gene 27,40
273.77635985816744,736.8729745832173,Gene 27,40
274.3202464762197,734.5252727048794,Gene 27,40
273.48479330535696,738.040698334815,Gene 27,40
273.12478813696436,735.4627491849885,Gene 27,40
273.45343811177105,720.6928860794716,Gene 28,40
273.7109774356218,724.0649712339928,Gene 28,40
272.08766256870274,730.1338573951517,Gene 28,40
274.72930784290463,733.0710255050068,Gene 28,40
273.1340725792543,737.0579018966707,Gene 28,40
272.47034706644234,726.6032433925599,Gene 28,40
272.9096398643463,724.8032213067083,Gene 29,40
273.6317014081122,734.5955388864946,Gene 29,40
272.32478290512785,731.2377282746991,Gene 29,40
272.95171143918975,735.559510096066,Gene 29,40
273.66304991895134,740.1792919282719,Gene 29,40
273.7183691522997,724.334755740659,Gene 29,40
274.1813111331508,735.1319601943751,Gene 29,40
273.2962430046455,719.9458309939645,Gene 29,40
274.36459767548155,724.0430448903157,Gene 29,40
272.26491269707975,727.3187796565445,Gene 31,40
272.8846128439737,726.7654659945247,Gene 31,40
274.2267240598227,738.2095604332873,Gene 31,40
274.2914703457462,726.6607970543353,Gene 31,40
273.64764613725475,734.6686882569484,Gene 32,40
272.2516462950448,731.2383629154649,Gene 32,40
273.66617586573346,721.6209528368107,Gene 32,40
272.2720719546793,732.0772519965759,Gene 32,40
272.85259846626843,728.976862801335,Gene 37,40
273.4098485726052,723.8937211984099,Gene 37,40
272.07629270152535,729.8634885970685,Gene 37,40
273.5068953735723,731.0378693744838,Gene 37,40
272.1581895696971,730.8561588315376,Gene 37,40
283.17992815899044,730.4220212048559,Gene 4,41
282.4995841869383,723.233096038265,Gene 22,41
282.63662655400435,732.7297850297234,Gene 22,41
282.87220102540283,728.067778859697,Gene 22,41
279.8877978807649,724.4946478103675,Gene 26,41
281.92029854224626,734.4492705123448,Gene 26,41
280.8022307992256,725.3332448920077,Gene 26,41
281.5988465549916,721.4170331341697,Gene 26,41
283.08679799916973,729.9721005835388,Gene 26,41
281.8378522306896,719.2473016924743,Gene 26,41
282.4117289377261,723.7035511374055,Gene 26,41
281.91834093827794,724.6851394909716,Gene 26,41
279.8357667479771,733.6842765334535,Gene 26,41
282.8837706595239,727.0544849980741,Gene 27,41
280.13859045443087,734.6817006307482,Gene 27,41
279.6858453732291,726.6290336399359,Gene 27,41
281.7829340483217,736.0364326164223,Gene 27,41
280.57473708467967,724.3166997938333,Gene 27,41
279.3777699428261,730.4981350847327,Gene 27,41
281.0328579727929,735.5312284544411,Gene 27,41
279.6878992548332,728.1118868370339,Gene 27,41
282.865995068321,725.4078467616702,Gene 28,41
280.80014760718325,722.9903616528707,Gene 28,41
280.70346803986246,730.8841994493988,Gene 28,41
281.55405404600106,721.6913461331188,Gene 28,41
281.9062530624812,720.7698878977727,Gene 28,41
281.1344108246828,735.3905410874455,Gene 28,41
281.1575512870444,733.8459222355939,Gene 28,41
280.39210180155493,732.8077957088766,Gene 28,41
283.0409184303525,727.0771767346341,Gene 29,41
280.8226659198064,721.1738144259205,Gene 29,41
282.76309537610007,730.8471872350641,Gene 29,41
280.57222834907395,721.0489387181423,Gene 29,41
281.5400343639955,735.4730903403654,Gene 29,41
282.6299884150854,732.0851423352142,Gene 29,41
280.6303183062993,720.1324226928007,Gene 30,41
282.7465108296042,733.3086305831642,Gene 30,41
281.72695657616924,735.7705041094958,Gene 30,41
281.7190748060606,720.6365634097951,Gene 30,41
280.0801599775227,733.9561518077942,Gene 30,41
281.74864821601045,734.7661496790658,Gene 31,41
280.98286536491247,731.8390480696579,Gene 31,41
280.2199338410958,729.8481635618145,Gene 31,41
280.90567811450137,735.561734452038,Gene 31,41
282.2431479016623,730.1216706888506,Gene 31,41
282.42498941575076,720.167144895183,Gene 31,41
280.84214669677147,732.5160465591383,Gene 32,41
281.7043772377677,734.9497373327415,Gene 32,41
281.3110552631715,724.8639066474708,Gene 32,41
280.58429870726656,728.2999066634807,Gene 36,41
281.96878111285463,720.1153215528174,Gene 37,41
280.16311051809276,733.7039788125542,Gene 37,41
281.1422982071823,733.9691953715,Gene 37,41
208.7770260900574,736.0229327468697,Gene 13,42
208.79420958648006,733.5671972583978,Gene 19,42
208.6258067477401,741.3861133750113,Gene 19,42
209.99737626609337,732.6217087659262,Gene 22,42
210.29877677191058,729.6283640411488,Gene 22,42
210.6885680824093,732.6743556579016,Gene 26,42
209.97163442607828,744.0886455022953,Gene 26,42
210.7293623804816,733.1472030837243,Gene 26,42
209.63957978446922,744.3019678631882,Gene 26,42
209.25382229525061,745.4648054697755,Gene 27,42
211.0661485953749,740.637346541167,Gene 27,42
208.56882405667514,737.5231675731994,Gene 27,42
208.31258967855317,738.2781752732956,Gene 27,42
210.41577701466844,728.6247730637165,Gene 27,42
210.4663186698389,744.6407330420288,Gene 27,42
210.18621743130282,732.2101441271499,Gene 27,42
209.5339402705117,734.244209534247,Gene 27,42
210.5948351951994,734.9082381591815,Gene 27,42
211.3732871445313,737.2979976744718,Gene 28,42
209.6723689083509,733.1658964439025,Gene 28,42
208.7390116611054,741.0529406167911,Gene 28,42
209.96692391701654,729.3988533842346,Gene 28,42
208.65611433254793,736.8580992757051,Gene 29,42
208.54690312272916,738.0709541379458,Gene 29,42
211.10078868928863,738.3971218000514,Gene 29,42
208.51438350915686,738.7946339715451,Gene 29,42
208.4716058801535,733.0972083091078,Gene 29,42
210.19865150179191,734.9577327813865,Gene 29,42
210.8871072047361,730.9956429805214,Gene 30,42
209.829409024567,742.8970133203563,Gene 30,42
210.3771287027882,728.4813221696012,Gene 30,42
209.53794864191377,746.8612398631564,Gene 30,42
210.85429139889962,734.6180653807047,Gene 30,42
210.1519842523837,730.8417782201929,Gene 31,42
209.81208960269387,745.1533544779792,Gene 31,42
210.26051324956796,743.0783991138084,Gene 31,42
208.48429027332298,743.8130737248506,Gene 32,42
211.3466073846625,735.3232203969553,Gene 32,42
209.31012583823522,746.1067185702236,Gene 32,42
211.13901893742351,740.6019023005097,Gene 33,42
209.13988151345362,730.8392679895933,Gene 37,42
209.9312958346041,740.122972280309,Gene 37,42
210.25767121835727,741.5926078447978,Gene 37,42
208.52150586715214,741.9528827302787,Gene 37,42
208.97618893927736,741.8183203121721,Gene 37,42
209.88225839992745,730.0249535026771,Gene 37,42
209.20657171808315,745.4970565305877,Gene 38,42
225.16863093180612,733.191589406141,Gene 4,43
222.53532112084903,729.5420096754135,Gene 19,43
224.72949866196566,740.5904976112058,Gene 19,43
224.35314029350684,737.2995231796419,Gene 19,43
223.22576964600634,730.8996567129648,Gene 19,43
224.55162510439763,738.5129869334847,Gene 26,43
221.6503813315272,738.2439054808834,Gene 26,43
224.2669086191693,739.7767486055516,Gene 26,43
221.09770820189564,740.009333403806,Gene 26,43
224.83489018083324,736.1405754066076,Gene 26,43
221.90769214156984,741.9235303845585,Gene 26,43
224.10786573700923,745.2246137247465,Gene 27,43
220.90723446987715,736.7570544429717,Gene 27,43
221.71311549329982,741.0835868099451,Gene 27,43
222.00415188353142,735.8529067239389,Gene 27,43
221.10901108294146,731.5746286402574,Gene 27,43
224.21533397919887,741.9746766124719,Gene 27,43
224.89375225058686,738.3985076555429,Gene 27,43
223.29209175042303,744.6227693017238,Gene 28,43
224.96023327012924,732.1833112483447,Gene 28,43
224.4368117140701,731.0709674692662,Gene 29,43
222.4937687437678,731.1416660547562,Gene 29,43
222.13736316582632,742.7917722798688,Gene 29,43
223.89851205136952,742.6488694336591,Gene 29,43
224.11036738169716,739.3748156991892,Gene 29,43
224.4344339533013,741.0185064671541,Gene 29,43
224.1225538859044,733.7705236513063,Gene 30,43
225.50851192542288,736.6441796138243,Gene 31,43
222.32040104628277,728.9087624361285,Gene 32,43
221.36474958640474,739.6958650078593,Gene 32,43
222.25222012108827,743.1071357297808,Gene 32,43
221.18618730358207,731.6777520700751,Gene 37,43
224.25594047543825,744.9731287015694,Gene 37,43
223.75253078951104,745.0655821860768,Gene 38,43
235.56632002515093,740.9516010720039,Gene 4,44
233.2062429606976,744.7777874438343,Gene 5,44
230.76699133283722,737.7003024165103,Gene 5,44
230.63473882502893,744.177299580028,Gene 5,44
236.2217197972985,738.0127747347248,Gene 19,44
232.104044975139,746.3307913757139,Gene 22,44
234.25366152389873,743.3928817609292,Gene 26,44
232.1651308204832,744.853373675161,Gene 26,44
228.88448976119676,742.4518987309941,Gene 26,44
227.57214475875034,737.7486039332917,Gene 26,44
236.5896561145699,740.6021527043171,Gene 26,44
229.74661302636386,734.9841759633747,Gene 26,44
234.74422967649087,743.9289041111175,Gene 26,44
231.7101576884887,736.6858678077472,Gene 27,44
234.76227662366412,736.0653354172864,Gene 27,44
230.39515450928437,741.9180656823368,Gene 27,44
228.4738528239333,742.4321731120014,Gene 27,44
229.11526858367012,739.0006703165058,Gene 27,44
229.55931728805348,739.9566498990595,Gene 27,44
235.7727531745825,738.3075686922394,Gene 27,44
232.41856863729453,744.8638023489015,Gene 28,44
230.93236642753138,735.1745555110422,Gene 28,44
229.02191413367726,741.4029321258816,Gene 28,44
232.50774812892277,745.8110249719763,Gene 28,44
229.63759395005525,744.975505274878,Gene 29,44
236.05876757400466,741.5191580664645,Gene 29,44
231.2537709683657,742.7883856186114,Gene 29,44
232.95524897606182,743.6720109377495,Gene 29,44
235.33616881074914,739.8893638237713,Gene 29,44
229.9821007419266,740.7722428113028,Gene 29,44
234.4712323513413,739.9829357696104,Gene 29,44
230.1082836316205,744.0300454162495,Gene 29,44
236.57683280858106,739.9618961787972,Gene 29,44
232.47107551672343,741.6514985781815,Gene 29,44
230.39077586384036,736.3355654719988,Gene 30,44
230.6512358775644,741.2363087289879,Gene 30,44
235.70575306322982,743.917718258139,Gene 32,44
234.13262003831576,735.7890799650778,Gene 32,44
233.69396721256246,744.3428629777586,Gene 32,44
236.21143826222595,742.7058155881601,Gene 32,44
228.50031754538892,742.7726153311397,Gene 33,44
232.13404222676422,744.8555000575556,Gene 33,44
236.2959746829382,742.7002270721648,Gene 36,44
233.24795448232575,735.5725502645785,Gene 37,44
235.87314090391922,739.6767608097302,Gene 37,44
231.08740810320143,734.6637358083439,Gene 37,44
241.15437381944116,734.5714105859042,Gene 5,45
240.14043903585826,735.406982731696,Gene 5,45
241.93864656535757,728.3713738345822,Gene 5,45
241.3702112996309,741.9854046714437,Gene 13,45
241.67209916914774,730.2975258678624,Gene 19,45
241.24932279026106,736.9184763510501,Gene 19,45
240.63706157552258,740.3794870912992,Gene 19,45
241.864409708298,727.6384058590795,Gene 26,45
240.14212450922878,735.7866492876948,Gene 27,45
242.31350774841664,743.3086071704998,Gene 27,45
242.6309597302636,743.1504713819709,Gene 27,45
240.32761128691834,733.3300390652817,Gene 27,45
240.66815825994726,730.7250674743776,Gene 27,45
239.93703016441705,731.6977001110953,Gene 27,45
240.6271153028699,737.9978771128215,Gene 27,45
240.3682319531217,731.7016395145306,Gene 28,45
241.7744760686543,726.0368778634898,Gene 28,45
242.29216813814492,738.7560379527752,Gene 28,45
241.50823540639996,733.1025049171609,Gene 28,45
240.12088530467219,733.792475571258,Gene 28,45
242.56671770852367,736.1031052951615,Gene 29,45
241.2677811319365,727.3599136655997,Gene 29,45
241.5630977260177,736.5581782064442,Gene 29,45
242.36651355265343,738.2952800229265,Gene 29,45
241.8155327080812,731.8890208225192,Gene 29,45
241.634848219432,739.0127918859785,Gene 29,45
240.21628859975993,732.9848358731581,Gene 29,45
241.50881607718003,741.7429184864179,Gene 29,45
241.59225463993096,727.8004502548387,Gene 29,45
241.76780671660856,741.784402701093,Gene 29,45
242.95453426770064,734.454256040727,Gene 30,45
240.65839341018784,736.8007836765802,Gene 30,45
241.22263214795896,743.8464032208974,Gene 30,45
242.67572478059094,736.9154770302019,Gene 31,45
242.3095504270411,729.2495981661203,Gene 31,45
241.99820564838663,736.4046124005537,Gene 31,45
240.00062526454016,735.9953033917733,Gene 31,45
239.96647857413996,741.3753425592985,Gene 32,45
242.89874536753075,732.8242416661294,Gene 32,45
242.267022403593,733.2662405603288,Gene 32,45
241.9801440275502,737.0758380904684,Gene 32,45
243.17956997012485,735.0516215963403,Gene 37,45
241.43066085762078,725.6313251226682,Gene 37,45
241.5348726538261,742.1916792301812,Gene 37,45
242.7063488437931,737.267362364052,Gene 37,45
245.49134281955895,735.3128522944744,Gene 5,46
246.65075642194233,742.4097988092648,Gene 13,46
249.8750541448098,743.6229584568609,Gene 19,46
245.9278089889111,739.2576030248932,Gene 19,46
247.43939078475535,739.5411665158535,Gene 22,46
250.3095885508827,732.0443213449995,Gene 22,46
249.36117630875066,734.4890740247441,Gene 26,46
247.37416924853403,739.1384879202355,Gene 26,46
251.1533954724773,732.5940792467441,Gene 26,46
245.85711318511025,740.1886604948454,Gene 26,46
245.0810656705758,737.09971116775,Gene 27,46
250.76166197276447,738.5461338373394,Gene 27,46
249.61940695275857,743.3731704894118,Gene 27,46
251.60761116591416,733.9003394079094,Gene 27,46
247.16315493587175,743.6835591958551,Gene 27,46
248.05184702657706,744.3262604162302,Gene 27,46
245.43481170104616,741.3234240534629,Gene 27,46
249.81555433090514,743.8879171179315,Gene 27,46
247.13045511411224,732.8493253320822,Gene 28,46
247.27111773711584,741.3438995041557,Gene 28,46
250.8904155943616,742.2637158398358,Gene 28,46
248.69465464456698,742.4513690429516,Gene 28,46
250.14773378794297,742.6635208538174,Gene 28,46
249.88934231410695,744.0465682322238,Gene 29,46
248.03667412894964,730.8390879542873,Gene 29,46
249.48287338872254,744.1771394373826,Gene 29,46
247.94876317317465,734.8929311261685,Gene 29,46
250.1081017206923,738.2911130814027,Gene 29,46
247.12041618191745,742.3092348457764,Gene 29,46
251.0917804290891,733.4406622643766,Gene 29,46
252.05587360049185,736.4728487077056,Gene 29,46
248.90311685843932,740.7339395587326,Gene 29,46
249.20354984335734,730.6742704501197,Gene 29,46
250.55011561205126,739.9363877508043,Gene 29,46
251.09371464931428,741.7895942250178,Gene 29,46
252.9157925986819,737.4642268291619,Gene 29,46
247.9913055967803,732.790743539898,Gene 29,46
251.31291298427973,736.6440050271433,Gene 30,46
249.70579454682286,735.2924688645211,Gene 30,46
251.85951617968794,732.2872775312742,Gene 30,46
248.76658309039047,741.4039442110832,Gene 31,46
245.5212477522696,737.1487177856374,Gene 32,46
248.72052607128333,733.0836579873047,Gene 32,46
249.711251767129,744.664089701666,Gene 32,46
252.22811662236623,736.5044242095831,Gene 32,46
251.0847421738767,739.3744752223105,Gene 32,46
250.6653319220101,738.3839122325849,Gene 32,46
251.97008637565287,738.5439148950405,Gene 32,46
251.99185404472217,735.1032273691111,Gene 32,46
251.31933492097704,739.8718572876622,Gene 32,46
249.9187977658621,741.9828872257449,Gene 32,46
248.32041877507106,731.2006233726198,Gene 32,46
245.0291682071033,737.3007245429885,Gene 33,46
250.39779129993866,732.9626776120061,Gene 33,46
248.45058069578468,743.5600436667934,Gene 33,46
247.50600231120242,733.3865068729251,Gene 37,46
247.52781029097292,735.3383762755786,Gene 37,46
245.90226060891558,737.3907644362645,Gene 37,46
245.3969350621574,737.7548591277904,Gene 37,46
252.378061420179,738.0392555303373,Gene 40,46
248.57884231956064,742.0034317920301,Gene 49,46
258.833100958594,732.2716003690678,Gene 19,47
257.6152819059577,745.7920458730454,Gene 19,47
257.3713282012121,742.2058902565502,Gene 22,47
256.5168216162481,742.7220604511383,Gene 26,47
258.1345156543791,746.4309168008863,Gene 26,47
258.0191400473568,746.7610795696345,Gene 26,47
257.0645854385255,739.2211638874609,Gene 26,47
257.77424255153386,743.7476269683441,Gene 27,47
256.6447003638307,736.0774292252402,Gene 27,47
258.273340803589,734.0177533825137,Gene 27,47
257.1634872858418,745.2743093022306,Gene 27,47
256.54116940662675,741.5686286692119,Gene 28,47
257.530674076119,745.827000759208,Gene 28,47
256.4792485043885,741.5197029965439,Gene 28,47
256.9927308899409,728.9958347710799,Gene 29,47
256.92183053860606,729.5583871573624,Gene 29,47
256.96796941375345,742.7324923002312,Gene 29,47
258.18693027859644,744.8829288822898,Gene 29,47
257.26133776473574,736.2931468277167,Gene 29,47
257.62122470133534,739.8701090385158,Gene 30,47
258.78145293494237,731.3674962102068,Gene 30,47
258.73611338887633,740.2827279333138,Gene 30,47
257.284766273185,738.3013849686971,Gene 30,47
257.1863527607619,743.9374313174472,Gene 30,47
257.96957023753987,733.1545788398712,Gene 31,47
259.08420443216403,737.4382637966846,Gene 31,47
257.46731032854296,729.7396309987467,Gene 31,47
256.77357240437595,739.5538964080393,Gene 32,47
257.5511665356332,740.0320693878226,Gene 32,47
258.3496618928017,739.163542725269,Gene 32,47
256.4836128952742,743.7516187829846,Gene 32,47
257.95882983360855,743.7876955951775,Gene 32,47
258.6888177941257,739.6699719009184,Gene 32,47
257.17884695728935,740.11670923523,Gene 32,47
256.7571336995257,744.0463565794236,Gene 32,47
258.8587032106648,737.3467725944055,Gene 32,47
258.6035760873683,738.9445951820957,Gene 33,47
258.6260073655376,741.5003775344389,Gene 35,47
258.5635640123096,744.2478898654251,Gene 37,47
256.5924507141545,739.921593578924,Gene 37,47
270.76902258505055,730.1626033518015,Gene 4,48
269.4060710595075,728.8407772784483,Gene 16,48
271.63671748589854,742.463541057467,Gene 19,48
271.04974948221,727.4979790482557,Gene 19,48
268.7682192119735,740.2622845084047,Gene 19,48
271.5758594290949,729.4742775006602,Gene 19,48
268.9875614588006,734.8508874958699,Gene 26,48
271.38611443192826,732.3769661173728,Gene 26,48
267.5554573512316,740.1276989851642,Gene 26,48
269.12138174976155,740.459999309726,Gene 26,48
271.2310978876085,736.8384729128162,Gene 26,48
267.39292870270003,733.6718425983765,Gene 26,48
268.3971336878626,731.5653359216673,Gene 26,48
272.45459139814784,731.6396436071346,Gene 27,48
267.43398885005183,732.3170243787414,Gene 27,48
271.97855424253953,739.9588036640904,Gene 27,48
268.2559849289641,731.3511780213729,Gene 27,48
272.58325872230495,731.9507373050561,Gene 27,48
270.6578676502441,739.812186506169,Gene 27,48
271.8741118183822,732.7289332292448,Gene 27,48
268.65016191897433,740.2784537684095,Gene 27,48
272.17845664447583,741.0452489478122,Gene 28,48
271.6790576177961,737.3623992368819,Gene 28,48
271.78751522539596,736.807182936458,Gene 28,48
270.19540617379,742.809184652321,Gene 28,48
267.3848667664786,738.578485646795,Gene 28,48
271.9066989157135,742.146973129762,Gene 28,48
268.52839205880974,737.2512693270337,Gene 29,48
271.1234974111096,729.8571327639443,Gene 29,48
268.2669518421148,741.6538369822347,Gene 29,48
271.85248980865435,732.1166608620365,Gene 29,48
268.8518982836529,737.3243680345471,Gene 29,48
272.57724327155444,737.7763562662125,Gene 29,48
270.316164300326,728.8318624275103,Gene 29,48
271.4517157462521,728.98552768048,Gene 29,48
272.78999556923935,734.1072410646947,Gene 29,48
272.8153492547278,734.2868056933625,Gene 29,48
268.5587404229672,739.0753034170253,Gene 29,48
267.77481536693085,735.8899731853365,Gene 29,48
267.1552441894694,731.3922412582067,Gene 29,48
272.90718867890706,732.4094888907099,Gene 29,48
271.05786020017297,735.1632853063029,Gene 29,48
267.82948583674425,735.5670971351427,Gene 29,48
272.7378212315938,734.4476485548482,Gene 29,48
270.43451315203373,743.3591150821918,Gene 30,48
270.06888493184226,729.1719932359988,Gene 30,48
272.4858088739757,738.8542795122937,Gene 30,48
272.7613914729713,733.9920762860868,Gene 30,48
269.90543416897657,742.196225360625,Gene 30,48
267.53374088834823,734.6285364299019,Gene 30,48
272.16440323177505,738.7016519769265,Gene 31,48
270.92469792844156,728.1594912242508,Gene 31,48
271.6585126115119,732.1706775861818,Gene 31,48
271.5165339842204,731.2343465985606,Gene 31,48
268.75296801570386,739.6727914174298,Gene 31,48
273.0075072615292,735.7336862318923,Gene 32,48
271.7537630307576,735.9761659649893,Gene 32,48
267.1963799648375,737.3562253935528,Gene 32,48
271.05184316865945,738.4119374227676,Gene 32,48
268.978570135535,741.6482666121565,Gene 37,48
267.0474122510674,733.4969031339341,Gene 37,48
270.6684363594663,741.3212712721048,Gene 37,48
269.8566160863138,732.254338496916,Gene 37,48
267.9008110176103,731.2469424424536,Gene 37,48
268.64621240049695,732.9930758924667,Gene 37,48
269.6581542762095,729.2420014797905,Gene 37,48
270.44766540963946,742.3620182549339,Gene 38,48
276.9837408378885,746.4929486263031,Gene 4,49
283.4059676592759,740.5207958159443,Gene 4,49
282.4795360878137,737.7490213631357,Gene 13,49
274.6440664599424,741.7670875212399,Gene 19,49
278.8664898691029,747.4219381674563,Gene 19,49
279.7542857632837,735.6961639614003,Gene 19,49
281.98344530211534,738.122252888451,Gene 26,49
277.7686879662393,747.8916279422648,Gene 26,49
281.7785636635756,743.395596469464,Gene 26,49
275.1439178556813,738.4982222220668,Gene 26,49
282.73518297042995,741.4625550232985,Gene 26,49
278.65303892956115,743.6374047974667,Gene 26,49
280.1669003282151,737.2251714997036,Gene 26,49
283.65914021199114,743.3365050758923,Gene 27,49
282.8447296083843,744.4337956611516,Gene 27,49
274.39736469906353,740.9720834705654,Gene 27,49
276.2575792542984,737.8171236007751,Gene 27,49
282.5561723033904,739.8105245817464,Gene 27,49
276.16763102195665,745.9280428382507,Gene 27,49
275.45988315308404,743.3931688703262,Gene 28,49
275.68724409811597,744.6110900858428,Gene 28,49
278.41442705419763,745.5150251424022,Gene 28,49
282.7734596861111,745.6915367943807,Gene 28,49
276.0101442533933,746.1430617253642,Gene 29,49
279.4554003251328,745.027128763728,Gene 29,49
278.3382972914519,738.7483293974287,Gene 29,49
279.84031939430525,744.0842580510698,Gene 30,49
282.5832466304921,740.2643835233895,Gene 30,49
283.0382551226077,744.8001113248256,Gene 30,49
276.74434045682045,740.4501034267258,Gene 31,49
277.4100475550646,742.6401008420117,Gene 32,49
282.8152051660157,743.4511638709139,Gene 32,49
277.7337707500825,740.783925556135,Gene 32,49
281.49293263603363,741.7186952047273,Gene 32,49
282.30921496418546,741.9331538036091,Gene 32,49
282.8993492870081,740.4836726097442,Gene 32,49
277.41716659293985,742.8355753124569,Gene 33,49
277.41100743378837,737.2073965256272,Gene 33,49
283.67538891228844,737.913713331857,Gene 37,49
291.82704840816706,738.3960397145407,Gene 3,50
294.23663196622493,738.6515771744158,Gene 4,50
287.3642834633436,739.0108003690896,Gene 4,50
295.1008076713084,732.5464159919834,Gene 5,50
289.82530676778134,740.443244585983,Gene 13,50
286.52142346189333,733.4642625697832,Gene 19,50
294.1759000581927,739.3044471197383,Gene 19,50
294.50064347230017,739.2453699796973,Gene 19,50
293.1626731586051,734.9526821493376,Gene 19,50
286.08722931403946,734.0116018409224,Gene 22,50
288.75821854825944,733.3550991367217,Gene 26,50
290.0946366013064,740.3177565745967,Gene 26,50
287.98945867755054,738.9383276831761,Gene 26,50
287.4958572365719,738.7114819248253,Gene 26,50
293.81793952964273,731.282059051164,Gene 26,50
292.07121146127855,730.7432585991347,Gene 26,50
293.2480785241784,741.1742980493469,Gene 27,50
287.17142645166246,733.9173068362163,Gene 27,50
288.94757873448435,734.7253053212925,Gene 27,50
288.8900757783217,740.1362424693798,Gene 27,50
291.14734036577835,739.3398136835774,Gene 27,50
294.6317164708634,731.303986847948,Gene 27,50
294.0518419911487,731.6892019569656,Gene 28,50
293.54299981774415,738.9532465272492,Gene 28,50
293.2020652325478,732.1356306561463,Gene 28,50
295.5805186034629,735.9610910122532,Gene 29,50
288.9252000319871,735.7523920927839,Gene 29,50
291.2742902106804,730.9692606576814,Gene 29,50
292.3330674014096,738.7665682185273,Gene 29,50
288.84517787050845,734.1057825721631,Gene 29,50
292.4618730451625,735.876703818498,Gene 29,50
292.88926935640364,734.5140781196338,Gene 30,50
289.797467634513,730.7529290029321,Gene 30,50
295.1833628710838,734.5447554955546,Gene 30,50
287.39903687919343,735.2789514126371,Gene 30,50
293.2674677120327,731.1846915761405,Gene 31,50
294.0200505932736,731.9872011837388,Gene 31,50
292.9571879676895,740.84701276146,Gene 31,50
290.24067126569764,731.0304545252102,Gene 31,50
289.71737826163593,741.2708762477905,Gene 31,50
292.3071523977081,738.940825863042,Gene 31,50
287.78813386460365,740.7453646605261,Gene 32,50
295.0100012373786,734.4865240316988,Gene 32,50
293.01281425930523,737.4817776219129,Gene 32,50
295.1357599513911,737.3348112106108,Gene 32,50
290.10960254623814,737.0379693510467,Gene 32,50
290.51056991427225,736.7527895808859,Gene 32,50
292.90110479942444,731.4561176950979,Gene 37,50
292.9376207813281,729.7152885463894,Gene 37,50
292.9650422867659,732.1043820174726,Gene 37,50
294.3872583371014,735.7777276746078,Gene 37,50
204.74818922578183,745.2038479717968,Gene 4,51
207.32415023462622,745.4562678446155,Gene 13,51
209.60799231535816,745.751642716002,Gene 16,51
207.05030968045602,752.9464310598422,Gene 22,51
209.4777976688557,746.401552582079,Gene 26,51
206.61140421550692,751.4506422101861,Gene 26,51
205.9600304227709,741.9163906290205,Gene 26,51
207.78247749046858,753.5657285167337,Gene 26,51
207.84776717142503,741.242387304929,Gene 26,51
205.10486860565604,746.8180922575335,Gene 26,51
204.27340885195923,747.6653086720185,Gene 27,51
207.0579145583356,742.6738067970193,Gene 27,51
208.14240916910785,739.3011569505165,Gene 27,51
206.05715185473215,740.84782877223,Gene 27,51
206.75429746687215,747.8377445344905,Gene 27,51
204.94634502935514,748.2981664079974,Gene 27,51
209.02370642341023,745.143203300272,Gene 27,51
209.2006982243786,744.6406502648894,Gene 27,51
208.2900109342928,751.9212405916347,Gene 27,51
205.6893772925379,742.4043929437432,Gene 27,51
209.49025206845653,747.6177495601166,Gene 27,51
208.49548993770193,744.3980819941135,Gene 28,51
205.89078014621333,745.8769338223019,Gene 28,51
205.9265154621132,739.301082352884,Gene 28,51
207.46027485576047,745.4536507128544,Gene 28,51
207.41238822508907,744.7783052583048,Gene 28,51
204.73318298614373,742.448384831755,Gene 29,51
208.07610369010814,752.7905768082301,Gene 29,51
205.50823117204007,753.1040423746075,Gene 29,51
206.13617000347685,741.1775180013258,Gene 29,51
207.92830403022995,741.1614715368553,Gene 29,51
205.8596060450958,748.9638209759664,Gene 29,51
209.1041148992019,743.4821596516491,Gene 29,51
209.23746884178587,749.8539746957812,Gene 29,51
205.66497229403782,749.162311310454,Gene 30,51
208.32442838679273,749.9700652306877,Gene 30,51
208.54945832795897,744.1282646756853,Gene 30,51
206.50052677721519,742.2677972041992,Gene 31,51
205.27677773410696,753.0764175038694,Gene 31,51
209.59759108150186,745.2269108030491,Gene 31,51
204.3695121537592,747.1933683642892,Gene 32,51
206.8895824157123,749.4109143997349,Gene 32,51
205.66790762804175,747.2418457286062,Gene 32,51
208.66062071979024,750.7399545239283,Gene 32,51
209.52666839524463,743.712686169075,Gene 32,51
204.4029352350011,743.8106623038741,Gene 32,51
205.74473800329773,751.886522656532,Gene 32,51
208.94389938064154,744.3333330439636,Gene 32,51
206.7278502517018,738.8537442477242,Gene 33,51
210.10204547157016,745.6416537831199,Gene 33,51
206.78394599625722,753.5542498565142,Gene 37,51
207.82569369965273,753.7274173055728,Gene 37,51
205.73884978432147,749.895657827118,Gene 37,51
214.12621868243875,754.3745723355837,Gene 5,52
213.31657323052255,742.2082868883206,Gene 13,52
213.46995058967542,745.8877988167034,Gene 13,52
215.77016790469082,752.3756617902848,Gene 19,52
215.9955765515699,752.5994243861599,Gene 19,52
215.10810301692095,741.1914486252683,Gene 22,52
215.8045573018241,740.8034846576104,Gene 22,52
216.00064625329085,742.4730822959061,Gene 26,52
214.18316910798663,741.8221039764061,Gene 26,52
211.02131665712182,749.0046609760855,Gene 26,52
214.63746094211606,752.1118466318196,Gene 26,52
214.38024143739023,739.8223589390205,Gene 26,52
213.25024153749558,752.0315144003698,Gene 26,52
215.40426763300718,750.5534415876677,Gene 27,52
214.1015030384393,740.0816909020374,Gene 27,52
211.3407592290034,749.6101286397338,Gene 27,52
210.28478553714095,743.0317152195828,Gene 27,52
216.11683473392398,751.598003440674,Gene 27,52
211.23714194460155,751.4902854570374,Gene 27,52
213.1453573515705,753.8106310278633,Gene 27,52
214.49778172693263,750.2097283328791,Gene 27,52
210.4060243296152,748.26046547652,Gene 27,52
211.18933887225737,748.5613070758524,Gene 27,52
213.56810348838167,740.5522324652845,Gene 28,52
216.39033765023603,744.6382373369534,Gene 28,52
213.73383348328807,753.4326640764747,Gene 28,52
214.30237680327576,752.8955835622146,Gene 29,52
214.78684599704442,753.8796122249056,Gene 29,52
210.60971692209938,746.4407180008651,Gene 30,52
215.88855869213182,742.6597432881815,Gene 30,52
216.3879245853131,742.601753628848,Gene 32,52
215.82175873475447,746.9331840406554,Gene 32,52
211.98197247200974,746.8088203802914,Gene 32,52
215.14962024007278,746.8567377726586,Gene 32,52
217.15042874535007,748.2329552781367,Gene 32,52
214.7819668904292,741.9423200651408,Gene 37,52
214.82272533682072,741.0653578516178,Gene 37,52
209.54977469126598,745.0847651672076,Gene 37,52
210.99711957212256,749.7545977633487,Gene 37,52
215.26673306269575,749.5446736145923,Gene 37,52
216.6000421471287,744.0107971052856,Gene 37,52
226.8077421861467,750.3859677295874,Gene 4,53
226.89243548571892,747.2623636641049,Gene 4,53
226.99089207153222,748.7791462281758,Gene 5,53
226.0266133832862,756.1130262918973,Gene 5,53
227.5017754846644,752.1109195305933,Gene 19,53
224.41996286796513,746.0446406507451,Gene 22,53
224.17323046113847,748.5304714938445,Gene 22,53
225.08347112269269,740.7789012386094,Gene 26,53
227.38921067831527,745.0396180483178,Gene 26,53
224.81057116860592,752.5859981441461,Gene 26,53
226.65159458760655,741.0602594153213,Gene 26,53
224.5126722569518,753.46205100429,Gene 26,53
226.99348398284,742.6277896518073,Gene 27,53
225.2859091358857,740.3806202398888,Gene 27,53
226.8789655071969,746.575445824514,Gene 27,53
225.14465763570647,753.9726784165722,Gene 27,53
224.36016634056963,753.9824906020211,Gene 27,53
227.2120344643124,745.1355941835396,Gene 27,53
226.2902595059989,741.8382010739529,Gene 27,53
224.45858378207916,748.0123283909779,Gene 28,53
226.4499335790792,740.846878749956,Gene 28,53
224.29141279565135,751.2735143489282,Gene 28,53
225.34891399702335,744.4354216081875,Gene 28,53
226.64441480479425,754.7112279916585,Gene 28,53
225.9319038958429,742.7252813120274,Gene 28,53
225.66211734698257,739.9378321830632,Gene 28,53
227.52193328651754,746.7811870106104,Gene 28,53
224.4453198315814,744.6506289923698,Gene 29,53
227.32406809257103,744.1299090763658,Gene 29,53
226.80740306200173,743.2234968128033,Gene 29,53
225.24856749210497,739.6977063235564,Gene 29,53
226.68933626742614,744.4543495113426,Gene 30,53
227.19402528388264,753.2826862294398,Gene 30,53
227.47336162139982,747.6985275968833,Gene 31,53
226.0112671815649,753.0741074474088,Gene 31,53
224.99110385632295,740.2255174399154,Gene 31,53
227.49485643393112,747.1715102634972,Gene 31,53
225.04465659809875,743.6373010240687,Gene 31,53
224.9791790893587,742.1559675804674,Gene 32,53
225.41691393139274,754.3669669828151,Gene 32,53
225.20567940228335,740.5674342333481,Gene 32,53
227.4085105570733,745.4534142071291,Gene 32,53
227.05850640905666,752.3150458456113,Gene 32,53
227.41200367479763,748.9650380351462,Gene 32,53
227.36700798394148,747.3614171078282,Gene 35,53
226.3523980275976,742.2332619943695,Gene 37,53
225.85911714021037,751.8490700334783,Gene 37,53
225.56136071833257,740.1462157622725,Gene 40,53
235.13454375547428,745.4995215167761,Gene 5,54
236.47270296859054,736.1923482927248,Gene 13,54
236.50611287083876,735.8466101886004,Gene 19,54
237.05742371237716,740.4619304590555,Gene 22,54
235.221222388999,752.1278925544681,Gene 26,54
236.4173135951093,741.193710956547,Gene 26,54
238.45149765651493,742.2600138927927,Gene 26,54
236.34415484480382,752.2806280709332,Gene 26,54
238.0206359750443,743.0961472033201,Gene 26,54
234.39891137445784,739.2540936183832,Gene 26,54
238.47004329196088,742.939682317335,Gene 26,54
237.71917538282753,737.4706762357558,Gene 26,54
236.27688620340768,736.4268041077942,Gene 26,54
235.04980551448085,752.2050421805797,Gene 26,54
233.83141887943142,747.2042814684622,Gene 27,54
235.63242474984452,738.9976215993031,Gene 27,54
236.77116879538914,738.3526302017945,Gene 27,54
234.20277581285902,741.1381528085606,Gene 27,54
235.2132288640342,750.0520099688122,Gene 27,54
238.7997386404444,744.987241909583,Gene 28,54
237.8640964875174,750.2154403429311,Gene 28,54
238.78072010795788,742.8740323577584,Gene 28,54
238.45106613485328,741.751509381019,Gene 28,54
237.57001774506415,746.2403601959734,Gene 28,54
236.33971555320676,736.9517477892631,Gene 28,54
237.9335880464476,738.111676625275,Gene 29,54
236.0626227176129,751.5555629244953,Gene 29,54
237.69348178021295,744.4531288226277,Gene 29,54
235.15778248016218,743.4370534322663,Gene 29,54
235.86390522499696,748.9404660585529,Gene 29,54
237.02963740971546,739.2817497815448,Gene 29,54
236.99868639239406,749.6700423933077,Gene 29,54
238.01589324704648,743.43026081978,Gene 30,54
235.61056962410527,736.2663063124751,Gene 30,54
234.32095460362393,741.7619363256052,Gene 31,54
238.54156216679257,742.2653421867273,Gene 31,54
234.5888943982036,746.7784307307029,Gene 32,54
235.77763638686966,751.3754630923564,Gene 32,54
237.99994532996192,748.7104912537832,Gene 32,54
237.24270610952905,739.5743658047339,Gene 32,54
234.2883315222513,741.3403599335509,Gene 32,54
237.47469740112976,746.3482506682677,Gene 32,54
237.47138167063724,740.4610943766406,Gene 32,54
237.51254372010808,746.5623903679916,Gene 32,54
234.456454582371,746.768949253058,Gene 33,54
234.607562463435,746.4814124120096,Gene 33,54
237.27445212387144,743.2492008100066,Gene 37,54
235.30776310052363,742.934816171624,Gene 37,54
235.8039513558829,749.3673786494686,Gene 37,54
238.18253914613715,742.0736127416502,Gene 37,54
234.56388522130683,744.7165903318731,Gene 37,54
237.855680652728,738.6372012551473,Gene 37,54
233.93574196897697,742.9867723091312,Gene 37,54
243.47133170136584,742.655089181691,Gene 4,55
243.73081673941672,743.2425783487279,Gene 5,55
243.3026200257338,745.6998201708811,Gene 5,55
246.47250367868494,739.5541534784024,Gene 19,55
244.25591555965312,738.6332462019842,Gene 19,55
242.6355701861498,747.4323913959215,Gene 22,55
247.94064473182075,746.252986430932,Gene 22,55
243.65421536680273,748.8411097571545,Gene 26,55
243.86196008712372,747.1493365689788,Gene 26,55
243.9246140066893,741.0709133363692,Gene 26,55
245.50026354990658,752.8353105120682,Gene 26,55
245.98147705221223,751.1839602626465,Gene 27,55
246.1032477407983,753.8787798692651,Gene 27,55
244.1063963066507,752.365501837907,Gene 27,55
246.20051482383425,740.9115013097793,Gene 27,55
243.22869528375975,747.4386710103489,Gene 28,55
244.66626127282274,752.9404197855755,Gene 28,55
246.51390171676155,741.9283073762283,Gene 28,55
246.06973045975286,743.338605810795,Gene 28,55
243.34783074969346,746.9290616518715,Gene 29,55
243.76961310445745,751.9853544975405,Gene 29,55
247.58927108910365,742.2121866025888,Gene 29,55
246.56191051029117,743.2562498828346,Gene 29,55
247.49139102305617,747.6625947877054,Gene 29,55
248.193405236921,749.277946578717,Gene 30,55
246.59035472364948,748.1865417831085,Gene 30,55
243.50201910589234,749.2993174984205,Gene 31,55
246.97787145895853,751.0381678258384,Gene 31,55
243.88820745399607,746.5241130663943,Gene 31,55
248.07130668055348,749.031178619793,Gene 31,55
245.70772208772652,739.8247259000891,Gene 31,55
245.0074231429412,746.0878138930102,Gene 32,55
244.92441493947285,742.1601615872449,Gene 32,55
246.3160545576481,745.8699672473136,Gene 32,55
245.1697292956099,751.859910458734,Gene 32,55
245.6615553565258,754.0501281239023,Gene 32,55
245.012233679317,748.7168588309058,Gene 32,55
248.1477965180933,748.2673200605225,Gene 32,55
247.7138277887212,742.529979528211,Gene 32,55
247.89711533501946,749.2903992778782,Gene 33,55
244.34742543223163,751.1019346811509,Gene 37,55
246.71963206335639,741.683561827955,Gene 37,55
243.59216225534814,745.5026543182728,Gene 37,55
246.44191447090864,746.2084624258174,Gene 37,55
246.86836816433916,748.5467161074321,Gene 37,55
246.81351370949903,740.4203231106048,Gene 40,55
243.17053065379108,749.1504716841823,Gene 49,55
257.0884879606418,740.085331718946,Gene 4,56
253.09828373745955,745.3552607517598,Gene 5,56
252.63509353743774,746.3464646914001,Gene 19,56
257.4195251990268,743.2460875121129,Gene 19,56
252.32473939738142,737.2528628225876,Gene 26,56
256.15095061958766,737.5886674475593,Gene 26,56
253.32017176158726,742.8495773484093,Gene 27,56
254.71770851386157,736.5571324632626,Gene 27,56
257.17151834891666,742.6837976655186,Gene 27,56
256.2041326607122,736.2614726729225,Gene 27,56
250.87269052508637,746.0288366962477,Gene 27,56
253.3998746703333,748.5159945201327,Gene 27,56
253.7541776427769,744.6127183311721,Gene 27,56
254.09629466626464,747.3089744005365,Gene 27,56
253.86924636880903,735.738782875423,Gene 27,56
255.99534302833325,749.2073439656477,Gene 27,56
253.3273312787804,745.6970406159409,Gene 27,56
252.3002753726857,745.9748658443363,Gene 27,56
256.4469446045035,746.4856855294871,Gene 28,56
255.39094810064043,746.64911642156,Gene 28,56
252.70754772321962,737.8525584300176,Gene 28,56
256.5958253011085,738.948695525141,Gene 28,56
251.47254545843526,744.2264497840049,Gene 28,56
256.41694127171945,740.2975054913385,Gene 28,56
255.67878872874587,737.7232150311607,Gene 29,56
254.25653737599265,737.4611117268829,Gene 29,56
252.53677794006614,744.7005561410315,Gene 29,56
251.26504739462092,746.0144317343054,Gene 30,56
256.71758611868114,739.4385684229659,Gene 30,56
256.9785571603935,742.605646050462,Gene 31,56
251.69726788097103,737.9030255710547,Gene 31,56
255.04620468874595,735.7041235142358,Gene 32,56
251.97960302140163,744.013609584721,Gene 32,56
251.88295846264202,747.6131766328124,Gene 32,56
251.08689657952294,738.4077864537924,Gene 32,56
253.41454279733884,741.4496963585584,Gene 37,56
254.6838022699205,739.5086011457878,Gene 37,56
255.11248474719432,735.4839174930604,Gene 37,56
261.27164646566337,745.3711249084008,Gene 5,57
262.6083564397408,743.0960590587586,Gene 19,57
262.82682941090656,744.9267867988751,Gene 19,57
266.72861056874285,752.638134690049,Gene 19,57
267.3213895989757,742.1387278410211,Gene 19,57
263.438989840939,744.8228839654897,Gene 22,57
264.214415686381,741.2901726666702,Gene 26,57
266.4244778459217,751.0790245446522,Gene 26,57
262.65425418830876,746.4128211645047,Gene 26,57
267.7686100398763,742.0343195905887,Gene 26,57
264.71328846459954,751.4211368597317,Gene 26,57
264.30988583084417,753.192603881252,Gene 27,57
267.38173342456946,749.6158883836797,Gene 27,57
262.53043885096383,742.7125174916157,Gene 27,57
261.59594120913493,747.9660830382248,Gene 27,57
262.20522938619615,749.1119155256633,Gene 27,57
262.5552879281663,743.3680696607,Gene 27,57
264.2817586099417,749.5772313320113,Gene 28,57
261.6803358168897,749.277826882952,Gene 28,57
264.7407586674057,741.5730354837408,Gene 28,57
268.2915792982984,748.3791574108981,Gene 28,57
269.07747986109007,745.478807769318,Gene 29,57
266.4353462860208,752.2501335477124,Gene 29,57
267.9516913387249,748.3223945771657,Gene 29,57
267.8186418455865,750.1797398048317,Gene 29,57
267.99116431554455,744.6148187774907,Gene 29,57
269.01073431527095,746.4756728133675,Gene 29,57
264.46885256946933,751.518305436687,Gene 29,57
267.29273731040587,751.7415756412784,Gene 30,57
268.13417529505494,743.9682717838768,Gene 30,57
263.2245175011494,740.1633984216751,Gene 30,57
262.5185257607236,750.2470022259239,Gene 31,57
264.1623117271018,754.1309216870798,Gene 31,57
265.70339039307476,740.8533007639344,Gene 31,57
263.58150401195866,740.6004334202238,Gene 32,57
264.33905917898176,752.751851981989,Gene 32,57
262.0900583078701,742.4815884779357,Gene 33,57
262.8393192615619,749.004192801453,Gene 37,57
266.31615592804434,741.7469951466958,Gene 37,57
271.776412406631,738.9160436534597,Gene 4,58
272.02324954545634,750.6620853023596,Gene 4,58
272.3269415491007,750.1373720885306,Gene 5,58
274.42997986779704,741.9988976655551,Gene 19,58
273.6542925299289,739.8898954591318,Gene 19,58
269.82961013392037,743.3870019975792,Gene 22,58
272.4580293215387,750.5436287655417,Gene 22,58
272.5225224396407,737.818226446997,Gene 26,58
270.079066679226,739.4112051236419,Gene 26,58
270.37431257050224,746.3490355876755,Gene 26,58
271.78268938993625,736.9593775804613,Gene 26,58
271.9473513794542,752.2475089486969,Gene 27,58
274.45075961182397,748.4913697167875,Gene 27,58
270.26052544528204,741.0640951181063,Gene 27,58
270.6031271369691,742.1008020921054,Gene 27,58
273.4299215623426,738.3285073473962,Gene 27,58
272.3697529707938,752.5358959209236,Gene 27,58
270.03894849074715,738.222117011015,Gene 27,58
273.6837072122373,747.9652177426315,Gene 28,58
274.3684473539915,742.7875520472215,Gene 28,58
271.08538782130785,741.2922449638355,Gene 28,58
274.2271969038849,743.9860631412034,Gene 28,58
270.08088627254574,740.5645272947218,Gene 29,58
274.379030400861,741.9181536813345,Gene 29,58
270.0369930954804,739.1624012601808,Gene 29,58
269.9280056955754,742.7871860288659,Gene 31,58
269.79299120161653,746.659921327894,Gene 31,58
271.59357532513707,739.1879919982673,Gene 31,58
270.98925647203095,743.7664891175681,Gene 32,58
272.11386600991386,735.7263467396428,Gene 32,58
273.1758339598784,743.5093789717965,Gene 32,58
271.95580626330303,752.1381153104562,Gene 32,58
273.5982592464685,737.9769664032375,Gene 32,58
273.2709212817288,738.3955512810419,Gene 32,58
273.7119400469344,741.5570324651248,Gene 33,58
274.4767896352077,740.599730714048,Gene 37,58
273.9605083812169,750.0766302927126,Gene 37,58
272.69721796614743,744.7645939689966,Gene 37,58
273.1008199220065,741.8206824428703,Gene 37,58
274.2736436867388,744.4797186607843,Gene 37,58
274.7085642038873,743.3938040809379,Gene 37,58
272.4220924055223,746.2700976747725,Gene 37,58
269.757581400188,742.5705890202938,Gene 49,58
285.2986091687267,750.7770341504636,Gene 4,59
288.7909966083732,744.2817919757107,Gene 22,59
288.5662505525705,740.4119728403065,Gene 22,59
285.3954045849312,743.5129292887875,Gene 26,59
283.365680894369,745.4554288139079,Gene 26,59
283.71423861467423,747.9742702919373,Gene 26,59
287.1379680535767,738.2577103272936,Gene 26,59
288.23961233288685,740.8814395873123,Gene 26,59
286.5662566203837,751.0376953431302,Gene 26,59
288.599133110709,749.6921012697594,Gene 27,59
286.169318916597,737.7088541419362,Gene 27,59
285.94571102739974,750.637423425565,Gene 27,59
289.1418769831539,741.0707073932459,Gene 27,59
288.84096054329484,744.0255958455222,Gene 27,59
282.7860101827175,744.6585937225436,Gene 27,59
287.487706877056,739.222792301262,Gene 27,59
282.6627720533899,742.0628666351242,Gene 27,59
286.51329705664614,739.6745162913821,Gene 27,59
283.0373764810794,743.9969213771041,Gene 27,59
289.48464333880906,742.1195503324909,Gene 27,59
283.3092196406866,741.1889746528498,Gene 27,59
283.6714555474103,739.356560559078,Gene 27,59
283.90519118457485,740.07523808062,Gene 27,59
289.08864264769045,744.263627089884,Gene 28,59
285.10046437847654,750.834747499698,Gene 28,59
284.2424843218267,749.0108828680454,Gene 28,59
282.3209893680932,742.5506154778933,Gene 28,59
285.7747688151763,750.8689411337263,Gene 28,59
285.438345286253,745.2433529123034,Gene 28,59
288.37008431143937,748.4262917070525,Gene 28,59
283.2930486219179,746.5876774640155,Gene 28,59
287.26793112613063,749.661210903079,Gene 28,59
287.1799209917833,745.6276961640291,Gene 28,59
288.23754623646437,748.8229978163023,Gene 28,59
288.7306921893966,748.0512279756734,Gene 29,59
282.6375587361536,745.6023632866608,Gene 29,59
287.55009797760545,740.2823623781921,Gene 29,59
282.31078901662016,742.8082500885185,Gene 29,59
289.02238211209874,740.8708546404234,Gene 29,59
288.95143437590787,742.7274899679984,Gene 30,59
285.80774701229615,749.987170554438,Gene 30,59
289.30815744918095,740.4129726637133,Gene 30,59
283.9687995900126,740.6388282191505,Gene 31,59
285.48576028682453,748.2719971933524,Gene 31,59
287.13298918013953,745.6385086738,Gene 32,59
286.147309643938,747.2427253920382,Gene 32,59
288.8494998419245,745.1809942248015,Gene 32,59
288.1729084547029,739.0853126902248,Gene 32,59
282.4421279138189,741.840022413334,Gene 32,59
283.73789244694177,742.2414727209539,Gene 37,59
287.4631676620446,751.308272496923,Gene 37,59
289.49524174596985,747.8494334976058,Gene 49,59
297.60598912573687,740.1200489550457,Gene 4,60
297.2931536153331,754.2548992157656,Gene 4,60
297.1310629328716,743.8904541114347,Gene 4,60
297.46700165167226,753.0628756629646,Gene 5,60
297.7881431306819,742.8967458309071,Gene 13,60
297.68076856932163,745.4950415712061,Gene 19,60
297.8367936900256,749.072133492555,Gene 19,60
297.6555758938556,738.5135218731378,Gene 19,60
297.7016170520338,746.3953364716737,Gene 22,60
297.3324290756597,734.5980980384052,Gene 24,60
297.6810503857754,746.6329041798367,Gene 26,60
297.78127097508667,742.9836818045789,Gene 26,60
297.68442198810106,746.7160582563836,Gene 26,60
297.069080145782,743.5277646488214,Gene 26,60
297.5912368107884,753.5702424263014,Gene 26,60
297.741391492551,750.683087079183,Gene 26,60
297.5393532887495,754.3446552345807,Gene 27,60
297.6772019242488,743.4374489429032,Gene 27,60
297.07859110891724,741.3151260163312,Gene 27,60
297.16081317408685,744.5187432310591,Gene 27,60
297.15199864044007,750.9652101321473,Gene 27,60
297.2602342754276,740.975582001625,Gene 27,60
297.23668779671,740.8412520614181,Gene 27,60
297.30827012061764,747.9268619711149,Gene 27,60
297.54005756307646,751.5713700499091,Gene 28,60
297.51848489019164,736.8930021906409,Gene 28,60
297.6377038616513,742.0338126668149,Gene 28,60
297.5618285146912,739.6035463820294,Gene 29,60
297.1342101283027,751.3194043448523,Gene 29,60
297.42174303241666,735.1336472207305,Gene 29,60
297.21455181801053,745.640422339818,Gene 29,60
297.2520031515779,737.7384983195175,Gene 29,60
297.24744985023625,751.5273612419775,Gene 29,60
297.5454163830946,739.2822664227263,Gene 29,60
297.4392864001524,751.9191022425103,Gene 30,60
297.10948532278195,752.5576913147212,Gene 30,60
297.35983925010095,754.6318384185168,Gene 30,60
297.2845786248799,752.1885423646004,Gene 31,60
297.1388638571249,743.2465958257939,Gene 32,60
297.24508946666094,741.3680223674826,Gene 32,60
297.20426264140656,751.1239731858827,Gene 32,60
297.6983749409605,742.6962317715162,Gene 32,60
297.4152450563324,752.2267647454132,Gene 33,60
297.7024425242803,741.5865117438922,Gene 37,60
297.12526038899983,740.4801126230956,Gene 37,60
297.52064616745264,752.9389395363818,Gene 38,60
208.07140475986878,757.421216996422,Gene 19,61
212.75043023772443,750.0367909097926,Gene 22,61
211.8736346542284,748.3154099032645,Gene 22,61
212.56886892665295,759.4802368247067,Gene 22,61
211.17730632053798,747.5048080386736,Gene 26,61
208.61499776290523,758.3496554133736,Gene 26,61
211.69358299327402,747.1577967800272,Gene 26,61
209.088417144986,760.200662422663,Gene 26,61
206.72520025300366,750.8162095592485,Gene 26,61
209.8624434335656,751.445681231872,Gene 26,61
208.7336605616876,751.605744753869,Gene 26,61
206.72178135928516,754.4215931656349,Gene 27,61
213.1517490618733,751.8751834667512,Gene 27,61
210.713753508646,750.087595467471,Gene 27,61
214.1927422517313,751.1220427216763,Gene 27,61
206.6372953164262,756.352333601428,Gene 27,61
209.93861347449968,747.5859264740343,Gene 28,61
211.62701728330927,750.5040779224802,Gene 28,61
213.29253707759815,752.5593549268244,Gene 28,61
207.04078687584706,754.6882254430237,Gene 28,61
208.11559668403208,749.5021854958364,Gene 28,61
213.23237771034331,751.3240395190322,Gene 29,61
212.02916204997592,758.41063942553,Gene 29,61
213.9108181022559,755.7864377204301,Gene 29,61
213.96844258483864,753.5983529003736,Gene 29,61
208.66622118804733,754.763153635854,Gene 29,61
211.36183198602345,758.8026850000107,Gene 29,61
213.41208912123815,754.8332389772936,Gene 29,61
209.98983671034387,759.2730805478536,Gene 29,61
208.6355060077518,759.5900208350986,Gene 29,61
207.1555607167032,754.9013335008314,Gene 29,61
208.5139459515786,755.3869250719749,Gene 29,61
211.8369566204515,747.4288144632469,Gene 29,61
211.4842417767488,759.1039322407967,Gene 29,61
208.4844340307998,747.807955930392,Gene 29,61
213.97326929790833,752.0633047990472,Gene 29,61
213.41606956821872,758.5320934261769,Gene 30,61
213.22897305459173,750.0057574723373,Gene 30,61
213.81566583003908,757.8731227716406,Gene 30,61
205.94797759189154,755.74342045696,Gene 31,61
214.25545363118997,749.8716767555326,Gene 31,61
211.5782209026557,757.3852050328119,Gene 32,61
207.22120804473926,755.7059644452326,Gene 32,61
213.08930637093914,757.2385414220931,Gene 32,61
210.71753911736022,750.7056602345899,Gene 32,61
208.92900980893464,748.8314489258744,Gene 32,61
209.0914815322467,758.5382983916222,Gene 32,61
209.40988882623907,757.2889257847163,Gene 32,61
210.51197807140704,759.3330033777241,Gene 33,61
213.89829752494884,752.9253412491468,Gene 37,61
206.62184182893643,756.7837382062881,Gene 37,61
211.9634079217415,757.3855931087991,Gene 37,61
213.7016368368077,755.7309635403371,Gene 37,61
220.93119977504543,756.1861087314871,Gene 13,62
221.61672778247384,757.1883122537914,Gene 19,62
221.60722087342342,757.6993193333574,Gene 19,62
220.667306939768,751.3430118830365,Gene 22,62
221.350435067538,755.9937673914227,Gene 26,62
218.48566568290485,756.8519011762885,Gene 26,62
218.3452175947222,762.5671285453469,Gene 27,62
220.77893488231047,756.6201178224824,Gene 27,62
218.2650479287271,751.6559765420251,Gene 27,62
220.7984292387435,764.6907046566248,Gene 27,62
221.00354264710685,749.4094568243793,Gene 27,62
221.09071242303756,762.7378274653474,Gene 27,62
222.2699170114822,756.8698172809235,Gene 27,62
220.151936971534,755.3859237274667,Gene 28,62
221.8591983881908,762.5267104553022,Gene 28,62
217.66064631062545,752.3803328123864,Gene 28,62
219.34402444230307,749.8380680231338,Gene 28,62
220.9342666848253,750.378914757486,Gene 28,62
218.27742537974376,759.5381003939584,Gene 28,62
218.5754730073179,762.0275098560575,Gene 29,62
219.4299570427421,762.6140832075902,Gene 29,62
219.75305837630594,763.3295316516648,Gene 29,62
218.85565388332378,753.6021061592218,Gene 29,62
222.24406583431946,755.7442330351079,Gene 29,62
219.8610210813528,748.0747839305369,Gene 29,62
221.51948632123975,759.9805615237337,Gene 29,62
218.10923216914185,760.1399292908657,Gene 29,62
217.702484954753,757.1436522633294,Gene 29,62
221.1067105522658,762.780318774951,Gene 29,62
218.39134677384874,754.3381097373273,Gene 29,62
220.5388545131084,763.2457962183425,Gene 29,62
217.5086834710712,752.6277866025472,Gene 29,62
217.8617843010726,757.4808780425227,Gene 29,62
219.97458902550665,759.6762317254212,Gene 29,62
218.07386311483253,759.5698413403807,Gene 30,62
221.26312403832594,751.5713327897781,Gene 30,62
218.52516411011356,761.6168019565146,Gene 30,62
218.25082334279307,756.3956573480367,Gene 31,62
221.0118939991845,762.0282963476811,Gene 31,62
221.46970612660843,759.9559774019747,Gene 31,62
221.0359858275408,750.3365500565978,Gene 32,62
221.31971409627735,754.3042521879953,Gene 32,62
218.81898601644826,761.8594021660973,Gene 32,62
219.54905331719905,748.6687948341538,Gene 32,62
218.4645314027577,751.0511945969241,Gene 32,62
218.74037949912187,751.0984913500253,Gene 33,62
219.59659659204257,762.6584090712014,Gene 34,62
221.74085760823718,757.1564118465361,Gene 37,62
217.630470074429,752.6866320571763,Gene 37,62
221.065751273554,753.2523534156526,Gene 37,62
227.835937228042,753.5155077275257,Gene 19,63
224.41890857134612,753.7110156019608,Gene 19,63
230.015117740053,754.9034182280316,Gene 19,63
223.55030878110009,751.9257545304,Gene 19,63
226.86891420113042,755.2334718613831,Gene 19,63
224.51496323689773,747.2360355625923,Gene 22,63
230.3535086269957,749.0517183023784,Gene 26,63
224.02276447499372,754.2298195744181,Gene 26,63
225.50570099191853,751.9309588183658,Gene 26,63
227.83583395201262,745.65864181273,Gene 26,63
231.29633148613686,748.0155690224881,Gene 26,63
224.22995629719273,751.3981030236652,Gene 26,63
230.9438608560529,753.6217433298176,Gene 26,63
231.94921306152463,751.6543877140787,Gene 27,63
229.99569671280315,750.2136340681669,Gene 27,63
225.54135941168641,745.4426652728379,Gene 27,63
229.14533660520166,755.7909750468064,Gene 27,63
222.95979507053084,747.0370684387827,Gene 27,63
232.2983868171398,753.1630429632662,Gene 27,63
224.2524637393247,750.0291797128021,Gene 27,63
230.97174145799485,750.7325844227693,Gene 27,63
226.18736663673658,752.4442770191764,Gene 27,63
222.51672128268888,748.2548662001013,Gene 28,63
231.66228692414336,751.8982882594247,Gene 28,63
224.85280584895395,750.4081346880321,Gene 28,63
226.63097226670575,756.8369126808292,Gene 28,63
228.163125321509,747.6526221929262,Gene 28,63
225.10748401071166,755.4852794649007,Gene 28,63
224.37837319829313,746.4902506319003,Gene 29,63
224.62494825802963,749.8326279156341,Gene 29,63
230.14499409946532,749.6016791841371,Gene 29,63
228.6696345130375,753.8719669899683,Gene 29,63
224.68625647921587,746.2656473910783,Gene 29,63
229.81688019284746,748.7424807698882,Gene 29,63
223.67165102827744,750.5462313504543,Gene 29,63
227.76446548955442,752.1781481326885,Gene 30,63
230.44072222608443,752.6497451229471,Gene 30,63
228.35978092077414,755.8148853505033,Gene 30,63
228.78917798168143,754.2792267560003,Gene 31,63
228.48508713502872,750.2126816934515,Gene 31,63
221.77479099838317,751.2843932218494,Gene 31,63
226.0548103042253,756.2746896023782,Gene 31,63
227.81906669650385,753.3705081774706,Gene 32,63
228.78294694430815,753.7073438920734,Gene 32,63
226.60222883070603,746.5277204303441,Gene 32,63
226.5206787668461,749.3765598424436,Gene 32,63
222.86965627891038,752.6512143973786,Gene 32,63
229.62435492723372,748.8132204118651,Gene 32,63
229.0985209900909,746.5581071823389,Gene 32,63
230.70191613311883,747.1677373604217,Gene 33,63
230.20801667734173,747.1484963504577,Gene 37,63
228.58437498220783,748.8725277862852,Gene 37,63
229.85088195998622,746.4387007343729,Gene 37,63
231.16381936947985,753.206868628752,Gene 37,63
229.66429022112246,746.0146103291486,Gene 37,63
230.38140926545387,751.6260112621492,Gene 37,63
241.4142378327238,750.4997915220503,Gene 4,64
236.7355075301694,747.3528005218643,Gene 4,64
240.17920919619732,749.0057410612961,Gene 5,64
239.12828860512565,759.4502198109739,Gene 13,64
242.32888818155814,752.4560815602497,Gene 19,64
238.67902877308865,756.0321481812997,Gene 22,64
241.31219668190778,756.8456719112984,Gene 22,64
236.36497705576355,749.7847608034859,Gene 26,64
235.75188596743513,755.2731056946885,Gene 26,64
237.44688325221648,760.1796683086291,Gene 26,64
241.73707434006675,751.9363439391549,Gene 26,64
239.95014838355894,759.6039987107773,Gene 26,64
238.62752934356382,747.174600170883,Gene 27,64
238.50902687954667,758.0807632556734,Gene 27,64
239.01364371848328,759.4313591525197,Gene 27,64
242.52653255843737,752.6952683108796,Gene 27,64
240.75459626485735,747.0655597039781,Gene 27,64
238.21375807019268,756.3952275979617,Gene 27,64
236.78254931943098,749.3194631205812,Gene 27,64
239.01236224159504,752.7869746520437,Gene 28,64
242.07942778414872,755.463033685627,Gene 29,64
237.0095668862693,759.8409328881969,Gene 29,64
238.16089290078523,759.3507714977948,Gene 29,64
239.66747660005146,757.6990573835733,Gene 29,64
241.95626521473736,750.1400263171677,Gene 29,64
240.98453538992194,751.8046907117258,Gene 29,64
241.6722575429045,751.8583497109487,Gene 30,64
241.8878208437934,753.4648569845597,Gene 30,64
240.6764360793719,758.3957612193143,Gene 30,64
237.62011530773103,751.5704232173307,Gene 31,64
240.60689756591344,757.7486934199685,Gene 31,64
238.79767143988454,750.6687050678192,Gene 32,64
236.41164609793836,754.2518392821199,Gene 32,64
237.08739507950335,757.6150200568213,Gene 32,64
237.62582735168493,760.0597833200064,Gene 32,64
242.15234568095804,757.7400095872329,Gene 32,64
237.7309021062619,753.7058827819782,Gene 32,64
237.9769556951557,760.5669744828828,Gene 32,64
236.60331230958894,752.4311331733593,Gene 32,64
239.2810851886279,760.8064211782388,Gene 32,64
240.8620271728703,751.7102624447858,Gene 33,64
241.1867197439181,757.4798104567948,Gene 36,64
239.90159783908848,759.7469037746553,Gene 37,64
235.16555488579115,755.3580403311614,Gene 37,64
241.8399580709707,755.5450082817189,Gene 37,64
238.54936734281875,751.5582459151815,Gene 37,64
236.45927638649718,757.8275739139006,Gene 37,64
241.102221096579,751.6666429140727,Gene 37,64
251.56947338008715,746.6296290081773,Gene 4,65
251.72494672850036,750.6737242834257,Gene 19,65
252.26959027707636,762.6112165270645,Gene 26,65
251.86879518202704,745.4585712465454,Gene 26,65
252.14603172840086,747.2089395363022,Gene 26,65
251.31772952452766,763.723269175006,Gene 26,65
251.35472790765934,755.8886224648332,Gene 26,65
251.54929931638173,747.5687543790524,Gene 26,65
251.23162812822403,754.8887912020856,Gene 27,65
251.32198456118485,750.2304376379049,Gene 27,65
251.94166535401817,746.413953308793,Gene 27,65
251.27705411420501,747.0201483994572,Gene 27,65
251.78991553530858,767.8615715158666,Gene 27,65
252.15881705857475,757.6459531856932,Gene 27,65
251.55741952356462,762.1208848228235,Gene 27,65
252.31054235342097,763.2010198718353,Gene 27,65
251.23533986090757,748.1022540659036,Gene 27,65
251.80356322423745,767.855805728251,Gene 28,65
251.40874949997487,747.0268853859804,Gene 28,65
251.59561208624777,764.5858778874258,Gene 28,65
252.4581783075274,761.1770542372666,Gene 28,65
251.27454281615798,755.8501626074503,Gene 28,65
252.41137764902842,755.9550067582662,Gene 29,65
251.7963698918153,762.1409678883085,Gene 29,65
251.56558930707163,749.2934640409538,Gene 29,65
252.18115814394463,755.1664251196318,Gene 29,65
252.30347335255541,762.592185814145,Gene 29,65
251.83481489587916,747.0970251686647,Gene 30,65
252.37237412757653,751.8029461364595,Gene 30,65
251.43874463137362,761.744506223972,Gene 30,65
252.32121295928349,753.2752317311844,Gene 32,65
251.4352844920599,762.5592585041692,Gene 32,65
251.8564821384921,762.4511890498036,Gene 33,65
251.65834141129585,746.9744553756818,Gene 35,65
252.12124966787778,758.0789384381856,Gene 36,65
251.37216250584657,754.0653009687084,Gene 37,65
251.69738418559348,747.6735663954524,Gene 37,65
251.8060211066365,744.9031849121681,Gene 49,65
258.51708074201804,756.171463018698,Gene 4,66
261.0032075044825,750.1620988322697,Gene 19,66
258.7032505655568,750.8086909798593,Gene 22,66
258.71471492039916,759.8268766972216,Gene 22,66
261.23949337001824,749.0861931695534,Gene 26,66
258.49959086168263,760.3423555747718,Gene 26,66
258.43161670785133,753.942109935276,Gene 26,66
261.26863242999605,753.0503229450944,Gene 26,66
261.9649363827491,751.4260417273596,Gene 27,66
259.37501975626395,761.1661709943152,Gene 27,66
260.1483684424662,750.9021255524142,Gene 27,66
261.3683568041835,749.0134222166135,Gene 27,66
260.39030792458857,757.3384490197716,Gene 27,66
261.7178393441208,749.8928887657231,Gene 27,66
259.59621338184076,747.2855760846543,Gene 28,66
261.0776146363453,751.5411165288712,Gene 28,66
260.05300787045053,762.975337576248,Gene 28,66
261.3006695217081,756.832440212582,Gene 29,66
260.477905890114,748.7118417128846,Gene 29,66
260.93890965571745,756.781649066122,Gene 29,66
261.55161393292434,757.1546617064836,Gene 29,66
258.6998209969679,758.7484801929695,Gene 29,66
259.9017763218296,748.3164577425572,Gene 29,66
260.41440345425576,763.9691813444583,Gene 29,66
260.6478521142759,747.5279925053303,Gene 29,66
259.39776837529814,745.665234062191,Gene 29,66
258.568528813429,756.808203604418,Gene 30,66
260.361011184843,744.6124196372374,Gene 30,66
261.2582543208592,750.5805439971231,Gene 30,66
261.7872601433522,751.7399057740117,Gene 30,66
258.3204633197266,756.5078481150563,Gene 30,66
259.0789571797686,752.3594952172136,Gene 31,66
260.68705999361475,745.3338404924367,Gene 31,66
258.2983423587041,757.6523579289776,Gene 32,66
261.06858740357995,754.6301612789862,Gene 32,66
260.82389911208384,750.9414217370582,Gene 32,66
259.6158907160699,754.7182778398712,Gene 32,66
260.4261973698549,748.573791216962,Gene 32,66
262.00180116182764,757.037203227483,Gene 32,66
262.0651804995321,754.1156257533036,Gene 32,66
258.59931585277286,761.0151613724877,Gene 32,66
259.7172789699788,759.2218665401733,Gene 32,66
258.44538395151,756.9217681879416,Gene 32,66
258.9259176061406,758.6276000396003,Gene 32,66
259.0663851390799,760.3836627787321,Gene 37,66
258.29353579137705,752.8586143612544,Gene 37,66
258.573764761802,752.0125829540009,Gene 49,66
265.6927969165049,753.8382090206342,Gene 4,67
269.77213490072245,759.5707519318179,Gene 4,67
270.06545853692455,753.5307602802262,Gene 13,67
266.73981733615585,754.6744043468505,Gene 13,67
269.2104882540593,759.205532753542,Gene 19,67
266.4915699239583,748.1081455447819,Gene 22,67
267.64278391467315,760.2509315348158,Gene 22,67
266.25120893776005,756.5992317791514,Gene 26,67
267.40773930592707,750.1885523222863,Gene 26,67
267.7596128059705,758.7644009433909,Gene 26,67
269.0572372498724,750.2796639588478,Gene 26,67
270.2145896871438,757.4057508025729,Gene 26,67
266.1126038901076,753.2236772364286,Gene 26,67
268.93298390687505,761.0336115901835,Gene 26,67
270.4633961330632,749.6643430770806,Gene 26,67
271.36809413621154,756.2365394015366,Gene 26,67
270.73910111687525,756.1450483942158,Gene 26,67
268.64955698666904,745.87301332752,Gene 26,67
268.5458146267575,758.9454711800171,Gene 27,67
269.31597354826994,760.8507445457619,Gene 27,67
266.6115553882741,751.2237013727279,Gene 27,67
268.69362282352574,753.8838500267035,Gene 27,67
267.21808204494897,756.2246875626367,Gene 27,67
267.0563041387102,750.3228920281095,Gene 27,67
267.57206105513086,747.5837178811273,Gene 27,67
267.0501176673723,754.7593277097817,Gene 27,67
270.7858657249564,753.4196122748937,Gene 28,67
267.61839228627355,758.6033494552867,Gene 28,67
268.5878538604022,758.9232650772494,Gene 28,67
266.44474736365623,754.9773499685274,Gene 28,67
269.4885274952153,749.6203632467318,Gene 28,67
267.97713607371776,749.9470943851308,Gene 29,67
266.6724227068997,747.835401168173,Gene 29,67
271.47445582149356,749.038728610325,Gene 29,67
266.91951586232017,749.4616988009369,Gene 29,67
268.4842577207145,746.713725579844,Gene 29,67
270.33811901595107,757.7534691805992,Gene 29,67
266.9558503989441,759.7839080096918,Gene 29,67
267.97776396690614,758.0862682585648,Gene 30,67
270.330861143027,755.5311345244791,Gene 30,67
268.6582939114366,751.191089099893,Gene 30,67
267.6376696074781,755.7706852651845,Gene 30,67
268.9086640555094,746.1927512127627,Gene 31,67
270.727124676419,751.9307081789098,Gene 31,67
271.400199921717,751.5926325431891,Gene 31,67
271.181509330392,748.2834562469579,Gene 32,67
268.425693062204,745.9354209145151,Gene 32,67
270.44041401392803,748.0973151577504,Gene 32,67
267.74944103106145,760.1989206170415,Gene 32,67
267.7920091517102,751.1541247288899,Gene 32,67
268.8920370631928,757.6499584006732,Gene 37,67
270.4067080038963,747.1382653267995,Gene 37,67
269.3678859125029,748.9180743949427,Gene 37,67
274.0226728396129,752.8849147166037,Gene 19,68
278.6673483850936,751.2789542327755,Gene 19,68
281.54442062803844,755.5929243490751,Gene 19,68
282.6173949949058,756.5270139936623,Gene 22,68
274.3132215491348,753.1516235935087,Gene 22,68
274.16420738453394,753.7825623796061,Gene 26,68
278.71469448559543,753.1974860609998,Gene 26,68
279.1222655506558,757.1989327801459,Gene 26,68
283.2575889182479,756.3365373791528,Gene 26,68
283.51504132433183,753.9318045839861,Gene 26,68
277.5235730361783,752.0631437020317,Gene 26,68
277.0008275627584,754.2486172731906,Gene 27,68
284.37802195795274,754.8720222082021,Gene 27,68
274.01493400394634,755.9909845300464,Gene 27,68
271.87437656577225,756.3093199245743,Gene 27,68
273.1083665910924,755.3506389853966,Gene 27,68
272.89258460544943,753.086200482579,Gene 27,68
278.0255014917291,752.7175508164258,Gene 27,68
282.54621113662836,756.8025227100615,Gene 27,68
275.9147993487316,752.9405990603515,Gene 27,68
273.1212069096829,756.226654281929,Gene 27,68
275.82063121975665,752.923719093184,Gene 27,68
276.31247739298885,756.030896696804,Gene 27,68
274.60310246357994,754.5857788401743,Gene 28,68
284.31871084996817,754.4166163334556,Gene 28,68
281.77109451812163,751.997511362799,Gene 28,68
280.2540947395095,753.8506803519718,Gene 28,68
274.29388013994645,752.8126991648804,Gene 28,68
273.43456242686085,754.4045474946067,Gene 28,68
279.0543830482345,755.7882667602618,Gene 29,68
272.86065059305224,753.0164326630409,Gene 29,68
279.74175111770245,752.3863468711905,Gene 29,68
273.7383845998922,753.64641737258,Gene 29,68
276.09706300799496,751.7000488470826,Gene 29,68
282.38848090292015,756.0461693229144,Gene 29,68
272.269269698943,754.6531497122025,Gene 29,68
275.7563326980705,755.5638566621371,Gene 30,68
269.90468727737135,755.0090691906506,Gene 30,68
279.015586077049,757.0038573080143,Gene 30,68
270.29724210633304,754.0386069966871,Gene 30,68
271.4183891994059,756.2314581861532,Gene 30,68
275.1531320235838,755.7312028281161,Gene 30,68
278.49145627586364,753.5284993234258,Gene 31,68
271.7183553374712,753.5939598208179,Gene 31,68
273.46947820294815,752.6310179561209,Gene 31,68
274.4560212968904,755.8411322020951,Gene 32,68
284.96286345659837,755.0040572705385,Gene 32,68
282.3534402951747,754.8888297960398,Gene 32,68
285.4451609720862,753.7754254914529,Gene 32,68
281.18341146888264,752.6008396242258,Gene 32,68
273.2080060791739,756.0139854768679,Gene 32,68
274.83497934291756,755.8551450678278,Gene 32,68
278.0945043975856,752.2289695220688,Gene 32,68
279.1553989194064,756.0781422545646,Gene 37,68
283.5369087754847,751.7578910471053,Gene 37,68
273.03075112421067,756.2736964121191,Gene 40,68
288.96675565377353,757.6400315811875,Gene 13,69
288.7032024642596,748.0648342095609,Gene 19,69
287.6030723226027,754.3040657731444,Gene 26,69
289.2114946795806,750.3628028774763,Gene 26,69
287.89057564280546,761.2044830406163,Gene 26,69
288.1975619186178,749.9919814725048,Gene 26,69
289.1022069321869,757.8648103855621,Gene 26,69
289.4581510295348,756.2539692264884,Gene 26,69
289.5433780817753,753.4012855199672,Gene 26,69
289.04258089459336,761.0996856274447,Gene 27,69
287.5400397431618,751.2874633141606,Gene 27,69
289.10738181560373,749.3384118990248,Gene 27,69
288.7274313929794,749.6382837982919,Gene 27,69
288.01480945830485,757.7303128839585,Gene 27,69
288.264503016915,747.5420497720323,Gene 27,69
287.3127616299218,758.845906393761,Gene 27,69
287.3903263513073,762.8912287625787,Gene 27,69
289.2784790246167,759.2089190262983,Gene 27,69
288.76064380280775,756.7858249895395,Gene 27,69
287.40277427067406,747.4345046309852,Gene 28,69
287.6715737861984,747.0154259369275,Gene 28,69
287.8239833404652,760.4997703774882,Gene 28,69
289.24877576755773,760.2205653286189,Gene 28,69
287.5052365033579,757.0699019408311,Gene 28,69
287.603357935895,760.996787891276,Gene 29,69
288.2544754447843,757.3394451457983,Gene 29,69
289.1651375076532,748.5702374635299,Gene 29,69
287.4429442911046,751.071660486397,Gene 29,69
289.3803639101042,754.7738805443759,Gene 30,69
288.9222326142704,762.6422375806403,Gene 30,69
289.207688348158,757.9714920265111,Gene 30,69
288.858851780423,759.9404958311356,Gene 30,69
287.5081908733717,761.6786676342961,Gene 30,69
288.87969067744814,761.2101859604427,Gene 30,69
287.44845205371456,756.1045491271433,Gene 31,69
289.181863280872,752.5545002634839,Gene 31,69
289.2733657087721,752.8086073299553,Gene 31,69
289.3839014234738,758.2783080188052,Gene 32,69
287.71985958124077,759.1797021290278,Gene 32,69
287.43258943787566,752.6043099924236,Gene 32,69
288.81952372291204,751.5766875759149,Gene 32,69
288.67736441386546,761.9475515952951,Gene 32,69
287.267813245847,752.0532801016259,Gene 37,69
288.90310699347964,753.6059752416309,Gene 37,69
289.037301408865,758.1222367867832,Gene 37,69
288.68012547504156,745.5014247200944,Gene 37,69
287.7584191451628,748.0742686003432,Gene 37,69
289.3424448681479,755.2099884425774,Gene 38,69
299.57646257649003,754.9926987043292,Gene 5,70
299.33223199455773,752.5414557966465,Gene 5,70
299.6528507602215,740.3870262579187,Gene 13,70
299.6951001949228,757.3888230819128,Gene 13,70
299.4900536363257,747.9403476878505,Gene 16,70
299.3450369620899,748.4122463550709,Gene 19,70
299.3060335351665,751.0307612319872,Gene 19,70
299.7219732267711,753.4389416610533,Gene 19,70
299.3498779022754,743.665916139188,Gene 19,70
299.58953918046484,738.0709466860227,Gene 22,70
299.27648855584425,749.0479260858702,Gene 26,70
299.46887609790707,746.7889398674735,Gene 26,70
299.6837617020714,741.8170086402855,Gene 26,70
299.3782240570243,747.1792674403947,Gene 26,70
299.7163873946503,755.5478093529426,Gene 26,70
299.81660395594037,744.8830869256449,Gene 26,70
299.4980099815357,756.8520212074302,Gene 27,70
299.7761109575712,743.5771077115456,Gene 27,70
299.79719281415106,742.0069499820166,Gene 27,70
299.53963200029693,745.5639309081038,Gene 27,70
299.4913837936426,758.5975457961823,Gene 28,70
299.3664991433383,754.5566542692288,Gene 28,70
299.33874453598116,755.1726224690674,Gene 28,70
299.3249683799072,749.8670039602313,Gene 28,70
299.66906370444696,738.8166319845279,Gene 28,70
299.2840056419721,751.1747160522383,Gene 29,70
299.51046026559885,753.5289568555532,Gene 29,70
299.7690688152262,756.9967645617849,Gene 29,70
299.7890955473203,753.9629173263876,Gene 29,70
299.5090059818549,746.2598172375172,Gene 29,70
299.3286333261295,754.0988684047778,Gene 29,70
299.6229334761698,754.5090999780111,Gene 29,70
299.4043415700486,749.1996147200582,Gene 29,70
299.700259516147,738.787205473035,Gene 29,70
299.37920237566874,747.1553512757786,Gene 29,70
299.6628625926281,757.8817716803034,Gene 29,70
299.73269726694764,750.1577263604805,Gene 30,70
299.6918492400198,756.3084149528343,Gene 30,70
299.7170366015853,747.531714580746,Gene 30,70
299.35230493013916,753.3103044871538,Gene 30,70
299.5000088957756,755.4131249096508,Gene 30,70
299.6705766567297,753.9036623636853,Gene 31,70
299.8482838900805,750.2598835355326,Gene 31,70
299.29662417115753,746.1555260892144,Gene 31,70
299.36056963679914,753.2754562229901,Gene 31,70
299.39498490161503,758.5755995317065,Gene 32,70
299.6400173310781,750.2875395977753,Gene 32,70
299.61185855972366,758.8294567662662,Gene 32,70
299.77570558812306,755.7871599831833,Gene 34,70
299.3827277414513,744.8583347229882,Gene 37,70
299.6291899677938,757.0643943381716,Gene 37,70
299.84290122972646,754.668581535519,Gene 37,70
299.4237063565291,739.389587848079,Gene 37,70
299.6556808877932,756.721988051253,Gene 37,70
299.35472703303117,744.4771577556389,Gene 37,70
299.47072263555816,742.9867020671908,Gene 37,70
299.33842003585175,750.4075875748134,Gene 49,70
216.23578501283993,761.208121947995,Gene 5,71
219.70274546874816,765.0208645765191,Gene 19,71
217.18779483568736,756.2175087719077,Gene 19,71
218.08761641768774,755.77728482145,Gene 26,71
216.39925360535105,760.8659237138837,Gene 26,71
219.60847200496664,757.4844268366807,Gene 26,71
217.15889932949787,766.3135757763596,Gene 26,71
215.59504956177045,763.9030223678925,Gene 26,71
219.8464893592654,766.1906194088763,Gene 26,71
221.331288096594,761.8076929751776,Gene 26,71
216.641514994385,766.6961584034215,Gene 26,71
216.09761897667676,766.2130805921539,Gene 26,71
216.21033416564796,761.2253629994931,Gene 27,71
218.4556387449951,754.2991691791528,Gene 27,71
217.82669026255414,756.922891219802,Gene 27,71
218.7341123503401,766.0874800744729,Gene 27,71
217.26640393769136,756.6127090356722,Gene 27,71
219.13437696329265,754.628756876851,Gene 27,71
215.75269941259577,760.5784034101246,Gene 27,71
215.98349866540292,763.4183679063837,Gene 27,71
217.95002697203392,754.7931032816663,Gene 28,71
215.7244186288901,764.4993089571344,Gene 28,71
221.10154738280147,762.792202114433,Gene 29,71
217.11184685310562,759.1786883611715,Gene 29,71
216.1226904297684,758.719296524234,Gene 29,71
215.47621176210717,765.1505782155966,Gene 29,71
216.63914975153637,758.2071327938388,Gene 29,71
219.6927128478634,763.1081571118895,Gene 29,71
217.45002188363145,757.158648405359,Gene 29,71
220.04997222199964,758.7108627885461,Gene 29,71
217.28493236909614,763.4761649864423,Gene 30,71
217.3978578429419,768.3585774871368,Gene 30,71
218.75170547586163,755.128075159993,Gene 31,71
216.89406415894413,757.4919368784892,Gene 31,71
215.37717711138438,762.8516549287745,Gene 31,71
219.64032593555893,756.3159471219627,Gene 32,71
217.05717910878383,765.0568448004564,Gene 32,71
216.10275624320576,761.24273623097,Gene 32,71
216.84615348878225,760.4989753097191,Gene 32,71
218.8011426557051,756.9657173182276,Gene 32,71
216.44465034640984,757.8237376427953,Gene 32,71
219.4023055336858,762.6502433143888,Gene 32,71
219.2689919392396,767.8805451761597,Gene 32,71
220.45999623799653,766.8725950019048,Gene 32,71
217.94199494897828,755.565358610564,Gene 32,71
217.7606627473319,759.1073616731086,Gene 33,71
217.85107137824974,766.7749823732858,Gene 36,71
216.93710452899137,766.717531452937,Gene 37,71
215.28448942629615,762.7363971888944,Gene 37,71
221.92205883883486,761.9127197357859,Gene 4,72
224.79410903240026,769.7238978517574,Gene 5,72
228.94408034831494,761.3656051308992,Gene 13,72
226.79104709100233,770.9159619235216,Gene 13,72
224.60320736473145,759.1181053206811,Gene 19,72
222.1179975005501,760.134901124192,Gene 19,72
224.78582007515345,764.5102565745234,Gene 19,72
221.40414323888598,765.2589166478441,Gene 26,72
229.37078694389797,766.2332057281084,Gene 26,72
220.4732596916465,764.7507447676787,Gene 26,72
223.96305284947053,760.9590511619823,Gene 26,72
223.0664592804935,769.39464826499,Gene 26,72
222.19917710541503,769.08317807137,Gene 26,72
229.1270203894434,765.8284377432042,Gene 27,72
224.19182937140516,760.0455246609528,Gene 27,72
227.1665714275104,767.0413177812143,Gene 27,72
226.98044863104627,763.1400208895963,Gene 27,72
221.21816730851262,769.1730362038218,Gene 28,72
222.56189080849708,765.7438607982701,Gene 28,72
224.44084809679495,758.9044484928971,Gene 28,72
226.84033106488795,766.9559550807431,Gene 29,72
227.40688032235042,765.5214327209435,Gene 29,72
226.21023230535576,767.8434598660784,Gene 29,72
228.56452100042532,764.9726050223827,Gene 29,72
224.08220851208648,760.2022642004888,Gene 29,72
222.29182862689606,762.0130887211885,Gene 29,72
222.00942692695898,767.7401590947121,Gene 29,72
229.41695597708357,766.0439209502977,Gene 29,72
223.30519239700806,759.847189578976,Gene 30,72
222.7577878174045,766.9074267864291,Gene 30,72
221.01825098623007,765.7414124352299,Gene 32,72
226.06736909210795,771.4607155135815,Gene 32,72
221.3994511684193,766.6546186514965,Gene 32,72
224.2187274668181,768.7487922462898,Gene 37,72
224.81572974724773,761.0499737142314,Gene 37,72
226.0844335031526,762.0449722018686,Gene 37,72
226.6836254323802,771.0579289890759,Gene 37,72
232.27406804556114,754.7913700812393,Gene 5,73
233.0133286077529,764.2444757672527,Gene 5,73
233.56623083560814,757.2195544243147,Gene 19,73
230.77492127720177,764.793410458101,Gene 19,73
233.2326465196326,758.8378898662814,Gene 19,73
229.95800199074426,764.3117009417854,Gene 19,73
232.30227245094966,762.9562609882363,Gene 26,73
226.38844578214193,762.4636772868204,Gene 26,73
226.20803077142727,759.9890775700324,Gene 26,73
227.79545699697428,754.9050279155792,Gene 26,73
231.51863219988667,755.3075984265796,Gene 27,73
232.12676611762683,765.0491675525441,Gene 27,73
233.11079509452713,761.8785484497807,Gene 27,73
231.55019196685305,756.6169728240011,Gene 27,73
230.2931701802379,757.1524903758987,Gene 27,73
227.35188940054678,762.5080521980133,Gene 27,73
229.023623665042,759.8666924729525,Gene 27,73
226.7278539940037,761.8702240149458,Gene 28,73
230.37412616349457,765.5703114975692,Gene 28,73
227.6742756012385,755.0980794507304,Gene 28,73
232.9732420183793,757.9105312207694,Gene 28,73
227.25555214997442,755.7834173522416,Gene 28,73
230.78170286838295,760.2214960572753,Gene 28,73
234.44447392599272,762.6949203886559,Gene 28,73
233.51222656568635,756.1164072125761,Gene 28,73
233.17555900063167,760.5211868815777,Gene 29,73
233.77403643107297,762.0114093460916,Gene 29,73
231.69072284570404,754.4587290291364,Gene 29,73
227.49284436989703,757.5829353880761,Gene 29,73
228.44772208397114,761.9766666032327,Gene 29,73
229.090174619004,753.9914908582439,Gene 30,73
231.66107501860714,764.6847611077479,Gene 30,73
228.1800281336797,754.7729573665981,Gene 30,73
229.8514219847532,754.5321569186888,Gene 30,73
226.44376279827145,759.7079231220479,Gene 30,73
233.6194014492279,760.8297241181192,Gene 30,73
231.8334577715195,765.5098603696393,Gene 30,73
232.86731448913963,759.4248355684477,Gene 31,73
229.77264019786668,758.635569456795,Gene 31,73
227.55512032498132,755.5395760258745,Gene 31,73
234.16368983612173,755.5724810182614,Gene 31,73
231.68285444455944,759.4125642818332,Gene 31,73
232.92321406161793,764.5572941420832,Gene 31,73
232.60491487605574,755.2541264018122,Gene 32,73
228.96857164171627,765.700458148729,Gene 32,73
233.94328860559898,761.5846758758759,Gene 32,73
231.5829384147378,765.8211797891234,Gene 32,73
229.15064066628898,766.8264778399297,Gene 32,73
227.13084795780685,762.7427281655603,Gene 37,73
227.4046948190142,757.1528416413486,Gene 49,73
244.6100580119188,762.4703082873697,Gene 4,74
244.40242532751552,754.6778291488632,Gene 4,74
244.6652733996904,763.2032177419278,Gene 5,74
244.60242199104692,769.0302565323486,Gene 19,74
244.3363578716625,763.3156376183,Gene 19,74
244.53091816774733,751.6220816978908,Gene 26,74
244.46470213879772,766.0115906143657,Gene 26,74
244.3985412097627,757.180200440376,Gene 26,74
244.44360906814612,751.9749536573893,Gene 26,74
244.6950240883116,759.2732714294572,Gene 26,74
244.47043736154026,749.6648716906034,Gene 27,74
244.29943229910825,755.5341280731103,Gene 27,74
244.3814023820781,752.1099540319353,Gene 27,74
244.54343765609207,750.6281197483642,Gene 27,74
244.4816183727535,766.8991296145311,Gene 27,74
244.41862789150176,751.4766602229672,Gene 27,74
244.58414463690747,759.8636683898186,Gene 27,74
244.49806733742088,749.0616310806137,Gene 27,74
244.63173686278458,751.1141642004899,Gene 27,74
244.69674376627736,754.9736984440981,Gene 28,74
244.52715052025283,767.2196656106428,Gene 28,74
244.55324105500105,750.3751524934863,Gene 28,74
244.3475667403829,758.0177027930822,Gene 28,74
244.47209557622355,764.5350841555781,Gene 28,74
244.37891711134628,764.7919389793976,Gene 29,74
244.36264629260162,765.515167221803,Gene 29,74
244.38364865386532,757.706293303462,Gene 29,74
244.44616381048567,757.1717101055,Gene 29,74
244.52083287922784,763.5503942486118,Gene 29,74
244.72406299091227,756.0359291214187,Gene 30,74
244.63609708216006,765.9766204959662,Gene 30,74
244.61347676237312,751.8263010920522,Gene 31,74
244.37551238977525,760.9123234589794,Gene 32,74
244.71588203949918,756.6677767232846,Gene 32,74
244.6152306430834,766.8035762877112,Gene 32,74
244.47401072272163,761.863369563297,Gene 32,74
244.5568826589912,749.3104015350849,Gene 32,74
244.46799381583455,763.296786214114,Gene 32,74
244.31584297135942,764.5998164743215,Gene 32,74
244.62722784785583,762.7130284094002,Gene 32,74
244.4137973079023,755.9683392657098,Gene 33,74
244.66639460888848,756.2758387834426,Gene 33,74
244.41929700315217,754.6532304249181,Gene 36,74
244.32658311048723,755.5639979425255,Gene 37,74
244.38455907602315,755.0393418665939,Gene 37,74
253.9452597316678,771.4918796047184,Gene 4,75
255.0275303619528,761.6281586465628,Gene 4,75
255.92670401937661,769.3879974017035,Gene 4,75
256.00871630269893,760.1136971329299,Gene 16,75
254.71318393333752,762.9922415475756,Gene 19,75
253.74481636926836,758.7026292412042,Gene 19,75
252.95816076299732,770.0658170300435,Gene 19,75
256.9451843038568,768.8961917523379,Gene 19,75
257.2176526605106,762.0829414674602,Gene 22,75
256.9710892988691,768.4742501011315,Gene 26,75
256.11496117068117,758.6781828835989,Gene 26,75
254.72799844222993,764.9758989174205,Gene 26,75
253.29480366590695,769.1861274249355,Gene 26,75
254.28862443628122,771.4680484962214,Gene 27,75
253.64985648202523,762.7719509218205,Gene 27,75
252.72417274593607,762.3542148979067,Gene 27,75
253.36458216289634,771.7369661603628,Gene 27,75
252.81085707301534,768.0066048061086,Gene 27,75
257.4315705086313,766.2810951531426,Gene 27,75
252.17532789028942,771.3856665586826,Gene 27,75
254.69044121619675,770.6106470308188,Gene 27,75
256.9583811436987,764.4393457266126,Gene 27,75
252.29481462576163,769.7455409710212,Gene 28,75
255.4966597144162,758.9885385012888,Gene 28,75
254.01662511146887,758.5479108565766,Gene 28,75
255.86313033893623,769.003412781004,Gene 29,75
254.27724090218464,771.719352754952,Gene 29,75
252.2336348192914,766.3208467892362,Gene 29,75
253.6166206824163,760.9064713962504,Gene 29,75
251.48888494396354,768.5916446039214,Gene 29,75
251.90005354853182,762.3842344115172,Gene 29,75
256.96819180423677,765.5789544935919,Gene 29,75
252.84929995923068,771.4259924397841,Gene 29,75
257.29032373322605,766.2008700445311,Gene 29,75
251.79633825660815,769.0100434474701,Gene 29,75
252.13067620626776,763.6466404113495,Gene 29,75
256.10494556314836,770.6409516370061,Gene 29,75
256.34234072894066,768.9557850496633,Gene 30,75
252.32160389018037,770.9408173462753,Gene 31,75
256.1577072626479,759.3254870141692,Gene 31,75
255.05547769718467,758.471052183684,Gene 32,75
256.01889689237424,759.3468115640773,Gene 32,75
255.46356187988127,768.8188112999356,Gene 32,75
254.73691720997857,770.4704758851307,Gene 32,75
256.33852016858833,761.5613973578332,Gene 32,75
251.6022921454919,763.4771314890579,Gene 37,75
254.35943525711048,760.1082352548268,Gene 37,75
252.84797010931982,758.7477147618752,Gene 37,75
267.948363609744,757.5571588499936,Gene 4,76
268.3159648050064,769.6845918056954,Gene 5,76
270.02781309887007,761.8048350017178,Gene 5,76
266.5542818308015,760.53476307554,Gene 19,76
267.33827021176927,762.4361505238876,Gene 19,76
268.21754099748387,761.9842941829274,Gene 19,76
269.90020740030724,754.2578920194371,Gene 19,76
269.77050816975657,764.5109242509249,Gene 22,76
266.547254234678,766.0567165368661,Gene 22,76
269.76984475235605,758.7175729014754,Gene 22,76
270.43113158710406,760.3373796222478,Gene 26,76
266.09443345149015,764.0813547860454,Gene 26,76
269.40664594396736,755.2812258073122,Gene 26,76
267.66741046176014,754.1772374650859,Gene 26,76
266.74302203263557,757.7658304619458,Gene 26,76
267.84723301672716,756.4254198265927,Gene 26,76
267.56236267164877,755.4162156260205,Gene 27,76
270.05000788619213,758.9542564847908,Gene 27,76
266.2517541395931,762.4822578682853,Gene 27,76
267.9846523347113,770.2253138417487,Gene 27,76
266.2602394560879,758.9558317096871,Gene 27,76
266.48550127844044,762.6665019502947,Gene 27,76
269.60926549652044,762.5996725625025,Gene 27,76
265.9393856298866,760.962283279209,Gene 27,76
270.11447474979906,757.974645463977,Gene 27,76
267.6490428453522,762.0706904933805,Gene 27,76
266.8801486705728,757.4228371603309,Gene 27,76
270.034099108914,764.1588618798246,Gene 27,76
266.65000907196685,764.8391695723265,Gene 28,76
267.05130872904476,767.764384040494,Gene 28,76
270.86421830871285,760.7631400370751,Gene 28,76
266.81193706294306,758.0258053997519,Gene 28,76
269.5982695772022,754.3072501276151,Gene 28,76
267.6922198922267,766.9959528770314,Gene 28,76
266.6273714095131,762.0481369784978,Gene 28,76
266.76471531649383,762.3698118117043,Gene 28,76
266.1378214874184,756.6119416085447,Gene 29,76
266.9376663127364,759.8708656032562,Gene 29,76
266.4504942598422,756.1846281601543,Gene 29,76
270.39607686422704,765.4400269630939,Gene 29,76
269.3145404918381,752.5949374388624,Gene 29,76
267.31059250250587,755.2397792631991,Gene 29,76
269.09841122126846,758.1511461148935,Gene 29,76
269.36655210952205,761.467916870179,Gene 29,76
268.3505149557223,764.5035384627143,Gene 29,76
268.5972540510553,760.9885482098692,Gene 29,76
268.09773472371614,765.4649966176746,Gene 29,76
269.3642558963703,754.2805129955275,Gene 30,76
266.4939431862241,762.651436206664,Gene 30,76
268.269443391541,768.4906181254656,Gene 30,76
270.51537328377384,761.4608776380035,Gene 30,76
267.3999824022504,754.5213613190534,Gene 30,76
269.9301347006456,755.5074064282612,Gene 30,76
271.06210532711265,761.3937229932121,Gene 30,76
270.18407109195687,754.480932655604,Gene 30,76
268.3891583117928,753.6418913092213,Gene 31,76
268.36783685315095,752.944438850266,Gene 31,76
267.8526786513753,758.1653716715227,Gene 31,76
270.48255369505404,755.9181232382167,Gene 31,76
268.98394031914336,762.6376503795323,Gene 31,76
267.7466312344031,767.2888361829582,Gene 31,76
269.0948239003833,753.2798754840146,Gene 31,76
268.9410743654858,763.7887037209979,Gene 32,76
266.28786168776435,763.176850013109,Gene 32,76
265.9855953366981,759.0292642357504,Gene 32,76
267.49994246449523,755.9966936566356,Gene 32,76
266.00057304749737,758.3774593234458,Gene 32,76
267.22961579205764,768.3609821866681,Gene 32,76
268.86212002760766,755.2760631714251,Gene 32,76
267.42505166565076,754.7643135880621,Gene 32,76
270.35002029995576,764.7004159634013,Gene 32,76
267.3902512068062,753.1189699262088,Gene 34,76
266.42271093056155,765.0517803805772,Gene 37,76
270.34902556427573,760.6999799118247,Gene 37,76
268.3213830393643,769.0871734598704,Gene 37,76
267.16461209271307,768.7845794755688,Gene 49,76
278.497664518153,763.0002070495777,Gene 4,77
274.81596101324374,761.9767369014107,Gene 5,77
275.83284018754006,769.1687655731054,Gene 5,77
275.6369107481712,760.4250822450464,Gene 19,77
276.05540939829405,756.7191412705637,Gene 19,77
277.3310113941532,765.5048544025731,Gene 22,77
278.2322104146771,770.1258067348566,Gene 26,77
278.12227713708705,767.3423560053516,Gene 26,77
278.39661468276927,765.7169679926702,Gene 26,77
278.14522698377925,761.0902211865936,Gene 26,77
277.28385770691267,757.9404881218974,Gene 26,77
277.18038918108306,762.8411630817735,Gene 26,77
277.15268999433005,762.3610451963337,Gene 26,77
274.50752305891376,766.830557673411,Gene 27,77
277.074531879402,765.9355183018577,Gene 27,77
274.7505664498615,762.3400517091318,Gene 27,77
277.6108590225164,760.6583948547,Gene 27,77
274.82297394207257,762.2807990166931,Gene 27,77
276.4495707348678,760.4152508934195,Gene 27,77
275.3004935294745,761.9724211699798,Gene 28,77
278.14852685222405,768.1111645513341,Gene 28,77
274.1371726301136,763.266221963819,Gene 28,77
277.5940921961931,770.2334374051734,Gene 28,77
278.00461994391975,770.1955756523523,Gene 29,77
277.2866717136396,757.2510204735928,Gene 29,77
277.4959942912781,757.845488483362,Gene 29,77
276.34111435899086,760.1128941585049,Gene 29,77
274.3194967661736,766.9867951014049,Gene 29,77
275.8151927435181,761.1694652746005,Gene 29,77
277.7589187273805,768.4460485117196,Gene 29,77
275.7430320082736,761.2367387122997,Gene 30,77
278.09520051697814,763.981446079979,Gene 30,77
275.94945093981505,758.5629038076781,Gene 30,77
278.1203305373978,763.7486133050522,Gene 31,77
276.68890426774243,772.9537994376496,Gene 31,77
276.8549387595342,760.3908102185543,Gene 31,77
277.44959632123135,766.735554990021,Gene 32,77
275.06916052206617,764.2816108493854,Gene 32,77
276.06696191792554,767.8189780421709,Gene 32,77
277.38640196649055,770.9033352551586,Gene 32,77
276.3600899183485,755.8866836195983,Gene 33,77
275.3131391764472,756.7010734312537,Gene 33,77
274.61329137044595,765.6551192930817,Gene 37,77
275.1947511211398,757.4218187342224,Gene 37,77
277.77472319913534,759.6791143246388,Gene 37,77
278.4493192801354,760.5896176827968,Gene 37,77
275.9506127779214,766.4494790992211,Gene 37,77
286.03071180785145,756.5831770658243,Gene 5,78
285.3011132103793,767.5565777981626,Gene 5,78
284.6839630666268,770.0992347416242,Gene 5,78
286.6733974710708,759.1164777728115,Gene 19,78
288.2848404623156,762.0406575104021,Gene 19,78
287.63810501165295,757.2098234623819,Gene 22,78
288.7142284816455,766.450355699226,Gene 22,78
285.99649227283265,766.9202690810176,Gene 22,78
284.0363269064889,764.9339894951906,Gene 22,78
288.8238919503109,761.1817052088346,Gene 26,78
287.6560720158597,769.9254220687317,Gene 26,78
288.1153718444003,769.3787645657303,Gene 26,78
288.6500847381076,759.6269168133394,Gene 26,78
287.8534396640607,765.2982517301392,Gene 26,78
287.1346417290511,760.6280065668981,Gene 26,78
285.76829751338204,770.3807160852449,Gene 26,78
284.395463392738,762.2960429419483,Gene 26,78
286.527076077396,756.1080551912426,Gene 26,78
288.5898276805452,758.4762301787615,Gene 26,78
285.41817498809223,771.1589965006011,Gene 27,78
288.4923984462054,761.8321506951143,Gene 27,78
285.3189390546456,758.8833537130254,Gene 27,78
288.68667665332316,762.0689227342914,Gene 27,78
288.5979932748939,765.7293859069491,Gene 27,78
284.0931117578627,762.6540832401371,Gene 27,78
286.6437061285079,772.5490498980207,Gene 27,78
288.3286133403941,761.198651637709,Gene 27,78
286.50031207375054,772.2949767573529,Gene 27,78
287.10656931049084,767.9503396534714,Gene 27,78
284.3729372057261,764.1556708231153,Gene 27,78
288.40402395088864,764.5792454683051,Gene 28,78
288.9457744508941,766.1523419777126,Gene 28,78
287.89381457900595,767.9569747970185,Gene 28,78
285.1396515571149,756.8371285787973,Gene 28,78
287.1661966714803,768.5341753671081,Gene 29,78
284.9909247080605,768.0084106193965,Gene 29,78
284.1656548220199,763.2460559078901,Gene 29,78
284.1534166735632,764.298335926536,Gene 29,78
287.68021333114626,760.652007805496,Gene 29,78
288.30043598075065,756.922343360001,Gene 29,78
288.6171128536693,760.7424051079265,Gene 29,78
288.309579335573,767.9844890464093,Gene 29,78
287.64272687887114,768.9432635343372,Gene 30,78
285.8182052363727,766.2189211117037,Gene 31,78
287.0669888595487,759.4866673666916,Gene 31,78
284.1196608571326,764.2812228649854,Gene 31,78
284.41218582945044,768.0029058081964,Gene 32,78
287.177940300496,756.8589074646854,Gene 32,78
285.5014295378194,758.3792039401001,Gene 32,78
285.66079714777817,768.3908089540346,Gene 32,78
285.02960859495647,768.9012740824724,Gene 32,78
288.4562539371476,766.8021380697895,Gene 32,78
287.4020189198399,762.0421293527647,Gene 32,78
284.68328757441503,758.6284766480024,Gene 37,78
297.6986625751902,764.2981412583405,Gene 4,79
292.3579907432014,761.3534465227837,Gene 4,79
297.4604292748827,768.1169171696017,Gene 5,79
293.2833825862421,761.8506103025135,Gene 19,79
290.83884211780054,764.4337865393514,Gene 22,79
295.6870094528769,757.9647273683203,Gene 22,79
297.53550177331726,759.7088633589862,Gene 26,79
291.621483520678,761.3158262075248,Gene 26,79
291.7214059279529,759.5313753847839,Gene 26,79
297.4508445335882,763.9889413477239,Gene 26,79
294.0617923394158,759.2638023862278,Gene 27,79
294.31361792390317,757.9990924469727,Gene 27,79
290.5787791017556,764.436067490282,Gene 27,79
295.29433394502684,768.1337786606282,Gene 27,79
293.829541318688,769.0351582310151,Gene 27,79
292.88969431756726,769.038910245826,Gene 27,79
294.5814735201854,757.9204534560333,Gene 27,79
293.8354489145955,767.1316803012606,Gene 27,79
291.75762069187334,764.035544802326,Gene 27,79
296.24614533826104,757.7355467632347,Gene 29,79
293.33948366264536,766.7706016160182,Gene 29,79
291.38005855051824,768.9875154504984,Gene 29,79
294.8607135712114,766.4830856777994,Gene 29,79
294.54772185094396,761.1950646214699,Gene 29,79
293.61377411948035,758.7307659122191,Gene 29,79
294.6753132980994,757.6129634826024,Gene 29,79
294.98708973148354,771.9791445057422,Gene 29,79
293.80228139416266,762.6439251353532,Gene 30,79
294.2814034224015,770.0061283515162,Gene 30,79
295.71046090071553,761.2902576942223,Gene 30,79
296.6105068437269,765.645795527377,Gene 30,79
292.2950177184769,764.1437667918191,Gene 31,79
291.1021894310589,765.8610041990097,Gene 31,79
296.7622729999828,764.5012172323243,Gene 31,79
290.8915357932977,766.9890954580969,Gene 32,79
292.57958634108013,761.5074496490364,Gene 32,79
293.8103438514336,761.6397226712684,Gene 32,79
293.14046044933156,770.55668153875,Gene 32,79
294.8925503662332,759.060069520514,Gene 32,79
290.8598543719292,764.1729549980807,Gene 32,79
292.52084641193915,760.3195280455304,Gene 33,79
291.174400799787,763.8891844904359,Gene 37,79
291.62748548564286,760.3570691868612,Gene 37,79
292.7715929020336,761.2010332306854,Gene 37,79
297.61046130290936,763.4877923854453,Gene 37,79
296.402688279592,767.7509502480501,Gene 37,79
292.81831634743236,759.4317015034701,Gene 37,79
294.1356301986637,759.1563126582652,Gene 37,79
226.10284922203394,772.0726853145334,Gene 4,80
217.40683912507376,766.104954201382,Gene 4,80
225.18148561351924,771.8686302505982,Gene 19,80
224.82040151969048,770.3143248247337,Gene 19,80
220.6271333414439,764.4372141653926,Gene 19,80
224.98940866656633,766.2310921191373,Gene 22,80
221.81209783209334,764.2167273919473,Gene 22,80
222.35840023127406,771.691945525307,Gene 26,80
219.12330138057405,767.3531961159997,Gene 26,80
221.06846392106246,769.5675295961275,Gene 26,80
218.4546354913134,771.9977097979762,Gene 26,80
217.81644817420428,770.4259406335691,Gene 26,80
225.3226358229388,769.1235973768615,Gene 27,80
221.3688753783452,765.2152692447359,Gene 27,80
225.44231513403653,766.3319891926506,Gene 27,80
224.3281538656778,764.8480065809173,Gene 27,80
223.459416850662,774.238006161779,Gene 27,80
216.90307234799894,765.8664113699429,Gene 27,80
225.0120280898803,773.6099312295153,Gene 27,80
217.08205968468357,771.912571861705,Gene 28,80
220.26947790613184,771.4473193130134,Gene 28,80
216.92406184277257,771.5518353269956,Gene 28,80
218.61061881152315,767.854047619288,Gene 28,80
219.01219658645925,771.665570295294,Gene 28,80
223.69842427080786,769.949907254249,Gene 29,80
222.79575250893464,767.7161380433038,Gene 29,80
217.0935716155162,767.4360028112089,Gene 29,80
219.35303648642162,765.7095856735078,Gene 29,80
223.88242975324027,765.4186825798049,Gene 29,80
224.17029677548612,772.839041658391,Gene 29,80
224.90955404326812,771.7021735626639,Gene 29,80
222.49966533291135,772.8307702155934,Gene 29,80
217.45202227224112,773.4904055542088,Gene 29,80
226.4365856831032,771.8679460531812,Gene 29,80
216.1364718303541,770.2319148131951,Gene 30,80
218.0518544417116,766.2085696864277,Gene 30,80
216.87539197668025,768.9224941584594,Gene 30,80
226.348701110632,769.3711543735329,Gene 30,80
219.30241479886374,765.4447317069358,Gene 30,80
216.5989328672351,773.5917918250763,Gene 30,80
225.50570402810754,766.8719181872634,Gene 31,80
225.41708328682543,770.5441494601183,Gene 31,80
217.42243999726873,764.7154410984188,Gene 31,80
221.03794536487902,774.2411411491906,Gene 31,80
221.08089881296254,775.4833014287698,Gene 32,80
219.39254462823914,765.774104168359,Gene 32,80
219.5024745815468,765.6066274390344,Gene 32,80
223.44414634937246,767.8115749035815,Gene 32,80
218.8953968043705,767.3178185135428,Gene 32,80
215.68778796040198,769.2120007822235,Gene 32,80
215.58492987024047,771.0707546261638,Gene 33,80
217.35607584521043,774.1332051762724,Gene 37,80
218.63891329972526,764.8561203252883,Gene 37,80
216.1617943621208,769.0435420343496,Gene 37,80
217.88298405417754,768.0793421200674,Gene 37,80
231.8396651095485,770.0198828117267,Gene 4,81
232.6121571639679,777.2999823483653,Gene 19,81
232.51967142885525,766.3683490810015,Gene 19,81
232.45117831058718,760.1854599835895,Gene 19,81
231.81612024130604,774.2040335407626,Gene 22,81
232.07182299806283,766.9142796282063,Gene 22,81
232.83789553308276,773.2521444811497,Gene 22,81
231.8792492229484,773.2782589142797,Gene 26,81
232.163298928454,778.143714497796,Gene 26,81
232.87875012880775,762.7970436290578,Gene 26,81
232.38167314790203,774.8856934015997,Gene 27,81
231.74502774762922,765.4224408233969,Gene 27,81
232.33231879880853,760.3880024917833,Gene 27,81
232.7979557009442,768.6308593788423,Gene 27,81
232.70266863294924,774.7855462396689,Gene 27,81
232.08605657247833,762.4006049606118,Gene 27,81
232.719497937437,777.9542307384974,Gene 27,81
232.65961889663936,781.0516700447936,Gene 27,81
232.0181116316014,763.4859547896416,Gene 27,81
232.43767086054805,774.2100445161243,Gene 28,81
232.32335184746904,776.4990392312612,Gene 28,81
232.68116283062534,780.0842104343358,Gene 28,81
232.82372288559617,765.6374028239333,Gene 28,81
232.90594249374897,762.921873213958,Gene 28,81
232.59585494747208,763.4752904678385,Gene 28,81
232.850106097149,766.2550880295661,Gene 29,81
232.0090646847643,774.9201415584732,Gene 29,81
231.93639827647496,769.6341459953725,Gene 29,81
232.506920163293,775.5881935634268,Gene 29,81
232.25839485959887,778.6898379190229,Gene 29,81
232.95015386078876,763.1415908151564,Gene 29,81
232.15031181225314,778.9837521844847,Gene 29,81
231.873381794759,772.7512757606058,Gene 30,81
232.90057722635314,765.2675109859173,Gene 30,81
232.60445368067502,775.726675324364,Gene 30,81
232.9593884693843,766.895647339444,Gene 30,81
232.9945997562845,768.3494688693434,Gene 30,81
231.8108404760694,765.0141684006271,Gene 31,81
231.86228376930475,772.4764187729825,Gene 31,81
232.16589703189607,772.7355592865997,Gene 31,81
232.67386862703083,770.182440744747,Gene 32,81
232.56556182273823,773.3827919246628,Gene 32,81
232.1695351874849,763.931817621665,Gene 32,81
232.90913011767304,773.405087060334,Gene 33,81
231.8647383549507,770.8851347361068,Gene 37,81
231.74874820258503,763.9881270711533,Gene 37,81
232.83400805982103,765.712630473399,Gene 37,81
237.73423156466183,761.7984548887813,Gene 4,82
242.5355557773415,770.3276394434652,Gene 4,82
236.94566705939278,768.5406457676613,Gene 4,82
238.7141757794585,767.6388630928267,Gene 5,82
237.4578531102685,773.5062789015624,Gene 19,82
241.74432418173456,767.7206146298477,Gene 19,82
238.1309973938629,775.4963028741062,Gene 26,82
238.10381734746042,761.5638557870469,Gene 26,82
236.48486925324102,770.3578911561971,Gene 26,82
236.28592991180145,766.689519900433,Gene 26,82
237.31607261620132,772.3579914719892,Gene 26,82
239.92560760567068,764.0931232162628,Gene 26,82
240.9730498342724,769.9190056392121,Gene 26,82
239.3596684213278,773.9550043685097,Gene 26,82
237.17212851418984,766.0327337051364,Gene 26,82
240.5620568869198,774.0913805747425,Gene 26,82
240.58640530603626,763.3001721875368,Gene 26,82
241.47116534158997,766.5407976091643,Gene 26,82
237.56877123055668,763.8444808544618,Gene 27,82
237.53201837750262,763.9978235550597,Gene 27,82
241.81117760380278,772.1914207274666,Gene 27,82
243.23169810563263,764.7904839579052,Gene 27,82
243.1801510380764,770.0316840613935,Gene 27,82
241.48169073337837,763.8292080531031,Gene 27,82
238.69806710238632,773.4217293365211,Gene 27,82
237.8878248625825,761.771701375997,Gene 27,82
240.07401211165953,775.0889758718762,Gene 27,82
241.6324312723017,767.0063869285622,Gene 27,82
238.77306707055536,774.4469643181965,Gene 27,82
241.12508955344734,763.9554339185491,Gene 28,82
238.63041071911107,761.5820879767053,Gene 28,82
237.44154539268936,766.4851280157739,Gene 28,82
242.7880145490324,764.4362769789406,Gene 28,82
238.59604395642737,764.4219218486844,Gene 29,82
243.00806249222404,767.6572345569589,Gene 29,82
236.5389709052911,771.325597735351,Gene 29,82
240.92922663691493,769.127495365851,Gene 29,82
242.05411136164832,766.8058603771575,Gene 29,82
243.278840643432,768.8448836417322,Gene 30,82
243.16436761415136,764.8986458664926,Gene 30,82
239.34179872260498,761.491208687159,Gene 30,82
238.21476872256218,774.3408113481064,Gene 31,82
237.269426859993,764.4573111683142,Gene 31,82
242.84218068177563,770.225738189528,Gene 31,82
237.65723127789255,769.3677580015699,Gene 32,82
237.20558880299737,762.918218734051,Gene 32,82
237.81082628243624,767.8567609881279,Gene 32,82
237.6071565767436,774.9804811497679,Gene 32,82
237.45732512809096,770.5227676435292,Gene 32,82
240.56838484514998,763.0527979624476,Gene 32,82
236.80201604318805,765.116024548831,Gene 32,82
242.70224764885506,766.7361147914215,Gene 32,82
241.01167940276815,771.0547838556821,Gene 37,82
242.3086728343902,769.4002069438368,Gene 37,82
239.04225927918898,764.9956212707216,Gene 37,82
242.57050443034564,764.2544705533171,Gene 37,82
248.20187142411282,759.2563738228004,Gene 4,83
248.07993198000108,766.5840573655483,Gene 4,83
248.30208055999682,769.6930188638348,Gene 4,83
248.24857766966625,772.6978658112154,Gene 5,83
248.29838072627842,766.7007503290417,Gene 16,83
248.17261679043688,755.4603013124798,Gene 19,83
248.142309990144,771.5688835243761,Gene 19,83
248.20383117804056,765.2148313642853,Gene 26,83
248.14436261148336,757.2201702558918,Gene 26,83
248.27864392996008,769.4024359895018,Gene 26,83
248.10821744128802,761.6609864422354,Gene 26,83
248.09989228832438,764.1024827526592,Gene 26,83
248.20811619231165,761.4882842798634,Gene 27,83
248.1498110433883,759.1205848563554,Gene 27,83
248.07172427084285,767.3396418206306,Gene 27,83
248.23825267156167,764.4896777939588,Gene 27,83
248.20171817745504,758.3217428035587,Gene 27,83
248.0869025101473,768.3865253027108,Gene 27,83
248.24520237659223,763.0048706949916,Gene 27,83
248.23481214800327,762.0851445696298,Gene 28,83
248.11464096431135,772.9904749535383,Gene 28,83
248.08609018382018,765.9265207552822,Gene 28,83
248.08534151873522,761.8886890417584,Gene 28,83
248.21371952769772,768.0881187740315,Gene 29,83
248.21302938869533,773.8257770146946,Gene 29,83
248.28388336831935,762.5905048984721,Gene 29,83
248.14470761080807,775.6728903933374,Gene 29,83
248.1695458184945,770.5778253760037,Gene 29,83
248.12241543336546,772.8889475718195,Gene 30,83
248.18129790575753,772.7849455796307,Gene 30,83
248.29310031433272,769.7320055226206,Gene 31,83
248.06213137477923,768.0349136780832,Gene 31,83
248.14053145096506,772.3996885526128,Gene 32,83
248.248007295276,767.961406010261,Gene 32,83
248.17625904431324,773.9542536068124,Gene 32,83
248.16197564012086,775.1878909907555,Gene 32,83
248.0931940874318,762.4507478608552,Gene 32,83
248.1790702209741,758.8052161294827,Gene 37,83
248.1966142581081,776.8639838686407,Gene 37,83
248.0881310672324,771.3405962366555,Gene 37,83
248.0978986504368,764.8201301458354,Gene 37,83
266.51416334443894,770.8938863605622,Gene 4,84
263.2652855609821,778.9401461167229,Gene 4,84
261.999702743551,776.5707308628754,Gene 5,84
267.3103104260432,780.7725711490898,Gene 5,84
265.8646184493365,769.3867797236121,Gene 13,84
263.1079826408808,772.2932365290603,Gene 19,84
261.37277959067035,774.1938437015458,Gene 22,84
270.38640143675286,774.5040434222851,Gene 26,84
262.8596230999783,773.7399445958737,Gene 26,84
262.0632028857162,778.6421280211019,Gene 26,84
261.7876519989694,778.5245430328702,Gene 26,84
263.9638303209899,780.9055239759274,Gene 26,84
263.4001233204976,781.0711426936746,Gene 26,84
261.2205411439627,772.7577957515313,Gene 27,84
267.65167797710313,769.3211354765599,Gene 27,84
270.87797925211095,776.2865441097496,Gene 27,84
261.1404713130179,776.0583052131832,Gene 27,84
262.62894146738967,773.405095004466,Gene 27,84
268.7806151220658,776.7351598300093,Gene 27,84
262.9655275079656,771.1983823454385,Gene 27,84
263.90198262439435,776.5210289690943,Gene 27,84
267.35639333977963,769.5841046394137,Gene 28,84
261.84614471085337,776.6639526127897,Gene 29,84
267.8326056781367,775.6149876052053,Gene 29,84
262.3160432148853,773.4083828012399,Gene 29,84
261.2778740760984,773.7248019412124,Gene 29,84
265.8312694170265,770.5037771747261,Gene 29,84
265.5836569520169,775.5778164556916,Gene 30,84
261.7873014527004,774.546779088418,Gene 30,84
269.87897772989487,771.4237790583836,Gene 30,84
269.00981500769467,774.3120513319142,Gene 30,84
268.38496696287854,776.0275171244733,Gene 31,84
263.8239908397576,772.7822198472176,Gene 32,84
270.1064747041944,773.7208582261243,Gene 32,84
263.55028982771455,778.3072728722273,Gene 32,84
261.6289095462813,774.1670641025464,Gene 32,84
270.55438076951333,773.0927263886836,Gene 32,84
261.846619021246,773.6036143796061,Gene 32,84
266.88070109360444,777.8771926729369,Gene 32,84
264.62693143306393,780.8001350641093,Gene 32,84
266.34744572743335,770.7237265415682,Gene 36,84
267.4770078713109,777.1892083360062,Gene 37,84
267.4311020155635,769.5841955829803,Gene 37,84
270.04867063468237,772.2024839182332,Gene 37,84
267.4191236238457,773.2753954257662,Gene 4,85
264.5870981376136,774.2763384890507,Gene 4,85
265.13730992068395,773.5736230553822,Gene 7,85
263.3711741368342,773.4544280969753,Gene 19,85
265.19558186503696,774.5602800743138,Gene 22,85
266.73688787332765,773.7209067859562,Gene 22,85
262.25845553939,771.5301018490507,Gene 26,85
268.5801882652651,767.8954466062597,Gene 26,85
262.23875808633414,771.1638889079794,Gene 27,85
263.32666778444155,765.5767820383517,Gene 27,85
264.5181499767941,775.919573464481,Gene 27,85
262.287966855746,766.524912828132,Gene 27,85
261.81346250003463,768.2723127943159,Gene 27,85
267.06268863986736,774.0150555653709,Gene 27,85
264.1177818835865,763.0448207471802,Gene 27,85
267.5663402847701,764.018750016576,Gene 27,85
263.4098831829345,764.4059504074656,Gene 27,85
267.8786406609909,772.7387148223318,Gene 27,85
268.4439107859383,765.5308558740389,Gene 28,85
264.70192390033196,774.1580599785261,Gene 28,85
264.8932310912031,763.111895293977,Gene 29,85
267.68934500799725,771.4464689567069,Gene 29,85
263.40244726037616,763.1218662176627,Gene 29,85
268.49546590231427,764.1562775211311,Gene 29,85
263.7289280670238,770.9070963887362,Gene 29,85
266.6396134249925,765.56103082143,Gene 29,85
267.68316184215706,766.5507246593795,Gene 29,85
263.0910405619587,763.6114468409799,Gene 30,85
262.2470441043534,767.1652988604544,Gene 30,85
262.1851225888058,770.9591053273849,Gene 30,85
269.5055833803467,769.361750108879,Gene 30,85
266.854995117511,772.021680146055,Gene 30,85
262.0913413368828,771.4455226692396,Gene 30,85
266.4722104086634,775.0625470565626,Gene 31,85
267.1139624029876,764.9783044507782,Gene 31,85
263.422376248546,773.7162721406492,Gene 31,85
264.5878467805221,775.1225045588517,Gene 31,85
267.0362551222236,774.0941530774884,Gene 31,85
267.37459684008877,764.6147424189111,Gene 32,85
265.0532639041055,764.302697014992,Gene 32,85
266.4489083906957,769.6488794159958,Gene 32,85
264.2495173928573,767.4774250486402,Gene 33,85
266.100880396515,766.9738835678484,Gene 36,85
267.35694112101794,775.3358388037276,Gene 37,85
268.6046560168562,771.7956879969731,Gene 37,85
268.31992943284234,773.8585113356248,Gene 37,85
262.699843761549,771.9871020380554,Gene 37,85
266.61468615987764,771.1660638701101,Gene 37,85
265.26673033369474,774.6885704459862,Gene 38,85
280.8377089742957,777.6605581683643,Gene 4,86
280.65759652010036,770.3415109697033,Gene 19,86
280.8130987246702,773.5267306884774,Gene 22,86
280.9991114835623,773.1037565934405,Gene 22,86
280.88767006679836,770.7321546044947,Gene 26,86
280.6973801307242,762.1397292464883,Gene 26,86
280.64352068367066,783.2609253679715,Gene 26,86
280.2174927324339,772.850504847456,Gene 26,86
280.7634947256312,763.2628217092519,Gene 26,86
280.7407690520023,772.4572125247523,Gene 26,86
280.6905066658993,764.9397743346792,Gene 26,86
280.3905830993756,777.7314084629741,Gene 26,86
280.7712432164349,781.5417561385399,Gene 27,86
280.7122251940248,777.3502780484281,Gene 27,86
280.10046638915424,774.5242610865768,Gene 27,86
280.5482914545024,761.4924161311433,Gene 27,86
280.90363992649793,773.6777563442579,Gene 27,86
280.1669204302942,778.5257123435382,Gene 27,86
280.26141738558937,773.1039134323631,Gene 27,86
280.8518729154027,767.5363943100413,Gene 28,86
280.3787209768818,768.0888294759408,Gene 28,86
280.4237691816299,763.3362099631012,Gene 28,86
280.4706383574177,779.8173261731804,Gene 28,86
280.50831285773336,762.1767596895626,Gene 28,86
280.95092497255234,770.5833488552613,Gene 28,86
280.601912675431,781.8976129535647,Gene 28,86
280.2668163193798,764.774614882232,Gene 29,86
280.3075197887884,775.8850136585336,Gene 29,86
280.90222715509867,766.5341742192676,Gene 29,86
280.59552469603744,774.3578745097416,Gene 29,86
280.24173899463113,775.2869689022368,Gene 29,86
280.7454722661365,767.0581492197466,Gene 29,86
280.2926715182557,770.4940592683183,Gene 29,86
280.03840198944835,767.9175591712591,Gene 29,86
280.53431138702786,780.0822772393135,Gene 29,86
280.0446424061447,776.5259965139486,Gene 30,86
280.8657466250471,766.7380346972411,Gene 30,86
280.12071511328116,776.0167331081786,Gene 30,86
280.7629133655838,778.0999701206704,Gene 30,86
280.9235214407777,765.0295417467619,Gene 31,86
280.9560594357234,768.7195012964331,Gene 31,86
280.5447500817113,775.8390834924503,Gene 31,86
280.31533120780705,778.5349488263752,Gene 32,86
280.15644357557653,777.0073358279697,Gene 32,86
280.98423196895214,771.3116541007645,Gene 32,86
280.93365278136446,769.8541006462265,Gene 32,86
280.6809567239185,761.8001989698724,Gene 32,86
280.96035562723694,772.1238892349967,Gene 37,86
280.8340434298731,779.6001837068505,Gene 37,86
291.42076336151183,773.4873130227776,Gene 4,87
290.04629165791516,764.2660036963437,Gene 13,87
291.09184569859343,769.6567869433621,Gene 19,87
288.8517437933591,774.8491451685504,Gene 22,87
290.81336283395996,767.4394790622496,Gene 22,87
289.2204367936335,779.8233137440353,Gene 22,87
289.4955282475462,780.5952426988904,Gene 22,87
291.423094627598,772.6430148851558,Gene 26,87
288.79073984837817,773.657580579184,Gene 26,87
288.9318121381294,768.25042135128,Gene 26,87
289.12871314890094,765.6602338949251,Gene 26,87
289.8080802669577,779.0162832064927,Gene 26,87
291.0640017889201,770.3192274306912,Gene 26,87
290.2085012607418,766.1634709430614,Gene 26,87
290.68371432315075,770.8947338992831,Gene 26,87
291.2442085291329,772.4817708817372,Gene 26,87
289.1400933599717,765.3716800389457,Gene 27,87
289.0107341166683,763.3630803811487,Gene 27,87
290.564366242414,780.0611266987166,Gene 27,87
289.37852647774224,762.1940413745618,Gene 27,87
289.87697944810594,776.619982531146,Gene 27,87
289.3489268952228,765.9644031309033,Gene 28,87
288.93142483580414,764.0895143674102,Gene 28,87
289.43186954092914,778.4904749691586,Gene 28,87
290.84165951917794,767.022857904788,Gene 28,87
288.8323865137413,766.4147260052248,Gene 28,87
290.10550715162776,781.7822639125696,Gene 28,87
288.32099317718655,772.1532059643098,Gene 28,87
288.87777915580654,776.0912429579577,Gene 28,87
289.6966099703564,779.7200483945694,Gene 28,87
290.73279335296667,768.9830830540354,Gene 28,87
290.98919222170645,773.5338589625769,Gene 28,87
291.4237242781881,770.8612543131771,Gene 28,87
289.5556105979847,765.7073957854486,Gene 28,87
288.731052221629,769.8586425969702,Gene 28,87
288.5468548913268,773.090658870393,Gene 28,87
290.3575826307596,763.9201606260009,Gene 29,87
290.687608023112,771.5997757892147,Gene 29,87
290.11777044355813,766.8822731938311,Gene 29,87
288.7699600385592,768.4458644220372,Gene 29,87
288.71924593740596,779.0324914827197,Gene 29,87
289.2585602851572,764.6524957113304,Gene 29,87
288.4458654577976,773.3848247199581,Gene 29,87
289.02556876575426,771.5425044823661,Gene 29,87
288.9598889508239,768.8116013393224,Gene 29,87
289.3556628622564,765.10508180914,Gene 29,87
289.524451461901,766.4706057988147,Gene 30,87
290.13459528364814,762.0204270277475,Gene 30,87
291.19888839714014,767.9586798598367,Gene 31,87
290.49584190789227,771.8174534728623,Gene 32,87
288.8918959779046,765.1936404386795,Gene 32,87
288.7620082137348,777.2631042922677,Gene 32,87
290.99359709550316,770.397683607541,Gene 32,87
289.67909883603954,762.9880364981555,Gene 32,87
289.9787155088279,780.1800067071676,Gene 36,87
291.2631637259172,770.8643281132795,Gene 37,87
225.13542689873142,770.7397626759151,Gene 4,88
223.68878793692122,779.950034169543,Gene 5,88
223.4591819543132,769.3835633039031,Gene 19,88
220.53308333647303,777.0372533909156,Gene 19,88
220.6153704780543,771.7500359189072,Gene 19,88
223.9529041257494,768.2847605370462,Gene 19,88
225.13097235965577,767.7132249354338,Gene 26,88
225.32951204164533,777.0100037069692,Gene 27,88
222.01037606208496,769.1650075002402,Gene 27,88
224.90770877858367,769.0401725329817,Gene 27,88
221.76366472495502,776.0087546795163,Gene 27,88
226.34177044851626,775.3815366511877,Gene 27,88
221.58445941551312,781.1234541319606,Gene 27,88
225.82957094670599,773.5701728801697,Gene 27,88
222.52022118917094,768.1190748973531,Gene 27,88
225.86982007951136,779.6187025554444,Gene 27,88
224.6328610249932,778.4985306221316,Gene 27,88
222.88621515499395,781.4023448690876,Gene 27,88
224.5573935027594,768.9813558193847,Gene 27,88
225.99972313847087,776.0772330599139,Gene 28,88
221.78313708192013,770.6917986507152,Gene 28,88
226.15503784560798,777.2384497052068,Gene 28,88
225.28392002482292,772.1875059974188,Gene 28,88
225.5591840943636,774.3719989662876,Gene 28,88
221.46443785343772,771.8591036041006,Gene 28,88
222.98964654104506,778.3249969738348,Gene 28,88
223.36289244002452,766.6148626308177,Gene 28,88
221.31200488371164,776.2442501166233,Gene 29,88
226.24513828560472,773.4708826304286,Gene 29,88
223.76070411931772,780.5038825137236,Gene 29,88
225.83619178729535,772.3665812370001,Gene 29,88
224.0670391112621,777.2765651242568,Gene 29,88
225.55769887561982,778.3165813121881,Gene 29,88
223.70144992510913,770.3972297469053,Gene 29,88
221.86539635536153,768.6338229698564,Gene 29,88
223.91631861249007,776.7770677964928,Gene 29,88
225.63973834938562,769.9561288773668,Gene 30,88
220.59584525413726,772.9602717771977,Gene 30,88
225.62703915213166,772.8433103076288,Gene 31,88
222.94907387999345,766.9359497077705,Gene 31,88
222.9297522197813,775.5795167968172,Gene 31,88
221.53499722977188,777.373895098385,Gene 31,88
224.52005906690027,770.6135828824589,Gene 31,88
224.75296926849524,769.9216810993232,Gene 32,88
226.5305298991762,775.1186225931689,Gene 32,88
220.52357529723008,772.5872614734147,Gene 32,88
225.1374021071626,778.2630918134168,Gene 32,88
221.63503071061464,779.9375410876913,Gene 32,88
225.06672043079044,775.6874475300397,Gene 32,88
226.77952859464438,772.6316190607008,Gene 33,88
220.77130823543126,774.120497525424,Gene 34,88
222.71058720762238,781.8774560416937,Gene 37,88
224.72657946933325,781.9978004048661,Gene 37,88
223.0918292213063,778.4079724403634,Gene 37,88
220.60063057510231,774.215930517311,Gene 37,88
234.9051545719065,775.3240773901382,Gene 4,89
235.84602091660025,778.3807074809763,Gene 4,89
236.6255863527206,787.1977979424985,Gene 4,89
232.83823452431494,787.5666120419071,Gene 4,89
237.90795112004912,781.4802350979603,Gene 5,89
236.0887726874724,781.5397669569963,Gene 19,89
235.82636478467546,779.0238161679333,Gene 22,89
235.40303808365314,773.8791058380292,Gene 26,89
232.77702739144848,776.8142756422181,Gene 26,89
237.08524063531004,784.6890947947894,Gene 26,89
233.50919276052076,783.597648347048,Gene 26,89
237.8363435645355,783.6918760885817,Gene 26,89
234.63104314621202,776.262308923983,Gene 26,89
236.3462336364003,776.3914105667171,Gene 26,89
232.55594998820717,778.8587907925938,Gene 26,89
231.88312539708116,780.9873709764714,Gene 26,89
231.62901948528875,778.5591219638304,Gene 27,89
232.27781180411233,778.3374459877535,Gene 27,89
233.82734027352762,788.2356731272858,Gene 27,89
237.71322881683,784.164346330731,Gene 27,89
234.2218688755481,779.0648917782919,Gene 27,89
236.61538725353972,785.8803537979602,Gene 27,89
234.79915818077234,774.7954108730084,Gene 27,89
236.26439802819104,788.2657742623476,Gene 27,89
233.93156631339778,775.7886022266727,Gene 27,89
236.55510588280302,782.9628232127393,Gene 27,89
233.6243076040549,788.1217719816987,Gene 27,89
232.12475281446805,785.6890305258364,Gene 27,89
234.87396395266953,775.7620089188393,Gene 28,89
232.68461644061642,786.8059032253251,Gene 28,89
235.01085381508187,788.0672795487593,Gene 29,89
235.9338997486548,784.642504355849,Gene 29,89
236.993345405539,780.8053753948226,Gene 29,89
233.7163431322859,775.3931890360402,Gene 29,89
236.03857393441893,787.2179361112793,Gene 29,89
234.66425468203667,788.6719122933059,Gene 29,89
233.3835986469551,777.0774327692261,Gene 29,89
233.11767890198126,775.1531064937549,Gene 30,89
234.65893654716248,788.2403466543682,Gene 31,89
233.535272887658,776.2507721190449,Gene 31,89
237.38173924309336,780.5414056904461,Gene 31,89
231.79758019628338,782.8363420753418,Gene 31,89
236.91214066709585,780.1977007896587,Gene 31,89
236.2268338373098,786.3982569373505,Gene 31,89
236.00133352053453,788.3944378253785,Gene 31,89
232.94058169399793,781.5487856255672,Gene 32,89
237.245573393855,780.4958037101411,Gene 32,89
237.48035890631223,779.5562276508005,Gene 32,89
234.40762852632892,778.6682824101928,Gene 32,89
236.09765690565217,786.0359213245863,Gene 32,89
235.5844128249973,774.5687855045925,Gene 32,89
235.82638207781878,780.3275339391342,Gene 32,89
234.98163908856162,786.1985417017102,Gene 33,89
232.48028052304642,782.5039339288676,Gene 37,89
236.87638612594722,777.534518170791,Gene 37,89
232.95406152516196,788.8788572726045,Gene 37,89
237.36000564522706,780.3911048706203,Gene 38,89
233.56898384494556,785.541138941024,Gene 49,89
244.97733000806772,772.1804365268639,Gene 16,90
245.8546362811673,784.0209393956974,Gene 26,90
245.76811547803814,771.2028156247673,Gene 26,90
245.8992613955262,782.8296225450795,Gene 26,90
244.5354518405502,771.3371614624924,Gene 26,90
244.02888580780808,772.6301710214414,Gene 26,90
244.4664589365811,773.9898206519521,Gene 26,90
245.6678595931467,775.3219848930424,Gene 27,90
245.29448817223445,783.926708696174,Gene 27,90
244.6985890232237,774.1346984097681,Gene 27,90
244.7933422391429,784.8117403118846,Gene 27,90
244.80292710540053,775.9799704183774,Gene 28,90
245.32624107609703,772.8540269377771,Gene 28,90
245.44937547761776,783.0310223310864,Gene 28,90
245.70385110432287,781.3153165578748,Gene 29,90
245.78340016844916,781.630838596425,Gene 29,90
244.92381103573547,787.8029707120309,Gene 30,90
245.7135880346949,783.9395658039195,Gene 30,90
244.9751384659991,786.1321060231472,Gene 30,90
245.40882140248604,771.6344674819677,Gene 30,90
245.42680123557915,769.6103585419187,Gene 30,90
244.6448205880534,787.4950447245127,Gene 31,90
244.80580028998259,769.0383364784424,Gene 31,90
245.90983437558552,776.4347786838366,Gene 32,90
243.64061019111608,782.2232147005785,Gene 32,90
245.62730443501903,774.1734090011995,Gene 32,90
244.9134043149843,782.7129148124556,Gene 32,90
245.7221583924877,775.2124541546182,Gene 32,90
244.3030483372722,782.6656665447548,Gene 33,90
244.14921862036047,778.0099731608624,Gene 34,90
244.752431957886,786.377441700348,Gene 37,90
245.12746482282355,785.3342023527144,Gene 37,90
243.95937537260775,774.5671698236825,Gene 37,90
244.36669046731134,786.6508268329753,Gene 40,90
244.6548028952447,770.6147616151019,Gene 49,90
253.0032697095876,779.4998890702605,Gene 13,91
256.22203318491677,778.9498159036245,Gene 19,91
255.6494446092677,781.7887408138537,Gene 22,91
256.1833124097417,778.8685744232839,Gene 22,91
254.621538965694,776.2506014322057,Gene 26,91
253.59122848574214,785.7020278513203,Gene 26,91
255.24351346555565,775.0635479925769,Gene 26,91
251.88823208437054,782.2914060003992,Gene 26,91
251.2788706499374,777.2089653523959,Gene 26,91
254.1595417500946,775.1398956326278,Gene 26,91
254.26585884549385,777.9539211319648,Gene 27,91
253.82183042574002,777.0614776599024,Gene 27,91
254.15448812885708,780.8573860938263,Gene 27,91
255.97461242057597,783.8637267997369,Gene 27,91
251.1224677786257,779.156156380438,Gene 27,91
255.9621231931395,781.9141211460222,Gene 27,91
251.2496289404372,780.3770834158731,Gene 27,91
257.5402809780098,780.7525690229021,Gene 27,91
253.0365108020855,774.3161886400269,Gene 27,91
253.05856612433485,772.7264931587638,Gene 27,91
252.39500524798586,775.4814117014475,Gene 28,91
251.7580742079929,774.5400843580367,Gene 28,91
253.33595909986076,781.3329813378452,Gene 28,91
251.36902570110226,781.7473858335028,Gene 28,91
256.4848213126945,779.3803599720407,Gene 28,91
256.5087102250807,778.1296252283324,Gene 28,91
254.60253962175338,785.35424843242,Gene 29,91
254.37605233276233,771.927095382958,Gene 29,91
256.7784877196788,777.4325417045475,Gene 29,91
254.5134984233328,771.6954993283812,Gene 30,91
254.59990511813683,773.079435644252,Gene 30,91
254.87507662880233,780.9862565785425,Gene 30,91
252.03573488795794,773.902420323471,Gene 30,91
250.83312408534766,780.6783200271503,Gene 31,91
251.4428116412683,781.2490761197573,Gene 32,91
252.6828821586697,779.6676099507683,Gene 32,91
255.30189565312668,782.2758432046338,Gene 32,91
255.38379631114242,775.4047136091716,Gene 32,91
251.89119690955394,778.9782063983153,Gene 32,91
252.29022514668105,783.6206875409497,Gene 32,91
257.02206629524954,778.6793580309894,Gene 36,91
251.123741533889,775.2750674750712,Gene 36,91
251.47210954110255,776.4418379916456,Gene 37,91
255.0610656713632,772.6953990221716,Gene 37,91
254.680930779277,774.6219651929887,Gene 37,91
255.08160844445337,772.4425486225662,Gene 37,91
254.01524765590625,785.1848795350662,Gene 37,91
252.51327427628027,785.9696292794512,Gene 37,91
256.536913794139,775.6301439506365,Gene 40,91
256.2974490954706,779.1648499637495,Gene 40,91
264.91812107302053,777.5621719575576,Gene 4,92
264.9076935839701,786.8166429236898,Gene 5,92
260.38492937664734,777.4442434023066,Gene 16,92
264.8812286056365,772.5713633642717,Gene 19,92
265.62781499476483,784.571800116046,Gene 22,92
261.5823794293341,775.0998661960826,Gene 26,92
260.967017403192,782.3928780821087,Gene 26,92
264.6052455635306,778.9722868630004,Gene 26,92
260.85485439294627,780.2674388521123,Gene 26,92
261.1270856625222,777.7104282513791,Gene 26,92
260.45658020193855,784.3029294739122,Gene 26,92
261.17309533846117,784.3273431051734,Gene 26,92
264.2955118193821,779.0806500115519,Gene 26,92
262.3503474238665,788.0984529125506,Gene 26,92
262.09528054566374,775.902396948861,Gene 27,92
262.4470854533751,781.1809861602072,Gene 27,92
261.47969515839134,784.4753387425565,Gene 27,92
261.2494586981639,785.0075504566877,Gene 27,92
262.13797476760254,778.2073039653691,Gene 27,92
266.03406583986725,777.7018365668324,Gene 27,92
262.74552169645665,785.2583556912945,Gene 27,92
263.00627923733447,783.6219987507042,Gene 27,92
263.3869150510967,772.5067686738688,Gene 27,92
264.41339466858875,785.3239763543621,Gene 27,92
263.5772595403323,776.9506165071045,Gene 28,92
262.11445628529736,774.4409182253839,Gene 28,92
263.7278160199215,778.0970000221618,Gene 28,92
262.1249144503663,785.2983752708673,Gene 28,92
260.7986433240458,778.8439101854161,Gene 28,92
263.1459536977741,773.5927817816009,Gene 29,92
265.76535310701325,776.6926508772319,Gene 29,92
265.27319446414185,784.3999468119001,Gene 29,92
263.89683572297923,774.7658857813235,Gene 29,92
262.61767931992307,775.7719605543177,Gene 29,92
262.62923204561037,774.4692886308743,Gene 29,92
262.9802467117344,781.7066613706569,Gene 29,92
263.94955379777963,773.5881692383422,Gene 30,92
262.090753394803,786.3095324562306,Gene 30,92
260.0978682382131,778.6811656978616,Gene 30,92
264.2986047924068,786.3099528768223,Gene 30,92
262.9934177820033,787.4325620274656,Gene 30,92
263.9306791387422,785.3557573763514,Gene 30,92
264.0365734170249,784.007834253343,Gene 31,92
265.5585184569449,780.4313534136568,Gene 31,92
263.31129338834205,786.6253595371851,Gene 31,92
264.79039679964995,777.2722826770392,Gene 32,92
265.13929367109625,779.4524341626809,Gene 32,92
260.1936897984654,780.9577834709653,Gene 32,92
265.2810663651639,786.2677187456587,Gene 32,92
260.40966868419133,781.2417819642856,Gene 32,92
265.2777311866685,779.807981028161,Gene 32,92
262.3055637564989,774.1435892349965,Gene 32,92
263.2915432009754,786.9579203501818,Gene 37,92
263.4456267845521,775.5139843052735,Gene 37,92
265.4989961045064,779.3708935590399,Gene 37,92
262.1679604941823,773.9227391174275,Gene 37,92
261.8258686147245,781.2813818755387,Gene 37,92
263.0865005494322,788.62924190268,Gene 37,92
261.5755810498087,773.0623773697581,Gene 49,92
279.8942707430732,778.2432824241972,Gene 5,93
272.3647500214108,775.5556231414329,Gene 13,93
272.5709809790341,780.3683262941137,Gene 16,93
272.04835247403594,779.5547300030377,Gene 19,93
275.0905394795639,782.5690434588163,Gene 19,93
273.0746036008631,779.2776979080907,Gene 22,93
272.56935337627317,776.4826334397513,Gene 26,93
273.9983274719179,775.4342321629409,Gene 26,93
276.01089854104447,782.1056212946119,Gene 26,93
278.575311274562,780.6433941957522,Gene 27,93
276.14942187565606,772.4639973297666,Gene 27,93
274.20487093666225,778.3512889186939,Gene 27,93
278.42016401853533,783.4075325023292,Gene 27,93
279.0677451370209,775.8853522251342,Gene 27,93
272.49979500954896,775.1396867770001,Gene 27,93
277.76142874079756,781.9647411756546,Gene 27,93
272.3730116472207,776.523279319124,Gene 27,93
277.7955105152335,777.0511893131652,Gene 27,93
279.50135188767547,779.3866153612031,Gene 27,93
277.28094991319426,774.1230335652223,Gene 28,93
275.05908242102316,771.2644105888148,Gene 28,93
277.2629359062252,775.2870692119849,Gene 28,93
278.3847236148702,781.3251866025411,Gene 29,93
271.21931045607266,780.9696072734267,Gene 29,93
273.7689313313474,775.9781477313928,Gene 29,93
278.3062956179483,775.8173768816247,Gene 29,93
278.43184786736595,775.9923759211052,Gene 30,93
274.34688562286624,782.3897793602004,Gene 30,93
275.62146890756753,774.4238526108205,Gene 31,93
278.51272328283625,777.7083029042687,Gene 31,93
277.741025915005,783.4503277730354,Gene 31,93
276.88269335437946,781.8113534815574,Gene 31,93
277.2945583686628,784.9389121123403,Gene 31,93
279.09412857246593,776.3407518664109,Gene 31,93
271.8117212262716,777.1793503704143,Gene 32,93
275.9683388457968,784.9784242202404,Gene 32,93
278.6037942630014,779.967797112879,Gene 32,93
274.17308304423113,784.9818295728539,Gene 32,93
275.7158851805595,774.1319714615256,Gene 32,93
272.34439130980644,777.2495028223269,Gene 33,93
274.0652682565557,775.7479809282538,Gene 37,93
288.4160567073033,784.6565757039693,Gene 5,94
289.9351935177481,781.0114140529336,Gene 19,94
288.3335320084817,786.5521371204659,Gene 19,94
288.3217153217992,785.6825801762687,Gene 19,94
289.28033996567945,789.1605062915073,Gene 26,94
288.6158444279977,787.4177763311324,Gene 26,94
288.2476955703264,785.4729220005244,Gene 26,94
289.65077635800805,777.4388374229505,Gene 26,94
289.0425927410555,771.3463019026589,Gene 26,94
289.9234883422556,785.065572518475,Gene 26,94
288.4010038605802,790.0555198247167,Gene 26,94
288.3900852295501,783.8138829126965,Gene 26,94
290.1608421411653,780.7103561135515,Gene 27,94
289.3289667921433,777.4976585558228,Gene 27,94
288.736506607549,789.5950882574115,Gene 27,94
290.2207601056235,782.1835934434168,Gene 27,94
289.46986822172653,777.6667831200917,Gene 27,94
288.495921833023,787.9120996067228,Gene 27,94
289.8404026623894,772.8998400087904,Gene 27,94
289.56238516731054,788.8026462196527,Gene 27,94
288.6332780385695,775.9274315653181,Gene 27,94
289.88956555690703,786.0620135332304,Gene 27,94
288.4075299078893,784.262725932125,Gene 27,94
290.35407966588826,780.5999702286921,Gene 28,94
288.8918084162192,775.1139023444142,Gene 28,94
289.6213034063381,786.2732746296796,Gene 28,94
289.56145976265174,781.0510433674192,Gene 28,94
288.72830066411603,779.5629671249868,Gene 28,94
288.5095403612134,787.5720640117048,Gene 29,94
289.07703978619406,783.8372130611795,Gene 29,94
289.2639672925397,786.9331957133647,Gene 29,94
288.2343372465381,775.9220505677157,Gene 29,94
288.5900011240976,785.2847081663999,Gene 29,94
288.7966769977334,775.7110216879784,Gene 29,94
288.666258138941,785.6476841463533,Gene 29,94
290.09693282265147,776.8119052314557,Gene 29,94
288.53861436849667,787.1467868650666,Gene 29,94
288.410026280996,784.1587088723329,Gene 29,94
288.74070429590375,779.2646054270084,Gene 29,94
288.7232992760152,775.504693062694,Gene 29,94
288.14885991268636,783.4251061207754,Gene 29,94
288.63361069744184,783.9727320222246,Gene 29,94
288.3755401515998,779.8240731248734,Gene 29,94
289.80627757553486,787.6860780281926,Gene 30,94
289.89996522258656,784.2343158992685,Gene 30,94
289.71881804517744,773.3504510900286,Gene 30,94
288.34966941168915,777.9306263438684,Gene 30,94
288.64573743790936,791.2630235769988,Gene 31,94
287.84051974192334,779.5722106051675,Gene 31,94
288.8064557258952,781.2279381336216,Gene 31,94
289.48537644217663,781.9673987823676,Gene 31,94
288.23122384274745,783.2482684426274,Gene 32,94
289.7883622591398,780.9550445426935,Gene 32,94
288.20377033237526,784.4495050742394,Gene 32,94
288.9743379819813,790.5890233062694,Gene 32,94
289.45412190252443,789.773946778321,Gene 32,94
289.4982499229314,776.4511295998641,Gene 33,94
290.0299670716537,777.8470044935087,Gene 33,94
289.53395991589537,773.4393420434039,Gene 37,94
288.84589893930905,774.7489756874842,Gene 37,94
288.7430865590102,787.5788141513104,Gene 37,94
290.0582537901722,780.9136272795927,Gene 38,94
295.4671002549555,779.2080120548799,Gene 4,95
296.2713674597914,768.9609554321952,Gene 16,95
296.9075740871864,788.0802038451179,Gene 19,95
295.70552752742014,775.2169576966377,Gene 19,95
297.06750198902284,770.5121753120349,Gene 26,95
297.46141805472814,770.3379176552374,Gene 26,95
296.28699932506106,784.4400672629369,Gene 26,95
296.16231651205794,777.8924699946961,Gene 26,95
297.44128884842155,789.3607845723611,Gene 27,95
297.5887521647105,769.6810869241287,Gene 27,95
297.93106245499115,781.7340501349092,Gene 27,95
296.0482772290528,768.5819850012674,Gene 27,95
295.65983340182214,781.0873854593538,Gene 27,95
297.8309002512119,780.6404055096731,Gene 27,95
297.65275864342357,790.5282541829723,Gene 27,95
296.8604141884568,789.6077190805845,Gene 27,95
298.20719851640087,785.6199690807193,Gene 27,95
296.7563225290162,777.4377895410936,Gene 27,95
297.4515759906786,783.893369471566,Gene 27,95
298.07800643680645,777.80738650603,Gene 27,95
296.12561891737073,773.7490988240988,Gene 27,95
295.83839455610655,787.1113729851656,Gene 27,95
297.70521460071114,786.1637208639956,Gene 27,95
295.7805758853133,787.5556583922231,Gene 27,95
297.66785815516147,789.3192334848583,Gene 27,95
298.1307457229702,773.3588655774948,Gene 28,95
297.91679008708496,788.2168889042009,Gene 28,95
297.88148050484097,786.7881761377265,Gene 28,95
296.96167120282774,789.5875104583567,Gene 29,95
298.0680910419179,786.8716973095271,Gene 29,95
296.91280816388877,790.9795510750923,Gene 29,95
296.6792799346831,770.8615947192272,Gene 29,95
297.1410826774994,782.3264586996389,Gene 29,95
297.92052837080576,770.0361633465241,Gene 30,95
297.5686705582708,787.8146924380186,Gene 30,95
297.18755385384185,771.7701228853376,Gene 30,95
297.83732246627505,778.267736752561,Gene 31,95
296.65098327713076,784.2693691838542,Gene 31,95
297.131157937241,774.8817075636058,Gene 31,95
296.0541392757029,780.3724153052234,Gene 31,95
296.7583306668357,778.0986077458953,Gene 31,95
297.52590444157556,784.7559130389391,Gene 31,95
297.5801096300963,785.6567618405475,Gene 32,95
297.63537538026907,784.4594664170588,Gene 32,95
296.22834148459793,781.5924024188128,Gene 32,95
297.8424840481236,771.8107503710082,Gene 32,95
295.9904409937963,781.4414064596423,Gene 32,95
296.2630367690241,772.4280181465092,Gene 37,95
298.36135736856295,781.5592001940515,Gene 37,95
296.0795190227569,774.3727823892677,Gene 37,95
296.9483640144733,773.5237171739572,Gene 40,95
296.04432228481693,770.4349321445673,Gene 49,95
237.6744067865996,780.6663617288614,Gene 4,96
238.66038542301655,781.1785836832375,Gene 4,96
235.15085282787444,784.3698304007677,Gene 19,96
236.16513848587942,785.8142343337821,Gene 19,96
237.69800684631247,790.4913768881422,Gene 22,96
235.430031856868,788.1642059816818,Gene 22,96
235.585166969219,780.5362090852738,Gene 26,96
238.28448953253843,783.4741186339297,Gene 26,96
235.78722864866117,781.3638603196464,Gene 26,96
236.49596908983233,793.7376148474631,Gene 26,96
236.66035061605615,793.224754650432,Gene 27,96
237.16561118107603,781.320124062476,Gene 27,96
235.87095144671974,791.3082159172989,Gene 27,96
238.25843569435395,789.7479269865586,Gene 27,96
237.78970739438336,792.0438912584438,Gene 27,96
238.06614396254125,780.8266662502231,Gene 27,96
236.73259068454905,789.2469407135682,Gene 27,96
236.6069423092995,790.2519838116996,Gene 27,96
238.35850248109597,789.7004136694114,Gene 27,96
236.6914584894787,778.7119944790142,Gene 28,96
237.06187059936192,790.7223959460796,Gene 28,96
236.203694557856,784.7954108689648,Gene 28,96
238.6819469844987,793.6761933619131,Gene 28,96
236.80482174477666,789.7753638603727,Gene 28,96
236.85571006246212,791.2364342445148,Gene 29,96
235.65619120837303,787.6906701800476,Gene 29,96
236.953533867989,779.234853938756,Gene 29,96
235.72488733768895,785.4164036050493,Gene 29,96
238.29604693286987,778.5308254976782,Gene 29,96
235.45408732654823,790.0061163369028,Gene 29,96
237.62353078756706,792.782030135344,Gene 30,96
237.9659081169961,785.4971446857672,Gene 30,96
237.9154140071542,785.3496404955431,Gene 30,96
238.77568314748603,786.4228525564923,Gene 30,96
235.24343267587696,790.4021518269981,Gene 31,96
236.0079515565421,780.7076566780934,Gene 31,96
238.5605625400903,791.025396219362,Gene 31,96
238.6753878826333,789.8061707394191,Gene 31,96
236.59810042643053,788.1797761634051,Gene 31,96
236.52121884034784,778.8777746977512,Gene 32,96
236.49601221915313,782.0101753289568,Gene 32,96
236.98972583490868,784.075568159422,Gene 32,96
238.56881512179396,785.7551964422206,Gene 33,96
238.87913747573725,783.6543051280938,Gene 37,96
237.24394143162354,785.3397516029927,Gene 37,96
237.16915652285562,792.0374112537427,Gene 37,96
235.7833262444237,780.4454164212111,Gene 37,96
237.36073230537028,793.6363283644647,Gene 37,96
239.14915019402682,788.2340493938125,Gene 37,96
235.43059754658847,781.5094265419091,Gene 37,96
251.16066708459843,794.0216121308899,Gene 4,97
250.88382870946685,797.214955463842,Gene 19,97
252.06888282925416,780.476368519948,Gene 19,97
249.70065541069832,781.8900190001741,Gene 19,97
252.38589909968732,784.4583206480886,Gene 19,97
249.76420015222504,790.1135173317734,Gene 26,97
249.8851544072065,792.8521322598398,Gene 26,97
252.2199690378257,782.4536643142882,Gene 26,97
250.36578694705017,781.1100686042607,Gene 26,97
251.4386858636148,780.5168873084904,Gene 27,97
249.8766255767381,785.7464273589077,Gene 27,97
252.4787996756881,792.4400181315737,Gene 27,97
252.68113526149904,795.2922599083414,Gene 27,97
252.14263183647117,789.4914720372855,Gene 27,97
251.57116036264657,782.2027519173272,Gene 27,97
250.23484487040653,783.8298856631939,Gene 27,97
251.7887604213202,795.2881900747019,Gene 27,97
252.15221241040337,790.2415831947121,Gene 27,97
250.29278471319498,793.2096540683325,Gene 27,97
249.81668514608816,785.2582029366496,Gene 28,97
250.70233224695534,795.0198438975046,Gene 29,97
249.51208490260075,793.8637649343216,Gene 29,97
251.59870418208845,782.0416311955203,Gene 29,97
250.05899668815803,793.9911739579505,Gene 29,97
252.19043861980802,785.3377876272435,Gene 29,97
250.5269693961748,780.4645097148342,Gene 29,97
250.24853126012945,782.6467247785093,Gene 29,97
252.55180436528607,782.535335488409,Gene 29,97
252.53687041515283,784.4876409755736,Gene 29,97
251.1205504522804,784.8388051902396,Gene 29,97
249.74523716149167,784.4702666377567,Gene 29,97
252.11184770524244,790.9512655648699,Gene 29,97
250.97462673780012,779.47857001384,Gene 29,97
250.56516701169866,797.1106334427773,Gene 29,97
251.01590606947286,781.7242964222803,Gene 30,97
249.55912941929222,787.1876163091529,Gene 30,97
250.49774579949656,785.2659177254604,Gene 30,97
252.12711710447107,791.3092947158522,Gene 30,97
251.20231057372112,796.5245724305644,Gene 30,97
252.5031807277205,788.0847218339901,Gene 31,97
252.84615956448656,790.0047427165781,Gene 31,97
251.22635722551158,793.9585000906718,Gene 31,97
250.90758451606217,779.6252398315839,Gene 31,97
252.59788866003422,791.4695128676365,Gene 32,97
249.61985639538736,786.2527498449098,Gene 32,97
252.17427022930215,787.572456928262,Gene 32,97
249.58979190530866,787.3288378689871,Gene 32,97
252.03363437933655,782.1535599808915,Gene 33,97
251.05624186608966,779.6800176216855,Gene 37,97
250.5893532051722,782.6559177162416,Gene 37,97
250.34466696316935,789.0179403514647,Gene 37,97
249.36480747288408,788.2914673464784,Gene 40,97
249.9872888542797,786.5666308636805,Gene 49,97
255.56513734937167,785.3951938931068,Gene 4,98
258.18757635348453,787.0305934505443,Gene 4,98
258.6614776959463,784.82523341069,Gene 4,98
255.45132496245196,787.0868713093544,Gene 5,98
256.0285641319264,783.9798954014268,Gene 19,98
255.58088445688372,780.7907643446888,Gene 22,98
255.90094486806,779.1572229515532,Gene 26,98
255.15094621210142,780.0235738620254,Gene 26,98
255.64708582875733,787.4756734700072,Gene 26,98
258.146764818892,780.6106294834851,Gene 26,98
255.56553817882866,790.6982268993394,Gene 26,98
259.51733023971747,781.4942487635454,Gene 26,98
255.0690335183829,787.6331576302849,Gene 26,98
258.7013505413116,788.3281786608934,Gene 26,98
257.32487806281176,792.0752366176877,Gene 26,98
255.41249017587919,780.5586641400286,Gene 26,98
258.1310867338687,789.1959856433692,Gene 27,98
256.6614102730438,779.874422390069,Gene 27,98
259.6234686335494,786.1219748636373,Gene 27,98
256.320334640118,787.3180169185829,Gene 27,98
259.12914888707047,781.3634379087334,Gene 27,98
259.22631437688455,781.157258563119,Gene 27,98
259.8683377159552,781.2592458484287,Gene 28,98
259.17317063310304,782.0715423051184,Gene 28,98
256.7358729599968,791.5316149716499,Gene 28,98
259.0708552938927,780.6661640746761,Gene 28,98
258.73005932919745,777.7113436511365,Gene 29,98
255.6569426882077,791.5128727072212,Gene 29,98
255.49430488833772,783.1617443587566,Gene 29,98
256.58167463279153,790.8866280848614,Gene 29,98
259.216265526125,782.2296236571751,Gene 29,98
259.6419045835012,784.6401038943471,Gene 29,98
256.7364308720681,790.349201861472,Gene 29,98
257.93636038697724,786.9730381865762,Gene 29,98
258.7746921641077,781.7056693059576,Gene 29,98
258.26880062620774,792.7312671802442,Gene 30,98
257.78903471299924,787.1269719964878,Gene 30,98
258.6662614880387,789.6376967857395,Gene 30,98
256.2703359724806,785.9882587761041,Gene 31,98
256.1095846167816,791.1325456705247,Gene 31,98
257.6641434895789,778.3952527136064,Gene 31,98
255.3308663095186,787.9412125656897,Gene 32,98
258.109423344005,793.8202109692188,Gene 32,98
255.75936522659208,787.0270137650336,Gene 32,98
255.13884383630582,778.7527584379993,Gene 32,98
256.54605819977644,778.3781469261397,Gene 32,98
257.25614975680065,787.8448792541521,Gene 32,98
255.9076936976127,781.620821323921,Gene 32,98
259.6471903533069,779.8221766918198,Gene 32,98
256.6691358851994,778.0353234463762,Gene 32,98
259.4708615444573,787.4443753387585,Gene 32,98
256.6139485644886,778.9141950167124,Gene 32,98
257.09636382877346,788.3101194931636,Gene 32,98
256.5901103487722,778.1933714037375,Gene 37,98
273.37031920018745,792.66539219836,Gene 5,99
271.41274841955675,787.7817993489132,Gene 19,99
270.78165964020724,789.7001563899215,Gene 22,99
272.2098194646296,797.4621021546641,Gene 22,99
270.9296103843217,789.6102478672499,Gene 26,99
273.30280101426274,794.1023003364431,Gene 26,99
270.88887763994717,786.3060365877122,Gene 26,99
272.86954356226966,792.6585843565673,Gene 26,99
272.981687294747,790.161547165105,Gene 26,99
273.63625571758183,788.0892066221803,Gene 26,99
271.92809140306315,782.3935581381893,Gene 26,99
273.7021900762756,795.2937913181744,Gene 26,99
272.7880528335749,784.8552532598657,Gene 26,99
272.8392257921048,785.2929182063018,Gene 26,99
271.03948764229506,787.2981729103933,Gene 26,99
270.73851954185636,783.1817415646933,Gene 26,99
270.44215687646135,793.989373774037,Gene 27,99
270.75867275831405,792.326418896484,Gene 27,99
273.28284865317755,794.8253819299886,Gene 27,99
272.30942320883014,799.5071761816914,Gene 27,99
270.76567816404764,786.1053043148871,Gene 27,99
270.2887040655517,794.357962397763,Gene 27,99
271.69414466252596,792.4736439232422,Gene 27,99
271.56078923806774,782.0472637208935,Gene 28,99
273.30608316501275,792.3337881819867,Gene 28,99
270.91960160020477,795.9847868661565,Gene 28,99
271.3674995292537,798.199030819361,Gene 28,99
273.11802241985316,792.4281056011777,Gene 28,99
273.7254808032999,794.0960965431509,Gene 28,99
272.6028072691661,797.5529119521825,Gene 28,99
271.3040499566702,788.3307405426185,Gene 29,99
272.2722808772888,788.1767714477749,Gene 29,99
272.6045563660783,785.6299502022646,Gene 29,99
273.1176519150784,796.5325160473393,Gene 29,99
272.68859341071516,797.48978751085,Gene 29,99
273.44651847257853,788.4504786074457,Gene 29,99
270.34129722709457,791.761438016161,Gene 29,99
271.14998867237546,795.1291582721443,Gene 29,99
272.2612191548826,787.5211916202813,Gene 29,99
270.5438244208595,788.4186627358098,Gene 29,99
270.3328337041163,786.7686933752624,Gene 29,99
271.32105362186456,784.0718299980429,Gene 29,99
270.14912354068383,791.3659978582732,Gene 30,99
270.6268589431076,790.9738142087702,Gene 30,99
271.90483843713525,794.9717058407927,Gene 30,99
272.68102034225484,781.9419930534873,Gene 30,99
272.60059072615945,791.0734009324099,Gene 30,99
271.92678575006545,796.005805629565,Gene 31,99
272.1480508970202,785.4652116042625,Gene 32,99
270.5583118346272,782.6122534507402,Gene 32,99
270.50592017333037,785.8388220148502,Gene 32,99
273.3519121574595,787.8433488948729,Gene 32,99
272.78632354653865,786.8383833720735,Gene 32,99
273.2641388857517,792.147271757053,Gene 32,99
272.7818206260335,784.4929003469473,Gene 32,99
271.35960963983615,797.4434966193169,Gene 35,99
270.3980384381545,796.6461048992053,Gene 36,99
270.6611518428756,784.5730265785846,Gene 37,99
273.253833200113,795.2142135385036,Gene 37,99
273.45160640785207,794.7592684551717,Gene 37,99
272.74305158612344,789.4463813914953,Gene 40,99
280.7950072865911,790.684610862589,Gene 4,100
276.49204180851603,779.3232008271083,Gene 4,100
277.58461506210324,780.5780127098864,Gene 4,100
280.72851111441435,780.7081730662334,Gene 4,100
276.68161749335206,782.1118357903716,Gene 19,100
280.2912477418514,786.6382578294808,Gene 22,100
276.9573762020594,780.7895821528588,Gene 26,100
281.090008268897,789.2195439399433,Gene 26,100
279.10228883952175,791.9032566859519,Gene 26,100
277.0142327323961,783.95643474183,Gene 26,100
278.6201611808245,780.6137982620027,Gene 26,100
280.23354679044087,782.2613029670125,Gene 26,100
281.3619280176444,782.2710762046501,Gene 26,100
278.9272888045734,789.0403957875338,Gene 27,100
280.2388793632259,784.0852140979921,Gene 27,100
281.01410556868666,783.7775359763094,Gene 27,100
280.50302589401736,789.2024046580616,Gene 27,100
277.43965290940247,787.3079029839989,Gene 27,100
279.1768108434033,778.4173057575496,Gene 27,100
281.4850433431053,785.5131331826909,Gene 27,100
280.6975343337488,779.3201455684734,Gene 27,100
276.6032104258547,789.1113551404459,Gene 28,100
280.2989389367532,787.7276934695946,Gene 28,100
282.08438401434654,785.8673524216788,Gene 28,100
282.4094090858057,784.0685422696838,Gene 28,100
276.43029579303095,785.2039637829332,Gene 28,100
281.31791664994637,788.8663100633305,Gene 28,100
281.4516218414314,782.0776072389134,Gene 28,100
281.4157752294605,789.5232267479371,Gene 28,100
281.347784853547,781.3710400918029,Gene 28,100
279.7325270452748,784.8460918247677,Gene 28,100
282.123214979906,786.3717481818998,Gene 28,100
275.63292860754405,785.5036131928595,Gene 29,100
276.34363618345424,781.8912799623662,Gene 29,100
279.4691780789553,779.8467806547665,Gene 29,100
280.2357383403336,791.4209252925752,Gene 29,100
278.0241121867446,781.2803435633141,Gene 29,100
280.33586974718565,791.354515389954,Gene 29,100
279.7982426907188,783.1960960573227,Gene 29,100
278.71343650513387,787.1959186031054,Gene 29,100
282.0500838101992,787.7945480112573,Gene 29,100
278.9332395363531,789.5875118827987,Gene 29,100
280.89189127515334,790.7233449000855,Gene 30,100
279.96296299342737,788.422436472795,Gene 30,100
279.52433623942295,790.790440956636,Gene 30,100
281.8360598612013,787.9156172758259,Gene 30,100
276.6362350103677,787.1498596511763,Gene 30,100
282.037377220309,783.9806479713749,Gene 30,100
277.04776194666744,788.0000935856189,Gene 30,100
276.1805851717341,786.3825171499128,Gene 31,100
281.09820001005653,784.2825656925078,Gene 31,100
280.75467404966247,787.6843426776933,Gene 31,100
278.17079079992055,791.169980536942,Gene 32,100
277.24663568249275,784.4426195714758,Gene 32,100
281.52574758168896,787.5290008044531,Gene 32,100
277.6173706364141,787.6930341038433,Gene 32,100
280.1166324691253,780.7156635263544,Gene 36,100
279.4825828047814,792.0209385992105,Gene 37,100
279.73914068255823,791.3418517545315,Gene 37,100
280.2474123104562,790.2447306970196,Gene 37,100
276.4084051024589,782.926008258943,Gene 37,100
280.2436440048707,789.7972291961427,Gene 37,100
280.58180624331897,792.320745084094,Gene 37,100
275.5312586630377,785.6105210948583,Gene 37,100
276.55708465402574,790.7280414773841,Gene 38,100
277.50191329582265,779.7287588011484,Gene 40,100
290.8824238952528,795.6521938338548,Gene 4,101
291.39673768214084,801.1394725140904,Gene 4,101
292.4312793452758,787.152666267457,Gene 5,101
292.3729864034275,785.6589580002786,Gene 5,101
292.34944980661356,799.876531491102,Gene 13,101
291.7107493010838,802.4262701140124,Gene 19,101
292.5245033955389,789.6204490200688,Gene 19,101
292.15601329157226,795.8417324611178,Gene 26,101
292.6755489008979,794.6864184651439,Gene 26,101
292.6728671686943,786.2856865548646,Gene 26,101
291.15005525447896,785.9978489374987,Gene 26,101
292.62440063390477,787.7644030967502,Gene 26,101
290.64438323627047,791.1244740599835,Gene 26,101
290.97707805074594,787.9392446598847,Gene 27,101
291.80208122237724,796.6152142206415,Gene 27,101
292.90431085725385,798.3465208886519,Gene 27,101
292.97502908191524,787.1087215679048,Gene 27,101
293.10116120557194,790.9819132110273,Gene 27,101
292.18103671969885,798.8094225781017,Gene 27,101
290.67901578487516,788.1263454069417,Gene 28,101
291.64409982905363,781.1829935004143,Gene 28,101
290.42004270992413,791.3307998744639,Gene 28,101
292.12319289275405,778.0884291100788,Gene 28,101
291.42510299422617,797.8642381304027,Gene 29,101
292.23765232513176,783.5841310930426,Gene 29,101
290.6938844724361,797.5626326598884,Gene 29,101
290.7807407446504,787.9882160464467,Gene 29,101
291.9721490069905,784.2456093240295,Gene 29,101
292.47445044751015,784.0966792268446,Gene 30,101
292.3022241913604,783.3990282020599,Gene 30,101
292.6189613837144,790.9630103082771,Gene 31,101
292.33540489101676,797.5433076535767,Gene 31,101
291.2041150821194,781.044031607721,Gene 31,101
290.8852699602405,797.6713860116573,Gene 32,101
292.20842874525164,800.628743212993,Gene 32,101
292.44834095003176,784.5318719384247,Gene 32,101
292.4945131634252,782.3400482487637,Gene 32,101
290.82031480813725,783.4184699064047,Gene 32,101
292.67482887115244,792.9312229127657,Gene 32,101
291.55672933475,784.152396940154,Gene 33,101
291.257722651037,801.4182476833706,Gene 36,101
290.3111523180651,789.2778557789787,Gene 37,101
291.1886835130001,787.649648159548,Gene 37,101
292.19194720780206,797.288500280963,Gene 40,101
299.8169701954903,779.5570012722012,Gene 4,102
299.70197409812755,795.99748749774,Gene 13,102
299.74841908346855,790.1329070833887,Gene 19,102
299.47261685765375,781.9216319657173,Gene 19,102
300.2592871295607,782.1809790251732,Gene 19,102
299.9685802559038,792.0676879395962,Gene 19,102
299.9004580568339,775.5186223306154,Gene 19,102
299.4608689340044,785.5623659982094,Gene 19,102
300.3086424551522,779.2448966664008,Gene 22,102
299.33682258108416,786.7764436657231,Gene 22,102
299.8449922423317,784.2817525923899,Gene 26,102
299.353609025141,782.3430079793287,Gene 26,102
299.47778041566244,781.4394750549956,Gene 26,102
299.4918539118401,787.2268516557357,Gene 26,102
299.7788157943297,794.0697078203841,Gene 26,102
299.62123875726195,789.4262555535574,Gene 27,102
299.8476799303613,789.8766262707906,Gene 27,102
300.11295105810484,780.9600873863734,Gene 27,102
299.51094022208497,786.4436709010635,Gene 27,102
299.5739001503568,787.1592058847489,Gene 27,102
299.81299128302874,794.2855913076212,Gene 27,102
299.54548815550334,789.080273655505,Gene 27,102
300.00472657689136,791.9904151929871,Gene 27,102
299.7299618499596,775.4742348695138,Gene 28,102
299.98086093543134,795.6117393546202,Gene 28,102
300.1560396087134,776.6877940217972,Gene 28,102
300.18271516802696,792.3803565867296,Gene 28,102
299.741350624224,796.8866400536733,Gene 28,102
299.71183553379626,776.4648977455262,Gene 28,102
299.9927833919361,790.5807935282809,Gene 28,102
299.37205964122296,791.0965363191643,Gene 29,102
299.61880544748175,790.425630147924,Gene 29,102
299.6762998801985,779.0809014865769,Gene 29,102
299.5184553786839,786.8158087447497,Gene 29,102
299.6399129678228,778.5709348040951,Gene 29,102
300.34517532937747,784.7467614090579,Gene 29,102
299.9188591378405,791.8601773915351,Gene 29,102
300.26371817449433,786.3318227967522,Gene 29,102
299.8221460857778,784.3120723760376,Gene 29,102
299.58949939824083,778.8578945304037,Gene 29,102
299.49847619849453,775.0953502262768,Gene 29,102
300.2423840751113,785.7225298999268,Gene 29,102
299.5384857488452,791.4701041625801,Gene 29,102
299.72707746888756,774.1546078016028,Gene 30,102
300.05321350928307,792.8679981576347,Gene 30,102
299.9990792744861,788.3681216866072,Gene 30,102
299.88127666763955,792.1261933108661,Gene 30,102
300.1396065863184,788.2219292377162,Gene 30,102
299.9441169893863,793.9528777461679,Gene 30,102
299.5752752579426,786.1440469941236,Gene 30,102
299.5981444534384,778.5635409914534,Gene 30,102
300.2651236073708,782.345142868119,Gene 32,102
299.6953508295775,779.9494272978303,Gene 32,102
299.8046581948824,796.8405284463184,Gene 32,102
299.6932037567952,792.2070980061757,Gene 32,102
300.1150827987935,793.6961209509124,Gene 37,102
300.2142092295827,778.8589041037013,Gene 37,102
252.8578306251333,796.3571645963315,Gene 4,103
245.0691895489608,801.1020802253219,Gene 13,103
247.8563454405652,792.1224720534925,Gene 19,103
244.77945390435377,792.8743615103583,Gene 19,103
246.47506432393726,790.9406116112873,Gene 26,103
243.8452214618527,799.7409994723375,Gene 26,103
244.71670567180868,793.567550724647,Gene 27,103
250.58529056675607,798.1590866121475,Gene 27,103
245.63512615645973,801.1674283355419,Gene 27,103
252.58840904415334,797.457665640067,Gene 27,103
242.99202931856638,793.970620520765,Gene 27,103
248.67400522067084,802.3098130065979,Gene 28,103
243.4946873880357,798.7133012155551,Gene 28,103
243.11808273915562,796.0108018578774,Gene 28,103
248.980695223747,798.2621640415125,Gene 29,103
244.004575945907,798.539506968272,Gene 29,103
246.07380156630072,794.2210800746716,Gene 29,103
243.52543199884622,795.1058359583614,Gene 29,103
249.10897745126906,792.980589092682,Gene 29,103
250.13586301355113,792.5123530438889,Gene 29,103
244.04097539448753,793.033492606266,Gene 29,103
249.75815900234267,799.9506161490401,Gene 29,103
244.40070991647306,795.7224334838045,Gene 29,103
247.9646899516579,800.9626105827209,Gene 29,103
248.10377713305397,798.9619326538028,Gene 29,103
251.14243937507243,794.2599083842123,Gene 30,103
251.06443892405062,794.4096615657235,Gene 30,103
245.86017494064419,800.8078746171889,Gene 30,103
245.25183136262402,799.4175963661652,Gene 30,103
243.22567537347265,798.2834642894769,Gene 30,103
250.11505886374306,794.694944757363,Gene 31,103
247.61930404671324,792.6922374557115,Gene 32,103
252.87328685223375,795.6349711523559,Gene 32,103
242.840770920555,791.8265957348478,Gene 32,103
250.6622990968645,800.0173348415067,Gene 32,103
242.07496944969012,794.9410287689676,Gene 32,103
244.75825816499363,791.7850766088117,Gene 32,103
252.07261097201285,800.1202131517152,Gene 33,103
249.28161846054738,799.5638889054176,Gene 37,103
247.11687717880395,800.9676622244968,Gene 37,103
248.6325229613242,791.2674253103743,Gene 37,103
245.4641660782658,800.562907962441,Gene 37,103
245.65583190876484,800.7911970345618,Gene 49,103
256.59721210747455,798.7169840444328,Gene 4,104
256.4774185455227,795.6779793155196,Gene 19,104
255.54218115709983,792.1950105225222,Gene 19,104
255.35038343197084,808.8129958326277,Gene 22,104
255.87094728046873,791.3718392022698,Gene 22,104
255.95469831354364,804.9947891531682,Gene 22,104
256.56125752754167,799.4269041866364,Gene 24,104
255.78738283351714,794.6044114453775,Gene 26,104
255.88659490279767,794.2349694261276,Gene 26,104
255.54807680643123,806.1648489396939,Gene 27,104
256.57555546218015,802.6184393044414,Gene 27,104
256.4662285481299,799.954880592924,Gene 27,104
256.66631999619864,798.3835728393674,Gene 27,104
255.57228584929612,796.1125295507014,Gene 28,104
256.76476504456235,796.9534072762073,Gene 28,104
255.34683637540337,794.7362125866094,Gene 29,104
256.3069062170645,802.9018163024124,Gene 29,104
255.4392870003148,806.7460126341794,Gene 29,104
255.00726929257155,806.3976019039094,Gene 30,104
256.1132846633534,804.1364129788617,Gene 30,104
255.18080319210992,799.9254638867382,Gene 30,104
256.4100894412055,801.9105016590051,Gene 30,104
256.0292062143291,794.6143056044779,Gene 31,104
255.97325494652526,801.2541961932122,Gene 31,104
256.6686285752424,800.4581098789447,Gene 31,104
255.65249529692585,805.0929953632971,Gene 31,104
255.94714423324825,807.3075666471967,Gene 32,104
256.50248928224124,800.729471267015,Gene 32,104
256.27263012756976,798.8992862334177,Gene 32,104
255.4395504638288,790.804170566841,Gene 33,104
254.81986440642916,795.5279263069796,Gene 37,104
256.3274114945015,805.0888888054541,Gene 49,104
262.60861892311016,799.264335891388,Gene 4,105
262.22114766752424,793.6611946032425,Gene 5,105
263.2170561670143,799.9900849555294,Gene 5,105
262.50818191367455,794.6833481683277,Gene 5,105
265.68973483921127,791.708111535417,Gene 13,105
266.2915140026987,795.6629785749377,Gene 19,105
262.4271294936933,793.4287799170995,Gene 19,105
267.6105988427644,800.6938201870336,Gene 26,105
266.7581139600412,793.9915813988151,Gene 26,105
262.02715010633176,794.2339818174665,Gene 26,105
264.05656576995193,802.0635153058549,Gene 26,105
264.2102506088553,797.8847005216774,Gene 26,105
265.7717530842732,801.2329306119188,Gene 26,105
263.26213181430944,803.1551633943309,Gene 26,105
265.0639259105336,791.7996841897921,Gene 26,105
266.2422115259834,794.5103434981527,Gene 26,105
267.74333195524724,793.5442156883495,Gene 26,105
264.4169671138855,803.2895181718765,Gene 26,105
264.85246682072994,803.6818669055949,Gene 26,105
262.0990676601943,795.3157446856093,Gene 27,105
264.8955714962595,801.5242935951752,Gene 27,105
265.8102584167194,794.4390536374156,Gene 27,105
266.87387107974376,800.0688032179969,Gene 27,105
264.1962073373707,805.332262821732,Gene 27,105
264.8917257662331,795.0589206452341,Gene 28,105
263.3146748954859,799.523731691964,Gene 28,105
265.3552076615788,790.9010778919314,Gene 28,105
262.9165718384979,794.5976896549838,Gene 28,105
263.54825930590766,791.6025281829654,Gene 28,105
267.41599683433594,801.6421054568394,Gene 28,105
265.27513681236564,793.5753734461671,Gene 28,105
262.5778973325233,796.5330265357657,Gene 29,105
264.491775677165,805.4939848972177,Gene 29,105
263.89404027247707,795.4587720271442,Gene 29,105
266.224927092878,802.773132172794,Gene 29,105
267.30880885799974,801.4405131352925,Gene 29,105
265.19303456627426,790.8968216576857,Gene 29,105
265.3635252349207,792.6344079925991,Gene 29,105
262.20138792935006,798.4323032486033,Gene 29,105
262.6033773887652,795.8956754663159,Gene 29,105
266.0085025504866,804.6388095029296,Gene 29,105
265.7711826194469,800.9034263233885,Gene 29,105
266.7416560269749,805.0944710426174,Gene 29,105
266.3460429386053,793.0525163319609,Gene 29,105
265.93077072122696,792.5100872554067,Gene 29,105
267.3313614434809,801.3424885576953,Gene 30,105
262.09229498093066,797.3059054099064,Gene 31,105
262.0193778873163,803.3427595725265,Gene 32,105
262.21418258312957,800.1266829997103,Gene 32,105
262.00068362512053,800.26466297889,Gene 32,105
267.79296064910505,798.7107607810923,Gene 32,105
263.65605358119916,793.1712620480348,Gene 32,105
263.6049976086274,803.0391619838427,Gene 32,105
263.26187174024403,800.3368340859818,Gene 32,105
264.5661543543844,794.3622026301268,Gene 32,105
262.693284972515,795.0563113520479,Gene 32,105
266.2002804990973,793.4923070161967,Gene 32,105
262.04622484733335,793.3707806612554,Gene 33,105
263.89548117690384,794.2867363697455,Gene 37,105
264.0103999631227,799.4581090647237,Gene 37,105
267.56295176575736,796.3852464291969,Gene 37,105
268.39065815488146,800.2817776173256,Gene 49,105
275.3947780239638,792.9566691044547,Gene 4,106
274.6064905315687,785.5446051337601,Gene 19,106
271.0486040014614,793.1306480496639,Gene 19,106
275.79307396932523,791.5454207185446,Gene 26,106
275.68393336437475,795.8612018307372,Gene 26,106
274.82108608362887,797.9846002938664,Gene 26,106
272.915144384878,796.9416230759274,Gene 26,106
274.5472537308092,787.7942898773549,Gene 26,106
274.7157573637151,788.9730200544045,Gene 27,106
274.54313534180494,798.8589182585908,Gene 27,106
273.99704626974284,798.7057120339559,Gene 27,106
274.7662753853595,784.4087581434497,Gene 27,106
273.20306031554463,784.8493764253207,Gene 27,106
274.8681504268086,784.8682323569878,Gene 27,106
272.8774410005441,798.2948953833112,Gene 27,106
273.3371189563692,786.6551110391271,Gene 27,106
275.02762110090487,795.6309251489369,Gene 27,106
274.06492464304785,788.8049526181211,Gene 27,106
272.12080881612974,784.9972287001654,Gene 27,106
271.83648300896783,792.2569286185749,Gene 28,106
274.6080634237318,783.4760812523702,Gene 28,106
275.40858128445063,790.598316341109,Gene 28,106
273.4412366297356,786.9426864803825,Gene 28,106
274.6432830058029,782.7605008620793,Gene 28,106
271.8237514964128,790.4951268581073,Gene 28,106
274.614529480033,786.9876867121915,Gene 28,106
274.1789528887512,783.5013938667197,Gene 28,106
274.19018990741404,781.8915095126385,Gene 29,106
273.02193633048097,798.6264970772447,Gene 29,106
273.0043348668561,795.6963593515679,Gene 29,106
274.9233494064193,794.25086369562,Gene 29,106
274.926208546107,797.2883192758919,Gene 29,106
272.138999231946,795.915644364573,Gene 29,106
275.7911006744157,789.9835651846275,Gene 29,106
273.1550184695966,795.72186482451,Gene 30,106
272.61300923892037,796.4239321851153,Gene 30,106
275.3025175443349,785.7133046357809,Gene 30,106
275.18634756731785,791.1256835451176,Gene 31,106
272.0010090695608,790.1843707445678,Gene 31,106
273.3389903619241,788.9270010308779,Gene 31,106
272.01658588683773,787.5052562641814,Gene 31,106
273.1503745336797,787.0049728068317,Gene 32,106
275.2684896254882,790.0649299631975,Gene 32,106
274.2522515696231,782.5172085270775,Gene 32,106
275.23648251427943,792.4041793893944,Gene 32,106
272.43834317974773,790.2793735791796,Gene 32,106
275.6533923566443,790.6522161904904,Gene 32,106
273.2541214534763,785.0492892970415,Gene 32,106
271.7822067853228,789.8319852198252,Gene 32,106
275.3863339270167,790.3852823039632,Gene 32,106
275.21960777126753,795.0535203422259,Gene 33,106
274.402702891336,796.008327857919,Gene 33,106
272.6056016557146,787.2725395562038,Gene 37,106
275.6516015452119,790.3487275793324,Gene 37,106
273.99201500343787,796.1685607001502,Gene 49,106
280.57346257194115,791.319779759524,Gene 5,107
280.11131759997716,794.1908841792998,Gene 5,107
280.0675748895115,795.9082887111397,Gene 13,107
279.8496522955805,795.774461380511,Gene 19,107
281.231184697007,793.0137825925743,Gene 19,107
287.0958353024418,798.896994195058,Gene 26,107
286.04016188365404,795.1345909627397,Gene 26,107
283.76865041552696,800.8729384159703,Gene 26,107
282.42484493593247,789.1576934681539,Gene 26,107
281.0929400958411,794.0077822000644,Gene 26,107
286.51014246292755,792.5412796799219,Gene 26,107
286.4677811599023,797.440192843352,Gene 26,107
282.44021366465176,790.6917275817467,Gene 26,107
280.02284763227567,796.7764329263773,Gene 26,107
287.2590895488623,797.3189566660404,Gene 26,107
283.04369698805647,802.187366240786,Gene 26,107
283.6145377785863,791.2750641620214,Gene 26,107
284.62065034169285,790.8485645816481,Gene 27,107
285.1518526014557,796.6913542732619,Gene 27,107
284.78458948641037,802.7421322730355,Gene 27,107
281.3398259057479,795.3345187298119,Gene 27,107
283.6626101264232,788.9198266513002,Gene 28,107
283.03592626139306,790.2582412128625,Gene 28,107
280.0090976128328,796.9528015010839,Gene 29,107
281.9091211843986,790.8786789107784,Gene 29,107
282.201324473106,789.9898678867233,Gene 29,107
283.2777866660867,800.786293922948,Gene 29,107
281.49551979064796,797.869958030078,Gene 30,107
280.9065627909973,799.9857755433376,Gene 30,107
283.6067280311691,789.3257737800784,Gene 30,107
283.8397725887732,789.0984726404315,Gene 32,107
281.30002319955423,798.7743169435373,Gene 32,107
282.0365029888621,796.4917130608376,Gene 32,107
281.27161260952226,790.3678194246679,Gene 32,107
286.45001799506275,796.0096494467632,Gene 32,107
282.38357754672836,790.3483498407963,Gene 32,107
282.55792769121643,792.0694355010213,Gene 32,107
281.60660680300714,790.4485876579608,Gene 32,107
282.39783958145404,788.6303106238453,Gene 32,107
281.8735788584488,801.9717044953917,Gene 32,107
282.08686663409947,792.6642918779478,Gene 32,107
283.91273301109976,790.262517234796,Gene 32,107
280.4887970106038,793.6014337872022,Gene 33,107
282.13158437304423,790.638925121821,Gene 33,107
282.72145462628856,790.0818221781049,Gene 34,107
283.2979964411594,792.023646860118,Gene 37,107
284.13383328449146,791.7328888538092,Gene 37,107
283.8059483650791,792.3283443495665,Gene 37,107
284.2460737188015,788.1127463443707,Gene 37,107
296.6679798197646,802.9518559379,Gene 4,108
295.845396563732,799.6214604080513,Gene 13,108
295.604295000618,802.0608078395313,Gene 19,108
295.79709443035966,795.3387063604549,Gene 19,108
297.5228236076221,804.6056255389128,Gene 19,108
294.641033598397,791.6958031406758,Gene 19,108
297.3715902383103,804.1558613076411,Gene 22,108
293.34031765499026,797.2390664373106,Gene 22,108
292.54850623786984,801.5837223179905,Gene 22,108
295.2624594656048,794.6566303065158,Gene 26,108
297.8492583965236,802.0132868692301,Gene 26,108
297.30073762474314,804.7114911693411,Gene 26,108
295.6525619996907,792.9560346310925,Gene 26,108
293.8417835006065,797.4405751832361,Gene 26,108
292.12977654428823,799.7661521745256,Gene 26,108
295.5088960325628,801.3857422063951,Gene 26,108
292.48448399112516,798.848806828622,Gene 26,108
294.0259907482293,803.7214777770688,Gene 26,108
297.3286984515942,794.8054688503362,Gene 26,108
297.2838805486985,795.5490115085396,Gene 27,108
291.6469024585523,797.1354172816075,Gene 27,108
293.64799727206474,799.6099411118146,Gene 27,108
291.8978678774156,800.4108018279336,Gene 27,108
295.6154181554805,803.3050898532871,Gene 27,108
292.06467254157747,801.0020856117225,Gene 27,108
296.3075067124293,806.3453980957808,Gene 27,108
297.0538709390333,799.0760019815045,Gene 27,108
295.9956363104559,804.8061916257595,Gene 27,108
294.9345022945338,797.3323166455281,Gene 27,108
297.43525532341914,799.0371122566336,Gene 28,108
296.21724567428583,793.2891136129901,Gene 28,108
293.03205187311113,800.7411874865538,Gene 28,108
293.4391877659997,794.8016552507193,Gene 28,108
296.93781533382975,795.2401908991878,Gene 29,108
298.1380845881797,802.9069516925322,Gene 29,108
298.379485186033,796.4972740996545,Gene 29,108
292.385870919195,793.5846474165235,Gene 29,108
291.9996494595968,794.9474782087367,Gene 29,108
293.7165541688774,796.6707170998476,Gene 29,108
293.71876699543117,798.991499528721,Gene 29,108
292.63647411603864,800.3751304562272,Gene 29,108
296.7903392537699,803.2945185940854,Gene 29,108
298.0783573434938,799.491924190048,Gene 29,108
295.6787797828304,792.9611765356175,Gene 30,108
293.2835961373353,798.4808354348248,Gene 30,108
297.5544306254509,794.8669529336553,Gene 30,108
293.8421341415288,805.4989640116513,Gene 30,108
295.57842608538806,797.0634901499974,Gene 31,108
293.94598705698525,793.9562604453658,Gene 31,108
292.20829657037547,803.8682806843893,Gene 31,108
292.51098137652605,798.9544860945464,Gene 31,108
297.629177675299,797.9841627713784,Gene 31,108
295.9724725710044,800.1036574776832,Gene 31,108
293.7730938927073,798.7583319830818,Gene 32,108
292.6295954740989,796.4976362672784,Gene 32,108
296.4464057556363,795.4492561403646,Gene 32,108
296.49032150934727,793.6960187274,Gene 32,108
293.0867151854069,802.9046250811346,Gene 32,108
295.71198738759557,804.4473235773921,Gene 32,108
298.01874005337817,802.7556137420453,Gene 32,108
298.28364069985525,800.2901506208304,Gene 32,108
293.1139207123265,801.8036177300328,Gene 33,108
291.4438138032468,796.6482496363881,Gene 37,108
292.8766974979292,804.8569012304507,Gene 37,108
298.6680453819914,796.8394126594696,Gene 38,108
294.0066401864392,795.7760932107353,Gene 38,108
296.34964489997395,803.1970867737311,Gene 49,108
274.30385103582415,708.2181700212694,Gene 6,109
274.49906058450154,712.7586426703181,Gene 6,109
270.2577960294888,710.5363437053793,Gene 13,109
270.0934126070196,707.8331261555346,Gene 13,109
270.0850139595564,703.0694652992545,Gene 16,109
273.47532729327446,703.2270292699272,Gene 16,109
276.33198671858884,701.8296699541883,Gene 19,109
275.7372115688544,701.6832553276915,Gene 19,109
270.3194311961484,706.038529736084,Gene 19,109
275.50782610687827,710.6577654384203,Gene 19,109
274.90041612020406,701.5798372017118,Gene 20,109
274.0741793222875,700.4107984835507,Gene 20,109
270.1552040529945,704.9301135268137,Gene 20,109
270.92885234781727,705.4321894661201,Gene 20,109
275.3194145870569,704.7368822384389,Gene 20,109
275.71190201580407,704.9621503207211,Gene 20,109
275.81888572835777,709.7935701210776,Gene 21,109
270.69651557705265,711.3786249627932,Gene 21,109
277.3668887709761,706.2036563911796,Gene 21,109
275.001597293269,703.0195934138216,Gene 21,109
269.5007149980904,704.501512014375,Gene 21,109
276.55789570536786,707.7522922897181,Gene 21,109
270.86978504730666,703.5236265718507,Gene 21,109
271.4336280017061,702.429209948643,Gene 21,109
271.7377419872959,712.3947848293205,Gene 21,109
274.08786591106303,701.7976026782203,Gene 21,109
274.2055240461454,703.0256559831948,Gene 21,109
273.27933439897436,701.5309115627302,Gene 22,109
276.4842936652251,702.9886063207077,Gene 23,109
271.0690254724061,701.2262175439702,Gene 23,109
274.2321507942811,709.6695966899898,Gene 24,109
269.42114186480904,708.1088404371823,Gene 24,109
269.3673458365216,704.6303935171271,Gene 24,109
275.6721448239878,708.2051519319092,Gene 24,109
273.9928823994292,711.8439597996093,Gene 24,109
275.0902103698388,711.5243835358717,Gene 24,109
275.210195017682,701.5791811957965,Gene 24,109
275.0701096052695,701.3775061707071,Gene 25,109
272.2638489001567,713.0024151561763,Gene 25,109
272.81566241986394,711.2075574088882,Gene 25,109
276.4426446252124,709.0021163906947,Gene 31,109
274.5304905369189,700.5560559107797,Gene 43,109
269.5069427900108,708.0803397260557,Gene 43,109
275.1579856028639,699.6633062554465,Gene 43,109
270.639717170616,709.5923724346314,Gene 47,109
275.51556417579843,704.2946885122625,Gene 47,109
276.8419482898221,709.1151326212872,Gene 49,109
280.3770258059709,696.4693546413787,Gene 3,110
280.2109475668174,704.3142925148061,Gene 3,110
281.82753202831634,705.9870637784774,Gene 6,110
281.21799946732574,696.5398986538621,Gene 6,110
279.95323578388644,709.4757120595955,Gene 8,110
280.6184312486127,713.6183036595443,Gene 8,110
282.3081160301191,704.9840844775076,Gene 13,110
282.2569467820332,699.084272028866,Gene 13,110
281.975106384239,711.5082693206623,Gene 16,110
281.6481543904548,699.9435596293674,Gene 18,110
280.5202582759238,699.2476816460213,Gene 19,110
281.8397100492074,709.4963440177573,Gene 19,110
283.14107552727563,701.0061391425547,Gene 19,110
282.5700647352027,701.5187998129062,Gene 19,110
280.53824841175623,697.9453252632007,Gene 20,110
280.93602517937126,710.333716516051,Gene 20,110
280.60545539775933,711.6286121047566,Gene 20,110
280.82639689854267,712.4860111069993,Gene 20,110
282.53609142178414,698.1647578465601,Gene 20,110
280.77100193448683,709.005529323228,Gene 20,110
280.55408585269885,698.1746460269436,Gene 20,110
280.62433422256663,710.7685701825169,Gene 20,110
280.5791621397881,709.8430863075007,Gene 20,110
281.68565845456794,708.2543421649405,Gene 21,110
281.79050186105763,701.4106109843522,Gene 21,110
282.37335048739044,710.7721628201679,Gene 21,110
280.1396399131928,701.888550744883,Gene 22,110
281.94382632094107,709.193957443387,Gene 23,110
280.63387739922587,709.5395226910997,Gene 23,110
282.6747326316106,696.0977843536131,Gene 23,110
279.77071422575,707.4193223064857,Gene 23,110
281.53353844885675,694.8211730339837,Gene 23,110
280.74711155498574,696.1867215690502,Gene 23,110
280.4885652158807,705.434285728716,Gene 24,110
282.0739008018863,704.7273759945556,Gene 24,110
281.2925285730721,705.8147842697574,Gene 24,110
280.8446147758069,709.4914476172196,Gene 24,110
280.72723847067994,696.559464816181,Gene 24,110
279.93793021554995,705.41320639347,Gene 24,110
282.1508950722149,697.3481350877825,Gene 25,110
280.48094485030947,704.2922964257392,Gene 25,110
282.83392830303546,706.5653414539455,Gene 25,110
280.92453792550293,697.3524642566379,Gene 25,110
280.41260773223536,699.8831018635885,Gene 25,110
279.8374477682145,704.567912831686,Gene 25,110
281.16544345290794,711.4718957486169,Gene 25,110
280.65996388027105,696.7125243126957,Gene 25,110
281.7436437264373,708.5530573780425,Gene 25,110
281.4812654557708,694.5250628537638,Gene 25,110
280.02736748040945,702.9817347656992,Gene 40,110
282.1180063892026,709.9312052415833,Gene 43,110
280.4044407081669,697.4105337658516,Gene 43,110
282.39126667023413,711.9570083666324,Gene 43,110
281.1136549357756,712.5594867444185,Gene 43,110
291.78528346347247,704.7685435601202,Gene 3,111
287.320407754918,701.2473390072613,Gene 3,111
296.4726306986597,703.226081731576,Gene 6,111
290.859848078195,697.1183055197669,Gene 13,111
293.50077898867863,697.0881722931629,Gene 13,111
288.54228196955535,707.4232057266631,Gene 13,111
294.8949176305798,703.0133344624503,Gene 16,111
295.11255343905776,703.1890178406162,Gene 16,111
292.86467024420455,706.8630282483473,Gene 19,111
291.9130392540326,699.0029637158145,Gene 19,111
295.4077183350603,702.6763968701288,Gene 20,111
293.6910423318855,700.9437793439774,Gene 20,111
286.0823935839453,703.6626393087961,Gene 20,111
287.4627571631471,702.2099953781071,Gene 21,111
289.59627564381174,696.5176763494924,Gene 21,111
287.6877488612207,701.2347945301966,Gene 21,111
290.65074697013046,695.903650171625,Gene 21,111
289.18195442309684,700.4395048598521,Gene 21,111
293.7281463012839,703.6514922614301,Gene 21,111
294.4028658662625,706.3623206408333,Gene 21,111
292.521149480945,696.2421326179499,Gene 21,111
289.20490652290954,701.7974914402007,Gene 21,111
288.6706729166252,696.6557738091304,Gene 21,111
292.87649071273546,706.626483719827,Gene 21,111
293.9446144272975,706.4753700768528,Gene 21,111
294.39555429977923,702.8158578403652,Gene 22,111
288.3765216997046,698.7130866004895,Gene 22,111
287.66283756760527,701.422208655645,Gene 22,111
288.6696488013205,704.0112028246057,Gene 22,111
289.7323351117569,698.0178203602463,Gene 23,111
288.175704085537,700.3788725543418,Gene 23,111
293.30060350216746,700.9450428298896,Gene 23,111
289.8855924224809,708.8410797025347,Gene 25,111
286.5472146945656,700.2123415499184,Gene 25,111
289.48913182353647,707.3985723931828,Gene 25,111
293.31407043886753,705.8122145917997,Gene 25,111
294.9820645868417,699.8608399211794,Gene 25,111
293.8642629256157,705.2621070783257,Gene 25,111
289.5221215267378,696.8066042971716,Gene 25,111
295.94868074602846,705.2696519263466,Gene 25,111
294.09350520598866,699.6778449657572,Gene 25,111
285.9714885723142,703.9525500742868,Gene 25,111
289.33041350880984,700.3889966329426,Gene 31,111
287.89836442319626,705.2458206087721,Gene 31,111
293.32497235949415,696.5315494801441,Gene 40,111
295.2460123055873,704.8619641662275,Gene 43,111
288.3409548817281,698.2303677866792,Gene 43,111
294.3375813094769,706.518994504505,Gene 43,111
291.04586696545863,708.2822399114494,Gene 43,111
287.86569449049347,704.1417676980814,Gene 49,111
298.6999240553359,710.7515840837306,Gene 2,112
299.5956233797131,707.1288378143161,Gene 3,112
298.3934281212775,704.933644655351,Gene 6,112
298.3250940684988,703.8231262989724,Gene 6,112
298.89890402403245,694.8726491244792,Gene 8,112
298.2599458032964,703.0106461093379,Gene 8,112
298.0173797348111,703.0733837083941,Gene 12,112
298.7657052935902,695.2799799036677,Gene 13,112
299.3432674057055,709.2255337369596,Gene 13,112
299.20677956089304,707.7680349421463,Gene 16,112
298.39246314715405,694.3655246358379,Gene 19,112
298.57541520857006,705.3621133628575,Gene 19,112
298.8075545275734,694.8610661975687,Gene 19,112
299.2133334686547,712.4449641575291,Gene 19,112
298.18829655689984,708.5327243283325,Gene 19,112
298.13620987126916,704.6537600574181,Gene 20,112
298.84883329782656,712.3229611013203,Gene 20,112
298.4161780717569,696.6389533848285,Gene 20,112
298.7652952179479,708.6814982289415,Gene 21,112
299.37547818161954,705.7483448662305,Gene 21,112
298.46874459159864,698.5305523663006,Gene 21,112
298.7511513728225,706.2250294229909,Gene 21,112
299.1217457287224,711.0894979466876,Gene 21,112
298.7268906945278,710.7214715928986,Gene 21,112
298.3163125854704,696.3415970015147,Gene 21,112
298.6179264906082,696.1998518340964,Gene 21,112
299.1459879889025,695.7085169639615,Gene 21,112
299.4732241452489,704.8611313705455,Gene 21,112
299.4222941207313,697.7646109147328,Gene 21,112
299.4972186457424,706.7250052069044,Gene 21,112
298.56133723839315,698.0147963994992,Gene 21,112
298.2443881042241,704.891440150522,Gene 22,112
299.53248095948993,699.1590948042615,Gene 22,112
298.40115498840817,699.0837870790505,Gene 23,112
298.25363026822674,704.6119998785784,Gene 24,112
298.48618046439856,709.9818354416134,Gene 24,112
299.5949009539814,700.8588310738629,Gene 24,112
298.6656826639795,711.1926833889007,Gene 24,112
298.287035287018,710.753238260657,Gene 25,112
298.4744634882265,706.9125856994028,Gene 25,112
298.2284722448427,703.1348371025521,Gene 25,112
299.35139680609853,708.8092606586889,Gene 25,112
298.3603336917552,708.5543863806365,Gene 25,112
299.30093366755773,694.9593903784552,Gene 25,112
298.2779203407286,708.4624826591248,Gene 27,112
298.60302823820416,709.8892005364439,Gene 31,112
298.4481874181,707.2280832058618,Gene 31,112
298.3965836435069,711.4545676860947,Gene 31,112
299.20340890865873,698.7617499389545,Gene 31,112
298.5407514384894,711.540741960843,Gene 43,112
298.9481911668266,700.8517798777572,Gene 43,112
299.2969217667199,694.4699289845931,Gene 43,112
298.70225745756255,695.6539123709507,Gene 43,112
299.08555641527323,706.7768998450354,Gene 43,112
298.8015322020689,713.403340737371,Gene 43,112
271.26081737736865,704.295031902341,Gene 2,113
271.45528437855126,702.0615585839437,Gene 2,113
273.98459685974166,715.0886595541964,Gene 8,113
273.1631302388007,715.7075685626592,Gene 13,113
272.62804944948317,715.6168292725913,Gene 13,113
274.6253060598657,713.651783507502,Gene 19,113
269.70065758485754,713.9164757723589,Gene 19,113
277.2279359069088,710.0738925537969,Gene 19,113
272.2998657796657,703.8633621275932,Gene 20,113
271.9339881475911,702.9919190258611,Gene 20,113
271.74766201696724,714.0987716976244,Gene 20,113
272.15767518052814,710.2825957153627,Gene 21,113
273.9363742253566,706.0266598073241,Gene 21,113
270.1273206901453,708.6970531838035,Gene 21,113
271.00100263459944,713.0746826384901,Gene 21,113
276.30283087103624,712.6413026239393,Gene 21,113
276.42941102523014,707.5950335171093,Gene 21,113
274.3433254286077,703.8800633830988,Gene 23,113
272.48449995504524,715.2206597846863,Gene 23,113
271.39018734246457,710.1571562441219,Gene 24,113
271.5819498540795,704.2230438397334,Gene 24,113
270.9811507162829,706.5594999988699,Gene 24,113
272.2055528331435,702.751074227602,Gene 24,113
274.54642392784206,714.1187167281016,Gene 25,113
271.87530992862327,711.6712672469972,Gene 25,113
275.68083752226596,704.9540021345072,Gene 40,113
272.22608841780146,706.1591746556668,Gene 40,113
272.83091908470635,716.7250102530487,Gene 49,113
284.4965843937903,710.6793946369161,Gene 2,114
285.0428368743618,706.9482408865631,Gene 6,114
285.1883782734507,706.4066447100031,Gene 8,114
285.5338918191403,721.1541402577308,Gene 8,114
284.1540126778631,708.352431435293,Gene 8,114
284.3062682258832,707.0981181268719,Gene 13,114
285.820021615916,711.7675219296682,Gene 19,114
284.84007837108055,722.1167044050749,Gene 19,114
285.6725685485788,708.2709322340936,Gene 20,114
284.6603926769948,719.5100778078927,Gene 20,114
283.99978192473986,715.4381079911916,Gene 20,114
283.91760872683426,709.0481530593004,Gene 20,114
284.2408818996403,706.6951006125945,Gene 20,114
284.0532687784648,716.2332168898616,Gene 20,114
285.29751863333433,704.564450910377,Gene 20,114
284.101333420988,707.6037387763794,Gene 20,114
284.63183938321504,707.6420616750148,Gene 21,114
285.0629145135207,708.0314514400036,Gene 21,114
284.5564841656043,709.7641332857461,Gene 21,114
285.71232454592666,718.1481068516524,Gene 21,114
284.80449440464696,715.8528027151985,Gene 21,114
284.67005441584297,722.7621505321473,Gene 21,114
283.8405334678025,710.3883342166117,Gene 22,114
283.7369393442319,714.0421748847965,Gene 23,114
284.82024052821606,721.0602507000295,Gene 23,114
283.9236352870147,717.6720742930222,Gene 23,114
284.2877340077588,707.9992669814926,Gene 23,114
285.87513681636216,712.8250445236923,Gene 24,114
285.41586736192363,709.5140461425818,Gene 24,114
285.4707614671687,721.8500477482122,Gene 24,114
284.84901725561093,721.7558900954828,Gene 25,114
284.1704025281307,716.4816968349928,Gene 25,114
284.6018617134478,704.8989271581778,Gene 25,114
284.1878677923999,709.9838387437267,Gene 25,114
283.97128716123626,719.0623359018649,Gene 31,114
284.6303110999753,723.8144578051059,Gene 33,114
284.9588573262986,716.7100434457199,Gene 40,114
284.37439818602394,707.3426570493505,Gene 43,114
284.6046371947613,721.17563591593,Gene 43,114
284.2601965742995,716.3313389645637,Gene 43,114
288.7199840349088,708.1457718043814,Gene 0,115
287.502880880014,713.5479093807498,Gene 6,115
289.04205699958266,714.0238009685091,Gene 8,115
290.64783937531644,709.2071634716725,Gene 13,115
290.3659981410923,716.0671021282955,Gene 16,115
292.1776864861259,715.5275430321526,Gene 16,115
293.72353778659203,715.4575173497585,Gene 19,115
291.22909106407565,716.5317956164149,Gene 19,115
295.97951338961514,709.1178089708602,Gene 20,115
294.8783391199853,713.5608012026825,Gene 20,115
293.89337422554945,707.6824230552787,Gene 20,115
288.9247755651939,714.7218303440035,Gene 20,115
288.42799019210986,714.9131879830792,Gene 21,115
287.3132218346237,712.4882372813304,Gene 21,115
295.24556783074075,716.0184603134351,Gene 21,115
288.8240013531208,709.2640195582956,Gene 21,115
289.7422536140751,715.6264658270536,Gene 21,115
287.8640529053337,714.1507065398696,Gene 21,115
287.9962530650818,710.1534389175318,Gene 22,115
295.4668828035712,713.6000111199626,Gene 22,115
290.20192692292653,715.0849599817657,Gene 22,115
295.4011918284731,714.5835784015743,Gene 22,115
296.52957283938605,714.7245147408054,Gene 22,115
290.4765537536895,708.0576973193992,Gene 23,115
287.8117756508605,713.9838372695154,Gene 23,115
296.5535685713025,713.712597206159,Gene 23,115
293.869139962746,710.0902107438401,Gene 24,115
293.3362761066008,708.6104389011612,Gene 24,115
288.1442535905647,710.1189604867495,Gene 24,115
292.98688439591376,715.6743084419721,Gene 25,115
291.0835835967649,706.2058522965311,Gene 25,115
288.07058861831194,713.7184983519742,Gene 25,115
288.0763679757552,713.5583403542873,Gene 25,115
293.8955778341951,715.2202987962097,Gene 25,115
288.4681775859076,713.3566489262172,Gene 25,115
295.3574968978129,710.8491482448319,Gene 27,115
290.03845790057284,715.3460702757403,Gene 31,115
290.8469812537371,710.9514199918065,Gene 40,115
293.64031227692817,715.8452803412525,Gene 43,115
288.39172230130254,714.9610903871852,Gene 43,115
288.80231488253094,707.0334568393171,Gene 43,115
291.8385739023994,707.0566086451742,Gene 43,115
290.76677202831996,706.8869830665577,Gene 43,115
293.52774639717813,717.9860210401733,Gene 43,115
293.2584262578143,725.4046068995449,Gene 0,116
293.31632075823677,718.3228538266511,Gene 2,116
292.5294520678907,726.0432494950261,Gene 5,116
289.33315752317213,726.8826593948012,Gene 6,116
290.7733606183236,715.0845118499717,Gene 6,116
291.9898289968704,717.9987294402521,Gene 8,116
294.2471155872042,719.4152659238754,Gene 8,116
292.90765523420447,726.3811672117257,Gene 13,116
292.6249633607347,725.7546483312475,Gene 13,116
289.44562670547094,717.0172695754256,Gene 13,116
290.2476099884593,730.4667451953322,Gene 16,116
291.8137682621738,727.4330675917627,Gene 16,116
289.20604030225616,724.5490604771508,Gene 19,116
290.67969924149844,729.5023390067172,Gene 19,116
292.67113322221405,722.5189726753242,Gene 19,116
291.9033363269766,725.799351433847,Gene 20,116
294.1758461930456,724.116141400964,Gene 20,116
290.2075567134823,717.694050006463,Gene 21,116
289.06632579880284,726.2180959056237,Gene 21,116
293.65495444700684,723.7430971744963,Gene 21,116
293.10984189156693,722.9327030611759,Gene 22,116
292.09166563780997,729.7002083889341,Gene 22,116
289.9446585852525,719.0447266778674,Gene 22,116
289.0789761585006,717.5524434893665,Gene 22,116
294.40816653290955,720.0864434662517,Gene 23,116
290.00617145121936,718.1728946503817,Gene 23,116
290.4735551662689,729.2267807939658,Gene 23,116
290.77193355927915,728.0701462178912,Gene 24,116
288.5741382938348,727.4495621531415,Gene 24,116
288.825627326994,716.6466043687192,Gene 25,116
293.73814242189957,723.6760230776753,Gene 25,116
288.9380459332767,721.2315490704904,Gene 25,116
290.9266181047989,728.1396812414414,Gene 25,116
294.06813745536186,726.1824564758987,Gene 25,116
293.8827495915573,721.4332248410612,Gene 25,116
290.67059634619557,716.0986873595125,Gene 25,116
293.1503703930928,720.1357891417988,Gene 31,116
290.36825537308994,723.356108870163,Gene 40,116
287.9188125786645,720.2467916107155,Gene 43,116
290.0367201084849,716.9928239766383,Gene 43,116
297.7321044411497,716.7065563864462,Gene 2,117
298.5338245343525,719.4147370072666,Gene 6,117
297.12328803864153,726.2479665533795,Gene 13,117
298.3830940070082,724.3549228787917,Gene 13,117
297.8052571475717,722.9229329728837,Gene 19,117
294.38024165510177,725.6258322526727,Gene 19,117
295.3459600606722,713.4445026927401,Gene 19,117
295.24286479571526,727.292727063932,Gene 20,117
295.6331074926575,714.8010509793683,Gene 20,117
294.2604575538131,723.974851597671,Gene 20,117
295.6064077539402,724.1047922724429,Gene 21,117
297.9813376487347,725.0589983580398,Gene 21,117
294.6986744889392,728.0121984992677,Gene 21,117
297.8123174291761,719.7674483874389,Gene 21,117
291.7039949238937,720.2517967509499,Gene 21,117
298.2566464593704,724.2890362610308,Gene 21,117
297.08763787747165,716.9436479518339,Gene 21,117
297.9898626278406,722.2672768982155,Gene 21,117
292.8483410320876,722.6244074820712,Gene 22,117
296.93332626871495,719.0840910932492,Gene 22,117
293.55815665765033,714.3323827305878,Gene 23,117
297.60192487941526,718.9971451928652,Gene 24,117
290.73098108018036,720.9970098260809,Gene 24,117
295.7373577474788,726.3342986027018,Gene 24,117
294.6591843293798,727.1400242598728,Gene 24,117
293.3298209699123,723.998662821499,Gene 24,117
297.0991953654827,716.380667289629,Gene 25,117
293.0969830771461,725.2111939350351,Gene 25,117
297.9277135203932,718.832558986913,Gene 25,117
294.6880615504304,726.104150502023,Gene 25,117
292.9436435813849,716.1864339319446,Gene 25,117
295.60324606809036,723.581767746807,Gene 25,117
296.8619915720733,726.580618256574,Gene 25,117
293.97786264803864,726.7503285625704,Gene 31,117
292.6232778240013,722.7769166852711,Gene 31,117
291.8744899092335,719.0366302615126,Gene 40,117
290.6494990279307,718.8875199402179,Gene 40,117
293.8149711069165,727.3566323094154,Gene 40,117
293.1430096977311,720.8384631603565,Gene 43,117
296.2606305571086,724.813370466857,Gene 43,117
291.3812610217205,719.6142059942698,Gene 43,117
297.3349708256878,725.7798969591062,Gene 47,117
291.44686360368036,719.6682635467031,Gene 47,117
291.1914363152536,718.6325895413006,Gene 49,117
298.7487730618452,726.7320609342233,Gene 2,118
297.05191727530075,722.152864111454,Gene 2,118
294.44825651859435,724.486973089346,Gene 2,118
295.0572413438257,731.6228157850204,Gene 5,118
294.491646341211,723.4087387776475,Gene 6,118
293.9305275104797,726.6058720329065,Gene 8,118
295.80414067991944,721.2133282552925,Gene 13,118
296.2946979958444,733.9365161227014,Gene 13,118
293.88296467358754,729.8364943053599,Gene 13,118
297.42742656935667,728.3828298449197,Gene 13,118
293.89777096171287,724.1758221644243,Gene 16,118
296.5507639924647,720.298307634652,Gene 16,118
299.16262157355766,730.3404119079354,Gene 19,118
298.53486020728405,729.4226715761847,Gene 19,118
294.1987314996488,724.5967330788001,Gene 19,118
297.0765484947223,731.6907484753573,Gene 19,118
299.19953767162474,726.548841434864,Gene 20,118
298.7415216147638,729.202970099796,Gene 20,118
298.47625181490264,731.9561320626015,Gene 20,118
298.2830925169529,719.5886448891158,Gene 20,118
297.2474563390638,733.0472806659689,Gene 21,118
294.8572929113515,729.6522362747123,Gene 21,118
293.7223314835801,726.6116570286421,Gene 21,118
298.61188342224324,721.5812725840715,Gene 21,118
298.7911175084624,723.0688788062745,Gene 21,118
296.83779420419586,722.3627179739615,Gene 23,118
296.518573938591,722.6726459842436,Gene 24,118
294.38980878380664,726.0957373218482,Gene 24,118
299.43007963184033,728.3181556015197,Gene 24,118
293.9364643057072,726.9037774006418,Gene 24,118
299.07536909548213,722.6722917233129,Gene 24,118
296.1756472165073,734.2945052072355,Gene 25,118
299.16198984329475,721.927346136253,Gene 25,118
299.6205017247569,729.4814383419783,Gene 25,118
297.74002575529533,719.7153327618413,Gene 25,118
299.3111869849732,729.796426101574,Gene 25,118
299.59059041819125,728.6945140315781,Gene 25,118
296.2441407956638,719.4593108542336,Gene 25,118
298.38672440979553,733.3583004078389,Gene 25,118
295.4262668408811,721.9194511320823,Gene 25,118
295.0395331027308,732.8797479132182,Gene 27,118
300.1685241017261,723.8642855737037,Gene 31,118
297.7378875330531,719.4030353548237,Gene 31,118
296.9957766769703,719.444120258538,Gene 40,118
296.9411860655708,734.1091825034679,Gene 43,118
294.7358368469185,721.4742108387334,Gene 43,118
296.7856805745988,733.2334757303156,Gene 43,118
295.2317027229111,727.7263789190553,Gene 43,118
299.6776945474995,725.9775516174559,Gene 47,118
