X,Y,Class ID,Class 0,Class 1,Class 2,Class 3,Class 4,Class 5,Class 6,Class 7,Class 8,Class 9,ProbClass0,ProbClass1,ProbClass2,ProbClass3,ProbClass4,ProbClass5,ProbClass6,ProbClass7,ProbClass8,ProbClass9,Minor Axis,Major Axis,Rotation,RNA Concentration,Color_string,ClassName
10.534872370326394,9.6970560699006,7,0,0,0,0,0,0,0,1,0,0,0.5219888354894898,0.21489975544859,7.209083669839114e-05,7.209083669839114e-05,7.209083669839114e-05,7.209083669839114e-05,7.209083669839114e-05,0.08528302446692754,0.17739583957428035,7.209083669839114e-05,11.193642993917592,10.845468012601813,0.042772505714575165,0.9501950922653619,#7f7f7f,h
27.41477082633565,9.213813348823757,0,1,0,0,0,0,0,0,0,0,0,0.5079178014929299,0.22122567833340862,7.421294741324103e-05,7.421294741324103e-05,7.421294741324103e-05,7.421294741324103e-05,7.421294741324103e-05,0.08779346862744193,0.18261777386123218,7.421294741324103e-05,10.114927635086858,11.403662170071643,4.28093435692984,0.9814077719458818,#1f77b4,A
34.90917439419338,7.057681590351189,7,0,0,0,0,0,0,0,1,0,0,0.5076109351113899,0.22136363642988108,7.425922719882415e-05,7.425922719882415e-05,7.425922719882415e-05,7.425922719882415e-05,7.425922719882415e-05,0.08784821733430906,0.1827316557607193,7.425922719882415e-05,16.505758611697704,5.509518971458102,0.09273330020944082,0.978064541658086,#7f7f7f,h
47.115829384428146,9.814686924990307,0,1,0,0,0,0,0,0,0,0,0,0.49188699584235573,0.22843265689318173,7.663061938013963e-05,7.663061938013963e-05,7.663061938013963e-05,7.663061938013963e-05,7.663061938013963e-05,0.0906535599642736,0.18856700358341605,7.663061938013963e-05,15.66873713937935,6.0503105170099385,1.5457812906470005,0.8873545794601236,#1f77b4,A
59.704654590144706,9.425253563060616,0,1,0,0,0,0,0,0,0,0,0,0.48571951301074323,0.23120537571368655,7.756076292210092e-05,7.756076292210092e-05,7.756076292210092e-05,7.756076292210092e-05,7.756076292210092e-05,0.09175391415739688,0.19085583254015503,7.756076292210092e-05,7.722233205498175,14.375329473589325,4.6188388608009525,0.9744754920769867,#1f77b4,A
74.05391566840827,6.998047358822253,1,0,1,0,0,0,0,0,0,0,0,0.4860710773327782,0.23104732273827683,7.750774205562216e-05,7.750774205562216e-05,7.750774205562216e-05,7.750774205562216e-05,7.750774205562216e-05,0.0916911907925387,0.1907253626835864,7.750774205562216e-05,13.98738126113559,8.437529744513968,0.38253542282103786,1.1342331174581033,#ff7f0e,B
81.04810208993179,5.287811302895269,0,1,0,0,0,0,0,0,0,0,0,0.4884943802642233,0.22995787703907491,7.714227373841075e-05,7.714227373841075e-05,7.714227373841075e-05,7.714227373841075e-05,7.714227373841075e-05,0.09125884398029369,0.18982604507348907,7.714227373841075e-05,10.624187400760398,11.19144602737369,2.203567403871596,1.061841836409394,#1f77b4,A
91.13691201134871,9.839454064731477,8,0,0,0,0,0,0,0,0,1,0,0.47392316497859355,0.2365086667150518,7.933981885795056e-05,7.933981885795056e-05,7.933981885795056e-05,7.933981885795056e-05,7.933981885795056e-05,0.09385852658601766,0.1952336028067153,7.933981885795056e-05,14.891564551928477,6.823802954836004,4.814435491139719,1.0135639492518733,#bcbd22,i
103.62400477219695,7.878848927247134,0,1,0,0,0,0,0,0,0,0,0,0.47796617041774514,0.23469105042351074,7.873007652027178e-05,7.873007652027178e-05,7.873007652027178e-05,7.873007652027178e-05,7.873007652027178e-05,0.09313720508269903,0.19373319361644545,7.873007652027178e-05,16.66552147826968,5.455751993246782,5.489852816110267,0.9302952557255634,#1f77b4,A
119.65611250388042,10.462684575511817,0,1,0,0,0,0,0,0,0,0,0,0.47182717211621994,0.23745096343736427,7.965592419268143e-05,7.965592419268143e-05,7.965592419268143e-05,7.965592419268143e-05,7.965592419268143e-05,0.0942324772880849,0.19601145161270292,7.965592419268143e-05,15.404835242499823,6.2064483191837585,0.6076479811362312,0.8391240056969996,#1f77b4,A
133.42433202207775,7.373630534500873,0,1,0,0,0,0,0,0,0,0,0,0.4831572991732501,0.23235727166919054,7.794718096640456e-05,7.794718096640456e-05,7.794718096640456e-05,7.794718096640456e-05,7.794718096640456e-05,0.09221104437027934,0.19180670170099842,7.794718096640456e-05,15.197628753584278,6.786656618686587,1.4387434959040106,1.0416752671759584,#1f77b4,A
138.00932612737344,6.620308994841605,8,0,0,0,0,0,0,0,0,1,0,0.4866260129597268,0.2307978400077986,7.742404992323957e-05,7.742404992323957e-05,7.742404992323957e-05,7.742404992323957e-05,7.742404992323957e-05,0.09159218350533616,0.1905194192271125,7.742404992323957e-05,12.27586974362146,9.723808205100923,4.621257071107189,0.9828904050629913,#bcbd22,i
154.5553075943628,11.200138817938988,0,1,0,0,0,0,0,0,0,0,0,0.4814209207643073,0.23313789631386994,7.820905136111409e-05,7.820905136111409e-05,7.820905136111409e-05,7.820905136111409e-05,7.820905136111409e-05,0.09252083546581925,0.1924510931473554,7.820905136111409e-05,14.838241694354936,7.1383704752761465,4.614867750122812,0.7963404786341963,#1f77b4,A
167.95723502789235,10.149598856010288,1,0,1,0,0,0,0,0,0,0,0,0.4920774105243131,0.22834705205458256,7.660190215602189e-05,7.660190215602189e-05,7.660190215602189e-05,7.660190215602189e-05,7.660190215602189e-05,0.09061958766156203,0.18849633834611404,7.660190215602189e-05,11.02815519728776,11.275327077778812,0.2534909211795532,0.9356942551900765,#ff7f0e,B
174.18739244480673,14.07818539554021,1,0,1,0,0,0,0,0,0,0,0,0.48605321784895816,0.23105535183673798,7.751043551809154e-05,7.751043551809154e-05,7.751043551809154e-05,7.751043551809154e-05,7.751043551809154e-05,0.09169437714237459,0.1907319905583346,7.751043551809154e-05,14.125035419475735,7.890295819616663,1.6026658033359233,1.00996611850759,#ff7f0e,B
193.91068961909062,12.771514874416333,0,1,0,0,0,0,0,0,0,0,0,0.5056524533434389,0.2222441122100129,7.45545939178316e-05,7.45545939178316e-05,7.45545939178316e-05,7.45545939178316e-05,7.45545939178316e-05,0.08819763437921345,0.18345847250332223,7.45545939178316e-05,10.449816937500373,11.474948044778394,5.808048689720136,0.8501450261081049,#1f77b4,A
205.4169260377512,12.91668238301773,0,1,0,0,0,0,0,0,0,0,0,0.5164065686291287,0.21740937838673055,7.293272140426423e-05,7.293272140426423e-05,7.293272140426423e-05,7.293272140426423e-05,7.293272140426423e-05,0.08627896898994218,0.17946748766525655,7.293272140426423e-05,16.67040366058614,5.534923003959893,5.416444222591837,0.9945900344077259,#1f77b4,A
218.52336928933818,11.135689012933435,0,1,0,0,0,0,0,0,0,0,0,0.5348701402109053,0.20910869984148628,7.014815396610258e-05,7.014815396610258e-05,7.014815396610258e-05,7.014815396610258e-05,7.014815396610258e-05,0.08298484252624073,0.17261542849703618,7.014815396610258e-05,11.010348174748074,11.283718903760427,3.7109521551219293,0.9995109242890866,#1f77b4,A
227.25486599900742,13.63653226288771,8,0,0,0,0,0,0,0,0,1,0,0.5388886192728807,0.20730210988750497,6.954211055259767e-05,6.954211055259767e-05,6.954211055259767e-05,6.954211055259767e-05,6.954211055259767e-05,0.08226789682788255,0.17112412134787733,6.954211055259767e-05,10.274311141024942,11.86084341949728,4.833090391421233,1.1096149430015727,#bcbd22,i
239.19539243798346,14.18551184026335,8,0,0,0,0,0,0,0,0,1,0,0.5524349169965256,0.20121209299212098,6.749913748090149e-05,6.749913748090149e-05,6.749913748090149e-05,6.749913748090149e-05,6.749913748090149e-05,0.07985107202131693,0.16609692316459856,6.749913748090149e-05,12.615354989506363,9.29532668877315,4.334816331824707,0.9450019428069721,#bcbd22,i
250.61338017120335,12.174004674931238,8,0,0,0,0,0,0,0,0,1,0,0.5721857392815739,0.1923327044043655,6.452043445108551e-05,6.452043445108551e-05,6.452043445108551e-05,6.452043445108551e-05,6.452043445108551e-05,0.07632728432504818,0.1587671493817336,6.452043445108551e-05,14.87304902550587,6.749402380062312,4.380014984385885,0.9203515852576092,#bcbd22,i
265.6321954115656,12.482337778045826,1,0,1,0,0,0,0,0,0,0,0,0.5923906693172261,0.1832491623327637,6.147324555708285e-05,6.147324555708285e-05,6.147324555708285e-05,6.147324555708285e-05,6.147324555708285e-05,0.07272247826502404,0.15126885061105125,6.147324555708285e-05,13.220748982004894,8.862566044475239,5.677464313912477,1.1311633301154618,#ff7f0e,B
275.00455477702286,14.019679242118995,0,1,0,0,0,0,0,0,0,0,0,0.6027111101912492,0.17860939576533427,5.991677727151881e-05,5.991677727151881e-05,5.991677727151881e-05,5.991677727151881e-05,5.991677727151881e-05,0.07088118568251303,0.1474388076966715,5.991677727151881e-05,18.951955627493636,3.7799422877744684,6.176375438942758,0.9672954634367432,#1f77b4,A
289.34505724982074,10.722367807018577,0,1,0,0,0,0,0,0,0,0,0,0.6310711958213079,0.16585953568067627,5.563967570213005e-05,5.563967570213005e-05,5.563967570213005e-05,5.563967570213005e-05,5.563967570213005e-05,0.06582140035479118,0.1369140300883806,5.563967570213005e-05,14.152737983245729,7.290740743443794,3.272933912461568,0.966556504157627,#1f77b4,A
297.48520040892015,8.411426548157896,0,1,0,0,0,0,0,0,0,0,0,0.6479886070278228,0.15825396534879146,5.308829109189867e-05,5.308829109189867e-05,5.308829109189867e-05,5.308829109189867e-05,5.308829109189867e-05,0.06280312776837012,0.13063577010781624,5.308829109189867e-05,14.523624325491827,7.572910444063702,3.1412647399722124,0.9333479388983086,#1f77b4,A
314.7716982697835,10.259613659061785,0,1,0,0,0,0,0,0,0,0,0,0.6709390294387901,0.14793613068352895,4.9627043160826066e-05,4.9627043160826066e-05,4.9627043160826066e-05,4.9627043160826066e-05,4.9627043160826066e-05,0.05870849236794128,0.12211858525010372,4.9627043160826066e-05,14.635474581876302,7.0845222611943655,5.834099041770516,1.037577656992379,#1f77b4,A
322.3207875556117,9.015845864029668,0,1,0,0,0,0,0,0,0,0,0,0.6848430832771282,0.141685277164932,4.753011541284388e-05,4.753011541284388e-05,4.753011541284388e-05,4.753011541284388e-05,4.753011541284388e-05,0.05622783950515469,0.11695861935962311,4.753011541284388e-05,13.512983302920885,8.272512349750075,4.605378533459701,1.0970606766993785,#1f77b4,A
335.5838780362678,8.978248037984809,7,0,0,0,0,0,0,0,1,0,0,0.7053041893902922,0.1324865658661311,4.444429154723159e-05,4.444429154723159e-05,4.444429154723159e-05,4.444429154723159e-05,4.444429154723159e-05,0.05257732850702787,0.10936525048655997,4.444429154723159e-05,18.951620964637836,3.034461219984583,1.9477175281793564,0.8265151921157159,#7f7f7f,h
347.29606590747335,9.896683655456643,8,0,0,0,0,0,0,0,0,1,0,0.721733507506941,0.12510042782670328,4.19665182704744e-05,4.19665182704744e-05,4.19665182704744e-05,4.19665182704744e-05,4.19665182704744e-05,0.04964613768357753,0.10326812787243357,4.19665182704744e-05,10.383676283162192,11.068017224425095,5.639441598911122,1.05542808533504,#bcbd22,i
356.24541712568373,9.702561545193038,0,1,0,0,0,0,0,0,0,0,0,0.7355766581004449,0.1188769546150796,3.9878775592222235e-05,3.9878775592222235e-05,3.9878775592222235e-05,3.9878775592222235e-05,3.9878775592222235e-05,0.04717635070281411,0.09813076392737252,3.9878775592222235e-05,10.882849317856557,11.207722721508553,5.738178458142733,1.078085858377409,#1f77b4,A
373.8450510741286,8.276186248323949,8,0,0,0,0,0,0,0,0,1,0,0.763492669706287,0.1063267371460979,3.5668646659329625e-05,3.5668646659329625e-05,3.5668646659329625e-05,3.5668646659329625e-05,3.5668646659329625e-05,0.04219579359962803,0.08777078766726733,3.5668646659329625e-05,11.233927139707667,11.295756374555431,1.6202183136011943,1.092765778198616,#bcbd22,i
382.33923712683486,10.472978554771302,0,1,0,0,0,0,0,0,0,0,0,0.7727771147193806,0.10215272383651978,3.42684211855985e-05,3.42684211855985e-05,3.42684211855985e-05,3.42684211855985e-05,3.42684211855985e-05,0.040539335319985215,0.08432521559622805,3.42684211855985e-05,13.758079300544402,8.952778040948555,0.6858056650142164,1.1265573636849695,#1f77b4,A
394.76200088983467,15.479596246418168,0,1,0,0,0,0,0,0,0,0,0,0.7842395047148385,0.09699957054268853,3.2539730839665365e-05,3.2539730839665365e-05,3.2539730839665365e-05,3.2539730839665365e-05,3.2539730839665365e-05,0.03849430508008447,0.08007138127656613,3.2539730839665365e-05,15.175307166394651,6.382146406156454,3.8336577003706185,0.9393400428705597,#1f77b4,A
405.4030997884919,9.275583534522568,0,1,0,0,0,0,0,0,0,0,0,0.8057567122706795,0.08732606710803231,2.9294631956451634e-05,2.9294631956451634e-05,2.9294631956451634e-05,2.9294631956451634e-05,2.9294631956451634e-05,0.03465537269797643,0.07208608013076725,2.9294631956451634e-05,13.10413937672306,8.207462193633726,2.429909011704335,1.112866099279222,#1f77b4,A
419.6367875716827,12.497945930574613,0,1,0,0,0,0,0,0,0,0,0,0.8207282950152309,0.08059528400219454,2.703670576792545e-05,2.703670576792545e-05,2.703670576792545e-05,2.703670576792545e-05,2.703670576792545e-05,0.03198425965227514,0.06652994109487098,2.703670576792545e-05,10.879725874491017,10.697281650953867,4.508706906243943,1.0470343777289446,#1f77b4,A
433.4629778426441,11.121275528465034,0,1,0,0,0,0,0,0,0,0,0,0.838857473230556,0.07244493887593599,2.4302569573558333e-05,2.4302569573558333e-05,2.4302569573558333e-05,2.4302569573558333e-05,2.4302569573558333e-05,0.028749793045434836,0.059801979429792845,2.4302569573558333e-05,12.362367372668166,10.328409874648345,3.0720674599606066,0.9897108109317209,#1f77b4,A
445.2930675597782,8.899711403054438,0,1,0,0,0,0,0,0,0,0,0,0.8541433746351647,0.06557284734846644,2.1997239690566805e-05,2.1997239690566805e-05,2.1997239690566805e-05,2.1997239690566805e-05,2.1997239690566805e-05,0.026022601715445834,0.0541291928619254,2.1997239690566805e-05,16.27775372710972,5.4098009300257965,3.654012555341321,1.0619371825647608,#1f77b4,A
453.55048395162527,13.913633965493347,0,1,0,0,0,0,0,0,0,0,0,0.8592048143457721,0.06329737297300202,2.1233903076848692e-05,2.1233903076848692e-05,2.1233903076848692e-05,2.1233903076848692e-05,2.1233903076848692e-05,0.025119579111108698,0.05225083015079686,2.1233903076848692e-05,13.07455966761591,9.034260177607,2.4841945937174486,0.8901227823077816,#1f77b4,A
468.8895627488431,11.100309211195336,0,1,0,0,0,0,0,0,0,0,0,0.87690341018177,0.05534060501583074,1.8564704788325517e-05,1.8564704788325517e-05,1.8564704788325517e-05,1.8564704788325517e-05,1.8564704788325517e-05,0.021961933654730145,0.04568266291806216,1.8564704788325517e-05,9.697040577977226,12.219757287250054,6.000784093223536,0.9688551426807819,#1f77b4,A
485.77790724695257,11.450251508487469,0,1,0,0,0,0,0,0,0,0,0,0.8922969993220159,0.04842010025082316,1.6243134073444208e-05,1.6243134073444208e-05,1.6243134073444208e-05,1.6243134073444208e-05,1.6243134073444208e-05,0.019215529518691828,0.03996991210313616,1.6243134073444208e-05,14.438435614716145,7.75505335126973,6.184238370928585,0.852541243735707,#1f77b4,A
494.9903255685498,13.393781658424336,1,0,1,0,0,0,0,0,0,0,0,0.8991260066719184,0.04534997947036711,1.5213223288454312e-05,1.5213223288454312e-05,1.5213223288454312e-05,1.5213223288454312e-05,1.5213223288454312e-05,0.01799715127954724,0.03743558323753755,1.5213223288454312e-05,16.933225230948477,5.081044908170374,5.956904991479499,1.018528808800702,#ff7f0e,B
505.46158703312267,12.659517777626506,7,0,0,0,0,0,0,0,1,0,0,0.9079255780571714,0.04139395107784255,1.3886123607841075e-05,1.3886123607841075e-05,1.3886123607841075e-05,1.3886123607841075e-05,1.3886123607841075e-05,0.016427200371565667,0.034169953750865234,1.3886123607841075e-05,13.317008083723746,8.772281057994249,3.2721139110395883,0.9953544471795075,#7f7f7f,h
515.6386974631752,9.875316302484547,0,1,0,0,0,0,0,0,0,0,0,0.9167420912909832,0.03743030612867169,1.2556468857119698e-05,1.2556468857119698e-05,1.2556468857119698e-05,1.2556468857119698e-05,1.2556468857119698e-05,0.014854226831075904,0.03089803693520962,1.2556468857119698e-05,6.663037017035566,15.294764423477329,2.386156052184128,0.9278182088744558,#1f77b4,A
5.886420181671976,19.653758007324484,8,0,0,0,0,0,0,0,0,1,0,0.5016771351718425,0.22403129829756577,7.51541280593129e-05,7.51541280593129e-05,7.51541280593129e-05,7.51541280593129e-05,7.51541280593129e-05,0.08890687964807643,0.18493376211365758,7.51541280593129e-05,12.081713386568365,9.313404309224309,4.390715756732005,0.9416798648604784,#bcbd22,i
18.23873752633084,21.687017027951196,1,0,1,0,0,0,0,0,0,0,0,0.4840679207959096,0.23194788298008637,7.780984636092403e-05,7.780984636092403e-05,7.780984636092403e-05,7.780984636092403e-05,7.780984636092403e-05,0.09204857836134195,0.19146875878401257,7.780984636092403e-05,16.905290668558127,5.033456996653306,4.2913611008010335,0.9784357963610536,#ff7f0e,B
28.409002681456627,17.738026898519838,0,1,0,0,0,0,0,0,0,0,0,0.4850331667272858,0.23151393680894758,7.766427363798566e-05,7.766427363798566e-05,7.766427363798566e-05,7.766427363798566e-05,7.766427363798566e-05,0.09187636670920066,0.19111054411225306,7.766427363798566e-05,12.84926096255815,9.060241398995986,3.7572950422059614,0.9839364880127996,#1f77b4,A
41.94445420429229,23.88421977958381,1,0,1,0,0,0,0,0,0,0,0,0.45846723798390926,0.24345719674530147,8.167079100195775e-05,8.167079100195775e-05,8.167079100195775e-05,8.167079100195775e-05,8.167079100195775e-05,0.09661605255593775,0.2009694879683814,8.167079100195775e-05,15.66369921420997,6.3623005108274215,0.6160591680857606,1.0135059969182443,#ff7f0e,B
52.31188441331406,22.554342253689992,8,0,0,0,0,0,0,0,0,1,0,0.455038492625363,0.24499865977745294,8.21878942415378e-05,8.21878942415378e-05,8.21878942415378e-05,8.21878942415378e-05,8.21878942415378e-05,0.0972277825656412,0.20224193766563872,8.21878942415378e-05,9.729334495886773,12.458378299198658,3.2954815714106998,1.1121366858264983,#bcbd22,i
66.37714071502387,18.384185659443556,7,0,0,0,0,0,0,0,1,0,0,0.45862332890307794,0.2433870228605732,8.16472502861766e-05,8.16472502861766e-05,8.16472502861766e-05,8.16472502861766e-05,8.16472502861766e-05,0.09658820403132808,0.2009115607028451,8.16472502861766e-05,14.402648940552321,8.097827101716149,2.045168388328917,1.0390465200521393,#7f7f7f,h
77.72412801771726,21.00851626767038,1,0,1,0,0,0,0,0,0,0,0,0.44720901579867356,0.24851856219871202,8.336868995773372e-05,8.336868995773372e-05,8.336868995773372e-05,8.336868995773372e-05,8.336868995773372e-05,0.09862465676722794,0.20514755309519267,8.336868995773372e-05,12.479401428834688,9.210783838438694,3.573242578890772,0.9355930264656447,#ff7f0e,B
92.02072376818577,17.0297099324501,0,1,0,0,0,0,0,0,0,0,0,0.4543606081723271,0.24530341668272157,8.229012879385065e-05,8.229012879385065e-05,8.229012879385065e-05,8.229012879385065e-05,8.229012879385065e-05,0.09734872542364605,0.2024935089480878,8.229012879385065e-05,16.02106119561656,6.076087161921584,3.9583307846792715,0.8824201965741043,#1f77b4,A
100.34600542068038,16.0276095547516,8,0,0,0,0,0,0,0,0,1,0,0.45607990964945394,0.2445304693241466,8.203083384171273e-05,8.203083384171273e-05,8.203083384171273e-05,8.203083384171273e-05,8.203083384171273e-05,0.09704198106111574,0.20185545496177723,8.203083384171273e-05,12.038085020234751,9.612208087179,0.663506036094435,0.9547964126276943,#bcbd22,i
115.59953824252506,17.1037153183941,0,1,0,0,0,0,0,0,0,0,0,0.45339565942425997,0.24573722924898836,8.243565669734756e-05,8.243565669734756e-05,8.243565669734756e-05,8.243565669734756e-05,8.243565669734756e-05,0.09752088405465874,0.20285161333145543,8.243565669734756e-05,17.066839660072063,5.645161473682213,4.132003560094605,1.1334208926769676,#1f77b4,A
128.79026139528472,20.726418011777884,7,0,0,0,0,0,0,0,1,0,0,0.44597132276456447,0.24907499257126073,8.355535155275381e-05,8.355535155275381e-05,8.355535155275381e-05,8.355535155275381e-05,8.355535155275381e-05,0.09884547630691126,0.2056068762475009,8.355535155275381e-05,12.54122495724755,10.125927235053332,2.8334336365377513,0.9626661564296453,#7f7f7f,h
139.7251340623189,18.33572418040628,0,1,0,0,0,0,0,0,0,0,0,0.4557579908704761,0.24467519453563344,8.207938374148183e-05,8.207938374148183e-05,8.207938374148183e-05,8.207938374148183e-05,8.207938374148183e-05,0.097099415299356,0.20197492299162995,8.207938374148183e-05,10.798019566856764,10.989117021644098,4.817828236871423,1.0519708950535196,#1f77b4,A
147.21225634435618,17.66854339541845,1,0,1,0,0,0,0,0,0,0,0,0.46061134898275685,0.24249326752456923,8.134742877245877e-05,8.134742877245877e-05,8.134742877245877e-05,8.134742877245877e-05,8.134742877245877e-05,0.09623351699118342,0.20017378192839536,8.134742877245877e-05,13.959534867438794,7.83044865844819,3.5247216889746946,0.9349221909527776,#ff7f0e,B
159.60045400301783,21.123273748179688,1,0,1,0,0,0,0,0,0,0,0,0.45790652449749164,0.24370927703140002,8.175535451717471e-05,8.175535451717471e-05,8.175535451717471e-05,8.175535451717471e-05,8.175535451717471e-05,0.09671609068377132,0.2011775756597761,8.175535451717471e-05,12.941708265857002,9.57955119064832,2.2997585447273896,0.9337541516833379,#ff7f0e,B
179.21109723672788,21.65201216587868,0,1,0,0,0,0,0,0,0,0,0,0.47015412883271684,0.23820311447310133,7.990824275570937e-05,7.990824275570937e-05,7.990824275570937e-05,7.990824275570937e-05,7.990824275570937e-05,0.09453096862442768,0.1966323386127496,7.990824275570937e-05,13.807697519871365,8.191710461806686,4.167627269490168,1.0520050366497309,#1f77b4,A
185.05034956983812,20.019380097229792,1,0,1,0,0,0,0,0,0,0,0,0.47918987646098,0.23414090819053185,7.854552436107652e-05,7.854552436107652e-05,7.854552436107652e-05,7.854552436107652e-05,7.854552436107652e-05,0.09291888099285774,0.19327906120898483,7.854552436107652e-05,10.494677204470213,11.916748448205857,4.466886122717492,0.9550584887813041,#ff7f0e,B
194.27448375140406,21.903852033719197,0,1,0,0,0,0,0,0,0,0,0,0.4826640800639751,0.23257900846915525,7.802156537602332e-05,7.802156537602332e-05,7.802156537602332e-05,7.802156537602332e-05,7.802156537602332e-05,0.09229904067766057,0.1919897413964701,7.802156537602332e-05,13.702788101342623,8.278766107512691,3.8461370620815196,1.002605402124909,#1f77b4,A
207.92856839440617,23.644888256284077,8,0,0,0,0,0,0,0,0,1,0,0.4921387821620877,0.22831946117192448,7.659264644601926e-05,7.659264644601926e-05,7.659264644601926e-05,7.659264644601926e-05,7.659264644601926e-05,0.09060863821252296,0.18847356257429657,7.659264644601926e-05,13.064078536719748,8.774208369116856,3.766984292174212,1.1188352472963068,#bcbd22,i
220.93987301448877,23.11898788117723,1,0,1,0,0,0,0,0,0,0,0,0.5082456790705915,0.2210782742213543,7.41634988424477e-05,7.41634988424477e-05,7.41634988424477e-05,7.41634988424477e-05,7.41634988424477e-05,0.08773497126680692,0.18249609444768428,7.41634988424477e-05,15.3599201092024,7.279757154671804,4.863790853137791,1.0132769928445746,#ff7f0e,B
234.39711393202722,21.943457801690855,0,1,0,0,0,0,0,0,0,0,0,0.5278294948225891,0.2122739668571676,7.120998275719617e-05,7.120998275719617e-05,7.120998275719617e-05,7.120998275719617e-05,7.120998275719617e-05,0.08424097957385726,0.1752282988493149,7.120998275719617e-05,11.63122659825147,10.300258186629954,5.206783839558347,1.0698086172737384,#1f77b4,A
246.60584285642702,16.12471314910499,8,0,0,0,0,0,0,0,0,1,0,0.5576610738154066,0.1988625666511078,6.671095920021903e-05,6.671095920021903e-05,6.671095920021903e-05,6.671095920021903e-05,6.671095920021903e-05,0.0789186618749766,0.16415743190275006,6.671095920021903e-05,13.17642717701318,8.83613135369484,3.363287086471637,1.0089816465922516,#bcbd22,i
255.65913697968924,19.30989619048305,0,1,0,0,0,0,0,0,0,0,0,0.5628859904812508,0.19651359784641192,6.592296795213473e-05,6.592296795213473e-05,6.592296795213473e-05,6.592296795213473e-05,6.592296795213473e-05,0.07798647298707044,0.16221840087699113,6.592296795213473e-05,18.2907568818105,4.131483316563641,6.255502347409319,0.8867122410958402,#1f77b4,A
265.29574886689096,19.309385864631697,0,1,0,0,0,0,0,0,0,0,0,0.57683892172844,0.19024077048287386,6.381866880038347e-05,6.381866880038347e-05,6.381866880038347e-05,6.381866880038347e-05,6.381866880038347e-05,0.07549709979814,0.157040295977167,6.381866880038347e-05,12.02116023302844,9.963212737130924,0.04089801298101848,1.0753806513293966,#1f77b4,A
283.8015857538931,20.21817746898951,0,1,0,0,0,0,0,0,0,0,0,0.6029909857024878,0.17848357197002002,5.987456809049005e-05,5.987456809049005e-05,5.987456809049005e-05,5.987456809049005e-05,5.987456809049005e-05,0.07083125247625179,0.1473349424420945,5.987456809049005e-05,9.684859501107411,11.719606761570454,0.7655402289910684,0.8886206922090096,#1f77b4,A
293.11005714098604,19.59432144770909,1,0,1,0,0,0,0,0,0,0,0,0.6189085048059607,0.17132752370869006,5.747398133534703e-05,5.747398133534703e-05,5.747398133534703e-05,5.747398133534703e-05,5.747398133534703e-05,0.06799137284175162,0.14142775475496666,5.747398133534703e-05,12.211729425001254,10.057876065688008,2.420565234961878,0.9245986462143336,#ff7f0e,B
304.148997532133,18.238176312891063,1,0,1,0,0,0,0,0,0,0,0,0.6391664252945686,0.16222015868853218,5.441880073241754e-05,5.441880073241754e-05,5.441880073241754e-05,5.441880073241754e-05,5.441880073241754e-05,0.06437711263832774,0.13390979057353775,5.441880073241754e-05,15.533378458906505,6.797119721493651,2.7435847420134714,0.9532845454151538,#ff7f0e,B
323.0485957907113,19.367267768539627,0,1,0,0,0,0,0,0,0,0,0,0.667573934533114,0.14944897834480297,5.0134547012893225e-05,5.0134547012893225e-05,5.0134547012893225e-05,5.0134547012893225e-05,5.0134547012893225e-05,0.05930886636018639,0.12336741347915164,5.0134547012893225e-05,15.812025294952592,6.011222436398279,1.4320597603472962,0.9881704346790703,#1f77b4,A
331.5642962749775,20.357445701393736,0,1,0,0,0,0,0,0,0,0,0,0.6797071729562423,0.14399423133569245,4.8304683246673645e-05,4.8304683246673645e-05,4.8304683246673645e-05,4.8304683246673645e-05,4.8304683246673645e-05,0.05714414857506001,0.11886461903284552,4.8304683246673645e-05,11.395613828443409,10.542910403556498,4.134353716967505,1.0009324351675357,#1f77b4,A
342.89317350938256,19.521821237204527,8,0,0,0,0,0,0,0,0,1,0,0.6994837214585293,0.135103276997587,4.532210033985149e-05,4.532210033985149e-05,4.532210033985149e-05,4.532210033985149e-05,4.532210033985149e-05,0.05361577100772315,0.11152529793342192,4.532210033985149e-05,8.95306204467446,12.743905197583736,4.837767209627875,1.0791594096076873,#bcbd22,i
354.994405550383,17.557776874056373,1,0,1,0,0,0,0,0,0,0,0,0.7218434565672528,0.12505099796412447,4.194993639887683e-05,4.194993639887683e-05,4.194993639887683e-05,4.194993639887683e-05,4.194993639887683e-05,0.049626521429613435,0.10322732441989402,4.194993639887683e-05,16.124615482336072,5.742246724333298,4.340896541390396,1.0464646665498099,#ff7f0e,B
367.69797446941396,25.595853513330635,8,0,0,0,0,0,0,0,0,1,0,0.7302118977037905,0.12128879304664478,4.0687857250551387e-05,4.0687857250551387e-05,4.0687857250551387e-05,4.0687857250551387e-05,4.0687857250551387e-05,0.04813348941867765,0.10012169268665336,4.0687857250551387e-05,13.933513369836396,8.295501503378025,3.4872777771013914,1.0656482691858924,#bcbd22,i
378.5827410777777,19.908268608078064,1,0,1,0,0,0,0,0,0,0,0,0.7550024178564152,0.11014370457636002,3.694909658410363e-05,3.694909658410363e-05,3.694909658410363e-05,3.694909658410363e-05,3.694909658410363e-05,0.04371055812816369,0.09092162485880156,3.694909658410363e-05,13.22910015152879,8.88874642966648,5.423207085281844,1.0564054126674847,#ff7f0e,B
392.0293300862965,21.298431423452104,7,0,0,0,0,0,0,0,1,0,0,0.7733276489084788,0.10190521986299911,3.418539285222493e-05,3.418539285222493e-05,3.418539285222493e-05,3.418539285222493e-05,3.418539285222493e-05,0.0404411133030017,0.08412090556763346,3.418539285222493e-05,11.110097638542033,10.786456615709326,0.5227732168728445,0.9931807818227998,#7f7f7f,h
404.0892228811202,20.133482407227202,8,0,0,0,0,0,0,0,0,1,0,0.7920058971009512,0.09350802902983302,3.1368449148332135e-05,3.1368449148332135e-05,3.1368449148332135e-05,3.1368449148332135e-05,3.1368449148332135e-05,0.03710868591245642,0.07718917726107748,3.1368449148332135e-05,16.445434579224845,5.772259638276502,0.39734085136188296,1.0202091994772882,#bcbd22,i
407.1700007113296,20.65055577707896,0,1,0,0,0,0,0,0,0,0,0,0.7957339945532227,0.09183198610392398,3.080619938392927e-05,3.080619938392927e-05,3.080619938392927e-05,3.080619938392927e-05,3.080619938392927e-05,0.03644354783652168,0.07580563430923222,3.080619938392927e-05,13.227735445080206,8.449958983647782,6.087310291401919,0.9895399714739395,#1f77b4,A
425.97139119116355,17.037111084877143,0,1,0,0,0,0,0,0,0,0,0,0.8243260171351295,0.07897785398979831,2.649411844551862e-05,2.649411844551862e-05,2.649411844551862e-05,2.649411844551862e-05,2.649411844551862e-05,0.03134238212648274,0.06519478203709202,2.649411844551862e-05,11.527417615753867,10.253926763553507,1.9994056334119303,1.039862060271965,#1f77b4,A
438.9390298596424,22.338100222288425,0,1,0,0,0,0,0,0,0,0,0,0.835616667907812,0.07390190959759015,2.4791328800621438e-05,2.4791328800621438e-05,2.4791328800621438e-05,2.4791328800621438e-05,2.4791328800621438e-05,0.029327992259496546,0.06100468226146179,2.4791328800621438e-05,13.177618346065383,8.815522397634407,0.6040574394604946,0.9615175745990701,#1f77b4,A
448.8787113177833,21.367675508643643,0,1,0,0,0,0,0,0,0,0,0,0.8482176697544171,0.06823686991588875,2.2890919701825893e-05,2.2890919701825893e-05,2.2890919701825893e-05,2.2890919701825893e-05,2.2890919701825893e-05,0.027079819771946956,0.05632829503868784,2.2890919701825893e-05,12.786464654716648,9.147696147438625,3.551225167554679,1.0424119659479691,#1f77b4,A
457.8637022371966,17.982736063569497,8,0,0,0,0,0,0,0,0,1,0,0.8608228121426386,0.06256996876850032,2.0989886150859213e-05,2.0989886150859213e-05,2.0989886150859213e-05,2.0989886150859213e-05,2.0989886150859213e-05,0.024830908561249913,0.05165037120984516,2.0989886150859213e-05,17.545944150747925,4.420457507842889,6.141800882144382,1.0348096494300856,#bcbd22,i
470.4664811804639,20.794154085484088,0,1,0,0,0,0,0,0,0,0,0,0.872067417588682,0.057514725000396755,1.929404079172338e-05,1.929404079172338e-05,1.929404079172338e-05,1.929404079172338e-05,1.929404079172338e-05,0.022824733742383738,0.04747735942291497,1.929404079172338e-05,14.825472475343457,7.411735522090829,5.700647674212584,1.0570449301347036,#1f77b4,A
484.3698105026481,22.383437919284393,0,1,0,0,0,0,0,0,0,0,0,0.8847042186623543,0.05183359103949611,1.7388232663733457e-05,1.7388232663733457e-05,1.7388232663733457e-05,1.7388232663733457e-05,1.7388232663733457e-05,0.020570174235901243,0.042787686665381186,1.7388232663733457e-05,12.593191921965515,9.161902262631274,4.660708129500953,0.9985699605778801,#1f77b4,A
495.710045314595,20.51613136306363,0,1,0,0,0,0,0,0,0,0,0,0.8959940712226176,0.046758005500106545,1.568556340054585e-05,1.568556340054585e-05,1.568556340054585e-05,1.568556340054585e-05,1.568556340054585e-05,0.018555926779750476,0.03859788311622597,1.568556340054585e-05,11.273363741622443,10.941283981891488,3.2953658571282793,1.061761994507533,#1f77b4,A
513.6186104039442,18.565668906246778,0,1,0,0,0,0,0,0,0,0,0,0.9114636752289847,0.039803326687811495,1.335252856995542e-05,1.335252856995542e-05,1.335252856995542e-05,1.335252856995542e-05,1.335252856995542e-05,0.015795960664058594,0.03285692224681408,1.335252856995542e-05,14.459263353409842,7.480666230587494,0.9542648755393186,1.0787984307113212,#1f77b4,A
7.744864912151165,33.415136028810736,7,0,0,0,0,0,0,0,1,0,0,0.46538284702394406,0.24034814239296948,8.062781945863261e-05,8.062781945863261e-05,8.062781945863261e-05,8.062781945863261e-05,8.062781945863261e-05,0.09538222351855494,0.1984030201473143,8.062781945863261e-05,7.629203882594362,14.35578258235441,2.6474227989773107,0.964147482752865,#7f7f7f,h
24.957170033808605,27.98164654487203,1,0,1,0,0,0,0,0,0,0,0,0.4617774674560588,0.24196901496868206,8.117156163237637e-05,8.117156163237637e-05,8.117156163237637e-05,8.117156163237637e-05,8.117156163237637e-05,0.09602546722650478,0.19974102097849833,8.117156163237637e-05,14.220747558247472,8.055143610939469,3.463727958770136,0.9783461116657913,#ff7f0e,B
37.44214421541655,27.466506154469933,7,0,0,0,0,0,0,0,1,0,0,0.45256247806531247,0.24611180307398647,8.256131221702496e-05,8.256131221702496e-05,8.256131221702496e-05,8.256131221702496e-05,8.256131221702496e-05,0.09766953377561959,0.2031608172113267,8.256131221702496e-05,13.210787515177959,9.038813274826591,3.1470616599058494,0.984078109351115,#7f7f7f,h
47.711909161669666,31.522138277607166,7,0,0,0,0,0,0,0,1,0,0,0.434608087392681,0.2541835688636748,8.52690879806474e-05,8.52690879806474e-05,8.52690879806474e-05,8.52690879806474e-05,8.52690879806474e-05,0.10087281615207618,0.20982391306324943,8.52690879806474e-05,12.209608619719056,9.210985588567066,6.03719177676173,0.9886569316183139,#7f7f7f,h
60.54911473985365,29.964779468193626,7,0,0,0,0,0,0,0,1,0,0,0.4309045004898629,0.25584859256770254,8.582764120792063e-05,8.582764120792063e-05,8.582764120792063e-05,8.582764120792063e-05,8.582764120792063e-05,0.10153358124690931,0.2111983598478468,8.582764120792063e-05,10.256900793855428,11.354053705387782,5.672681884463904,0.8639322998337345,#7f7f7f,h
73.33665497273151,29.787733805194133,0,1,0,0,0,0,0,0,0,0,0,0.42549990616410394,0.2582783391617935,8.664273038551149e-05,8.664273038551149e-05,8.664273038551149e-05,8.664273038551149e-05,8.664273038551149e-05,0.10249782682178091,0.21320407146958306,8.664273038551149e-05,10.868399664042197,10.798617218369397,2.7162715373485757,1.0381630392829713,#1f77b4,A
80.57722562480694,34.54015356505628,1,0,1,0,0,0,0,0,0,0,0,0.41052157885266066,0.2650121544264662,8.890167375000863e-05,8.890167375000863e-05,8.890167375000863e-05,8.890167375000863e-05,8.890167375000863e-05,0.10517014318051329,0.21876271349744933,8.890167375000863e-05,12.549823614996681,9.151975994643506,0.16640477541241636,1.076300569992685,#ff7f0e,B
98.6453348960269,34.62717232532954,1,0,1,0,0,0,0,0,0,0,0,0.40665870985878727,0.2667487866722112,8.948424896686654e-05,8.948424896686654e-05,8.948424896686654e-05,8.948424896686654e-05,8.948424896686654e-05,0.1058593261439595,0.22019627183083418,8.948424896686654e-05,13.322729746433945,8.017099019925558,2.9287208802213285,1.042826679570667,#ff7f0e,B
104.3306827772437,33.98591721659727,8,0,0,0,0,0,0,0,0,1,0,0.4079927142608655,0.2661490575423107,8.928306225692048e-05,8.928306225692048e-05,8.928306225692048e-05,8.928306225692048e-05,8.928306225692048e-05,0.10562132348103387,0.21970120634184026,8.928306225692048e-05,11.83220123247,9.29981738973184,4.714027238513477,0.8881935476986224,#bcbd22,i
116.79534851293232,28.80177314671584,0,1,0,0,0,0,0,0,0,0,0,0.42223971418751033,0.25974402555262144,8.713441339385952e-05,8.713441339385952e-05,8.713441339385952e-05,8.713441339385952e-05,8.713441339385952e-05,0.10307948485144641,0.2144139689276363,8.713441339385952e-05,12.686452437678359,9.374077680822705,3.0187679107058543,1.0887496257187745,#1f77b4,A
134.35412936976314,32.46330859660083,7,0,0,0,0,0,0,0,1,0,0,0.416441134213337,0.26235089650233573,8.80089211732535e-05,8.80089211732535e-05,8.80089211732535e-05,8.80089211732535e-05,8.80089211732535e-05,0.10411402227342963,0.2165658934834416,8.80089211732535e-05,12.980391174176342,9.091418318937729,3.64368757837148,0.9483783686477747,#7f7f7f,h
145.50941661061967,30.952325202454915,8,0,0,0,0,0,0,0,0,1,0,0.42471463559668116,0.2586313737045604,8.676116028096849e-05,8.676116028096849e-05,8.676116028096849e-05,8.676116028096849e-05,8.676116028096849e-05,0.10263792867292362,0.2134954950637241,8.676116028096849e-05,10.54031666975699,11.317554467885568,1.1262024656776721,1.0290048414144688,#bcbd22,i
160.40999703002603,34.77092341720456,0,1,0,0,0,0,0,0,0,0,0,0.42277804593032126,0.25950200743992946,8.705322536177597e-05,8.705322536177597e-05,8.705322536177597e-05,8.705322536177597e-05,8.705322536177597e-05,0.10298343989977547,0.21421418737738018,8.705322536177597e-05,14.5594265468647,7.269317339757682,3.490765083176605,0.9851597303844707,#1f77b4,A
170.0350696340491,29.422438375512765,0,1,0,0,0,0,0,0,0,0,0,0.44306673595919643,0.25038080933977347,8.399340427747815e-05,8.399340427747815e-05,8.399340427747815e-05,8.399340427747815e-05,8.399340427747815e-05,0.09936369003491637,0.20668480424000582,8.399340427747815e-05,9.72977375503856,12.101127137103218,1.5495849940350772,1.0180445027095761,#1f77b4,A
180.85024169428365,30.27586022774043,0,1,0,0,0,0,0,0,0,0,0,0.44928676911587645,0.24758446543926174,8.305533540409336e-05,8.305533540409336e-05,8.305533540409336e-05,8.305533540409336e-05,8.305533540409336e-05,0.0982539602225791,0.20437647320940874,8.305533540409336e-05,15.895309279320601,5.948134789676534,5.493604124676352,0.9670420096493405,#1f77b4,A
191.47021357737424,31.6559004869862,0,1,0,0,0,0,0,0,0,0,0,0.45526420692802355,0.24489718526797613,8.21538533359235e-05,8.21538533359235e-05,8.21538533359235e-05,8.21538533359235e-05,8.21538533359235e-05,0.09718751237986824,0.2021581723036612,8.21538533359235e-05,13.23336430810507,8.590456052629936,3.1770038466428594,1.0042453945482444,#1f77b4,A
203.65312380580332,28.453684517226634,8,0,0,0,0,0,0,0,0,1,0,0.47555524697480117,0.23577493066891367,7.909367783572636e-05,7.909367783572636e-05,7.909367783572636e-05,7.909367783572636e-05,7.909367783572636e-05,0.09356734324314021,0.19462791704565488,7.909367783572636e-05,16.448373711607232,5.580558535028338,4.573185736103925,0.9683102633598497,#bcbd22,i
216.93383083269543,31.17234311858541,1,0,1,0,0,0,0,0,0,0,0,0.48379040100497944,0.23207264771286035,7.785170026604994e-05,7.785170026604994e-05,7.785170026604994e-05,7.785170026604994e-05,7.785170026604994e-05,0.09209809127835555,0.1915717498017245,7.785170026604994e-05,11.772765540429896,10.078636916113966,2.4575715196193046,0.9152288761485019,#ff7f0e,B
224.2887388835579,29.24252435678132,1,0,1,0,0,0,0,0,0,0,0,0.49744916842099773,0.22593206775288516,7.579176517583122e-05,7.579176517583122e-05,7.579176517583122e-05,7.579176517583122e-05,7.579176517583122e-05,0.08966120050630919,0.18650281272825542,7.579176517583122e-05,14.176924396185475,8.372253946888586,6.135612389582682,0.9488248549222518,#ff7f0e,B
242.16179171138262,34.17195636733723,8,0,0,0,0,0,0,0,0,1,0,0.5095444221080282,0.2204943975635317,7.396763004444354e-05,7.396763004444354e-05,7.396763004444354e-05,7.396763004444354e-05,7.396763004444354e-05,0.08750325966159447,0.18201411488606933,7.396763004444354e-05,11.83264055729272,10.54936169263922,2.1008138743015725,0.9701314458175869,#bcbd22,i
250.9741008646236,30.78431414982865,8,0,0,0,0,0,0,0,0,1,0,0.5299975026794819,0.21129929431215505,7.088301654390185e-05,7.088301654390185e-05,7.088301654390185e-05,7.088301654390185e-05,7.088301654390185e-05,0.08385418051803688,0.17442372439053258,7.088301654390185e-05,17.955501655313988,3.879767267114772,4.726483561521041,0.9948984095925603,#bcbd22,i
261.69460457330393,30.457920827203328,8,0,0,0,0,0,0,0,0,1,0,0.5467077384184018,0.20378686397495382,6.83628769210497e-05,6.83628769210497e-05,6.83628769210497e-05,6.83628769210497e-05,6.83628769210497e-05,0.08087287056300116,0.16822234978157022,6.83628769210497e-05,12.72088731815573,9.868334371469869,2.105479746044106,1.013284695984301,#bcbd22,i
277.8006627145428,32.093758046956154,7,0,0,0,0,0,0,0,1,0,0,0.56843952509306,0.19401689208185577,6.508541647525742e-05,6.508541647525742e-05,6.508541647525742e-05,6.508541647525742e-05,6.508541647525742e-05,0.07699565464778994,0.16015741567787425,6.508541647525742e-05,9.330801909479927,12.420407169552554,1.5602381728922103,1.0661397220407276,#7f7f7f,h
289.54795724305586,31.25120415710055,7,0,0,0,0,0,0,0,1,0,0,0.589427886534498,0.18458114230044684,6.192007505735538e-05,6.192007505735538e-05,6.192007505735538e-05,6.192007505735538e-05,6.192007505735538e-05,0.07325107486550063,0.15236837584862092,6.192007505735538e-05,11.279598731318417,10.787884739384827,3.9245388018898097,1.186556442970763,#7f7f7f,h
303.04978657169397,30.437402858537517,1,0,1,0,0,0,0,0,0,0,0,0.6136575094340299,0.17368821673235094,5.8265905620735425e-05,5.8265905620735425e-05,5.8265905620735425e-05,5.8265905620735425e-05,5.8265905620735425e-05,0.06892821448903744,0.14337646391024372,5.8265905620735425e-05,14.917538390954634,7.25360072903598,5.615460200662742,1.0287617295608493,#ff7f0e,B
313.7369899800849,31.053908842060626,0,1,0,0,0,0,0,0,0,0,0,0.6306588265075004,0.1660449247913735,5.5701866820389095e-05,5.5701866820389095e-05,5.5701866820389095e-05,5.5701866820389095e-05,5.5701866820389095e-05,0.06589497207212743,0.13706706542744562,5.5701866820389095e-05,9.345902956248354,12.215715503860219,3.2080393840527233,0.9682166131817029,#1f77b4,A
326.81680161976385,33.60832881666742,0,1,0,0,0,0,0,0,0,0,0,0.6486023731325842,0.15797803416640746,5.299572649233585e-05,5.299572649233585e-05,5.299572649233585e-05,5.299572649233585e-05,5.299572649233585e-05,0.06269362440607301,0.1304079939353327,5.299572649233585e-05,11.947581178090756,10.582028985491418,6.037761060437567,0.898140651098675,#1f77b4,A
336.1955907057451,29.672399591262465,0,1,0,0,0,0,0,0,0,0,0,0.6715624057985563,0.1476558790132491,4.953302919903989e-05,4.953302919903989e-05,4.953302919903989e-05,4.953302919903989e-05,4.953302919903989e-05,0.05859727441888645,0.12188724259344219,4.953302919903989e-05,11.104071526390545,10.201480421577994,3.1610293523783075,1.0498314220826737,#1f77b4,A
350.70605710837253,30.54279003606999,1,0,1,0,0,0,0,0,0,0,0,0.6947957890679403,0.1372108334713586,4.602910677299585e-05,4.602910677299585e-05,4.602910677299585e-05,4.602910677299585e-05,4.602910677299585e-05,0.05445215534861222,0.11326504747075612,4.602910677299585e-05,11.428062379396403,10.55194606575195,0.5165700308296685,0.9814947313263689,#ff7f0e,B
356.3330014351362,30.339134438779684,0,1,0,0,0,0,0,0,0,0,0,0.7045836965634119,0.1328104782426504,4.4552952044268904e-05,4.4552952044268904e-05,4.4552952044268904e-05,4.4552952044268904e-05,4.4552952044268904e-05,0.05270587321883628,0.10963263426213102,4.4552952044268904e-05,20.521772674448453,1.6597807340095954,4.052325301776476,0.9622327476849759,#1f77b4,A
373.90784913025806,30.763418119418482,1,0,1,0,0,0,0,0,0,0,0,0.7330054966363169,0.1200328731602602,4.02665430650298e-05,4.02665430650298e-05,4.02665430650298e-05,4.02665430650298e-05,4.02665430650298e-05,0.04763507728146766,0.09908495366283197,4.02665430650298e-05,11.931976247028574,10.156317490227318,2.968668217623534,0.9964321880665011,#ff7f0e,B
383.087750649968,27.874445706024098,0,1,0,0,0,0,0,0,0,0,0,0.7515041937965148,0.11171640318842763,3.747667819340646e-05,3.747667819340646e-05,3.747667819340646e-05,3.747667819340646e-05,3.747667819340646e-05,0.04433468398597161,0.0922198589591739,3.747667819340646e-05,12.94563832417931,8.880846831844892,3.819320122007255,1.054073116122248,#1f77b4,A
398.3024390954581,32.54547845906121,0,1,0,0,0,0,0,0,0,0,0,0.7692768171768293,0.1037263546253809,3.479631550537812e-05,3.479631550537812e-05,3.479631550537812e-05,3.479631550537812e-05,3.479631550537812e-05,0.041163831112398803,0.08562421919158922,3.479631550537812e-05,14.225670340707456,8.145131940108897,2.8201356426064197,0.8770539034319124,#1f77b4,A
407.52075750851685,32.87248012785621,0,1,0,0,0,0,0,0,0,0,0,0.782793133936474,0.09764981628930708,3.275786398660847e-05,3.275786398660847e-05,3.275786398660847e-05,3.275786398660847e-05,3.275786398660847e-05,0.03875235527564021,0.08060814731387601,3.275786398660847e-05,15.331938696728908,6.912488469677373,2.1005608761279193,1.00747787921066,#1f77b4,A
419.7893777790745,29.619536586879534,0,1,0,0,0,0,0,0,0,0,0,0.8038431703032007,0.08818633927609718,2.9583221118662037e-05,2.9583221118662037e-05,2.9583221118662037e-05,2.9583221118662037e-05,2.9583221118662037e-05,0.03499677193411862,0.07279621915906764,2.9583221118662037e-05,12.258890302038477,9.323539540795107,0.6531165196284557,1.0254740916376235,#1f77b4,A
431.8307713324423,30.58415593717882,1,0,1,0,0,0,0,0,0,0,0,0.8192308118177957,0.08126850838859029,2.726254738975383e-05,2.726254738975383e-05,2.726254738975383e-05,2.726254738975383e-05,2.726254738975383e-05,0.03225142892706966,0.0670856755813866,2.726254738975383e-05,14.686736069083716,6.851771234522852,1.5506055465036335,0.9639788312006338,#ff7f0e,B
442.558056318647,30.073843288916862,1,0,1,0,0,0,0,0,0,0,0,0.8334819101428941,0.07486163387953987,2.511328043030617e-05,2.511328043030617e-05,2.511328043030617e-05,2.511328043030617e-05,2.511328043030617e-05,0.02970885909318917,0.0617969172009614,2.511328043030617e-05,18.601575500148666,3.4852245350256266,2.805748597186411,0.9479458230114635,#ff7f0e,B
455.35542006619903,29.648684792211032,1,0,1,0,0,0,0,0,0,0,0,0.8492901636578191,0.06775470821199284,2.2729172469563017e-05,2.2729172469563017e-05,2.2729172469563017e-05,2.2729172469563017e-05,2.2729172469563017e-05,0.026888473772950658,0.055930279321570645,2.2729172469563017e-05,8.03562207090157,14.397781196815927,2.8191335271592743,1.0175351752290236,#ff7f0e,B
468.28552909793166,31.952842992632878,0,1,0,0,0,0,0,0,0,0,0,0.8622603931812142,0.061923674630277786,2.0773078620853093e-05,2.0773078620853093e-05,2.0773078620853093e-05,2.0773078620853093e-05,2.0773078620853093e-05,0.024574426562525394,0.05111686715339523,2.0773078620853093e-05,14.24754230628038,8.653507971972441,4.7140803314249045,1.0477811438602187,#1f77b4,A
481.5877603925148,33.664781651992165,0,1,0,0,0,0,0,0,0,0,0,0.8752380988471379,0.05608927999484588,1.8815857264230776e-05,1.8815857264230776e-05,1.8815857264230776e-05,1.8815857264230776e-05,1.8815857264230776e-05,0.022259045517048662,0.04630068049650663,1.8815857264230776e-05,9.847272189279886,12.045544979546941,3.332582147006602,0.9382470899221278,#1f77b4,A
491.0566825064469,33.97652991178528,0,1,0,0,0,0,0,0,0,0,0,0.8844393103373455,0.05195268602824833,1.7428184581630294e-05,1.7428184581630294e-05,1.7428184581630294e-05,1.7428184581630294e-05,1.7428184581630294e-05,0.02061743711350872,0.042885997412523205,1.7428184581630294e-05,12.319568295007366,9.436450685201384,5.2701159159363185,1.0504343059976877,#1f77b4,A
505.35359240405194,32.15442752382746,0,1,0,0,0,0,0,0,0,0,0,0.8984383134895331,0.045659146091757453,1.5316937135725653e-05,1.5316937135725653e-05,1.5316937135725653e-05,1.5316937135725653e-05,1.5316937135725653e-05,0.018119844134554686,0.037690794660442145,1.5316937135725653e-05,16.02119495430342,6.3185979858548,6.052214449193236,1.0395647948026876,#1f77b4,A
518.8156527709091,29.708122116869042,0,1,0,0,0,0,0,0,0,0,0,0.9105889273941885,0.04019658757737619,1.3484452901420075e-05,1.3484452901420075e-05,1.3484452901420075e-05,1.3484452901420075e-05,1.3484452901420075e-05,0.015952026351507238,0.03318155195860891,1.3484452901420075e-05,12.362220290684938,9.42695776818682,6.085866223237061,1.00312907817379,#1f77b4,A
5.146829693568534,40.317813965768806,7,0,0,0,0,0,0,0,1,0,0,0.45132490141042214,0.24666818112586256,8.274795626041455e-05,8.274795626041455e-05,8.274795626041455e-05,8.274795626041455e-05,8.274795626041455e-05,0.09789033255183016,0.2036200971738712,8.274795626041455e-05,15.11999679200047,6.833188071026955,2.5984084212074636,0.9562070672059113,#7f7f7f,h
17.323106193928957,46.14709668787813,1,0,1,0,0,0,0,0,0,0,0,0.42379786305078443,0.25904352766777883,8.689942253257006e-05,8.689942253257006e-05,8.689942253257006e-05,8.689942253257006e-05,8.689942253257006e-05,0.10280149208162048,0.21383572066419704,8.689942253257006e-05,11.385021410714087,10.738960824203973,3.4365630860859078,1.0263424483515515,#ff7f0e,B
26.23464786326289,42.26646275605855,1,0,1,0,0,0,0,0,0,0,0,0.4246011717184209,0.2586823837258753,8.677827223676818e-05,8.677827223676818e-05,8.677827223676818e-05,8.677827223676818e-05,8.677827223676818e-05,0.10265817201329772,0.2135376029085607,8.677827223676818e-05,14.387682891321834,7.384055659835245,1.3436510000959212,0.9357951802334488,#ff7f0e,B
39.245729014798464,40.287148115917,1,0,1,0,0,0,0,0,0,0,0,0.4183810010220669,0.2614787894601778,8.771636185307879e-05,8.771636185307879e-05,8.771636185307879e-05,8.771636185307879e-05,8.771636185307879e-05,0.10376792636439108,0.21584598498182733,8.771636185307879e-05,19.031200770904775,2.9361213492629927,2.886008333561341,0.9765436124587907,#ff7f0e,B
53.47086408986705,39.386699835212944,8,0,0,0,0,0,0,0,0,1,0,0.41062414643264294,0.26496604306026456,8.88862051099265e-05,8.88862051099265e-05,8.88862051099265e-05,8.88862051099265e-05,8.88862051099265e-05,0.10515184387270919,0.21872464940331302,8.88862051099265e-05,13.823515008917001,8.155237948270214,5.787442162458634,0.9758304323463521,#bcbd22,i
65.69591320848913,40.946493870962634,8,0,0,0,0,0,0,0,0,1,0,0.39982784982596964,0.26981974036439604,9.05144391626137e-05,9.05144391626137e-05,9.05144391626137e-05,9.05144391626137e-05,9.05144391626137e-05,0.10707803492434272,0.22273128824991614,9.05144391626137e-05,18.552258155861193,3.251732338892007,1.0260525183832794,0.8804568586460612,#bcbd22,i
77.86579121629697,41.50515096410326,8,0,0,0,0,0,0,0,0,1,0,0.39333489235705066,0.27273878300567106,9.149366887801529e-05,9.149366887801529e-05,9.149366887801529e-05,9.149366887801529e-05,9.149366887801529e-05,0.10823645776422078,0.22514090485939608,9.149366887801529e-05,14.459479058672162,7.572871670551493,0.9261156276328467,1.1027803557412492,#bcbd22,i
91.84237442427623,42.899791893021884,0,1,0,0,0,0,0,0,0,0,0,0.38609070906001264,0.27599555467659137,9.258619406122073e-05,9.258619406122073e-05,9.258619406122073e-05,9.258619406122073e-05,9.258619406122073e-05,0.10952890845833403,0.22782931064030848,9.258619406122073e-05,15.303702756902723,6.78090329113283,0.9250117304386346,1.1298958614852168,#1f77b4,A
102.49868460917115,39.282677459609815,1,0,1,0,0,0,0,0,0,0,0,0.3942250805134634,0.2723385806017949,9.135941592791814e-05,9.135941592791814e-05,9.135941592791814e-05,9.135941592791814e-05,9.135941592791814e-05,0.10807763733499205,0.22481054505378786,9.135941592791814e-05,9.568679410932276,12.113478387182372,2.841578725627889,0.9405883581495773,#ff7f0e,B
120.61648172836745,41.58826890532941,0,1,0,0,0,0,0,0,0,0,0,0.3893061987252257,0.2745499651297221,9.21012527929595e-05,9.21012527929595e-05,9.21012527929595e-05,9.21012527929595e-05,9.21012527929595e-05,0.10895522586647886,0.22663600276142618,9.21012527929595e-05,13.97978772141039,8.20824898891604,0.772980721079764,0.9371800303908406,#1f77b4,A
129.00250016567747,39.88717964921302,0,1,0,0,0,0,0,0,0,0,0,0.39551563178365523,0.27175838672150615,9.116478256414353e-05,9.116478256414353e-05,9.116478256414353e-05,9.116478256414353e-05,9.116478256414353e-05,0.10784738724101249,0.22433160555804563,9.116478256414353e-05,15.772709540928515,6.341840227003996,0.681680921614174,1.0089346470378442,#1f77b4,A
140.59940814753222,40.25082687271505,0,1,0,0,0,0,0,0,0,0,0,0.3984529974901041,0.2704378335234932,9.0721786318053e-05,9.0721786318053e-05,9.0721786318053e-05,9.0721786318053e-05,9.0721786318053e-05,0.10732332535708466,0.2232415129110112,9.0721786318053e-05,10.3516085742687,11.780669856749158,5.1145487077307745,1.0020859497024135,#1f77b4,A
149.56948226531665,35.42456325502536,1,0,1,0,0,0,0,0,0,0,0,0.41498771065875084,0.2630043129696358,8.822811797848864e-05,8.822811797848864e-05,8.822811797848864e-05,8.822811797848864e-05,8.822811797848864e-05,0.10437333077032168,0.2171052768930057,8.822811797848864e-05,9.088168552239637,12.832100902549232,1.4229647937818248,0.9475957292375978,#ff7f0e,B
162.97141713242596,41.236895638471175,1,0,1,0,0,0,0,0,0,0,0,0.407860149115585,0.26620865493127766,8.930305495363933e-05,8.930305495363933e-05,8.930305495363933e-05,8.930305495363933e-05,8.930305495363933e-05,0.10564497472051912,0.21975040290248854,8.930305495363933e-05,14.116474537161961,8.093925499426382,0.6787751473971559,1.008662784607284,#ff7f0e,B
172.319810035086,39.14351102012874,7,0,0,0,0,0,0,0,1,0,0,0.41984861905151377,0.2608189915746123,8.749502432050248e-05,8.749502432050248e-05,8.749502432050248e-05,8.749502432050248e-05,8.749502432050248e-05,0.10350608539998214,0.21530133382754896,8.749502432050248e-05,8.286844168916108,13.324351513282531,5.854957236740696,0.8747727921287591,#7f7f7f,h
183.21041586507695,39.08966324041048,1,0,1,0,0,0,0,0,0,0,0,0.42895251759469966,0.25672614664583976,8.612202780509899e-05,8.612202780509899e-05,8.612202780509899e-05,8.612202780509899e-05,8.612202780509899e-05,0.10188183881360874,0.21192276477859243,8.612202780509899e-05,13.941587951814743,8.659710470981743,1.5504929704176842,0.82687573299942,#ff7f0e,B
195.96864842230343,41.55819404178182,1,0,1,0,0,0,0,0,0,0,0,0.4349584629079731,0.25402605034079956,8.521624640302042e-05,8.521624640302042e-05,8.521624640302042e-05,8.521624640302042e-05,8.521624640302042e-05,0.10081030488484682,0.20969388438752742,8.521624640302042e-05,15.348562633166782,6.577775711277649,5.557724353219996,0.9671728179263734,#ff7f0e,B
208.584250742337,38.19831523774988,7,0,0,0,0,0,0,0,1,0,0,0.4568718021657809,0.24417445774798435,8.191140526280963e-05,8.191140526280963e-05,8.191140526280963e-05,8.191140526280963e-05,8.191140526280963e-05,0.09690069777348716,0.201561573880714,8.191140526280963e-05,13.383587458827625,8.273003568269074,5.867123936991892,1.0264957382050042,#7f7f7f,h
219.5684071544325,43.405566500979425,1,0,1,0,0,0,0,0,0,0,0,0.45746554396492506,0.24390752890424777,8.182186061142686e-05,8.182186061142686e-05,8.182186061142686e-05,8.182186061142686e-05,8.182186061142686e-05,0.09679476699164985,0.20134122897505136,8.182186061142686e-05,10.773687580033625,11.482161266300567,0.42739518071014376,0.871916007071809,#ff7f0e,B
234.9669749593036,39.04352355275939,8,0,0,0,0,0,0,0,0,1,0,0.48813450137035497,0.2301196680013483,7.719654855978586e-05,7.719654855978586e-05,7.719654855978586e-05,7.719654855978586e-05,7.719654855978586e-05,0.09132305076622178,0.18995960057022807,7.719654855978586e-05,9.465013807872895,11.793223684730505,1.8407519545032005,0.979221656418974,#bcbd22,i
247.16190226060434,41.91442825462612,1,0,1,0,0,0,0,0,0,0,0,0.4989764168401703,0.22524546179855323,7.556143453805755e-05,7.556143453805755e-05,7.556143453805755e-05,7.556143453805755e-05,7.556143453805755e-05,0.08938872075275993,0.18593603200078943,7.556143453805755e-05,13.383851181074029,8.69990650088798,3.221340501973581,0.9954605456930355,#ff7f0e,B
256.6650418457244,37.42949199649833,1,0,1,0,0,0,0,0,0,0,0,0.523455400129446,0.2142404311359465,7.186965803183177e-05,7.186965803183177e-05,7.186965803183177e-05,7.186965803183177e-05,7.186965803183177e-05,0.08502137144005725,0.17685157934583584,7.186965803183177e-05,15.478817968357514,6.212771925616788,2.23926932921062,1.0810603613716812,#ff7f0e,B
272.18587266422554,41.60741645688162,1,0,1,0,0,0,0,0,0,0,0,0.5389625191735606,0.207268886666453,6.953096540355618e-05,6.953096540355618e-05,6.953096540355618e-05,6.953096540355618e-05,6.953096540355618e-05,0.08225471218387059,0.1710966961831554,6.953096540355618e-05,18.222359008786785,3.5417277602333885,4.070563044520605,0.9836480781898784,#ff7f0e,B
284.4899313143335,40.45787239947604,1,0,1,0,0,0,0,0,0,0,0,0.5619803200982645,0.19692076060383518,6.605955584072402e-05,6.605955584072402e-05,6.605955584072402e-05,6.605955584072402e-05,6.605955584072402e-05,0.07814805563443489,0.1625545063278592,6.605955584072402e-05,14.935139983212789,6.764198433346357,3.9562517837619047,0.8842125314261905,#ff7f0e,B
293.72108540818016,39.11196629712117,8,0,0,0,0,0,0,0,0,1,0,0.5805363072489184,0.18857853473788808,6.326105082917709e-05,6.326105082917709e-05,6.326105082917709e-05,6.326105082917709e-05,6.326105082917709e-05,0.07483744110558588,0.155668150602052,6.326105082917709e-05,13.174846955772193,9.046319728423573,4.019339407393393,0.9193774676274805,#bcbd22,i
308.0055546968496,40.41452182350082,1,0,1,0,0,0,0,0,0,0,0,0.6029854413887987,0.178486064530329,5.9875404251321435e-05,5.9875404251321435e-05,5.9875404251321435e-05,5.9875404251321435e-05,5.9875404251321435e-05,0.07083224164946593,0.14733700000529545,5.9875404251321435e-05,13.520155316425626,9.145311457024544,3.735715184904073,0.9383860669338283,#ff7f0e,B
316.2485779491794,41.53107135001329,0,1,0,0,0,0,0,0,0,0,0,0.6155948849396142,0.17281722970678765,5.797372202427099e-05,5.797372202427099e-05,5.797372202427099e-05,5.797372202427099e-05,5.797372202427099e-05,0.06858256305887905,0.14265747996195782,5.797372202427099e-05,12.040901185939662,10.360512215562421,5.1942801016170295,1.0726497345773216,#1f77b4,A
331.5591212574885,40.583447552477566,1,0,1,0,0,0,0,0,0,0,0,0.6447944309942625,0.15968997291396242,5.357001796339873e-05,5.357001796339873e-05,5.357001796339873e-05,5.357001796339873e-05,5.357001796339873e-05,0.0633730077482683,0.1318211682350815,5.357001796339873e-05,10.760980754302881,10.846507507628768,0.2855839541151716,1.0867153072302504,#ff7f0e,B
338.49963349058237,42.87801680523976,1,0,1,0,0,0,0,0,0,0,0,0.6534028510268083,0.15581988054553195,5.2271746607259654e-05,5.2271746607259654e-05,5.2271746607259654e-05,5.2271746607259654e-05,5.2271746607259654e-05,0.06183716057404905,0.12862647737331373,5.2271746607259654e-05,19.76705728408572,1.9836997080960417,3.527947033594259,0.9238241197429279,#ff7f0e,B
350.7095582079895,37.81217215211305,0,1,0,0,0,0,0,0,0,0,0,0.6833756532045109,0.14234499055063696,4.775142459887486e-05,4.775142459887486e-05,4.775142459887486e-05,4.775142459887486e-05,4.775142459887486e-05,0.05648964693577178,0.11750320076080353,4.775142459887486e-05,12.27421982558979,9.307414159157455,3.9338573726614103,0.9974426048709096,#1f77b4,A
364.569668777955,38.529759948488696,1,0,1,0,0,0,0,0,0,0,0,0.7063667491640768,0.1320088702546278,4.428404252205916e-05,4.428404252205916e-05,4.428404252205916e-05,4.428404252205916e-05,4.428404252205916e-05,0.05238775487797212,0.10897092144748458,4.428404252205916e-05,11.66274492820399,10.777622221275815,1.7792276879796816,1.1220164117714093,#ff7f0e,B
378.596326167087,44.458245441826335,0,1,0,0,0,0,0,0,0,0,0,0.7222036705295003,0.12488905636496624,4.189561104445652e-05,4.189561104445652e-05,4.189561104445652e-05,4.189561104445652e-05,4.189561104445652e-05,0.04956225486339796,0.10309364457514636,4.189561104445652e-05,15.24579362520867,7.309258421520049,5.040221961599705,1.0449199888098573,#1f77b4,A
385.18027511614474,47.85896005551318,0,1,0,0,0,0,0,0,0,0,0,0.7290398923860871,0.1218156921545712,4.086461220993585e-05,4.086461220993585e-05,4.086461220993585e-05,4.086461220993585e-05,4.086461220993585e-05,0.04834258946822907,0.10055663831712389,4.086461220993585e-05,16.710036164906096,5.182918325530636,2.612585723113169,1.1041362740422223,#1f77b4,A
403.3982912442369,43.105987992491904,0,1,0,0,0,0,0,0,0,0,0,0.7649515718129888,0.10567085768295757,3.544862361103725e-05,3.544862361103725e-05,3.544862361103725e-05,3.544862361103725e-05,3.544862361103725e-05,0.04193550766218901,0.08722937109943345,3.544862361103725e-05,11.063498383737329,10.911717575178127,5.526948958783772,1.0066981667514017,#1f77b4,A
415.8200411008197,38.29482100753567,0,1,0,0,0,0,0,0,0,0,0,0.7892480724876206,0.09474786583486437,3.178436806111821e-05,3.178436806111821e-05,3.178436806111821e-05,3.178436806111821e-05,3.178436806111821e-05,0.03760071547460164,0.07821263999375726,3.178436806111821e-05,14.093220634432978,7.464385970594389,3.5279536223292713,0.9673505990248679,#1f77b4,A
422.6420350644094,45.26685144460584,0,1,0,0,0,0,0,0,0,0,0,0.7922402337346313,0.09340267817401739,3.133310787338846e-05,3.133310787338846e-05,3.133310787338846e-05,3.133310787338846e-05,3.133310787338846e-05,0.037066877397619435,0.07710221204569939,3.133310787338846e-05,16.049391400029066,5.848530258391541,3.1370408214751744,0.8361919092252885,#1f77b4,A
438.9495911527607,37.29194353779657,0,1,0,0,0,0,0,0,0,0,0,0.8226238872542067,0.07974308150394514,2.675082367835761e-05,2.675082367835761e-05,2.675082367835761e-05,2.675082367835761e-05,2.675082367835761e-05,0.031646062866721475,0.0658264634322339,2.675082367835761e-05,13.427739005789268,8.620743880296358,3.331303504548909,0.9072202745155201,#1f77b4,A
449.2834734151943,36.53264711572615,8,0,0,0,0,0,0,0,0,1,0,0.836564472087009,0.07347580472505737,2.464838654031954e-05,2.464838654031954e-05,2.464838654031954e-05,2.464838654031954e-05,2.464838654031954e-05,0.02915889242876927,0.06065294043908579,2.464838654031954e-05,10.802330894380923,11.600269443563267,4.770052179263013,0.9884870101865518,#bcbd22,i
464.46334945426935,43.283705127117834,0,1,0,0,0,0,0,0,0,0,0,0.8499866801110613,0.06744157490762481,2.2624127948395933e-05,2.2624127948395933e-05,2.2624127948395933e-05,2.2624127948395933e-05,2.2624127948395933e-05,0.02676420673876031,0.055671793474013125,2.2624127948395933e-05,13.716565471634315,8.69066096352967,0.00557300088467066,0.9663834309288938,#1f77b4,A
476.7485932613978,42.056690358773764,0,1,0,0,0,0,0,0,0,0,0,0.8648784943087972,0.06074665339347346,2.0378231983657643e-05,2.0378231983657643e-05,2.0378231983657643e-05,2.0378231983657643e-05,2.0378231983657643e-05,0.02410732537515112,0.05014525752981139,2.0378231983657643e-05,11.055590185330736,11.07970528190412,3.670500160269213,1.1666355379778521,#1f77b4,A
486.91505544306506,42.28346347692154,0,1,0,0,0,0,0,0,0,0,0,0.875571898987876,0.05593921327268702,1.876551548725465e-05,1.876551548725465e-05,1.876551548725465e-05,1.876551548725465e-05,1.876551548725465e-05,0.022199491498893404,0.04617680314674436,1.876551548725465e-05,10.214315487130689,11.847947398251861,0.5901342239363094,0.8541333245276012,#1f77b4,A
497.03409216843636,39.702097512449775,0,1,0,0,0,0,0,0,0,0,0,0.8870439178357635,0.050781731130105076,1.7035372974343842e-05,1.7035372974343842e-05,1.7035372974343842e-05,1.7035372974343842e-05,1.7035372974343842e-05,0.020152743354227502,0.04191939544117088,1.7035372974343842e-05,13.304153999871515,8.630651466010965,3.873081013378077,0.9364350979790179,#1f77b4,A
510.79430106905744,39.96186422813711,0,1,0,0,0,0,0,0,0,0,0,0.8994262488872903,0.045214999404106525,1.516794252071208e-05,1.516794252071208e-05,1.516794252071208e-05,1.516794252071208e-05,1.516794252071208e-05,0.0179435844047529,0.03732415964782659,1.516794252071208e-05,12.692395974041222,9.160150190875317,4.183571133984591,1.0369116116913688,#1f77b4,A
13.750746437637847,51.41535324454721,1,0,1,0,0,0,0,0,0,0,0,0.4148087751947513,0.2630847570895844,8.825510397436597e-05,8.825510397436597e-05,8.825510397436597e-05,8.825510397436597e-05,8.825510397436597e-05,0.10440525504047952,0.21717168205092371,8.825510397436597e-05,12.919396077390745,8.780283207882507,2.304668848228133,0.966156938880489,#ff7f0e,B
22.14118171208489,55.97599012888078,8,0,0,0,0,0,0,0,0,1,0,0.3950597343203326,0.27196334480753376,9.123353834229217e-05,9.123353834229217e-05,9.123353834229217e-05,9.123353834229217e-05,9.123353834229217e-05,0.1079287249113551,0.22450079473032974,9.123353834229217e-05,10.959975523772316,10.943464087517528,5.579905716694042,1.101425494123476,#bcbd22,i
35.2893857212337,50.84421337870766,7,0,0,0,0,0,0,0,1,0,0,0.39529597369629316,0.2718571385347716,9.119791010693166e-05,9.119791010693166e-05,9.119791010693166e-05,9.119791010693166e-05,9.119791010693166e-05,0.10788657692407794,0.22441312338382044,9.119791010693166e-05,17.183474361343205,5.105474192351129,3.3538211911507947,0.9555819978306715,#7f7f7f,h
46.5808889106889,51.51985942161408,1,0,1,0,0,0,0,0,0,0,0,0.38474233726057655,0.2766017429656242,9.278954757766348e-05,9.278954757766348e-05,9.278954757766348e-05,9.278954757766348e-05,9.278954757766348e-05,0.10976947444026003,0.22832970804768846,9.278954757766348e-05,9.995082188719243,12.042249872289181,5.5200522218429,1.0026757409107048,#ff7f0e,B
58.2171862421091,54.302940811226726,1,0,1,0,0,0,0,0,0,0,0,0.3702268668613714,0.28312747138079875,9.497868558079603e-05,9.497868558079603e-05,9.497868558079603e-05,9.497868558079603e-05,9.497868558079603e-05,0.11235921147804369,0.233716578165931,9.497868558079603e-05,18.249425285627886,3.6972029464219327,2.0281480078154077,0.9462733370064482,#ff7f0e,B
69.09493289831552,52.19250547968189,1,0,1,0,0,0,0,0,0,0,0,0.3697636551326901,0.28333571774533023,9.504854445349284e-05,9.504854445349284e-05,9.504854445349284e-05,9.504854445349284e-05,9.504854445349284e-05,0.11244185410257534,0.23388848175231358,9.504854445349284e-05,12.748462248222715,9.493541526448062,2.5583098788423055,1.1661840344624088,#ff7f0e,B
81.43369673565549,52.53473906091087,0,1,0,0,0,0,0,0,0,0,0,0.3641782078667326,0.2858467705002526,9.5890908809461e-05,9.5890908809461e-05,9.5890908809461e-05,9.5890908809461e-05,9.5890908809461e-05,0.11343836604875586,0.23596131013103794,9.5890908809461e-05,17.720241328184475,4.338515313373204,5.866322499717395,1.0534532605587386,#1f77b4,A
95.62000854026483,52.389930875108824,0,1,0,0,0,0,0,0,0,0,0,0.36138589864498033,0.28710211057061935,9.631202848837748e-05,9.631202848837748e-05,9.631202848837748e-05,9.631202848837748e-05,9.631202848837748e-05,0.11393654808582666,0.23699757052728215,9.631202848837748e-05,16.013378482227306,6.253540030675588,3.2551423001440076,1.0398065390228073,#1f77b4,A
104.02957023245936,54.92802655499575,0,1,0,0,0,0,0,0,0,0,0,0.3543357737625824,0.2902716392879327,9.737528692109997e-05,9.737528692109997e-05,9.737528692109997e-05,9.737528692109997e-05,9.737528692109997e-05,0.11519437639085672,0.23961395883674724,9.737528692109997e-05,10.793501481906093,11.294393883435827,5.509674885434835,1.038412302778982,#1f77b4,A
118.29610761973957,54.53667332476376,0,1,0,0,0,0,0,0,0,0,0,0.35609255147373964,0.289481843717169,9.711034002342567e-05,9.711034002342567e-05,9.711034002342567e-05,9.711034002342567e-05,9.711034002342567e-05,0.11488094581088834,0.23896199695770645,9.711034002342567e-05,13.61205034989997,8.527536021475335,1.42678861953124,0.900007144394276,#1f77b4,A
132.86745836264404,48.24099482819711,0,1,0,0,0,0,0,0,0,0,0,0.37525830958183837,0.28086548276952567,9.421987293697265e-05,9.421987293697265e-05,9.421987293697265e-05,9.421987293697265e-05,9.421987293697265e-05,0.11146154070277252,0.23184934770786636,9.421987293697265e-05,15.086719554697694,6.455223344221626,3.2493104159180577,0.9749142502426295,#1f77b4,A
139.67900034703462,50.5946650523319,8,0,0,0,0,0,0,0,0,1,0,0.37177133528695927,0.28243312381823205,9.474575792277969e-05,9.474575792277969e-05,9.474575792277969e-05,9.474575792277969e-05,9.474575792277969e-05,0.11208365946523047,0.23314340688166985,9.474575792277969e-05,7.0816089602287535,14.331128831760417,3.7530057173834948,0.9645486736790415,#bcbd22,i
155.2224942823959,49.928631307065245,1,0,1,0,0,0,0,0,0,0,0,0.38110558365903524,0.27823672038377706,9.33380213989183e-05,9.33380213989183e-05,9.33380213989183e-05,9.33380213989183e-05,9.33380213989183e-05,0.11041831565864182,0.22967935216977128,9.33380213989183e-05,13.132103934289175,9.029414193560063,0.9241369429657308,1.0165614764998898,#ff7f0e,B
168.92682672377035,43.25538490290296,8,0,0,0,0,0,0,0,0,1,0,0.4069076675194482,0.266636862632847,8.944670263449593e-05,8.944670263449593e-05,8.944670263449593e-05,8.944670263449593e-05,8.944670263449593e-05,0.10581490905950258,0.22010388057198843,8.944670263449593e-05,11.595525711754908,10.673962017200308,1.143325909696474,1.0585194755523053,#bcbd22,i
180.41220045027328,52.209612847395995,0,1,0,0,0,0,0,0,0,0,0,0.3939335411300076,0.2724696481308819,9.140338418565846e-05,9.140338418565846e-05,9.140338418565846e-05,9.140338418565846e-05,9.140338418565846e-05,0.10812965151838011,0.22491873891522243,9.140338418565846e-05,14.80527645549118,6.6407278296958,2.8726015471683906,0.9486512343651755,#1f77b4,A
190.09202913481028,50.733369220182155,0,1,0,0,0,0,0,0,0,0,0,0.40655209535378595,0.2667967174168321,8.950032794041439e-05,8.950032794041439e-05,8.950032794041439e-05,8.950032794041439e-05,8.950032794041439e-05,0.10587834747256775,0.22023583778876513,8.950032794041439e-05,10.164263848628192,11.925121068333887,6.148843724871631,1.0793908150674905,#1f77b4,A
207.6679160164396,51.32239866921654,0,1,0,0,0,0,0,0,0,0,0,0.424076518123004,0.2589182525459394,8.685739741098701e-05,8.685739741098701e-05,8.685739741098701e-05,8.685739741098701e-05,8.685739741098701e-05,0.10275177661657205,0.21373230832959447,8.685739741098701e-05,15.13888884412607,6.698037280530363,2.819465581544517,1.0461054323245706,#1f77b4,A
219.83355819630705,46.32807139367031,8,0,0,0,0,0,0,0,0,1,0,0.45084503883021315,0.246883913223337,8.282032631675637e-05,8.282032631675637e-05,8.282032631675637e-05,8.282032631675637e-05,8.282032631675637e-05,0.09797594589144897,0.20379818009664938,8.282032631675637e-05,10.121436150458834,12.109005315562936,0.986899059470329,1.0440610127303371,#bcbd22,i
226.95133978979098,54.738958879949216,0,1,0,0,0,0,0,0,0,0,0,0.4405754671735316,0.25150081048733125,8.436912280569175e-05,8.436912280569175e-05,8.436912280569175e-05,8.436912280569175e-05,8.436912280569175e-05,0.09980816278487724,0.20760934481698518,8.436912280569175e-05,12.349923029004302,9.505895866477537,6.05014434617114,0.9061959595081998,#1f77b4,A
243.09300501589072,52.52467792589789,1,0,1,0,0,0,0,0,0,0,0,0.46883606161135716,0.23879567871545676,8.010702591365108e-05,8.010702591365108e-05,8.010702591365108e-05,8.010702591365108e-05,8.010702591365108e-05,0.09476612789984677,0.19712148961738857,8.010702591365108e-05,6.675996767519022,15.753861034078293,0.9342002316935705,0.9476786246831693,#ff7f0e,B
253.1458476931501,51.621721357636936,1,0,1,0,0,0,0,0,0,0,0,0.48634203221735145,0.2309255093942472,7.746687823112037e-05,7.746687823112037e-05,7.746687823112037e-05,7.746687823112037e-05,7.746687823112037e-05,0.09164284913492445,0.19062480798360365,7.746687823112037e-05,12.917712965752163,8.745153570341373,0.20984725738295085,1.04474895002908,#ff7f0e,B
264.4693420075622,52.6047719541269,0,1,0,0,0,0,0,0,0,0,0,0.5025401464214937,0.22364331383136674,7.50239737706965e-05,7.50239737706965e-05,7.50239737706965e-05,7.50239737706965e-05,7.50239737706965e-05,0.08875290791062809,0.1846134879933847,7.50239737706965e-05,13.566074945929405,8.700264477250823,2.1977835454630847,1.03156346367909,#1f77b4,A
278.982907499499,51.20999162430728,0,1,0,0,0,0,0,0,0,0,0,0.5301915855652173,0.21121204035706378,7.085374610283203e-05,7.085374610283203e-05,7.085374610283203e-05,7.085374610283203e-05,7.085374610283203e-05,0.08381955376301171,0.1743516978375601,7.085374610283203e-05,8.625537966921957,13.081327888594139,4.538472414618614,1.0696990225678977,#1f77b4,A
289.3704864949853,54.232026296445035,1,0,1,0,0,0,0,0,0,0,0,0.5424414663119782,0.2057048543911156,6.900629102634724e-05,6.900629102634724e-05,6.900629102634724e-05,6.900629102634724e-05,6.900629102634724e-05,0.08163402556407323,0.16980561598613247,6.900629102634724e-05,13.33422851838177,8.767926953464958,3.8492097807249173,0.8850771745113122,#ff7f0e,B
303.8864031816169,54.558766710004576,0,1,0,0,0,0,0,0,0,0,0,0.5684508482175624,0.19401180153823014,6.508370878811526e-05,6.508370878811526e-05,6.508370878811526e-05,6.508370878811526e-05,6.508370878811526e-05,0.07699363446421331,0.16015321352669695,6.508370878811526e-05,13.726171018337736,8.04653688237842,1.8100094945177014,0.9217445544537245,#1f77b4,A
317.3871524588715,49.93761695253897,0,1,0,0,0,0,0,0,0,0,0,0.6022315713767636,0.17882498230726537,5.998909849941543e-05,5.998909849941543e-05,5.998909849941543e-05,5.998909849941543e-05,5.998909849941543e-05,0.07096674125837617,0.14761677046599597,5.998909849941543e-05,15.252046694378972,6.630687682500941,0.3328991791814201,1.0715299665459492,#1f77b4,A
326.3072150344136,48.71451370681925,0,1,0,0,0,0,0,0,0,0,0,0.62100456467494,0.17038519686217907,5.7157865895073364e-05,5.7157865895073364e-05,5.7157865895073364e-05,5.7157865895073364e-05,5.7157865895073364e-05,0.06761741018488826,0.14064988108200108,5.7157865895073364e-05,13.372768638405788,8.444598771700988,6.214797784061195,0.978738473576714,#1f77b4,A
333.94001132877327,50.27918210908317,0,1,0,0,0,0,0,0,0,0,0,0.6325225984317264,0.1652070277704136,5.542078368382616e-05,5.542078368382616e-05,5.542078368382616e-05,5.542078368382616e-05,5.542078368382616e-05,0.06556245241899836,0.1363753966761262,5.542078368382616e-05,13.908979248167743,8.659494971365252,0.6122717117314475,0.8465579991214796,#1f77b4,A
343.90832122316834,46.540036191427504,0,1,0,0,0,0,0,0,0,0,0,0.6572129401711756,0.15410697656722838,5.169713133735328e-05,5.169713133735328e-05,5.169713133735328e-05,5.169713133735328e-05,5.169713133735328e-05,0.06115739417977734,0.12721250629313735,5.169713133735328e-05,15.340481874739366,6.766364638340586,3.0410864946649605,0.9955038186893308,#1f77b4,A
361.3563368449269,47.82878153746992,8,0,0,0,0,0,0,0,0,1,0,0.6870028307770903,0.14071431823335812,4.720439497807268e-05,4.720439497807268e-05,4.720439497807268e-05,4.720439497807268e-05,4.720439497807268e-05,0.055842514197804075,0.11615711042119202,4.720439497807268e-05,12.20670914460985,9.884033754173682,2.2066277826230767,0.9298121847267172,#bcbd22,i
373.6760390033843,52.54972842312093,0,1,0,0,0,0,0,0,0,0,0,0.7024957639102286,0.13374915133205964,4.486784178558347e-05,4.486784178558347e-05,4.486784178558347e-05,4.486784178558347e-05,4.486784178558347e-05,0.053078385881232884,0.11040749182506283,4.486784178558347e-05,10.344094220689456,11.38881715205044,3.9311979270101225,1.1446123923127327,#1f77b4,A
386.46806321572154,55.9611749931222,0,1,0,0,0,0,0,0,0,0,0,0.7208822919839185,0.12548310928126577,4.209489359687152e-05,4.209489359687152e-05,4.209489359687152e-05,4.209489359687152e-05,4.209489359687152e-05,0.049798004919463255,0.1035840244530505,4.209489359687152e-05,12.040986792204189,10.060682612976139,5.8107691790913005,0.9835606245875186,#1f77b4,A
398.708561459985,49.11981219478321,8,0,0,0,0,0,0,0,0,1,0,0.7503430128105324,0.11223843599528739,3.765180069064701e-05,3.765180069064701e-05,3.765180069064701e-05,3.765180069064701e-05,3.765180069064701e-05,0.04454185284266494,0.09265078754662108,3.765180069064701e-05,17.08669349065629,5.457043391785453,4.034753303974239,0.971854429130205,#bcbd22,i
409.28534644817864,50.790952680921535,0,1,0,0,0,0,0,0,0,0,0,0.7657471626888417,0.10531318343316594,3.5328637267269145e-05,3.5328637267269145e-05,3.5328637267269145e-05,3.5328637267269145e-05,3.5328637267269145e-05,0.04179356454209335,0.08693411751152946,3.5328637267269145e-05,12.999564890833643,9.37262696232137,2.011038890735129,1.0239791131010278,#1f77b4,A
419.10842319239055,50.413036317744435,1,0,1,0,0,0,0,0,0,0,0,0.7816751444387837,0.09815243147381701,3.292647259722785e-05,3.292647259722785e-05,3.292647259722785e-05,3.292647259722785e-05,3.292647259722785e-05,0.0389518182437973,0.08102304700723677,3.292647259722785e-05,15.258347912952562,6.793404016236789,4.593704331307994,0.9821364999272051,#ff7f0e,B
435.4955828277828,50.78930083671572,0,1,0,0,0,0,0,0,0,0,0,0.8058240586125962,0.08729579017418047,2.928447517665685e-05,2.928447517665685e-05,2.928447517665685e-05,2.928447517665685e-05,2.928447517665685e-05,0.0346433572888147,0.07206108707254263,2.928447517665685e-05,11.288412269697039,10.606521463194381,3.4678748442386267,1.031224755530487,#1f77b4,A
441.4006918759863,55.497640911740675,0,1,0,0,0,0,0,0,0,0,0,0.8101522073007719,0.08534998186740493,2.8631729208671403e-05,2.8631729208671403e-05,2.8631729208671403e-05,2.8631729208671403e-05,2.8631729208671403e-05,0.03387116275053665,0.07045485770522429,2.8631729208671403e-05,16.166298415904773,6.286155828054489,4.559398698469846,0.8934416170391213,#1f77b4,A
455.57117534659204,55.27899922793869,0,1,0,0,0,0,0,0,0,0,0,0.8299062582328482,0.07646914177493941,2.5652539253270924e-05,2.5652539253270924e-05,2.5652539253270924e-05,2.5652539253270924e-05,2.5652539253270924e-05,0.030346799024241977,0.06312388573162084,2.5652539253270924e-05,9.547499805701406,12.663102845997784,3.1458399902565986,0.964640930533615,#1f77b4,A
471.10406685685194,50.76090131193273,0,1,0,0,0,0,0,0,0,0,0,0.852712273970789,0.06621622810111527,2.2213069888592288e-05,2.2213069888592288e-05,2.2213069888592288e-05,2.2213069888592288e-05,2.2213069888592288e-05,0.026277927536339226,0.054660291971572246,2.2213069888592288e-05,12.041937133571894,10.214467884332736,5.267910178928489,0.9566600855122949,#1f77b4,A
477.7648681473767,50.329437663389264,0,1,0,0,0,0,0,0,0,0,0,0.8607470914180237,0.0626040105784208,2.1001305905873702e-05,2.1001305905873702e-05,2.1001305905873702e-05,2.1001305905873702e-05,2.1001305905873702e-05,0.024844418062469613,0.051678472104789715,2.1001305905873702e-05,11.53038008074157,10.419831377990588,3.3560286896074523,0.9283618842741813,#1f77b4,A
488.4893876336533,50.78200754230397,0,1,0,0,0,0,0,0,0,0,0,0.8722968690499265,0.05741157037437593,1.9259436269798136e-05,1.9259436269798136e-05,1.9259436269798136e-05,1.9259436269798136e-05,1.9259436269798136e-05,0.02278379680191842,0.047392207155287976,1.9259436269798136e-05,14.844803084136947,7.294406493472769,3.888338993124862,0.9187456576209002,#1f77b4,A
502.04513795745885,51.549783331151495,0,1,0,0,0,0,0,0,0,0,0,0.8857257673500314,0.05137433280567239,1.7234168689729084e-05,1.7234168689729084e-05,1.7234168689729084e-05,1.7234168689729084e-05,1.7234168689729084e-05,0.02038791748502655,0.0424085773462454,1.7234168689729084e-05,12.770465727876799,9.201450527375156,4.011570317888413,0.9941735929530701,#1f77b4,A
516.1487401796546,50.61125019574831,0,1,0,0,0,0,0,0,0,0,0,0.8992596963131567,0.04528987654110262,1.5193061001858614e-05,1.5193061001858614e-05,1.5193061001858614e-05,1.5193061001858614e-05,1.5193061001858614e-05,0.017973299416261967,0.0373859693625683,1.5193061001858614e-05,10.677872648527234,10.936874602554063,2.692379885357691,1.0231455406532297,#1f77b4,A
6.622789229774565,59.20197946802498,8,0,0,0,0,0,0,0,0,1,0,0.4044236672552065,0.26775359606702837,8.982132496699305e-05,8.982132496699305e-05,8.982132496699305e-05,8.982132496699305e-05,8.982132496699305e-05,0.10625808501655065,0.22102572371100795,8.982132496699305e-05,17.171187306778375,4.6897848682663446,1.1775950795459091,0.9207265816647117,#bcbd22,i
17.932954718606208,57.85422428242609,0,1,0,0,0,0,0,0,0,0,0,0.39492553693961213,0.2720236760015306,9.125377720317499e-05,9.125377720317499e-05,9.125377720317499e-05,9.125377720317499e-05,9.125377720317499e-05,0.10795266736155947,0.22455059703368394,9.125377720317499e-05,12.414571775927087,9.568865105995023,5.656517648897766,0.8623750332024426,#1f77b4,A
32.904588871828835,63.131690889136934,8,0,0,0,0,0,0,0,0,1,0,0.3677466302793068,0.28424251277420914,9.535274029684942e-05,9.535274029684942e-05,9.535274029684942e-05,9.535274029684942e-05,9.535274029684942e-05,0.11280171594826677,0.23463702455606858,9.535274029684942e-05,15.083234205029967,6.73911746534084,4.263108266106709,1.0731593785849567,#bcbd22,i
41.31290541939488,60.510613182308575,0,1,0,0,0,0,0,0,0,0,0,0.3668521251878653,0.2846446559450606,9.548764430173631e-05,9.548764430173631e-05,9.548764430173631e-05,9.548764430173631e-05,9.548764430173631e-05,0.11296130657138008,0.23496898642951675,9.548764430173631e-05,13.591763497235917,8.375588768190575,6.251091203060616,0.9573708089053033,#1f77b4,A
48.45195006683179,62.13287557619716,0,1,0,0,0,0,0,0,0,0,0,0.3575633151861393,0.28882063162510063,9.688852807741956e-05,9.688852807741956e-05,9.688852807741956e-05,9.688852807741956e-05,9.688852807741956e-05,0.11461854361825675,0.2384161784016811,9.688852807741956e-05,6.469659016864212,15.124624192584797,5.771967409588203,0.9006312416220889,#1f77b4,A
67.37473271878618,60.216118164825474,0,1,0,0,0,0,0,0,0,0,0,0.3508200829964497,0.29185219041721444,9.790550275646311e-05,9.790550275646311e-05,9.790550275646311e-05,9.790550275646311e-05,9.790550275646311e-05,0.11582161852218624,0.24091867504726008,9.790550275646311e-05,14.493481803355095,7.266166209198157,5.1489467634816375,1.0333139910162876,#1f77b4,A
80.5174263777824,63.249433927798115,0,1,0,0,0,0,0,0,0,0,0,0.33813943691840925,0.2975530358020649,9.981792333053095e-05,9.981792333053095e-05,9.981792333053095e-05,9.981792333053095e-05,9.981792333053095e-05,0.11808400051244715,0.24562461922675743,9.981792333053095e-05,12.883853808198142,9.135598187718982,3.685819750923367,0.9653952014867773,#1f77b4,A
95.70129714103571,60.20726746218791,1,0,1,0,0,0,0,0,0,0,0,0.3420176844074356,0.29580948983736743,9.923302881934471e-05,9.923302881934471e-05,9.923302881934471e-05,9.923302881934471e-05,9.923302881934471e-05,0.11739207383781639,0.24418535374412245,9.923302881934471e-05,12.842935159512482,8.95536487944566,4.400188039087877,0.9650534394202175,#ff7f0e,B
107.07805386096675,60.6081417203059,8,0,0,0,0,0,0,0,0,1,0,0.3402871764002939,0.29658747532211693,9.949401387452865e-05,9.949401387452865e-05,9.949401387452865e-05,9.949401387452865e-05,9.949401387452865e-05,0.11770081758204406,0.24482756661195773,9.949401387452865e-05,9.988029981648387,12.038795797752497,3.5775905716868865,0.9574518464096827,#bcbd22,i
113.03495547447807,60.34714003216858,8,0,0,0,0,0,0,0,0,1,0,0.34117294655621017,0.2961892591212769,9.936042722132158e-05,9.936042722132158e-05,9.936042722132158e-05,9.936042722132158e-05,9.936042722132158e-05,0.11754278537801256,0.24449884638083122,9.936042722132158e-05,19.562289918058845,1.9744339952318402,2.7948539378725634,0.9664527704911153,#bcbd22,i
125.39901299637226,64.48306856432697,1,0,1,0,0,0,0,0,0,0,0,0.33307152357498043,0.2998314205323776,0.00010058223625953447,0.00010058223625953447,0.00010058223625953447,0.00010058223625953447,0.00010058223625953447,0.11898817809187126,0.2475053843828804,0.00010058223625953447,15.08382638764234,7.1236272908066285,4.602181837973889,0.9671686661853403,#ff7f0e,B
137.8130208045165,60.49903404174094,8,0,0,0,0,0,0,0,0,1,0,0.3465539755989486,0.2937701067850907,9.854889202132813e-05,9.854889202132813e-05,9.854889202132813e-05,9.854889202132813e-05,9.854889202132813e-05,0.11658274413717667,0.24250188012630933,9.854889202132813e-05,16.963535434283873,5.268232709223792,0.7129461098010884,1.0636009444700736,#bcbd22,i
151.5068774159502,65.27412207117622,0,1,0,0,0,0,0,0,0,0,0,0.3415006884348749,0.29604191601549906,9.931099911585402e-05,9.931099911585402e-05,9.931099911585402e-05,9.931099911585402e-05,9.931099911585402e-05,0.11748431222773441,0.244377217326855,9.931099911585402e-05,11.772446196915372,10.13721669831715,0.9603370793219679,0.9850917743061604,#1f77b4,A
166.42644025413043,63.24604139480207,1,0,1,0,0,0,0,0,0,0,0,0.3559695703173449,0.2895371324267144,9.712888731922325e-05,9.712888731922325e-05,9.712888731922325e-05,9.712888731922325e-05,9.712888731922325e-05,0.11490288714981199,0.23900763678185755,9.712888731922325e-05,11.926287505501397,10.024771275647323,4.018340367895824,1.0608992837599278,#ff7f0e,B
175.5505310668503,65.38053320627033,1,0,1,0,0,0,0,0,0,0,0,0.35812027942252933,0.28857023689150346,9.680453000207417e-05,9.680453000207417e-05,9.680453000207417e-05,9.680453000207417e-05,9.680453000207417e-05,0.11451917440237665,0.23820948210321993,9.680453000207417e-05,15.985333327511396,6.10063295174931,1.2011597395024345,1.0876916790582436,#ff7f0e,B
188.85821956638677,64.68751625665982,1,0,1,0,0,0,0,0,0,0,0,0.37201629736918845,0.2823229960733723,9.470881418008409e-05,9.470881418008409e-05,9.470881418008409e-05,9.470881418008409e-05,9.470881418008409e-05,0.11203995524072,0.2330524984312668,9.470881418008409e-05,13.066459750899794,9.317849630704226,3.1052842992768874,1.093344430043918,#ff7f0e,B
200.00826754510547,61.39713553282403,8,0,0,0,0,0,0,0,0,1,0,0.39150050699424616,0.27356346869323156,9.1770320105958e-05,9.1770320105958e-05,9.1770320105958e-05,9.1770320105958e-05,9.1770320105958e-05,0.10856373449621583,0.22582166789527913,9.1770320105958e-05,14.268105547350542,7.785095257255372,2.2896093900804058,0.9376722888227429,#bcbd22,i
211.657878868314,67.5179510562877,1,0,1,0,0,0,0,0,0,0,0,0.39121050455886,0.2736938452556868,9.181405657021618e-05,9.181405657021618e-05,9.181405657021618e-05,9.181405657021618e-05,9.181405657021618e-05,0.10861547446931435,0.22592929137632625,9.181405657021618e-05,12.778533715354538,9.074409502822839,1.2903167403521876,0.9693140652646532,#ff7f0e,B
222.98851452261377,63.08157385687575,0,1,0,0,0,0,0,0,0,0,0,0.41608840803766,0.26250947181295864,8.80621172636755e-05,8.80621172636755e-05,8.80621172636755e-05,8.80621172636755e-05,8.80621172636755e-05,0.10417695292715454,0.2166967945182286,8.80621172636755e-05,16.664454641082575,5.017374080397264,4.334569392371782,1.0448270684091925,#1f77b4,A
239.66365878477987,61.431557409414445,8,0,0,0,0,0,0,0,0,1,0,0.4437316005639326,0.25008190577522843,8.389313330222647e-05,8.389313330222647e-05,8.389313330222647e-05,8.389313330222647e-05,8.389313330222647e-05,0.09924507007671707,0.20643806478386478,8.389313330222647e-05,11.460172288511405,10.67372221661536,1.7770073204597967,1.0556997192609272,#bcbd22,i
248.03805169539112,62.612528539470894,0,1,0,0,0,0,0,0,0,0,0,0.45409232869120486,0.24542402724407564,8.233058912971522e-05,8.233058912971522e-05,8.233058912971522e-05,8.233058912971522e-05,8.233058912971522e-05,0.09739658975663915,0.20259307077284772,8.233058912971522e-05,6.404432898468208,15.422179788841536,1.6299267884987196,0.9767360027615911,#1f77b4,A
259.29400510351775,56.83446311301326,1,0,1,0,0,0,0,0,0,0,0,0.4848517821820315,0.2315954819637711,7.769162898991549e-05,7.769162898991549e-05,7.769162898991549e-05,7.769162898991549e-05,7.769162898991549e-05,0.09190872792533819,0.19117785815443492,7.769162898991549e-05,14.086764775349806,8.317664619916581,3.5857234178551205,1.1836763728038595,#ff7f0e,B
270.72459920914946,60.53105802767942,7,0,0,0,0,0,0,0,1,0,0,0.49637437501522763,0.22641526324538946,7.595385920553731e-05,7.595385920553731e-05,7.595385920553731e-05,7.595385920553731e-05,7.595385920553731e-05,0.08985295676458661,0.18690168181906652,7.595385920553731e-05,11.1155719622818,10.809199510006428,3.2846510138584892,1.0785699677711704,#7f7f7f,h
283.2543371557433,61.78767475741005,0,1,0,0,0,0,0,0,0,0,0,0.5161388589193199,0.21752973279566606,7.29730958105654e-05,7.29730958105654e-05,7.29730958105654e-05,7.29730958105654e-05,7.29730958105654e-05,0.0863267316687806,0.17956683804085385,7.29730958105654e-05,17.607748496002042,4.29902637627318,3.934821113368605,0.9821886370135527,#1f77b4,A
293.3296750432722,57.51286059177886,0,1,0,0,0,0,0,0,0,0,0,0.5431421740886637,0.20538983679104517,6.890061439439205e-05,6.890061439439205e-05,6.890061439439205e-05,6.890061439439205e-05,6.890061439439205e-05,0.08150901074663781,0.16954557468674372,6.890061439439205e-05,15.546828771850318,6.06719320212678,6.11147837669388,0.9968228845151311,#1f77b4,A
305.52516089856107,62.36885958689876,1,0,1,0,0,0,0,0,0,0,0,0.5567421464759541,0.19927568934611,6.684954642513068e-05,6.684954642513068e-05,6.684954642513068e-05,6.684954642513068e-05,6.684954642513068e-05,0.07908260972513667,0.16449845717369152,6.684954642513068e-05,13.733668684785071,7.7120629716162465,1.956809174804554,1.0041704198385994,#ff7f0e,B
318.75390359924893,61.46374933254286,7,0,0,0,0,0,0,0,1,0,0,0.5839601831656173,0.18703926086352182,6.274468197022047e-05,6.274468197022047e-05,6.274468197022047e-05,6.274468197022047e-05,6.274468197022047e-05,0.07422657986372519,0.15439750801473048,6.274468197022047e-05,16.383611230993136,5.867726458829098,2.9578323285790424,1.1150133798912252,#7f7f7f,h
330.44017373752325,60.50725568432489,7,0,0,0,0,0,0,0,1,0,0,0.6083781109052282,0.176061678979659,5.90621135034448e-05,5.90621135034448e-05,5.90621135034448e-05,5.90621135034448e-05,5.90621135034448e-05,0.06987012360608585,0.14533571382739777,5.90621135034448e-05,17.36366557029076,4.884277497364358,0.4420765881400515,0.8633816160071492,#7f7f7f,h
345.39003654548253,65.1427093506185,8,0,0,0,0,0,0,0,0,1,0,0.6300788363804573,0.16630567128793713,5.578933752534274e-05,5.578933752534274e-05,5.578933752534274e-05,5.578933752534274e-05,5.578933752534274e-05,0.06599844938786326,0.13728230691796012,5.578933752534274e-05,13.732001201396852,8.386234404539344,4.311335768623645,1.0605093730997468,#bcbd22,i
353.75103718039003,63.480225592566065,0,1,0,0,0,0,0,0,0,0,0,0.649089174578602,0.1577591825590217,5.292230995700153e-05,5.292230995700153e-05,5.292230995700153e-05,5.292230995700153e-05,5.292230995700153e-05,0.06260677308812551,0.13022733591385965,5.292230995700153e-05,11.5224645365037,10.62441488007826,6.163936372281587,1.0556502510861454,#1f77b4,A
362.12455654754564,63.202391609964984,0,1,0,0,0,0,0,0,0,0,0,0.6657477215108761,0.15026998998849264,5.040996573642391e-05,5.040996573642391e-05,5.040996573642391e-05,5.040996573642391e-05,5.040996573642391e-05,0.05963468504690503,0.12404514365864187,5.040996573642391e-05,13.507873314819996,8.964516013001237,4.904719141635185,1.0370445871972,#1f77b4,A
381.9572943464294,64.45853812468567,0,1,0,0,0,0,0,0,0,0,0,0.7016850131512197,0.13411364101928175,4.499011445390233e-05,4.499011445390233e-05,4.499011445390233e-05,4.499011445390233e-05,4.499011445390233e-05,0.05322303370946526,0.11070837143260805,4.499011445390233e-05,13.687876075197899,8.621429944129641,3.7526121698208437,1.0336069213056622,#1f77b4,A
390.9944316260997,61.610238754049135,8,0,0,0,0,0,0,0,0,1,0,0.7218736340961213,0.12503743103503295,4.194538520119127e-05,4.194538520119127e-05,4.194538520119127e-05,4.194538520119127e-05,4.194538520119127e-05,0.049621137390235444,0.10321612516668123,4.194538520119127e-05,10.770958739818296,11.11321814597036,5.136791594054584,0.9111669135285608,#bcbd22,i
400.4995355966954,61.120567045368404,0,1,0,0,0,0,0,0,0,0,0,0.7393086286145,0.1171991704745464,3.9315941715385805e-05,3.9315941715385805e-05,3.9315941715385805e-05,3.9315941715385805e-05,3.9315941715385805e-05,0.046510521625397844,0.09674578363452384,3.9315941715385805e-05,11.25644433419433,10.908874328721199,3.1711408080699353,0.9762794546141114,#1f77b4,A
407.3948414949217,59.542254856203485,0,1,0,0,0,0,0,0,0,0,0,0.752949228795354,0.11106675796898205,3.725874650088699e-05,3.725874650088699e-05,3.725874650088699e-05,3.725874650088699e-05,3.725874650088699e-05,0.044076872109782415,0.09168358864612304,3.725874650088699e-05,12.154998775096765,9.271377405124476,0.6744565303003325,1.0264999085383832,#1f77b4,A
424.91240482318017,64.11212166975237,0,1,0,0,0,0,0,0,0,0,0,0.7771294838398489,0.10019602673600253,3.361202243424976e-05,3.361202243424976e-05,3.361202243424976e-05,3.361202243424976e-05,3.361202243424976e-05,0.03976281956104709,0.08270999772771885,3.361202243424976e-05,14.623993268246382,7.844647066597192,4.657141472941331,0.9882223830790909,#1f77b4,A
437.3905475630776,62.21171484943466,1,0,1,0,0,0,0,0,0,0,0,0.7983698851956703,0.0906469672246423,3.0408669836571383e-05,3.0408669836571383e-05,3.0408669836571383e-05,3.0408669836571383e-05,3.0408669836571383e-05,0.03597327278262694,0.07482742277724266,3.0408669836571383e-05,12.94708974922527,8.998058865530258,5.165837060708611,1.0322548294315608,#ff7f0e,B
447.0691072777467,62.64813858390983,0,1,0,0,0,0,0,0,0,0,0,0.8122694124586775,0.08439814872113265,2.8312424760098164e-05,2.8312424760098164e-05,2.8312424760098164e-05,2.8312424760098164e-05,2.8312424760098164e-05,0.033493427516112936,0.06966913675470421,2.8312424760098164e-05,15.05419713742765,7.0145351736122405,4.534869564976363,0.9500935121736347,#1f77b4,A
464.55293083304235,62.24800754682821,0,1,0,0,0,0,0,0,0,0,0,0.8365881917929842,0.07346514104313565,2.4644809273558963e-05,2.4644809273558963e-05,2.4644809273558963e-05,2.4644809273558963e-05,2.4644809273558963e-05,0.029154660543794158,0.06064413776360806,2.4644809273558963e-05,13.317221292815354,8.613503502226077,1.2880634849790713,1.018130030572636,#1f77b4,A
473.2134040217124,60.39946141900069,0,1,0,0,0,0,0,0,0,0,0,0.8488360557023287,0.06795886178795019,2.279765836464936e-05,2.279765836464936e-05,2.279765836464936e-05,2.279765836464936e-05,2.279765836464936e-05,0.02696949217326031,0.05609880438542399,2.279765836464936e-05,21.794958849698496,1.2829758664087607,2.446883719208532,1.0731968828772522,#1f77b4,A
484.06355164005333,59.207588468734734,0,1,0,0,0,0,0,0,0,0,0,0.8624569740536286,0.06183529765387145,2.074343144810174e-05,2.074343144810174e-05,2.074343144810174e-05,2.074343144810174e-05,2.074343144810174e-05,0.024539354136195998,0.051043913566752405,2.074343144810174e-05,13.41290019953221,8.162937330702388,2.967492631453653,0.9867247603681352,#1f77b4,A
498.1447561207803,55.091794223142514,0,1,0,0,0,0,0,0,0,0,0,0.8799976259612219,0.053949536639861614,1.8098053335330823e-05,1.8098053335330823e-05,1.8098053335330823e-05,1.8098053335330823e-05,1.8098053335330823e-05,0.0214098878038854,0.044534361274139116,1.8098053335330823e-05,17.402154991096058,4.877409972935803,1.896000260595995,1.0838676110418015,#1f77b4,A
511.23148722228694,62.42395423131203,0,1,0,0,0,0,0,0,0,0,0,0.8893620769159921,0.04973955501285211,1.6685761835312924e-05,1.6685761835312924e-05,1.6685761835312924e-05,1.6685761835312924e-05,1.6685761835312924e-05,0.01973915548801053,0.04105909801124393,1.6685761835312924e-05,9.774213032075286,12.113412683557852,2.5648000492347345,1.020007009365267,#1f77b4,A
17.474070056459382,73.08279341131285,0,1,0,0,0,0,0,0,0,0,0,0.3601342094847847,0.28766483318966046,9.650080089694126e-05,9.650080089694126e-05,9.650080089694126e-05,9.650080089694126e-05,9.650080089694126e-05,0.11415986470518533,0.23746208781462788,9.650080089694126e-05,14.95010940775468,6.456214127279351,2.9606068150621523,0.9424192794629234,#1f77b4,A
25.190900608980662,71.24373776066572,0,1,0,0,0,0,0,0,0,0,0,0.35622180596066366,0.2894237347027925,9.709084662075818e-05,9.709084662075818e-05,9.709084662075818e-05,9.709084662075818e-05,9.709084662075818e-05,0.11485788523325074,0.23891402902321235,9.709084662075818e-05,13.274803018129376,8.547585895715272,4.065484337726021,1.0404663149074105,#1f77b4,A
35.38507150906069,70.06948027061102,0,1,0,0,0,0,0,0,0,0,0,0.34931965859581005,0.29252673708203436,9.81317879532865e-05,9.81317879532865e-05,9.81317879532865e-05,9.81317879532865e-05,9.81317879532865e-05,0.11608931254352112,0.24147550105056553,9.81317879532865e-05,10.523688083199009,11.524278887070702,2.5585155465738256,1.0262013103431198,#1f77b4,A
43.55997703675759,72.65312680821495,0,1,0,0,0,0,0,0,0,0,0,0.3365468941212432,0.2982689961876419,0.0001000581012829507,0.0001000581012829507,0.0001000581012829507,0.0001000581012829507,0.0001000581012829507,0.11836812957975608,0.24621563150332448,0.0001000581012829507,12.852484457006653,8.875570793959607,3.4646739452624113,0.9477370368117972,#1f77b4,A
63.27686144733177,71.3760147144467,7,0,0,0,0,0,0,0,1,0,0,0.3263684036526883,0.30284494602925854,0.00010159316144196935,0.00010159316144196935,0.00010159316144196935,0.00010159316144196935,0.00010159316144196935,0.12018409647784489,0.24999299487123006,0.00010159316144196935,10.973304781370144,11.135289475968628,4.136634686416129,0.9598565201607168,#7f7f7f,h
75.3769256693412,69.00388354940426,8,0,0,0,0,0,0,0,0,1,0,0.32625659046283495,0.3028952139496325,0.0001016100244506372,0.0001016100244506372,0.0001016100244506372,0.0001016100244506372,0.0001016100244506372,0.12020404531526538,0.25003449012523704,0.0001016100244506372,14.797869329821872,7.970058463483954,2.413963411839278,1.0588770490286734,#bcbd22,i
81.86784668829415,74.17268092565463,0,1,0,0,0,0,0,0,0,0,0,0.3118847957783684,0.3093563499907087,0.00010377749412621224,0.00010377749412621224,0.00010377749412621224,0.00010377749412621224,0.00010377749412621224,0.12276814885240074,0.25536804041345296,0.00010377749412621224,12.016348007441445,10.456721848220793,0.6647163229593871,1.0101251926994235,#1f77b4,A
96.02523732888766,76.40787993448683,0,1,0,0,0,0,0,0,0,0,0,0.3035463401938224,0.313105074286248,0.00010503505102967594,0.00010503505102967594,0.00010503505102967594,0.00010503505102967594,0.00010503505102967594,0.12425583107497416,0.25846254413846437,0.00010503505102967594,14.764861936722298,6.8157976125986295,4.437806380977328,1.0233716339196208,#1f77b4,A
104.18979764695172,73.6958924087319,0,1,0,0,0,0,0,0,0,0,0,0.30912631109519095,0.310596483543722,0.00010419351258685626,0.00010419351258685626,0.00010419351258685626,0.00010419351258685626,0.00010419351258685626,0.12326029617906065,0.2563917481061947,0.00010419351258685626,10.208909605090849,11.989118871573286,5.043691138927348,1.0313209615224184,#1f77b4,A
123.69992619114531,73.13299055281686,1,0,1,0,0,0,0,0,0,0,0,0.31222272317543515,0.30920442777553714,0.00010372652990067418,0.00010372652990067418,0.00010372652990067418,0.00010372652990067418,0.00010372652990067418,0.12270785848135542,0.255242631387956,0.00010372652990067418,8.358620768933978,13.215585717772493,0.1388445171875532,1.0914068855894297,#ff7f0e,B
130.28692118184523,72.65523555351076,7,0,0,0,0,0,0,0,1,0,0,0.31502320455158983,0.3079454137449935,0.00010330417774542175,0.00010330417774542175,0.00010330417774542175,0.00010330417774542175,0.00010330417774542175,0.12220821843222214,0.25420333820440694,0.00010330417774542175,6.084501564105734,16.027549453206827,0.8259603888101918,0.9823643310754315,#7f7f7f,h
144.40090862865725,70.52603422955886,8,0,0,0,0,0,0,0,0,1,0,0.32543723782370754,0.3032635707890701,0.00010173359440400095,0.00010173359440400095,0.00010173359440400095,0.00010173359440400095,0.00010173359440400095,0.12035022782387153,0.2503385619966013,0.00010173359440400095,14.597954520160503,7.119744642931238,4.722676709459827,1.1010664966230437,#bcbd22,i
154.07527643567926,71.83876989916729,8,0,0,0,0,0,0,0,0,1,0,0.32753677838724876,0.3023196791246937,0.00010141695402581383,0.00010141695402581383,0.00010141695402581383,0.00010141695402581383,0.00010141695402581383,0.11997564416862674,0.24955939659494836,0.00010141695402581383,7.091156971681952,14.798451828157122,2.9064139403581732,0.9881213859342382,#bcbd22,i
167.08793061789285,71.73066667738905,1,0,1,0,0,0,0,0,0,0,0,0.3365476054276154,0.2982686764052252,0.00010005799400790085,0.00010005799400790085,0.00010005799400790085,0.00010005799400790085,0.00010005799400790085,0.1183680026740199,0.2462153675287556,0.00010005799400790085,14.457416290011611,7.682399830871713,4.418768337043121,1.0759264551024281,#ff7f0e,B
181.66705142175417,70.43853550914847,8,0,0,0,0,0,0,0,0,1,0,0.35175796880287175,0.29143054455326134,9.776405632689711e-05,9.776405632689711e-05,9.776405632689711e-05,9.776405632689711e-05,9.776405632689711e-05,0.11565428825018646,0.24057061405536712,9.776405632689711e-05,13.192351849253411,8.129997937192856,0.6231413600103378,1.072107404366414,#bcbd22,i
185.69219821657268,73.93001441178446,1,0,1,0,0,0,0,0,0,0,0,0.3476112499173019,0.2932947873588398,9.838944011750473e-05,9.838944011750473e-05,9.838944011750473e-05,9.838944011750473e-05,9.838944011750473e-05,0.11639411349786329,0.24210951258494232,9.838944011750473e-05,12.075746454527918,9.529619436131567,1.6572252940102903,0.9652009429915855,#ff7f0e,B
199.54624496910995,73.5044241426271,8,0,0,0,0,0,0,0,0,1,0,0.363211353223894,0.2862814399007332,9.603672414881501e-05,9.603672414881501e-05,9.603672414881501e-05,9.603672414881501e-05,9.603672414881501e-05,0.11361086471465164,0.2363201218154651,9.603672414881501e-05,13.688170016515171,8.418256966270972,5.631721433246925,1.0507766845237814,#bcbd22,i
218.07649419300756,77.44408972630829,1,0,1,0,0,0,0,0,0,0,0,0.37752206344388456,0.27984776563764924,9.387846687345203e-05,9.387846687345203e-05,9.387846687345203e-05,9.387846687345203e-05,9.387846687345203e-05,0.1110576593913348,0.2310092407255132,9.387846687345203e-05,15.599531351064877,6.394308996609577,1.3657171570030326,1.1079273858806067,#ff7f0e,B
228.75170772633365,73.8141473650816,0,1,0,0,0,0,0,0,0,0,0,0.40033740200984425,0.26959066069464543,9.043759149460022e-05,9.043759149460022e-05,9.043759149460022e-05,9.043759149460022e-05,9.043759149460022e-05,0.1069871245971558,0.2225421871489866,9.043759149460022e-05,15.0115092374277,7.2406148346444414,3.1330481747757606,1.0236154165984237,#1f77b4,A
240.66917815907348,76.38475956181837,1,0,1,0,0,0,0,0,0,0,0,0.4128094554360859,0.2639835924288,8.855662963931092e-05,8.855662963931092e-05,8.855662963931092e-05,8.855662963931092e-05,8.855662963931092e-05,0.10476195808123474,0.21791365427563067,8.855662963931092e-05,12.704737790418852,9.790592452393875,3.515403845666427,0.9179688555170111,#ff7f0e,B
251.30314791118323,71.42116690722361,8,0,0,0,0,0,0,0,0,1,0,0.4404412816708147,0.2515611363413271,8.438935987520371e-05,8.438935987520371e-05,8.438935987520371e-05,8.438935987520371e-05,8.438935987520371e-05,0.09983210311590078,0.20765914271226565,8.438935987520371e-05,11.683654901601683,10.60950927283134,3.068308942714148,0.8632141682875649,#bcbd22,i
267.95435595628146,75.06854493741037,0,1,0,0,0,0,0,0,0,0,0,0.46155603893833436,0.24206856271534855,8.120495618107487e-05,8.120495618107487e-05,8.120495618107487e-05,8.120495618107487e-05,8.120495618107487e-05,0.09606497277594976,0.19982319583281943,8.120495618107487e-05,11.789131341970283,9.77854904374584,4.99269356806759,1.0212787767583618,#1f77b4,A
272.6516864913621,71.44662338842987,1,0,1,0,0,0,0,0,0,0,0,0.47734675140422633,0.23496952298735135,7.882349365833651e-05,7.882349365833651e-05,7.882349365833651e-05,7.882349365833651e-05,7.882349365833651e-05,0.09324771699289555,0.19396306765309937,7.882349365833651e-05,13.215976391972536,8.595673738981716,5.252399891224136,0.9903038755441337,#ff7f0e,B
284.189027955818,69.22135518123811,0,1,0,0,0,0,0,0,0,0,0,0.5030213663948505,0.22342697148987045,7.495139900029154e-05,7.495139900029154e-05,7.495139900029154e-05,7.495139900029154e-05,7.495139900029154e-05,0.08866705239550876,0.18443490132526547,7.495139900029154e-05,14.272779902861812,7.71269746682419,3.7219166177593572,1.0502704835912755,#1f77b4,A
300.15709196573187,71.85952973178819,1,0,1,0,0,0,0,0,0,0,0,0.528512742684362,0.21196679872113375,7.110693932707429e-05,7.110693932707429e-05,7.110693932707429e-05,7.110693932707429e-05,7.110693932707429e-05,0.08411907981828913,0.1749747371397241,7.110693932707429e-05,12.208646268315185,9.925711488378617,2.9015621752436993,1.018528807311833,#ff7f0e,B
309.1982544839463,72.16048091212228,0,1,0,0,0,0,0,0,0,0,0,0.5458165598470422,0.20418751164024987,6.849727923971298e-05,6.849727923971298e-05,6.849727923971298e-05,6.849727923971298e-05,6.849727923971298e-05,0.0810318676943415,0.1685530771423823,6.849727923971298e-05,15.111382076729031,6.808988054219081,5.973579398921186,1.0678484303805358,#1f77b4,A
324.4944137970376,73.13422192699785,0,1,0,0,0,0,0,0,0,0,0,0.5748905782201043,0.19111668839977197,6.411250652661297e-05,6.411250652661297e-05,6.411250652661297e-05,6.411250652661297e-05,6.411250652661297e-05,0.0758447080538214,0.15776335028656788,6.411250652661297e-05,14.886840956573408,6.875226930502627,5.843125451852406,1.108628701640506,#1f77b4,A
337.5122630473319,73.15196716562271,0,1,0,0,0,0,0,0,0,0,0,0.6013758407676881,0.1792096936116737,6.011815476457608e-05,6.011815476457608e-05,6.011815476457608e-05,6.011815476457608e-05,6.011815476457608e-05,0.07111941404070704,0.14793434265074215,6.011815476457608e-05,12.950575386783637,8.604916142706148,0.5474265449153173,0.874136131713982,#1f77b4,A
345.3891705052712,73.1971476990036,0,1,0,0,0,0,0,0,0,0,0,0.6173578268855149,0.1720246628774483,5.770784547291248e-05,5.770784547291248e-05,5.770784547291248e-05,5.770784547291248e-05,5.770784547291248e-05,0.06826803270421611,0.14200323045936583,5.770784547291248e-05,12.115207826645236,9.675262849435839,3.794490860681363,1.0144887866563201,#1f77b4,A
359.25711313364985,68.68095838402039,1,0,1,0,0,0,0,0,0,0,0,0.6520932445342861,0.15640864109313485,5.246925376776379e-05,5.246925376776379e-05,5.246925376776379e-05,5.246925376776379e-05,5.246925376776379e-05,0.06207081035220523,0.1291124884971152,5.246925376776379e-05,16.43108767194157,5.296021052897826,4.7273256138426705,1.074281557750171,#ff7f0e,B
369.24428763644227,73.87731287739943,0,1,0,0,0,0,0,0,0,0,0,0.6644704930356606,0.1508441943321452,5.060258983449864e-05,5.060258983449864e-05,5.060258983449864e-05,5.060258983449864e-05,5.060258983449864e-05,0.059862558191695336,0.12451913890082733,5.060258983449864e-05,16.63259562393151,5.357473122892659,0.1649676300136958,0.9442175690303012,#1f77b4,A
382.2086347706384,71.95590360653789,0,1,0,0,0,0,0,0,0,0,0,0.6924201050793973,0.13827887109488324,4.6387393480882244e-05,4.6387393480882244e-05,4.6387393480882244e-05,4.6387393480882244e-05,4.6387393480882244e-05,0.05487600636039451,0.11414669310374709,4.6387393480882244e-05,13.723996814320847,8.178280648668986,3.44379524650178,0.9570439332542527,#1f77b4,A
397.69949896852086,72.09899956825295,8,0,0,0,0,0,0,0,0,1,0,0.7214512462869467,0.1252273241664814,4.200908725008759e-05,4.200908725008759e-05,4.200908725008759e-05,4.200908725008759e-05,4.200908725008759e-05,0.04969649652939136,0.10337287849295829,4.200908725008759e-05,13.956544672647915,7.666767825594711,0.3475798238612702,1.1652759207923118,#bcbd22,i
406.6670176428462,73.44673114800732,0,1,0,0,0,0,0,0,0,0,0,0.7362716664516288,0.11856449930902531,3.97739585141512e-05,3.97739585141512e-05,3.97739585141512e-05,3.97739585141512e-05,3.97739585141512e-05,0.04705235273243289,0.09787283775509169,3.97739585141512e-05,13.331091139826958,8.508293177885312,0.7335270044469585,1.0582734864434424,#1f77b4,A
422.0081985573133,75.13625793720638,0,1,0,0,0,0,0,0,0,0,0,0.7614692713474703,0.10723639751549748,3.597380371734715e-05,3.597380371734715e-05,3.597380371734715e-05,3.597380371734715e-05,3.597380371734715e-05,0.04255679255645866,0.08852169575750797,3.597380371734715e-05,15.175306471247078,6.874160940328349,1.0740956214908775,1.0100226858476278,#1f77b4,A
431.05266640236465,77.48490067015724,7,0,0,0,0,0,0,0,1,0,0,0.7744883557736172,0.10138340020692126,3.4010341859105864e-05,3.4010341859105864e-05,3.4010341859105864e-05,3.4010341859105864e-05,3.4010341859105864e-05,0.04023402903525222,0.08369015293228001,3.4010341859105864e-05,12.338533574219074,9.381213774504399,0.2429133311165243,0.907902613613183,#7f7f7f,h
444.9648358166941,73.13837207087745,0,1,0,0,0,0,0,0,0,0,0,0.8004739423449896,0.0897010450361877,3.0091348293441106e-05,3.0091348293441106e-05,3.0091348293441106e-05,3.0091348293441106e-05,3.0091348293441106e-05,0.03559788331336772,0.0740465812148939,3.0091348293441106e-05,9.416143855735962,12.453109451538348,5.267636431446063,1.0133000817491784,#1f77b4,A
458.6924579065994,72.15582233697802,0,1,0,0,0,0,0,0,0,0,0,0.8214205582880886,0.08028406280258976,2.6932302686447073e-05,2.6932302686447073e-05,2.6932302686447073e-05,2.6932302686447073e-05,2.6932302686447073e-05,0.03186075143736295,0.06627303365501858,2.6932302686447073e-05,13.770533967094984,7.98136063588494,5.63415868972918,0.9290834055843384,#1f77b4,A
467.10160413457356,74.5495177620622,0,1,0,0,0,0,0,0,0,0,0,0.8313691913809114,0.07581145007420478,2.5431908266992823e-05,2.5431908266992823e-05,2.5431908266992823e-05,2.5431908266992823e-05,2.5431908266992823e-05,0.030085793899837048,0.06258097319461348,2.5431908266992823e-05,10.840637620447792,11.281490993768665,3.457906512627285,0.9821024763052725,#1f77b4,A
478.2503899685315,72.4510061116183,0,1,0,0,0,0,0,0,0,0,0,0.8473549769928708,0.06862471119920649,2.3021025957936743e-05,2.3021025957936743e-05,2.3021025957936743e-05,2.3021025957936743e-05,2.3021025957936743e-05,0.027233734687231184,0.0566484509640964,2.3021025957936743e-05,13.62704939927271,8.566612812350893,3.0556749477782605,0.9937928521206283,#1f77b4,A
497.69026037936794,73.8528464330685,1,0,1,0,0,0,0,0,0,0,0,0.8696464725577067,0.05860311065692199,1.9659153504232748e-05,1.9659153504232748e-05,1.9659153504232748e-05,1.9659153504232748e-05,1.9659153504232748e-05,0.023256659876413708,0.048375801987062456,1.9659153504232748e-05,13.922762964888852,8.035043382980314,4.730800939810268,0.9839627747863302,#ff7f0e,B
504.7380624643133,72.5569417462881,0,1,0,0,0,0,0,0,0,0,0,0.8779634183949047,0.05486405651092323,1.8404840574546222e-05,1.8404840574546222e-05,1.8404840574546222e-05,1.8404840574546222e-05,1.8404840574546222e-05,0.021772815255228627,0.04528928079461828,1.8404840574546222e-05,13.660603627423763,8.200474776098511,0.35483046565975446,0.9962008807520144,#1f77b4,A
516.1055185357226,73.75641432342759,0,1,0,0,0,0,0,0,0,0,0,0.8889839648802651,0.04990954305924702,1.6742786472068582e-05,1.6742786472068582e-05,1.6742786472068582e-05,1.6742786472068582e-05,1.6742786472068582e-05,0.01980661528892803,0.04119942005183848,1.6742786472068582e-05,9.713819861467902,11.87869955811236,1.6561749691852616,1.0149639828339847,#1f77b4,A
9.497796934764246,83.61757168638694,1,0,1,0,0,0,0,0,0,0,0,0.3460959517068069,0.2939760208509512,9.861796849498379e-05,9.861796849498379e-05,9.861796849498379e-05,9.861796849498379e-05,9.861796849498379e-05,0.1166644611883674,0.2426718584425584,9.861796849498379e-05,10.918081812246522,10.881356006162045,0.6165710621244519,0.9175484709658992,#ff7f0e,B
19.318352643807486,78.33641078521913,7,0,0,0,0,0,0,0,1,0,0,0.3463891392239882,0.2938442123694329,9.857375167539365e-05,9.857375167539365e-05,9.857375167539365e-05,9.857375167539365e-05,9.857375167539365e-05,0.11661215295781215,0.2425630529383681,9.857375167539365e-05,14.613051077842373,7.518457850208567,1.8273674938868536,1.0333471584617109,#7f7f7f,h
27.704044597509245,84.77303435639897,7,0,0,0,0,0,0,0,1,0,0,0.32359811130845845,0.30409038795927484,0.00010201096066471269,0.00010201096066471269,0.00010201096066471269,0.00010201096066471269,0.00010201096066471269,0.12067835043531451,0.25102108453264016,0.00010201096066471269,11.04266250500393,10.81628993091673,5.1590477945178534,0.9759450158160979,#7f7f7f,h
45.51264356345479,80.65521912877396,0,1,0,0,0,0,0,0,0,0,0,0.3169241778030772,0.30709079210183976,0.000103017484123147,0.000103017484123147,0.000103017484123147,0.000103017484123147,0.000103017484123147,0.12186906160837697,0.2534978635816502,0.000103017484123147,11.45561413796299,10.534020708075307,2.347378473027574,1.050386203980192,#1f77b4,A
56.797962368441326,81.88124482965593,8,0,0,0,0,0,0,0,0,1,0,0.30626771353503696,0.3118816249006869,0.0001046246294836899,0.0001046246294836899,0.0001046246294836899,0.0001046246294836899,0.0001046246294836899,0.12377030486455548,0.2574526089225066,0.0001046246294836899,13.363782131579097,8.389983223951791,5.261041152437818,0.966797511831224,#bcbd22,i
63.533847008743024,84.70484051910537,1,0,1,0,0,0,0,0,0,0,0,0.29603614995122385,0.3164814348533919,0.00010616769381827646,0.00010616769381827646,0.00010616769381827646,0.00010616769381827646,0.00010616769381827646,0.1255957406540048,0.26124966837815333,0.00010616769381827646,16.00629781062286,6.121627830013141,3.0784559884777587,0.8585708301013575,#ff7f0e,B
74.9377370066374,83.5249742631247,1,0,1,0,0,0,0,0,0,0,0,0.29318662880786966,0.3177624957204113,0.00010659744186322987,0.00010659744186322987,0.00010659744186322987,0.00010659744186322987,0.00010659744186322987,0.12610412999599163,0.2623071608242303,0.00010659744186322987,10.968078941503414,11.088070724345355,5.722064481924443,0.980900992616061,#ff7f0e,B
91.77865190297499,85.52348179621829,8,0,0,0,0,0,0,0,0,1,0,0.28373441917871106,0.32201193106537096,0.00010802296861115185,0.00010802296861115185,0.00010802296861115185,0.00010802296861115185,0.00010802296861115185,0.12779051953021106,0.2658149924137179,0.00010802296861115185,10.097756081877765,11.6716552853165,2.4196446972244248,1.0024630444888256,#bcbd22,i
102.85283475885973,81.05474286814422,8,0,0,0,0,0,0,0,0,1,0,0.2923516325814936,0.3181378854564075,0.00010672337109055477,0.00010672337109055477,0.00010672337109055477,0.00010672337109055477,0.00010672337109055477,0.1262531035114466,0.2626170382237908,0.00010672337109055477,7.739000659897063,14.232416160992212,3.166392604674143,1.021618594853688,#bcbd22,i
116.32020780246104,83.17932675441281,1,0,1,0,0,0,0,0,0,0,0,0.2880915703434287,0.32005308409846006,0.00010736584865997305,0.00010736584865997305,0.00010736584865997305,0.00010736584865997305,0.00010736584865997305,0.12701315059622922,0.2641979998696021,0.00010736584865997305,11.436202090292223,10.724745251070122,5.054986357450333,0.9072581617775566,#ff7f0e,B
124.89348322825737,80.3099341136894,1,0,1,0,0,0,0,0,0,0,0,0.29604709741521906,0.3164765131956776,0.00010616604278604597,0.00010616604278604597,0.00010616604278604597,0.00010616604278604597,0.00010616604278604597,0.1255937874928465,0.26124560563922417,0.00010616604278604597,20.290954718530774,2.169921918243662,6.133577578392541,1.023605574773068,#ff7f0e,B
136.47424738621905,83.49500819759342,1,0,1,0,0,0,0,0,0,0,0,0.29246812134097155,0.3180855155374957,0.00010670580293993358,0.00010670580293993358,0.00010670580293993358,0.00010670580293993358,0.00010670580293993358,0.12623232049535354,0.2625738078082215,0.00010670580293993358,11.502702001118529,10.625340436865645,0.8422159222580314,1.068522553710213,#ff7f0e,B
149.3952406253843,81.45597107082203,1,0,1,0,0,0,0,0,0,0,0,0.3029729530192452,0.3133628522896556,0.00010512152591611452,0.00010512152591611452,0.00010512152591611452,0.00010512152591611452,0.00010512152591611452,0.1243581303434203,0.25867533519186886,0.00010512152591611452,8.596679394923704,13.40867407131794,4.4001449022869865,0.8943579351381176,#ff7f0e,B
164.7443515354111,87.10303019859217,8,0,0,0,0,0,0,0,0,1,0,0.3003934579181603,0.3145225173928169,0.00010551055021910785,0.00010551055021910785,0.00010551055021910785,0.00010551055021910785,0.00010551055021910785,0.1248183437445938,0.2596326176427998,0.00010551055021910785,13.605129993374723,8.48704074739628,5.6111913617839795,1.0189174162543138,#bcbd22,i
172.2217524803605,83.86167874303788,0,1,0,0,0,0,0,0,0,0,0,0.3133070502681124,0.30871694621790086,0.00010356299805629535,0.00010356299805629535,0.00010356299805629535,0.00010356299805629535,0.00010356299805629535,0.12251440129700318,0.25484022422833247,0.00010356299805629535,14.15466689581971,8.310661511172333,6.248164034250525,1.1261595487172205,#1f77b4,A
185.90433765087542,79.83284964207296,8,0,0,0,0,0,0,0,0,1,0,0.3346056234552148,0.2991417343627369,0.00010035087232463877,0.00010035087232463877,0.00010035087232463877,0.00010035087232463877,0.00010035087232463877,0.1187144759540666,0.24693606099369927,0.00010035087232463877,9.719065050663913,12.447092747595809,1.3372270640772361,0.9639109060204331,#bcbd22,i
195.2030293511067,82.39996077461643,0,1,0,0,0,0,0,0,0,0,0,0.3386914822119132,0.2973048524804634,9.973466710126482e-05,9.973466710126482e-05,9.973466710126482e-05,9.973466710126482e-05,9.973466710126482e-05,0.11798550889599911,0.245419748408678,9.973466710126482e-05,13.798861118017237,7.887864752334961,5.013122010695524,1.02596932200837,#1f77b4,A
215.1556693452099,81.98693929650673,0,1,0,0,0,0,0,0,0,0,0,0.36381959763419036,0.2860079911097206,9.594499229878501e-05,9.594499229878501e-05,9.594499229878501e-05,9.594499229878501e-05,9.594499229878501e-05,0.11350234649002312,0.23609439481190947,9.594499229878501e-05,12.00867464550406,9.74853398827406,1.9311532157597344,1.0004267381334209,#1f77b4,A
220.19873060072413,81.86620710815436,1,0,1,0,0,0,0,0,0,0,0,0.3709004771621618,0.28282463600862495,9.487709563102477e-05,9.487709563102477e-05,9.487709563102477e-05,9.487709563102477e-05,9.487709563102477e-05,0.11223903118095288,0.2334665930741033,9.487709563102477e-05,8.09737182705204,13.632093026682817,1.148570732845094,1.0290054786446816,#ff7f0e,B
232.65200832416562,84.5450665765145,8,0,0,0,0,0,0,0,0,1,0,0.38330276028150534,0.27724893441996873,9.300665612369388e-05,9.300665612369388e-05,9.300665612369388e-05,9.300665612369388e-05,9.300665612369388e-05,0.11002631253912357,0.22886395282227698,9.300665612369388e-05,16.12953192413285,5.980505562091633,1.913959645974823,0.8960412648555569,#bcbd22,i
245.91164119998157,81.08804703402339,8,0,0,0,0,0,0,0,0,1,0,0.41136891315777646,0.26463121785328086,8.877388376610362e-05,8.877388376610362e-05,8.877388376610362e-05,8.877388376610362e-05,8.877388376610362e-05,0.10501896840126097,0.21844825728467376,8.877388376610362e-05,13.139096326635574,8.567291969877903,3.464757106548268,0.8621060726588357,#bcbd22,i
257.96402716153716,84.70372378851832,7,0,0,0,0,0,0,0,1,0,0,0.424439068446223,0.2587552605876292,8.680271970032535e-05,8.680271970032535e-05,8.680271970032535e-05,8.680271970032535e-05,8.680271970032535e-05,0.10268709321505086,0.21359776143247053,8.680271970032535e-05,6.971364630512383,14.916428774461822,1.9728397937475404,0.8956440422913938,#7f7f7f,h
271.97761507807485,83.30771927877137,1,0,1,0,0,0,0,0,0,0,0,0.4525138793825717,0.2461336516118692,8.25686415849589e-05,8.25686415849589e-05,8.25686415849589e-05,8.25686415849589e-05,8.25686415849589e-05,0.09767820437362433,0.20317885278197254,8.25686415849589e-05,11.503963942527442,10.810769329056185,3.269796676143494,0.9604669474805213,#ff7f0e,B
282.30211527548585,84.6551051933818,0,1,0,0,0,0,0,0,0,0,0,0.46949427678023126,0.23849976454163463,8.00077577672671e-05,8.00077577672671e-05,8.00077577672671e-05,8.00077577672671e-05,8.00077577672671e-05,0.09464869428214207,0.19687721784891896,8.00077577672671e-05,9.155872819877695,12.572565199116466,3.2040876476621416,0.9988493954226454,#1f77b4,A
295.8279285033699,83.0499712089488,8,0,0,0,0,0,0,0,0,1,0,0.4991287898617446,0.2251769593711948,7.553845453375815e-05,7.553845453375815e-05,7.553845453375815e-05,7.553845453375815e-05,7.553845453375815e-05,0.08936153554644707,0.18587948449291183,7.553845453375815e-05,13.244831595121868,8.978191646757802,5.368753457481405,0.9559876235534386,#bcbd22,i
304.423104589814,82.17325111606178,0,1,0,0,0,0,0,0,0,0,0,0.518074329665367,0.2166596020939486,7.26811994787486e-05,7.26811994787486e-05,7.26811994787486e-05,7.26811994787486e-05,7.26811994787486e-05,0.08598142007096567,0.17884856097232804,7.26811994787486e-05,9.95041187838512,11.900076118467519,6.191511764992063,1.0407784174674533,#1f77b4,A
315.78784646473565,87.85851926334345,0,1,0,0,0,0,0,0,0,0,0,0.5316469757079644,0.2105577397695878,7.063425270831916e-05,7.063425270831916e-05,7.063425270831916e-05,7.063425270831916e-05,7.063425270831916e-05,0.08355989440279532,0.17381158460287094,7.063425270831916e-05,14.954262618569446,7.326927239891257,1.4691373385135724,1.0215936198740125,#1f77b4,A
326.9010694189697,82.80632039229717,8,0,0,0,0,0,0,0,0,1,0,0.5635269995020666,0.19622541905051497,6.582629473595731e-05,6.582629473595731e-05,6.582629473595731e-05,6.582629473595731e-05,6.582629473595731e-05,0.07787210915612972,0.1619805145223095,6.582629473595731e-05,13.922769879939093,8.330545388889963,0.04311569309036118,0.9953876535394879,#bcbd22,i
347.82951720366594,88.69839893603431,0,1,0,0,0,0,0,0,0,0,0,0.5986800684347254,0.18042163353716312,6.0524715316840664e-05,6.0524715316840664e-05,6.0524715316840664e-05,6.0524715316840664e-05,6.0524715316840664e-05,0.07160037271886936,0.14893477701674226,6.0524715316840664e-05,12.681946146892983,9.287784594034438,3.425569529483982,1.0650163859439863,#1f77b4,A
353.59755915153113,83.96187586557487,8,0,0,0,0,0,0,0,0,1,0,0.6179654042782801,0.17175151395789257,5.761621421854955e-05,5.761621421854955e-05,5.761621421854955e-05,5.761621421854955e-05,5.761621421854955e-05,0.06815963348365416,0.14177775099424383,5.761621421854955e-05,16.13155055811622,5.751870441960439,1.9090232971951866,0.9941548090647552,#bcbd22,i
364.7418921435951,83.02752269679974,0,1,0,0,0,0,0,0,0,0,0,0.6425785548711506,0.16068616562307997,5.3904203387496695e-05,5.3904203387496695e-05,5.3904203387496695e-05,5.3904203387496695e-05,5.3904203387496695e-05,0.06376834708687341,0.13264350719792858,5.3904203387496695e-05,10.33438080883285,11.038651040941525,0.9047397690245802,1.0095914245786934,#1f77b4,A
379.95359086998235,81.69565544809299,0,1,0,0,0,0,0,0,0,0,0,0.6754152295510019,0.14592376281249753,4.895196894650328e-05,4.895196894650328e-05,4.895196894650328e-05,4.895196894650328e-05,4.895196894650328e-05,0.057909883649083574,0.12045741217306255,4.895196894650328e-05,23.639632239421832,-1.304901229294042,3.1808694162654843,0.9532295342914565,#1f77b4,A
390.1891038966075,86.09120243614254,0,1,0,0,0,0,0,0,0,0,0,0.69041392790374,0.13918078932701847,4.668995334118745e-05,4.668995334118745e-05,4.668995334118745e-05,4.668995334118745e-05,4.668995334118745e-05,0.05523393284801566,0.11489121020048827,4.668995334118745e-05,9.075134764620534,13.497209773104649,1.6516956156901887,0.983662616812726,#1f77b4,A
403.7760412175662,85.76490387346202,0,1,0,0,0,0,0,0,0,0,0,0.7173131127394731,0.12708770725665094,4.2633176250421216e-05,4.2633176250421216e-05,4.2633176250421216e-05,4.2633176250421216e-05,4.2633176250421216e-05,0.05043479004799307,0.10490859089766302,4.2633176250421216e-05,12.131886268783369,9.834991047623447,2.1812677914345167,1.0550283533876315,#1f77b4,A
414.122860565455,82.77818893403797,0,1,0,0,0,0,0,0,0,0,0,0.7398160600453835,0.11697104423294362,3.923941388688419e-05,3.923941388688419e-05,3.923941388688419e-05,3.923941388688419e-05,3.923941388688419e-05,0.04641998966642216,0.09655746957118962,3.923941388688419e-05,12.332368035913731,9.378555633181758,1.0904912419375679,0.9687090354584917,#1f77b4,A
425.4267648438449,82.00791207339836,0,1,0,0,0,0,0,0,0,0,0,0.7606918976997046,0.10758588183553094,3.6091042645756295e-05,3.6091042645756295e-05,3.6091042645756295e-05,3.6091042645756295e-05,3.6091042645756295e-05,0.04269548550077591,0.0888101887073532,3.6091042645756295e-05,14.848821575397237,7.1641514319609,4.8102917564269685,1.0193369468877567,#1f77b4,A
437.23613818620044,85.79362901317478,0,1,0,0,0,0,0,0,0,0,0,0.7773745722378389,0.10008584220329314,3.3575059641352854e-05,3.3575059641352854e-05,3.3575059641352854e-05,3.3575059641352854e-05,3.3575059641352854e-05,0.039719092800263596,0.0826190423999788,3.3575059641352854e-05,14.11237781098091,8.092013577799605,1.7702928636956263,1.0300856921585224,#1f77b4,A
447.4503719680585,85.51403251048643,0,1,0,0,0,0,0,0,0,0,0,0.7942552637956088,0.09249677994511295,3.102921287290793e-05,3.102921287290793e-05,3.102921287290793e-05,3.102921287290793e-05,3.102921287290793e-05,0.03670737144723372,0.0763544095340125,3.102921287290793e-05,12.62028077872208,9.657957720928788,3.5989158649646322,1.0824208455577928,#1f77b4,A
462.27042233871975,84.4351110159125,0,1,0,0,0,0,0,0,0,0,0,0.8176476921232267,0.08198023242448763,2.7501304205177328e-05,2.7501304205177328e-05,2.7501304205177328e-05,2.7501304205177328e-05,2.7501304205177328e-05,0.032533876797894046,0.06767319082834279,2.7501304205177328e-05,13.166229848628024,9.174954957124065,4.290361886895254,0.967102856137285,#1f77b4,A
471.87031701280586,84.44329109610511,0,1,0,0,0,0,0,0,0,0,0,0.831266959044619,0.07585741072470699,2.5447326347590382e-05,2.5447326347590382e-05,2.5447326347590382e-05,2.5447326347590382e-05,2.5447326347590382e-05,0.030104033396076185,0.06261891287568105,2.5447326347590382e-05,13.518849105848425,8.765065384953473,0.5133617472427894,1.0257679529191368,#1f77b4,A
490.3076585159558,86.5220712090933,0,1,0,0,0,0,0,0,0,0,0,0.8541500644431972,0.06556983980760361,2.1996230773005442e-05,2.1996230773005442e-05,2.1996230773005442e-05,2.1996230773005442e-05,2.1996230773005442e-05,0.026021408172063464,0.05412671019164362,2.1996230773005442e-05,9.913552325163721,12.023821395574002,6.0331239381296955,1.0404036042030564,#1f77b4,A
499.3222168483915,82.22113585921103,0,1,0,0,0,0,0,0,0,0,0,0.8671677984754161,0.059717449596405944,2.003297257324613e-05,2.003297257324613e-05,2.003297257324613e-05,2.003297257324613e-05,2.003297257324613e-05,0.02369888557761137,0.04929566851425988,2.003297257324613e-05,13.41150836332443,8.598277889357721,4.330038184904915,0.853244204035956,#1f77b4,A
511.2891472776591,79.54365206903336,0,1,0,0,0,0,0,0,0,0,0,0.8815290006448486,0.0532610756384345,1.78671003985837e-05,1.78671003985837e-05,1.78671003985837e-05,1.78671003985837e-05,1.78671003985837e-05,0.02113667187440855,0.04396604923903525,1.78671003985837e-05,15.08633221469287,6.8871470349210755,5.84741980667474,1.0346730284534238,#1f77b4,A
12.038995736764894,91.90030705066305,7,0,0,0,0,0,0,0,1,0,0,0.32557512478458733,0.30320158086838905,0.00010171279910230583,0.00010171279910230583,0.00010171279910230583,0.00010171279910230583,0.00010171279910230583,0.12032562710754634,0.25028739044453785,0.00010171279910230583,16.54250040192509,5.680166923302911,3.8549829566686955,0.9707870017185157,#7f7f7f,h
26.332691731278228,93.91188914976176,8,0,0,0,0,0,0,0,0,1,0,0.3056201072782202,0.31217276961978463,0.00010472229765625837,0.00010472229765625837,0.00010472229765625837,0.00010472229765625837,0.00010472229765625837,0.12388584572289849,0.25769294359284695,0.00010472229765625837,8.995560858007018,13.022401318147654,3.3977375774068905,0.9685131549692196,#bcbd22,i
33.784257852384115,91.70505276871971,1,0,1,0,0,0,0,0,0,0,0,0.30297083020860976,0.3133638066428596,0.0001051218460659483,0.0001051218460659483,0.0001051218460659483,0.0001051218460659483,0.0001051218460659483,0.12435850907874033,0.25867612299308124,0.0001051218460659483,13.02349468618804,8.97145196146854,1.5074371871807426,1.0188929282604908,#ff7f0e,B
54.11010420762583,91.86517174028666,0,1,0,0,0,0,0,0,0,0,0,0.28634865131629594,0.32083664921263755,0.00010762870547230776,0.00010762870547230776,0.00010762870547230776,0.00010762870547230776,0.00010762870547230776,0.12732410861786278,0.2648448186200491,0.00010762870547230776,16.88629105160157,5.494529820164307,6.212394633862188,0.8785398251386952,#1f77b4,A
58.55709355241869,95.81231312699616,8,0,0,0,0,0,0,0,0,1,0,0.2751844276610859,0.32585575569257996,0.00010931242812179176,0.00010931242812179176,0.00010931242812179176,0.00010931242812179176,0.00010931242812179176,0.12931594234441834,0.26898799973285914,0.00010931242812179176,9.177925773254664,13.061263505692974,4.175759766968885,1.0936426093117768,#bcbd22,i
72.50810572952628,95.1563273852866,0,1,0,0,0,0,0,0,0,0,0,0.2691374999329498,0.3285742764855478,0.00011022439025100837,0.00011022439025100837,0.00011022439025100837,0.00011022439025100837,0.00011022439025100837,0.13039478803605986,0.2712320892036079,0.00011022439025100837,18.701477186070825,3.1810773586439525,2.455202032050206,1.0296310583769464,#1f77b4,A
82.83996693158484,96.38037252685946,0,1,0,0,0,0,0,0,0,0,0,0.26269669886819713,0.3314698711420589,0.00011119575404382205,0.00011119575404382205,0.00011119575404382205,0.00011119575404382205,0.00011119575404382205,0.13154390553701772,0.27362234992813195,0.00011119575404382205,8.529979738653047,13.141776683606956,3.449660139778509,1.0808512623524658,#1f77b4,A
97.16273695967132,94.21425132696781,1,0,1,0,0,0,0,0,0,0,0,0.26413872783497006,0.33082157734618733,0.00011097827570340609,0.00011097827570340609,0.00011097827570340609,0.00011097827570340609,0.00011097827570340609,0.1312866299736293,0.27308719519066205,0.00011097827570340609,14.82756728826499,7.84993162061329,5.881206014627353,1.017678844472266,#ff7f0e,B
108.27598316820126,93.48008295974012,0,1,0,0,0,0,0,0,0,0,0,0.2651177828489515,0.33038142301780277,0.00011083062037572352,0.00011083062037572352,0.00011083062037572352,0.00011083062037572352,0.00011083062037572352,0.13111195461265232,0.27272385579800873,0.00011083062037572352,16.474120695599442,5.200307001782679,2.6609199184130627,1.0755773003324833,#1f77b4,A
119.39235923621987,91.5399062539036,1,0,1,0,0,0,0,0,0,0,0,0.2702745279064893,0.3280631021624497,0.00011005291036926559,0.00011005291036926559,0.00011005291036926559,0.00011005291036926559,0.00011005291036926559,0.13019192837150306,0.2708101240970143,0.00011005291036926559,10.906532488042338,11.107238384620196,5.362736708506545,1.0304516482584214,#ff7f0e,B
132.84775291368277,92.05845769355645,1,0,1,0,0,0,0,0,0,0,0,0.2725415912991102,0.3270438971630018,0.00010971100518177944,0.00010971100518177944,0.00010971100518177944,0.00010971100518177944,0.00010971100518177944,0.12978745659942828,0.26996878890704196,0.00010971100518177944,16.693306598254548,5.260352541844178,3.841989001763793,0.9268696402378968,#ff7f0e,B
142.80927200867842,93.1785461583825,8,0,0,0,0,0,0,0,0,1,0,0.2741650828311652,0.32631402313679797,0.0001094661597229113,0.0001094661597229113,0.0001094661597229113,0.0001094661597229113,0.0001094661597229113,0.12949780590017743,0.26936629117319566,0.0001094661597229113,9.395239229983686,13.091755166036565,5.03015157869988,1.0256292449079982,#bcbd22,i
159.54890303574626,96.19982575961092,8,0,0,0,0,0,0,0,0,1,0,0.27743644206739276,0.32484331627460544,0.00010897279253404594,0.00010897279253404594,0.00010897279253404594,0.00010897279253404594,0.00010897279253404594,0.12891415549513058,0.2681522494073421,0.00010897279253404594,12.466035954007127,9.764355985683911,4.898078744168752,0.9819071737967857,#bcbd22,i
164.4542283608529,96.22451810717924,1,0,1,0,0,0,0,0,0,0,0,0.2808754556013646,0.3232972369728967,0.00010845414070854904,0.00010845414070854904,0.00010845414070854904,0.00010845414070854904,0.00010845414070854904,0.12830059351763923,0.26687598906352494,0.00010845414070854904,18.162594824170725,3.7432454399387893,1.9171874889029723,0.931356027001917,#ff7f0e,B
178.96253359130918,96.65309905814256,0,1,0,0,0,0,0,0,0,0,0,0.2920832359711569,0.3182585486756101,0.00010676384909115965,0.00010676384909115965,0.00010676384909115965,0.00010676384909115965,0.00010676384909115965,0.12630098874172077,0.26271664351664703,0.00010676384909115965,14.226415450202095,8.192909037437994,2.5895846714815725,1.0970057020619148,#1f77b4,A
189.74220314914587,91.52756514723801,8,0,0,0,0,0,0,0,0,1,0,0.3133425802679083,0.30870097297536153,0.00010355763963037712,0.00010355763963037712,0.00010355763963037712,0.00010355763963037712,0.00010355763963037712,0.12250806231150059,0.254827038607134,0.00010355763963037712,14.352216573820929,7.432529533244279,0.8637016985229213,1.0118273191665448,#bcbd22,i
200.96516735637445,94.8580869706201,1,0,1,0,0,0,0,0,0,0,0,0.3190078957506529,0.30615401382006613,0.00010270323001898125,0.00010270323001898125,0.00010270323001898125,0.00010270323001898125,0.00010270323001898125,0.12149730090088888,0.25272457014795924,0.00010270323001898125,16.05055250603021,5.856172579675601,1.6927577585100892,0.9474671166459201,#ff7f0e,B
214.58675111372816,94.50118283270557,0,1,0,0,0,0,0,0,0,0,0,0.3369803628606771,0.2980741213959736,9.999272807322554e-05,9.999272807322554e-05,9.999272807322554e-05,9.999272807322554e-05,9.999272807322554e-05,0.11829079346743175,0.24605476590714126,9.999272807322554e-05,10.525341726774045,11.69768972041414,2.998515370765922,1.0173382908001054,#1f77b4,A
228.87806952325852,93.5332519257593,0,1,0,0,0,0,0,0,0,0,0,0.3592548033939647,0.28806018829407753,9.663342775922359e-05,9.663342775922359e-05,9.663342775922359e-05,9.663342775922359e-05,9.663342775922359e-05,0.11431676148234893,0.23778844626269427,9.663342775922359e-05,8.977524347070075,13.16949037168924,3.4598578328295444,1.1277571736352845,#1f77b4,A
243.83745976457521,93.5213089707184,0,1,0,0,0,0,0,0,0,0,0,0.38285510427367203,0.27745018739008953,9.307416897392379e-05,9.307416897392379e-05,9.307416897392379e-05,9.307416897392379e-05,9.307416897392379e-05,0.11010617983324414,0.2290300834887678,9.307416897392379e-05,12.698402868378952,9.41357926616292,5.422821150945829,1.012848410255646,#1f77b4,A
246.96160947843023,96.30299246322755,1,0,1,0,0,0,0,0,0,0,0,0.38264045569904004,0.27754668707382213,9.310654101142054e-05,9.310654101142054e-05,9.310654101142054e-05,9.310654101142054e-05,9.310654101142054e-05,0.11014447575811219,0.2291097422225745,9.310654101142054e-05,16.36570018421249,6.184818857528834,0.8685456721079974,0.8206092627514217,#ff7f0e,B
260.26963703725,91.30369621384803,0,1,0,0,0,0,0,0,0,0,0,0.4155397143599494,0.26275614834671107,8.814486802192986e-05,8.814486802192986e-05,8.814486802192986e-05,8.814486802192986e-05,8.814486802192986e-05,0.10427484657444841,0.21690042151034383,8.814486802192986e-05,12.7462539944599,9.197745822188507,1.9839652434182236,0.9936626575675478,#1f77b4,A
277.9746985210666,95.90069923273347,0,1,0,0,0,0,0,0,0,0,0,0.44006403689200435,0.2517307344945288,8.444625371736412e-05,8.444625371736412e-05,8.444625371736412e-05,8.444625371736412e-05,8.444625371736412e-05,0.09989940818760203,0.20779914290312052,8.444625371736412e-05,17.060187743550312,4.441259751343189,1.6103783386129098,0.9252514452931548,#1f77b4,A
286.20986895248916,95.20889888917388,8,0,0,0,0,0,0,0,0,1,0,0.45762404250450484,0.24383627262422009,8.179795679247412e-05,8.179795679247412e-05,8.179795679247412e-05,8.179795679247412e-05,8.179795679247412e-05,0.09676648891818093,0.20128240821188167,8.179795679247412e-05,10.92092163140921,10.793934550230999,0.9641696694059498,1.047322718119417,#bcbd22,i
297.30218012149936,92.3941317899449,1,0,1,0,0,0,0,0,0,0,0,0.48520982706956184,0.23143451551678682,7.763763076260591e-05,7.763763076260591e-05,7.763763076260591e-05,7.763763076260591e-05,7.763763076260591e-05,0.09184484834851939,0.19104498328007097,7.763763076260591e-05,15.269190288444031,6.832203081515006,2.356558550938883,0.914570262547922,#ff7f0e,B
308.38230406697284,94.6751100027534,7,0,0,0,0,0,0,0,1,0,0,0.5043729612826262,0.22281933419515035,7.47475593965932e-05,7.47475593965932e-05,7.47475593965932e-05,7.47475593965932e-05,7.47475593965932e-05,0.08842591137529468,0.18393330779004483,7.47475593965932e-05,12.333189306117921,9.956424531653193,1.5794019969088735,0.946802869327682,#7f7f7f,h
324.28369881475106,94.19674932994678,0,1,0,0,0,0,0,0,0,0,0,0.5392514148767397,0.2071390076582356,6.948739585015027e-05,6.948739585015027e-05,6.948739585015027e-05,6.948739585015027e-05,6.948739585015027e-05,0.08220316966530222,0.17098948342408218,6.948739585015027e-05,13.99207697695256,8.599771895309509,0.1328684461576202,1.009645518422012,#1f77b4,A
333.6410331369538,90.57086607213316,1,0,1,0,0,0,0,0,0,0,0,0.5652748855899278,0.1954396208919744,6.556268882069244e-05,6.556268882069244e-05,6.556268882069244e-05,6.556268882069244e-05,6.556268882069244e-05,0.0775602649502534,0.16133185243435486,6.556268882069244e-05,14.873604425927539,6.899652353350658,0.9751742941269563,0.995738244226395,#ff7f0e,B
346.17693388245334,94.13653605225039,1,0,1,0,0,0,0,0,0,0,0,0.5870027807109212,0.18567139852690626,6.228581527617054e-05,6.228581527617054e-05,6.228581527617054e-05,6.228581527617054e-05,6.228581527617054e-05,0.07368374333570092,0.15326836253422757,6.228581527617054e-05,13.92822587650861,8.8139785128461,3.157211806157249,0.9882680992540045,#ff7f0e,B
362.5294026219366,90.0810145282864,1,0,1,0,0,0,0,0,0,0,0,0.6281032282513397,0.16719384657615508,5.60872871415664e-05,5.60872871415664e-05,5.60872871415664e-05,5.60872871415664e-05,5.60872871415664e-05,0.06635092198457651,0.13801547946445117,5.60872871415664e-05,12.228655595822486,9.106293389345586,5.191796882027546,1.1026399451218072,#ff7f0e,B
371.20120623554044,97.2553504331665,0,1,0,0,0,0,0,0,0,0,0,0.6370196432274077,0.16318528874298951,5.474256579675341e-05,5.474256579675341e-05,5.474256579675341e-05,5.474256579675341e-05,5.474256579675341e-05,0.06476012475426167,0.1347064878799234,5.474256579675341e-05,14.628752089780836,7.179723167002924,4.538411106012697,1.0299640920916424,#1f77b4,A
383.04262503048,94.04459955051819,1,0,1,0,0,0,0,0,0,0,0,0.6661805709658912,0.15007539360887817,5.0344685923538134e-05,5.0344685923538134e-05,5.0344685923538134e-05,5.0344685923538134e-05,5.0344685923538134e-05,0.05955745942247752,0.12388450788654544,5.0344685923538134e-05,12.973045278889424,9.072941486234216,1.8105204008575742,1.0209297613724735,#ff7f0e,B
393.57752016548545,95.49980761651621,0,1,0,0,0,0,0,0,0,0,0,0.6861845691733334,0.14108218457539382,4.732780038788886e-05,4.732780038788886e-05,4.732780038788886e-05,4.732780038788886e-05,4.732780038788886e-05,0.05598850205238727,0.11646077739587203,4.732780038788886e-05,9.464084424455475,12.581954791626742,5.972122142938037,1.071479946898237,#1f77b4,A
401.39954611319985,93.67978276311311,0,1,0,0,0,0,0,0,0,0,0,0.7039711221055218,0.13308587369566197,4.4645336926648565e-05,4.4645336926648565e-05,4.4645336926648565e-05,4.4645336926648565e-05,4.4645336926648565e-05,0.05281516397679102,0.10985996819976135,4.4645336926648565e-05,10.095965155247274,12.124707476657939,1.9425819405420826,1.0626939368780588,#1f77b4,A
419.1809999555569,91.4285283755554,1,0,1,0,0,0,0,0,0,0,0,0.7403920368100075,0.11671210202604182,3.915254845368204e-05,3.915254845368204e-05,3.915254845368204e-05,3.915254845368204e-05,3.915254845368204e-05,0.04631722838351317,0.09634371748897494,3.915254845368204e-05,12.602964485620682,9.409874544533828,4.005026865159854,0.972037221807954,#ff7f0e,B
429.80369558581566,91.66710436961125,0,1,0,0,0,0,0,0,0,0,0,0.7593818260503249,0.10817485150397109,3.62886199584861e-05,3.62886199584861e-05,3.62886199584861e-05,3.62886199584861e-05,3.62886199584861e-05,0.04292921826859135,0.08929637245660238,3.62886199584861e-05,10.797755778130774,11.510186020130813,1.2475736780616749,1.0873288159177465,#1f77b4,A
444.6838647206739,91.5316332263996,0,1,0,0,0,0,0,0,0,0,0,0.7849406411970163,0.09668436020924219,3.243398955286545e-05,3.243398955286545e-05,3.243398955286545e-05,3.243398955286545e-05,3.243398955286545e-05,0.03836921377635816,0.079811180879281,3.243398955286545e-05,14.489733060058814,7.074077047813539,5.5122800218255525,0.9464968534265618,#1f77b4,A
454.78888323399684,93.80237796048549,0,1,0,0,0,0,0,0,0,0,0,0.7994952248244905,0.09014104763743297,3.0238952722338755e-05,3.0238952722338755e-05,3.0238952722338755e-05,3.0238952722338755e-05,3.0238952722338755e-05,0.03577249846138955,0.07440979535955329,3.0238952722338755e-05,14.076214804919015,8.257499187436231,2.298393030885273,0.8966487590574584,#1f77b4,A
466.6434374927493,91.12192757626431,0,1,0,0,0,0,0,0,0,0,0,0.8194125220837318,0.08118681679933158,2.7235142914543578e-05,2.7235142914543578e-05,2.7235142914543578e-05,2.7235142914543578e-05,2.7235142914543578e-05,0.032219009598388026,0.06701824066024183,2.7235142914543578e-05,11.26808056893161,10.825244187804321,2.345594241493783,0.9072941570825168,#1f77b4,A
480.5510786780268,89.90491405510907,0,1,0,0,0,0,0,0,0,0,0,0.8396470794952842,0.07208995513122606,2.4183485793695258e-05,2.4183485793695258e-05,2.4183485793695258e-05,2.4183485793695258e-05,2.4183485793695258e-05,0.02860891765298842,0.05950894680489948,2.4183485793695258e-05,11.959764997269117,10.03430249615978,5.175932963828762,1.060870054402804,#1f77b4,A
492.67491331800863,92.27030554503331,1,0,1,0,0,0,0,0,0,0,0,0.853978682782943,0.0656468879596374,2.2022077548561716e-05,2.2022077548561716e-05,2.2022077548561716e-05,2.2022077548561716e-05,2.2022077548561716e-05,0.026051984751461203,0.054190312039813004,2.2022077548561716e-05,18.194738504261956,3.690377249598605,5.950952962314484,1.1394827473751077,#ff7f0e,B
505.57468317770577,93.4616762647409,0,1,0,0,0,0,0,0,0,0,0,0.8688238603562946,0.05897293289965946,1.978321504563826e-05,1.978321504563826e-05,1.978321504563826e-05,1.978321504563826e-05,1.978321504563826e-05,0.02340342393070477,0.048681083522198264,1.978321504563826e-05,13.040995454444714,9.116782899501898,0.2828431115328848,0.9979928635512558,#1f77b4,A
514.6041426804376,92.92303247587397,0,1,0,0,0,0,0,0,0,0,0,0.8790864463251996,0.05435917619535581,1.823547209710972e-05,1.823547209710972e-05,1.823547209710972e-05,1.823547209710972e-05,1.823547209710972e-05,0.021572453369215653,0.044872511276767266,1.823547209710972e-05,11.221711257788947,11.346065455507436,2.1286430529377562,1.0910984152097913,#1f77b4,A
10.927353274747052,107.59282420548888,0,1,0,0,0,0,0,0,0,0,0,0.2956679350019716,0.31664697346090104,0.00010622322583457079,0.00010622322583457079,0.00010622322583457079,0.00010622322583457079,0.00010622322583457079,0.1256614346939303,0.26138631748787305,0.00010622322583457079,17.47451549266671,4.487037408465126,1.288205601316998,0.8800961504734145,#1f77b4,A
16.124053141653476,106.21659251406152,8,0,0,0,0,0,0,0,0,1,0,0.29212344530159035,0.31824047174369213,0.00010675778495607403,0.00010675778495607403,0.00010675778495607403,0.00010675778495607403,0.00010675778495607403,0.126293814906535,0.26270172133812786,0.00010675778495607403,15.708009527919065,6.581792992517998,4.782085229671729,1.0133196848266397,#bcbd22,i
27.958144921442845,108.04802110233791,7,0,0,0,0,0,0,0,1,0,0,0.27573748669012466,0.3256071166253088,0.00010922901900688574,0.00010922901900688574,0.00010922901900688574,0.00010922901900688574,0.00010922901900688574,0.12921726986518142,0.26878275270501834,0.00010922901900688574,11.553688854207582,10.49345351226319,3.547203900805376,1.0466951776287305,#7f7f7f,h
40.365060860560284,104.47457322598633,8,0,0,0,0,0,0,0,0,1,0,0.2710789483044349,0.3277014584193093,0.00010993159240882722,0.00010993159240882722,0.00010993159240882722,0.00010993159240882722,0.00010993159240882722,0.13004840995692798,0.2705115937645472,0.00010993159240882722,13.965276867194472,7.889780197294037,4.659224698642098,1.0524729429125306,#bcbd22,i
57.58169989153049,101.32665261059043,0,1,0,0,0,0,0,0,0,0,0,0.26449956865605895,0.3306593539297378,0.00011092385580981659,0.00011092385580981659,0.00011092385580981659,0.00011092385580981659,0.00011092385580981659,0.13122225156814765,0.27295328271086605,0.00011092385580981659,9.85229446722498,11.998947576392535,3.0238981707805337,0.9784948489361357,#1f77b4,A
71.2942131074895,105.352058706353,7,0,0,0,0,0,0,0,1,0,0,0.24891315803390318,0.33766654555977993,0.00011327450672824702,0.00011327450672824702,0.00011327450672824702,0.00011327450672824702,0.00011327450672824702,0.134003057409373,0.2787375919562368,0.00011327450672824702,15.74451748083492,6.580116987828011,2.674264366992945,0.9934237960808013,#7f7f7f,h
79.11278085240643,101.28652608478163,8,0,0,0,0,0,0,0,0,1,0,0.2538527091794213,0.33544586869695947,0.00011252955263212296,0.00011252955263212296,0.00011252955263212296,0.00011252955263212296,0.00011252955263212296,0.13312178121233997,0.27690446359515103,0.00011252955263212296,15.349339877487262,6.522458308839001,4.29363121004271,0.8860529121388907,#bcbd22,i
91.8609941951088,103.76174728873347,8,0,0,0,0,0,0,0,0,1,0,0.2453311144996167,0.33927692694138034,0.00011381472949844397,0.00011381472949844397,0.00011381472949844397,0.00011381472949844397,0.00011381472949844397,0.13464213768418032,0.28006693249749276,0.00011381472949844397,10.22925965714646,11.946050338938466,1.228988395549571,1.0601214739287652,#bcbd22,i
106.10195562429267,102.64567782509214,8,0,0,0,0,0,0,0,0,1,0,0.24613856555672853,0.3389139207030473,0.00011369295447178777,0.00011369295447178777,0.00011369295447178777,0.00011369295447178777,0.00011369295447178777,0.1344980785630297,0.27976727745002483,0.00011369295447178777,13.759196796583963,8.488519494030156,0.7611908505944626,0.9955794943027493,#bcbd22,i
112.6128481605299,105.30689640148195,1,0,1,0,0,0,0,0,0,0,0,0.24103265524718698,0.3412093877513687,0.00011446299788008129,0.00011446299788008129,0.00011446299788008129,0.00011446299788008129,0.00011446299788008129,0.13540903526484807,0.2816621437489746,0.00011446299788008129,13.90187403844394,7.701822108777827,2.921795117983125,1.1731904704904241,#ff7f0e,B
123.86068912996328,99.91191907196075,8,0,0,0,0,0,0,0,0,1,0,0.2536136172210934,0.3355533574068248,0.00011256561107720424,0.00011256561107720424,0.00011256561107720424,0.00011256561107720424,0.00011256561107720424,0.13316443813511883,0.27699319357016433,0.00011256561107720424,13.543480424725853,7.954490373074425,5.285018837862983,1.0222492549103943,#bcbd22,i
140.53366439969454,106.94711263339583,1,0,1,0,0,0,0,0,0,0,0,0.24505286312054866,0.33940202057465607,0.00011385669373739651,0.00011385669373739651,0.00011385669373739651,0.00011385669373739651,0.00011385669373739651,0.13469178112544455,0.2801701950165869,0.00011385669373739651,10.182125353992303,11.68781346374947,0.367185224688068,0.9626401934362896,#ff7f0e,B
154.4561476323486,106.55181463313986,8,0,0,0,0,0,0,0,0,1,0,0.25324040386791263,0.3357211431496764,0.0001126218969234258,0.0001126218969234258,0.0001126218969234258,0.0001126218969234258,0.0001126218969234258,0.13323102395129596,0.27713169764923884,0.0001126218969234258,7.408002087467177,14.980085460158104,0.714737989602629,1.0317418641191254,#bcbd22,i
158.8456962142511,109.06921666529904,1,0,1,0,0,0,0,0,0,0,0,0.2512001216922415,0.33663839398637413,0.0001129296002995502,0.0001129296002995502,0.0001129296002995502,0.0001129296002995502,0.0001129296002995502,0.1335950351870701,0.27788887153218045,0.0001129296002995502,12.547430205586176,9.155627874786427,1.405867690415761,1.0143714010284282,#ff7f0e,B
175.8632073288413,102.56855892467738,0,1,0,0,0,0,0,0,0,0,0,0.27731814729149684,0.32489649812536187,0.0001089906330574574,0.0001089906330574574,0.0001089906330574574,0.0001089906330574574,0.0001089906330574574,0.1289352607265897,0.26819615005788194,0.0001089906330574574,13.089899147519949,9.32233483321493,6.081023981194929,0.9439267071108428,#1f77b4,A
187.59503034045864,104.03398226975449,7,0,0,0,0,0,0,0,1,0,0,0.2857336015976505,0.3211131574700567,0.00010772146365897834,0.00010772146365897834,0.00010772146365897834,0.00010772146365897834,0.00010772146365897834,0.12743384099253935,0.26507307115747847,0.00010772146365897834,20.29270145877155,1.7876618395592558,2.643695550978322,1.0821058191418131,#7f7f7f,h
196.7741613621841,101.53640444400409,7,0,0,0,0,0,0,0,1,0,0,0.3006815891975998,0.31439298204702204,0.00010546709595160124,0.00010546709595160124,0.00010546709595160124,0.00010546709595160124,0.00010546709595160124,0.1247669376085482,0.259525688570806,0.00010546709595160124,12.03212598532864,10.24469728070519,0.9536746396789565,0.9862528930650813,#7f7f7f,h
209.77218432418738,107.32150471119134,1,0,1,0,0,0,0,0,0,0,0,0.30541012969141274,0.3122671693648217,0.00010475396524280182,0.00010475396524280182,0.00010475396524280182,0.00010475396524280182,0.00010475396524280182,0.12392330828654291,0.25777086886545364,0.00010475396524280182,15.11511955455963,6.534364008336866,0.3698050614182134,1.0282645864181617,#ff7f0e,B
224.0270335216643,104.24540651529347,8,0,0,0,0,0,0,0,0,1,0,0.33106699153791996,0.3007325991586032,0.00010088454800969773,0.00010088454800969773,0.00010088454800969773,0.00010088454800969773,0.00010088454800969773,0.11934581106669262,0.24824929094839493,0.00010088454800969773,13.08660364572826,9.297833200265607,5.211255997231689,0.9817118878759167,#bcbd22,i
235.51543203861164,100.56971781327196,0,1,0,0,0,0,0,0,0,0,0,0.35565402867506396,0.28967899066517117,9.717647545668545e-05,9.717647545668545e-05,9.717647545668545e-05,9.717647545668545e-05,9.717647545668545e-05,0.11495918362905128,0.23912473817761776,9.717647545668545e-05,11.799407488233362,9.973351504879263,3.5229626794894426,0.992551319650172,#1f77b4,A
250.203564899507,103.80909085443571,1,0,1,0,0,0,0,0,0,0,0,0.37395290005586723,0.28145235648445105,9.441674713562843e-05,9.441674713562843e-05,9.441674713562843e-05,9.441674713562843e-05,9.441674713562843e-05,0.11169444169088438,0.23233380128560976,9.441674713562843e-05,13.575984215043288,8.241330056621894,0.8863312650179562,0.97016051376647,#ff7f0e,B
262.8218758298133,102.13399358447398,1,0,1,0,0,0,0,0,0,0,0,0.399734979114395,0.2698614923038642,9.052844537794775e-05,9.052844537794775e-05,9.052844537794775e-05,9.052844537794775e-05,9.052844537794775e-05,0.10709460419250111,0.2227657537165722,9.052844537794775e-05,10.305486757790206,11.735075412763848,5.438974408181175,1.0133526532404762,#ff7f0e,B
269.7298786340016,106.53093082769695,7,0,0,0,0,0,0,0,1,0,0,0.40483359752180653,0.2675693034801937,8.975950169151054e-05,8.975950169151054e-05,8.975950169151054e-05,8.975950169151054e-05,8.975950169151054e-05,0.10618494845499764,0.22087359353244818,8.975950169151054e-05,15.095593775142042,6.766313087672486,3.444013272723801,1.0386252182041542,#7f7f7f,h
282.2405453506407,100.90012870067439,0,1,0,0,0,0,0,0,0,0,0,0.4394524061711365,0.25200570567114183,8.453849627086809e-05,8.453849627086809e-05,8.453849627086809e-05,8.453849627086809e-05,8.453849627086809e-05,0.10000853057135642,0.2080261266083005,8.453849627086809e-05,10.787436915298173,10.906575954709506,1.288179698221268,1.0698890199812845,#1f77b4,A
294.8493112050135,105.77686643378829,0,1,0,0,0,0,0,0,0,0,0,0.45687788587903644,0.24417172268950058,8.191048775290319e-05,8.191048775290319e-05,8.191048775290319e-05,8.191048775290319e-05,8.191048775290319e-05,0.09689961236480855,0.20155931613968023,8.191048775290319e-05,16.79481661119065,5.015034284903035,3.5178686439675952,1.0022803543230343,#1f77b4,A
305.57714109757984,104.73764173857923,1,0,1,0,0,0,0,0,0,0,0,0.4814755124407919,0.23311335350232684,7.820081816505773e-05,7.820081816505773e-05,7.820081816505773e-05,7.820081816505773e-05,7.820081816505773e-05,0.09251109564460377,0.1924308335028057,7.820081816505773e-05,16.990477760428064,4.193129139744806,5.2847201152898595,0.9547279449756422,#ff7f0e,B
317.0610128160202,104.98992416875171,8,0,0,0,0,0,0,0,0,1,0,0.506112822586243,0.22203714374349973,7.448516373216223e-05,7.448516373216223e-05,7.448516373216223e-05,7.448516373216223e-05,7.448516373216223e-05,0.08811549888884641,0.18328762379851166,7.448516373216223e-05,10.857254243905539,11.158405061185267,2.338349734498478,1.0563106095869073,#bcbd22,i
332.2104979702085,104.53630296094558,7,0,0,0,0,0,0,0,1,0,0,0.5404964668575842,0.20657926891975065,6.929962442199923e-05,6.929962442199923e-05,6.929962442199923e-05,6.929962442199923e-05,6.929962442199923e-05,0.08198103719972703,0.17052742927586545,6.929962442199923e-05,11.928725223682573,10.655489762756048,0.6409783643974077,0.8816819297566527,#7f7f7f,h
342.50528274400875,101.75555629119789,8,0,0,0,0,0,0,0,0,1,0,0.5676533707716083,0.19437032393443218,6.520397965330708e-05,6.520397965330708e-05,6.520397965330708e-05,6.520397965330708e-05,6.520397965330708e-05,0.07713591417143503,0.16044916724403685,6.520397965330708e-05,14.41885365915483,8.004276834809506,2.983802436097056,1.0988209109003917,#bcbd22,i
355.9726324769471,104.84432828805505,7,0,0,0,0,0,0,0,1,0,0,0.593391078632573,0.18279940773877396,6.132236969907191e-05,6.132236969907191e-05,6.132236969907191e-05,6.132236969907191e-05,6.132236969907191e-05,0.07254399303611686,0.15089758637374837,6.132236969907191e-05,11.261602587626998,10.576231897690173,5.8404997966671095,0.8910996364855016,#7f7f7f,h
364.5065987196736,102.28454558148186,0,1,0,0,0,0,0,0,0,0,0,0.6158186250940416,0.17271664271627288,5.7939978848100165e-05,5.7939978848100165e-05,5.7939978848100165e-05,5.7939978848100165e-05,5.7939978848100165e-05,0.06854264508523958,0.14257444723074147,5.7939978848100165e-05,13.180405326845898,8.798133467758104,4.473142277324213,1.0052620333769497,#1f77b4,A
376.6739311773418,108.04014286941086,8,0,0,0,0,0,0,0,0,1,0,0.6353628561695718,0.16393013145795973,5.499243269129139e-05,5.499243269129139e-05,5.499243269129139e-05,5.499243269129139e-05,5.499243269129139e-05,0.0650557157815861,0.13532134199409912,5.499243269129139e-05,6.467839580781731,15.47693082032336,2.4370179186390186,0.9122859427856044,#bcbd22,i
393.06564234932216,105.35241222758027,8,0,0,0,0,0,0,0,0,1,0,0.6739385023584872,0.14658765590976716,4.9174680269559705e-05,4.9174680269559705e-05,4.9174680269559705e-05,4.9174680269559705e-05,4.9174680269559705e-05,0.05817334979933435,0.12100544385011998,4.9174680269559705e-05,9.671206400173121,12.248877308477507,0.980931827074851,1.0903616036866939,#bcbd22,i
401.71198997840014,99.06019679512092,0,1,0,0,0,0,0,0,0,0,0,0.6987288485545383,0.13544264564523964,4.543594583822079e-05,4.543594583822079e-05,4.543594583822079e-05,4.543594583822079e-05,4.543594583822079e-05,0.05375044954479569,0.11180544057969834,4.543594583822079e-05,13.025198020112233,9.10531154085063,4.6741930766962145,0.933141180801321,#1f77b4,A
411.8368849515805,101.16387933099357,0,1,0,0,0,0,0,0,0,0,0,0.716717286580793,0.12735557316710847,4.2723035252668823e-05,4.2723035252668823e-05,4.2723035252668823e-05,4.2723035252668823e-05,4.2723035252668823e-05,0.05054109270500501,0.10512970933486063,4.2723035252668823e-05,11.02960617589881,10.901601606383945,5.116116602585429,0.8768323658076438,#1f77b4,A
422.2428466718536,107.61961227825654,0,1,0,0,0,0,0,0,0,0,0,0.7308215096443823,0.12101472945424703,4.059591915763321e-05,4.059591915763321e-05,4.059591915763321e-05,4.059591915763321e-05,4.059591915763321e-05,0.048024727209957756,0.09989545817573614,4.059591915763321e-05,19.936819332381646,2.0095567222880284,5.9756953300450295,0.9173286487719495,#1f77b4,A
440.7764142997617,102.92333272235778,0,1,0,0,0,0,0,0,0,0,0,0.7690715606975871,0.10381863189936198,3.482727108220351e-05,3.482727108220351e-05,3.482727108220351e-05,3.482727108220351e-05,3.482727108220351e-05,0.04120045137284648,0.08570039240294225,3.482727108220351e-05,13.202622546308115,8.685478830069675,2.6291487293915115,1.0529237100544626,#1f77b4,A
450.6599112844438,104.56976510247122,0,1,0,0,0,0,0,0,0,0,0,0.7847651961665071,0.09676323513298968,3.246044914206139e-05,3.246044914206139e-05,3.246044914206139e-05,3.246044914206139e-05,3.246044914206139e-05,0.0384005153105909,0.07987629069427513,3.246044914206139e-05,17.25751470550948,4.705956714911699,3.029115506959939,0.8884039504450773,#1f77b4,A
459.5652557069757,103.92423961140214,8,0,0,0,0,0,0,0,0,1,0,0.7998234911533615,0.08999346875427286,3.0189445522370977e-05,3.0189445522370977e-05,3.0189445522370977e-05,3.0189445522370977e-05,3.0189445522370977e-05,0.03571393174279524,0.07428797167563622,3.0189445522370977e-05,13.644568578301465,8.473947720860862,4.138585828366948,1.0953776038622665,#bcbd22,i
468.34420902074146,103.16128230986799,0,1,0,0,0,0,0,0,0,0,0,0.8139994071459443,0.08362039400989582,2.80515171208031e-05,2.80515171208031e-05,2.80515171208031e-05,2.80515171208031e-05,2.80515171208031e-05,0.03318477535441447,0.06902711438620637,2.80515171208031e-05,12.220493064017493,10.027739253008498,0.3648746519091342,0.9922797530614532,#1f77b4,A
486.98873054319324,105.28508891708033,0,1,0,0,0,0,0,0,0,0,0,0.8395553211735391,0.07213120697295582,2.4197324244927754e-05,2.4197324244927754e-05,2.4197324244927754e-05,2.4197324244927754e-05,2.4197324244927754e-05,0.028625288457227827,0.05954299944996816,2.4197324244927754e-05,7.9838996687002135,13.72707443498877,5.208810289082164,0.9963271217533306,#1f77b4,A
497.48626663636503,99.19613832651532,0,1,0,0,0,0,0,0,0,0,0,0.8563846113249173,0.06456525327474973,2.16592295347388e-05,2.16592295347388e-05,2.16592295347388e-05,2.16592295347388e-05,2.16592295347388e-05,0.02562273774230106,0.05329744227996717,2.16592295347388e-05,11.318403589960166,10.532255008265022,2.8789532046734,1.1660932944163729,#1f77b4,A
506.8046205037085,102.31308753991621,0,1,0,0,0,0,0,0,0,0,0,0.866155133312146,0.06017271405902862,2.018569678626816e-05,2.018569678626816e-05,2.018569678626816e-05,2.018569678626816e-05,2.018569678626816e-05,0.0238795573993346,0.04967148104790701,2.018569678626816e-05,13.84298428705997,8.28009051720645,3.151772640419693,1.0079985579654847,#1f77b4,A
14.224886837960383,114.00160673546668,7,0,0,0,0,0,0,0,1,0,0,0.27967915573568985,0.3238350581947924,0.00010863455962898792,0.00010863455962898792,0.00010863455962898792,0.00010863455962898792,0.00010863455962898792,0.12851402801099182,0.2673199507004282,0.00010863455962898792,18.46989888389342,3.710860575819069,3.9536964160849033,1.0233498940432262,#7f7f7f,h
25.98171089427324,115.07673332609728,0,1,0,0,0,0,0,0,0,0,0,0.26455556358416554,0.3306341802575521,0.00011091541098359123,0.00011091541098359123,0.00011091541098359123,0.00011091541098359123,0.00011091541098359123,0.13121226138972025,0.27293250230232985,0.00011091541098359123,14.26709295568678,7.371761904562454,1.505659785705448,0.9635249213258669,#1f77b4,A
33.101351879242245,111.39599226979048,1,0,1,0,0,0,0,0,0,0,0,0.264297934233219,0.3307500028337288,0.00011095426512936591,0.00011095426512936591,0.00011095426512936591,0.00011095426512936591,0.00011095426512936591,0.13125822560953654,0.2730281117324087,0.00011095426512936591,11.283918259065839,11.099858356973368,5.020035665225109,0.9347316576151732,#ff7f0e,B
52.809111773925,110.33493946592306,8,0,0,0,0,0,0,0,0,1,0,0.249979668951592,0.33718707363022904,0.00011311366181475439,0.00011311366181475439,0.00011311366181475439,0.00011311366181475439,0.00011311366181475439,0.1338127788480329,0.27834179659892044,0.00011311366181475439,10.794068377728616,11.06872803042633,5.512905766048346,0.9385789868931846,#bcbd22,i
60.95083096251472,112.77443884296599,1,0,1,0,0,0,0,0,0,0,0,0.24003231902040287,0.3416591094868904,0.00011461386271530427,0.00011461386271530427,0.00011461386271530427,0.00011461386271530427,0.00011461386271530427,0.13558750745386358,0.2820333808622097,0.00011461386271530427,14.39387959386093,7.974577466953253,2.061434726237459,0.9443351136693916,#ff7f0e,B
72.53720277379517,113.4279184243051,8,0,0,0,0,0,0,0,0,1,0,0.2327173093074081,0.3449477226305549,0.0001157170695226327,0.0001157170695226327,0.0001157170695226327,0.0001157170695226327,0.0001157170695226327,0.13689259444480942,0.2847480711997468,0.0001157170695226327,17.132817443037833,4.104992191898301,5.2387144142642015,1.0446195301714354,#bcbd22,i
84.50982991129735,115.92395883797067,7,0,0,0,0,0,0,0,1,0,0,0.22358228703928643,0.34905455987032585,0.00011709475993545416,0.00011709475993545416,0.00011709475993545416,0.00011709475993545416,0.00011709475993545416,0.13852239388348242,0.28813819064694357,0.00011709475993545416,13.487094237184776,8.52862429793455,5.5532648212443,1.0081100327836061,#7f7f7f,h
97.41507689924276,112.67409744268433,8,0,0,0,0,0,0,0,0,1,0,0.2270270450538286,0.3475058980191676,0.00011657524176113225,0.00011657524176113225,0.00011657524176113225,0.00011657524176113225,0.00011657524176113225,0.13790780702056288,0.28685979845552667,0.00011657524176113225,12.933546859157277,8.511808255931223,3.1427075047040076,0.9786421333248997,#bcbd22,i
107.61235399122084,108.5120759251517,1,0,1,0,0,0,0,0,0,0,0,0.23449266141558014,0.34414957655739314,0.00011544932134347979,0.00011544932134347979,0.00011544932134347979,0.00011544932134347979,0.00011544932134347979,0.13657584996576827,0.2840892161328535,0.00011544932134347979,15.78238733696213,6.091752106836814,5.359494402370001,0.8899267197398497,#ff7f0e,B
116.98535676150331,112.98290403903404,2,0,0,1,0,0,0,0,0,0,0,0.226567357211561,0.3477125601480474,0.00011664456918197421,0.00011664456918197421,0.00011664456918197421,0.00011664456918197421,0.00011664456918197421,0.13798982094075954,0.2870303942841925,0.00011664456918197421,13.766251429650968,8.065658243896703,1.5111265251332606,1.012006599431936,#2ca02c,C
132.2652036931987,114.81537471520471,7,0,0,0,0,0,0,0,1,0,0,0.22671826230533243,0.3476447176578397,0.00011662181056192569,0.00011662181056192569,0.00011662181056192569,0.00011662181056192569,0.00011662181056192569,0.1379628976306785,0.2869743915424301,0.00011662181056192569,10.479452667078794,11.678654158065141,4.341863806940748,1.0285865406174344,#7f7f7f,h
146.12592844527703,112.73864388826233,1,0,1,0,0,0,0,0,0,0,0,0.23656263520029522,0.3432189772468601,0.00011513714005324413,0.00011513714005324413,0.00011513714005324413,0.00011513714005324413,0.00011513714005324413,0.13620654138464203,0.28332102332753994,0.00011513714005324413,16.051188042164366,5.598235101281504,1.1098990226836754,0.9672996878292004,#ff7f0e,B
156.13258917592998,117.9312517376686,1,0,1,0,0,0,0,0,0,0,0,0.2327313568499768,0.3449414072687249,0.00011571495095475705,0.00011571495095475705,0.00011571495095475705,0.00011571495095475705,0.00011571495095475705,0.1368900881918063,0.28474285798341853,0.00011571495095475705,15.944415485535918,5.854818353587446,0.846352367292313,0.7957048293762974,#ff7f0e,B
169.31806233414116,115.12915746456942,1,0,1,0,0,0,0,0,0,0,0,0.24757544253431596,0.338267943089931,0.00011347625312412558,0.00011347625312412558,0.00011347625312412558,0.00011347625312412558,0.00011347625312412558,0.13424172217737684,0.2792340346792932,0.00011347625312412558,14.37862539791058,7.928798797488281,2.939828477532957,0.9523739845413276,#ff7f0e,B
185.60668239976184,112.03543179810524,1,0,1,0,0,0,0,0,0,0,0,0.2683261899595821,0.32893901757909194,0.00011034674725675272,0.00011034674725675272,0.00011034674725675272,0.00011034674725675272,0.00011034674725675272,0.13053953563495724,0.2715331763424994,0.00011034674725675272,8.943988253518423,13.220788883758086,0.6918400178362284,0.9979268089324358,#ff7f0e,B
190.3743653683564,119.52750814567608,7,0,0,0,0,0,0,0,1,0,0,0.2596275876562311,0.33284965324311466,0.00011165861937337506,0.00011165861937337506,0.00011165861937337506,0.00011165861937337506,0.00011165861937337506,0.1320914724266949,0.27476133495738625,0.00011165861937337506,13.785784816910896,8.504941899031762,0.368442005145654,1.0821607173450845,#7f7f7f,h
203.69894264634036,116.49094874668654,1,0,1,0,0,0,0,0,0,0,0,0.28063947021440677,0.32340332905967595,0.00010848973063877967,0.00010848973063877967,0.00010848973063877967,0.00010848973063877967,0.00010848973063877967,0.12834269619017907,0.2669635661515822,0.00010848973063877967,11.953796921554558,10.001573858192648,5.314848156343476,1.0367442064079768,#ff7f0e,B
217.97908892429925,116.64567504961457,0,1,0,0,0,0,0,0,0,0,0,0.2993906132576247,0.3149733668463497,0.00010566179336157838,0.00010566179336157838,0.00010566179336157838,0.00010566179336157838,0.00010566179336157838,0.1249972634687986,0.2600047856667425,0.00010566179336157838,10.137156989628389,11.386690604669313,4.66819394270908,0.9409828773492059,#1f77b4,A
231.8125983573995,114.2051003114766,7,0,0,0,0,0,0,0,1,0,0,0.32443956058494294,0.3037120971218121,0.00010188405822626607,0.00010188405822626607,0.00010188405822626607,0.00010188405822626607,0.00010188405822626607,0.12052822561697951,0.2507088123265835,0.00010188405822626607,13.070286125626223,9.10934836674266,3.1143297439859845,1.0109240744580281,#7f7f7f,h
236.4139032440405,115.63045827628682,0,1,0,0,0,0,0,0,0,0,0,0.32924848354016256,0.30155014684998477,0.00010115880470668423,0.00010115880470668423,0.00010115880470668423,0.00010115880470668423,0.00010115880470668423,0.1196702550830268,0.24892416169825646,0.00010115880470668423,10.79337163731913,11.301884238790329,3.4749705177995933,1.022434488367913,#1f77b4,A
255.26762473051113,112.30468480774755,1,0,1,0,0,0,0,0,0,0,0,0.36754931278159336,0.2843312209156765,9.538249856310256e-05,9.538249856310256e-05,9.538249856310256e-05,9.538249856310256e-05,9.538249856310256e-05,0.11283691979753772,0.23471025151344613,9.538249856310256e-05,12.65886994531324,9.397111754910883,2.1483252219793485,1.0990373852794804,#ff7f0e,B
265.3934276957597,111.8023416252817,1,0,1,0,0,0,0,0,0,0,0,0.38724546710184216,0.275476409436446,9.241204023469844e-05,9.241204023469844e-05,9.241204023469844e-05,9.241204023469844e-05,9.241204023469844e-05,0.10932288553325072,0.22740076568666562,9.241204023469844e-05,14.267413399581567,7.464961416927605,3.3622267677377313,1.0462977555623107,#ff7f0e,B
273.07687276141183,115.66304574909516,1,0,1,0,0,0,0,0,0,0,0,0.39555801447480515,0.27173933271055495,9.115839065555769e-05,9.115839065555769e-05,9.115839065555769e-05,9.115839065555769e-05,9.115839065555769e-05,0.10783982565175544,0.22431587681855553,9.115839065555769e-05,9.035919885450213,12.455062120154647,0.579389928029246,0.8967363404767726,#ff7f0e,B
285.3400995986192,110.40389492488244,1,0,1,0,0,0,0,0,0,0,0,0.42924198576843153,0.25659601027170503,8.607837191504604e-05,8.607837191504604e-05,8.607837191504604e-05,8.607837191504604e-05,8.607837191504604e-05,0.10183019415930843,0.21181533956863538,8.607837191504604e-05,13.382362178577559,8.269067055323518,2.0198844242025626,1.019913479227057,#ff7f0e,B
299.9476943823424,116.27381952408932,1,0,1,0,0,0,0,0,0,0,0,0.4505824088821053,0.24700198392086928,8.285993462322873e-05,8.285993462322873e-05,8.285993462322873e-05,8.285993462322873e-05,8.285993462322873e-05,0.09802280227881643,0.2038956453100189,8.285993462322873e-05,13.577180013722575,7.974006821996575,3.6994746232243374,0.9994456253259751,#ff7f0e,B
308.74899196188693,113.26398860236384,0,1,0,0,0,0,0,0,0,0,0,0.47464961069861866,0.23618207809292155,7.923026058052779e-05,7.923026058052779e-05,7.923026058052779e-05,7.923026058052779e-05,7.923026058052779e-05,0.09372891980543473,0.1949640098390674,7.923026058052779e-05,12.600789711415768,9.577823627173238,5.171259127515112,1.0643071926942205,#1f77b4,A
327.6075897845772,114.68797481711557,1,0,1,0,0,0,0,0,0,0,0,0.5149183006310504,0.21807845989062638,7.315717324384202e-05,7.315717324384202e-05,7.315717324384202e-05,7.315717324384202e-05,7.315717324384202e-05,0.08654449416072706,0.18001980227761832,7.315717324384202e-05,7.097411972384515,14.56755837697946,5.164011969368007,1.0239232693761577,#ff7f0e,B
339.3787786343717,112.37436332146285,0,1,0,0,0,0,0,0,0,0,0,0.5452128349043132,0.20445892861161669,6.8588329490185e-05,6.8588329490185e-05,6.8588329490185e-05,6.8588329490185e-05,6.8588329490185e-05,0.0811395795908092,0.1687771269157746,6.8588329490185e-05,17.079992676111566,5.129587165262396,3.0439734592894236,1.067739143732744,#1f77b4,A
349.3394793782509,112.69169232917497,1,0,1,0,0,0,0,0,0,0,0,0.5676146190226792,0.1943877455805911,6.520982396450998e-05,6.520982396450998e-05,6.520982396450998e-05,6.520982396450998e-05,6.520982396450998e-05,0.07714282795629496,0.16046354849608008,6.520982396450998e-05,12.079531639541106,9.989632567306451,5.983454931065166,1.026898568028382,#ff7f0e,B
353.40566419041926,113.92443963133137,0,1,0,0,0,0,0,0,0,0,0,0.5752898465605376,0.19093718910124502,6.40522912202225e-05,6.40522912202225e-05,6.40522912202225e-05,6.40522912202225e-05,6.40522912202225e-05,0.07577347370999388,0.15761517688032683,6.40522912202225e-05,13.30275060186468,8.612509999537536,0.6049844706324642,1.048730338091289,#1f77b4,A
369.8466434581852,111.87621903014347,7,0,0,0,0,0,0,0,1,0,0,0.6154083678234835,0.17290108231446594,5.800185144039926e-05,5.800185144039926e-05,5.800185144039926e-05,5.800185144039926e-05,5.800185144039926e-05,0.06861583998828882,0.14272669876450383,5.800185144039926e-05,14.384019679192363,7.818224644042736,3.437385812256661,1.0575683332928019,#7f7f7f,h
385.91661899900697,112.10298301146011,0,1,0,0,0,0,0,0,0,0,0,0.6509159098479825,0.15693793612838228,5.264681247122372e-05,5.264681247122372e-05,5.264681247122372e-05,5.264681247122372e-05,5.264681247122372e-05,0.062280861226144124,0.12954941192201264,5.264681247122372e-05,9.27568378196746,12.500562098465915,2.3339868851240513,0.9703880289569882,#1f77b4,A
399.5028035997595,114.0168153187544,0,1,0,0,0,0,0,0,0,0,0,0.6782407369689927,0.14465349780986422,4.8525842510587256e-05,4.8525842510587256e-05,4.8525842510587256e-05,4.8525842510587256e-05,4.8525842510587256e-05,0.05740577864871761,0.11940883151668359,4.8525842510587256e-05,10.461313557271167,11.803325811709458,5.599523143334373,1.1118233453425534,#1f77b4,A
401.4782055186249,114.70345619733706,0,1,0,0,0,0,0,0,0,0,0,0.6817365078864224,0.14308190205847457,4.799863086982567e-05,4.799863086982567e-05,4.799863086982567e-05,4.799863086982567e-05,4.799863086982567e-05,0.05678209046145978,0.11811150780774234,4.799863086982567e-05,11.116232902614659,10.965801101424024,2.3849317918896094,0.9260417156810107,#1f77b4,A
415.79604384113196,116.98277918471881,0,1,0,0,0,0,0,0,0,0,0,0.7093707761982523,0.1306583480849883,4.3830992805991266e-05,4.3830992805991266e-05,4.3830992805991266e-05,4.3830992805991266e-05,4.3830992805991266e-05,0.05185179979977267,0.10785608995944133,4.3830992805991266e-05,13.39252369140435,8.341349449219557,1.7558375967493374,0.9626924920092215,#1f77b4,A
427.7116472802329,116.81545326633422,8,0,0,0,0,0,0,0,0,1,0,0.7333128609469921,0.11989469120949868,4.022018818469858e-05,4.022018818469858e-05,4.022018818469858e-05,4.022018818469858e-05,4.022018818469858e-05,0.04758023973796704,0.09897088697570064,4.022018818469858e-05,17.051139423350705,4.901896170661224,4.502446985511524,0.9892647041290158,#bcbd22,i
442.23106266893234,112.25989342060053,0,1,0,0,0,0,0,0,0,0,0,0.7642485843681397,0.10598690015476153,3.555464404915746e-05,3.555464404915746e-05,3.555464404915746e-05,3.555464404915746e-05,3.555464404915746e-05,0.04206092920024141,0.08749025841179807,3.555464404915746e-05,10.972292711144712,11.20034776913341,1.8162675497653824,0.9764255712923737,#1f77b4,A
454.04657615559694,115.13781692927532,0,1,0,0,0,0,0,0,0,0,0,0.782874467495958,0.09761325111397114,3.274559773680055e-05,3.274559773680055e-05,3.274559773680055e-05,3.274559773680055e-05,3.274559773680055e-05,0.038737844376191745,0.0805779634266754,3.274559773680055e-05,16.369184480750196,5.046255612446133,5.5858199706907845,0.9959471847053045,#1f77b4,A
470.94932336687407,116.46938975923752,0,1,0,0,0,0,0,0,0,0,0,0.8096964388335964,0.08555488196055999,2.8700465532378644e-05,2.8700465532378644e-05,2.8700465532378644e-05,2.8700465532378644e-05,2.8700465532378644e-05,0.033952477406392546,0.07062399900544689,2.8700465532378644e-05,15.424518124644937,6.412612750789506,2.2805629135158414,0.9159798197588394,#1f77b4,A
481.7581754828975,114.44666357933929,7,0,0,0,0,0,0,0,1,0,0,0.8271715258394257,0.07769859699732294,2.6064975533060185e-05,2.6064975533060185e-05,2.6064975533060185e-05,2.6064975533060185e-05,2.6064975533060185e-05,0.030834708652583132,0.06413877865664273,2.6064975533060185e-05,13.818840141044202,8.278922919850888,6.023799137753709,0.9495837602081557,#7f7f7f,h
493.75030990745904,113.6844264686908,0,1,0,0,0,0,0,0,0,0,0,0.8443243793895266,0.06998717871498096,2.347808289121026e-05,2.347808289121026e-05,2.347808289121026e-05,2.347808289121026e-05,2.347808289121026e-05,0.027774430279185844,0.05777314311811477,2.347808289121026e-05,15.769015436290966,5.709531970565497,2.5898920918039727,1.0372117434581742,#1f77b4,A
506.87191815522857,114.15812920909298,0,1,0,0,0,0,0,0,0,0,0,0.8609429926677478,0.06251593914038035,2.097176122982549e-05,2.097176122982549e-05,2.097176122982549e-05,2.097176122982549e-05,2.097176122982549e-05,0.02480946688912108,0.05160577073451088,2.097176122982549e-05,15.434707077976507,6.8277957802407085,3.7571606397827417,0.9901343404144598,#1f77b4,A
519.8461574830103,115.53387928711317,0,1,0,0,0,0,0,0,0,0,0,0.8756020559282316,0.055925655599585164,1.8760967394607658e-05,1.8760967394607658e-05,1.8760967394607658e-05,1.8760967394607658e-05,1.8760967394607658e-05,0.02219411113275736,0.04616561153418269,1.8760967394607658e-05,13.477142153856391,8.687991110765541,0.5137484835435165,0.9529572147791231,#1f77b4,A
6.610954947655671,127.41643069710085,7,0,0,0,0,0,0,0,1,0,0,0.2655271286386053,0.3301973931946068,0.00011076888524762177,0.00011076888524762177,0.00011076888524762177,0.00011076888524762177,0.00011076888524762177,0.13103892232891842,0.2725719425260536,0.00011076888524762177,11.903448503905157,10.228662613761966,3.290220747066681,1.0258452649342076,#7f7f7f,h
15.928143754625207,125.28826016382337,0,1,0,0,0,0,0,0,0,0,0,0.2575997368696865,0.3337613152930192,0.00011196444792039506,0.00011196444792039506,0.00011196444792039506,0.00011196444792039506,0.00011196444792039506,0.13245326575096036,0.2755138953984777,0.00011196444792039506,13.934674034138832,8.117144635969089,4.766350227658762,1.0325321487548427,#1f77b4,A
33.947173304879364,124.11819293882924,0,1,0,0,0,0,0,0,0,0,0,0.24039098269304013,0.3414978648523283,0.00011455977116645888,0.00011455977116645888,0.00011455977116645888,0.00011455977116645888,0.00011455977116645888,0.13552351747823138,0.2819002763490599,0.00011455977116645888,12.51759148441839,9.46521851344945,4.863399606344059,1.0333760489633483,#1f77b4,A
47.16969415397208,126.84751363790174,0,1,0,0,0,0,0,0,0,0,0,0.22415718163051584,0.3487961041767428,0.00011700805770928843,0.00011700805770928843,0.00011700805770928843,0.00011700805770928843,0.00011700805770928843,0.1384198256735119,0.28792484017262493,0.00011700805770928843,10.846169965278525,10.963402487696031,0.1964721313854535,1.0834141183038843,#1f77b4,A
52.75935703710807,129.49453614059632,8,0,0,0,0,0,0,0,0,1,0,0.215438695918346,0.352715678836358,0.00011832292852486303,0.00011832292852486303,0.00011832292852486303,0.00011832292852486303,0.00011832292852486303,0.13997530990800133,0.29116037776579284,0.00011832292852486303,14.595084547888755,7.438789269297382,1.6388823114245321,1.0629237936233127,#bcbd22,i
68.66464314929411,124.06049099570039,7,0,0,0,0,0,0,0,1,0,0,0.21512815035183477,0.35285529098614377,0.0001183697631835173,0.0001183697631835173,0.0001183697631835173,0.0001183697631835173,0.0001183697631835173,0.14003071502636086,0.2912756250562066,0.0001183697631835173,11.887620775572502,10.217348118952332,4.048169271444394,0.9926144907047011,#7f7f7f,h
76.13055124749506,129.03298915233054,1,0,1,0,0,0,0,0,0,0,0,0.20306789065742836,0.35827722890600405,0.0001201886207264379,0.0001201886207264379,0.0001201886207264379,0.0001201886207264379,0.0001201886207264379,0.1421824125157897,0.295751336196061,0.0001201886207264379,9.052693841451237,12.753154623612485,0.1052642099302773,1.0272990749102007,#ff7f0e,B
88.5805950498171,128.32821671997038,8,0,0,0,0,0,0,0,0,1,0,0.20022182051786716,0.3595567383032541,0.00012061784831126535,0.00012061784831126535,0.00012061784831126535,0.00012061784831126535,0.00012061784831126535,0.14269018615659051,0.2968075479320611,0.00012061784831126535,12.61119410189284,9.189278494473923,1.217832339164322,0.9573229551891835,#bcbd22,i
102.95276136770325,123.86524082855324,1,0,1,0,0,0,0,0,0,0,0,0.2059373062353342,0.3569872240865472,0.00011975587231969599,0.00011975587231969599,0.00011975587231969599,0.00011975587231969599,0.00011975587231969599,0.14167047376392586,0.29468646067991755,0.00011975587231969599,16.169887917568108,6.090636236170066,1.8319551060568622,0.97345507484735,#ff7f0e,B
113.83457924757501,129.74122081375245,0,1,0,0,0,0,0,0,0,0,0,0.19593178954846688,0.3614854100051706,0.00012126484558875148,0.00012126484558875148,0.00012126484558875148,0.00012126484558875148,0.00012126484558875148,0.14345558002872347,0.29839963134374503,0.00012126484558875148,13.258910595400145,8.662766455521744,5.837686502771968,0.9641998039304802,#1f77b4,A
128.19851915132173,124.7760199867269,0,1,0,0,0,0,0,0,0,0,0,0.2073120777140788,0.3563691672784335,0.00011954853735865313,0.00011954853735865313,0.00011954853735865313,0.00011954853735865313,0.00011954853735865313,0.14142519775708126,0.2941762660258982,0.00011954853735865313,17.92979912998898,4.117532159232089,4.404339100630424,1.0385963996300238,#1f77b4,A
136.8629007920867,129.12646290281467,8,0,0,0,0,0,0,0,0,1,0,0.2027393274593363,0.35842494125283125,0.0001202381726984782,0.0001202381726984782,0.0001202381726984782,0.0001202381726984782,0.0001202381726984782,0.1422410321994754,0.2958732700518078,0.0001202381726984782,14.527419972179741,7.699542073955679,1.7892215333510875,0.8636523607579606,#bcbd22,i
149.2765933903223,122.12824974930253,1,0,1,0,0,0,0,0,0,0,0,0.22098131479203104,0.35022388046650166,0.00011748702329550782,0.00011748702329550782,0.00011748702329550782,0.00011748702329550782,0.00011748702329550782,0.13898643906959804,0.28910344353174605,0.00011748702329550782,12.548329437684322,9.846016110901795,3.0915388297997177,1.1240833583703556,#ff7f0e,B
163.29038241955638,124.07522343986341,1,0,1,0,0,0,0,0,0,0,0,0.2267148659246148,0.3476462445706816,0.00011662232278412019,0.00011662232278412019,0.00011662232278412019,0.00011662232278412019,0.00011662232278412019,0.13796350358644136,0.2869756519812099,0.00011662232278412019,15.050775396190959,6.7885038857417905,4.399259322380322,1.0859797640592888,#ff7f0e,B
176.00660084907915,125.18619077816027,0,1,0,0,0,0,0,0,0,0,0,0.23531522312583175,0.3437797770139963,0.00011532526741685474,0.00011532526741685474,0.00011532526741685474,0.00011532526741685474,0.00011532526741685474,0.1364290949197165,0.2837839533356105,0.00011532526741685474,16.434392898064594,5.088278209762776,5.994111005313947,0.9694372220446116,#1f77b4,A
189.27450731415988,126.39973445744522,7,0,0,0,0,0,0,0,1,0,0,0.24642849518644352,0.3387835768718799,0.00011364922898765346,0.00011364922898765346,0.00011364922898765346,0.00011364922898765346,0.00011364922898765346,0.1344463515793514,0.2796596809880605,0.00011364922898765346,14.667197040204735,7.621159822582091,4.415214366424288,1.0010206074010737,#7f7f7f,h
196.26678255500087,126.70963566517436,8,0,0,0,0,0,0,0,0,1,0,0.25375153914283877,0.33549135176876727,0.00011254481050291668,0.00011254481050291668,0.00011254481050291668,0.00011254481050291668,0.00011254481050291668,0.13313983118134862,0.2769420090436924,0.00011254481050291668,12.622245325938149,9.500953091343604,3.092138999853695,1.051562818986076,#bcbd22,i
209.50435039737843,124.32260591954811,1,0,1,0,0,0,0,0,0,0,0,0.2743230007183223,0.32624302790101556,0.00010944234347454717,0.00010944234347454717,0.00010944234347454717,0.00010944234347454717,0.00010944234347454717,0.12946963142218593,0.2693076858973027,0.00010944234347454717,11.98662877282376,10.178835056873979,4.8158262188064835,0.9419950986981929,#ff7f0e,B
222.82504037066118,123.74350193391187,8,0,0,0,0,0,0,0,0,1,0,0.2940256977066747,0.31738527503071784,0.00010647089841936609,0.00010647089841936609,0.00010647089841936609,0.00010647089841936609,0.00010647089841936609,0.12595442986608033,0.2619957720056935,0.00010647089841936609,14.933516561319163,6.587158273779134,5.946651414351254,1.0511465556981299,#bcbd22,i
231.27604267812865,126.67397251944519,1,0,1,0,0,0,0,0,0,0,0,0.30206150647144375,0.313772611840832,0.0001052589849319603,0.0001052589849319603,0.0001052589849319603,0.0001052589849319603,0.0001052589849319603,0.1245207435290686,0.2590135842487502,0.0001052589849319603,14.025053634732387,7.743350586751038,5.557294818424834,1.002872099041063,#ff7f0e,B
246.11380079380726,125.66277181089329,0,1,0,0,0,0,0,0,0,0,0,0.328451771703249,0.30190832505088805,0.0001012789601072167,0.0001012789601072167,0.0001012789601072167,0.0001012789601072167,0.0001012789601072167,0.1198123981962537,0.24921983128863742,0.0001012789601072167,11.158325720370351,11.007819980621457,2.7241274003142215,0.9085777586465335,#1f77b4,A
259.87895835498216,124.75585963183458,8,0,0,0,0,0,0,0,0,1,0,0.3549398288073256,0.2900000739124127,9.728418688658071e-05,9.728418688658071e-05,9.728418688658071e-05,9.728418688658071e-05,9.728418688658071e-05,0.11508660560016176,0.23938978655842563,9.728418688658071e-05,14.818197040538708,6.8049819445462045,6.141964780269924,0.9070807450762539,#bcbd22,i
270.6216178899362,127.36745222840555,8,0,0,0,0,0,0,0,0,1,0,0.37158387290203404,0.28251740139094844,9.477402989879626e-05,9.477402989879626e-05,9.477402989879626e-05,9.477402989879626e-05,9.477402989879626e-05,0.11211710504212738,0.23321297648512565,9.477402989879626e-05,16.28051728043351,5.260487246605258,0.7531186893698327,0.9524566180351217,#bcbd22,i
280.5154503834502,125.02972796038765,0,1,0,0,0,0,0,0,0,0,0,0.3953722461788518,0.2718228486707135,9.118640713902433e-05,9.118640713902433e-05,9.118640713902433e-05,9.118640713902433e-05,9.118640713902433e-05,0.10787296898250845,0.2243848177246968,9.118640713902433e-05,13.12799263962335,8.926758529761251,1.215101726690587,0.7775197552301968,#1f77b4,A
296.3184365435939,128.65231378590883,7,0,0,0,0,0,0,0,1,0,0,0.4235881980465365,0.25913778688489403,8.693104297724756e-05,8.693104297724756e-05,8.693104297724756e-05,8.693104297724756e-05,8.693104297724756e-05,0.10283889887672219,0.21391352993356016,8.693104297724756e-05,14.417610655981154,7.9504708043441745,0.5522848969021079,1.062230178808069,#7f7f7f,h
308.0665914309708,124.16840937461181,0,1,0,0,0,0,0,0,0,0,0,0.45643448680428084,0.24437106186775776,8.197735859748532e-05,8.197735859748532e-05,8.197735859748532e-05,8.197735859748532e-05,8.197735859748532e-05,0.09697872017012474,0.2017238670057953,8.197735859748532e-05,14.209141514638015,7.499850707743803,2.818245462830441,0.9747733592457627,#1f77b4,A
315.6327620146585,129.13358456548895,0,1,0,0,0,0,0,0,0,0,0,0.46649152973512087,0.23984971126585042,8.046061444290084e-05,8.046061444290084e-05,8.046061444290084e-05,8.046061444290084e-05,8.046061444290084e-05,0.0951844209946738,0.19799157431723102,8.046061444290084e-05,14.44931379200074,7.716765754642707,2.9764650097878094,1.1461198992805053,#1f77b4,A
330.6544300657107,125.96205293596198,0,1,0,0,0,0,0,0,0,0,0,0.5059232433680504,0.22212237298217147,7.45137549565411e-05,7.45137549565411e-05,7.45137549565411e-05,7.45137549565411e-05,7.45137549565411e-05,0.088149322134628,0.1833579789849049,7.45137549565411e-05,14.22289620842598,8.041469081255833,5.626999513709516,0.9634749761986661,#1f77b4,A
344.97857712889197,123.26598641277283,1,0,1,0,0,0,0,0,0,0,0,0.5432577606653647,0.20533787246696567,6.888318230567918e-05,6.888318230567918e-05,6.888318230567918e-05,6.888318230567918e-05,6.888318230567918e-05,0.08148838869096062,0.1695026790823316,6.888318230567918e-05,12.842819728455302,9.09170516361179,5.409540390813119,0.9150196882145204,#ff7f0e,B
356.5690216190812,122.59148955489442,1,0,1,0,0,0,0,0,0,0,0,0.5713813209722503,0.19269434720852355,6.46417520965304e-05,6.46417520965304e-05,6.46417520965304e-05,6.46417520965304e-05,6.46417520965304e-05,0.07647080236698788,0.1590656789390879,6.46417520965304e-05,7.845384478748201,14.129114592384788,2.8409852228353643,0.9783190784514029,#ff7f0e,B
360.16862163500167,123.56985419412506,0,1,0,0,0,0,0,0,0,0,0,0.5786051661610941,0.1894467189526564,6.355229418736675e-05,6.355229418736675e-05,6.355229418736675e-05,6.355229418736675e-05,6.355229418736675e-05,0.07518198023954314,0.15638482088100358,6.355229418736675e-05,14.391761611603657,7.711633748049306,2.029979089253389,0.9696955031851217,#1f77b4,A
373.31357952202444,128.43439238903028,0,1,0,0,0,0,0,0,0,0,0,0.6036993436044604,0.17816511509870356,5.9767737711564625e-05,5.9767737711564625e-05,5.9767737711564625e-05,5.9767737711564625e-05,5.9767737711564625e-05,0.07070487278311788,0.1470720620868449,5.9767737711564625e-05,12.337072743212293,9.08973849890134,3.4875887637182204,0.9694588719842891,#1f77b4,A
391.21815204712306,122.55236893935174,0,1,0,0,0,0,0,0,0,0,0,0.6511819572653433,0.15681832903722331,5.260668876210774e-05,5.260668876210774e-05,5.260668876210774e-05,5.260668876210774e-05,5.260668876210774e-05,0.06223339512056184,0.12945067844364785,5.260668876210774e-05,14.006524434830176,8.261245640886425,0.16199966037642344,0.9666424342246523,#1f77b4,A
403.99920779555566,125.80206567509904,1,0,1,0,0,0,0,0,0,0,0,0.6761211382464346,0.1456064070323806,4.88455079425252e-05,4.88455079425252e-05,4.88455079425252e-05,4.88455079425252e-05,4.88455079425252e-05,0.057783940924281796,0.12019544074857176,4.88455079425252e-05,15.197384150577067,7.290046183860275,1.9212187243527918,0.8967427214025182,#ff7f0e,B
413.05104433781764,125.50844255838105,0,1,0,0,0,0,0,0,0,0,0,0.6958385049035477,0.13674205911060838,4.587185049404533e-05,4.587185049404533e-05,4.587185049404533e-05,4.587185049404533e-05,4.587185049404533e-05,0.05426612212026408,0.11287808276191973,4.587185049404533e-05,15.687143483697593,5.854039973746151,1.2729148899973322,1.1652700662196018,#1f77b4,A
426.49524976068955,119.82457101557212,0,1,0,0,0,0,0,0,0,0,0,0.7283650987342642,0.1221190595265526,4.096638062576058e-05,4.096638062576058e-05,4.096638062576058e-05,4.096638062576058e-05,4.096638062576058e-05,0.04846298088958343,0.10080706256511685,4.096638062576058e-05,16.52550934288661,5.573935360390257,3.669568300696528,0.9832077639548931,#1f77b4,A
440.1273237357316,120.78784441221822,0,1,0,0,0,0,0,0,0,0,0,0.7538173729632492,0.11067646589376201,3.712781809568415e-05,3.712781809568415e-05,3.712781809568415e-05,3.712781809568415e-05,3.712781809568415e-05,0.04392198459708721,0.09136140963657359,3.712781809568415e-05,17.893990318982656,3.777349435031828,5.283961186222772,1.0988461090681365,#1f77b4,A
449.11851382459537,125.33286067331372,0,1,0,0,0,0,0,0,0,0,0,0.7670563857652621,0.1047245952581615,3.5131187931329766e-05,3.5131187931329766e-05,3.5131187931329766e-05,3.5131187931329766e-05,3.5131187931329766e-05,0.0415599831700482,0.08644824867817295,3.5131187931329766e-05,12.69360482324267,8.840820752121832,2.8045646841505683,0.9823759931943791,#1f77b4,A
462.59087189290506,127.03487311259401,8,0,0,0,0,0,0,0,0,1,0,0.789595785843058,0.09459154414073327,3.173192797480683e-05,3.173192797480683e-05,3.173192797480683e-05,3.173192797480683e-05,3.173192797480683e-05,0.03753867916917419,0.07808359927839593,3.173192797480683e-05,12.483092389329068,10.010594036434957,2.4039267134009212,0.9662045164574828,#bcbd22,i
477.98181588661805,128.09973730469517,0,1,0,0,0,0,0,0,0,0,0,0.8140161585861572,0.08361286305523952,2.8048990766963503e-05,2.8048990766963503e-05,2.8048990766963503e-05,2.8048990766963503e-05,2.8048990766963503e-05,0.03318178669307853,0.0690208977201089,2.8048990766963503e-05,11.862883864501136,10.446089854154508,2.0813807530970605,1.0242862003802602,#1f77b4,A
486.7837382821756,122.85848955926808,0,1,0,0,0,0,0,0,0,0,0,0.8299875232447619,0.07643260741657412,2.5640283341404957e-05,2.5640283341404957e-05,2.5640283341404957e-05,2.5640283341404957e-05,2.5640283341404957e-05,0.03033230035451642,0.063093727283269,2.5640283341404957e-05,9.764426663297927,12.020994034870542,1.2029339098266425,1.0941372770905031,#1f77b4,A
500.8720859854755,124.03028837871254,0,1,0,0,0,0,0,0,0,0,0,0.8489316763000175,0.06791587358059266,2.278323742764039e-05,2.278323742764039e-05,2.278323742764039e-05,2.278323742764039e-05,2.278323742764039e-05,0.02695243229186487,0.05606331840211023,2.278323742764039e-05,15.838361590656927,6.32008917325588,6.034863907605267,0.977950150268308,#1f77b4,A
507.6086951778797,126.62683770145559,0,1,0,0,0,0,0,0,0,0,0,0.8565494847626594,0.06449113102807134,2.1634364291082034e-05,2.1634364291082034e-05,2.1634364291082034e-05,2.1634364291082034e-05,2.1634364291082034e-05,0.025593322309213105,0.05323625571345296,2.1634364291082034e-05,20.56790119874771,1.2110766023309356,2.972516873566997,0.9361986690336545,#1f77b4,A
18.157341376852568,133.9901426424049,1,0,1,0,0,0,0,0,0,0,0,0.2405156807184357,0.34144180428899423,0.00011454096494256114,0.00011454096494256114,0.00011454096494256114,0.00011454096494256114,0.00011454096494256114,0.1355012698289287,0.2818539993736446,0.00011454096494256114,10.679580868565111,11.841340798938525,0.13307259908261784,0.956650839063698,#ff7f0e,B
19.80671485710895,137.74478163544882,8,0,0,0,0,0,0,0,0,1,0,0.23264014417352477,0.3449824138043848,0.00011572870711497072,0.00011572870711497072,0.00011572870711497072,0.00011572870711497072,0.00011572870711497072,0.13690636164626738,0.28477670813278816,0.00011572870711497072,12.88197520830604,8.831757557470427,2.968777550207636,1.0800211136521278,#bcbd22,i
39.24934301970044,140.62653732239187,0,1,0,0,0,0,0,0,0,0,0,0.2082780078387779,0.3559349135141078,0.00011940286144969587,0.00011940286144969587,0.00011940286144969587,0.00011940286144969587,0.00011940286144969587,0.14125286403650286,0.29381779744155734,0.00011940286144969587,16.00902279063703,6.042092153842008,3.8633009714529623,1.1133132195501976,#1f77b4,A
45.391199297877506,136.6364394525036,1,0,1,0,0,0,0,0,0,0,0,0.2093069828676038,0.35547231661580314,0.00011924767747853106,0.00011924767747853106,0.00011924767747853106,0.00011924767747853106,0.00011924767747853106,0.14106928233575086,0.29343593211561547,0.00011924767747853106,12.565871213165948,9.762811131142833,2.672082006499514,1.0315753273360833,#ff7f0e,B
60.34952695587466,141.34498671666375,1,0,1,0,0,0,0,0,0,0,0,0.1910664675409801,0.3636727156315128,0.00012199860488219019,0.00012199860488219019,0.00012199860488219019,0.00012199860488219019,0.00012199860488219019,0.1443236128417837,0.3002052123560666,0.00012199860488219019,8.850955650708325,12.963134756066129,2.2049740471706816,0.9022089073425787,#ff7f0e,B
73.22120579197001,130.7985419544585,1,0,1,0,0,0,0,0,0,0,0,0.20131046922594753,0.3590673138744845,0.00012045366470623062,0.00012045366470623062,0.00012045366470623062,0.00012045366470623062,0.00012045366470623062,0.14249595794331807,0.2964035369676535,0.00012045366470623062,6.913140180766272,15.012067962907116,0.9633408076146643,0.9750409051473857,#ff7f0e,B
85.60109148971385,133.46422051084784,1,0,1,0,0,0,0,0,0,0,0,0.19229988349571767,0.3631182081080095,0.00012181258833116405,0.00012181258833116405,0.00012181258833116405,0.00012181258833116405,0.00012181258833116405,0.14410355638524971,0.299747476480673,0.00012181258833116405,8.683599664045273,13.427900395734154,4.066231034709952,1.0292050006487519,#ff7f0e,B
95.29480218072759,128.92119477039694,0,1,0,0,0,0,0,0,0,0,0,0.19787116210418232,0.3606135251646272,0.00012097236080891444,0.00012097236080891444,0.00012097236080891444,0.00012097236080891444,0.00012097236080891444,0.14310957230045412,0.29767990626552226,0.00012097236080891444,14.806209355650871,7.406267426010075,3.785171541411748,0.9069153726422298,#1f77b4,A
106.19499283224881,134.78482012653734,1,0,1,0,0,0,0,0,0,0,0,0.1871033345054149,0.3654544236404165,0.00012259630133301197,0.00012259630133301197,0.00012259630133301197,0.00012259630133301197,0.00012259630133301197,0.14503068413369402,0.30167597991211115,0.00012259630133301197,13.586039948780176,8.354734121712369,4.769953633092404,0.9731914651121942,#ff7f0e,B
118.6688099500128,136.03193572078894,8,0,0,0,0,0,0,0,0,1,0,0.1860164551159045,0.36594305263561416,0.00012276021809981034,0.00012276021809981034,0.00012276021809981034,0.00012276021809981034,0.00012276021809981034,0.14522459667894427,0.30207933426057226,0.00012276021809981034,16.07355617424845,6.209164298075312,1.3815617049728088,1.0039278445811783,#bcbd22,i
134.2849508625009,131.69579599907166,8,0,0,0,0,0,0,0,0,1,0,0.19738118821836254,0.3608338030076076,0.00012104625579298932,0.00012104625579298932,0.00012104625579298932,0.00012104625579298932,0.00012104625579298932,0.14319698962037244,0.2978617416185386,0.00012104625579298932,10.103115316494852,11.640336758720915,2.468708533996944,0.9952209085784581,#bcbd22,i
142.23032622193455,134.04474416980162,8,0,0,0,0,0,0,0,0,1,0,0.1968296278978083,0.3610817682996395,0.00012112943888148297,0.00012112943888148297,0.00012112943888148297,0.00012112943888148297,0.00012112943888148297,0.14329539471172845,0.29806643245717385,0.00012112943888148297,10.529788544054739,11.59197155868001,4.914724200974633,0.9420929949429748,#bcbd22,i
157.45588795900676,138.28006642478678,7,0,0,0,0,0,0,0,1,0,0,0.19877063169504405,0.3602091501009031,0.0001208367080873793,0.0001208367080873793,0.0001208367080873793,0.0001208367080873793,0.0001208367080873793,0.14294909595006736,0.297346102005101,0.0001208367080873793,16.151998764936984,6.277178505686789,3.482842568161935,1.0569300514660747,#7f7f7f,h
164.2668954363505,131.7557911901014,7,0,0,0,0,0,0,0,1,0,0,0.21431986641343168,0.35321867166340026,0.00011849166382043875,0.00011849166382043875,0.00011849166382043875,0.00011849166382043875,0.00011849166382043875,0.1401749227436967,0.2915755891961956,0.00011849166382043875,8.735230294714889,13.70959397786173,0.4795672031517383,0.9059366600260371,#7f7f7f,h
179.49549337644393,135.5768385772669,8,0,0,0,0,0,0,0,0,1,0,0.22122563764237793,0.3501140401014887,0.00011745017595801083,0.00011745017595801083,0.00011745017595801083,0.00011745017595801083,0.00011745017595801083,0.1389428488918554,0.28901277230817984,0.00011745017595801083,11.257690253082824,10.466104164228682,2.609873203064003,0.971271680366215,#bcbd22,i
189.82837361188174,136.73652587635985,1,0,1,0,0,0,0,0,0,0,0,0.23000826841340713,0.34616562771069576,0.00011612563116135258,0.00011612563116135258,0.00011612563116135258,0.00011612563116135258,0.00011612563116135258,0.13737592039616398,0.2857534296924188,0.00011612563116135258,13.148730163601096,8.991509520223085,1.4509057403917862,0.9269908712959495,#ff7f0e,B
206.7419706720738,133.28619777133656,0,1,0,0,0,0,0,0,0,0,0,0.25579803437902765,0.33457130772286225,0.00011223617010949133,0.00011223617010949133,0.00011223617010949133,0.00011223617010949133,0.00011223617010949133,0.132774711459766,0.27618252941735255,0.00011223617010949133,9.567676490954424,12.657783822560324,1.6959084560074416,0.8985358865844393,#1f77b4,A
214.30839188773493,132.33115856320862,1,0,1,0,0,0,0,0,0,0,0,0.26753050930301114,0.3292967321916522,0.0001104667471407213,0.0001104667471407213,0.0001104667471407213,0.0001104667471407213,0.0001104667471407213,0.13068149477302823,0.2718284632491348,0.0001104667471407213,12.764157860794127,9.52177430691553,4.603484308181176,1.0365580006110315,#ff7f0e,B
230.7591794529222,138.8036893694869,0,1,0,0,0,0,0,0,0,0,0,0.2819582184491906,0.32281045865372276,0.00010829084477439298,0.00010829084477439298,0.00010829084477439298,0.00010829084477439298,0.00010829084477439298,0.12810741541365572,0.2664741624144617,0.00010829084477439298,15.949500409005038,5.56349372333999,4.8673504626948745,1.0449138303482024,#1f77b4,A
237.0222174177286,133.25842735004096,7,0,0,0,0,0,0,0,1,0,0,0.3007293367871865,0.3143715161355805,0.00010545989494053874,0.00010545989494053874,0.00010545989494053874,0.00010545989494053874,0.00010545989494053874,0.12475841885594725,0.2595079688513282,0.00010545989494053874,14.292740322576085,7.314918061150316,2.820312121443429,1.0334850656812122,#7f7f7f,h
251.2596585138433,136.7591339356548,0,1,0,0,0,0,0,0,0,0,0,0.32008728520308577,0.3056687520802078,0.00010254044284050784,0.00010254044284050784,0.00010254044284050784,0.00010254044284050784,0.00010254044284050784,0.12130472465180563,0.25232399540753786,0.00010254044284050784,11.868605749517117,9.799383505760554,1.1677223746172216,1.0758073807778463,#1f77b4,A
264.7727905796104,135.18471991217976,0,1,0,0,0,0,0,0,0,0,0,0.3479813299631622,0.29312841025877057,9.833362681829278e-05,9.833362681829278e-05,9.833362681829278e-05,9.833362681829278e-05,9.833362681829278e-05,0.11632808670194478,0.24197217131486454,9.833362681829278e-05,13.416681772397475,8.583255315843552,3.401674440572554,1.0532509926191915,#1f77b4,A
274.99922164494626,137.39579318950777,8,0,0,0,0,0,0,0,0,1,0,0.36520685633653915,0.2853843204132744,9.573577408800954e-05,9.573577408800954e-05,9.573577408800954e-05,9.573577408800954e-05,9.573577408800954e-05,0.11325484261011738,0.23557956599517582,9.573577408800954e-05,17.9583269850653,4.508586949079152,3.130116445164827,0.975625911721424,#bcbd22,i
286.27435043268486,138.1169198039299,8,0,0,0,0,0,0,0,0,1,0,0.3879006080973621,0.2751818773205151,9.231323571708652e-05,9.231323571708652e-05,9.231323571708652e-05,9.231323571708652e-05,9.231323571708652e-05,0.1092060003855836,0.2271576347818487,9.231323571708652e-05,16.18579570166471,6.223136760078476,5.4685197335176365,1.0536772191402581,#bcbd22,i
298.7005667032841,133.68173011459334,7,0,0,0,0,0,0,0,1,0,0,0.42151235283942706,0.26007102581418706,8.724410976092918e-05,8.724410976092918e-05,8.724410976092918e-05,8.724410976092918e-05,8.724410976092918e-05,0.10320925499124753,0.21468390169615137,8.724410976092918e-05,11.735067214868666,10.36327739676752,4.903306145803576,0.9918408840918497,#7f7f7f,h
312.81200288968995,131.6269676732237,1,0,1,0,0,0,0,0,0,0,0,0.456470463505651,0.24435488780133358,8.197193280265872e-05,8.197193280265872e-05,8.197193280265872e-05,8.197193280265872e-05,8.197193280265872e-05,0.09697230148761064,0.2017105156081324,8.197193280265872e-05,14.754417860247068,7.007090945505654,0.8790786680268758,0.9062959956541373,#ff7f0e,B
322.84621378527163,133.87866714093752,8,0,0,0,0,0,0,0,0,1,0,0.4767815698794541,0.2352236119720349,7.890873101685958e-05,7.890873101685958e-05,7.890873101685958e-05,7.890873101685958e-05,7.890873101685958e-05,0.09334855227329086,0.19417281348864218,7.890873101685958e-05,22.529358952223955,-1.1733743681318394,1.5395409783218796,1.0676623225433852,#bcbd22,i
339.692043716726,134.45081468268145,8,0,0,0,0,0,0,0,0,1,0,0.5161941223006551,0.21750488800538506,7.296476131192804e-05,7.296476131192804e-05,7.296476131192804e-05,7.296476131192804e-05,7.296476131192804e-05,0.08631687200722359,0.17954632911834834,7.296476131192804e-05,13.655189390723741,8.049957390890501,0.6786921475781141,1.0060607862978903,#bcbd22,i
348.46127501084584,134.25537468044448,8,0,0,0,0,0,0,0,0,1,0,0.5375572522153788,0.2079006533448801,6.974289951372258e-05,6.974289951372258e-05,6.974289951372258e-05,6.974289951372258e-05,6.974289951372258e-05,0.08250542895635467,0.17161820808576642,6.974289951372258e-05,14.99329498407344,6.987858611294608,2.776763870982212,1.0473115445506054,#bcbd22,i
359.4878477207199,134.91049779151118,0,1,0,0,0,0,0,0,0,0,0,0.5633645648586303,0.19629844488702788,6.585079217497872e-05,6.585079217497872e-05,6.585079217497872e-05,6.585079217497872e-05,6.585079217497872e-05,0.07790108947855516,0.16204079602217336,6.585079217497872e-05,15.084803904382207,6.345705431938197,0.9764612949558776,0.9623731792578042,#1f77b4,A
369.2983758956771,135.07045282097604,1,0,1,0,0,0,0,0,0,0,0,0.5867451583041866,0.18578721798116976,6.232466837465997e-05,6.232466837465997e-05,6.232466837465997e-05,6.232466837465997e-05,6.232466837465997e-05,0.07372970631658514,0.15336396938722385,6.232466837465997e-05,13.29423917032128,9.27164869932854,0.7034555484249849,0.8759772412760879,#ff7f0e,B
385.4602632632153,134.3553414447923,8,0,0,0,0,0,0,0,0,1,0,0.6257267689698569,0.16826223274857466,5.6445690774580913e-05,5.6445690774580913e-05,5.6445690774580913e-05,5.6445690774580913e-05,5.6445690774580913e-05,0.06677491131807944,0.13889741281821558,5.6445690774580913e-05,12.925208572742179,9.041593676281419,1.69164922565521,1.0815050177219985,#bcbd22,i
394.3751643530331,139.54122007435208,8,0,0,0,0,0,0,0,0,1,0,0.6413367022832547,0.16124446600862818,5.409149230199161e-05,5.409149230199161e-05,5.409149230199161e-05,5.409149230199161e-05,5.409149230199161e-05,0.06398990874170739,0.1331043740119565,5.409149230199161e-05,12.035420183301577,10.335791773089243,5.054450488927372,0.9402934227387214,#bcbd22,i
410.3329478648362,134.44079986249224,0,1,0,0,0,0,0,0,0,0,0,0.6819800848305092,0.14297239703096995,4.7961896025530496e-05,4.7961896025530496e-05,4.7961896025530496e-05,4.7961896025530496e-05,4.7961896025530496e-05,0.0567386333624955,0.11802111339919011,4.7961896025530496e-05,8.644865138731845,13.092553380465532,2.3776481179203826,1.0825125753703144,#1f77b4,A
420.5405544092282,140.19578094304305,0,1,0,0,0,0,0,0,0,0,0,0.6992569160567909,0.1352052420331066,4.535630579862113e-05,4.535630579862113e-05,4.535630579862113e-05,4.535630579862113e-05,4.535630579862113e-05,0.0536562358588852,0.11160946821572618,4.535630579862113e-05,10.2303783927811,11.786245669410834,3.757353117526272,0.992133487089456,#1f77b4,A
434.7583945645127,130.3963948430686,0,1,0,0,0,0,0,0,0,0,0,0.7361763006060734,0.11860737298731912,3.978834103093947e-05,3.978834103093947e-05,3.978834103093947e-05,3.978834103093947e-05,3.978834103093947e-05,0.04706936716293925,0.0979082291967464,3.978834103093947e-05,15.815159884154568,6.1585618079632996,3.3097111524129508,0.9637721189014937,#1f77b4,A
442.37516296595845,133.10133524837704,0,1,0,0,0,0,0,0,0,0,0,0.7490035087975531,0.11284063758843844,3.785381681961254e-05,3.785381681961254e-05,3.785381681961254e-05,3.785381681961254e-05,3.785381681961254e-05,0.044780836703281805,0.09314789400905983,3.785381681961254e-05,13.724633538216667,8.038553844126652,4.934255182231358,1.1428633176827558,#1f77b4,A
455.68909313051824,133.39874550309767,0,1,0,0,0,0,0,0,0,0,0,0.7735383123392982,0.10181051178267338,3.415362183071526e-05,3.415362183071526e-05,3.415362183071526e-05,3.415362183071526e-05,3.415362183071526e-05,0.04040352837641686,0.08404272576985389,3.415362183071526e-05,13.415864921102092,7.722744309016156,2.5654520829774774,0.9930724564034733,#1f77b4,A
467.0634089924287,136.35618947805244,0,1,0,0,0,0,0,0,0,0,0,0.7916499926236654,0.09366803321134666,3.142212457153812e-05,3.142212457153812e-05,3.142212457153812e-05,3.142212457153812e-05,3.142212457153812e-05,0.0371721836139701,0.07732125780279685,3.142212457153812e-05,9.01394697141286,13.023410679070905,1.2695922957431793,0.8576290406438692,#1f77b4,A
479.3123044049494,134.23662594023057,0,1,0,0,0,0,0,0,0,0,0,0.8128478133113165,0.08413811671558118,2.822519374017712e-05,2.822519374017712e-05,2.822519374017712e-05,2.822519374017712e-05,2.822519374017712e-05,0.03339023374632321,0.06945448506352524,2.822519374017712e-05,12.623380847084263,9.79809800040196,0.8725881016062081,0.9846701376971053,#1f77b4,A
493.23427452496577,131.22460184451018,0,1,0,0,0,0,0,0,0,0,0,0.8351735751689319,0.07410111105625092,2.485815344542582e-05,2.485815344542582e-05,2.485815344542582e-05,2.485815344542582e-05,2.485815344542582e-05,0.02940704541075469,0.06116911944255484,2.485815344542582e-05,9.336463967961974,12.394216875996866,5.7650316033076585,1.0123134054026346,#1f77b4,A
501.41878695280957,134.98165155549026,0,1,0,0,0,0,0,0,0,0,0,0.8449124265280868,0.06972281002309388,2.3389397075094663e-05,2.3389397075094663e-05,2.3389397075094663e-05,2.3389397075094663e-05,2.3389397075094663e-05,0.027669515494283318,0.05755491157124043,2.3389397075094663e-05,15.268016662497864,6.931364658677029,0.18771910731036656,0.904449690431924,#1f77b4,A
512.619349888901,135.61324202995496,0,1,0,0,0,0,0,0,0,0,0,0.8593391870203432,0.06323696297204746,2.121363777917687e-05,2.121363777917687e-05,2.121363777917687e-05,2.121363777917687e-05,2.121363777917687e-05,0.025095605386342475,0.05220096279373243,2.121363777917687e-05,9.489632978114425,12.388784167881848,4.623901139041952,1.0420315846061179,#1f77b4,A
6.512034663904901,142.80725748325847,8,0,0,0,0,0,0,0,0,1,0,0.2412028424694688,0.34113287658350444,0.00011443733124264565,0.00011443733124264565,0.00011443733124264565,0.00011443733124264565,0.00011443733124264565,0.13537867178775922,0.2815989851714706,0.00011443733124264565,9.332369200001555,12.178345731378304,4.766089259501928,1.0335567302929556,#bcbd22,i
18.025479947324857,144.17132815494622,1,0,1,0,0,0,0,0,0,0,0,0.22486432648711951,0.3484781926549344,0.00011690141027474209,0.00011690141027474209,0.00011690141027474209,0.00011690141027474209,0.00011690141027474209,0.1382936624024737,0.2876624099934755,0.00011690141027474209,15.021708556433815,7.029463152242037,5.935272136536242,0.8722866673970642,#ff7f0e,B
24.293877980062966,147.48616981995167,1,0,1,0,0,0,0,0,0,0,0,0.2128738148775151,0.35386877388800614,0.00011870974882111031,0.00011870974882111031,0.00011870974882111031,0.00011870974882111031,0.00011870974882111031,0.14043291598250393,0.29211223675869435,0.00011870974882111031,14.479728593094775,7.1058391944969035,0.4664511072513633,0.9467223289777962,#ff7f0e,B
38.921824598656144,147.6006372187574,8,0,0,0,0,0,0,0,0,1,0,0.19803853737305535,0.3605382781682818,0.00012094711825377864,0.00012094711825377864,0.00012094711825377864,0.00012094711825377864,0.00012094711825377864,0.143079710510165,0.29761779123861465,0.00012094711825377864,13.607624966146757,8.436683392289675,2.3881554598231314,0.9067331556423001,#bcbd22,i
56.79756538983501,144.29060673380903,1,0,1,0,0,0,0,0,0,0,0,0.18883072796018285,0.3646778383667786,0.000122335785996327,0.000122335785996327,0.000122335785996327,0.000122335785996327,0.000122335785996327,0.14472249606361426,0.30103492289308176,0.000122335785996327,15.412889861327072,6.825581053866675,0.7999289563871032,0.9490596060323211,#ff7f0e,B
64.64211434711572,148.43631487829822,1,0,1,0,0,0,0,0,0,0,0,0.17770336721789945,0.3696803723656553,0.00012401394919776186,0.00012401394919776186,0.00012401394919776186,0.00012401394919776186,0.00012401394919776186,0.14670775299670044,0.3051644237241886,0.00012401394919776186,12.622054956051365,9.003291452756208,3.300778676860897,1.0206635115881337,#ff7f0e,B
78.25639270832212,141.80366346417628,8,0,0,0,0,0,0,0,0,1,0,0.18128118911207777,0.36807188890923775,0.0001234743631105343,0.0001234743631105343,0.0001234743631105343,0.0001234743631105343,0.0001234743631105343,0.14606942591400107,0.30383664988565207,0.0001234743631105343,14.364767626022228,8.270899676506374,1.3462986194680775,1.0216858613965971,#bcbd22,i
89.9553416673469,143.02652963152556,1,0,1,0,0,0,0,0,0,0,0,0.17576518178689515,0.3705517235098564,0.0001243062549424214,0.0001243062549424214,0.0001243062549424214,0.0001243062549424214,0.0001243062549424214,0.14705354892743597,0.3058837082457875,0.0001243062549424214,17.69391629026354,4.401332243470747,1.3087277198862095,1.0518995918726286,#ff7f0e,B
103.73069921213965,141.22040345530186,0,1,0,0,0,0,0,0,0,0,0,0.1767462491771738,0.370110664476297,0.00012415829611996343,0.00012415829611996343,0.00012415829611996343,0.00012415829611996343,0.00012415829611996343,0.14687851453397244,0.30551962203546695,0.00012415829611996343,14.932745763216676,6.883501836470007,1.4713380644665566,1.0356739018225487,#1f77b4,A
114.92666965175142,145.57896052285423,8,0,0,0,0,0,0,0,0,1,0,0.17035888344996064,0.37298223617723264,0.0001251216011089698,0.0001251216011089698,0.0001251216011089698,0.0001251216011089698,0.0001251216011089698,0.14801809851869235,0.3078900522470876,0.0001251216011089698,18.68802721074043,3.1074607417632882,5.156779457402333,1.0790390211531227,#bcbd22,i
118.710974009571,145.0830447392311,0,1,0,0,0,0,0,0,0,0,0,0.1716463915636642,0.37240341041056574,0.00012492742669618603,0.00012492742669618603,0.00012492742669618603,0.00012492742669618603,0.00012492742669618603,0.1477883913609634,0.3074122421042572,0.00012492742669618603,16.539636766796562,5.381050225156499,1.0131759309479118,0.8772689375987027,#1f77b4,A
138.1675211474133,147.12508792999256,8,0,0,0,0,0,0,0,0,1,0,0.17433706581047712,0.3711937624346144,0.00012452163500733642,0.00012452163500733642,0.00012452163500733642,0.00012452163500733642,0.00012452163500733642,0.147308342243578,0.3064136997009153,0.00012452163500733642,11.118686581217313,10.964748991331588,6.0277356294989,0.9318893443665143,#bcbd22,i
148.12196253940587,145.96150344323078,8,0,0,0,0,0,0,0,0,1,0,0.18104150327683446,0.36817964460869107,0.00012351051112064439,0.00012351051112064439,0.00012351051112064439,0.00012351051112064439,0.00012351051112064439,0.14611218879166812,0.3039256002557143,0.00012351051112064439,11.364409331662575,9.888723354868556,2.073502562483853,1.0512694638714304,#bcbd22,i
161.84855164338813,143.19823488760625,8,0,0,0,0,0,0,0,0,1,0,0.19420858785635098,0.3622601107856508,0.00012152472874840949,0.00012152472874840949,0.00012152472874840949,0.00012152472874840949,0.00012152472874840949,0.143763020237198,0.29903913274794747,0.00012152472874840949,19.5328188814439,2.199082692249306,3.9843415326559346,0.9332576581352252,#bcbd22,i
173.60329813129832,145.3547266252416,8,0,0,0,0,0,0,0,0,1,0,0.2005713190688546,0.3593996140377282,0.00012056513899224479,0.00012056513899224479,0.00012056513899224479,0.00012056513899224479,0.00012056513899224479,0.14262783135049398,0.29667784470861036,0.00012056513899224479,13.913131131408461,8.093083256553589,0.23560093804953697,0.9120632702604261,#bcbd22,i
185.5630700075858,143.73900135671016,8,0,0,0,0,0,0,0,0,1,0,0.21461890270803827,0.35308423374363523,0.00011844656492258462,0.00011844656492258462,0.00011844656492258462,0.00011844656492258462,0.00011844656492258462,0.14012157101988168,0.29146461313855626,0.00011844656492258462,11.888231752548702,10.059170780816231,3.9487945088611753,0.9702332740387558,#bcbd22,i
198.90573601486793,145.92728386041534,1,0,1,0,0,0,0,0,0,0,0,0.22647294780161842,0.34775500384103,0.00011665880745476,0.00011665880745476,0.00011665880745476,0.00011665880745476,0.00011665880745476,0.13800666473148204,0.2870654307807933,0.00011665880745476,16.034736974247107,6.281030607293414,4.86082344910422,1.0039941313489968,#ff7f0e,B
204.70868703640647,145.03231736977997,0,1,0,0,0,0,0,0,0,0,0,0.2350547731916513,0.34389686764140737,0.0001153645469464288,0.0001153645469464288,0.0001153645469464288,0.0001153645469464288,0.0001153645469464288,0.1364755623659986,0.28388060951892025,0.0001153645469464288,10.88645128598507,10.82205965879575,3.626842915034816,0.9282401065980603,#1f77b4,A
221.71112668507786,144.87554833316875,8,0,0,0,0,0,0,0,0,1,0,0.2589425514626395,0.33315762536051724,0.00011176193250919964,0.00011176193250919964,0.00011176193250919964,0.00011176193250919964,0.00011176193250919964,0.13221369124248064,0.2750155603389743,0.00011176193250919964,14.04656612904989,7.550552693867746,2.6723020286488453,0.9410856262397842,#bcbd22,i
233.6446025029235,143.75024978133374,1,0,1,0,0,0,0,0,0,0,0,0.279248299026488,0.32402875869451975,0.00010869953890765247,0.00010869953890765247,0.00010869953890765247,0.00010869953890765247,0.00010869953890765247,0.1285908981052505,0.26747984693997184,0.00010869953890765247,11.70910309264647,10.037772998975834,0.09186499292784131,0.9573477485648358,#ff7f0e,B
245.07843882217657,147.8131618777393,1,0,1,0,0,0,0,0,0,0,0,0.2928983818494156,0.3178920830720876,0.00010664091357676611,0.00010664091357676611,0.00010664091357676611,0.00010664091357676611,0.00010664091357676611,0.12615555677058493,0.26241413282613335,0.00010664091357676611,9.020228770749254,12.499865118744973,3.1127961925336463,1.0386420797688496,#ff7f0e,B
257.743898578992,143.79160132740046,1,0,1,0,0,0,0,0,0,0,0,0.32180910131624607,0.30489467421525807,0.00010228076864573078,0.00010228076864573078,0.00010228076864573078,0.00010228076864573078,0.00010228076864573078,0.12099753164752318,0.2516850082087764,0.00010228076864573078,15.134820349166029,6.577341395254821,2.7982268298752033,0.9284963273089313,#ff7f0e,B
274.5707420683781,146.81164793423733,8,0,0,0,0,0,0,0,0,1,0,0.35103166540422975,0.2917570691918853,9.78735931402449e-05,9.78735931402449e-05,9.78735931402449e-05,9.78735931402449e-05,9.78735931402449e-05,0.11578386963889811,0.24084015420579438,9.78735931402449e-05,15.939342581057424,6.047077010945245,2.276572960897804,0.899488536912751,#bcbd22,i
277.9715216945616,142.88730234771825,0,1,0,0,0,0,0,0,0,0,0,0.36352562044777853,0.28614015460329123,9.598932821165114e-05,9.598932821165114e-05,9.598932821165114e-05,9.598932821165114e-05,9.598932821165114e-05,0.11355479560720473,0.23620349337209207,9.598932821165114e-05,14.270831711263048,7.499643152868324,4.024310364692558,1.072774996332717,#1f77b4,A
298.0837136750768,146.5608944150929,7,0,0,0,0,0,0,0,1,0,0,0.4024531641907832,0.2686394762683617,9.0118504667339e-05,9.0118504667339e-05,9.0118504667339e-05,9.0118504667339e-05,9.0118504667339e-05,0.10660964680743017,0.2217570017050184,9.0118504667339e-05,14.148924686210806,7.747178653841482,2.2981819024795125,0.9346778359805348,#7f7f7f,h
304.13515428059355,144.42807597063748,1,0,1,0,0,0,0,0,0,0,0,0.4190656516424604,0.2611709906851402,8.761310686713952e-05,8.761310686713952e-05,8.761310686713952e-05,8.761310686713952e-05,8.761310686713952e-05,0.10364577633956847,0.21559190269120893,8.761310686713952e-05,11.752394088674142,10.053293920150585,0.6040243585504625,1.0319862839549379,#ff7f0e,B
317.0828024845799,145.01188737577036,8,0,0,0,0,0,0,0,0,1,0,0.44860009495799863,0.2478931739372154,8.315889556807268e-05,8.315889556807268e-05,8.315889556807268e-05,8.315889556807268e-05,8.315889556807268e-05,0.09837647127118022,0.2046313064597486,8.315889556807268e-05,8.957469386329747,12.6632556062668,1.9859419577893116,0.9124883380928476,#bcbd22,i
329.32294036856814,146.64367104718627,8,0,0,0,0,0,0,0,0,1,0,0.47601265591203656,0.23556929306868585,7.902469410595836e-05,7.902469410595836e-05,7.902469410595836e-05,7.902469410595836e-05,7.902469410595836e-05,0.09348573590740852,0.19445816694675733,7.902469410595836e-05,13.65415757838806,8.31968415172995,0.7583307355583463,1.0215387684150579,#bcbd22,i
344.46212420746076,143.1000768052756,8,0,0,0,0,0,0,0,0,1,0,0.5172190909400295,0.21704409226190058,7.281018156089241e-05,7.281018156089241e-05,7.281018156089241e-05,7.281018156089241e-05,7.281018156089241e-05,0.08613400509523567,0.17916595061295149,7.281018156089241e-05,12.804150633201145,9.30807676287303,2.015132556647244,1.013293485179106,#bcbd22,i
352.98352052696134,145.33336215100118,0,1,0,0,0,0,0,0,0,0,0,0.5356005199842079,0.20878034258475067,7.003800237786712e-05,7.003800237786712e-05,7.003800237786712e-05,7.003800237786712e-05,7.003800237786712e-05,0.08285453386254951,0.17234437555368906,7.003800237786712e-05,12.71383390103773,9.33680222727265,3.1487900316684527,0.9908187731840001,#1f77b4,A
360.6277109933673,143.69952949299878,0,1,0,0,0,0,0,0,0,0,0,0.5562036043562625,0.19951780203805786,6.693076618501998e-05,6.693076618501998e-05,6.693076618501998e-05,6.693076618501998e-05,6.693076618501998e-05,0.07917869221061015,0.16469831679740318,6.693076618501998e-05,8.944948479291451,12.637820416200167,2.651448661269632,0.9898831086196884,#1f77b4,A
379.12901600310545,142.68468963685228,0,1,0,0,0,0,0,0,0,0,0,0.6022508988912552,0.178816293225407,5.998618363718116e-05,5.998618363718116e-05,5.998618363718116e-05,5.998618363718116e-05,5.998618363718116e-05,0.0709632929939555,0.14760959778695695,5.998618363718116e-05,7.021927557444401,15.045983855323076,1.6273948111760015,1.043606481243616,#1f77b4,A
395.0707676047536,143.40250820436282,0,1,0,0,0,0,0,0,0,0,0,0.639350184717541,0.16213754585856063,5.4391087215376815e-05,5.4391087215376815e-05,5.4391087215376815e-05,5.4391087215376815e-05,5.4391087215376815e-05,0.06434432771502692,0.13384159518493982,5.4391087215376815e-05,17.903875610231513,4.322810964280199,2.0902823464583484,1.0057537892236474,#1f77b4,A
404.95309165348783,144.35880866853233,0,1,0,0,0,0,0,0,0,0,0,0.6612994673343076,0.1522697941890883,5.108082530884621e-05,5.108082530884621e-05,5.108082530884621e-05,5.108082530884621e-05,5.108082530884621e-05,0.06042830786984613,0.12569594565424352,5.108082530884621e-05,12.82229496118887,9.181267374607966,0.12929959731057888,0.9896641794948912,#1f77b4,A
413.8322140499082,146.35082808039402,0,1,0,0,0,0,0,0,0,0,0,0.6796576261820709,0.1440165061075874,4.831215560018942e-05,4.831215560018942e-05,4.831215560018942e-05,4.831215560018942e-05,4.831215560018942e-05,0.057152988324144616,0.11888300645191624,4.831215560018942e-05,8.400283111569019,13.191885604110038,1.5686244039913255,0.9981350547755248,#1f77b4,A
427.46749076545086,146.9652403235976,1,0,1,0,0,0,0,0,0,0,0,0.7088705149771025,0.1308832508112579,4.390643926556811e-05,4.390643926556811e-05,4.390643926556811e-05,4.390643926556811e-05,4.390643926556811e-05,0.051941052505840635,0.10804174306949657,4.390643926556811e-05,15.26359259842825,6.648605873665957,1.622371605599542,0.9826914817435438,#ff7f0e,B
441.3176714432111,143.83498038285703,0,1,0,0,0,0,0,0,0,0,0,0.7395255537289291,0.1171016473255018,3.9283226343526004e-05,3.9283226343526004e-05,3.9283226343526004e-05,3.9283226343526004e-05,3.9283226343526004e-05,0.04647181953805159,0.09666528004871666,3.9283226343526004e-05,9.422903828381854,12.67089422442759,5.117103094016216,1.077570642232998,#1f77b4,A
446.0591888229901,143.3731295564205,0,1,0,0,0,0,0,0,0,0,0,0.7491324824380813,0.11278265483433846,3.7834365772549135e-05,3.7834365772549135e-05,3.7834365772549135e-05,3.7834365772549135e-05,3.7834365772549135e-05,0.04475782623206816,0.0931000303001276,3.7834365772549135e-05,12.975244656538845,8.743177740505015,0.8999933931417187,0.9997223491188212,#1f77b4,A
463.729286056349,143.68751387841255,8,0,0,0,0,0,0,0,0,1,0,0.7817128453417848,0.09813548225706926,3.292078676843677e-05,3.292078676843677e-05,3.292078676843677e-05,3.292078676843677e-05,3.292078676843677e-05,0.038945091942673433,0.08100905573708006,3.292078676843677e-05,9.542623207425345,12.295193052863175,5.555179196889199,0.9709122762584587,#bcbd22,i
475.5628973444502,144.7575378624154,0,1,0,0,0,0,0,0,0,0,0,0.8014120513321094,0.08927929883675943,2.9949868205072987e-05,2.9949868205072987e-05,2.9949868205072987e-05,2.9949868205072987e-05,2.9949868205072987e-05,0.03543051322320827,0.0736984373978911,2.9949868205072987e-05,11.92195460997417,9.7478508819409,3.693355535946235,1.0944000062778583,#1f77b4,A
483.35494667160776,147.47663924336848,1,0,1,0,0,0,0,0,0,0,0,0.8127446833652848,0.08418448090501257,2.8240747193004356e-05,2.8240747193004356e-05,2.8240747193004356e-05,2.8240747193004356e-05,2.8240747193004356e-05,0.033408633387092525,0.06949275785863937,2.8240747193004356e-05,11.783393365320542,10.066988465412486,5.966889938259326,0.924265352943121,#ff7f0e,B
498.4469887473968,147.4745096779118,0,1,0,0,0,0,0,0,0,0,0,0.8355973043309682,0.0739106148920212,2.479424910156796e-05,2.479424910156796e-05,2.479424910156796e-05,2.479424910156796e-05,2.479424910156796e-05,0.029331446957880945,0.061011868323684694,2.479424910156796e-05,12.377878442927964,9.55586687682361,2.2432233328405,1.05673201203407,#1f77b4,A
510.36556502591014,149.83126084692466,0,1,0,0,0,0,0,0,0,0,0,0.8512161669513165,0.06688883379838897,2.243870396334192e-05,2.243870396334192e-05,2.243870396334192e-05,2.243870396334192e-05,2.243870396334192e-05,0.02654485128419296,0.0552155157414702,2.243870396334192e-05,10.217031745766265,11.366816576032589,2.9997412386076947,0.9272671228966302,#1f77b4,A
7.889156974846365,154.55275266807936,1,0,1,0,0,0,0,0,0,0,0,0.2226427518545065,0.3494769472462597,0.00011723645511457779,0.00011723645511457779,0.00011723645511457779,0.00011723645511457779,0.00011723645511457779,0.13869001842470674,0.2884868637434902,0.00011723645511457779,18.05329278078932,4.1274832820313705,6.04696461516037,0.9732578439294685,#ff7f0e,B
24.879722419581498,155.95354936761987,7,0,0,0,0,0,0,0,1,0,0,0.2003273521120355,0.35950929440348217,0.00012060193265596993,0.00012060193265596993,0.00012060193265596993,0.00012060193265596993,0.00012060193265596993,0.14267135803248862,0.29676838385569837,0.00012060193265596993,17.27991520641532,4.530124232285852,4.808605769442326,0.9540312713266356,#7f7f7f,h
34.50599444761597,156.69017294926914,1,0,1,0,0,0,0,0,0,0,0,0.18935967428540507,0.3644400396616957,0.0001222560134178081,0.0001222560134178081,0.0001222560134178081,0.0001222560134178081,0.0001222560134178081,0.14462812558496269,0.3008386243870653,0.0001222560134178081,8.47858339522391,13.252883837634391,2.2704545906382028,1.0644841472869553,#ff7f0e,B
48.89822130920894,158.57705294653138,7,0,0,0,0,0,0,0,1,0,0,0.17409136162813355,0.3713042238058512,0.00012455869066921326,0.00012455869066921326,0.00012455869066921326,0.00012455869066921326,0.00012455869066921326,0.14735217886780394,0.3065048835538247,0.00012455869066921326,15.402674145997459,6.8899415054388,5.656549624667772,1.0503410708980248,#7f7f7f,h
59.21636152322747,156.20860633992066,7,0,0,0,0,0,0,0,1,0,0,0.16987628840727098,0.3731991967094432,0.00012519438325925625,0.00012519438325925625,0.00012519438325925625,0.00012519438325925625,0.00012519438325925625,0.1481041993629592,0.3080691492203979,0.00012519438325925625,16.008480786569848,6.151928520610824,5.894947956223401,1.0230384215888886,#7f7f7f,h
75.37690815577335,156.30009124953827,1,0,1,0,0,0,0,0,0,0,0,0.16093766248103514,0.37721773993230445,0.00012654245432913713,0.00012654245432913713,0.00012654245432913713,0.00012654245432913713,0.00012654245432913713,0.1496989592978009,0.3113863835625075,0.00012654245432913713,10.89387629773823,10.81246771591614,5.906305838332208,0.8717401037373091,#ff7f0e,B
90.47849336907302,160.5124584910955,1,0,1,0,0,0,0,0,0,0,0,0.1500626500789194,0.382106825542072,0.0001281825598358301,0.0001281825598358301,0.0001281825598358301,0.0001281825598358301,0.0001281825598358301,0.15163919420783295,0.3154222348117786,0.0001281825598358301,21.20727408084227,1.1680769750721909,3.234012811395167,0.9458769610260829,#ff7f0e,B
92.0414357598628,154.19530782709774,1,0,1,0,0,0,0,0,0,0,0,0.1585836292905189,0.3782760439940478,0.00012689747579080945,0.00012689747579080945,0.00012689747579080945,0.00012689747579080945,0.00012689747579080945,0.1501189475430304,0.3122599943172798,0.00012689747579080945,14.575890134250615,7.563185249731872,2.535875897599445,1.0112662689707927,#ff7f0e,B
108.93984974232657,156.1470550477616,7,0,0,0,0,0,0,0,1,0,0,0.154324827591564,0.38019067593480427,0.00012753976325312173,0.00012753976325312173,0.00012753976325312173,0.00012753976325312173,0.00012753976325312173,0.15087876973225461,0.3138404881614782,0.00012753976325312173,14.232063436483088,7.376967909669002,5.643035495450827,1.002415419252624,#7f7f7f,h
118.30494506791277,153.95617761014776,0,1,0,0,0,0,0,0,0,0,0,0.1583660414352689,0.37837386509186616,0.0001269302911133479,0.0001269302911133479,0.0001269302911133479,0.0001269302911133479,0.0001269302911133479,0.15015776787142587,0.31234074385438065,0.0001269302911133479,7.814724323634481,14.350687868778762,2.503041979167475,0.9459071905830634,#1f77b4,A
127.6327856404823,153.52517665749417,8,0,0,0,0,0,0,0,0,1,0,0.16110236686793708,0.3771436936859102,0.0001265176145807354,0.0001265176145807354,0.0001265176145807354,0.0001265176145807354,0.0001265176145807354,0.14966957402544567,0.3113252597328456,0.0001265176145807354,12.807931288297628,9.106658134945846,3.880206497285161,0.9438375134753234,#bcbd22,i
141.83394210035146,156.24630447572952,8,0,0,0,0,0,0,0,0,1,0,0.16276928057781748,0.37639429832612975,0.00012626622044400548,0.00012626622044400548,0.00012626622044400548,0.00012626622044400548,0.00012626622044400548,0.14937217627983096,0.31070664749318144,0.00012626622044400548,11.011268265433726,11.684371016166187,4.266950074345214,0.9924367312421202,#bcbd22,i
154.5146047197706,154.03305890824925,8,0,0,0,0,0,0,0,0,1,0,0.17313384982250338,0.37173469294160855,0.00012470309697672533,0.00012470309697672533,0.00012470309697672533,0.00012470309697672533,0.00012470309697672533,0.14752301065753964,0.30686022799611634,0.00012470309697672533,11.991387801938027,10.309335427188055,5.816972930148624,0.9489638358281509,#bcbd22,i
164.8856952319506,155.1791326809747,8,0,0,0,0,0,0,0,0,1,0,0.17903994617888958,0.3690794857898181,0.00012381237420796014,0.00012381237420796014,0.00012381237420796014,0.00012381237420796014,0.00012381237420796014,0.1464692910010504,0.30466840278462515,0.00012381237420796014,12.9801454652351,8.731995660959832,6.101317632831174,0.9844909329893222,#bcbd22,i
182.66367916329546,157.4370452639601,7,0,0,0,0,0,0,0,1,0,0,0.1921102944869213,0.3632034417482485,0.0001218411810321043,0.0001218411810321043,0.0001218411810321043,0.0001218411810321043,0.0001218411810321043,0.14413738137779442,0.29981783530047995,0.0001218411810321043,16.78866162295428,5.838475254207997,0.5039749593561287,1.1000157755782531,#7f7f7f,h
193.6091471650706,162.8040725052182,7,0,0,0,0,0,0,0,1,0,0,0.19709846902565384,0.36096090523844354,0.00012108889384135784,0.00012108889384135784,0.00012108889384135784,0.00012108889384135784,0.00012108889384135784,0.1432474301741067,0.29796666219838686,0.00012108889384135784,17.193673304749453,4.593900455550088,0.010487855299378741,0.9649168856886028,#7f7f7f,h
203.83025793623906,159.38785304112463,8,0,0,0,0,0,0,0,0,1,0,0.21403451697450937,0.35334695637554625,0.00011853469854709497,0.00011853469854709497,0.00011853469854709497,0.00011853469854709497,0.00011853469854709497,0.14022583256544985,0.2916814858928586,0.00011853469854709497,7.255308833137392,14.427024694061494,4.903694864859063,0.9587080401830501,#bcbd22,i
213.60678459155542,152.13013594332497,8,0,0,0,0,0,0,0,0,1,0,0.2369126493494467,0.3430616211835697,0.00011508435297473632,0.00011508435297473632,0.00011508435297473632,0.00011508435297473632,0.00011508435297473632,0.13614409458954166,0.28319112875925045,0.00011508435297473632,19.81956893547513,2.2696304575333484,0.487698532080328,1.0436517695165735,#bcbd22,i
226.29173096818798,150.4241734089057,8,0,0,0,0,0,0,0,0,1,0,0.25803357811323197,0.3335662730344625,0.00011189901853178756,0.00011189901853178756,0.00011189901853178756,0.00011189901853178756,0.00011189901853178756,0.13237586317935734,0.2753528915614239,0.00011189901853178756,12.299160498005444,9.340665464564134,1.6558707271567692,1.0419725364215862,#bcbd22,i
237.8270874305563,158.76594214216541,8,0,0,0,0,0,0,0,0,1,0,0.26570133324173373,0.3301190759305138,0.00011074261273239902,0.00011074261273239902,0.00011074261273239902,0.00011074261273239902,0.00011074261273239902,0.13100784210206623,0.2725072930489617,0.00011074261273239902,11.042518572116085,10.6911844504609,5.6656535208744945,0.9617732688633461,#bcbd22,i
255.5300580104826,160.9491444987146,1,0,1,0,0,0,0,0,0,0,0,0.2948354350084961,0.3170212409640296,0.00010634877859470881,0.00010634877859470881,0.00010634877859470881,0.00010634877859470881,0.00010634877859470881,0.12580996285097665,0.26169526850461233,0.00010634877859470881,19.79824638055583,2.6932654405522722,5.97564104373184,1.1100945889061706,#ff7f0e,B
262.55615348866826,149.24993597689004,1,0,1,0,0,0,0,0,0,0,0,0.3235044904789464,0.3041324771296977,0.00010202508000842899,0.00010202508000842899,0.00010202508000842899,0.00010202508000842899,0.00010202508000842899,0.12069505353366598,0.2510558283773158,0.00010202508000842899,12.865915958962026,8.623046654866625,5.612405312591553,1.0610743465811332,#ff7f0e,B
278.4031162264818,154.39811513189832,7,0,0,0,0,0,0,0,1,0,0,0.3490909829404215,0.29262954292856813,9.816627547272844e-05,9.816627547272844e-05,9.816627547272844e-05,9.816627547272844e-05,9.816627547272844e-05,0.11613011107075528,0.2415603654070695,9.816627547272844e-05,10.790131993041616,11.13159411316131,0.7695042410847358,1.034773870265467,#7f7f7f,h
290.73483134553453,159.2419155196818,0,1,0,0,0,0,0,0,0,0,0,0.3700313693202962,0.2832153613233087,9.500816937187649e-05,9.500816937187649e-05,9.500816937187649e-05,9.500816937187649e-05,9.500816937187649e-05,0.11239409062484321,0.23378912971495042,9.500816937187649e-05,7.979393147299672,14.303690550612854,5.532446776977963,0.9541262710018187,#1f77b4,A
305.33299529599833,154.73650190223145,8,0,0,0,0,0,0,0,0,1,0,0.4088666913445342,0.26575614315977586,8.915125416561464e-05,8.915125416561464e-05,8.915125416561464e-05,8.915125416561464e-05,8.915125416561464e-05,0.10546539530499112,0.2193768626652963,8.915125416561464e-05,11.757203009868899,9.805019326396572,0.8115441193738065,0.9052328547381158,#bcbd22,i
313.5806142721501,152.22781104722978,1,0,1,0,0,0,0,0,0,0,0,0.4313514692375544,0.25564764856952077,8.576023200622922e-05,8.576023200622922e-05,8.576023200622922e-05,8.576023200622922e-05,8.576023200622922e-05,0.101453836568384,0.2110324842320721,8.576023200622922e-05,15.236048834620874,6.7831348424820845,0.9988352909335707,1.0226506432408202,#ff7f0e,B
324.633139802782,155.2903526588405,0,1,0,0,0,0,0,0,0,0,0,0.4544253511294115,0.24527431015409323,8.228036464126786e-05,8.228036464126786e-05,8.228036464126786e-05,8.228036464126786e-05,8.228036464126786e-05,0.09733717449010507,0.2024694820380881,8.228036464126786e-05,13.019490976715122,9.283324657633681,3.9498115887878167,0.9134129474261367,#1f77b4,A
338.9823609835264,156.78940867350815,0,1,0,0,0,0,0,0,0,0,0,0.4882294437353819,0.23007698470744042,7.718222990984405e-05,7.718222990984405e-05,7.718222990984405e-05,7.718222990984405e-05,7.718222990984405e-05,0.09130611188980906,0.18992436628742132,7.718222990984405e-05,15.654307470474919,6.584356472284789,5.284205724339509,1.1057219734688948,#1f77b4,A
345.2982613525731,158.85341366170724,0,1,0,0,0,0,0,0,0,0,0,0.5018734894825831,0.2239430231766222,7.512451505526285e-05,7.512451505526285e-05,7.512451505526285e-05,7.512451505526285e-05,7.512451505526285e-05,0.08887184764311423,0.1848608926068468,7.512451505526285e-05,8.524003194792066,13.51471975198351,2.206601664459322,0.9637718676330195,#1f77b4,A
359.4035115464454,160.20873003284254,0,1,0,0,0,0,0,0,0,0,0,0.5360998839429932,0.20855584324124074,6.996269123813094e-05,6.996269123813094e-05,6.996269123813094e-05,6.996269123813094e-05,6.996269123813094e-05,0.08276544123903581,0.17215905542876528,6.996269123813094e-05,12.635502396275578,9.70588313960249,5.194376152806196,1.0171043966098192,#1f77b4,A
371.76869761805733,155.19849759662065,1,0,1,0,0,0,0,0,0,0,0,0.571938572400815,0.19244382336177435,6.455771070854768e-05,6.455771070854768e-05,6.455771070854768e-05,6.455771070854768e-05,6.455771070854768e-05,0.07637138191251941,0.15885887606006796,6.455771070854768e-05,15.305632373509196,6.803335354353441,5.326214098596836,1.1054732684428927,#ff7f0e,B
386.8227801992798,157.4382304331078,8,0,0,0,0,0,0,0,0,1,0,0.6070458724524369,0.17666061419071802,5.9263033883290005e-05,5.9263033883290005e-05,5.9263033883290005e-05,5.9263033883290005e-05,5.9263033883290005e-05,0.07010781120211047,0.14583012395082778,5.9263033883290005e-05,12.206836044432647,9.781228310678676,5.169798223515212,0.8994070838647583,#bcbd22,i
393.5720265779534,154.85099108019926,1,0,1,0,0,0,0,0,0,0,0,0.6256314592447382,0.16830508119677134,5.646006482761451e-05,5.646006482761451e-05,5.646006482761451e-05,5.646006482761451e-05,5.646006482761451e-05,0.06679191573601513,0.13893278343288398,5.646006482761451e-05,12.439145628040212,9.566015133523788,3.508235799822386,0.9332029994123763,#ff7f0e,B
409.7737505571686,156.17971126054383,0,1,0,0,0,0,0,0,0,0,0,0.6627231148295158,0.151629764162009,5.086611915402568e-05,5.086611915402568e-05,5.086611915402568e-05,5.086611915402568e-05,5.086611915402568e-05,0.060174311785276234,0.1251676125076121,5.086611915402568e-05,12.619101362411852,9.644320510173026,6.209691812425979,0.9229605449918776,#1f77b4,A
419.9720081020235,158.97220241895627,0,1,0,0,0,0,0,0,0,0,0,0.6838860154106109,0.14211554671872653,4.767445476806623e-05,4.767445476806623e-05,4.767445476806623e-05,4.767445476806623e-05,4.767445476806623e-05,0.056398592090735965,0.1173137990506344,4.767445476806623e-05,11.811873203282106,9.503023393935267,2.0107765803245425,0.8442609880619437,#1f77b4,A
432.4150597996132,152.3065786361182,0,1,0,0,0,0,0,0,0,0,0,0.7155812284525912,0.12786631147627855,4.289436886803349e-05,4.289436886803349e-05,4.289436886803349e-05,4.289436886803349e-05,4.289436886803349e-05,0.050743779337319835,0.1055513145198868,4.289436886803349e-05,10.774763527167215,11.298244194336712,2.2617041314078863,1.0531130755180016,#1f77b4,A
445.6912687104516,155.66030273584684,0,1,0,0,0,0,0,0,0,0,0,0.7407308936468259,0.11655976196210402,3.9101444055498654e-05,3.9101444055498654e-05,3.9101444055498654e-05,3.9101444055498654e-05,3.9101444055498654e-05,0.04625677218907505,0.0962179635369212,3.9101444055498654e-05,13.56240572327397,8.242253220010268,1.578717444595668,0.96843282614676,#1f77b4,A
453.51083075087274,158.29526732724614,1,0,1,0,0,0,0,0,0,0,0,0.75461739503409,0.11031679950907922,3.700716346511027e-05,3.700716346511027e-05,3.700716346511027e-05,3.700716346511027e-05,3.700716346511027e-05,0.04377925089773607,0.09106451157754944,3.700716346511027e-05,16.2805221529767,5.631118915645208,5.772064768940726,0.8774069712527746,#ff7f0e,B
466.04674756575616,155.05036731427037,0,1,0,0,0,0,0,0,0,0,0,0.7797516467769566,0.09901717942914295,3.321656321879484e-05,3.321656321879484e-05,3.321656321879484e-05,3.321656321879484e-05,3.321656321879484e-05,0.039294993697291156,0.08173688071651658,3.321656321879484e-05,11.440742911749464,10.501249387233397,0.9351935800246591,1.0507847365257441,#1f77b4,A
476.03323898875203,159.01374898320543,0,1,0,0,0,0,0,0,0,0,0,0.7953625067638146,0.09199899608407339,3.0862224990756166e-05,3.0862224990756166e-05,3.0862224990756166e-05,3.0862224990756166e-05,3.0862224990756166e-05,0.03650982579106644,0.0759434980103055,3.0862224990756166e-05,14.907159552664725,7.192762651927178,0.3176176432166887,0.9477384276373019,#1f77b4,A
491.26498984164243,154.18616862993008,0,1,0,0,0,0,0,0,0,0,0,0.822180902366139,0.07994223447605366,2.681763205773574e-05,2.681763205773574e-05,2.681763205773574e-05,2.681763205773574e-05,2.681763205773574e-05,0.031725096776078605,0.06599086058855992,2.681763205773574e-05,15.724015792781017,6.2932432037098955,5.193112194532887,1.0122966240599849,#1f77b4,A
505.6302274339615,159.8391668574342,8,0,0,0,0,0,0,0,0,1,0,0.841225420691039,0.0713803793678017,2.3945449643400985e-05,2.3945449643400985e-05,2.3945449643400985e-05,2.3945449643400985e-05,2.3945449643400985e-05,0.028327322324659926,0.05892320491779744,2.3945449643400985e-05,14.709682999590925,6.8578605852356,0.24967778998962434,0.9491343179475534,#bcbd22,i
514.1214764065619,155.8286417705518,0,1,0,0,0,0,0,0,0,0,0,0.8541462356483022,0.06557156112113696,2.199680820936678e-05,2.199680820936678e-05,2.199680820936678e-05,2.199680820936678e-05,2.199680820936678e-05,0.026022091275791862,0.05412813110465853,2.199680820936678e-05,15.223216644806454,6.798210908795015,3.9566659308632635,0.9676173830331543,#1f77b4,A
9.035164247757782,167.41372301954374,1,0,1,0,0,0,0,0,0,0,0,0.20472321182896458,0.3575330452103858,0.0001199389749082636,0.0001199389749082636,0.0001199389749082636,0.0001199389749082636,0.0001199389749082636,0.1418870830204684,0.2951370260903742,0.0001199389749082636,8.861129158286438,13.353622116831048,1.4035199652540098,0.8312253119772778,#ff7f0e,B
24.106432918049478,166.13590058469967,0,1,0,0,0,0,0,0,0,0,0,0.18802434038801455,0.365040366493571,0.00012245740063442938,0.00012245740063442938,0.00012245740063442938,0.00012245740063442938,0.00012245740063442938,0.14486636544607423,0.3013341832681687,0.00012245740063442938,12.83967949851489,9.441534200987409,1.2508744532366065,0.9098117336290408,#1f77b4,A
29.319739913376427,168.0620828459108,7,0,0,0,0,0,0,0,1,0,0,0.1800165813862428,0.3686404193352976,0.0001236650838213029,0.0001236650838213029,0.0001236650838213029,0.0001236650838213029,0.0001236650838213029,0.1462950473631025,0.3043059614120607,0.0001236650838213029,13.035744658448149,8.432443797770706,5.187777523968138,1.032550790875928,#7f7f7f,h
39.4639351708089,167.2114364346925,1,0,1,0,0,0,0,0,0,0,0,0.1710261166560047,0.37268226775922936,0.00012502097291517864,0.00012502097291517864,0.00012502097291517864,0.00012502097291517864,0.00012502097291517864,0.14789905597311812,0.3076424337737842,0.00012502097291517864,16.15183342087748,5.175283172084082,3.8499688755558017,1.0489185463397592,#ff7f0e,B
47.07096960789924,169.5106351614743,1,0,1,0,0,0,0,0,0,0,0,0.1615376769804086,0.37694799106710153,0.00012645196366594245,0.00012645196366594245,0.00012645196366594245,0.00012645196366594245,0.00012645196366594245,0.14959190938970301,0.3111637107804143,0.00012645196366594245,13.931294144734075,8.10690049704959,0.8039062890963321,1.1138672168939228,#ff7f0e,B
65.42052312919603,169.16297535205385,0,1,0,0,0,0,0,0,0,0,0,0.1489635291154706,0.382600957988739,0.00012834832280492092,0.00012834832280492092,0.00012834832280492092,0.00012834832280492092,0.00012834832280492092,0.15183529079924618,0.31583013215933214,0.00012834832280492092,14.60093558523968,7.631543679761182,0.40281714156141524,1.0073732621196354,#1f77b4,A
80.77550744872342,169.0058323634823,8,0,0,0,0,0,0,0,0,1,0,0.14178079983977662,0.3858301017397677,0.00012943157985351598,0.00012943157985351598,0.00012943157985351598,0.00012943157985351598,0.00012943157985351598,0.15311677734608445,0.31849573159486433,0.00012943157985351598,11.833463757278157,10.071017368417415,3.784389584497518,0.9288232051676931,#bcbd22,i
89.61890923288328,164.6381710721802,1,0,1,0,0,0,0,0,0,0,0,0.14471279289988737,0.38451196392547543,0.00012898939387839584,0.00012898939387839584,0.00012898939387839584,0.00012898939387839584,0.00012898939387839584,0.15259367400782142,0.3174076328031609,0.00012898939387839584,13.396620619766232,8.59645888317225,2.332871047954921,1.0054290883651267,#ff7f0e,B
102.08359639763523,169.27956409876117,1,0,1,0,0,0,0,0,0,0,0,0.13671030147602517,0.38810964861915737,0.000130196282640103,0.000130196282640103,0.000130196282640103,0.000130196282640103,0.000130196282640103,0.15402141612467538,0.3203774560839134,0.000130196282640103,7.82773549980976,13.895603195477031,4.102288972479864,0.8736565101707716,#ff7f0e,B
114.7201440398976,165.1272541933288,1,0,1,0,0,0,0,0,0,0,0,0.14243106937388494,0.385537759689559,0.00012933351002110657,0.00012933351002110657,0.00012933351002110657,0.00012933351002110657,0.00012933351002110657,0.1530007613265752,0.3182544085494687,0.00012933351002110657,12.081430620083621,10.31774451328606,0.9220389782055498,0.9470100149113917,#ff7f0e,B
127.61177296890028,167.40640567863102,1,0,1,0,0,0,0,0,0,0,0,0.14213494631315962,0.38567088790508464,0.00012937816956213477,0.00012937816956213477,0.00012937816956213477,0.00012937816956213477,0.00012937816956213477,0.15305359329391835,0.318364303470079,0.00012937816956213477,16.990630791135032,5.371810397380013,3.6355598157484934,0.8564025403905348,#ff7f0e,B
135.2016534058735,168.40826524317092,1,0,1,0,0,0,0,0,0,0,0,0.14354628232597344,0.38503639275826046,0.00012916532015278974,0.00012916532015278974,0.00012916532015278974,0.00012916532015278974,0.00012916532015278974,0.15280179372803332,0.317840539266431,0.00012916532015278974,12.299070757080827,9.735021357192398,3.3546593984878825,1.0189657345938727,#ff7f0e,B
145.83881863760195,163.30177175255838,1,0,1,0,0,0,0,0,0,0,0,0.15526105335718757,0.3797697763763529,0.0001273985671811606,0.0001273985671811606,0.0001273985671811606,0.0001273985671811606,0.0001273985671811606,0.1507117356317895,0.3134930432312033,0.0001273985671811606,10.009031124707972,11.823061041177594,4.611144616534293,1.0830999675349275,#ff7f0e,B
163.39134918786226,165.7742163707581,0,1,0,0,0,0,0,0,0,0,0,0.16379897996133902,0.375931375779266,0.00012611092722991928,0.00012611092722991928,0.00012611092722991928,0.00012611092722991928,0.00012611092722991928,0.14918846534536268,0.31032451335027683,0.00012611092722991928,11.839487195839055,10.286438908022888,5.2578666587368375,0.8354948619554757,#1f77b4,A
177.3358160477853,166.32916538880224,1,0,1,0,0,0,0,0,0,0,0,0.17532308470813848,0.37075047734901967,0.00012437292942761284,0.00012437292942761284,0.00012437292942761284,0.00012437292942761284,0.00012437292942761284,0.14713242444077884,0.3060477759251266,0.00012437292942761284,16.878782845701334,4.677707466761924,5.287887618177463,0.9972037455292563,#ff7f0e,B
187.4439930051685,165.7066615338067,1,0,1,0,0,0,0,0,0,0,0,0.18650110228279382,0.3657251695287414,0.00012268712646020324,0.00012268712646020324,0.00012268712646020324,0.00012268712646020324,0.00012268712646020324,0.14513812971068007,0.3018994757186579,0.00012268712646020324,15.409885040350042,7.071994452418684,2.9940763048611974,0.9515345135184858,#ff7f0e,B
197.4660542467826,167.68286388072076,1,0,1,0,0,0,0,0,0,0,0,0.19568163042743003,0.3615978741857701,0.0001213025731183203,0.0001213025731183203,0.0001213025731183203,0.0001213025731183203,0.0001213025731183203,0.1435002114683717,0.2984924684793567,0.0001213025731183203,8.521659561296252,13.39329106097025,3.779148099218162,1.0857128449696622,#ff7f0e,B
211.04540944863516,166.4904993175565,8,0,0,0,0,0,0,0,0,1,0,0.21480594913275936,0.3530001431743882,0.0001184183556792432,0.0001184183556792432,0.0001184183556792432,0.0001184183556792432,0.0001184183556792432,0.1400881996553608,0.2913951979030633,0.0001184183556792432,14.824487577003925,6.79098960190548,5.287141601300589,0.9699310957501422,#bcbd22,i
224.91157505066164,165.02103166156925,0,1,0,0,0,0,0,0,0,0,0,0.23694503901711075,0.3430470597419616,0.0001150794681552684,0.0001150794681552684,0.0001150794681552684,0.0001150794681552684,0.0001150794681552684,0.1361383158776099,0.28317910855404316,0.0001150794681552684,14.688142405434995,7.057804546034397,0.2130533564204523,1.0099859258983144,#1f77b4,A
234.94694734342707,166.01163934954263,1,0,1,0,0,0,0,0,0,0,0,0.2519337107050462,0.3363085939499816,0.00011281896471265961,0.00011281896471265961,0.00011281896471265961,0.00011281896471265961,0.00011281896471265961,0.1334641539558926,0.27761662760046746,0.00011281896471265961,13.357594715618658,8.80151028892819,1.1069166556035794,1.068908628812904,#ff7f0e,B
244.50199794664488,168.31139428869113,0,1,0,0,0,0,0,0,0,0,0,0.26575984271964526,0.33009277179071933,0.00011073378867653884,0.00011073378867653884,0.00011073378867653884,0.00011073378867653884,0.00011073378867653884,0.130997403297271,0.27248557945997515,0.00011073378867653884,13.768060361792102,8.189867951529425,3.0783493809164555,0.9556063752768275,#1f77b4,A
256.4789514111089,169.61069696710996,7,0,0,0,0,0,0,0,1,0,0,0.2864746876277033,0.3207799869952878,0.00010760969741597282,0.00010760969741597282,0.00010760969741597282,0.00010760969741597282,0.00010760969741597282,0.12730162220200578,0.26479804499018655,0.00010760969741597282,15.112162735139515,6.889033048021019,4.133250733331929,0.995055911313831,#7f7f7f,h
269.009932133494,166.46359026769974,1,0,1,0,0,0,0,0,0,0,0,0.3149216111376217,0.30799108715481727,0.0001033194994675066,0.0001033194994675066,0.0001033194994675066,0.0001033194994675066,0.0001033194994675066,0.12222634393692251,0.2542410407735187,0.0001033194994675066,14.225695997323465,7.375091053164299,4.55743046512389,0.9826430358953517,#ff7f0e,B
282.30196104784557,167.63861728433795,1,0,1,0,0,0,0,0,0,0,0,0.3417207746813422,0.29594297171449735,9.927780700062391e-05,9.927780700062391e-05,9.927780700062391e-05,9.927780700062391e-05,9.927780700062391e-05,0.11744504615586021,0.24429554060595476,9.927780700062391e-05,13.839278928098322,8.42497429734806,0.3154911282853785,0.86642845830791,#ff7f0e,B
289.01977066149016,162.14473238363283,1,0,1,0,0,0,0,0,0,0,0,0.3627844836140162,0.28647334791791357,9.610110211657391e-05,9.610110211657391e-05,9.610110211657391e-05,9.610110211657391e-05,9.610110211657391e-05,0.11368702346174016,0.2364785383932676,9.610110211657391e-05,10.380532434815173,10.871260847824733,6.2372405810509814,1.143748089986247,#ff7f0e,B
300.8075998401405,165.65391023719457,0,1,0,0,0,0,0,0,0,0,0,0.38572006286279914,0.27616218630165157,9.264209274405515e-05,9.264209274405515e-05,9.264209274405515e-05,9.264209274405515e-05,9.264209274405515e-05,0.10959503626256216,0.22796686201613708,9.264209274405515e-05,14.36009632024796,7.432913882009499,1.0326916244336763,0.8590227106009216,#1f77b4,A
317.0414208124033,164.22283691088282,1,0,1,0,0,0,0,0,0,0,0,0.4259989471229652,0.258053985029546,8.656746795872696e-05,8.656746795872696e-05,8.656746795872696e-05,8.656746795872696e-05,8.656746795872696e-05,0.10240879182539492,0.21301887121391538,8.656746795872696e-05,14.509128669166024,7.983583836273478,3.574384771038184,1.0479870517457686,#ff7f0e,B
330.5942282447969,173.1056600377416,1,0,1,0,0,0,0,0,0,0,0,0.45062653302750766,0.24698214700332352,8.28532800787394e-05,8.28532800787394e-05,8.28532800787394e-05,8.28532800787394e-05,8.28532800787394e-05,0.09801492999287142,0.2038792702953743,8.28532800787394e-05,17.63051952929116,3.7915307861522143,6.166727223862297,0.9473845423263197,#ff7f0e,B
342.69640616021536,167.10159218049662,0,1,0,0,0,0,0,0,0,0,0,0.4870299308726053,0.23061625039830067,7.736313339563759e-05,7.736313339563759e-05,7.736313339563759e-05,7.736313339563759e-05,7.736313339563759e-05,0.09152011962105008,0.19036952030718302,7.736313339563759e-05,14.159303524463448,7.411070349270174,0.16695533668731,1.095201676216415,#1f77b4,A
354.3028063048898,162.2911920734327,0,1,0,0,0,0,0,0,0,0,0,0.5211700029403628,0.21526787847086556,7.221432821483508e-05,7.221432821483508e-05,7.221432821483508e-05,7.221432821483508e-05,7.221432821483508e-05,0.08542911418513144,0.17769971843382998,7.221432821483508e-05,11.214716818496672,11.314222510670248,5.48454991423164,1.1112656274279085,#1f77b4,A
357.4797813922903,168.89923432127233,1,0,1,0,0,0,0,0,0,0,0,0.5230825242349677,0.21440806516729444,7.192589298451356e-05,7.192589298451356e-05,7.192589298451356e-05,7.192589298451356e-05,7.192589298451356e-05,0.08508789704948426,0.1769899581898234,7.192589298451356e-05,13.441649598754317,8.631027477777344,5.383198936607069,0.999450353357872,#ff7f0e,B
379.1855646688381,169.2455268212718,8,0,0,0,0,0,0,0,0,1,0,0.5780997495376619,0.18967393939610913,6.362851815444049e-05,6.362851815444049e-05,6.362851815444049e-05,6.362851815444049e-05,6.362851815444049e-05,0.07527215273228477,0.15657238722443936,6.362851815444049e-05,8.95506714326704,12.908899994668495,0.5085168721526782,1.0813772249299174,#bcbd22,i
390.8917068379911,166.52527806330392,7,0,0,0,0,0,0,0,1,0,0,0.6095161978343505,0.1755500285812869,5.8890473916239606e-05,5.8890473916239606e-05,5.8890473916239606e-05,5.8890473916239606e-05,5.8890473916239606e-05,0.06966707501093136,0.14491335572932423,5.8890473916239606e-05,14.243330390691845,7.584197083641893,0.8292811932610052,1.0638121706950117,#7f7f7f,h
403.0465311726845,163.93219503837375,0,1,0,0,0,0,0,0,0,0,0,0.6410339841174384,0.16138055918936067,5.413714647803975e-05,5.413714647803975e-05,5.413714647803975e-05,5.413714647803975e-05,5.413714647803975e-05,0.06404391735627263,0.13321671645741895,5.413714647803975e-05,16.21304469806238,5.71442675750637,4.699670279465445,0.9363723899920756,#1f77b4,A
412.92692344460613,166.50709870010482,0,1,0,0,0,0,0,0,0,0,0,0.6625082831536119,0.15172634616268615,5.089851880578089e-05,5.089851880578089e-05,5.089851880578089e-05,5.089851880578089e-05,5.089851880578089e-05,0.06021264037764535,0.12524733919255931,5.089851880578089e-05,12.417261459813227,9.657041594257633,2.9588589554383082,0.9021516155812448,#1f77b4,A
424.1942383063309,166.77436692414443,0,1,0,0,0,0,0,0,0,0,0,0.6881321593031607,0.14020660535530702,4.703407628178164e-05,4.703407628178164e-05,4.703407628178164e-05,4.703407628178164e-05,4.703407628178164e-05,0.05564102820862451,0.11573800267452876,4.703407628178164e-05,9.912101981455644,11.41911915160993,2.0177409238239443,1.0390546974255863,#1f77b4,A
435.9478795941982,166.53557558162402,0,1,0,0,0,0,0,0,0,0,0,0.714070765039673,0.12854537138564948,4.3122168089734316e-05,4.3122168089734316e-05,4.3122168089734316e-05,4.3122168089734316e-05,4.3122168089734316e-05,0.05101326444094173,0.1061118661244832,4.3122168089734316e-05,14.065552631208808,8.16462628045087,4.4769635025347085,1.056211348356689,#1f77b4,A
449.9388853320962,165.7182591884081,8,0,0,0,0,0,0,0,0,1,0,0.7435455539997573,0.11529437348077752,3.867695351023532e-05,3.867695351023532e-05,3.867695351023532e-05,3.867695351023532e-05,3.867695351023532e-05,0.045754602437472196,0.09517340836018792,3.867695351023532e-05,16.22444683392713,5.6290277797439074,4.7845658894728595,0.8993022993011633,#bcbd22,i
463.37023301481156,165.69442621372926,8,0,0,0,0,0,0,0,0,1,0,0.7695755446134739,0.10359205555906824,3.475126318766804e-05,3.475126318766804e-05,3.475126318766804e-05,3.475126318766804e-05,3.475126318766804e-05,0.0411105344926129,0.0855133577549494,3.475126318766804e-05,11.104598133950043,11.252131791088564,3.8796798886338726,0.9651725288317932,#bcbd22,i
473.3122151719582,161.35621199370465,0,1,0,0,0,0,0,0,0,0,0,0.7895879534438142,0.09459506535698736,3.173310921126484e-05,3.173310921126484e-05,3.173310921126484e-05,3.173310921126484e-05,3.173310921126484e-05,0.03754007656477068,0.0780865059783706,3.173310921126484e-05,11.662434685340767,10.029199668224052,5.7375139349287885,1.10332528888024,#1f77b4,A
484.90579068379424,163.7338256869428,0,1,0,0,0,0,0,0,0,0,0,0.8081943123215497,0.08623019384458877,2.892700743164875e-05,2.892700743164875e-05,2.892700743164875e-05,2.892700743164875e-05,2.892700743164875e-05,0.03422047510517174,0.07118145668329164,2.892700743164875e-05,11.984071024631552,10.906087959102257,0.1364980760787803,1.0249703998065185,#1f77b4,A
501.84740087522056,162.65442839467437,0,1,0,0,0,0,0,0,0,0,0,0.8348206421406257,0.07425977936172974,2.4911380732146567e-05,2.4911380732146567e-05,2.4911380732146567e-05,2.4911380732146567e-05,2.4911380732146567e-05,0.029470012969512623,0.061300097242904056,2.4911380732146567e-05,10.402311747201324,11.36859275287189,4.346350602180624,1.030446590380062,#1f77b4,A
510.68123763756273,163.7395440102041,0,1,0,0,0,0,0,0,0,0,0,0.846970498995605,0.06879756119460897,2.3079010671627387e-05,2.3079010671627387e-05,2.3079010671627387e-05,2.3079010671627387e-05,2.3079010671627387e-05,0.027302330253365016,0.05679113549154423,2.3079010671627387e-05,12.81269661769447,9.150553175244362,5.043241629868496,1.0737044911472944,#1f77b4,A
13.986783232725271,173.4779499506403,1,0,1,0,0,0,0,0,0,0,0,0.19134839462841874,0.36354596950790086,0.00012195608629448687,0.00012195608629448687,0.00012195608629448687,0.00012195608629448687,0.00012195608629448687,0.14427331360929493,0.300100585736255,0.00012195608629448687,8.02228192747407,14.164688004278096,1.0176947776489706,1.029136810948784,#ff7f0e,B
23.482547053548853,176.6630524464594,1,0,1,0,0,0,0,0,0,0,0,0.17647116539118685,0.37023433405292083,0.00012419978264112925,0.00012419978264112925,0.00012419978264112925,0.00012419978264112925,0.00012419978264112925,0.14692759283797988,0.30562170902169544,0.00012419978264112925,13.72397620177103,8.659588373771147,4.436690702540845,1.0245140083968298,#ff7f0e,B
32.32821114991037,175.86367744253465,8,0,0,0,0,0,0,0,0,1,0,0.16779166805882473,0.3741363806840963,0.00012550877345822152,0.00012550877345822152,0.00012550877345822152,0.00012550877345822152,0.00012550877345822152,0.14847612106977323,0.3088427775461823,0.00012550877345822152,16.897493335061643,4.580308575592075,2.9353337635859322,0.9881074245196322,#bcbd22,i
45.27119287508991,182.10065924033282,0,1,0,0,0,0,0,0,0,0,0,0.1486930401454007,0.382722561871316,0.00012838911636293333,0.00012838911636293333,0.00012838911636293333,0.00012838911636293333,0.00012838911636293333,0.15188354933202783,0.3159305139526953,0.00012838911636293333,16.38985166739254,6.1358703181227865,2.9389276669229294,0.8101313655581474,#1f77b4,A
58.687598250807774,175.20773850104075,8,0,0,0,0,0,0,0,0,1,0,0.1459360055059668,0.38396204352732444,0.0001288049161364949,0.0001288049161364949,0.0001288049161364949,0.0001288049161364949,0.0001288049161364949,0.15237543795318992,0.31695368351631603,0.0001288049161364949,17.970407668858194,3.954099106551888,0.0627942252236498,0.9927002196457069,#bcbd22,i
72.2869884675712,178.21133198916033,1,0,1,0,0,0,0,0,0,0,0,0.13432515259434624,0.38918194138015694,0.00013055599678758878,0.00013055599678758878,0.00013055599678758878,0.00013055599678758878,0.00013055599678758878,0.15444695578888368,0.32126261425549846,0.00013055599678758878,18.234259029537963,3.7007402845324897,4.65007603913771,0.9345076141198336,#ff7f0e,B
83.91077012457781,179.56837186728578,8,0,0,0,0,0,0,0,0,1,0,0.12781279615204807,0.39210970522909955,0.00013153815214223303,0.00013153815214223303,0.00013153815214223303,0.00013153815214223303,0.00013153815214223303,0.15560883964231825,0.32367943006328864,0.00013153815214223303,10.763517568595006,11.51387690588585,0.2494764444424323,1.045878238383134,#bcbd22,i
88.10554722176136,176.59535659212446,8,0,0,0,0,0,0,0,0,1,0,0.13002669161575428,0.3911144029661771,0.00013120426542955575,0.00013120426542955575,0.00013120426542955575,0.00013120426542955575,0.00013120426542955575,0.15521385367751983,0.32285782614758035,0.00013120426542955575,11.712460739245595,10.226714312961574,6.248627882195039,1.0882299906885413,#bcbd22,i
105.50491470602634,176.64072818575949,1,0,1,0,0,0,0,0,0,0,0,0.12739511236658776,0.3922974835698884,0.00013160114475789723,0.00013160114475789723,0.00013160114475789723,0.00013160114475789723,0.00013160114475789723,0.15568335952624474,0.3238344376683395,0.00013160114475789723,14.240319968075255,7.954967905251753,5.411564604670361,0.9363395960038914,#ff7f0e,B
117.77710577469959,176.5733746991347,8,0,0,0,0,0,0,0,0,1,0,0.12838546804954595,0.39185224879322184,0.00013145178512968307,0.00013145178512968307,0.00013145178512968307,0.00013145178512968307,0.00013145178512968307,0.1555066679880309,0.32346690445803145,0.00013145178512968307,9.736693328498221,12.362359671416554,6.033255670379645,1.0981455490893706,#bcbd22,i
131.7027014173677,170.01781135852374,0,1,0,0,0,0,0,0,0,0,0,0.1401585394805576,0.3865594222668883,0.0001296762396341271,0.0001296762396341271,0.0001296762396341271,0.0001296762396341271,0.0001296762396341271,0.15340620838907854,0.3190977724252843,0.0001296762396341271,14.340293267587585,7.97913320558889,2.97171323484128,0.9211355271995941,#1f77b4,A
143.1291192652467,179.33355545621248,7,0,0,0,0,0,0,0,1,0,0,0.1340784492475381,0.3892928519463395,0.00013059320313758252,0.00013059320313758252,0.00013059320313758252,0.00013059320313758252,0.00013059320313758252,0.15449097067624193,0.32135416891066565,0.00013059320313758252,16.092854087152315,6.117477874979098,1.8123339334112123,0.9773425866034678,#7f7f7f,h
154.5792305432839,175.68205610132202,1,0,1,0,0,0,0,0,0,0,0,0.1452853803569102,0.3842545454515508,0.0001289030396006624,0.0001289030396006624,0.0001289030396006624,0.0001289030396006624,0.0001289030396006624,0.15249151741874514,0.3171951385348056,0.0001289030396006624,15.109886275985605,6.93956587551462,5.324049792592907,1.020584950132247,#ff7f0e,B
168.77457999082304,178.79044578284655,8,0,0,0,0,0,0,0,0,1,0,0.15283989202681159,0.3808582592747231,0.00012776371251467484,0.00012776371251467484,0.00012776371251467484,0.00012776371251467484,0.00012776371251467484,0.15114370035627123,0.3143915660667252,0.00012776371251467484,11.7367919374977,10.030961398938562,5.470284461002535,0.9099809878832058,#bcbd22,i
178.80521723352086,172.4919898277524,7,0,0,0,0,0,0,0,1,0,0,0.16934786791548662,0.3734367590152835,0.00012527407653466406,0.00012527407653466406,0.00012527407653466406,0.00012527407653466406,0.00012527407653466406,0.1481984760265092,0.3082652525831392,0.00012527407653466406,14.20394370438674,7.941403467642661,4.078589165330107,0.8826287147327423,#7f7f7f,h
191.65690312266454,173.0748778334486,1,0,1,0,0,0,0,0,0,0,0,0.1824720411658858,0.367536516863271,0.00012329476579708875,0.00012329476579708875,0.00012329476579708875,0.00012329476579708875,0.00012329476579708875,0.14585696337676,0.30339470999893314,0.00012329476579708875,12.697710838194991,9.568464659441611,4.603382853133436,1.065706302805789,#ff7f0e,B
203.30808873834405,180.7880850841034,8,0,0,0,0,0,0,0,0,1,0,0.1884246144545636,0.36486041505017336,0.00012239703365033236,0.00012239703365033236,0.00012239703365033236,0.00012239703365033236,0.00012239703365033236,0.1447949516684359,0.3011856366245604,0.00012239703365033236,11.320704307017477,10.391753539634136,0.6514606970709663,0.8459944298972639,#bcbd22,i
214.7408639616453,174.65402651302287,1,0,1,0,0,0,0,0,0,0,0,0.21063336349317674,0.3548760149115126,0.000119047640541787,0.000119047640541787,0.000119047640541787,0.000119047640541787,0.000119047640541787,0.14083263984757993,0.2929436959041252,0.000119047640541787,8.34693405500832,12.894274254539457,1.0891669856480437,0.9741445429114272,#ff7f0e,B
226.9074347991901,173.50619067368063,8,0,0,0,0,0,0,0,0,1,0,0.23027472133520632,0.3460458383166721,0.00011608544629643856,0.00011608544629643856,0.00011608544629643856,0.00011608544629643856,0.00011608544629643856,0.13732838194364191,0.28565454572635496,0.00011608544629643856,12.318199608783651,9.597144834986878,4.057951908913238,0.9844828290592064,#bcbd22,i
237.98821147974658,176.72970830031056,8,0,0,0,0,0,0,0,0,1,0,0.24509145202883537,0.3393846721368589,0.00011385087398486308,0.00011385087398486308,0.00011385087398486308,0.00011385087398486308,0.00011385087398486308,0.13468489639334222,0.2801558741967149,0.00011385087398486308,11.487914419427765,10.62165060301041,0.46841785270281966,0.9166687045555858,#bcbd22,i
256.2598717416002,181.1081838240646,7,0,0,0,0,0,0,0,1,0,0,0.2739686126831312,0.32640235033478027,0.00010949579019686171,0.00010949579019686171,0.00010949579019686171,0.00010949579019686171,0.00010949579019686171,0.12953285857192615,0.2694392036686548,0.00010949579019686171,9.028771472782694,12.656933343051232,3.895147855852587,1.0915755582229894,#7f7f7f,h
263.34869874481166,175.27425210308718,7,0,0,0,0,0,0,0,1,0,0,0.2938082369271833,0.317483038999014,0.00010650369457708489,0.00010650369457708489,0.00010650369457708489,0.00010650369457708489,0.00010650369457708489,0.12599322752260989,0.26207647438341286,0.00010650369457708489,14.819667965629169,7.317653725198216,0.8149352302743956,1.0900601441032374,#7f7f7f,h
272.81199754565057,180.90925031022255,0,1,0,0,0,0,0,0,0,0,0,0.3075771611785025,0.3112929357669471,0.0001044271462798679,0.0001044271462798679,0.0001044271462798679,0.0001044271462798679,0.0001044271462798679,0.12353668342700967,0.25696665674955027,0.0001044271462798679,14.241393423472756,7.994674664036174,5.022547297638785,1.0485935776984778,#1f77b4,A
285.924393098152,178.71180153581238,7,0,0,0,0,0,0,0,1,0,0,0.33815827073018523,0.2975445686744216,9.98150829256408e-05,9.98150829256408e-05,9.98150829256408e-05,9.98150829256408e-05,9.98150829256408e-05,0.11808064033061512,0.2456176297668861,9.98150829256408e-05,14.619741757400336,7.436436553609776,4.574566915591547,0.8842341581980828,#7f7f7f,h
299.75632405393566,174.48491389224756,1,0,1,0,0,0,0,0,0,0,0,0.37398670963294284,0.281437156693348,9.441164817376148e-05,9.441164817376148e-05,9.441164817376148e-05,9.441164817376148e-05,9.441164817376148e-05,0.11168840964978774,0.23232125413450466,9.441164817376148e-05,11.2540736695318,10.84158421244184,6.082452898489579,0.835628857292463,#ff7f0e,B
309.73642145480767,177.61195946300828,0,1,0,0,0,0,0,0,0,0,0,0.39470814665476306,0.27212140827750975,9.128656272930581e-05,9.128656272930581e-05,9.128656272930581e-05,9.128656272930581e-05,9.128656272930581e-05,0.1079914524409847,0.22463127324997195,9.128656272930581e-05,10.840144883556212,11.091032738370705,2.8533056083087933,1.1333095694814552,#1f77b4,A
327.6845804995312,174.4246557898161,1,0,1,0,0,0,0,0,0,0,0,0.44205788499503534,0.2508343590506986,8.414555325538951e-05,8.414555325538951e-05,8.414555325538951e-05,8.414555325538951e-05,8.414555325538951e-05,0.09954368135697746,0.20705920127731411,8.414555325538951e-05,12.92150391332276,9.214931028821269,2.5135557536840762,1.0208593497049456,#ff7f0e,B
332.2336575548098,177.9924058954215,0,1,0,0,0,0,0,0,0,0,0,0.45028774077931605,0.24713445803011502,8.290437473604534e-05,8.290437473604534e-05,8.290437473604534e-05,8.290437473604534e-05,8.290437473604534e-05,0.09807537466391038,0.2040050002777919,8.290437473604534e-05,12.181692558488338,10.239675885661397,0.979380123687016,1.0074324693723744,#1f77b4,A
347.7578044161843,182.2989901268511,1,0,1,0,0,0,0,0,0,0,0,0.4865471092490355,0.23083331279460872,7.7435949717522e-05,7.7435949717522e-05,7.7435949717522e-05,7.7435949717522e-05,7.7435949717522e-05,0.09160626089011087,0.1905487013674532,7.7435949717522e-05,12.669603515649559,10.001042017216673,0.28602696332910876,1.087653318535375,#ff7f0e,B
361.777037433434,176.71643829715694,8,0,0,0,0,0,0,0,0,1,0,0.5274371957578812,0.21245033297437946,7.126914699834904e-05,7.126914699834904e-05,7.126914699834904e-05,7.126914699834904e-05,7.126914699834904e-05,0.08431097051385589,0.17537388587136593,7.126914699834904e-05,8.711748760446238,13.4289313843795,0.22825721527875964,1.0063224034398726,#bcbd22,i
374.62676462748567,178.60063685011036,1,0,1,0,0,0,0,0,0,0,0,0.5591337877642395,0.19820047779011912,6.648885313100683e-05,6.648885313100683e-05,6.648885313100683e-05,6.648885313100683e-05,6.648885313100683e-05,0.07865591173636846,0.16361088958992756,6.648885313100683e-05,13.889086322657086,8.516721237365026,4.19758297612066,1.0251608019323926,#ff7f0e,B
381.4259603449722,176.12414696170555,1,0,1,0,0,0,0,0,0,0,0,0.5783997774106262,0.18953905569188875,6.358326971256159e-05,6.358326971256159e-05,6.358326971256159e-05,6.358326971256159e-05,6.358326971256159e-05,0.07521862409879142,0.15646104317983997,6.358326971256159e-05,14.452460076250807,7.27138107513621,3.070839976026802,1.1080401499610475,#ff7f0e,B
396.2312303583215,173.3359736541023,1,0,1,0,0,0,0,0,0,0,0,0.6175858389743556,0.17192215535091074,5.7673458028680435e-05,5.7673458028680435e-05,5.7673458028680435e-05,5.7673458028680435e-05,5.7673458028680435e-05,0.06822735256535091,0.14191861236059294,5.7673458028680435e-05,14.583052331657452,7.150060392467386,5.620360167336096,0.9284866883175307,#ff7f0e,B
406.4264895368773,178.45476223541314,8,0,0,0,0,0,0,0,0,1,0,0.6390944149704684,0.1622525324115494,5.442966090661585e-05,5.442966090661585e-05,5.442966090661585e-05,5.442966090661585e-05,5.442966090661585e-05,0.06438996015882117,0.13393651449308244,5.442966090661585e-05,12.974849547430852,9.593249393733883,6.21497174701883,0.9975414515858094,#bcbd22,i
417.1590648651133,176.42686795578408,8,0,0,0,0,0,0,0,0,1,0,0.6659618004161896,0.15017374641132483,5.037767961310839e-05,5.037767961310839e-05,5.037767961310839e-05,5.037767961310839e-05,5.037767961310839e-05,0.059596490757994586,0.12396569633614644,5.037767961310839e-05,15.695251429970627,6.216939411965937,0.7409568360147382,0.9854264388917884,#bcbd22,i
432.55876133916865,175.88801502449766,0,1,0,0,0,0,0,0,0,0,0,0.7013586388500115,0.1342603693024723,4.503933630936905e-05,4.503933630936905e-05,4.503933630936905e-05,4.503933630936905e-05,4.503933630936905e-05,0.05328126286723795,0.11082949296172073,4.503933630936905e-05,12.569719229409394,9.569499691915148,1.0950842182412737,0.9071635910319767,#1f77b4,A
445.7300307897001,173.6700385212788,0,1,0,0,0,0,0,0,0,0,0,0.7307949415871615,0.12102667367108426,4.059992599600164e-05,4.059992599600164e-05,4.059992599600164e-05,4.059992599600164e-05,4.059992599600164e-05,0.048029467275550866,0.09990531790949654,4.059992599600164e-05,14.696819644846407,7.321031309333975,4.765187231765412,0.9355434337123535,#1f77b4,A
454.756165271983,177.8086952361928,0,1,0,0,0,0,0,0,0,0,0,0.7472182264138504,0.11364324802130997,3.812306262460555e-05,3.812306262460555e-05,3.812306262460555e-05,3.812306262460555e-05,3.812306262460555e-05,0.04509935286464788,0.09381043432369682,3.812306262460555e-05,7.115678174427175,14.959478172968591,4.930183625104036,0.9869922299853559,#1f77b4,A
463.35640654771845,175.02873923054395,0,1,0,0,0,0,0,0,0,0,0,0.7652674359383294,0.10552885446560523,3.540098683857362e-05,3.540098683857362e-05,3.540098683857362e-05,3.540098683857362e-05,3.540098683857362e-05,0.04187915364803687,0.08711215002623174,3.540098683857362e-05,12.500819992680016,9.448844851764983,4.9032980144436165,0.9791762384488184,#1f77b4,A
478.53537043440144,178.55381972060957,0,1,0,0,0,0,0,0,0,0,0,0.7916285431244383,0.09367767627510883,3.1425359459048794e-05,3.1425359459048794e-05,3.1425359459048794e-05,3.1425359459048794e-05,3.1425359459048794e-05,0.037176010466360175,0.07732921797654663,3.1425359459048794e-05,10.974356321961025,11.244029627013452,1.0593467669237293,0.9437000506351471,#1f77b4,A
490.4760599074865,174.2192998521838,0,1,0,0,0,0,0,0,0,0,0,0.8133082897132975,0.08393110007345496,2.815574739338989e-05,2.815574739338989e-05,2.815574739338989e-05,2.815574739338989e-05,2.815574739338989e-05,0.03330807913745147,0.06928359659062228,2.815574739338989e-05,7.446825373114906,14.065781004770436,4.077212955324329,1.0017786706343632,#1f77b4,A
505.9216453717697,177.09914294775234,0,1,0,0,0,0,0,0,0,0,0,0.8361384430468183,0.07366733484683792,2.4712637738294533e-05,2.4712637738294533e-05,2.4712637738294533e-05,2.4712637738294533e-05,2.4712637738294533e-05,0.029234901207968986,0.06081104507110876,2.4712637738294533e-05,10.170627009058038,12.082723901132502,1.5614601143904545,0.8916299385015063,#1f77b4,A
518.9408316027888,173.40756182600038,0,1,0,0,0,0,0,0,0,0,0,0.8552699113085037,0.0650663896052612,2.182734204510961e-05,2.182734204510961e-05,2.182734204510961e-05,2.182734204510961e-05,2.182734204510961e-05,0.025821613826859945,0.053711121206249275,2.182734204510961e-05,14.61097218352864,7.855192407966749,1.2086206474355192,1.0099768970929788,#1f77b4,A
7.773940560497897,184.42129281609454,0,1,0,0,0,0,0,0,0,0,0,0.18784108589429682,0.36512275232220565,0.00012248503800100507,0.00012248503800100507,0.00012248503800100507,0.00012248503800100507,0.00012248503800100507,0.14489906028383479,0.3014021912712916,0.00012248503800100507,15.669283165684462,6.958300380501917,2.2776050193538553,1.0395382563728464,#1f77b4,A
16.114722210246153,185.52839327190182,8,0,0,0,0,0,0,0,0,1,0,0.17601463475620432,0.3704395767942971,0.00012426863391050926,0.00012426863391050926,0.00012426863391050926,0.00012426863391050926,0.00012426863391050926,0.14700904347387247,0.30579113317179263,0.00012426863391050926,20.16414053543098,1.8604928500361027,5.029808116299141,1.0138169215560837,#bcbd22,i
26.43146725873833,187.30300310794993,0,1,0,0,0,0,0,0,0,0,0,0.16214693679980316,0.37667408577803424,0.00012636007867787552,0.00012636007867787552,0.00012636007867787552,0.00012636007867787552,0.00012636007867787552,0.14948321000370143,0.3109376069460172,0.00012636007867787552,14.138443088416533,7.352736436719696,0.06489216745092437,0.986129518957618,#1f77b4,A
41.71546156172248,186.56701829754041,1,0,1,0,0,0,0,0,0,0,0,0.14726776497116398,0.38336332365499576,0.00012860406799474605,0.00012860406799474605,0.00012860406799474605,0.00012860406799474605,0.00012860406799474605,0.15213783581439708,0.3164594511510914,0.00012860406799474605,14.562814194101055,7.272646920648494,3.9096648208082363,1.0403646707761394,#ff7f0e,B
51.410459845734216,182.44193693308387,8,0,0,0,0,0,0,0,0,1,0,0.14321000441012882,0.3851875734152056,0.0001292160356132566,0.0001292160356132566,0.0001292160356132566,0.0001292160356132566,0.0001292160356132566,0.15286178981150148,0.31796533614909933,0.0001292160356132566,9.291048043924324,13.228113474196885,2.125150223824357,0.9765042993680224,#bcbd22,i
91.33475234922373,184.09030356015177,1,0,1,0,0,0,0,0,0,0,0,0.12047738179493288,0.3954074917004122,0.0001326444362581609,0.0001326444362581609,0.0001326444362581609,0.0001326444362581609,0.0001326444362581609,0.15691756707075377,0.3264016928159569,0.0001326444362581609,7.184817513474299,14.259308888607286,2.7624771650313678,0.9766538962485453,#ff7f0e,B
102.7554855915579,186.81742911767233,8,0,0,0,0,0,0,0,0,1,0,0.11570072188062794,0.39755493745828907,0.0001333648240553764,0.0001333648240553764,0.0001333648240553764,0.0001333648240553764,0.0001333648240553764,0.15776978148453066,0.32817437023182267,0.0001333648240553764,11.771165700760921,10.308503092747038,5.974382595180073,0.9455536638716312,#bcbd22,i
112.40965045110593,182.0858785173467,8,0,0,0,0,0,0,0,0,1,0,0.12119471053246551,0.39508500180536976,0.00013253625295049797,0.00013253625295049797,0.00013253625295049797,0.00013253625295049797,0.00013253625295049797,0.15678958687109357,0.3261354832729732,0.00013253625295049797,13.936800676271572,8.038191289930198,1.0609922733875052,1.1702478911563265,#bcbd22,i
127.0335287999891,186.09109719024576,1,0,1,0,0,0,0,0,0,0,0,0.11961771827260556,0.3957939711269032,0.00013277408566220183,0.00013277408566220183,0.00013277408566220183,0.00013277408566220183,0.00013277408566220183,0.15707094153279816,0.32672072455332407,0.00013277408566220183,11.224124778816545,10.145199564393963,3.0049018074742966,1.0639853878381238,#ff7f0e,B
137.5569178835414,184.2511246408318,8,0,0,0,0,0,0,0,0,1,0,0.12576597398440292,0.3930298962537682,0.00013184684184154068,0.00013184684184154068,0.00013184684184154068,0.00013184684184154068,0.00013184684184154068,0.1559740176924619,0.32443903101792476,0.00013184684184154068,13.899464441241971,8.545444266428209,1.7191286686780813,0.9822099834065438,#bcbd22,i
148.7795792698568,185.33760113903597,8,0,0,0,0,0,0,0,0,1,0,0.13072178262229012,0.390801910500709,0.0001310994358858901,0.0001310994358858901,0.0001310994358858901,0.0001310994358858901,0.0001310994358858901,0.15508984096041548,0.3225998693008793,0.0001310994358858901,16.38176670352534,5.664082452210647,2.7580560087002772,0.9541194338128891,#bcbd22,i
165.18788060135475,185.87557935445074,1,0,1,0,0,0,0,0,0,0,0,0.14221810396823864,0.38563350267003793,0.00012936562821294124,0.00012936562821294124,0.00012936562821294124,0.00012936562821294124,0.00012936562821294124,0.153038756953558,0.3183334426385022,0.00012936562821294124,14.358850472312039,7.585691570722621,6.026639645657174,0.9309605673331358,#ff7f0e,B
172.1943853807701,187.87095617115799,8,0,0,0,0,0,0,0,0,1,0,0.14643515451974765,0.38373764081676465,0.00012872963741350206,0.00012872963741350206,0.00012872963741350206,0.00012872963741350206,0.00012872963741350206,0.1522863836784879,0.3167684431601351,0.00012872963741350206,12.980444118889544,9.3323854266613,0.27779135531417776,0.9506806712264952,#bcbd22,i
182.7417308516614,187.53468354406442,1,0,1,0,0,0,0,0,0,0,0,0.15730661733900253,0.37885015099501496,0.00012709006723405115,0.00012709006723405115,0.00012709006723405115,0.00012709006723405115,0.00012709006723405115,0.15034678205735041,0.3127339092048489,0.00012709006723405115,11.26584524573906,11.128253089363271,0.044500478917995676,1.0145603609539273,#ff7f0e,B
195.55406031115493,186.0629011143094,8,0,0,0,0,0,0,0,0,1,0,0.1733569756408931,0.37163438213850136,0.00012466944645110798,0.00012466944645110798,0.00012466944645110798,0.00012466944645110798,0.00012466944645110798,0.14748320228894551,0.3067774232525817,0.00012466944645110798,13.657102582392266,8.428869775639765,2.774381217368917,0.8943811158567908,#bcbd22,i
214.32276162398423,187.3489105479144,1,0,1,0,0,0,0,0,0,0,0,0.1971203064728054,0.3609510877647088,0.00012108560044581942,0.00012108560044581942,0.00012108560044581942,0.00012108560044581942,0.00012108560044581942,0.14324353410707313,0.29795855805237687,0.00012108560044581942,11.458122984064124,10.337180927486726,5.342627038612936,1.0006335379526545,#ff7f0e,B
217.13560247843176,185.65912929074582,0,1,0,0,0,0,0,0,0,0,0,0.2028276775337739,0.35838522165881304,0.00012022484825908962,0.00012022484825908962,0.00012022484825908962,0.00012022484825908962,0.00012022484825908962,0.1422252694681433,0.29584048224935683,0.00012022484825908962,10.518886438298686,11.422923095591194,4.035062902406802,0.9302440929882456,#1f77b4,A
232.31164501294788,185.08892935280466,1,0,1,0,0,0,0,0,0,0,0,0.22715297091632486,0.34744928545639864,0.00011655625036205348,0.00011655625036205348,0.00011655625036205348,0.00011655625036205348,0.00011655625036205348,0.1378853403101393,0.28681306581461746,0.00011655625036205348,13.256218407955739,9.028191921005675,3.793555947715484,0.9798721020971434,#ff7f0e,B
246.5449473378382,180.44620351627952,8,0,0,0,0,0,0,0,0,1,0,0.25641425895009495,0.33429427128636097,0.00011214323473847786,0.00011214323473847786,0.00011214323473847786,0.00011214323473847786,0.00011214323473847786,0.13266476947708178,0.27595384087769725,0.00011214323473847786,14.675263747239203,7.059093407851706,5.432914869641757,0.9954211247526304,#bcbd22,i
257.34709004984944,183.17022306729166,1,0,1,0,0,0,0,0,0,0,0,0.2740800410241082,0.32635225543113816,0.0001094789852288414,0.0001094789852288414,0.0001094789852288414,0.0001094789852288414,0.0001094789852288414,0.12951297839624118,0.2693978512368131,0.0001094789852288414,10.834800658392663,11.29584120919763,2.8678081228841896,0.9257715126394461,#ff7f0e,B
270.01666827646795,187.83722526399833,8,0,0,0,0,0,0,0,0,1,0,0.2953121142906864,0.31680693998368525,0.0001062768886246804,0.0001062768886246804,0.0001062768886246804,0.0001062768886246804,0.0001062768886246804,0.1257249174505673,0.2615183669429962,0.0001062768886246804,12.575665847177058,9.478041852172664,5.4263950859326995,0.9773289026297062,#bcbd22,i
281.7416126816049,187.15325104039383,8,0,0,0,0,0,0,0,0,1,0,0.32105257410867966,0.30523478658912506,0.0001023948636364502,0.0001023948636364502,0.0001023948636364502,0.0001023948636364502,0.0001023948636364502,0.12113250533253951,0.25196576478751603,0.0001023948636364502,16.09460717959337,6.32774863702825,5.563704861586979,0.8389096073041421,#bcbd22,i
294.0207417920433,185.89639258101712,8,0,0,0,0,0,0,0,0,1,0,0.34989297918333107,0.29226898901420756,9.80453231091165e-05,9.80453231091165e-05,9.80453231091165e-05,9.80453231091165e-05,9.80453231091165e-05,0.1159870251550181,0.24126273470843854,9.80453231091165e-05,10.926229734421,10.591565240211018,1.3366002384853102,1.0072257105301958,#bcbd22,i
307.2799651757911,188.81077266453912,7,0,0,0,0,0,0,0,1,0,0,0.37882870051744044,0.27926034005344685,9.368140754327831e-05,9.368140754327831e-05,9.368140754327831e-05,9.368140754327831e-05,9.368140754327831e-05,0.11082453939375518,0.23052433158971883,9.368140754327831e-05,11.610697463436148,10.085032472696495,3.3337043596240585,0.9095527607027457,#7f7f7f,h
317.6089728897747,181.34118697104034,0,1,0,0,0,0,0,0,0,0,0,0.4105659386618296,0.2649922115614247,8.889498366409386e-05,8.889498366409386e-05,8.889498366409386e-05,8.889498366409386e-05,8.889498366409386e-05,0.10516222884927673,0.2187462510250739,8.889498366409386e-05,11.678841037493337,11.007618583683064,0.7752773068559798,0.9941044430974516,#1f77b4,A
337.3518425126311,186.77738658694898,0,1,0,0,0,0,0,0,0,0,0,0.45602720758765625,0.244554162620523,8.203878205717888e-05,8.203878205717888e-05,8.203878205717888e-05,8.203878205717888e-05,8.203878205717888e-05,0.09705138375201389,0.2018750133470076,8.203878205717888e-05,12.219928767681106,9.690195449368625,6.128055659101781,1.0884189107882867,#1f77b4,A
341.57852658196174,183.0965815757284,0,1,0,0,0,0,0,0,0,0,0,0.4698932458729186,0.23832039977608985,7.99475875916643e-05,7.99475875916643e-05,7.99475875916643e-05,7.99475875916643e-05,7.99475875916643e-05,0.09457751332776393,0.19672915549720787,7.99475875916643e-05,10.689928674023145,10.90997117091937,0.04788401493382347,1.0495705012415188,#1f77b4,A
357.9961124146306,186.23287122617913,0,1,0,0,0,0,0,0,0,0,0,0.5102061833934772,0.22019688916003174,7.386782709358233e-05,7.386782709358233e-05,7.386782709358233e-05,7.386782709358233e-05,7.386782709358233e-05,0.08738519337342288,0.18176852710999625,7.386782709358233e-05,12.98230301331176,9.12175356642135,1.0102781085265014,1.1618962910535426,#1f77b4,A
368.7748285878964,185.98569178502677,8,0,0,0,0,0,0,0,0,1,0,0.538563530021545,0.20744826045008163,6.95911386043891e-05,6.95911386043891e-05,6.95911386043891e-05,6.95911386043891e-05,6.95911386043891e-05,0.08232589671707767,0.17124476597913074,6.95911386043891e-05,17.057285129941626,5.0857090699542455,2.9784284024709993,0.9921746740362034,#bcbd22,i
377.1725001396545,184.91352952439692,8,0,0,0,0,0,0,0,0,1,0,0.5611445959536242,0.1972964775904665,6.618559484840693e-05,6.618559484840693e-05,6.618559484840693e-05,6.618559484840693e-05,6.618559484840693e-05,0.07829715901939048,0.1628646538668671,6.618559484840693e-05,11.601038135938746,10.54493273860158,0.6569596618570649,1.0277921294103163,#bcbd22,i
388.18735396037994,187.63107127514616,1,0,1,0,0,0,0,0,0,0,0,0.5877135064870769,0.1853518771290251,6.21786277883662e-05,6.21786277883662e-05,6.21786277883662e-05,6.21786277883662e-05,6.21786277883662e-05,0.07355694118491987,0.15300460343166014,6.21786277883662e-05,14.05375890653846,7.4839449505403355,0.848307366415532,1.0684222217394848,#ff7f0e,B
399.3715022142872,189.0143456733111,0,1,0,0,0,0,0,0,0,0,0,0.6152259087630965,0.1729831105396786,5.802936884439128e-05,5.802936884439128e-05,5.802936884439128e-05,5.802936884439128e-05,5.802936884439128e-05,0.06864839291103735,0.14279441157250594,5.802936884439128e-05,13.456279207814502,8.765405828942958,1.1185555983938058,0.9490266222292418,#1f77b4,A
413.6975898266847,184.39275698860243,0,1,0,0,0,0,0,0,0,0,0,0.6530664683277947,0.1559711083099071,5.2322477870508767e-05,5.2322477870508767e-05,5.2322477870508767e-05,5.2322477870508767e-05,5.2322477870508767e-05,0.06189717535211319,0.12875131314230878,5.2322477870508767e-05,16.514354517852002,5.391515042140528,3.1820816850797393,1.037660712152681,#1f77b4,A
425.2300496217563,187.19262337106193,0,1,0,0,0,0,0,0,0,0,0,0.6787625153880517,0.14441892158449685,4.84471509535821e-05,4.84471509535821e-05,4.84471509535821e-05,4.84471509535821e-05,4.84471509535821e-05,0.057312687011988626,0.11921519310906256,4.84471509535821e-05,13.812061830773656,7.9025628502251255,0.9772092258927633,1.0206398464285795,#1f77b4,A
438.8369058902613,187.08816914638,8,0,0,0,0,0,0,0,0,1,0,0.7095179458306494,0.13059218494830915,4.380879754629067e-05,4.380879754629067e-05,4.380879754629067e-05,4.380879754629067e-05,4.380879754629067e-05,0.05182554294158111,0.10780147349347301,4.380879754629067e-05,12.925505302439717,9.462986673714614,4.1583343405487,1.0312193215218495,#bcbd22,i
451.778199917278,184.04377052565513,0,1,0,0,0,0,0,0,0,0,0,0.7383928302280219,0.11761088648435204,3.945405704998478e-05,3.945405704998478e-05,3.945405704998478e-05,3.945405704998478e-05,3.945405704998478e-05,0.0466739112321677,0.09708564771242,3.945405704998478e-05,14.586279215776525,7.385903566914575,3.2133509197505554,0.9939819896100622,#1f77b4,A
460.87319344381694,186.5786895599964,0,1,0,0,0,0,0,0,0,0,0,0.7556549323185581,0.10985035327255706,3.685068818483126e-05,3.685068818483126e-05,3.685068818483126e-05,3.685068818483126e-05,3.685068818483126e-05,0.04359414158610011,0.09067946869291989,3.685068818483126e-05,15.62235182655255,6.247692347932186,0.39734227417004303,0.9401651812842288,#1f77b4,A
471.9817304960926,188.1239815548984,0,1,0,0,0,0,0,0,0,0,0,0.7763356658061796,0.10055290396810923,3.373174140837081e-05,3.373174140837081e-05,3.373174140837081e-05,3.373174140837081e-05,3.373174140837081e-05,0.03990444638446488,0.0830045933920199,3.373174140837081e-05,9.22259576232996,12.826709855254755,5.104604728550966,1.051881489307605,#1f77b4,A
486.6620099327896,187.49185253351462,0,1,0,0,0,0,0,0,0,0,0,0.8026126948770371,0.0887395248244711,2.9768794196437277e-05,2.9768794196437277e-05,2.9768794196437277e-05,2.9768794196437277e-05,2.9768794196437277e-05,0.0352163037644748,0.07325286376803569,2.9768794196437277e-05,13.44837454004737,9.048484200066762,3.5137287305363345,1.096677559391317,#1f77b4,A
496.5338373931397,187.28443645749832,0,1,0,0,0,0,0,0,0,0,0,0.8188801630563692,0.0814261497548881,2.7315430176758244e-05,2.7315430176758244e-05,2.7315430176758244e-05,2.7315430176758244e-05,2.7315430176758244e-05,0.03231398894474355,0.06721580566211964,2.7315430176758244e-05,10.777667505821473,11.326615542914649,3.6593391969796283,0.9999798929400646,#1f77b4,A
511.28673795448447,188.52877329247366,1,0,1,0,0,0,0,0,0,0,0,0.8408497682523658,0.07154926165172798,2.400210333817308e-05,2.400210333817308e-05,2.400210333817308e-05,2.400210333817308e-05,2.400210333817308e-05,0.028394343303450947,0.059062614171585495,2.400210333817308e-05,8.96259784784342,12.641096038085852,3.550084992166563,1.0213486823179692,#ff7f0e,B
8.83169597082891,197.3117561771481,1,0,1,0,0,0,0,0,0,0,0,0.17481766558306086,0.37097769891713833,0.00012444915377197004,0.00012444915377197004,0.00012444915377197004,0.00012444915377197004,0.00012444915377197004,0.14722259737984442,0.3062353431969536,0.00012444915377197004,14.700389640767064,7.061717655440478,2.7584991587349217,1.0546927443164325,#ff7f0e,B
25.329899639492034,190.92466018805206,8,0,0,0,0,0,0,0,0,1,0,0.15995998960177532,0.3776572728935836,0.0001266899012113776,0.0001266899012113776,0.0001266899012113776,0.0001266899012113776,0.0001266899012113776,0.14987338806907866,0.31174921002791656,0.0001266899012113776,15.368101755113083,6.302789978702437,0.3754189196227388,0.8424328186010529,#bcbd22,i
32.866624854206655,200.49738221242265,8,0,0,0,0,0,0,0,0,1,0,0.14338938059845266,0.385106931158568,0.00012918898314992494,0.00012918898314992494,0.00012918898314992494,0.00012918898314992494,0.00012918898314992494,0.15282978691074647,0.31789876743294826,0.00012918898314992494,9.252766526636833,12.948136143370643,4.895532625718131,0.9125514916914355,#bcbd22,i
46.428062460385476,195.0171029196119,0,1,0,0,0,0,0,0,0,0,0,0.13491158813575357,0.38891829721493343,0.00013046755402309172,0.00013046755402309172,0.00013046755402309172,0.00013046755402309172,0.00013046755402309172,0.15434232853257812,0.3210449807922074,0.00013046755402309172,13.831068695216262,8.120625400042785,3.0306902463982426,1.126221311597841,#1f77b4,A
58.1390903445564,196.11325225831231,1,0,1,0,0,0,0,0,0,0,0,0.12439658680389645,0.39364553243981165,0.0001320533647743427,0.0001320533647743427,0.0001320533647743427,0.0001320533647743427,0.0001320533647743427,0.15621833307480132,0.3249472274924508,0.0001320533647743427,17.016657747019444,4.893541486289236,0.5686558277363631,0.9994338670697419,#ff7f0e,B
143.03443901833865,193.99535304039034,1,0,1,0,0,0,0,0,0,0,0,0.11842531692261617,0.3963300396908495,0.0001329539166313992,0.0001329539166313992,0.0001329539166313992,0.0001329539166313992,0.0001329539166313992,0.1572836804833826,0.32716323940296704,0.0001329539166313992,15.083604926019346,7.1004196046957215,6.069087176576083,0.888392340191982,#ff7f0e,B
154.74477098837843,196.3525023347323,1,0,1,0,0,0,0,0,0,0,0,0.12378935254938904,0.3939185270945022,0.0001321449442786085,0.0001321449442786085,0.0001321449442786085,0.0001321449442786085,0.0001321449442786085,0.15632667107531098,0.3251725796147323,0.0001321449442786085,17.186643472051298,4.50252476568529,0.09812343719512902,0.8831383939265379,#ff7f0e,B
166.60211819081468,197.1558123580044,1,0,1,0,0,0,0,0,0,0,0,0.13265613704372037,0.38993228166569593,0.00013080770791159678,0.00013080770791159678,0.00013080770791159678,0.00013080770791159678,0.00013080770791159678,0.15474472852853413,0.32188200651419013,0.00013080770791159678,15.895555125280513,6.139161736992886,1.4430401493783362,1.0701465447232292,#ff7f0e,B
184.35481722468964,200.50789536433285,0,1,0,0,0,0,0,0,0,0,0,0.14751062775783907,0.3832541396916514,0.00012856744085547775,0.00012856744085547775,0.00012856744085547775,0.00012856744085547775,0.00012856744085547775,0.15209450612982925,0.3163693217751641,0.00012856744085547775,14.966542997178722,7.18539123473152,0.16150376023053575,0.9566987369066756,#1f77b4,A
192.8085723872957,196.45061027855724,0,1,0,0,0,0,0,0,0,0,0,0.16059701366694487,0.3773708856164997,0.0001265938289828092,0.0001265938289828092,0.0001265938289828092,0.0001265938289828092,0.0001265938289828092,0.14975973520285002,0.3115128025394313,0.0001265938289828092,16.45621161288089,5.746087475564614,2.6062764176598976,1.0175455005383758,#1f77b4,A
205.88140608638602,204.0465519330584,1,0,1,0,0,0,0,0,0,0,0,0.17137149350989528,0.372526996487449,0.00012496888520630944,0.00012496888520630944,0.00012496888520630944,0.00012496888520630944,0.00012496888520630944,0.14783743652807682,0.30751426016296857,0.00012496888520630944,13.020978295765694,9.03327006705598,2.5862372531275115,0.9852296265275738,#ff7f0e,B
218.46859319111334,201.3619004469542,1,0,1,0,0,0,0,0,0,0,0,0.19141158177812356,0.36351756242449523,0.00012194655677963657,0.00012194655677963657,0.00012194655677963657,0.00012194655677963657,0.00012194655677963657,0.14426204025077455,0.3000771362055653,0.00012194655677963657,13.839068155335367,8.306608331828153,3.7412989158369077,0.9562412206563792,#ff7f0e,B
228.20154322283545,196.24277349175836,1,0,1,0,0,0,0,0,0,0,0,0.2106091785270052,0.35488688776072963,0.00011905128797635813,0.00011905128797635813,0.00011905128797635813,0.00011905128797635813,0.00011905128797635813,0.1408369547406512,0.2929526712434009,0.00011905128797635813,13.349927726430765,8.795470695275919,0.05696645372374073,0.9017479774879814,#ff7f0e,B
238.9584901634494,199.46711767487216,0,1,0,0,0,0,0,0,0,0,0,0.22616473252356317,0.3478935683616881,0.00011670529067299406,0.00011670529067299406,0.00011670529067299406,0.00011670529067299406,0.00011670529067299406,0.13806165409794677,0.28717981327241615,0.00011670529067299406,9.257054523910318,12.338628162300436,5.69716134077185,1.0171021328704994,#1f77b4,A
250.91656252553497,195.22792617046414,0,1,0,0,0,0,0,0,0,0,0,0.25116868814716503,0.3366525255833981,0.00011293434092222432,0.00011293434092222432,0.00011293434092222432,0.00011293434092222432,0.00011293434092222432,0.13360064331506558,0.2779005369085014,0.00011293434092222432,11.556758673152894,10.769349057892677,1.6712818655482249,1.115256354978779,#1f77b4,A
263.80624079691586,195.40107153384523,1,0,1,0,0,0,0,0,0,0,0,0.27620175942992503,0.3253983932613957,0.00010915900011872281,0.00010915900011872281,0.00010915900011872281,0.00010915900011872281,0.00010915900011872281,0.1291344379433197,0.2686104553643218,0.00010915900011872281,8.477944800933654,13.269968103725292,0.7725904860720587,0.9463381622386686,#ff7f0e,B
273.0757721916114,197.46459402629148,0,1,0,0,0,0,0,0,0,0,0,0.29382969677313137,0.3174733912836705,0.0001065004581291425,0.0001065004581291425,0.0001065004581291425,0.0001065004581291425,0.0001065004581291425,0.12598939882423854,0.26206851036986734,0.0001065004581291425,11.29339817144857,11.554622053524993,5.094470894393441,0.9658246008507829,#1f77b4,A
287.676394382741,197.81997082890445,1,0,1,0,0,0,0,0,0,0,0,0.3256670470946918,0.3031602553023179,0.00010169893591931186,0.00010169893591931186,0.00010169893591931186,0.00010169893591931186,0.00010169893591931186,0.12030922704578263,0.25025327694136623,0.00010169893591931186,12.31688799562997,9.37144675348217,6.168923043249963,0.8839031858236632,#ff7f0e,B
314.61360527453854,195.21310963766754,0,1,0,0,0,0,0,0,0,0,0,0.39182106928911725,0.27341935331708866,9.172197478315599e-05,9.172197478315599e-05,9.172197478315599e-05,9.172197478315599e-05,9.172197478315599e-05,0.10850654227129215,0.22570270327341121,9.172197478315599e-05,7.1414768343352755,15.0638711187764,5.746932323004617,1.085474686567474,#1f77b4,A
323.66390947884577,200.98135122448596,0,1,0,0,0,0,0,0,0,0,0,0.41057168790362814,0.26498962687146704,8.889411659720847e-05,8.889411659720847e-05,8.889411659720847e-05,8.889411659720847e-05,8.889411659720847e-05,0.10516120311438731,0.21874411741052366,8.889411659720847e-05,13.6836475146076,8.231186633147448,3.8206177010577966,0.9038801950749455,#1f77b4,A
335.28831132390434,194.5910240668244,0,1,0,0,0,0,0,0,0,0,0,0.4448449682717319,0.24958136841147047,8.37252217228168e-05,8.37252217228168e-05,8.37252217228168e-05,8.37252217228168e-05,8.37252217228168e-05,0.09904643169227187,0.20602488029374388,8.37252217228168e-05,12.889088442067136,9.233168758466745,6.203427723666234,1.0419048127110724,#1f77b4,A
351.57020494853316,197.35741588677917,8,0,0,0,0,0,0,0,0,1,0,0.48561402342778015,0.23125280072645668,7.75766722415131e-05,7.75766722415131e-05,7.75766722415131e-05,7.75766722415131e-05,7.75766722415131e-05,0.09177273478618715,0.19089498102564126,7.75766722415131e-05,14.799017312206834,7.506199886836326,1.5691167293003976,0.9970442408108878,#bcbd22,i
359.97353605353914,196.53328110099872,8,0,0,0,0,0,0,0,0,1,0,0.5083508368073981,0.22103099839685245,7.414763957012405e-05,7.414763957012405e-05,7.414763957012405e-05,7.414763957012405e-05,7.414763957012405e-05,0.08771620984342014,0.1824570691144001,7.414763957012405e-05,10.392868483666376,11.824924812339336,1.5463485326031476,1.0474618563582603,#bcbd22,i
372.8889333866995,202.340555894366,1,0,1,0,0,0,0,0,0,0,0,0.5391355557601001,0.20719109450825288,6.950486904173624e-05,6.950486904173624e-05,6.950486904173624e-05,6.950486904173624e-05,6.950486904173624e-05,0.08222384034543008,0.17103248017142753,6.950486904173624e-05,11.094364605871641,10.821293499985979,5.016122074533213,0.8934889515294819,#ff7f0e,B
382.4792541969332,198.2654971302309,0,1,0,0,0,0,0,0,0,0,0,0.5666179901089037,0.1948358006172618,6.536012968455648e-05,6.536012968455648e-05,6.536012968455648e-05,6.536012968455648e-05,6.536012968455648e-05,0.07732063871543311,0.1608334097797273,6.536012968455648e-05,16.448433230412988,5.4830881638471425,4.470549525322491,1.0214248981690917,#1f77b4,A
396.1761359676686,196.11105106136628,0,1,0,0,0,0,0,0,0,0,0,0.603169626630639,0.17840326026472292,5.984762651477972e-05,5.984762651477972e-05,5.984762651477972e-05,5.984762651477972e-05,5.984762651477972e-05,0.07079938075488319,0.14726864659006306,5.984762651477972e-05,11.434972210055731,10.57956886511551,1.1861988598843116,0.9579891524277018,#1f77b4,A
409.660668970262,198.8452216907441,0,1,0,0,0,0,0,0,0,0,0,0.635671290486694,0.1637914684637815,5.494591643887151e-05,5.494591643887151e-05,5.494591643887151e-05,5.494591643887151e-05,5.494591643887151e-05,0.06500068733587908,0.13520687821437646,5.494591643887151e-05,10.841834515532236,10.701132914763805,2.810486259608986,0.9350917114454076,#1f77b4,A
420.3491304470645,196.55758376237006,0,1,0,0,0,0,0,0,0,0,0,0.6627354992987696,0.15162419646901018,5.086425140110092e-05,5.086425140110092e-05,5.086425140110092e-05,5.086425140110092e-05,5.086425140110092e-05,0.06017210224484538,0.12516301647830552,5.086425140110092e-05,15.262441183893538,7.269525399707826,4.50054594800453,1.0029075502153015,#1f77b4,A
428.2890009960633,199.07170836996036,8,0,0,0,0,0,0,0,0,1,0,0.6803537024885116,0.14370357068027131,4.820717745937816e-05,4.820717745937816e-05,4.820717745937816e-05,4.820717745937816e-05,4.820717745937816e-05,0.05702879981751437,0.11862468394826613,4.820717745937816e-05,11.531063849485893,10.424932344819577,1.0167114471606753,1.112094365196788,#bcbd22,i
446.6032602384428,198.26569282315347,0,1,0,0,0,0,0,0,0,0,0,0.721741666888074,0.12509675960901243,4.196528772052808e-05,4.196528772052808e-05,4.196528772052808e-05,4.196528772052808e-05,4.196528772052808e-05,0.04964468195042221,0.1032650998254465,4.196528772052808e-05,17.707418679927454,4.200781324265677,2.4839695215998843,0.877510966676659,#1f77b4,A
460.44430323238385,197.42163571167137,0,1,0,0,0,0,0,0,0,0,0,0.7508374718764012,0.11201614174732023,3.7577229278056315e-05,3.7577229278056315e-05,3.7577229278056315e-05,3.7577229278056315e-05,3.7577229278056315e-05,0.044453635311897305,0.09246728768796211,3.7577229278056315e-05,13.347595463964934,8.720719662393966,5.526354889238735,1.0236409232692518,#1f77b4,A
467.8158339561174,195.0996994300679,0,1,0,0,0,0,0,0,0,0,0,0.7660923961003484,0.1051579766488608,3.527657119153784e-05,3.527657119153784e-05,3.527657119153784e-05,3.527657119153784e-05,3.527657119153784e-05,0.04173197068892353,0.08680599713395173,3.527657119153784e-05,8.964212543815938,13.521384514432143,0.5048308860857569,0.8664804366103546,#1f77b4,A
483.17946391854593,196.04763068904035,0,1,0,0,0,0,0,0,0,0,0,0.7940535461548573,0.09258746626142882,3.1059634742894064e-05,3.1059634742894064e-05,3.1059634742894064e-05,3.1059634742894064e-05,3.1059634742894064e-05,0.03674336033571354,0.07642926943874888,3.1059634742894064e-05,11.337211894245922,10.84632560230341,3.075695558581202,1.0322576324368167,#1f77b4,A
489.19148671866526,195.78527684935858,0,1,0,0,0,0,0,0,0,0,0,0.8044837845584444,0.08789833795518656,2.9486607438709984e-05,2.9486607438709984e-05,2.9486607438709984e-05,2.9486607438709984e-05,2.9486607438709984e-05,0.03488247853417288,0.07255847930675934,2.9486607438709984e-05,16.3623564188211,5.495634770686326,5.502647384616794,1.0395866927844506,#1f77b4,A
504.3637292247904,196.36908102287484,1,0,1,0,0,0,0,0,0,0,0,0.8287287639319169,0.07699850856822747,2.5830122028871666e-05,2.5830122028871666e-05,2.5830122028871666e-05,2.5830122028871666e-05,2.5830122028871666e-05,0.030556878375378158,0.06356086839147568,2.5830122028871666e-05,8.859580795000909,12.412066198899165,2.619816696688138,0.8712372730826253,#ff7f0e,B
514.6446132565652,198.29207561703603,0,1,0,0,0,0,0,0,0,0,0,0.8434603871585148,0.07037560420153724,2.3608385125674747e-05,2.3608385125674747e-05,2.3608385125674747e-05,2.3608385125674747e-05,2.3608385125674747e-05,0.02792857703567893,0.0580937812926714,2.3608385125674747e-05,9.262888240635181,12.582688470149655,5.854096392346901,1.0093779758108188,#1f77b4,A
6.792485890572293,208.28427765549324,8,0,0,0,0,0,0,0,0,1,0,0.16940957136725288,0.3734090189588175,0.0001252647707824238,0.0001252647707824238,0.0001252647707824238,0.0001252647707824238,0.0001252647707824238,0.14818746737780522,0.30824235367105646,0.0001252647707824238,12.092142171227747,9.7761459474124,3.1975268319374472,0.9754731590126696,#bcbd22,i
16.936389661028716,205.00397946259577,1,0,1,0,0,0,0,0,0,0,0,0.1583662603560573,0.3783737666715208,0.0001269302580970002,0.0001269302580970002,0.0001269302580970002,0.0001269302580970002,0.0001269302580970002,0.15015772881328596,0.3123406626101757,0.0001269302580970002,15.02175521097581,6.667993292397105,2.869358928467191,0.8506111554461162,#ff7f0e,B
32.04756762764346,207.49840448575594,1,0,1,0,0,0,0,0,0,0,0,0.13890066898759176,0.38712492383127395,0.00012986594427499888,0.00012986594427499888,0.00012986594427499888,0.00012986594427499888,0.00012986594427499888,0.153630627833628,0.3195645836814691,0.00012986594427499888,15.85235654385815,6.557782125254703,1.9196367560393541,1.0563701187454528,#ff7f0e,B
149.05394768902673,202.81299980824025,7,0,0,0,0,0,0,0,1,0,0,0.11399817629560481,0.39832035186076736,0.0001336215919822662,0.0001336215919822662,0.0001336215919822662,0.0001336215919822662,0.0001336215919822662,0.15807353639145288,0.32880620589988313,0.0001336215919822662,13.46405611302857,8.658601441314,3.724204380522357,0.9472076188205181,#7f7f7f,h
165.31531499432282,208.60064412987674,8,0,0,0,0,0,0,0,0,1,0,0.12218065023623217,0.39464175232302007,0.00013238755931433254,0.00013238755931433254,0.00013238755931433254,0.00013238755931433254,0.00013238755931433254,0.15661368319745156,0.3257695888870156,0.00013238755931433254,20.65048545046757,1.719634746632197,0.8582161002193466,1.1118075930835039,#bcbd22,i
173.46297576842582,205.64488560252653,0,1,0,0,0,0,0,0,0,0,0,0.13209034254875604,0.39018664622374255,0.00013089303771468436,0.00013089303771468436,0.00013089303771468436,0.00013089303771468436,0.00013089303771468436,0.15484567317029105,0.3220919798305321,0.00013089303771468436,14.571548862491284,7.807782023438286,5.636670509674315,1.0507836183901278,#1f77b4,A
186.67971258982234,208.31539301067568,1,0,1,0,0,0,0,0,0,0,0,0.14425259787102312,0.3847188540705266,0.00012905879779014182,0.00012905879779014182,0.00012905879779014182,0.00012905879779014182,0.00012905879779014182,0.15267577841629565,0.3175784168550291,0.00012905879779014182,7.406986137729177,14.610309687541383,0.9611618085074118,0.9785276228675266,#ff7f0e,B
197.52919563246525,206.63062499487316,1,0,1,0,0,0,0,0,0,0,0,0.15853457865815357,0.37829809571518425,0.00012690487331913167,0.00012690487331913167,0.00012690487331913167,0.00012690487331913167,0.00012690487331913167,0.15012769877436286,0.3122781976120062,0.00012690487331913167,17.712604005852025,5.022705194403944,3.454158843930586,0.9218523681882846,#ff7f0e,B
213.58876909650579,209.25814543450042,8,0,0,0,0,0,0,0,0,1,0,0.17863962670345893,0.36925945764771284,0.00012387274804035803,0.00012387274804035803,0.00012387274804035803,0.00012387274804035803,0.00012387274804035803,0.1465407128801873,0.3048169662800296,0.00012387274804035803,12.435124694352206,9.164178078558136,4.1452031166246455,1.0213648334264593,#bcbd22,i
221.36263924256082,208.95982461557216,8,0,0,0,0,0,0,0,0,1,0,0.1905091083460079,0.3639232879268677,0.0001220826625228695,0.0001220826625228695,0.0001220826625228695,0.0001220826625228695,0.0001220826625228695,0.14442305252309404,0.3004120552285293,0.0001220826625228695,7.783797554538599,14.205799492260548,1.5859095397985215,1.0250376633573182,#bcbd22,i
231.15731875209775,206.70875112807443,8,0,0,0,0,0,0,0,0,1,0,0.20769745204253015,0.35619591431890224,0.0001194904174655569,0.0001194904174655569,0.0001194904174655569,0.0001194904174655569,0.0001194904174655569,0.14135644227452696,0.2940332488588911,0.0001194904174655569,14.786514190974225,7.564201759615477,3.934462777534122,0.9524051829436203,#bcbd22,i
243.19344665441238,204.8167363776297,0,1,0,0,0,0,0,0,0,0,0,0.2297921027402334,0.34626280943729626,0.00011615823199874208,0.00011615823199874208,0.00011615823199874208,0.00011615823199874208,0.00011615823199874208,0.1374144869899235,0.28583365144020806,0.00011615823199874208,13.591077594480835,8.3238094873241,1.2094905831995908,1.0560793168558689,#1f77b4,A
254.69726544647028,207.70654185031134,1,0,1,0,0,0,0,0,0,0,0,0.24931991476481208,0.33748367970121995,0.00011321316206678084,0.00011321316206678084,0.00011321316206678084,0.00011321316206678084,0.00011321316206678084,0.133930487045311,0.2785866395159188,0.00011321316206678084,15.829836271893578,5.783121732738705,3.9961816712335483,0.969133514175026,#ff7f0e,B
270.1458093020199,206.09542041162473,7,0,0,0,0,0,0,0,1,0,0,0.28152308549392024,0.32300608162786615,0.00010835646897137723,0.00010835646897137723,0.00010835646897137723,0.00010835646897137723,0.00010835646897137723,0.12818504844239204,0.2666356456216703,0.00010835646897137723,15.974649226562878,5.8942071426125375,1.3139354430372092,1.0045371871407407,#7f7f7f,h
316.1102530468954,206.8606651444373,8,0,0,0,0,0,0,0,0,1,0,0.38774356384406167,0.2752524797962198,9.233692020912296e-05,9.233692020912296e-05,9.233692020912296e-05,9.233692020912296e-05,9.233692020912296e-05,0.10923401899663501,0.227215915841441,9.233692020912296e-05,12.02231385110026,9.214601659260465,0.4348531807472863,1.0707327985430033,#bcbd22,i
328.11419527973527,206.8655380040767,0,1,0,0,0,0,0,0,0,0,0,0.41832646165569654,0.26150330875463257,8.772458716003093e-05,8.772458716003093e-05,8.772458716003093e-05,8.772458716003093e-05,8.772458716003093e-05,0.10377765685284389,0.21586622521344845,8.772458716003093e-05,13.685708021185194,8.615887543892276,3.443480544605352,0.9670957094194989,#1f77b4,A
343.3239214319386,207.9891151154454,1,0,1,0,0,0,0,0,0,0,0,0.45746734238564707,0.24390672038720448,8.182158938417474e-05,8.182158938417474e-05,8.182158938417474e-05,8.182158938417474e-05,8.182158938417474e-05,0.0967944461314486,0.20134056155893723,8.182158938417474e-05,14.9663256857205,7.991025314351136,0.8454014284678147,0.9826878852931572,#ff7f0e,B
353.43232446490646,208.0795731226172,8,0,0,0,0,0,0,0,0,1,0,0.484262121852315,0.2318605758989385,7.778055809804775e-05,7.778055809804775e-05,7.778055809804775e-05,7.778055809804775e-05,7.778055809804775e-05,0.09201393052322725,0.19139668837644658,7.778055809804775e-05,11.417223582599542,10.054852645001203,2.575721889417933,1.0417067756309282,#bcbd22,i
364.7019521995802,206.6002794570233,0,1,0,0,0,0,0,0,0,0,0,0.5151010289780248,0.21799631060208693,7.312961522762829e-05,7.312961522762829e-05,7.312961522762829e-05,7.312961522762829e-05,7.312961522762829e-05,0.08651189319396548,0.1799519895340418,7.312961522762829e-05,11.505158104330208,10.357580919220213,4.746260327118913,0.9957778193467247,#1f77b4,A
378.06092971112724,209.91316383304846,1,0,1,0,0,0,0,0,0,0,0,0.5490394146428996,0.20273861094734083,6.801122720569996e-05,6.801122720569996e-05,6.801122720569996e-05,6.801122720569996e-05,6.801122720569996e-05,0.08045687107330964,0.16735703597266655,6.801122720569996e-05,10.240877086130086,12.011066679679486,0.853539767051802,1.1736613995197775,#ff7f0e,B
389.6174461540336,210.28175288345267,0,1,0,0,0,0,0,0,0,0,0,0.5793408068551537,0.18911599654073602,6.344134917795768e-05,6.344134917795768e-05,6.344134917795768e-05,6.344134917795768e-05,6.344134917795768e-05,0.0750507329633948,0.1561118155450683,6.344134917795768e-05,10.619656887229898,11.00411276376595,0.8110276715374032,0.938151599187457,#1f77b4,A
401.82366708796155,210.33633303373222,7,0,0,0,0,0,0,0,1,0,0,0.6108894295424686,0.17493266400874252,5.868337117435996e-05,5.868337117435996e-05,5.868337117435996e-05,5.868337117435996e-05,5.868337117435996e-05,0.0694220737179545,0.14440373250317717,5.868337117435996e-05,11.397700348872986,10.334313005213764,3.8359996954630926,0.9403692062082186,#7f7f7f,h
414.5945381670779,206.6212053547172,0,1,0,0,0,0,0,0,0,0,0,0.6444296336350381,0.15985397507354815,5.3625034558835044e-05,5.3625034558835044e-05,5.3625034558835044e-05,5.3625034558835044e-05,5.3625034558835044e-05,0.06343809204843133,0.13195654903498505,5.3625034558835044e-05,14.460832729651564,7.573480706499006,3.358677171043252,0.9127166496135469,#1f77b4,A
425.07302496493077,205.99795326564904,7,0,0,0,0,0,0,0,1,0,0,0.6700140386364096,0.14835197933306354,4.9766544841608656e-05,4.9766544841608656e-05,4.9766544841608656e-05,4.9766544841608656e-05,4.9766544841608656e-05,0.058873522013874406,0.12246186074693258,4.9766544841608656e-05,13.880316734427337,7.883191556972171,4.906418121210705,1.1242465359847504,#7f7f7f,h
436.0338289234123,203.73206628037022,0,1,0,0,0,0,0,0,0,0,0,0.6963316461371739,0.1365203573212441,4.579747782917447e-05,4.579747782917447e-05,4.579747782917447e-05,4.579747782917447e-05,4.579747782917447e-05,0.05417813970684881,0.1126950719670619,4.579747782917447e-05,16.92512142833836,4.873188127431747,3.3537372953988855,0.9406218246867146,#1f77b4,A
453.9682260504521,209.8976007641598,1,0,1,0,0,0,0,0,0,0,0,0.7336061556701952,0.119762834531307,4.0175955196925904e-05,4.0175955196925904e-05,4.0175955196925904e-05,4.0175955196925904e-05,4.0175955196925904e-05,0.04752791238054927,0.09886204168603309,4.0175955196925904e-05,14.442285778961415,7.154695154082153,0.5040733759502288,1.0221066293933596,#ff7f0e,B
459.1541359467959,210.9209510996179,0,1,0,0,0,0,0,0,0,0,0,0.7441104640440696,0.11504040654572124,3.8591757094801e-05,3.8591757094801e-05,3.8591757094801e-05,3.8591757094801e-05,3.8591757094801e-05,0.045653815592503554,0.09496376327439257,3.8591757094801e-05,15.350910081115604,6.406620297927574,1.2769491513817814,1.0352786465985118,#1f77b4,A
471.5386396122751,208.75141768919997,1,0,1,0,0,0,0,0,0,0,0,0.7692529672824869,0.1037370768361622,3.479991240638376e-05,3.479991240638376e-05,3.479991240638376e-05,3.479991240638376e-05,3.479991240638376e-05,0.041168086224567225,0.08563307018157602,3.479991240638376e-05,12.195307897815567,9.84398424671086,1.7850226763770638,1.0733544531501242,#ff7f0e,B
487.6344941425139,208.5868910707057,0,1,0,0,0,0,0,0,0,0,0,0.7986647243380629,0.09051441622102327,3.0364203928566195e-05,3.0364203928566195e-05,3.0364203928566195e-05,3.0364203928566195e-05,3.0364203928566195e-05,0.035920669881980734,0.07471800433456306,3.0364203928566195e-05,13.064830573322268,8.925895862267446,5.0123135624018,1.0940652301460376,#1f77b4,A
498.00750628086956,208.3817326779738,0,1,0,0,0,0,0,0,0,0,0,0.8161095206007115,0.0826717490847014,2.7733282201251025e-05,2.7733282201251025e-05,2.7733282201251025e-05,2.7733282201251025e-05,2.7733282201251025e-05,0.03280830536636399,0.06824402525419941,2.7733282201251025e-05,13.197064542777397,8.249810269568187,4.161576887240914,0.8268693937743986,#1f77b4,A
512.797073416935,204.25610217105884,0,1,0,0,0,0,0,0,0,0,0,0.8396299742219051,0.07209764515886341,2.418606551057513e-05,2.418606551057513e-05,2.418606551057513e-05,2.418606551057513e-05,2.418606551057513e-05,0.028611969442478725,0.05951529478284962,2.418606551057513e-05,14.11418655752182,7.7213834741846865,4.489928265348406,1.0899959087830327,#1f77b4,A
11.051439843138256,219.7945836508599,8,0,0,0,0,0,0,0,0,1,0,0.1567518585021586,0.37909955424586345,0.0001271737327039882,0.0001271737327039882,0.0001271737327039882,0.0001271737327039882,0.0001271737327039882,0.15044575780304095,0.31293978705233394,0.0001271737327039882,13.440592727023388,8.809549546867869,0.5476645461887397,0.9893082870778616,#bcbd22,i
25.420511091254124,221.18735957668608,7,0,0,0,0,0,0,0,1,0,0,0.1379056201376864,0.387572268517717,0.0001300160116990913,0.0001300160116990913,0.0001300160116990913,0.0001300160116990913,0.0001300160116990913,0.15380815669009149,0.31993385858392304,0.0001300160116990913,11.447061371710683,10.918347469503635,4.8130338172641185,1.0217252072312624,#7f7f7f,h
32.73255788188538,215.41187953420697,8,0,0,0,0,0,0,0,0,1,0,0.1328702838484439,0.38983600756295117,0.0001307754115480911,0.0001307754115480911,0.0001307754115480911,0.0001307754115480911,0.0001307754115480911,0.15470652212554045,0.3218025339933861,0.0001307754115480911,11.272737266643258,10.539093102987277,1.261508764850569,1.0129900028951306,#bcbd22,i
155.8671107283782,215.96552975928694,0,1,0,0,0,0,0,0,0,0,0,0.10888362493476329,0.40061970367151495,0.00013439293858317198,0.00013439293858317198,0.00013439293858317198,0.00013439293858317198,0.00013439293858317198,0.15898603476226175,0.33070427899956045,0.00013439293858317198,16.033811695817917,6.005992690261264,6.088119799483141,1.1714399989531619,#1f77b4,A
166.45103110451433,212.9885708571949,7,0,0,0,0,0,0,0,1,0,0,0.12008627421258294,0.39558332216221154,0.00013270342080694145,0.00013270342080694145,0.00013270342080694145,0.00013270342080694145,0.00013270342080694145,0.15698734543576107,0.3265468376642073,0.00013270342080694145,15.883075988724114,6.569381497625559,4.564817649205027,1.0300822579620448,#7f7f7f,h
181.3148970639018,220.69589173327586,8,0,0,0,0,0,0,0,0,1,0,0.13051752297759517,0.3908937396272064,0.0001311302411259829,0.0001311302411259829,0.0001311302411259829,0.0001311302411259829,0.0001311302411259829,0.15512628337341638,0.32267567257463536,0.0001311302411259829,15.796325886124967,6.648262189974465,5.868829279029303,0.9601379469343886,#bcbd22,i
193.19961486109233,214.36979329217942,0,1,0,0,0,0,0,0,0,0,0,0.1480464923622205,0.3830132307318092,0.00012848662490272384,0.00012848662490272384,0.00012848662490272384,0.00012848662490272384,0.00012848662490272384,0.1519989013457585,0.3161704558104125,0.00012848662490272384,11.777271706516652,10.141176822038746,0.7933743687080728,1.1315918524962572,#1f77b4,A
202.29732505038527,216.04605019073927,1,0,1,0,0,0,0,0,0,0,0,0.15872532702519138,0.3782123408615907,0.0001268761057705898,0.0001268761057705898,0.0001268761057705898,0.0001268761057705898,0.0001268761057705898,0.1500936669381613,0.3122074085400548,0.0001268761057705898,9.85005766325233,11.878680409706497,0.8496186583878848,0.8931853933275665,#ff7f0e,B
217.2855672132044,217.22669466412395,0,1,0,0,0,0,0,0,0,0,0,0.17935582562925212,0.368937475682787,0.00012376473512426677,0.00012376473512426677,0.00012376473512426677,0.00012376473512426677,0.00012376473512426677,0.14641293425272744,0.30455117602411896,0.00012376473512426677,5.7104073488889044,16.983082923884712,3.0249975588237423,0.9763317548243308,#1f77b4,A
228.3705927606979,217.61465499389163,1,0,1,0,0,0,0,0,0,0,0,0.19655244301391997,0.36120638246806097,0.00012117124227789552,0.00012117124227789552,0.00012117124227789552,0.00012117124227789552,0.00012117124227789552,0.1433448478772392,0.2981692991867513,0.00012117124227789552,14.823541403096412,7.538560281479007,4.610545799657609,0.9597253177295221,#ff7f0e,B
243.17705557851423,218.81372898859155,1,0,1,0,0,0,0,0,0,0,0,0.22139658875254017,0.3500371855121086,0.00011742439411549101,0.00011742439411549101,0.00011742439411549101,0.00011742439411549101,0.00011742439411549101,0.13891234912784767,0.28894933024246056,0.00011742439411549101,13.148993696632651,9.1023595206827,2.4041189879215987,1.1292524957747758,#ff7f0e,B
252.3233383668089,217.83144946739122,8,0,0,0,0,0,0,0,0,1,0,0.2388899433740893,0.3421726879663277,0.00011478614910165048,0.00011478614910165048,0.00011478614910165048,0.00011478614910165048,0.00011478614910165048,0.13579132120849585,0.28245733055613503,0.00011478614910165048,12.314882085760738,9.670988175407908,4.121847673196172,1.0451137246280364,#bcbd22,i
262.4666042891696,217.95662421108446,1,0,1,0,0,0,0,0,0,0,0,0.2587777325399983,0.33323172309881,0.00011178678953120897,0.00011178678953120897,0.00011178678953120897,0.00011178678953120897,0.00011178678953120897,0.13224309694940933,0.275076726674262,0.00011178678953120897,10.274459292969484,11.781220318918738,4.95175739887635,0.9651073198746852,#ff7f0e,B
271.20840269770196,215.91972390436567,0,1,0,0,0,0,0,0,0,0,0,0.27794078290898006,0.32461657947101863,0.00010889673081007249,0.00010889673081007249,0.00010889673081007249,0.00010889673081007249,0.00010889673081007249,0.12882417493499693,0.2679650822998193,0.00010889673081007249,16.487653848703513,5.920985548555176,0.41266793366255483,0.9452569544342725,#1f77b4,A
323.4573512657006,219.08716824149963,1,0,1,0,0,0,0,0,0,0,0,0.3999840457800343,0.2697495192590689,9.049088260608653e-05,9.049088260608653e-05,9.049088260608653e-05,9.049088260608653e-05,9.049088260608653e-05,0.10705016766022597,0.2226733220046343,9.049088260608653e-05,14.182231839007612,8.12354518893365,1.0952075739660903,0.9926067387934209,#ff7f0e,B
336.0205254661587,222.6384813603806,0,1,0,0,0,0,0,0,0,0,0,0.43123016697875444,0.25570218249610427,8.577852610055076e-05,8.577852610055076e-05,8.577852610055076e-05,8.577852610055076e-05,8.577852610055076e-05,0.10147547837149071,0.21107750099661596,8.577852610055076e-05,8.056347028274457,14.035929015295467,0.6381093182714311,1.008178048948043,#1f77b4,A
345.739948722834,220.30553995705992,1,0,1,0,0,0,0,0,0,0,0,0.45797771217502226,0.24367727314607665,8.174461840970098e-05,8.174461840970098e-05,8.174461840970098e-05,8.174461840970098e-05,8.174461840970098e-05,0.09670338993346393,0.20115115703452113,8.174461840970098e-05,9.961686253709972,12.403956377022196,2.122189022109925,1.0649413092531275,#ff7f0e,B
364.3826729528383,218.22337835014557,0,1,0,0,0,0,0,0,0,0,0,0.5088535049048861,0.2208050136097967,7.40718301195923e-05,7.40718301195923e-05,7.40718301195923e-05,7.40718301195923e-05,7.40718301195923e-05,0.08762652772124463,0.18227052278284617,7.40718301195923e-05,18.817151001358347,3.358233208940917,3.957430814936341,1.0771739307633978,#1f77b4,A
370.85088600077506,220.778716580569,0,1,0,0,0,0,0,0,0,0,0,0.5252530421240901,0.21343226418564198,7.159854822289868e-05,7.159854822289868e-05,7.159854822289868e-05,7.159854822289868e-05,7.159854822289868e-05,0.08470065017328655,0.17618445222711862,7.159854822289868e-05,10.383215203568483,11.575192660394661,1.1603479723126786,0.886449092673062,#1f77b4,A
387.34497165808494,220.50764613154507,0,1,0,0,0,0,0,0,0,0,0,0.5693832376094576,0.19359262670053207,6.494309129551042e-05,6.494309129551042e-05,6.494309129551042e-05,6.494309129551042e-05,6.494309129551042e-05,0.07682728481963276,0.15980719232203514,6.494309129551042e-05,11.109118237270993,11.153094685375974,4.82086175603189,1.0174963867248954,#1f77b4,A
396.1883232999281,220.15899470435272,8,0,0,0,0,0,0,0,0,1,0,0.592722906508196,0.1830997982668352,6.142313949501229e-05,6.142313949501229e-05,6.142313949501229e-05,6.142313949501229e-05,6.142313949501229e-05,0.0726632030961786,0.15114555329122742,6.142313949501229e-05,12.433165905414825,9.133569390639071,4.454221142332949,1.1398571244361906,#bcbd22,i
407.00023309409,216.9768795269637,0,1,0,0,0,0,0,0,0,0,0,0.6215997456611035,0.1701176210023026,5.706810419395593e-05,5.706810419395593e-05,5.706810419395593e-05,5.706810419395593e-05,5.706810419395593e-05,0.06751122263452568,0.14042900207628276,5.706810419395593e-05,12.691914533735106,9.123777853990811,4.369998682956521,1.0086348316717766,#1f77b4,A
422.2071174779533,218.25065952587647,0,1,0,0,0,0,0,0,0,0,0,0.6589605391954726,0.15332130746402034,5.14335687153293e-05,5.14335687153293e-05,5.14335687153293e-05,5.14335687153293e-05,5.14335687153293e-05,0.060845601189543665,0.12656395073801244,5.14335687153293e-05,11.341889444936932,10.803292570159766,4.532607407715689,0.9967458381560719,#1f77b4,A
434.13331565029125,219.50364131323508,0,1,0,0,0,0,0,0,0,0,0,0.686947792276042,0.14073906192407845,4.721269556158573e-05,4.721269556158573e-05,4.721269556158573e-05,4.721269556158573e-05,4.721269556158573e-05,0.05585233373797387,0.11617753588784897,4.721269556158573e-05,8.438421392053435,13.516023678200938,3.8594412163843708,1.0734121428398005,#1f77b4,A
438.1614375816441,218.0414657073977,0,1,0,0,0,0,0,0,0,0,0,0.6966197462082169,0.13639083600582586,4.5754028268334894e-05,4.5754028268334894e-05,4.5754028268334894e-05,4.5754028268334894e-05,4.5754028268334894e-05,0.05412673913876187,0.11258815447688875,4.5754028268334894e-05,12.246247855747264,9.451688784716328,3.16065423752205,1.0631238885791565,#1f77b4,A
452.77989134515104,214.24442890038884,0,1,0,0,0,0,0,0,0,0,0,0.7298945031026437,0.12143148432088974,4.0735724840388336e-05,4.0735724840388336e-05,4.0735724840388336e-05,4.0735724840388336e-05,4.0735724840388336e-05,0.04819011648838857,0.10023948173830571,4.0735724840388336e-05,10.827962158836975,11.196161435987893,2.27829075486851,0.9647473064113413,#1f77b4,A
471.6162378180591,221.98619772148092,0,1,0,0,0,0,0,0,0,0,0,0.7664874913230628,0.10498035346127826,3.521698525025498e-05,3.521698525025498e-05,3.521698525025498e-05,3.521698525025498e-05,3.521698525025498e-05,0.041661480880217726,0.08665937242317301,3.521698525025498e-05,17.39081548425656,4.63249893909094,2.3386821769984962,0.8863122057065399,#1f77b4,A
475.75661180750075,220.88479688016946,8,0,0,0,0,0,0,0,0,1,0,0.7746177090712666,0.10132524677014987,3.399083355438497e-05,3.399083355438497e-05,3.399083355438497e-05,3.399083355438497e-05,3.399083355438497e-05,0.04021095082857555,0.0836421483279069,3.399083355438497e-05,15.955235502890705,6.325827524348327,1.8550425633432814,0.9766489299172767,#bcbd22,i
493.88628779250905,222.89965387338702,0,1,0,0,0,0,0,0,0,0,0,0.8067319863617002,0.08688761257136726,2.9147546845366187e-05,2.9147546845366187e-05,2.9147546845366187e-05,2.9147546845366187e-05,2.9147546845366187e-05,0.034481371899790385,0.07172414388526298,2.9147546845366187e-05,6.553131409201288,15.156469895081683,2.8817154441095383,0.9985254723321778,#1f77b4,A
504.6496749094211,220.07599715792276,0,1,0,0,0,0,0,0,0,0,0,0.8246679683493953,0.07882412278480339,2.6442547371500406e-05,2.6442547371500406e-05,2.6442547371500406e-05,2.6442547371500406e-05,2.6442547371500406e-05,0.03128137385735026,0.06506787972339738,2.6442547371500406e-05,9.817141448166907,11.994064965806007,4.519028221637616,0.9741965910941416,#1f77b4,A
515.1173270730872,215.97488239770365,1,0,1,0,0,0,0,0,0,0,0,0.8410342165913868,0.07146633910537033,2.3974285922859575e-05,2.3974285922859575e-05,2.3974285922859575e-05,2.3974285922859575e-05,2.3974285922859575e-05,0.02836143546912085,0.058994163117743914,2.3974285922859575e-05,13.74777524736632,8.70964983187137,2.913678845573967,0.9823254377011329,#ff7f0e,B
6.662639701846848,229.27417868127068,1,0,1,0,0,0,0,0,0,0,0,0.15844175428029778,0.37833982682437567,0.0001269188725466863,0.0001269188725466863,0.0001269188725466863,0.0001269188725466863,0.0001269188725466863,0.15014425977602047,0.31231264588364765,0.0001269188725466863,15.643371221594332,6.3437116651621785,0.5901348044918465,0.9577342387749864,#ff7f0e,B
21.803576405482552,228.82431004514993,0,1,0,0,0,0,0,0,0,0,0,0.13871273288546995,0.38720941437330414,0.00012989428769426126,0.00012989428769426126,0.00012989428769426126,0.00012989428769426126,0.00012989428769426126,0.15366415792745314,0.31963432908722006,0.00012989428769426126,13.799822233458283,8.26195656766859,3.3943700474737115,1.0921863880694789,#1f77b4,A
32.584406306172795,227.66934586760453,8,0,0,0,0,0,0,0,0,1,0,0.12653534502251312,0.39268400967158235,0.0001317308098197244,0.0001317308098197244,0.0001317308098197244,0.0001317308098197244,0.0001317308098197244,0.15583675251135568,0.3241535079352379,0.0001317308098197244,11.057513507559452,11.332168629356083,5.741449848329233,0.8705246699542153,#bcbd22,i
39.749937891197675,228.67777294784614,8,0,0,0,0,0,0,0,0,1,0,0.11834182047951967,0.39636757723502103,0.000132966509074612,0.000132966509074612,0.000132966509074612,0.000132966509074612,0.000132966509074612,0.15729857726765917,0.32719422596295616,0.000132966509074612,17.084579330667747,5.07266653009569,5.482027760837403,0.9623429440456802,#bcbd22,i
164.4956907215357,230.86727813804126,7,0,0,0,0,0,0,0,1,0,0,0.10821734888970228,0.400919241778102,0.00013449342242356462,0.00013449342242356462,0.00013449342242356462,0.00013449342242356462,0.00013449342242356462,0.15910490653863726,0.33095154225861617,0.00013449342242356462,13.00374218294473,9.215483175269,1.406203684901907,0.983984334391956,#7f7f7f,h
173.78808046276004,233.78548057405536,1,0,1,0,0,0,0,0,0,0,0,0.11640700028035211,0.39723741547000063,0.00013325830729476833,0.00013325830729476833,0.00013325830729476833,0.00013325830729476833,0.00013325830729476833,0.1576437727999723,0.32791226160550924,0.00013325830729476833,14.546544407744673,7.87470058303161,2.660786729947755,0.9769073381493052,#ff7f0e,B
180.66272695514243,232.29490179005023,0,1,0,0,0,0,0,0,0,0,0,0.12445659442196898,0.3936185547802793,0.0001320443147777813,0.0001320443147777813,0.0001320443147777813,0.0001320443147777813,0.0001320443147777813,0.15620762698352098,0.32492495792517045,0.0001320443147777813,13.717253384954518,8.76139257169589,0.47784846429534544,0.8869831815249614,#1f77b4,A
192.24952233386,230.20849195340375,8,0,0,0,0,0,0,0,0,1,0,0.13895621100382935,0.387099953774939,0.00012985756775428192,0.00012985756775428192,0.00012985756775428192,0.00012985756775428192,0.00012985756775428192,0.15362071846020453,0.31954397135411444,0.00012985756775428192,15.346234717462867,6.79437426560952,2.172444732891923,0.9616136222001864,#bcbd22,i
210.95805106422878,230.91129536813216,8,0,0,0,0,0,0,0,0,1,0,0.163813847436215,0.3759246917999948,0.0001261086850046681,0.0001261086850046681,0.0001261086850046681,0.0001261086850046681,0.0001261086850046681,0.14918581280643106,0.3103189958469552,0.0001261086850046681,14.837753902715662,7.499578803633185,0.9625005522503993,1.104025954802122,#bcbd22,i
224.00504658304348,228.61173924563323,7,0,0,0,0,0,0,0,1,0,0,0.18447340931375172,0.36663676062854017,0.00012299293120611427,0.00012299293120611427,0.00012299293120611427,0.00012299293120611427,0.00012299293120611427,0.1454998948783774,0.3026519775917274,0.00012299293120611427,15.65544431749535,6.263068584884868,0.42807021033937886,0.9911163509388674,#7f7f7f,h
233.79354417726304,228.21488331876486,1,0,1,0,0,0,0,0,0,0,0,0.20073981928492235,0.3593238612982224,0.00012053972677917937,0.00012053972677917937,0.00012053972677917937,0.00012053972677917937,0.00012053972677917937,0.14259776885589867,0.29661531219992215,0.00012053972677917937,10.947997791508488,10.999210762482392,6.175905887857282,1.0321242501014007,#ff7f0e,B
240.80701812164318,225.9215852798863,1,0,1,0,0,0,0,0,0,0,0,0.21387387949454953,0.35341917426023656,0.00011855892494847473,0.00011855892494847473,0.00011855892494847473,0.00011855892494847473,0.00011855892494847473,0.14025449225198197,0.29174110044318774,0.00011855892494847473,9.586088791737646,12.407253076360016,5.275129401227187,1.0547133157782058,#ff7f0e,B
260.9868611003828,230.30089454641183,8,0,0,0,0,0,0,0,0,1,0,0.2504948222716731,0.33695547585443775,0.00011303596941627106,0.00011303596941627106,0.00011303596941627106,0.00011303596941627106,0.00011303596941627106,0.1337208692098015,0.2781506168472531,0.00011303596941627106,10.412683430494281,11.194699375916327,3.5915903694841687,0.9505838288243981,#bcbd22,i
321.14936459696787,230.26899218232532,1,0,1,0,0,0,0,0,0,0,0,0.389733841229064,0.2743577096421572,9.203675826187244e-05,9.203675826187244e-05,9.203675826187244e-05,9.203675826187244e-05,9.203675826187244e-05,0.10887892922567685,0.22647729935314104,9.203675826187244e-05,14.830887668316308,7.565297950889171,2.3993082978466727,0.9782973664805354,#ff7f0e,B
329.6749551227323,230.97456002646996,1,0,1,0,0,0,0,0,0,0,0,0.4116182447774207,0.26451912569296043,8.873628103543529e-05,8.873628103543529e-05,8.873628103543529e-05,8.873628103543529e-05,8.873628103543529e-05,0.10497448459795836,0.21835572724503627,8.873628103543529e-05,16.20602776642855,6.445006668043518,4.019492601744177,0.9734940119468007,#ff7f0e,B
341.46088227376055,230.0341708742726,8,0,0,0,0,0,0,0,0,1,0,0.4430626183131951,0.2503826605122656,8.399402527666718e-05,8.399402527666718e-05,8.399402527666718e-05,8.399402527666718e-05,8.399402527666718e-05,0.09936442467320669,0.2066863323492293,8.399402527666718e-05,15.539757245642962,6.5366113117887545,4.808515283443813,0.9768898749244933,#bcbd22,i
353.5839191607602,224.84885568567367,8,0,0,0,0,0,0,0,0,1,0,0.4772757049660893,0.23500146337559905,7.88342084649144e-05,7.88342084649144e-05,7.88342084649144e-05,7.88342084649144e-05,7.88342084649144e-05,0.09326039254437175,0.19398943386267323,7.88342084649144e-05,15.866107907807935,6.391897137858384,1.1213793698757921,0.9221078201529063,#bcbd22,i
366.91252276290436,230.67532138770147,0,1,0,0,0,0,0,0,0,0,0,0.5114426433200313,0.2196410131563592,7.368135146860243e-05,7.368135146860243e-05,7.368135146860243e-05,7.368135146860243e-05,7.368135146860243e-05,0.08716459383517387,0.18130966157911257,7.368135146860243e-05,12.661915952537424,9.150425687718098,0.3860382691455335,1.021712095688748,#1f77b4,A
378.62332168984403,228.29276669044896,7,0,0,0,0,0,0,0,1,0,0,0.5436807659637627,0.2051477017305301,6.881938713068427e-05,6.881938713068427e-05,6.881938713068427e-05,6.881938713068427e-05,6.881938713068427e-05,0.08141291938419258,0.1693456965981867,6.881938713068427e-05,14.168560931795598,7.719730956730358,5.004639151466282,0.9815697774202045,#7f7f7f,h
389.418245370702,224.8155110586382,0,1,0,0,0,0,0,0,0,0,0,0.5734733578419033,0.19175382898414434,6.432624338138995e-05,6.432624338138995e-05,6.432624338138995e-05,6.432624338138995e-05,6.432624338138995e-05,0.07609755746229316,0.15828929825079727,6.432624338138995e-05,15.622581773016039,6.229077257176067,1.5995956125058661,1.0043185517948463,#1f77b4,A
404.1054826216247,227.71791807626713,0,1,0,0,0,0,0,0,0,0,0,0.61101414998882,0.17487659336560635,5.8664561569065236e-05,5.8664561569065236e-05,5.8664561569065236e-05,5.8664561569065236e-05,5.8664561569065236e-05,0.06939982206847972,0.14435744720706853,5.8664561569065236e-05,13.745368038172277,7.976194441599813,5.437052551339952,0.9446064033923331,#1f77b4,A
415.5887906906396,229.1375516226855,1,0,1,0,0,0,0,0,0,0,0,0.6397984882858273,0.16193600176431275,5.432347670388211e-05,5.432347670388211e-05,5.432347670388211e-05,5.432347670388211e-05,5.432347670388211e-05,0.06426434488821994,0.13367522420077696,5.432347670388211e-05,9.465319687432434,12.211885667129494,4.27803220557886,0.9704706123386944,#ff7f0e,B
427.18663594759016,227.89703773725137,8,0,0,0,0,0,0,0,0,1,0,0.668489447129682,0.1490373908177325,4.9996474779450266e-05,4.9996474779450266e-05,4.9996474779450266e-05,4.9996474779450266e-05,4.9996474779450266e-05,0.05914552774182378,0.12302765546141654,4.9996474779450266e-05,9.931874146275039,12.552016564675402,3.264156254046404,0.9661491735733531,#bcbd22,i
439.2433769260182,231.79610446035883,8,0,0,0,0,0,0,0,0,1,0,0.6960453635574836,0.13664906154602457,4.584065328664152e-05,4.584065328664152e-05,4.584065328664152e-05,4.584065328664152e-05,4.584065328664152e-05,0.054229216012301275,0.11280131496377463,4.584065328664152e-05,8.123131104536524,14.363427104639962,1.6121766216615614,1.0071435661247112,#bcbd22,i
449.84482049503663,229.02346844866128,0,1,0,0,0,0,0,0,0,0,0,0.7202860722695424,0.1257511521227849,4.218481195287798e-05,4.218481195287798e-05,4.218481195287798e-05,4.218481195287798e-05,4.218481195287798e-05,0.04990437779161354,0.10380528894362148,4.218481195287798e-05,13.477229251206925,8.619900978115332,5.801361297623805,0.8585809196457455,#1f77b4,A
460.80129789480185,230.77906086638248,0,1,0,0,0,0,0,0,0,0,0,0.7433063992306262,0.11540189042853213,3.871302142807314e-05,3.871302142807314e-05,3.871302142807314e-05,3.871302142807314e-05,3.871302142807314e-05,0.04579727056646483,0.09526216164506522,3.871302142807314e-05,16.023534463855675,6.2194425775848545,3.5185883476385786,0.8735949856333789,#1f77b4,A
474.2273998370298,227.36495505474434,0,1,0,0,0,0,0,0,0,0,0,0.7706028210250937,0.10313022230908185,3.459633539197484e-05,3.459633539197484e-05,3.459633539197484e-05,3.459633539197484e-05,3.459633539197484e-05,0.04092725584589683,0.08513212280680515,3.459633539197484e-05,15.946282802083653,5.754775292100077,5.509609037269878,1.005393329843612,#1f77b4,A
481.82152963067057,225.87060814422574,8,0,0,0,0,0,0,0,0,1,0,0.7850571251292873,0.09663199246050067,3.241642213025527e-05,3.241642213025527e-05,3.241642213025527e-05,3.241642213025527e-05,3.241642213025527e-05,0.038348431621497724,0.07976795225514773,3.241642213025527e-05,13.791855320491335,8.394006939199594,2.4470270624706663,1.025697369695462,#bcbd22,i
499.1521385252271,230.07709640840744,0,1,0,0,0,0,0,0,0,0,0,0.8145589301463863,0.08336884893126528,2.7967133147689758e-05,2.7967133147689758e-05,2.7967133147689758e-05,2.7967133147689758e-05,2.7967133147689758e-05,0.03308494962380533,0.06881946849884232,2.7967133147689758e-05,16.615595766626413,5.463644255908138,4.0300184202362965,0.9631576366590678,#1f77b4,A
509.23097326251326,228.63613849508113,0,1,0,0,0,0,0,0,0,0,0,0.8306692791663219,0.07612611001296396,2.553746491694461e-05,2.553746491694461e-05,2.553746491694461e-05,2.553746491694461e-05,2.553746491694461e-05,0.030210666779287024,0.06284071925109481,2.553746491694461e-05,12.02951993787578,9.918853725786839,5.745202481192247,0.9758373544207345,#1f77b4,A
10.541735427422182,241.11255823201842,1,0,1,0,0,0,0,0,0,0,0,0.14943864751802374,0.382387358733955,0.00012827666823759306,0.00012827666823759306,0.00012827666823759306,0.00012827666823759306,0.00012827666823759306,0.15175052387881002,0.3156538098594033,0.00012827666823759306,9.030486382396282,12.583890500756928,2.120039389700374,0.9550627223721293,#ff7f0e,B
26.251531888403697,242.72517001938292,8,0,0,0,0,0,0,0,0,1,0,0.12893475949271288,0.3916053035217081,0.00013136894421995296,0.00013136894421995296,0.00013136894421995296,0.00013136894421995296,0.00013136894421995296,0.15540866769208578,0.32326305562778207,0.00013136894421995296,12.609409697848399,9.32517488040083,1.7295294913525514,0.9808187000482887,#bcbd22,i
37.16740796283849,236.08465035190946,1,0,1,0,0,0,0,0,0,0,0,0.11823613268722019,0.3964150913568769,0.00013298244828679226,0.00013298244828679226,0.00013298244828679226,0.00013298244828679226,0.00013298244828679226,0.15731743325941358,0.32723344800637205,0.00013298244828679226,15.28415086206449,6.996163952465584,4.342622758876691,0.9589828080311633,#ff7f0e,B
49.09754048148068,240.61762255750654,8,0,0,0,0,0,0,0,0,1,0,0.10454948111372885,0.4025682072136313,0.0001350465887018877,0.0001350465887018877,0.0001350465887018877,0.0001350465887018877,0.0001350465887018877,0.15975929890539362,0.3323127332346323,0.0001350465887018877,16.221328088753165,5.173031807080246,4.027661139239903,1.0295262357605135,#bcbd22,i
165.10271688182374,236.47894169107366,1,0,1,0,0,0,0,0,0,0,0,0.106617892640673,0.40163831024822716,0.00013473464302219464,0.00013473464302219464,0.00013473464302219464,0.00013473464302219464,0.00013473464302219464,0.1593902690501165,0.33154512020244853,0.00013473464302219464,14.95602456627218,6.400664361012094,3.1638505583876038,1.0168472681840757,#ff7f0e,B
180.698739934602,238.6209288618116,0,1,0,0,0,0,0,0,0,0,0,0.122409079825669,0.3945390571004984,0.00013235310890511237,0.00013235310890511237,0.00013235310890511237,0.00013235310890511237,0.00013235310890511237,0.1565729285713857,0.3256848158486217,0.00013235310890511237,11.987367515660885,9.852603230366327,4.65776866547457,0.9297562544297199,#1f77b4,A
189.6067016696517,242.22886632841258,0,1,0,0,0,0,0,0,0,0,0,0.13201873465933261,0.39021883902396937,0.000130903837196048,0.000130903837196048,0.000130903837196048,0.000130903837196048,0.000130903837196048,0.15485844889152756,0.3221185544016039,0.000130903837196048,11.699068640297305,9.857271928555654,5.499114412389552,0.8731656816547265,#1f77b4,A
204.71786085493798,237.83277418934247,0,1,0,0,0,0,0,0,0,0,0,0.1527971101429523,0.3808774927509713,0.00012777016462716076,0.00012777016462716076,0.00012777016462716076,0.00012777016462716076,0.00012777016462716076,0.1511513331663786,0.31440744295155393,0.00012777016462716076,7.358877183551295,14.89956457922018,5.822332023882839,0.9477325955253113,#1f77b4,A
215.4012740328791,235.61078385139314,8,0,0,0,0,0,0,0,0,1,0,0.16880384349793434,0.37368133638704815,0.0001253561231025217,0.0001253561231025217,0.0001253561231025217,0.0001253561231025217,0.0001253561231025217,0.14829553662081615,0.30846714675521253,0.0001253561231025217,15.914621808498426,6.224812468469052,2.744883424184107,0.9946178377588887,#bcbd22,i
229.8964779560371,236.8780357249098,1,0,1,0,0,0,0,0,0,0,0,0.19133028173262095,0.36355411253293124,0.00012195881797506263,0.00012195881797506263,0.00012195881797506263,0.00012195881797506263,0.00012195881797506263,0.14427654517091978,0.30010730765531407,0.00012195881797506263,15.976674348328237,6.508658830859398,4.377788960059783,0.9423355989915151,#ff7f0e,B
239.08128671594952,232.17146622271753,8,0,0,0,0,0,0,0,0,1,0,0.20848234114093808,0.35584305127338123,0.00011937204510101673,0.00011937204510101673,0.00011937204510101673,0.00011937204510101673,0.00011937204510101673,0.1412164084821114,0.2937419668326074,0.00011937204510101673,11.86561689547928,10.403868622078685,0.16572506380084132,0.9657156129608976,#bcbd22,i
251.07101994768797,235.97015839050897,8,0,0,0,0,0,0,0,0,1,0,0.2293046304838996,0.34648196262126313,0.00011623174970174882,0.00011623174970174882,0.00011623174970174882,0.00011623174970174882,0.00011623174970174882,0.13750145798861654,0.2860145584076638,0.00011623174970174882,14.413864342281956,7.799428739055644,4.717864426139062,0.8286893906907783,#bcbd22,i
258.52675804318164,242.88043873340283,8,0,0,0,0,0,0,0,0,1,0,0.2422041820518407,0.3406827037688313,0.00011428631508722513,0.00011428631508722513,0.00011428631508722513,0.00011428631508722513,0.00011428631508722513,0.13520002058786385,0.2812273757006,0.00011428631508722513,12.337071783270392,9.344518309657865,3.1908815684502363,0.8457701700990309,#bcbd22,i
325.6818836028199,237.13100547887163,8,0,0,0,0,0,0,0,0,1,0,0.3995297532406175,0.26995375581852865,9.055939633903661e-05,9.055939633903661e-05,9.055939633903661e-05,9.055939633903661e-05,9.055939633903661e-05,0.10713121899256037,0.2228419155698596,9.055939633903661e-05,12.018759060227278,10.14342896474049,0.29528496190472964,1.0919247182715561,#bcbd22,i
339.4204476635101,241.11166868590763,7,0,0,0,0,0,0,0,1,0,0,0.43490078957573153,0.2540519785741021,8.522494435630088e-05,8.522494435630088e-05,8.522494435630088e-05,8.522494435630088e-05,8.522494435630088e-05,0.10082059451105188,0.2097152876725418,8.522494435630088e-05,12.816825977120441,9.363656964034124,5.398971885878562,1.0056020542135564,#7f7f7f,h
352.40541107529054,237.04214112187145,8,0,0,0,0,0,0,0,0,1,0,0.4706081624868601,0.23799899430084362,7.983976806631594e-05,7.983976806631594e-05,7.983976806631594e-05,7.983976806631594e-05,7.983976806631594e-05,0.09444996348038502,0.19646384112304277,7.983976806631594e-05,9.715427039840067,12.354187371737432,2.5238223755667715,0.944921378838383,#bcbd22,i
358.7626533256035,235.89356945249713,0,1,0,0,0,0,0,0,0,0,0,0.4880648101302766,0.2301509991324215,7.720705898335085e-05,7.720705898335085e-05,7.720705898335085e-05,7.720705898335085e-05,7.720705898335085e-05,0.09133548453382807,0.18998546384908543,7.720705898335085e-05,13.888398389536281,7.886803213410011,1.4008940705957114,1.149237044151673,#1f77b4,A
374.04399482498206,241.90014921088482,0,1,0,0,0,0,0,0,0,0,0,0.5283449560058439,0.2120422306751511,7.113224392859675e-05,7.113224392859675e-05,7.113224392859675e-05,7.113224392859675e-05,7.113224392859675e-05,0.08414901500907901,0.17503700484582596,7.113224392859675e-05,11.714935536372908,10.642428690239823,4.574864848985871,1.0509591448101017,#1f77b4,A
385.9806444743757,237.63172982701272,7,0,0,0,0,0,0,0,1,0,0,0.5611990596375346,0.197271992320619,6.617738095543895e-05,6.617738095543895e-05,6.617738095543895e-05,6.617738095543895e-05,6.617738095543895e-05,0.07828744203361207,0.1628444417219406,6.617738095543895e-05,12.979676679891854,8.968958200011654,5.1093335923822405,1.0497117873510409,#7f7f7f,h
393.90974740020766,238.60144158129125,0,1,0,0,0,0,0,0,0,0,0,0.5820972569320089,0.1878767776868621,6.30256375646908e-05,6.30256375646908e-05,6.30256375646908e-05,6.30256375646908e-05,6.30256375646908e-05,0.07455894863532893,0.15508886291982982,6.30256375646908e-05,13.717415538627705,8.425447084979783,5.785034710860808,0.9793769933673899,#1f77b4,A
411.63062979422097,241.55990432917915,0,1,0,0,0,0,0,0,0,0,0,0.6276150729694341,0.1674133068283233,5.616090785447891e-05,5.616090785447891e-05,5.616090785447891e-05,5.616090785447891e-05,5.616090785447891e-05,0.06643801484336602,0.13819663991112224,5.616090785447891e-05,11.50193022177614,10.651704357733474,5.390451341707737,0.9914813043296518,#1f77b4,A
422.5813751641177,240.36664934085937,8,0,0,0,0,0,0,0,0,1,0,0.6551241744025663,0.15504602420082098,5.201214672424385e-05,5.201214672424385e-05,5.201214672424385e-05,5.201214672424385e-05,5.201214672424385e-05,0.061530055480131594,0.12798767303548036,5.201214672424385e-05,11.733825498410527,10.700976172483829,3.436476843524497,0.9513389316297399,#bcbd22,i
433.88127217000965,238.5568363825378,0,1,0,0,0,0,0,0,0,0,0,0.6825380529319726,0.1427215509891717,4.78777465531499e-05,4.78777465531499e-05,4.78777465531499e-05,4.78777465531499e-05,4.78777465531499e-05,0.05663908504483708,0.11781404455401717,4.78777465531499e-05,14.231169344130528,7.7523038768952075,3.5630636279784738,1.052827658385847,#1f77b4,A
441.5585892804483,237.45102597036765,0,1,0,0,0,0,0,0,0,0,0,0.7004690575521499,0.13466029888059888,4.5173497736623404e-05,4.5173497736623404e-05,4.5173497736623404e-05,4.5173497736623404e-05,4.5173497736623404e-05,0.053439975025496224,0.11115962755463481,4.5173497736623404e-05,9.467000641769848,12.104595653017286,4.731134647102863,1.0301287219028414,#1f77b4,A
456.9307187868207,238.0941076166478,0,1,0,0,0,0,0,0,0,0,0,0.7342121504517312,0.11949039710719621,4.008456262269471e-05,4.008456262269471e-05,4.008456262269471e-05,4.008456262269471e-05,4.008456262269471e-05,0.04741979551714175,0.09863714954746038,4.008456262269471e-05,17.771217414369687,4.2249466779191875,2.8408164988436178,1.049782884912456,#1f77b4,A
468.7769146269877,239.86762604680115,0,1,0,0,0,0,0,0,0,0,0,0.7583807579593873,0.10862490226408372,3.643959516916306e-05,3.643959516916306e-05,3.643959516916306e-05,3.643959516916306e-05,3.643959516916306e-05,0.04310782103110229,0.08966788117365311,3.643959516916306e-05,13.961854737933718,8.593568720578753,2.5635235668029135,1.079949554009947,#1f77b4,A
479.27575782523365,238.21037424197996,0,1,0,0,0,0,0,0,0,0,0,0.778816353119662,0.099437659939115,3.3357618715651866e-05,3.3357618715651866e-05,3.3357618715651866e-05,3.3357618715651866e-05,3.3357618715651866e-05,0.03946186149825705,0.08208397972989336,3.3357618715651866e-05,12.951306123429715,9.345580798397739,1.7464340506093825,1.0859486366207558,#1f77b4,A
485.9504784544796,238.2196646235595,0,1,0,0,0,0,0,0,0,0,0,0.7910550732614727,0.09393549145278346,3.1511846816064696e-05,3.1511846816064696e-05,3.1511846816064696e-05,3.1511846816064696e-05,3.1511846816064696e-05,0.03727832448742397,0.07754203971663244,3.1511846816064696e-05,16.95405950380726,4.693971099440084,0.005118783963349004,1.0424543222573817,#1f77b4,A
499.4112394212909,239.57455383908837,0,1,0,0,0,0,0,0,0,0,0,0.8140999231022823,0.0835752049933216,2.8036357894550798e-05,2.8036357894550798e-05,2.8036357894550798e-05,2.8036357894550798e-05,2.8036357894550798e-05,0.0331668420813026,0.06898981167491205,2.8036357894550798e-05,13.50799852245229,8.700466393603968,5.023652371908911,1.0393817251453277,#1f77b4,A
519.0990626840173,235.5027007073851,8,0,0,0,0,0,0,0,0,1,0,0.8446109581201897,0.06985834134943664,2.343486276999272e-05,2.343486276999272e-05,2.343486276999272e-05,2.343486276999272e-05,2.343486276999272e-05,0.027723301136786248,0.057666790216123025,2.343486276999272e-05,8.82761608959084,12.922210810108908,4.002463701583076,1.0043846559105727,#bcbd22,i
6.04108185920227,255.7126219877444,8,0,0,0,0,0,0,0,0,1,0,0.15390592082091473,0.3803790040937512,0.0001276029403122301,0.0001276029403122301,0.0001276029403122301,0.0001276029403122301,0.0001276029403122301,0.1509535078116617,0.3139959496314186,0.0001276029403122301,10.02464546786286,11.82307265541264,0.6402681678838699,0.9734099165188438,#bcbd22,i
20.132871897767203,250.43153945506936,8,0,0,0,0,0,0,0,0,1,0,0.13529762829055042,0.3887447449194673,0.00013040933371397616,0.00013040933371397616,0.00013040933371397616,0.00013040933371397616,0.00013040933371397616,0.15427345425847933,0.32090171652883026,0.00013040933371397616,9.375362065393857,13.159058392215597,6.095985678503504,1.0638581152745024,#bcbd22,i
29.929993498632687,248.801142426871,1,0,1,0,0,0,0,0,0,0,0,0.12353038613023754,0.3940349507772044,0.0001321840000731579,0.0001321840000731579,0.0001321840000731579,0.0001321840000731579,0.0001321840000731579,0.15637287384440998,0.32526868524731517,0.0001321840000731579,15.09709338243414,7.37516888278864,4.089461472644023,1.0294328350517394,#ff7f0e,B
40.793667439575565,250.64287570195583,0,1,0,0,0,0,0,0,0,0,0,0.11115200405305535,0.3995999071605168,0.00013405083496566674,0.00013405083496566674,0.00013405083496566674,0.00013405083496566674,0.00013405083496566674,0.15858132824867266,0.32986245552756155,0.00013405083496566674,9.6844724366069,12.464801920138179,2.328857424687897,0.8351155639990918,#1f77b4,A
173.8133854103622,253.16427728113317,1,0,1,0,0,0,0,0,0,0,0,0.11222993821315488,0.39911529967727444,0.00013388826726583701,0.00013388826726583701,0.00013388826726583701,0.00013388826726583701,0.00013388826726583701,0.15838901164149952,0.3294624208640772,0.00013388826726583701,16.798930271638067,5.700402444173158,6.057236605821029,1.0688384361599403,#ff7f0e,B
187.2865480594018,248.40214314066148,8,0,0,0,0,0,0,0,0,1,0,0.12811132830607347,0.3919754939561069,0.0001314931292759008,0.0001314931292759008,0.0001314931292759008,0.0001314931292759008,0.0001314931292759008,0.1555555778633345,0.32356864109843775,0.0001314931292759008,12.26924623410773,9.456761526623943,0.3503975855358572,0.974561660720179,#bcbd22,i
196.635271370793,249.65599457589315,8,0,0,0,0,0,0,0,0,1,0,0.13969749982293642,0.38676669213217774,0.00012974577092782208,0.00012974577092782208,0.00012974577092782208,0.00012974577092782208,0.00012974577092782208,0.1534884634896292,0.3192688699293029,0.00012974577092782208,10.547747112148146,11.484675225543041,4.900993974069954,1.021711521282546,#bcbd22,i
207.52251301710535,248.95981718735342,7,0,0,0,0,0,0,0,1,0,0,0.1545771498910849,0.38007723925280373,0.00012750170948567726,0.00012750170948567726,0.00012750170948567726,0.00012750170948567726,0.00012750170948567726,0.15083375235516963,0.3137468482436476,0.00012750170948567726,12.623768989222942,9.30296713648881,5.815530142353669,1.053548718479716,#7f7f7f,h
221.5631954284504,251.38626607749984,0,1,0,0,0,0,0,0,0,0,0,0.17531430810848025,0.3707544230499996,0.00012437425306283247,0.00012437425306283247,0.00012437425306283247,0.00012437425306283247,0.00012437425306283247,0.14713399029325042,0.30605103302952197,0.00012437425306283247,12.723288874181728,9.213760413793677,1.8496129857959005,0.9662169395441865,#1f77b4,A
233.86580094653146,246.16393215859583,0,1,0,0,0,0,0,0,0,0,0,0.19607168256639051,0.3614225182202652,0.00012124374774531364,0.00012124374774531364,0.00012124374774531364,0.00012124374774531364,0.00012124374774531364,0.14343062140734367,0.2983477153191673,0.00012124374774531364,15.04942682971886,6.6543892299688165,0.43100183022767086,0.9704457934585695,#1f77b4,A
245.450376445657,245.59719523753276,8,0,0,0,0,0,0,0,0,1,0,0.2167115269015003,0.35214345147575327,0.00011813096763071687,0.00011813096763071687,0.00011813096763071687,0.00011813096763071687,0.00011813096763071687,0.1397482213294535,0.29068801448715653,0.00011813096763071687,17.940699582663132,4.06499255051436,5.061740535420845,1.1308056261501276,#bcbd22,i
258.4265312426765,254.25693799801437,0,1,0,0,0,0,0,0,0,0,0,0.24073506815925388,0.3413431741504521,0.00011450787821709542,0.00011450787821709542,0.00011450787821709542,0.00011450787821709542,0.00011450787821709542,0.1354621284325092,0.2817725819881409,0.00011450787821709542,12.886238436367305,9.242607898979097,5.359426682348942,0.8917072640752328,#1f77b4,A
270.5326159581514,247.95291029018276,1,0,1,0,0,0,0,0,0,0,0,0.26610503455678175,0.3299375836970281,0.00011068172887080999,0.00011068172887080999,0.00011068172887080999,0.00011068172887080999,0.00011068172887080999,0.1309358168614762,0.2723574745111592,0.00011068172887080999,10.07806713231541,11.63443633490664,5.477212141627549,1.1381687544366874,#ff7f0e,B
322.3698363707529,251.61088457468233,0,1,0,0,0,0,0,0,0,0,0,0.3887491968007427,0.274800376806777,9.218525655220179e-05,9.218525655220179e-05,9.218525655220179e-05,9.218525655220179e-05,9.218525655220179e-05,0.10905460180637463,0.2268427130464036,9.218525655220179e-05,9.078729901225527,12.745466729937169,3.802661772069848,1.1458405088138803,#1f77b4,A
333.108349151476,249.96546444098402,1,0,1,0,0,0,0,0,0,0,0,0.4169537568324654,0.26212043645523386,8.793161044022617e-05,8.793161044022617e-05,8.793161044022617e-05,8.793161044022617e-05,8.793161044022617e-05,0.10402256414312785,0.2163756529061146,8.793161044022617e-05,11.50499849900689,10.625391382094,5.0727402586676815,0.8986795697422525,#ff7f0e,B
342.94643805001635,249.55036895033552,8,0,0,0,0,0,0,0,0,1,0,0.44320183231661786,0.2503200739923017,8.397302983820874e-05,8.397302983820874e-05,8.397302983820874e-05,8.397302983820874e-05,8.397302983820874e-05,0.0993395871962992,0.20663466831530872,8.397302983820874e-05,13.698587026453366,8.867743451027627,1.5046710339816183,0.9300579722224568,#bcbd22,i
357.61957535252907,254.35952594318886,0,1,0,0,0,0,0,0,0,0,0,0.48258159958505414,0.23261608926572547,7.803400459748554e-05,7.803400459748554e-05,7.803400459748554e-05,7.803400459748554e-05,7.803400459748554e-05,0.09231375620153146,0.19202035091962164,7.803400459748554e-05,13.851242455128435,7.9756169737366385,4.038921466068024,0.9201759783566189,#1f77b4,A
362.9405845256193,249.02321928686558,8,0,0,0,0,0,0,0,0,1,0,0.4973506722511164,0.22597634873289502,7.580661978975137e-05,7.580661978975137e-05,7.580661978975137e-05,7.580661978975137e-05,7.580661978975137e-05,0.0896787734248717,0.186539365871881,7.580661978975137e-05,13.926022193791765,7.2668322157733565,4.568317023688565,0.9868554251820011,#bcbd22,i
377.27447955496245,251.891652304523,0,1,0,0,0,0,0,0,0,0,0,0.5360615177439368,0.2085730915555205,6.996847740296611e-05,6.996847740296611e-05,6.996847740296611e-05,6.996847740296611e-05,6.996847740296611e-05,0.08277228623709391,0.17217329359849473,6.996847740296611e-05,14.313114904663198,7.782391226916513,0.7749663936765748,0.860067900936245,#1f77b4,A
390.98682030687826,252.32829277306462,1,0,1,0,0,0,0,0,0,0,0,0.5728670066696541,0.1920264266310341,6.44176897043756e-05,6.44176897043756e-05,6.44176897043756e-05,6.44176897043756e-05,6.44176897043756e-05,0.07620573791015266,0.15851432265035995,6.44176897043756e-05,7.903124420789693,14.24156996621826,6.191788897155705,1.0196048607176196,#ff7f0e,B
401.06660174503907,249.74663176822497,7,0,0,0,0,0,0,0,1,0,0,0.5995941234917431,0.1800107012769906,6.038686290095334e-05,6.038686290095334e-05,6.038686290095334e-05,6.038686290095334e-05,6.038686290095334e-05,0.07143729414334754,0.14859555990991355,6.038686290095334e-05,13.827707504852365,8.397605717110538,4.4901442164317285,1.005990296737994,#7f7f7f,h
412.31830280701257,249.55627249845625,0,1,0,0,0,0,0,0,0,0,0,0.6285941297672033,0.16697315169799953,5.601325225777572e-05,5.601325225777572e-05,5.601325225777572e-05,5.601325225777572e-05,5.601325225777572e-05,0.06626333916413925,0.13783329985648268,5.601325225777572e-05,6.309386005585566,15.80487936507756,5.330826502681291,0.9958491923772788,#1f77b4,A
422.8942478084498,252.9308199783392,1,0,1,0,0,0,0,0,0,0,0,0.6548730274671819,0.15515893247368773,5.2050023230171663e-05,5.2050023230171663e-05,5.2050023230171663e-05,5.2050023230171663e-05,5.2050023230171663e-05,0.061574863157912864,0.12808087676118154,5.2050023230171663e-05,13.055722058314503,8.921887019279,3.971404665331558,1.0052954206523055,#ff7f0e,B
439.0540559259312,248.7006639757241,0,1,0,0,0,0,0,0,0,0,0,0.6936371206924113,0.13773173668248476,4.620385033308309e-05,4.620385033308309e-05,4.620385033308309e-05,4.620385033308309e-05,4.620385033308309e-05,0.05465887592494159,0.11369504359747006,4.620385033308309e-05,12.659338511323028,9.518006534396946,0.43047591948121966,0.9474641798032569,#1f77b4,A
452.83776777104765,243.57667063382007,1,0,1,0,0,0,0,0,0,0,0,0.7248887347559424,0.12368193048911319,4.1490665425933685e-05,4.1490665425933685e-05,4.1490665425933685e-05,4.1490665425933685e-05,4.1490665425933685e-05,0.049083206642099884,0.10209718411956424,4.1490665425933685e-05,15.450245011673358,6.708362413807473,3.68856903153391,1.032530370011941,#ff7f0e,B
460.0630144314187,250.00034950346,0,1,0,0,0,0,0,0,0,0,0,0.7398805744996773,0.11694204043244685,3.9229684195750443e-05,3.9229684195750443e-05,3.9229684195750443e-05,3.9229684195750443e-05,3.9229684195750443e-05,0.04640847950056722,0.09653352746139417,3.9229684195750443e-05,11.54346808427956,10.440434781827328,4.5561363002321,1.0027871759452074,#1f77b4,A
473.2746243061297,252.26273915282923,0,1,0,0,0,0,0,0,0,0,0,0.7664983508882747,0.10497547132027074,3.5215347474402815e-05,3.5215347474402815e-05,3.5215347474402815e-05,3.5215347474402815e-05,3.5215347474402815e-05,0.04165954340127493,0.08665534230456662,3.5215347474402815e-05,15.236361310895585,6.904313487722945,2.7680855492372847,0.9947501842699702,#1f77b4,A
483.027337627391,248.02972098355082,0,1,0,0,0,0,0,0,0,0,0,0.785090086522046,0.09661717398811127,3.2411451086566014e-05,3.2411451086566014e-05,3.2411451086566014e-05,3.2411451086566014e-05,3.2411451086566014e-05,0.03834255090683284,0.07975571987570534,3.2411451086566014e-05,8.994648158409635,12.869447744781112,2.6237087790824525,0.9970930459357551,#1f77b4,A
494.73106343340487,248.8940467645484,0,1,0,0,0,0,0,0,0,0,0,0.805754218694763,0.08732718814639799,2.929500802292775e-05,2.929500802292775e-05,2.929500802292775e-05,2.929500802292775e-05,2.929500802292775e-05,0.034655817582346676,0.07208700552754893,2.929500802292775e-05,20.013927420663045,2.19220039189864,0.37678774144875055,1.020530980096445,#1f77b4,A
512.9661151496466,252.3723591244942,0,1,0,0,0,0,0,0,0,0,0,0.834847821372027,0.07424756037896316,2.49072817200774e-05,2.49072817200774e-05,2.49072817200774e-05,2.49072817200774e-05,2.49072817200774e-05,0.029465163862988197,0.061290010694866365,2.49072817200774e-05,15.973926285910787,5.531785478255552,3.4585364465033974,1.0213318719832158,#1f77b4,A
8.672648698106272,260.9806903460424,8,0,0,0,0,0,0,0,0,1,0,0.15030896987802198,0.38199608740765306,0.00012814541133024891,0.00012814541133024891,0.00012814541133024891,0.00012814541133024891,0.00012814541133024891,0.15159524775006541,0.31533082249589606,0.00012814541133024891,12.605205517984619,8.967158400315629,4.177347067067761,0.9960503807562284,#bcbd22,i
19.43507354187236,260.40971718090185,1,0,1,0,0,0,0,0,0,0,0,0.13594189166396858,0.38845510306239084,0.0001303121696954507,0.0001303121696954507,0.0001303121696954507,0.0001303121696954507,0.0001303121696954507,0.1541585098113247,0.3206626224437547,0.0001303121696954507,10.417597022139045,11.751154272528218,2.40134247141423,1.0178957739793015,#ff7f0e,B
37.2760973073518,259.506741555064,1,0,1,0,0,0,0,0,0,0,0,0.11468782703035228,0.3980103051814308,0.0001335175829084435,0.0001335175829084435,0.0001335175829084435,0.0001335175829084435,0.0001335175829084435,0.15795049428521804,0.3285502680051502,0.0001335175829084435,17.753631301950673,4.131984471850941,0.3370943551107818,0.9055970693539179,#ff7f0e,B
48.73709705301517,265.3773400291531,7,0,0,0,0,0,0,0,1,0,0,0.10317339508091954,0.4031868550065756,0.00013525412191625486,0.00013525412191625486,0.00013525412191625486,0.00013525412191625486,0.00013525412191625486,0.16000480944472367,0.33282341573588053,0.00013525412191625486,11.270902453092209,11.03068022724683,1.59343284522783,0.9997255695230413,#7f7f7f,h
172.0251110663589,260.3799149854083,8,0,0,0,0,0,0,0,0,1,0,0.11027212332369832,0.3999954756484548,0.00013418353341014582,0.00013418353341014582,0.00013418353341014582,0.00013418353341014582,0.00013418353341014582,0.15873830970714264,0.3301889901198435,0.00013418353341014582,13.779659225449475,8.215135637543028,3.6600765490698755,1.0014551450758997,#bcbd22,i
181.74623175129463,257.5410326625103,8,0,0,0,0,0,0,0,0,1,0,0.12098892564398758,0.395177516636596,0.0001325672882189011,0.0001325672882189011,0.0001325672882189011,0.0001325672882189011,0.0001325672882189011,0.15682630140619647,0.3262118525835115,0.0001325672882189011,14.506292725041224,7.479890003540135,6.086862227640978,0.9677640744377819,#bcbd22,i
191.0285568328041,259.12123213738744,8,0,0,0,0,0,0,0,0,1,0,0.13217436755469522,0.39014887105326845,0.00013088036555672768,0.00013088036555672768,0.00013088036555672768,0.00013088036555672768,0.00013088036555672768,0.1548306820839538,0.3220607971143521,0.00013088036555672768,14.328058903080588,7.871713052518991,6.266889514792708,0.9975559854695578,#bcbd22,i
201.53981846745586,260.4793000089614,0,1,0,0,0,0,0,0,0,0,0,0.14589975041902012,0.3839783427477131,0.00012881038391579925,0.00012881038391579925,0.00012881038391579925,0.00012881038391579925,0.00012881038391579925,0.15238190630308776,0.31696713822630035,0.00012881038391579925,15.498758131222571,6.434015934498356,4.080433918411076,0.9609772640429723,#1f77b4,A
215.38748036801294,257.57380945824656,0,1,0,0,0,0,0,0,0,0,0,0.16560064888072404,0.37512139844208003,0.00012583921010384539,0.00012583921010384539,0.00012583921010384539,0.00012583921010384539,0.00012583921010384539,0.14886702562608195,0.3096558917901159,0.00012583921010384539,12.531055284741775,8.91825295940303,3.055951608210248,1.0171324043428203,#1f77b4,A
225.61659170950844,262.5026885161452,8,0,0,0,0,0,0,0,0,1,0,0.18175126008085285,0.3678605588321741,0.00012340346976752768,0.00012340346976752768,0.00012340346976752768,0.00012340346976752768,0.00012340346976752768,0.14598555951734002,0.3036622007506601,0.00012340346976752768,14.22090921457051,7.237082005383323,4.055477380645103,0.9725302387701704,#bcbd22,i
244.43201356713027,256.84346709722564,7,0,0,0,0,0,0,0,1,0,0,0.21396659381429098,0.35337749262993523,0.00011854494231923859,0.00011854494231923859,0.00011854494231923859,0.00011854494231923859,0.00011854494231923859,0.1402379508860349,0.2917066930154701,0.00011854494231923859,12.929067334239729,9.06474905153144,2.0517273119526864,1.1527530817612328,#7f7f7f,h
249.9406126209393,261.07287792847353,0,1,0,0,0,0,0,0,0,0,0,0.22432217763194867,0.34872192682903536,0.00011698317398129565,0.00011698317398129565,0.00011698317398129565,0.00011698317398129565,0.00011698317398129565,0.13839038837356607,0.28786360812121337,0.00011698317398129565,11.067933093160457,10.529613347018378,3.9917030274487724,0.9448695535046574,#1f77b4,A
265.84134681699334,259.0316069154783,0,1,0,0,0,0,0,0,0,0,0,0.25575503430821495,0.33459063928954524,0.00011224265512765228,0.00011224265512765228,0.00011224265512765228,0.00011224265512765228,0.00011224265512765228,0.1327823831970882,0.27619848727405116,0.00011224265512765228,11.157900372201539,10.541755955906716,4.316890157018864,1.0588029720478391,#1f77b4,A
276.4479936827908,260.77238469724534,7,0,0,0,0,0,0,0,1,0,0,0.2783904756510853,0.32441441084509454,0.00010882891079154054,0.00010882891079154054,0.00010882891079154054,0.00010882891079154054,0.00010882891079154054,0.12874394426262997,0.2677981957761166,0.00010882891079154054,14.564531815999105,7.208979049144846,4.943977374808723,1.0200620982912334,#7f7f7f,h
310.959501633145,259.4027852452717,1,0,1,0,0,0,0,0,0,0,0,0.35955047661585776,0.2879272623128554,9.658883606024636e-05,9.658883606024636e-05,9.658883606024636e-05,9.658883606024636e-05,9.658883606024636e-05,0.1142640097717423,0.23767871828282336,9.658883606024636e-05,17.228383474986433,5.143366541559637,2.002733671346272,0.9422382742803092,#ff7f0e,B
325.31121066099064,259.4837621951019,1,0,1,0,0,0,0,0,0,0,0,0.3962321267313145,0.2714362716738584,9.105672500377264e-05,9.105672500377264e-05,9.105672500377264e-05,9.105672500377264e-05,9.105672500377264e-05,0.10771955579963946,0.22406570544476867,9.105672500377264e-05,14.947346746171881,6.813321889992152,5.916960969469036,0.8738534222229715,#ff7f0e,B
332.68554270595314,257.73529910683715,0,1,0,0,0,0,0,0,0,0,0,0.415542309428596,0.26275498168020006,8.814447664891627e-05,8.814447664891627e-05,8.814447664891627e-05,8.814447664891627e-05,8.814447664891627e-05,0.1042743835825367,0.2168994584483581,8.814447664891627e-05,12.751070090345312,9.764947718342057,0.164061323451065,1.066166569036425,#1f77b4,A
346.6904377020494,261.02610281796933,0,1,0,0,0,0,0,0,0,0,0,0.4530374051330836,0.24589828983769074,8.24896865056853e-05,8.24896865056853e-05,8.24896865056853e-05,8.24896865056853e-05,8.24896865056853e-05,0.09758480099164309,0.20298456591809533,8.24896865056853e-05,11.168848847544668,10.854080941199216,6.0792506624359675,0.9199521703781004,#1f77b4,A
362.31919611241443,262.33729128729914,0,1,0,0,0,0,0,0,0,0,0,0.4954619896751337,0.22682544484995984,7.609145980452376e-05,7.609145980452376e-05,7.609145980452376e-05,7.609145980452376e-05,7.609145980452376e-05,0.0900157374422353,0.18724027927334838,7.609145980452376e-05,10.92152587383743,10.177726538264293,0.9152063784669364,0.9675714701927258,#1f77b4,A
372.2902303297674,261.4043512202985,0,1,0,0,0,0,0,0,0,0,0,0.5225131103736124,0.2146640568859813,7.201176863918557e-05,7.201176863918557e-05,7.201176863918557e-05,7.201176863918557e-05,7.201176863918557e-05,0.08518948743036918,0.17720127469767946,7.201176863918557e-05,16.962778818662755,5.056255651849207,6.266620599740375,0.8761302581553178,#1f77b4,A
384.46046522816357,260.5151173391084,1,0,1,0,0,0,0,0,0,0,0,0.5553612442676457,0.1998965023498574,6.705780598680375e-05,6.705780598680375e-05,6.705780598680375e-05,6.705780598680375e-05,6.705780598680375e-05,0.07932897952894337,0.1650109270170774,6.705780598680375e-05,16.098500927300698,5.7846502648376426,2.5904257429970334,0.9237859836846339,#ff7f0e,B
394.9049714240592,263.78474201378407,0,1,0,0,0,0,0,0,0,0,0,0.5833629016821296,0.18730778104519405,6.283476045600905e-05,6.283476045600905e-05,6.283476045600905e-05,6.283476045600905e-05,6.283476045600905e-05,0.07433314216844078,0.1546191665409161,6.283476045600905e-05,11.726636129122129,10.227237074697088,2.9845406847571407,0.9983113071841473,#1f77b4,A
409.3928709985784,261.8646983435839,0,1,0,0,0,0,0,0,0,0,0,0.620993051383961,0.17039037289905754,5.715960226200673e-05,5.715960226200673e-05,5.715960226200673e-05,5.715960226200673e-05,5.715960226200673e-05,0.06761946429648474,0.14065415380630367,5.715960226200673e-05,15.33670743263307,6.864267732060441,0.21889096207531428,0.8268294717432347,#1f77b4,A
422.2975246692301,260.49571595648536,0,1,0,0,0,0,0,0,0,0,0,0.6533822506078325,0.1558291418877949,5.227485344147309e-05,5.227485344147309e-05,5.227485344147309e-05,5.227485344147309e-05,5.227485344147309e-05,0.06184083594016177,0.1286341224429086,5.227485344147309e-05,13.076531990340285,8.472711871675543,0.5323272517011616,1.0978468917985165,#1f77b4,A
432.70507229498514,262.0563571362211,1,0,1,0,0,0,0,0,0,0,0,0.6786054807278811,0.1444895197474126,4.8470833998838945e-05,4.8470833998838945e-05,4.8470833998838945e-05,4.8470833998838945e-05,4.8470833998838945e-05,0.05734070391150859,0.11927347060852599,4.8470833998838945e-05,14.979015240109913,6.918110703732737,3.846764355803635,1.0508402628218094,#ff7f0e,B
444.8826460626735,261.85727104173475,0,1,0,0,0,0,0,0,0,0,0,0.7067805856190388,0.13182282156043396,4.422163013818704e-05,4.422163013818704e-05,4.422163013818704e-05,4.422163013818704e-05,4.422163013818704e-05,0.05231392140475178,0.10881734163423945,4.422163013818704e-05,14.501209836536132,7.774805748855996,0.3656329461134707,0.9312409802236862,#1f77b4,A
454.4680684999791,256.24358691792224,8,0,0,0,0,0,0,0,0,1,0,0.7278458149188076,0.12235251425153683,4.10446959613001e-05,4.10446959613001e-05,4.10446959613001e-05,4.10446959613001e-05,4.10446959613001e-05,0.0485556274585904,0.10099977519456917,4.10446959613001e-05,17.689813528628648,3.9164903801738,3.2283687867756656,1.064922493609363,#bcbd22,i
471.1074554364136,254.77456874529057,0,1,0,0,0,0,0,0,0,0,0,0.7622041620876353,0.1069060122607829,3.586297181158039e-05,3.586297181158039e-05,3.586297181158039e-05,3.586297181158039e-05,3.586297181158039e-05,0.04242567908123614,0.088248968738714,3.586297181158039e-05,8.426008948174006,13.450220099609684,2.309148956423383,0.8581490648518505,#1f77b4,A
479.26405940179006,257.4984879036829,1,0,1,0,0,0,0,0,0,0,0,0.7778976262287461,0.09985069251835278,3.3496175710092315e-05,3.3496175710092315e-05,3.3496175710092315e-05,3.3496175710092315e-05,3.3496175710092315e-05,0.03962577358595226,0.08242493061191024,3.3496175710092315e-05,17.052217831634405,5.07652931246071,4.80038955487877,0.8548114509026581,#ff7f0e,B
488.95844123981374,258.8327242356178,0,1,0,0,0,0,0,0,0,0,0,0.7955903341757437,0.09189657158284183,3.0827865398411414e-05,3.0827865398411414e-05,3.0827865398411414e-05,3.0827865398411414e-05,3.0827865398411414e-05,0.036469178600815756,0.0758589484474127,3.0827865398411414e-05,11.523475303036843,10.568920872959453,0.5590232653249385,1.0119857165224944,#1f77b4,A
504.11543679805703,259.3840271775277,0,1,0,0,0,0,0,0,0,0,0,0.8211081553720652,0.08042450996206926,2.697941745964751e-05,2.697941745964751e-05,2.697941745964751e-05,2.697941745964751e-05,2.697941745964751e-05,0.03191648792953903,0.06638897023074748,2.697941745964751e-05,10.911102548763632,11.291176306419873,5.230079668480188,0.9875875688528267,#1f77b4,A
514.8872874243096,258.52623032625536,0,1,0,0,0,0,0,0,0,0,0,0.8376724828916129,0.0729776756673645,2.448128285759129e-05,2.448128285759129e-05,2.448128285759129e-05,2.448128285759129e-05,2.448128285759129e-05,0.028961209781219348,0.06024174396181985,2.448128285759129e-05,15.524866064369306,6.684027330002768,2.7800545265815595,1.0787401747677117,#1f77b4,A
9.938192607804913,265.5391457163966,0,1,0,0,0,0,0,0,0,0,0,0.1489599539583051,0.3826025652742118,0.00012834886198912943,0.00012834886198912943,0.00012834886198912943,0.00012834886198912943,0.00012834886198912943,0.15183592865090878,0.315831458944257,0.00012834886198912943,12.298217033818197,9.494126858752995,4.998735881211429,0.8386714609616293,#1f77b4,A
19.15193385580345,270.61335075456157,7,0,0,0,0,0,0,0,1,0,0,0.1375577210038999,0.3877286737323276,0.00013006847980340223,0.00013006847980340223,0.00013006847980340223,0.00013006847980340223,0.00013006847980340223,0.15387022614064322,0.32006296824392116,0.00013006847980340223,11.365180000073375,10.671292620781388,1.985870805221669,1.0088941601505648,#7f7f7f,h
26.840230866857432,270.67046563982746,7,0,0,0,0,0,0,0,1,0,0,0.12806402701221134,0.39199675922612165,0.00013150026297926298,0.00013150026297926298,0.00013150026297926298,0.00013150026297926298,0.00013150026297926298,0.15556401699133246,0.32358619519206694,0.00013150026297926298,11.935400994841325,9.727806944152936,5.09864067578835,1.0852924995624522,#7f7f7f,h
43.966028594413835,272.41628519730807,1,0,1,0,0,0,0,0,0,0,0,0.10939932038949825,0.4003878621679341,0.00013431516442312388,0.00013431516442312388,0.00013431516442312388,0.00013431516442312388,0.00013431516442312388,0.15889402840059297,0.3305128980550357,0.00013431516442312388,12.330262586206677,9.511093895094165,2.6840960637715163,0.9847203081536623,#ff7f0e,B
55.63619659356817,274.6880455162234,1,0,1,0,0,0,0,0,0,0,0,0.0986908556484512,0.40520207284947507,0.00013593015218962994,0.00013593015218962994,0.00013593015218962994,0.00013593015218962994,0.00013593015218962994,0.16080454917566672,0.3344869414128641,0.00013593015218962994,12.060026591070885,10.04844662412946,2.382909915220671,1.0712243985891312,#ff7f0e,B
181.3800061596438,266.0864682622922,8,0,0,0,0,0,0,0,0,1,0,0.12118847169196031,0.3950878066045008,0.00013253719385578522,0.00013253719385578522,0.00013253719385578522,0.00013253719385578522,0.00013253719385578522,0.15679069995636638,0.32613779858364284,0.00013253719385578522,11.704264977275475,10.9838631157659,3.847210175898244,0.9302679702667686,#bcbd22,i
202.52117592515842,267.76185749781524,8,0,0,0,0,0,0,0,0,1,0,0.14796312704067716,0.3830507093275883,0.00012849919757095397,0.00012849919757095397,0.00012849919757095397,0.00012849919757095397,0.00012849919757095397,0.15201377473635003,0.3162013937095758,0.00012849919757095397,19.98856291949533,2.32349485550134,4.808737189722284,0.9652963047617854,#bcbd22,i
211.87296241666786,271.5404686165958,8,0,0,0,0,0,0,0,0,1,0,0.1618362307058364,0.37681377009624106,0.00012640693754633795,0.00012640693754633795,0.00012640693754633795,0.00012640693754633795,0.00012640693754633795,0.14953864376211784,0.3110529138101499,0.00012640693754633795,14.963818869550067,7.3198152538541414,1.8385686010389257,1.0531030633478509,#bcbd22,i
221.18810875621546,271.3298358600972,0,1,0,0,0,0,0,0,0,0,0,0.17588996185136982,0.37049562606416603,0.0001242874363458715,0.0001242874363458715,0.0001242874363458715,0.0001242874363458715,0.0001242874363458715,0.14703128664136053,0.3058374008246579,0.0001242874363458715,13.406749164975858,8.800131380211637,1.4421043429377827,1.077751164071551,#1f77b4,A
234.68401693743766,266.6956513705131,1,0,1,0,0,0,0,0,0,0,0,0.19729135197172357,0.3608741907409212,0.00012105980436814174,0.00012105980436814174,0.00012105980436814174,0.00012105980436814174,0.00012105980436814174,0.14321301750295962,0.29789508095782596,0.00012105980436814174,16.06075068009126,5.779160791752393,2.0345176569965013,0.9429866174253738,#ff7f0e,B
239.2661112216894,272.72848576140865,8,0,0,0,0,0,0,0,0,1,0,0.2062991140481149,0.35682456593908396,0.00011970130659009824,0.00011970130659009824,0.00011970130659009824,0.00011970130659009824,0.00011970130659009824,0.1416059228353271,0.29455218933757654,0.00011970130659009824,14.260338415077282,7.22304910964947,1.1517131019078808,1.0082874440547605,#bcbd22,i
256.82913850690437,264.75528207470063,1,0,1,0,0,0,0,0,0,0,0,0.23790649372070358,0.34261481799528876,0.00011493446720304037,0.00011493446720304037,0.00011493446720304037,0.00011493446720304037,0.00011493446720304037,0.1359667806267662,0.28282230085368065,0.00011493446720304037,9.371597232597177,12.266978541683057,2.618483886363044,1.0007607699015162,#ff7f0e,B
269.9703866845044,277.9638777187436,8,0,0,0,0,0,0,0,0,1,0,0.26719439756731705,0.329447838138891,0.00011051743753887376,0.00011051743753887376,0.00011051743753887376,0.00011051743753887376,0.00011051743753887376,0.13074146120792982,0.2719531984602994,0.00011051743753887376,11.844986160581344,9.76160762551662,5.679842731413358,0.9349245631968747,#bcbd22,i
283.9885576994967,270.4220070174536,0,1,0,0,0,0,0,0,0,0,0,0.296208634609154,0.31640389082605563,0.00010614168069508809,0.00010614168069508809,0.00010614168069508809,0.00010614168069508809,0.00010614168069508809,0.12556496728636285,0.2611856571939406,0.00010614168069508809,19.639911593807692,2.634038807405437,1.160333716149312,0.9638815474962437,#1f77b4,A
309.08991606272184,269.7583118118069,0,1,0,0,0,0,0,0,0,0,0,0.3558350022578866,0.28959763026696544,9.714918208369631e-05,9.714918208369631e-05,9.714918208369631e-05,9.714918208369631e-05,9.714918208369631e-05,0.1149268957336261,0.23905757664866362,9.714918208369631e-05,15.276375708254237,6.749359455759434,0.41947192476911743,0.9717489338435772,#1f77b4,A
319.94564341449836,266.27037752893006,1,0,1,0,0,0,0,0,0,0,0,0.38283007676680214,0.2774614390208153,9.307794347553525e-05,9.307794347553525e-05,9.307794347553525e-05,9.307794347553525e-05,9.307794347553525e-05,0.11011064504585677,0.2290393715052898,9.307794347553525e-05,13.268344662316823,8.892185392968353,0.8107940406902397,0.9077896206639576,#ff7f0e,B
324.863329050362,271.5238717055625,0,1,0,0,0,0,0,0,0,0,0,0.3962736744006396,0.27141759306415164,9.105045902827487e-05,9.105045902827487e-05,9.105045902827487e-05,9.105045902827487e-05,9.105045902827487e-05,0.10771214318846496,0.22405028659217802,9.105045902827487e-05,15.335767772465864,6.631403867608024,6.279812870266691,0.9586354541637637,#1f77b4,A
346.05747188327524,268.5341576375639,1,0,1,0,0,0,0,0,0,0,0,0.4519814133699618,0.24637303266484503,8.264894498206025e-05,8.264894498206025e-05,8.264894498206025e-05,8.264894498206025e-05,8.264894498206025e-05,0.09777320280745336,0.20337645748739522,8.264894498206025e-05,10.7091325375017,11.24408848007273,3.6940829384407037,0.9719623399821722,#ff7f0e,B
353.9441557355733,271.75788008040337,1,0,1,0,0,0,0,0,0,0,0,0.47374470904564736,0.23658889525194762,7.93667325337705e-05,7.93667325337705e-05,7.93667325337705e-05,7.93667325337705e-05,7.93667325337705e-05,0.09389036530198432,0.1952998300047442,7.93667325337705e-05,12.393576661488895,9.669156263424126,0.7291536894508042,0.9482635526800851,#ff7f0e,B
364.82489971257297,269.2955713610176,0,1,0,0,0,0,0,0,0,0,0,0.5029143580902696,0.22347507927519586,7.49675373643794e-05,7.49675373643794e-05,7.49675373643794e-05,7.49675373643794e-05,7.49675373643794e-05,0.08868614398276715,0.18447461342707797,7.49675373643794e-05,20.694472987016585,1.0957318199296182,0.6576514092905341,1.024700593238424,#1f77b4,A
380.68917324643274,272.8753723984742,7,0,0,0,0,0,0,0,1,0,0,0.5463771145946169,0.20393550271846467,6.841273966455596e-05,6.841273966455596e-05,6.841273966455596e-05,6.841273966455596e-05,6.841273966455596e-05,0.0809318578874544,0.1683450483609303,6.841273966455596e-05,11.482727803769501,10.101762853013655,5.207646391372052,0.9849142349699757,#7f7f7f,h
392.7261501162313,268.39902019871744,8,0,0,0,0,0,0,0,0,1,0,0.5779776255481569,0.1897288427486406,6.364693617736139e-05,6.364693617736139e-05,6.364693617736139e-05,6.364693617736139e-05,6.364693617736139e-05,0.07529394114217607,0.15661770894338423,6.364693617736139e-05,10.369878070757936,11.743972315798922,3.082031407019623,0.9633796877278321,#bcbd22,i
402.3074527438585,272.87331693443934,0,1,0,0,0,0,0,0,0,0,0,0.6036882989629231,0.17817008044458166,5.976940339954134e-05,5.976940339954134e-05,5.976940339954134e-05,5.976940339954134e-05,5.976940339954134e-05,0.07070684328193547,0.1470761608895587,5.976940339954134e-05,17.914414660899393,4.083834136569573,3.051004366951211,1.1031329500917884,#1f77b4,A
414.45750616763485,270.6342863013813,1,0,1,0,0,0,0,0,0,0,0,0.634528129663661,0.16430539993557106,5.511832124095986e-05,5.511832124095986e-05,5.511832124095986e-05,5.511832124095986e-05,5.511832124095986e-05,0.06520464117561917,0.13563111929706842,5.511832124095986e-05,14.5202291103496,7.691849394815015,3.216797029246175,1.0888490472117769,#ff7f0e,B
425.96493847085304,271.351864665365,0,1,0,0,0,0,0,0,0,0,0,0.6630910474000261,0.15146435250367382,5.0810629724434846e-05,5.0810629724434846e-05,5.0810629724434846e-05,5.0810629724434846e-05,5.0810629724434846e-05,0.060108668125163786,0.12503106819212653,5.0810629724434846e-05,12.215507261797233,9.848396211108126,1.6956289202958497,1.0107109863685082,#1f77b4,A
434.5258469543561,273.62231862060435,0,1,0,0,0,0,0,0,0,0,0,0.6838016962747716,0.14215345412134978,4.768717128496712e-05,4.768717128496712e-05,4.768717128496712e-05,4.768717128496712e-05,4.768717128496712e-05,0.05641363565343639,0.11734509092204855,4.768717128496712e-05,16.823834736768905,5.346875522894037,2.208472595570934,0.8798226667813993,#1f77b4,A
449.0429804778071,270.21353796145127,1,0,1,0,0,0,0,0,0,0,0,0.7165530716289314,0.12742939937790906,4.274780118735208e-05,4.274780118735208e-05,4.274780118735208e-05,4.274780118735208e-05,4.274780118735208e-05,0.050570390656177015,0.10519065152914196,4.274780118735208e-05,10.337521254560382,11.772811555788998,5.89816757116871,0.998861745286602,#ff7f0e,B
459.4010583540915,272.73781324124053,0,1,0,0,0,0,0,0,0,0,0,0.7390713096629116,0.11730586209274739,3.935173276600266e-05,3.935173276600266e-05,3.935173276600266e-05,3.935173276600266e-05,3.935173276600266e-05,0.04655286222214008,0.09683385562486553,3.935173276600266e-05,16.41076972603098,4.995059206720216,1.5427514367349036,1.0193899128393804,#1f77b4,A
474.78552867763693,269.9246415584168,0,1,0,0,0,0,0,0,0,0,0,0.7697973861089655,0.10349232214974827,3.4717806356087885e-05,3.4717806356087885e-05,3.4717806356087885e-05,3.4717806356087885e-05,3.4717806356087885e-05,0.041070955262895066,0.08543102963948464,3.4717806356087885e-05,14.934280773678816,7.687390499576724,4.83684713064019,0.905843418352122,#1f77b4,A
486.0538871290195,267.73105929450236,0,1,0,0,0,0,0,0,0,0,0,0.7906653826188066,0.09411068490019066,3.157061767032321e-05,3.157061767032321e-05,3.157061767032321e-05,3.157061767032321e-05,3.157061767032321e-05,0.037347850053102184,0.07768665872108797,3.157061767032321e-05,10.118361915547647,11.862579757909204,0.8025306585994485,1.0090561266502518,#1f77b4,A
490.8414546548284,269.8152864389696,8,0,0,0,0,0,0,0,0,1,0,0.799262562894254,0.09024564559585377,3.0274041428343847e-05,3.0274041428343847e-05,3.0274041428343847e-05,3.0274041428343847e-05,3.0274041428343847e-05,0.03581400818869739,0.07449613907182545,3.0274041428343847e-05,16.8221933780217,5.017414560123105,3.912649694865563,1.0594929767797112,#bcbd22,i
509.4309933500399,268.2617346297333,0,1,0,0,0,0,0,0,0,0,0,0.829673111618768,0.0765739576329558,2.5687701056446957e-05,2.5687701056446957e-05,2.5687701056446957e-05,2.5687701056446957e-05,2.5687701056446957e-05,0.03038839522506162,0.06321040931604605,2.5687701056446957e-05,9.421508521695447,12.273292181753469,2.888615938341416,1.001779718746754,#1f77b4,A
11.775947499321374,279.87446505260186,8,0,0,0,0,0,0,0,0,1,0,0.1496370920641125,0.38229814390469835,0.00012824673999652274,0.00012824673999652274,0.00012824673999652274,0.00012824673999652274,0.00012824673999652274,0.1517151189503566,0.3155801646404712,0.00012824673999652274,15.76105701612488,6.344945961950671,2.7777393017842917,1.1249426334711845,#bcbd22,i
23.12792367208405,276.9657816811294,1,0,1,0,0,0,0,0,0,0,0,0.134131088665817,0.3892691868126461,0.00013058526436964408,0.00013058526436964408,0.00013058526436964408,0.00013058526436964408,0.00013058526436964408,0.15448157916171193,0.32133463377321786,0.00013058526436964408,12.496092790818166,9.908824631407965,1.1422919767494184,1.1925060945307815,#ff7f0e,B
33.760839361116524,280.66822655392764,1,0,1,0,0,0,0,0,0,0,0,0.1228710751435364,0.39433135759847987,0.0001322834334843512,0.0001322834334843512,0.0001322834334843512,0.0001322834334843512,0.0001322834334843512,0.1564905029693861,0.32551336368729733,0.0001322834334843512,11.434731019739631,10.926200263648282,4.829373348767536,1.101379365147412,#ff7f0e,B
47.60499283162546,282.61550419330644,1,0,1,0,0,0,0,0,0,0,0,0.1091799728409212,0.4004864743720983,0.00013434824513227606,0.00013434824513227606,0.00013434824513227606,0.00013434824513227606,0.00013434824513227606,0.15893316267974986,0.3305943006360366,0.00013434824513227606,12.002132999493556,9.586185876940865,5.665648988137536,0.8518979704538644,#ff7f0e,B
180.31618912773993,276.46363599585186,8,0,0,0,0,0,0,0,0,1,0,0.12223849589762677,0.3946157466156006,0.00013237883537138112,0.00013237883537138112,0.00013237883537138112,0.00013237883537138112,0.00013237883537138112,0.15660336282562282,0.32574812164852684,0.00013237883537138112,12.655123848873538,9.55941389279168,2.3322185173292413,0.9829404738742339,#bcbd22,i
191.07254315830696,283.44123393782473,0,1,0,0,0,0,0,0,0,0,0,0.1372961550223886,0.3878462661017821,0.00013010792764868074,0.00013010792764868074,0.00013010792764868074,0.00013010792764868074,0.00013010792764868074,0.1539168927033872,0.32016003860616227,0.00013010792764868074,15.304801652809653,6.968206458005552,2.083456107209834,0.9858764389853901,#1f77b4,A
203.03061370468774,279.9231344221716,8,0,0,0,0,0,0,0,0,1,0,0.1515451401251702,0.38144034163531915,0.00012795897939301605,0.00012795897939301605,0.00012795897939301605,0.00012795897939301605,0.00012795897939301605,0.1513746998941574,0.3148720644686138,0.00012795897939301605,14.947222260697293,7.162115091871109,1.2928728267953062,0.9468790773060954,#bcbd22,i
214.7559935599023,281.6712468975522,8,0,0,0,0,0,0,0,0,1,0,0.16882445127663034,0.3736720717360716,0.00012535301515835849,0.00012535301515835849,0.00012535301515835849,0.00012535301515835849,0.00012535301515835849,0.14829185994163957,0.3084594989543348,0.00012535301515835849,12.865050405552502,9.533756888276816,0.6649159502206481,0.9504338490409874,#bcbd22,i
227.1146897879051,282.26347816082233,7,0,0,0,0,0,0,0,1,0,0,0.18827621758347568,0.3649271299172598,0.0001224194139949653,0.0001224194139949653,0.0001224194139949653,0.0001224194139949653,0.0001224194139949653,0.14482142748098467,0.3012407085339452,0.0001224194139949653,16.886975732334268,4.823314468438365,5.23298179150936,0.9384548742566653,#7f7f7f,h
237.12062270772117,279.9440950838296,0,1,0,0,0,0,0,0,0,0,0,0.20438653565498835,0.3576844049124693,0.00011998975043168305,0.00011998975043168305,0.00011998975043168305,0.00011998975043168305,0.00011998975043168305,0.1419471501580468,0.2952619707715478,0.00011998975043168305,14.651354759111399,7.308935831409162,0.023319406210654054,1.1103788455897972,#1f77b4,A
251.82996916011604,278.4865896506227,8,0,0,0,0,0,0,0,0,1,0,0.2308289252417308,0.3457966845461681,0.00011600186451783345,0.00011600186451783345,0.00011600186451783345,0.00011600186451783345,0.00011600186451783345,0.13722950520429164,0.28544887382035666,0.00011600186451783345,15.020152761969769,6.965969896117965,0.901612416253521,1.0463246448002226,#bcbd22,i
265.167916995282,283.64405424144627,8,0,0,0,0,0,0,0,0,1,0,0.2589237851289292,0.3331660621520075,0.00011176476273744404,0.00011176476273744404,0.00011176476273744404,0.00011176476273744404,0.00011176476273744404,0.13221703938540239,0.2750225247569031,0.00011176476273744404,17.34696934668608,4.739084033840194,5.472577755261859,0.9874168696358804,#bcbd22,i
277.87362420949154,281.3389890759888,8,0,0,0,0,0,0,0,0,1,0,0.2852039215748085,0.3213512860240025,0.0001078013468894636,0.0001078013468894636,0.0001078013468894636,0.0001078013468894636,0.0001078013468894636,0.1275283423717989,0.265269641947732,0.0001078013468894636,13.345751980195487,8.730382829947,5.838258519611288,1.0296775191725445,#bcbd22,i
286.1053414542314,279.37130505512505,1,0,1,0,0,0,0,0,0,0,0,0.30304456348212017,0.31333065833248064,0.00010511072604663803,0.00010511072604663803,0.00010511072604663803,0.00010511072604663803,0.00010511072604663803,0.12434535416304864,0.2586487596657574,0.00010511072604663803,10.96933494613695,11.541951204099881,4.30300934468736,0.946683920068004,#ff7f0e,B
298.97913376308077,285.02436702662914,8,0,0,0,0,0,0,0,0,1,0,0.33496173857046735,0.2989816354845907,0.00010029716513425163,0.00010029716513425163,0.00010029716513425163,0.00010029716513425163,0.00010029716513425163,0.1186509406721694,0.24680390228163204,0.00010029716513425163,15.482481899433067,6.688268266274489,0.7454152498227056,1.0649412312621163,#bcbd22,i
317.0919845688455,279.6201564715976,8,0,0,0,0,0,0,0,0,1,0,0.3780907936556527,0.2795920812677023,9.379269432279606e-05,9.379269432279606e-05,9.379269432279606e-05,9.379269432279606e-05,9.379269432279606e-05,0.1109561909818781,0.23079817792845198,9.379269432279606e-05,18.978337296361325,3.345355786233233,0.2177238524928809,0.9959196214247292,#bcbd22,i
327.0729185523385,282.1456125779077,1,0,1,0,0,0,0,0,0,0,0,0.40450666064887536,0.2677162846790787,8.980880839074062e-05,8.980880839074062e-05,8.980880839074062e-05,8.980880839074062e-05,8.980880839074062e-05,0.10624327798243018,0.2209949238388667,8.980880839074062e-05,12.055505584195158,10.10202120999598,1.5816318819319277,1.0233305909237387,#ff7f0e,B
336.42301574649923,283.9919586179139,0,1,0,0,0,0,0,0,0,0,0,0.42962674423713526,0.25642303418459633,8.602034490230024e-05,8.602034490230024e-05,8.602034490230024e-05,8.602034490230024e-05,8.602034490230024e-05,0.10176154855364779,0.21167255095477738,8.602034490230024e-05,12.287659844876474,9.565804214013491,1.349334080335942,0.9838795631978701,#1f77b4,A
349.44909035444266,279.6089603579144,0,1,0,0,0,0,0,0,0,0,0,0.46321449727906044,0.2413229686407636,8.095483723346596e-05,8.095483723346596e-05,8.095483723346596e-05,8.095483723346596e-05,8.095483723346596e-05,0.09576908357136461,0.19920772148494728,8.095483723346596e-05,8.247106756790775,13.572327822186065,1.8752751360847897,1.0925770928668819,#1f77b4,A
359.2907915409164,284.4870971153663,0,1,0,0,0,0,0,0,0,0,0,0.491109208800916,0.22878232706284818,7.674792065415495e-05,7.674792065415495e-05,7.674792065415495e-05,7.674792065415495e-05,7.674792065415495e-05,0.09079232666306657,0.18885564994875312,7.674792065415495e-05,12.207142171107819,9.89710280302727,4.856726339237398,0.9872317137034224,#1f77b4,A
370.0348241698823,280.4859451498657,0,1,0,0,0,0,0,0,0,0,0,0.5191108070943892,0.21619363233725186,7.2524884039644e-05,7.2524884039644e-05,7.2524884039644e-05,7.2524884039644e-05,7.2524884039644e-05,0.08579649985047373,0.17846391141312828,7.2524884039644e-05,10.200809101639,11.38429904866649,2.395710292422496,1.1075053601444111,#1f77b4,A
381.5917183682099,280.01546707312747,8,0,0,0,0,0,0,0,0,1,0,0.5501558884517544,0.2022366771719366,6.784284718236978e-05,6.784284718236978e-05,6.784284718236978e-05,6.784284718236978e-05,6.784284718236978e-05,0.08025767852253535,0.16694269877012924,6.784284718236978e-05,13.870535253449935,8.50632435130459,3.912931995848563,1.0924246468930567,#bcbd22,i
397.01113198782815,280.88930657465244,1,0,1,0,0,0,0,0,0,0,0,0.5912788409289181,0.18374900766376842,6.16409249853665e-05,6.16409249853665e-05,6.16409249853665e-05,6.16409249853665e-05,6.16409249853665e-05,0.07292084201608913,0.15168146384072095,6.16409249853665e-05,10.518224839642691,11.714502046872912,3.897013056836347,1.0678921368924732,#ff7f0e,B
409.6774197392272,281.43558668945417,0,1,0,0,0,0,0,0,0,0,0,0.6241204808862576,0.16898437261051644,5.668794171038104e-05,5.668794171038104e-05,5.668794171038104e-05,5.668794171038104e-05,5.668794171038104e-05,0.06706149271220882,0.13949352614013072,5.668794171038104e-05,11.910592268534213,10.015998879235905,4.224283282014187,0.9615382263985077,#1f77b4,A
418.1296423162554,274.0577458556483,0,1,0,0,0,0,0,0,0,0,0,0.6441503558571033,0.15997953014555566,5.3667153593237216e-05,5.3667153593237216e-05,5.3667153593237216e-05,5.3667153593237216e-05,5.3667153593237216e-05,0.06348791861177762,0.13206019246335976,5.3667153593237216e-05,14.548496836005224,7.159867369435449,0.32836973827497623,1.0451008875001089,#1f77b4,A
433.26097060468874,277.558477723144,0,1,0,0,0,0,0,0,0,0,0,0.6813489118923229,0.14325615381351528,4.8057085821488246e-05,4.8057085821488246e-05,4.8057085821488246e-05,4.8057085821488246e-05,4.8057085821488246e-05,0.0568512423162747,0.1182553494622766,4.8057085821488246e-05,19.357219282410753,2.581028050624521,5.658992390823499,0.9318638937250763,#1f77b4,A
442.37736613220477,280.94824968954947,0,1,0,0,0,0,0,0,0,0,0,0.7029513095043575,0.13354435143606885,4.479913907428024e-05,4.479913907428024e-05,4.479913907428024e-05,4.479913907428024e-05,4.479913907428024e-05,0.05299711098864797,0.11023843323577698,4.479913907428024e-05,14.783472973301661,7.571503825705717,4.138771459157755,0.9523019623647867,#1f77b4,A
453.8390290224768,278.33414668915225,0,1,0,0,0,0,0,0,0,0,0,0.7278875338914444,0.12233375862890117,4.103840415084274e-05,4.103840415084274e-05,4.103840415084274e-05,4.103840415084274e-05,4.103840415084274e-05,0.048548184284814846,0.1009842927692065,4.103840415084274e-05,11.782070472914436,10.566846866361194,0.2045603330614886,0.8621688054194396,#1f77b4,A
472.0791602669584,283.52269401563126,1,0,1,0,0,0,0,0,0,0,0,0.7659675716887099,0.10521409403173126,3.529539647626658e-05,3.529539647626658e-05,3.529539647626658e-05,3.529539647626658e-05,3.529539647626658e-05,0.04175424088707416,0.08685232101286094,3.529539647626658e-05,14.54567776522865,7.380770268082023,2.2448942825791494,1.0187297741779267,#ff7f0e,B
482.0452458664252,277.92745157312237,0,1,0,0,0,0,0,0,0,0,0,0.7841466179952133,0.09704132967890519,3.2553739469239535e-05,3.2553739469239535e-05,3.2553739469239535e-05,3.2553739469239535e-05,3.2553739469239535e-05,0.03851087720427443,0.08010585268400719,3.2553739469239535e-05,12.444711979845582,9.61438686366295,5.700886288023251,0.9175461144770277,#1f77b4,A
493.02769207652324,279.3147138141235,0,1,0,0,0,0,0,0,0,0,0,0.8037866362881217,0.08821175530592457,2.9591747246818796e-05,2.9591747246818796e-05,2.9591747246818796e-05,2.9591747246818796e-05,2.9591747246818796e-05,0.03500685829223986,0.0728171996294291,2.9591747246818796e-05,12.696721812613333,9.536427963168837,2.4781959692127535,1.0831895757563421,#1f77b4,A
504.78490779877814,280.9714566164081,8,0,0,0,0,0,0,0,0,1,0,0.8233003827871296,0.07943894901629424,2.6648798594819735e-05,2.6648798594819735e-05,2.6648798594819735e-05,2.6648798594819735e-05,2.6648798594819735e-05,0.03152536780901248,0.06557540759517154,2.6648798594819735e-05,19.001353902921124,3.28023509539762,1.0060514332163293,1.0750580143808033,#bcbd22,i
518.0668455421587,281.1867949667247,0,1,0,0,0,0,0,0,0,0,0,0.8433335818995694,0.07043261211507604,2.3627509150161704e-05,2.3627509150161704e-05,2.3627509150161704e-05,2.3627509150161704e-05,2.3627509150161704e-05,0.0279512006411595,0.058140840288450533,2.3627509150161704e-05,12.104244067813594,9.613199377518649,0.4541738643537541,1.0488266708900444,#1f77b4,A
5.367398882376092,292.2805818167471,8,0,0,0,0,0,0,0,0,1,0,0.1634902037972633,0.3760701924577765,0.0001261574950376891,0.0001261574950376891,0.0001261574950376891,0.0001261574950376891,0.0001261574950376891,0.1492435547807374,0.3104391039936206,0.0001261574950376891,14.766418324861649,7.3591838354142824,5.849345000336549,1.1050998878888918,#bcbd22,i
18.44442050177977,294.1201852103514,0,1,0,0,0,0,0,0,0,0,0,0.1470108515209745,0.38347882438325537,0.0001286428141725727,0.0001286428141725727,0.0001286428141725727,0.0001286428141725727,0.0001286428141725727,0.15218367230878282,0.3165547949015684,0.0001286428141725727,12.726693789735968,9.125927813645074,5.478058308977619,1.01162963774697,#1f77b4,A
28.658922780291135,290.18394258239294,8,0,0,0,0,0,0,0,0,1,0,0.1327031637054617,0.3899111398622024,0.00013080061562663827,0.00013080061562663827,0.00013080061562663827,0.00013080061562663827,0.00013080061562663827,0.15473633839825757,0.3218645543399286,0.00013080061562663827,17.36752234036491,4.931358417307697,2.077869757924315,1.0919996696023606,#bcbd22,i
40.407422930245126,290.7984307395121,1,0,1,0,0,0,0,0,0,0,0,0.12021679533240248,0.3955246437069524,0.00013268373637813894,0.00013268373637813894,0.00013268373637813894,0.00013268373637813894,0.00013268373637813894,0.15696405887535944,0.32649839966662136,0.00013268373637813894,12.528948059371665,9.317407041072801,0.2073072991705581,1.198581077669559,#ff7f0e,B
47.58056374844471,289.7812547441643,8,0,0,0,0,0,0,0,0,1,0,0.1125944112805212,0.39895144330976695,0.0001338332995781944,0.0001338332995781944,0.0001338332995781944,0.0001338332995781944,0.0001338332995781944,0.15832398519896107,0.3293271604128826,0.0001338332995781944,11.354694105345956,10.085033284564965,4.160013321897517,0.9716093516900268,#bcbd22,i
173.8003112408698,289.4518814025699,0,1,0,0,0,0,0,0,0,0,0,0.1203532595544815,0.3954632934077762,0.00013266315564555467,0.00013266315564555467,0.00013266315564555467,0.00013266315564555467,0.00013266315564555467,0.15693971199299664,0.3264477561104769,0.00013266315564555467,18.880551080614335,2.9016662440428043,3.9747511269769538,0.8629099133217406,#1f77b4,A
185.6900285651415,285.48448394279626,0,1,0,0,0,0,0,0,0,0,0,0.1316581823555493,0.39038093273152713,0.0001309582135771518,0.0001309582135771518,0.0001309582135771518,0.0001309582135771518,0.0001309582135771518,0.1549227758220014,0.3222523598090689,0.0001309582135771518,15.801798639876571,6.018249973911216,5.399908708863386,0.9418267187956479,#1f77b4,A
196.85243928374112,289.70509632880606,8,0,0,0,0,0,0,0,0,1,0,0.1472204148275346,0.38338461088642856,0.0001286112090653433,0.0001286112090653433,0.0001286112090653433,0.0001286112090653433,0.0001286112090653433,0.1521462836577896,0.31647702337347183,0.0001286112090653433,13.580207148160781,8.399479848965928,3.4684900993832524,0.9089559263699052,#bcbd22,i
209.46773280025553,292.7336923415276,0,1,0,0,0,0,0,0,0,0,0,0.16572862770822488,0.3750638629266476,0.00012581990908864068,0.00012581990908864068,0.00012581990908864068,0.00012581990908864068,0.00012581990908864068,0.14884419264165114,0.3096083972685694,0.00012581990908864068,12.495462821161192,9.203074216707543,5.3935816944456185,0.8342400857047907,#1f77b4,A
219.8043393841919,290.23437973489166,8,0,0,0,0,0,0,0,0,1,0,0.17985173542563232,0.36871452922906583,0.00012368994492101994,0.00012368994492101994,0.00012368994492101994,0.00012368994492101994,0.00012368994492101994,0.14632445789393483,0.30436713778147223,0.00012368994492101994,15.207232467140553,6.48077776428331,3.048779023782547,1.0295207272527938,#bcbd22,i
231.54016217241664,293.5128165743244,8,0,0,0,0,0,0,0,0,1,0,0.20023839235800142,0.3595492880915089,0.00012061534904365487,0.00012061534904365487,0.00012061534904365487,0.00012061534904365487,0.00012061534904365487,0.1426872295381001,0.29680139791776816,0.00012061534904365487,13.733514379090229,7.429304742179853,6.169818224983352,1.1069406932665988,#bcbd22,i
244.44129161064836,293.57465292893886,1,0,1,0,0,0,0,0,0,0,0,0.22280298903091852,0.3494049093262668,0.00011721228908462832,0.00011721228908462832,0.00011721228908462832,0.00011721228908462832,0.00011721228908462832,0.13866143015721205,0.2884273977507455,0.00011721228908462832,9.060537379147732,12.790663125414387,2.025589334884508,1.0429183631503713,#ff7f0e,B
258.1794951028944,293.4709640908256,1,0,1,0,0,0,0,0,0,0,0,0.24884756758162724,0.33769603309731117,0.00011328439869507763,0.00011328439869507763,0.00011328439869507763,0.00011328439869507763,0.00011328439869507763,0.13401475954639727,0.27876193338215616,0.00011328439869507763,10.002648040713234,11.737591945089065,1.3754015345908546,1.1886533732115416,#ff7f0e,B
271.55344987374275,289.9118727181844,1,0,1,0,0,0,0,0,0,0,0,0.274693127436992,0.3260766298182247,0.00010938652313641622,0.00010938652313641622,0.00010938652313641622,0.00010938652313641622,0.00010938652313641622,0.12940359629926884,0.26917032730636986,0.00010938652313641622,12.108818397675055,9.155437617216766,4.870903629632995,0.951636311316985,#ff7f0e,B
280.35021526439266,291.4219482721944,1,0,1,0,0,0,0,0,0,0,0,0.2944482712361387,0.31719529840489175,0.00010640716836122641,0.00010640716836122641,0.00010640716836122641,0.00010640716836122641,0.00010640716836122641,0.12587903759215868,0.2618389497563263,0.00010640716836122641,13.169450743227824,9.09498987836512,5.9395434573135155,0.9957822672598411,#ff7f0e,B
292.50129741134157,286.85917608204585,8,0,0,0,0,0,0,0,0,1,0,0.320281632950139,0.30558137905126065,0.00010251113245460948,0.00010251113245460948,0.00010251113245460948,0.00010251113245460948,0.00010251113245460948,0.12127005064228943,0.252251870561263,0.00010251113245460948,15.942749926345009,6.254018467590428,2.200633196484501,1.0351572834699776,#bcbd22,i
304.19934915164265,289.33463796655167,8,0,0,0,0,0,0,0,0,1,0,0.3492011469119174,0.2925800164482442,9.814966118948821e-05,9.814966118948821e-05,9.814966118948821e-05,9.814966118948821e-05,9.814966118948821e-05,0.11611045647401362,0.2415194821983386,9.814966118948821e-05,13.693852983993533,8.25784274605828,1.323847862409543,0.9895132393969636,#bcbd22,i
316.1661822414439,291.8292856601272,7,0,0,0,0,0,0,0,1,0,0,0.3799662471519489,0.27874893255563654,9.350984944013393e-05,9.350984944013393e-05,9.350984944013393e-05,9.350984944013393e-05,9.350984944013393e-05,0.11062158719375252,0.23010217400164124,9.350984944013393e-05,13.862804409190485,8.459712683410121,0.7112680038915973,1.0688853665499713,#7f7f7f,h
331.8593970922014,288.59888623927554,0,1,0,0,0,0,0,0,0,0,0,0.41915827196457295,0.26112935131340725,8.759913841407382e-05,8.759913841407382e-05,8.759913841407382e-05,8.759913841407382e-05,8.759913841407382e-05,0.10362925174394538,0.2155575301471709,8.759913841407382e-05,16.7966930635784,5.3646125197760695,2.9057263634901993,1.0442958239141076,#1f77b4,A
342.84986022487834,293.51280938817087,8,0,0,0,0,0,0,0,0,1,0,0.45012640579962354,0.24720698949016323,8.292870633023874e-05,8.292870633023874e-05,8.292870633023874e-05,8.292870633023874e-05,8.292870633023874e-05,0.0981041587929058,0.20406487367887577,8.292870633023874e-05,12.376976479598754,9.306927758942015,0.15849075352414413,0.9701901124796467,#bcbd22,i
351.6821437080895,292.3910741547831,8,0,0,0,0,0,0,0,0,1,0,0.4732934497836687,0.23679176813911681,7.943478880563045e-05,7.943478880563045e-05,7.943478880563045e-05,7.943478880563045e-05,7.943478880563045e-05,0.0939708754606116,0.19546729788329584,7.943478880563045e-05,13.06070658936692,9.159736324606683,3.0220519845986136,1.1838719133674582,#bcbd22,i
365.95221132858353,289.463544746468,0,1,0,0,0,0,0,0,0,0,0,0.5106702074834393,0.21998827758176998,7.379784570532783e-05,7.379784570532783e-05,7.379784570532783e-05,7.379784570532783e-05,7.379784570532783e-05,0.08730240581372628,0.18159632204632173,7.379784570532783e-05,17.783256887072255,3.8728602572224986,6.115495061288873,0.9390654402680628,#1f77b4,A
375.9639467750952,289.85197464431917,8,0,0,0,0,0,0,0,0,1,0,0.5377528912896139,0.2078126997732256,6.971339437744203e-05,6.971339437744203e-05,6.971339437744203e-05,6.971339437744203e-05,6.971339437744203e-05,0.0824705245583124,0.17154560401204547,6.971339437744203e-05,11.511114500509725,10.557917520941531,3.7895879198312215,0.9997449801995407,#bcbd22,i
384.74067763148696,290.6023405976682,0,1,0,0,0,0,0,0,0,0,0,0.5614543706356167,0.19715721200767902,6.613887645002862e-05,6.613887645002862e-05,6.613887645002862e-05,6.613887645002862e-05,6.613887645002862e-05,0.0782418914362354,0.1627496926612072,6.613887645002862e-05,17.645373860979706,4.453617909923002,3.218236174393951,1.0332398873263753,#1f77b4,A
403.17806373418284,288.9797943090532,1,0,1,0,0,0,0,0,0,0,0,0.609295371671433,0.17564930552695476,5.892377762132348e-05,5.892377762132348e-05,5.892377762132348e-05,5.892377762132348e-05,5.892377762132348e-05,0.06970647309292881,0.14499530704234623,5.892377762132348e-05,15.290672868446698,6.0264617937565035,5.038764300373113,0.879453090352623,#ff7f0e,B
412.27566947669504,293.5371762221401,1,0,1,0,0,0,0,0,0,0,0,0.6337361092205713,0.16466146902384196,5.523776911302605e-05,5.523776911302605e-05,5.523776911302605e-05,5.523776911302605e-05,5.523776911302605e-05,0.06534594728694322,0.1359250478533314,5.523776911302605e-05,15.069750977720261,7.45934183679988,3.087627850759443,0.9931228066662152,#ff7f0e,B
424.64388854735995,290.1187030717026,1,0,1,0,0,0,0,0,0,0,0,0.6632648126048283,0.1513862327801402,5.078442347668721e-05,5.078442347668721e-05,5.078442347668721e-05,5.078442347668721e-05,5.078442347668721e-05,0.06007766629233451,0.12496658178117354,5.078442347668721e-05,14.987032711367892,6.887087724333301,3.6109730263796265,1.1769614064528549,#ff7f0e,B
436.8352159584748,289.120909144631,1,0,1,0,0,0,0,0,0,0,0,0.6918437970490365,0.13853796222911377,4.647430887363747e-05,4.647430887363747e-05,4.647430887363747e-05,4.647430887363747e-05,4.647430887363747e-05,0.05497882674515309,0.11436056812276298,4.647430887363747e-05,13.099245004092028,8.959569249080834,6.167224028548553,0.9688151751928132,#ff7f0e,B
452.1666207766526,292.240071381357,7,0,0,0,0,0,0,0,1,0,0,0.7267262296243463,0.12285584685932327,4.1213545240617135e-05,4.1213545240617135e-05,4.1213545240617135e-05,4.1213545240617135e-05,4.1213545240617135e-05,0.048755375136363445,0.10141526710779634,4.1213545240617135e-05,5.8134721350899925,16.116357201228183,3.328563027690053,1.0759891007414002,#7f7f7f,h
462.3488837053606,295.26282838788546,1,0,1,0,0,0,0,0,0,0,0,0.7486947807659013,0.11297943262802747,3.790037736833289e-05,3.790037736833289e-05,3.790037736833289e-05,3.790037736833289e-05,3.790037736833289e-05,0.044835917551244844,0.09326246678986755,3.790037736833289e-05,14.144857634347932,8.05114688879566,2.4674507363992575,1.0316146805352473,#ff7f0e,B
475.13919990817334,294.54100810374854,0,1,0,0,0,0,0,0,0,0,0,0.7736845765789209,0.10174475568394702,3.413156311703591e-05,3.413156311703591e-05,3.413156311703591e-05,3.413156311703591e-05,3.413156311703591e-05,0.0403774330513439,0.08398844530631244,3.413156311703591e-05,13.007954309350904,8.934774909621503,5.654896540870443,1.0689423287531803,#1f77b4,A
483.8832857370659,292.9153353516616,0,1,0,0,0,0,0,0,0,0,0,0.7895427508335318,0.09461538712061254,3.1739926403494155e-05,3.1739926403494155e-05,3.1739926403494155e-05,3.1739926403494155e-05,3.1739926403494155e-05,0.03754814126200982,0.0781032812246355,3.1739926403494155e-05,15.682442198446697,6.633325981391195,0.8935899302053336,1.0286110292740724,#1f77b4,A
496.5406048231311,288.9212466657819,0,1,0,0,0,0,0,0,0,0,0,0.8108452394633773,0.08503841499759188,2.8527210167756543e-05,2.8527210167756543e-05,2.8527210167756543e-05,2.8527210167756543e-05,2.8527210167756543e-05,0.033747517356311395,0.07019766492090193,2.8527210167756543e-05,15.308367422291887,6.644245745780439,0.010649928698349525,0.9521042849511524,#1f77b4,A
509.5999056942798,292.1627773537224,0,1,0,0,0,0,0,0,0,0,0,0.8320239627756945,0.07551708411989065,2.5333159490393565e-05,2.5333159490393565e-05,2.5333159490393565e-05,2.5333159490393565e-05,2.5333159490393565e-05,0.02996897469345127,0.06233797945318908,2.5333159490393565e-05,13.588124033239762,8.046747507398706,5.292019851998243,0.9740291195958505,#1f77b4,A
10.316348017294663,298.2728138769467,1,0,1,0,0,0,0,0,0,0,0,0.15986907775461917,0.3776981441852432,0.00012670361200228352,0.00012670361200228352,0.00012670361200228352,0.00012670361200228352,0.00012670361200228352,0.14988960785192262,0.31178294853582367,0.00012670361200228352,15.163180880170712,6.833630491571998,4.524556472925144,0.8841527729369184,#ff7f0e,B
27.218347866601736,299.6996395254349,1,0,1,0,0,0,0,0,0,0,0,0.13963017398633326,0.38679695984744383,0.00012975592461512587,0.00012975592461512587,0.00012975592461512587,0.00012975592461512587,0.00012975592461512587,0.15350047524039276,0.3192938553777527,0.00012975592461512587,14.807227448047344,7.390768995036799,6.15709346748461,0.8912569458388189,#ff7f0e,B
34.83331121596163,303.5552259344915,0,1,0,0,0,0,0,0,0,0,0,0.13372188339980215,0.3894531534605485,0.0001306469783047958,0.0001306469783047958,0.0001306469783047958,0.0001306469783047958,0.0001306469783047958,0.15455458637431396,0.32148649489511716,0.0001306469783047958,10.018515227268715,12.124300444278138,0.31695789112027506,0.9457483916141507,#1f77b4,A
52.94496531068738,301.4545219000409,7,0,0,0,0,0,0,0,1,0,0,0.11494315404762635,0.39789551766673364,0.0001334790759871128,0.0001334790759871128,0.0001334790759871128,0.0001334790759871128,0.0001334790759871128,0.15790494082982215,0.32845551299949727,0.0001334790759871128,11.247657189973646,10.876407970440416,3.6428138010489475,0.9208741516586246,#7f7f7f,h
58.13468217578449,302.8383009761082,7,0,0,0,0,0,0,0,1,0,0,0.11168758404925462,0.3993591261521395,0.00013397006193584748,0.00013397006193584748,0.00013397006193584748,0.00013397006193584748,0.00013397006193584748,0.1584857742421744,0.32966369518441707,0.00013397006193584748,9.872118907523877,12.885641707603458,5.142794369663223,0.8641249239626558,#7f7f7f,h
153.59571913104207,303.846632013453,8,0,0,0,0,0,0,0,0,1,0,0.11114546793166556,0.399602845608387,0.0001340518207051112,0.0001340518207051112,0.0001340518207051112,0.0001340518207051112,0.0001340518207051112,0.15858249437248273,0.3298648811628346,0.0001340518207051112,9.742470765513627,12.274234333235164,0.8957251321439753,1.0904010547063503,#bcbd22,i
167.10403702186738,306.63522092761565,1,0,1,0,0,0,0,0,0,0,0,0.12459461065457939,0.39355650674283166,0.00013202349998008294,0.00013202349998008294,0.00013202349998008294,0.00013202349998008294,0.00013202349998008294,0.15618300320354167,0.3248737383987732,0.00013202349998008294,11.693389446038722,10.215276528607024,4.2258101085168,0.9807223380360248,#ff7f0e,B
182.25327870238843,299.50771574142215,7,0,0,0,0,0,0,0,1,0,0,0.1350626936249303,0.38885036463284767,0.00013044476518058503,0.00013044476518058503,0.00013044476518058503,0.00013044476518058503,0.00013044476518058503,0.15431536946951158,0.3209889036812381,0.00013044476518058503,13.584330934304067,8.767547078129187,3.350293911887341,0.874585479192912,#7f7f7f,h
195.44661496923536,304.555233740655,1,0,1,0,0,0,0,0,0,0,0,0.15385780175713562,0.3804006370090601,0.0001276101973468488,0.0001276101973468488,0.0001276101973468488,0.0001276101973468488,0.0001276101973468488,0.15096209283979137,0.31401380720955147,0.0001276101973468488,17.22476517221296,4.701013819552557,0.6422406655829341,0.9954824967815704,#ff7f0e,B
201.91717700798588,299.6125913351501,8,0,0,0,0,0,0,0,0,1,0,0.159081188037096,0.3780523562208338,0.00012682243690257742,0.00012682243690257742,0.00012682243690257742,0.00012682243690257742,0.00012682243690257742,0.15003017699140206,0.31207534412887467,0.00012682243690257742,12.04279109727264,10.714455789151032,2.4493833828510354,0.9916469766325057,#bcbd22,i
211.69778940283902,301.12605153613833,8,0,0,0,0,0,0,0,0,1,0,0.17351879323747466,0.3715616337080996,0.00012464504207146962,0.00012464504207146962,0.00012464504207146962,0.00012464504207146962,0.00012464504207146962,0.14745433205520822,0.3067173707464172,0.00012464504207146962,12.919694802225983,9.285601215072244,1.8345561461594462,1.157690398840401,#bcbd22,i
228.08166003972346,298.7502174238979,8,0,0,0,0,0,0,0,0,1,0,0.1972708293220543,0.360883417120392,0.00012106289947364504,0.00012106289947364504,0.00012106289947364504,0.00012106289947364504,0.00012106289947364504,0.1432166789940791,0.29790269716627177,0.00012106289947364504,11.632273509857512,10.623003427766445,0.8037040573520619,0.9967666618884213,#bcbd22,i
240.24863572771358,296.52720103356694,7,0,0,0,0,0,0,0,1,0,0,0.21675659382712703,0.35212319071195725,0.00011812417090165053,0.00011812417090165053,0.00011812417090165053,0.00011812417090165053,0.00011812417090165053,0.1397401808400126,0.2906712895951411,0.00011812417090165053,12.31271516449837,9.113240755805675,1.2954165321257862,0.9250814276268274,#7f7f7f,h
250.71137818796592,302.861588500645,0,1,0,0,0,0,0,0,0,0,0,0.2394596513046048,0.34191656404279896,0.00011470022909719482,0.00011470022909719482,0.00011470022909719482,0.00011470022909719482,0.00011470022909719482,0.13568967836208465,0.28224590491558654,0.00011470022909719482,13.76370971472385,8.590617455354328,5.439855331253025,1.094889433948984,#1f77b4,A
265.24118021149945,302.8848910312256,8,0,0,0,0,0,0,0,0,1,0,0.26809727459336974,0.32904193119255915,0.00011038127092797339,0.00011038127092797339,0.00011038127092797339,0.00011038127092797339,0.00011038127092797339,0.1305803769295273,0.2716181296586469,0.00011038127092797339,17.1001658817174,4.686462333953625,3.3172857633769004,0.9525017758513571,#bcbd22,i
274.9670586933112,305.4961006975044,7,0,0,0,0,0,0,0,1,0,0,0.2901273401435577,0.3191378618930424,0.00010705882581382889,0.00010705882581382889,0.00010705882581382889,0.00010705882581382889,0.00010705882581382889,0.12664994442331207,0.26344250058488583,0.00010705882581382889,11.051952900594978,10.820348496167382,0.28992253666146967,1.017071338899512,#7f7f7f,h
289.8825655677891,300.41355377509717,1,0,1,0,0,0,0,0,0,0,0,0.32043562542918325,0.3055121485634717,0.00010248790821324483,0.00010248790821324483,0.00010248790821324483,0.00010248790821324483,0.00010248790821324483,0.12124257650500327,0.2521947220527418,0.00010248790821324483,14.43972071077652,7.591433391495947,1.7927832919542823,1.0563869600121274,#ff7f0e,B
300.4215868942456,302.08435722978726,0,1,0,0,0,0,0,0,0,0,0,0.3461516947521731,0.2939509604178347,9.860956165623402e-05,9.860956165623402e-05,9.860956165623402e-05,9.860956165623402e-05,9.860956165623402e-05,0.11665451594889441,0.24265117151081428,9.860956165623402e-05,5.561296043357478,16.547222886344255,1.7566569812762132,1.1326864576261686,#1f77b4,A
312.42576900630326,302.04667860494766,8,0,0,0,0,0,0,0,0,1,0,0.37549994888819654,0.28075684884693425,9.418343031582078e-05,9.418343031582078e-05,9.418343031582078e-05,9.418343031582078e-05,9.418343031582078e-05,0.11141842930202216,0.23175967238057657,9.418343031582078e-05,15.324295840251665,7.305727756622891,3.2809773338318395,1.0965108785944981,#bcbd22,i
322.31878901972686,303.082225586792,7,0,0,0,0,0,0,0,1,0,0,0.40104387073149256,0.26927305314321903,9.033104603075694e-05,9.033104603075694e-05,9.033104603075694e-05,9.033104603075694e-05,9.033104603075694e-05,0.10686108195684366,0.22228000789185906,9.033104603075694e-05,13.429848740089936,8.797945159695987,5.395009473978855,1.0288932459868356,#7f7f7f,h
337.7516808561622,299.8219966070043,1,0,1,0,0,0,0,0,0,0,0,0.43945561856474974,0.2520042614734888,8.453801179652819e-05,8.453801179652819e-05,8.453801179652819e-05,8.453801179652819e-05,8.453801179652819e-05,0.100007957441138,0.20802493444940465,8.453801179652819e-05,12.679911525207,9.205192577487594,4.276861504999863,1.0086711769073933,#ff7f0e,B
342.32304877703785,301.5176264525687,0,1,0,0,0,0,0,0,0,0,0,0.4523697249429659,0.24619845920658276,8.259038211098967e-05,8.259038211098967e-05,8.259038211098967e-05,8.259038211098967e-05,8.259038211098967e-05,0.09770392328463037,0.20323235027270262,8.259038211098967e-05,10.788678828692875,10.954345232812893,1.0646120350083392,0.840514056745829,#1f77b4,A
359.5826662027348,301.31828911464555,8,0,0,0,0,0,0,0,0,1,0,0.4983125780644038,0.2255439041805754,7.56615508038082e-05,7.56615508038082e-05,7.56615508038082e-05,7.56615508038082e-05,7.56615508038082e-05,0.08950715769055373,0.18618239075914567,7.56615508038082e-05,10.697650352401443,10.58570624950221,2.984530092023474,1.0981692722879723,#bcbd22,i
374.6811412853349,299.31105357365954,0,1,0,0,0,0,0,0,0,0,0,0.5378530503781853,0.20776767119389944,6.969828897189055e-05,6.969828897189055e-05,6.969828897189055e-05,6.969828897189055e-05,6.969828897189055e-05,0.0824526549547646,0.17150843373878136,6.969828897189055e-05,15.195852316394593,7.267551356346637,5.863653356177617,0.9505727180560002,#1f77b4,A
383.0668982513537,303.51260007208344,8,0,0,0,0,0,0,0,0,1,0,0.5619516563689892,0.19693364697316884,6.60638787360448e-05,6.60638787360448e-05,6.60638787360448e-05,6.60638787360448e-05,6.60638787360448e-05,0.07815316959349397,0.16256514379136974,6.60638787360448e-05,12.97540283980698,8.90002594788403,6.095550872342505,0.9583741641034198,#bcbd22,i
398.95670130647824,304.33612796044855,1,0,1,0,0,0,0,0,0,0,0,0.6037467980116524,0.17814378099344064,5.9760580916549175e-05,5.9760580916549175e-05,5.9760580916549175e-05,5.9760580916549175e-05,5.9760580916549175e-05,0.07069640633783358,0.1470544511709703,5.9760580916549175e-05,16.091771167041863,5.713029448174697,2.6234247841767147,0.962061741536928,#ff7f0e,B
406.41397937168034,299.02348020662834,0,1,0,0,0,0,0,0,0,0,0,0.6207439793655549,0.1705023483502993,5.719716584114087e-05,5.719716584114087e-05,5.719716584114087e-05,5.719716584114087e-05,5.719716584114087e-05,0.06766390178375882,0.14074658750471936,5.719716584114087e-05,12.646382142191879,9.197701041861226,3.339717336697064,1.05507234871762,#1f77b4,A
422.4921462885336,298.75335140098326,0,1,0,0,0,0,0,0,0,0,0,0.6605231813207448,0.15261878954078464,5.1197900206652004e-05,5.1197900206652004e-05,5.1197900206652004e-05,5.1197900206652004e-05,5.1197900206652004e-05,0.0605668067669502,0.12598403496961977,5.1197900206652004e-05,11.417328738506853,10.605685128270629,3.905629797803571,1.0624850270320305,#1f77b4,A
431.33193748902266,300.47991232270823,0,1,0,0,0,0,0,0,0,0,0,0.682097204791861,0.14291974334226695,4.794423268074943e-05,4.794423268074943e-05,4.794423268074943e-05,4.794423268074943e-05,4.794423268074943e-05,0.05671773773228616,0.11797764873681928,4.794423268074943e-05,18.068594115674173,4.713059209637213,4.749236680367101,0.9924932822132434,#1f77b4,A
439.72964306103967,300.1396331033237,0,1,0,0,0,0,0,0,0,0,0,0.7013049986885019,0.13428448434087825,4.504742600352468e-05,4.504742600352468e-05,4.504742600352468e-05,4.504742600352468e-05,4.504742600352468e-05,0.05329083292657144,0.11084939948732593,4.504742600352468e-05,12.212971094055286,9.971475070716538,4.660171689871958,1.0848089643796341,#1f77b4,A
455.5916961603921,304.8999925010724,0,1,0,0,0,0,0,0,0,0,0,0.7371877957369065,0.1181526345368552,3.963579327533855e-05,3.963579327533855e-05,3.963579327533855e-05,3.963579327533855e-05,3.963579327533855e-05,0.046888904089279586,0.09753285087656931,3.963579327533855e-05,13.28501651446564,8.767612625928214,2.400760889916499,0.974282661693481,#1f77b4,A
469.0989309320476,297.02707257673677,1,0,1,0,0,0,0,0,0,0,0,0.7625550382441725,0.10674826866433369,3.581005473018071e-05,3.581005473018071e-05,3.581005473018071e-05,3.581005473018071e-05,3.581005473018071e-05,0.04236307849349979,0.08811875426885027,3.581005473018071e-05,14.607099639822426,6.96238088195231,0.4249834573894519,1.0228526864262741,#ff7f0e,B
481.78013857743446,299.41665484801,0,1,0,0,0,0,0,0,0,0,0,0.7869643718536523,0.0957745504485202,3.2128782379642275e-05,3.2128782379642275e-05,3.2128782379642275e-05,3.2128782379642275e-05,3.2128782379642275e-05,0.038008155533541935,0.07906014946922077,3.2128782379642275e-05,14.302465677318926,7.75368518259941,3.371493679067074,1.071120420380459,#1f77b4,A
488.07511806444614,301.8917005320973,1,0,1,0,0,0,0,0,0,0,0,0.798643034335086,0.09052416740819508,3.0367475087440046e-05,3.0367475087440046e-05,3.0367475087440046e-05,3.0367475087440046e-05,3.0367475087440046e-05,0.03592453964317436,0.07472605376222098,3.0367475087440046e-05,9.834587681438034,12.457065647213872,4.677097875437963,1.0496519829954511,#ff7f0e,B
508.0329538686692,303.05691401453345,0,1,0,0,0,0,0,0,0,0,0,0.8313130830765917,0.0758366747170002,2.5440370191952864e-05,2.5440370191952864e-05,2.5440370191952864e-05,2.5440370191952864e-05,2.5440370191952864e-05,0.030095804305964317,0.06260179567846094,2.5440370191952864e-05,5.339121114781238,16.528496970317757,5.210323363553455,1.0704253432509068,#1f77b4,A
515.6951571254845,303.07356717169046,0,1,0,0,0,0,0,0,0,0,0,0.8426136174029049,0.07075628696987495,2.373608996753851e-05,2.373608996753851e-05,2.373608996753851e-05,2.373608996753851e-05,2.373608996753851e-05,0.0280796510924107,0.0584080279941614,2.373608996753851e-05,14.49240932781195,7.711594506056796,2.7456179567428203,0.9808008070966839,#1f77b4,A
1.8903818394011873,311.9892933709523,1,0,1,0,0,0,0,0,0,0,0,0.18059816078208527,0.3683789583502418,0.00012357737343216208,0.00012357737343216208,0.00012357737343216208,0.00012357737343216208,0.00012357737343216208,0.1461912865024207,0.30409013012429087,0.00012357737343216208,14.620582066003792,7.855569365209436,0.2238585497737886,0.9056458079383031,#ff7f0e,B
13.17920131707151,310.34434189159117,1,0,1,0,0,0,0,0,0,0,0,0.16401298700499042,0.37583516450898724,0.00012607865194435772,0.00012607865194435772,0.00012607865194435772,0.00012607865194435772,0.00012607865194435772,0.14915028387744964,0.31024509269653067,0.00012607865194435772,12.254095900523195,9.884205981740278,0.8147658313549282,1.0459131400541959,#ff7f0e,B
31.226787308215744,307.96176273457434,8,0,0,0,0,0,0,0,0,1,0,0.1407241346974441,0.38630514729840226,0.00012959093988498894,0.00012959093988498894,0.00012959093988498894,0.00012959093988498894,0.00012959093988498894,0.1533052993009623,0.3188878730634952,0.00012959093988498894,12.282762156974787,9.471703773527747,3.556241874485242,0.9074865316141533,#bcbd22,i
43.050585425381044,316.2791495167857,8,0,0,0,0,0,0,0,0,1,0,0.13541611764262668,0.38869147559298517,0.00013039146384572785,0.00013039146384572785,0.00013039146384572785,0.00013039146384572785,0.00013039146384572785,0.15425231431225542,0.3208577436686698,0.00013039146384572785,19.240236022574997,3.3345623555055712,6.066602087616207,1.0201980910610087,#bcbd22,i
50.09407475500667,310.7418876698341,1,0,1,0,0,0,0,0,0,0,0,0.12444549152182752,0.39362354631751173,0.00013204598925197858,0.00013204598925197858,0.00013204598925197858,0.00013204598925197858,0.00013204598925197858,0.1562096078763844,0.32492907834837087,0.00013204598925197858,17.077896033175996,4.970608722067512,4.209075999333597,1.0037546695687234,#ff7f0e,B
151.42191813436793,311.1095448939098,8,0,0,0,0,0,0,0,0,1,0,0.11541496139773956,0.39768340696370846,0.00013340792077326972,0.00013340792077326972,0.00013340792077326972,0.00013340792077326972,0.00013340792077326972,0.15782076464154293,0.32828041947197184,0.00013340792077326972,17.89643998151522,4.338892781080371,4.603067436332665,1.1237624181986166,#bcbd22,i
159.81540851080783,308.8424486490123,8,0,0,0,0,0,0,0,0,1,0,0.1199658476630979,0.3956374623956523,0.00013272158283192674,0.00013272158283192674,0.00013272158283192674,0.00013272158283192674,0.00013272158283192674,0.15700883100164054,0.3265915294422222,0.00013272158283192674,14.424647233587088,8.137357306466402,1.9612454956387426,0.9600903420671311,#bcbd22,i
174.18820875553823,308.6580930881585,1,0,1,0,0,0,0,0,0,0,0,0.13290295568333443,0.38982131926725994,0.0001307704841738191,0.0001307704841738191,0.0001307704841738191,0.0001307704841738191,0.0001307704841738191,0.15470069307153245,0.3217904090724404,0.0001307704841738191,11.528055257254277,10.263601423293856,5.89214016736181,1.0656630404285932,#ff7f0e,B
186.49705572279055,308.86812031045366,8,0,0,0,0,0,0,0,0,1,0,0.1462036888271778,0.38384170098192616,0.0001287645457099671,0.0001287645457099671,0.0001287645457099671,0.0001287645457099671,0.0001287645457099671,0.15232767998239935,0.316854342933853,0.0001287645457099671,11.563589607794961,10.437748461643713,5.240215369140143,0.9945751466574577,#bcbd22,i
193.12818153540184,311.31717015618824,0,1,0,0,0,0,0,0,0,0,0,0.1558353870602682,0.37951157284157905,0.00012731194954485167,0.00012731194954485167,0.00012731194954485167,0.00012731194954485167,0.00012731194954485167,0.15060926749110876,0.31327990090939545,0.00012731194954485167,17.560698890152796,4.3870271868288695,1.539791797538466,1.1660996953150908,#1f77b4,A
210.00744700865954,316.65505693264765,7,0,0,0,0,0,0,0,1,0,0,0.1820914925448203,0.3677076003267442,0.00012335215790533613,0.00012335215790533613,0.00012335215790533613,0.00012335215790533613,0.00012335215790533613,0.14592485789423312,0.30353593628640263,0.00012335215790533613,17.631670362269265,4.84957819755724,1.5405159419299965,0.9397067808148449,#7f7f7f,h
220.55349576171133,311.89801215058384,0,1,0,0,0,0,0,0,0,0,0,0.1938940676039118,0.3624015098372861,0.000121572162845854,0.000121572162845854,0.000121572162845854,0.000121572162845854,0.000121572162845854,0.14381913448802644,0.2991558550933382,0.000121572162845854,18.278926973447966,4.024638898517415,4.031527955693639,0.9521140726503013,#1f77b4,A
235.9073397734994,313.16486909876323,7,0,0,0,0,0,0,0,1,0,0,0.219728021478328,0.35078732426576126,0.00011767603763308284,0.00011767603763308284,0.00011767603763308284,0.00011767603763308284,0.00011767603763308284,0.13921004188951605,0.2895685561402455,0.00011767603763308284,11.980152510005711,10.132918888139363,5.632795775170556,1.0519881201435102,#7f7f7f,h
241.7316021856074,314.8520212228395,1,0,1,0,0,0,0,0,0,0,0,0.23115495700902575,0.34565011025614717,0.0001159526943213201,0.0001159526943213201,0.0001159526943213201,0.0001159526943213201,0.0001159526943213201,0.13717133715874882,0.28532787940980475,0.0001159526943213201,15.577366290951527,6.324340860197585,0.17185218322626694,1.0224369402219924,#ff7f0e,B
255.60507208424858,310.4081966650116,1,0,1,0,0,0,0,0,0,0,0,0.25371050335875167,0.3355098002499318,0.00011255099927888896,0.00011255099927888896,0.00011255099927888896,0.00011255099927888896,0.00011255099927888896,0.13314715246595063,0.276957237929357,0.00011255099927888896,19.116890376181967,3.232569182944116,4.521713158819392,0.9380104913381053,#ff7f0e,B
270.9961030822159,310.5176135361492,7,0,0,0,0,0,0,0,1,0,0,0.28494309658276207,0.32146854526639507,0.00010784068298306248,0.00010784068298306248,0.00010784068298306248,0.00010784068298306248,0.00010784068298306248,0.12757487673298076,0.2653664373196423,0.00010784068298306248,17.140213077279068,4.783538018640589,3.176102235153381,0.994134465603431,#7f7f7f,h
279.21349355664,309.4466619158515,7,0,0,0,0,0,0,0,1,0,0,0.3018967422563291,0.3138466849842304,0.00010528383370330174,0.00010528383370330174,0.00010528383370330174,0.00010528383370330174,0.00010528383370330174,0.12455013947550699,0.2590747302813999,0.00010528383370330174,14.57565384139247,7.347025153932335,1.0018738747703964,1.0219119592213095,#7f7f7f,h
291.06736998713274,307.5984022277314,0,1,0,0,0,0,0,0,0,0,0,0.3274033091610451,0.3023796829618437,0.00010143708307070838,0.00010143708307070838,0.00010143708307070838,0.00010143708307070838,0.00010143708307070838,0.1199994567071803,0.24960892867117937,0.00010143708307070838,13.264384913571691,8.594691603298143,5.404720643539112,1.0425884959833756,#1f77b4,A
309.6865257481086,309.80020900752396,8,0,0,0,0,0,0,0,0,1,0,0.373303612691029,0.28174425698025385,9.451466884303656e-05,9.451466884303656e-05,9.451466884303656e-05,9.451466884303656e-05,9.451466884303656e-05,0.11181028247941155,0.2325747598358743,9.451466884303656e-05,12.864428822235253,9.33910486782551,5.342814735310579,1.0625997710539874,#bcbd22,i
320.18042869618,313.28342363642236,1,0,1,0,0,0,0,0,0,0,0,0.40178358613749193,0.2689404988606974,9.021948649722202e-05,9.021948649722202e-05,9.021948649722202e-05,9.021948649722202e-05,9.021948649722202e-05,0.10672910770236542,0.22200549038006007,9.021948649722202e-05,13.762313856861866,7.868182040827954,1.4196276178443152,0.9115213438939873,#ff7f0e,B
329.62753816478414,311.23960725991327,8,0,0,0,0,0,0,0,0,1,0,0.4246146093499354,0.25867634256211036,8.677624565209591e-05,8.677624565209591e-05,8.677624565209591e-05,8.677624565209591e-05,8.677624565209591e-05,0.10265577457586882,0.21353261603774806,8.677624565209591e-05,14.571064009034023,7.32868975178592,1.1447898865308281,1.022241553185751,#bcbd22,i
337.896987392293,313.2941271324767,8,0,0,0,0,0,0,0,0,1,0,0.4474041137366069,0.24843085190601744,8.333926643245236e-05,8.333926643245236e-05,8.333926643245236e-05,8.333926643245236e-05,8.333926643245236e-05,0.09858984891450491,0.20507514984382846,8.333926643245236e-05,12.299301669038742,10.131956323258047,1.8311649618354324,1.0466375667668757,#bcbd22,i
352.16947255509547,314.59337301409784,0,1,0,0,0,0,0,0,0,0,0,0.4857888295263574,0.23117421304770713,7.755030901227902e-05,7.755030901227902e-05,7.755030901227902e-05,7.755030901227902e-05,7.755030901227902e-05,0.09174154724520739,0.19083010832616862,7.755030901227902e-05,16.027408695998226,5.671712238705151,0.14355083702304328,0.9722656153544211,#1f77b4,A
367.6838097237941,312.14946682677885,8,0,0,0,0,0,0,0,0,1,0,0.5255066829241649,0.21331823474458536,7.156029560694355e-05,7.156029560694355e-05,7.156029560694355e-05,7.156029560694355e-05,7.156029560694355e-05,0.08465539755961426,0.17609032299746827,7.156029560694355e-05,9.652869315602876,12.67814809020677,1.492940062468972,1.011317752623287,#bcbd22,i
373.2322091730391,311.8884211760576,1,0,1,0,0,0,0,0,0,0,0,0.5400706327733751,0.206770711395058,6.936384621785804e-05,6.936384621785804e-05,6.936384621785804e-05,6.936384621785804e-05,6.936384621785804e-05,0.08205701119640083,0.17068546155731887,6.936384621785804e-05,14.187866253215777,7.818206092089919,5.378870865331104,1.0239010841050706,#ff7f0e,B
390.88649615045756,313.50038843859744,0,1,0,0,0,0,0,0,0,0,0,0.587187408047831,0.1855883955083643,6.225797086544665e-05,6.225797086544665e-05,6.225797086544665e-05,6.225797086544665e-05,6.225797086544665e-05,0.07365080356596335,0.15319984505206147,6.225797086544665e-05,14.258318386588734,7.833314225998809,1.4651443909581692,0.9407043588863004,#1f77b4,A
404.6268059626826,313.24475349370323,0,1,0,0,0,0,0,0,0,0,0,0.6221248115526281,0.1698815668260392,5.6988916839659325e-05,5.6988916839659325e-05,5.6988916839659325e-05,5.6988916839659325e-05,5.6988916839659325e-05,0.06741754447259493,0.1402341436470777,5.6988916839659325e-05,12.550160756406175,9.56273623503477,3.1874146062042716,1.0089636407583684,#1f77b4,A
414.0682818968787,312.94254368507575,1,0,1,0,0,0,0,0,0,0,0,0.6454213424860858,0.15940813195232098,5.347547085375596e-05,5.347547085375596e-05,5.347547085375596e-05,5.347547085375596e-05,5.347547085375596e-05,0.06326115908851865,0.13158851364730667,5.347547085375596e-05,16.991027478463877,5.388430114722218,4.158744959887846,1.0273205085932842,#ff7f0e,B
425.13730295284546,309.2985372790369,0,1,0,0,0,0,0,0,0,0,0,0.6705961673107198,0.14809027140856934,4.967875161351492e-05,4.967875161351492e-05,4.967875161351492e-05,4.967875161351492e-05,4.967875161351492e-05,0.05876966315521151,0.12224582561514763,4.967875161351492e-05,13.322427245172497,8.555654397587366,0.9441503798604004,1.1100554958160493,#1f77b4,A
437.3202148650697,314.20775744399776,0,1,0,0,0,0,0,0,0,0,0,0.7006601878842604,0.13457437230674685,4.514467258235234e-05,4.514467258235234e-05,4.514467258235234e-05,4.514467258235234e-05,4.514467258235234e-05,0.05340587504206494,0.11108869673073318,4.514467258235234e-05,10.335290963694312,11.412114838199283,4.537387700227839,1.0948953189724246,#1f77b4,A
448.4365191519046,312.37065184936375,0,1,0,0,0,0,0,0,0,0,0,0.7244055524030786,0.12389915505869822,4.156353615089167e-05,4.156353615089167e-05,4.156353615089167e-05,4.156353615089167e-05,4.156353615089167e-05,0.049169412269668276,0.10227649905092497,4.156353615089167e-05,16.551512973427386,5.551853309100408,4.330288239492261,1.1121482290212432,#1f77b4,A
465.3574342514729,316.9599174317302,1,0,1,0,0,0,0,0,0,0,0,0.7606336368585488,0.10761207419555557,3.6099829203681156e-05,3.6099829203681156e-05,3.6099829203681156e-05,3.6099829203681156e-05,3.6099829203681156e-05,0.042705879945740086,0.08883181002417279,3.6099829203681156e-05,17.598911891524065,4.722568117193546,0.8953076739831088,0.9344183607193457,#ff7f0e,B
474.508277805259,313.0694069163697,0,1,0,0,0,0,0,0,0,0,0,0.7769179275701985,0.10029113621039756,3.3643928108468716e-05,3.3643928108468716e-05,3.3643928108468716e-05,3.3643928108468716e-05,3.3643928108468716e-05,0.0398005637809739,0.08278850886900219,3.3643928108468716e-05,12.174861550720776,9.824319547659924,5.4259639103358595,1.0661186496223463,#1f77b4,A
487.3397379915534,312.1328186183109,8,0,0,0,0,0,0,0,0,1,0,0.7996928929965015,0.09005218184311899,3.0209141569447556e-05,3.0209141569447556e-05,3.0209141569447556e-05,3.0209141569447556e-05,3.0209141569447556e-05,0.03573723204754496,0.07433643826261822,3.0209141569447556e-05,9.387028294245187,12.614555321748874,5.19880693434199,0.9970515181129962,#bcbd22,i
499.3190622334714,305.52152863376597,0,1,0,0,0,0,0,0,0,0,0,0.8181698277786891,0.08174549559614398,2.7422558771875665e-05,2.7422558771875665e-05,2.7422558771875665e-05,2.7422558771875665e-05,2.7422558771875665e-05,0.032440721425831695,0.06747941984588587,2.7422558771875665e-05,11.909950785840536,10.468398014832516,3.1901605125141077,1.0388546532245835,#1f77b4,A
510.99828254694467,313.2291619341832,0,1,0,0,0,0,0,0,0,0,0,0.8376539730840894,0.0729859971322288,2.4484074398062663e-05,2.4484074398062663e-05,2.4484074398062663e-05,2.4484074398062663e-05,2.4484074398062663e-05,0.028964512156739227,0.060248613179716394,2.4484074398062663e-05,15.38294584798529,7.1255672638517495,2.3951668683881944,1.0102965149178336,#1f77b4,A
10.048123724908656,323.5408230141834,0,1,0,0,0,0,0,0,0,0,0,0.17895218158792478,0.36911894216769303,0.00012382561034816962,0.00012382561034816962,0.00012382561034816962,0.00012382561034816962,0.00012382561034816962,0.14648494927498684,0.30470097330693724,0.00012382561034816962,12.570093327373518,9.646116997836463,2.366047457833729,1.0117679019399728,#1f77b4,A
22.656416992771973,324.4651709474034,0,1,0,0,0,0,0,0,0,0,0,0.16415492438503085,0.3757713536390237,0.000126057245782231,0.000126057245782231,0.000126057245782231,0.000126057245782231,0.000126057245782231,0.14912496051692278,0.3101924179839536,0.000126057245782231,13.78696827063494,8.247092805643682,4.2804425286368,0.9877661883824035,#1f77b4,A
37.96840105254294,326.02416065512523,8,0,0,0,0,0,0,0,0,1,0,0.1492540807673269,0.3824703345147181,0.0001283045035110601,0.0001283045035110601,0.0001283045035110601,0.0001283045035110601,0.0001283045035110601,0.15178345283922792,0.3157223048572783,0.0001283045035110601,10.293871941724998,11.091973320357672,6.052406273514247,1.077820106569674,#bcbd22,i
47.648580857783244,322.99856433845855,1,0,1,0,0,0,0,0,0,0,0,0.13743528226324964,0.3877837185877132,0.0001300869452952424,0.0001300869452952424,0.0001300869452952424,0.0001300869452952424,0.0001300869452952424,0.1538920707059794,0.3201084067708985,0.0001300869452952424,13.72045135789453,8.422381392966878,1.8523345874944965,1.0208452001628874,#ff7f0e,B
58.156788792950984,322.3737241451058,1,0,1,0,0,0,0,0,0,0,0,0.12848434037694775,0.3918077987038582,0.00013143687378589465,0.00013143687378589465,0.00013143687378589465,0.00013143687378589465,0.00013143687378589465,0.15548902795837688,0.32343021171771,0.00013143687378589465,15.611984448773086,6.316927695376869,4.219975060100752,1.0017566415623398,#ff7f0e,B
143.78946275404437,320.5339923509186,8,0,0,0,0,0,0,0,0,1,0,0.11920046942733384,0.3959815539313801,0.000132837012682741,0.000132837012682741,0.000132837012682741,0.000132837012682741,0.000132837012682741,0.15714538381808782,0.32687557074670587,0.000132837012682741,12.99302346650225,9.247931096077314,4.088149194169594,1.0985553504991759,#bcbd22,i
153.42264481731218,315.8998915011347,1,0,1,0,0,0,0,0,0,0,0,0.12106350700483337,0.39514398705110354,0.00013255604029603933,0.00013255604029603933,0.00013255604029603933,0.00013255604029603933,0.00013255604029603933,0.15681299518137576,0.326184174520516,0.00013255604029603933,10.644215866631544,10.813059929129643,2.787734397115007,1.0021949942918948,#ff7f0e,B
171.2074365048968,325.8818613473053,1,0,1,0,0,0,0,0,0,0,0,0.14509676075806477,0.384339343273598,0.00012893148610088677,0.00012893148610088677,0.00012893148610088677,0.00012893148610088677,0.00012893148610088677,0.1525251694567258,0.31726513759462177,0.00012893148610088677,12.692345634258908,9.229508997980071,0.9009667122734096,1.123135982520239,#ff7f0e,B
176.9759359359918,320.1904089654757,7,0,0,0,0,0,0,0,1,0,0,0.14528842133194883,0.38425317831864547,0.0001289025809786653,0.0001289025809786653,0.0001289025809786653,0.0001289025809786653,0.0001289025809786653,0.1524909748716921,0.3171940099914573,0.0001289025809786653,16.126539826835167,5.6227156258400255,0.2367394906757872,1.0025782548797022,#7f7f7f,h
194.0103679813889,322.4931633942788,8,0,0,0,0,0,0,0,0,1,0,0.16620631508001857,0.3748491087388777,0.00012574786708445835,0.00012574786708445835,0.00012574786708445835,0.00012574786708445835,0.00012574786708445835,0.1487589673857558,0.3094311215924664,0.00012574786708445835,17.10770367462503,4.7872042937676555,4.518943309616749,0.8866880559276561,#bcbd22,i
208.74744684865715,323.6066044594152,7,0,0,0,0,0,0,0,1,0,0,0.18628022882874198,0.3658244677351116,0.00012272043729745822,0.00012272043729745822,0.00012272043729745822,0.00012272043729745822,0.00012272043729745822,0.14517753622999285,0.301981444582003,0.00012272043729745822,16.74424662334896,5.542100496169275,6.251291765255083,0.9894905588387617,#7f7f7f,h
218.2131762209533,323.56826220527,0,1,0,0,0,0,0,0,0,0,0,0.19985624562239077,0.3597210900202616,0.00012067298217015299,0.00012067298217015299,0.00012067298217015299,0.00012067298217015299,0.00012067298217015299,0.14275540917870833,0.29694321728525863,0.00012067298217015299,13.248244539944272,9.049295086968149,5.261302780135787,1.0092253812663992,#1f77b4,A
226.98426291320692,319.67105893034665,7,0,0,0,0,0,0,0,1,0,0,0.2100742007957516,0.35512739800850734,0.00011913197017611511,0.00011913197017611511,0.00011913197017611511,0.00011913197017611511,0.00011913197017611511,0.1409324012957343,0.293151208078595,0.00011913197017611511,9.361558844543657,12.136791568793084,1.9445325948472605,1.0574376329804993,#7f7f7f,h
240.28091165757212,323.55457272567145,8,0,0,0,0,0,0,0,0,1,0,0.23570093728675448,0.3436063712757846,0.00011526709627222086,0.00011526709627222086,0.00011526709627222086,0.00011526709627222086,0.00011526709627222086,0.13636027880690266,0.2836408100525814,0.00011526709627222086,10.479635900045178,11.805907399539244,0.35577634417654186,1.1378148623815219,#bcbd22,i
249.71578073225666,323.9963955073374,8,0,0,0,0,0,0,0,0,1,0,0.25315349392796865,0.33576021530159805,0.00011263500417018726,0.00011263500417018726,0.00011263500417018726,0.00011263500417018726,0.00011263500417018726,0.1332465297450618,0.2771639510000147,0.00011263500417018726,20.15564973532184,1.8139638794916069,2.9664655099695243,0.9951685372903432,#bcbd22,i
262.9609329545245,323.1511418983713,7,0,0,0,0,0,0,0,1,0,0,0.27809242805004486,0.3245484042773217,0.00010887386058043714,0.00010887386058043714,0.00010887386058043714,0.00010887386058043714,0.00010887386058043714,0.12879711959144868,0.26790880491737756,0.00010887386058043714,8.916357803061409,12.93342663512161,3.0069588503082745,1.1257424703527317,#7f7f7f,h
271.37711152115133,316.3980835751492,0,1,0,0,0,0,0,0,0,0,0,0.2899934259624105,0.3191980657688433,0.00010707902196421497,0.00010707902196421497,0.00010707902196421497,0.00010707902196421497,0.00010707902196421497,0.12667383634725687,0.26349219778938493,0.00010707902196421497,20.48556431654123,1.5624696297305547,1.0959480498269487,1.0848558107230677,#1f77b4,A
287.3042487820462,325.6226794001059,0,1,0,0,0,0,0,0,0,0,0,0.33223476919345446,0.300207600683201,0.00010070843064149459,0.00010070843064149459,0.00010070843064149459,0.00010070843064149459,0.00010070843064149459,0.1191374652836583,0.24781591425550492,0.00010070843064149459,9.974617052801465,12.030297840924364,1.5177962614557006,0.9656723603711685,#1f77b4,A
299.734003429264,324.1685722872144,0,1,0,0,0,0,0,0,0,0,0,0.35976156455344527,0.28783236338677654,9.655700101711878e-05,9.655700101711878e-05,9.655700101711878e-05,9.655700101711878e-05,9.655700101711878e-05,0.11422634910797012,0.23760038094534558,9.655700101711878e-05,14.054058648187029,8.003035508180604,3.192253201259812,0.9568420692933872,#1f77b4,A
308.83207812408966,320.3495111675982,0,1,0,0,0,0,0,0,0,0,0,0.37861532595160846,0.2793562669803071,9.371358744224946e-05,9.371358744224946e-05,9.371358744224946e-05,9.371358744224946e-05,9.371358744224946e-05,0.11086260801990779,0.2306035175231445,9.371358744224946e-05,14.215864840224123,7.696968696345006,0.5703774450890283,0.9132815825420061,#1f77b4,A
326.4673473821103,320.611439393262,1,0,1,0,0,0,0,0,0,0,0,0.42289735247647736,0.25944837072703253,8.703523224911544e-05,8.703523224911544e-05,8.703523224911544e-05,8.703523224911544e-05,8.703523224911544e-05,0.10296215415615624,0.21416991124641627,8.703523224911544e-05,12.948077850694137,8.99429187330674,1.0198734359023711,1.0449288278717397,#ff7f0e,B
336.6568350171239,323.5790647321323,1,0,1,0,0,0,0,0,0,0,0,0.4512953365659406,0.2466814726100803,8.275241505663908e-05,8.275241505663908e-05,8.275241505663908e-05,8.275241505663908e-05,8.275241505663908e-05,0.09789560728083756,0.2036310690523504,8.275241505663908e-05,14.79637658808007,7.565178544987537,1.0474329575945354,1.0388129785482099,#ff7f0e,B
348.21260729708905,322.93820405183027,0,1,0,0,0,0,0,0,0,0,0,0.4809359031976398,0.23335594594158537,7.828219886224077e-05,7.828219886224077e-05,7.828219886224077e-05,7.828219886224077e-05,7.828219886224077e-05,0.09260736851792369,0.1926310891491968,7.828219886224077e-05,12.42663899780291,9.808107943896202,0.26390270871793226,1.0061201589586592,#1f77b4,A
361.0573746193684,323.61734762569,8,0,0,0,0,0,0,0,0,1,0,0.5151491364133174,0.2179746829146035,7.312235994674963e-05,7.312235994674963e-05,7.312235994674963e-05,7.312235994674963e-05,7.312235994674963e-05,0.08650331024049973,0.17993413627138374,7.312235994674963e-05,18.404478594755822,2.946832271512016,3.8185043433989927,0.9590966711081222,#bcbd22,i
368.48518152916927,319.7697968508039,0,1,0,0,0,0,0,0,0,0,0,0.532163564427693,0.2103254966803472,7.055634383129035e-05,7.055634383129035e-05,7.055634383129035e-05,7.055634383129035e-05,7.055634383129035e-05,0.08346772867175187,0.17361987215668803,7.055634383129035e-05,11.593172981728625,10.464667381033937,1.9913432562987305,1.0020520582073367,#1f77b4,A
385.7379593145034,316.3396745248541,1,0,1,0,0,0,0,0,0,0,0,0.5753469597014637,0.19091151271347587,6.404367775170637e-05,6.404367775170637e-05,6.404367775170637e-05,6.404367775170637e-05,6.404367775170637e-05,0.075763284028755,0.1575939814892198,6.404367775170637e-05,15.45341334012006,6.222427419022448,4.0468419109415015,1.1254561687332951,#ff7f0e,B
399.07424581219266,321.1063361212224,0,1,0,0,0,0,0,0,0,0,0,0.6121721739769128,0.1743559798521121,5.848991519170697e-05,5.848991519170697e-05,5.848991519170697e-05,5.848991519170697e-05,5.848991519170697e-05,0.06919321645873176,0.1439276902204808,5.848991519170697e-05,14.095782704347322,8.367060642116542,3.4219621772136444,1.048382839314408,#1f77b4,A
408.0981061863047,322.040959849678,8,0,0,0,0,0,0,0,0,1,0,0.6351882411293096,0.16400863324251222,5.501876710623244e-05,5.501876710623244e-05,5.501876710623244e-05,5.501876710623244e-05,5.501876710623244e-05,0.06508686923543118,0.13538614378947436,5.501876710623244e-05,15.89819841833688,5.86102505585467,3.900842802724613,1.0960390606994697,#bcbd22,i
417.9361305179559,322.01002671314933,8,0,0,0,0,0,0,0,0,1,0,0.6590731234017515,0.15327069291734638,5.1416589426491885e-05,5.1416589426491885e-05,5.1416589426491885e-05,5.1416589426491885e-05,5.1416589426491885e-05,0.06082551479338482,0.1265221693502991,5.1416589426491885e-05,13.68007933968835,7.797197690995647,4.720633696286257,0.9849575781732287,#bcbd22,i
433.3719194770052,320.9973877064701,0,1,0,0,0,0,0,0,0,0,0,0.6945713755145159,0.13731172320224952,4.606295150724897e-05,4.606295150724897e-05,4.606295150724897e-05,4.606295150724897e-05,4.606295150724897e-05,0.0544921934648496,0.11334833010864681,4.606295150724897e-05,14.405884362908683,7.597865770882187,5.581144664521988,0.9074161939187511,#1f77b4,A
440.4242506917703,326.1243957994312,8,0,0,0,0,0,0,0,0,1,0,0.7125487450918474,0.12922962677309677,4.3351710200163875e-05,4.3351710200163875e-05,4.3351710200163875e-05,4.3351710200163875e-05,4.3351710200163875e-05,0.051284811371404664,0.10667670650173754,4.3351710200163875e-05,13.010624928549401,8.823779994959501,5.777187147700868,0.9634003598611545,#bcbd22,i
452.95302645906423,323.1817300492007,1,0,1,0,0,0,0,0,0,0,0,0.7379291292804667,0.11781935278729533,3.95239897037992e-05,3.95239897037992e-05,3.95239897037992e-05,3.95239897037992e-05,3.95239897037992e-05,0.046756641139315935,0.09725773285396132,3.95239897037992e-05,13.172240305133109,8.662189990968677,2.4832808175013046,1.0187550698742975,#ff7f0e,B
469.69178057052386,321.88843596689117,0,1,0,0,0,0,0,0,0,0,0,0.7706077460030184,0.10312800818391032,3.45955926357263e-05,3.45955926357263e-05,3.45955926357263e-05,3.45955926357263e-05,3.45955926357263e-05,0.04092637716974021,0.08513029508674606,3.45955926357263e-05,16.439473914238544,5.90387080146689,0.8941815479646782,1.0269293289394432,#1f77b4,A
480.28643944100355,320.7830349118164,0,1,0,0,0,0,0,0,0,0,0,0.7897167234799551,0.09453717413742932,3.171368887061941e-05,3.171368887061941e-05,3.171368887061941e-05,3.171368887061941e-05,3.171368887061941e-05,0.03751710241906408,0.07803871782953795,3.171368887061941e-05,16.14933924970888,6.03295808473008,4.365175486872105,1.0388183855219566,#1f77b4,A
497.34029879397355,323.6931329640278,0,1,0,0,0,0,0,0,0,0,0,0.8192718448136962,0.08125006116091224,2.725635903427943e-05,2.725635903427943e-05,2.725635903427943e-05,2.725635903427943e-05,2.725635903427943e-05,0.032244108139914136,0.06707044773045241,2.725635903427943e-05,7.119471097109383,15.046380619149295,1.4471919320067426,1.0002126046042954,#1f77b4,A
507.2025206624854,322.8435368886627,0,1,0,0,0,0,0,0,0,0,0,0.8342029982668426,0.07453745387497354,2.500453015406089e-05,2.500453015406089e-05,2.500453015406089e-05,2.500453015406089e-05,2.500453015406089e-05,0.029580208173119914,0.06152931250330508,2.500453015406089e-05,13.300946241438137,8.548770949868672,1.060436240325245,0.9888708949237608,#1f77b4,A
516.852699965453,318.6404560893087,0,1,0,0,0,0,0,0,0,0,0,0.8471377298863907,0.0687223791064036,2.3053789890746823e-05,2.3053789890746823e-05,2.3053789890746823e-05,2.3053789890746823e-05,2.3053789890746823e-05,0.02727249422188834,0.05672907404512563,2.3053789890746823e-05,12.984681115521948,9.509902161857546,4.067471755890764,0.9483415612746006,#1f77b4,A
4.498781249355873,332.25397987490936,0,1,0,0,0,0,0,0,0,0,0,0.1947684582204331,0.3620084095425482,0.00012144029238795196,0.00012144029238795196,0.00012144029238795196,0.00012144029238795196,0.00012144029238795196,0.14366313253267704,0.298831357949652,0.00012144029238795196,18.7164388676933,3.100838139559838,0.2840166403781289,0.9117661296070212,#1f77b4,A
15.131592960510304,333.38142261197856,1,0,1,0,0,0,0,0,0,0,0,0.18199892194763906,0.3677492173436111,0.00012336611885917977,0.00012336611885917977,0.00012336611885917977,0.00012336611885917977,0.00012336611885917977,0.14594137361832174,0.3035702903769053,0.00012336611885917977,14.566916598442193,7.445460999988017,3.344622946390173,1.0946979819843177,#ff7f0e,B
28.545676173674337,337.0232750928851,1,0,1,0,0,0,0,0,0,0,0,0.1703290745878881,0.3729956373645797,0.00012512609670649425,0.00012512609670649425,0.00012512609670649425,0.00012512609670649425,0.00012512609670649425,0.14802341678341543,0.3079011146835048,0.00012512609670649425,15.425093600941471,6.981430246527504,5.30606415565366,1.0170145035167073,#ff7f0e,B
41.55124714842216,333.7057137705512,8,0,0,0,0,0,0,0,0,1,0,0.15376426476884655,0.38044268848693574,0.00012762430404612414,0.00012762430404612414,0.00012762430404612414,0.00012762430404612414,0.00012762430404612414,0.15097878097984554,0.31404851993971494,0.00012762430404612414,11.06578481298409,10.721057494493481,5.00477253801827,0.9796530322269567,#bcbd22,i
56.36403224477716,338.9157794457893,1,0,1,0,0,0,0,0,0,0,0,0.14749904221398935,0.38325934821129465,0.00012856918811916476,0.00012856918811916476,0.00012856918811916476,0.00012856918811916476,0.00012856918811916476,0.1520965731322195,0.3163736213133982,0.00012856918811916476,9.415460545678867,12.758366398685242,2.5113151729600713,1.0417339894706181,#ff7f0e,B
66.26004908625552,335.7228868743832,0,1,0,0,0,0,0,0,0,0,0,0.13734307422662703,0.38782517260802024,0.00013010085156983173,0.00013010085156983173,0.00013010085156983173,0.00013010085156983173,0.00013010085156983173,0.15390852174484038,0.32014262631070556,0.00013010085156983173,9.67086466633473,12.318679871907253,1.6192759810117205,0.943366084671333,#1f77b4,A
89.95522909126944,336.1727153758403,0,1,0,0,0,0,0,0,0,0,0,0.12785311989979176,0.3920915768585253,0.0001315320707514006,0.0001315320707514006,0.0001315320707514006,0.0001315320707514006,0.0001315320707514006,0.15560164539368823,0.32366446542309435,0.0001315320707514006,14.075281976672935,8.125614405751412,3.862070844229015,1.1233002342829088,#1f77b4,A
110.61985241550447,336.9978662453006,0,1,0,0,0,0,0,0,0,0,0,0.12684586495444988,0.39254440904634696,0.0001316839790271261,0.0001316839790271261,0.0001316839790271261,0.0001316839790271261,0.0001316839790271261,0.155781351966517,0.3240382701581309,0.0001316839790271261,15.479715696930839,6.4516309204086495,0.048374439577648747,1.1141714462659942,#1f77b4,A
127.9267583370883,335.14340135373305,1,0,1,0,0,0,0,0,0,0,0,0.12791406652472911,0.39206417704913404,0.00013152287913933817,0.00013152287913933817,0.00013152287913933817,0.00013152287913933817,0.00013152287913933817,0.15559077177212535,0.32364184737878343,0.00013152287913933817,10.466435738661948,11.279469284247968,5.928052860255874,1.0911675141330588,#ff7f0e,B
135.55746934634237,331.6495628693302,1,0,1,0,0,0,0,0,0,0,0,0.12677839418846507,0.3925747419175989,0.0001316941545718281,0.0001316941545718281,0.0001316941545718281,0.0001316941545718281,0.0001316941545718281,0.15579338957445066,0.3240633093916619,0.0001316941545718281,18.41881861617714,3.4962980007376725,5.758640505539348,0.9151879210388394,#ff7f0e,B
151.44690414650353,329.80210088234844,0,1,0,0,0,0,0,0,0,0,0,0.13346036732117925,0.3895707233951326,0.00013068641862401374,0.00013068641862401374,0.00013068641862401374,0.00013068641862401374,0.00013068641862401374,0.15460124403377373,0.3215835467377808,0.00013068641862401374,14.485185231458969,6.978415643685539,4.033542250311102,1.0411393877101853,#1f77b4,A
162.0834510415351,333.5915428528896,0,1,0,0,0,0,0,0,0,0,0,0.14528529548878347,0.38425458360576364,0.0001289030523999749,0.0001289030523999749,0.0001289030523999749,0.0001289030523999749,0.0001289030523999749,0.15249153256025455,0.3171951700304143,0.0001289030523999749,15.472791558637455,6.433044287974441,4.319232551812137,0.9594424916687183,#1f77b4,A
172.4350222661005,330.0691842413661,1,0,1,0,0,0,0,0,0,0,0,0.15045854947044868,0.3819288408238509,0.00012812285261452918,0.00012812285261452918,0.00012812285261452918,0.00012812285261452918,0.00012812285261452918,0.15156856092559817,0.3152753116640332,0.00012812285261452918,16.3721314324831,5.643207657874929,3.3206368144748977,1.1055870027579975,#ff7f0e,B
184.4377621076936,332.9530379037389,1,0,1,0,0,0,0,0,0,0,0,0.1654995330792623,0.37516685713137315,0.00012585445979521666,0.00012585445979521666,0.00012585445979521666,0.00012585445979521666,0.00012585445979521666,0.14888506591888326,0.3096934171113349,0.00012585445979521666,8.397667912935864,13.37260201587854,1.9405218506531317,1.0174921855688734,#ff7f0e,B
199.1408968788453,330.3282863242947,7,0,0,0,0,0,0,0,1,0,0,0.1799754756572655,0.3686588992616269,0.00012367128314595276,0.00012367128314595276,0.00012367128314595276,0.00012367128314595276,0.00012367128314595276,0.1463023811267264,0.30432121625513675,0.00012367128314595276,17.548451736228202,4.293193093917902,0.946424038272272,1.0405857917336863,#7f7f7f,h
210.82204448543783,332.32538831340025,0,1,0,0,0,0,0,0,0,0,0,0.19749103814020053,0.36078441771476993,0.00012102968887287427,0.00012102968887287427,0.00012102968887287427,0.00012102968887287427,0.00012102968887287427,0.14317739105392183,0.29782097495750975,0.00012102968887287427,11.093440680698022,10.795670795351066,4.630586130802618,1.033666437045761,#1f77b4,A
223.07596477056762,332.0866724469236,7,0,0,0,0,0,0,0,1,0,0,0.21528016654673687,0.3527869489775588,0.00011834683699372125,0.00011834683699372125,0.00011834683699372125,0.00011834683699372125,0.00011834683699372125,0.14000359348228042,0.2912192099711088,0.00011834683699372125,11.204696961266828,11.122307508891057,5.93587277688658,0.9482063554378476,#7f7f7f,h
237.2178443389849,329.7146051477094,0,1,0,0,0,0,0,0,0,0,0,0.2360152623165265,0.3434650599905166,0.00011521969161711258,0.00011521969161711258,0.00011521969161711258,0.00011521969161711258,0.00011521969161711258,0.13630419938618016,0.2835241601567306,0.00011521969161711258,12.061203854971719,10.266623925746263,1.226798803920481,0.98153644983529,#1f77b4,A
249.1512864132351,334.49521692751375,1,0,1,0,0,0,0,0,0,0,0,0.26195417282486666,0.33180368900442914,0.00011130773746117357,0.00011130773746117357,0.00011130773746117357,0.00011130773746117357,0.00011130773746117357,0.13167638124349115,0.2738979105021142,0.00011130773746117357,11.793420873073552,10.16821936397922,5.098180017611133,1.150426600521346,#ff7f0e,B
257.38906885966895,331.13325132924007,8,0,0,0,0,0,0,0,0,1,0,0.27427891208350746,0.326262848854046,0.0001094489926635383,0.0001094489926635383,0.0001094489926635383,0.0001094489926635383,0.0001094489926635383,0.12947749737260883,0.26932404773353025,0.0001094489926635383,8.722091134679669,12.982904778757026,0.7755985256741802,1.006875283312216,#bcbd22,i
266.7258958463914,335.7631970983658,1,0,1,0,0,0,0,0,0,0,0,0.2974130345768336,0.3158624280366209,0.00010596004016483288,0.00010596004016483288,0.00010596004016483288,0.00010596004016483288,0.00010596004016483288,0.1253500876359747,0.26073868950926593,0.00010596004016483288,12.241127619182103,9.899680933555226,1.8719124720534503,1.0390350171455152,#ff7f0e,B
280.9454053043707,333.1869941461418,0,1,0,0,0,0,0,0,0,0,0,0.324956856727133,0.30347953599624666,0.00010180604265993584,0.00010180604265993584,0.00010180604265993584,0.00010180604265993584,0.00010180604265993584,0.1204359336731369,0.2505168373471988,0.00010180604265993584,13.032119361699321,8.71173521259948,5.3101932496862485,0.989626603645423,#1f77b4,A
299.44599020431167,334.1938549382818,1,0,1,0,0,0,0,0,0,0,0,0.3679173883734131,0.28416574495916863,9.532698756387774e-05,9.532698756387774e-05,9.532698756387774e-05,9.532698756387774e-05,9.532698756387774e-05,0.11277125062067854,0.23457365412098846,9.532698756387774e-05,15.980722875997781,6.34672701616801,0.6822209573343763,0.9828780448864334,#ff7f0e,B
298.7166558515165,330.9645597884627,1,0,1,0,0,0,0,0,0,0,0,0.36322832070362504,0.2862738118210658,9.603416521316381e-05,9.603416521316381e-05,9.603416521316381e-05,9.603416521316381e-05,9.603416521316381e-05,0.1136078375092295,0.23631382497443754,9.603416521316381e-05,13.153892406653013,8.627595829367413,4.942815372158942,0.9759490989240517,#ff7f0e,B
315.8360997933442,329.18606322498925,0,1,0,0,0,0,0,0,0,0,0,0.40299217030335743,0.2683971549788656,9.0037214930768e-05,9.0037214930768e-05,9.0037214930768e-05,9.0037214930768e-05,9.0037214930768e-05,0.10651348153996482,0.22155696988782456,9.0037214930768e-05,16.069902243215076,5.697989643543432,1.0377373385529935,0.9363934722631468,#1f77b4,A
329.12591631819873,330.4990674839586,7,0,0,0,0,0,0,0,1,0,0,0.4374651957861733,0.2528990969922246,8.483819567118385e-05,8.483819567118385e-05,8.483819567118385e-05,8.483819567118385e-05,8.483819567118385e-05,0.1003630731520839,0.20876360489505347,8.483819567118385e-05,17.317564621722866,4.515592900012282,2.4107722039593216,1.0347020995073855,#7f7f7f,h
340.20068490681604,331.85413819152086,8,0,0,0,0,0,0,0,0,1,0,0.46696758495788615,0.23963569084426203,8.038881858984999e-05,8.038881858984999e-05,8.038881858984999e-05,8.038881858984999e-05,8.038881858984999e-05,0.09509948693408055,0.1978149043517652,8.038881858984999e-05,16.074177060531163,5.952941782631732,2.441527439869607,1.0356130196407571,#bcbd22,i
352.78499625859666,335.0058061917817,0,1,0,0,0,0,0,0,0,0,0,0.5021315698643666,0.22382699783025148,7.508559288766597e-05,7.508559288766597e-05,7.508559288766597e-05,7.508559288766597e-05,7.508559288766597e-05,0.08882580295389313,0.18476511579366067,7.508559288766597e-05,12.227312577671723,9.748195288216193,0.33278599928051067,1.0338983860706503,#1f77b4,A
401.5052009170123,333.5730022989945,7,0,0,0,0,0,0,0,1,0,0,0.6256783755140869,0.1682839890224495,5.645298919138841e-05,5.645298919138841e-05,5.645298919138841e-05,5.645298919138841e-05,5.645298919138841e-05,0.06678354530108842,0.13891537222660105,5.645298919138841e-05,11.388367389701992,10.575472882211605,3.5370038252050886,0.93876918332656,#7f7f7f,h
412.1075018632914,331.0013845144013,8,0,0,0,0,0,0,0,0,1,0,0.649944891265219,0.15737447751374098,5.2793255791544346e-05,5.2793255791544346e-05,5.2793255791544346e-05,5.2793255791544346e-05,5.2793255791544346e-05,0.0624541027897311,0.12990976889590947,5.2793255791544346e-05,9.092391933702887,13.01724656398524,0.7444292797801604,0.9550609953588594,#bcbd22,i
426.4745106033608,330.5729256540956,0,1,0,0,0,0,0,0,0,0,0,0.6834877224664877,0.14229460750777054,4.773452297091323e-05,4.773452297091323e-05,4.773452297091323e-05,4.773452297091323e-05,4.773452297091323e-05,0.05646965241195984,0.11746161047527277,4.773452297091323e-05,14.091254459247667,7.792973360035568,0.2448493751514014,1.1488537044622655,#1f77b4,A
432.68090278973585,334.0601459592519,0,1,0,0,0,0,0,0,0,0,0,0.6993511389707744,0.13516288218322006,4.534209565206061e-05,4.534209565206061e-05,4.534209565206061e-05,4.534209565206061e-05,4.534209565206061e-05,0.05363942534131737,0.11157450093007627,4.534209565206061e-05,12.80554834873423,9.287528258350921,0.16983009130409404,0.9211878739070068,#1f77b4,A
448.9155396474195,327.4697238208812,0,1,0,0,0,0,0,0,0,0,0,0.7312984057946292,0.12080033097640486,4.0523996480838e-05,4.0523996480838e-05,4.0523996480838e-05,4.0523996480838e-05,4.0523996480838e-05,0.04793964311764077,0.09971847613170884,4.0523996480838e-05,12.474652186308294,9.537888313582059,1.8529172159703229,0.984816210010154,#1f77b4,A
463.07042776289205,330.0136140271929,0,1,0,0,0,0,0,0,0,0,0,0.7609008988876939,0.10749192105067473,3.60595223139487e-05,3.60595223139487e-05,3.60595223139487e-05,3.60595223139487e-05,3.60595223139487e-05,0.042658197138594686,0.08873262578839207,3.60595223139487e-05,12.108715756384198,10.063715338239588,6.08947661203442,0.9724221667445594,#1f77b4,A
477.1936053490269,335.9818705161784,0,1,0,0,0,0,0,0,0,0,0,0.7893966712984654,0.09468106018160474,3.176195726111699e-05,3.176195726111699e-05,3.176195726111699e-05,3.176195726111699e-05,3.176195726111699e-05,0.03757420363353613,0.07815749314203767,3.176195726111699e-05,16.479091778851547,5.78175568749649,0.41902152479049076,0.9741462621106564,#1f77b4,A
487.50403505573604,329.8134750721833,0,1,0,0,0,0,0,0,0,0,0,0.8050182707047668,0.08765804870953016,2.940599937690538e-05,2.940599937690538e-05,2.940599937690538e-05,2.940599937690538e-05,2.940599937690538e-05,0.034787119683839726,0.07236012490479686,2.940599937690538e-05,11.6745787822872,10.862509576521093,0.8077492032744648,0.9759459342350405,#1f77b4,A
497.7618794209651,326.7908674723468,0,1,0,0,0,0,0,0,0,0,0,0.8207928875228366,0.0805662451112253,2.7026964305249534e-05,2.7026964305249534e-05,2.7026964305249534e-05,2.7026964305249534e-05,2.7026964305249534e-05,0.031972735560756964,0.0665059700185287,2.7026964305249534e-05,14.887812933955397,6.892471053802251,2.664520544372228,0.8366599350014072,#1f77b4,A
512.4776935902535,331.04033701398424,0,1,0,0,0,0,0,0,0,0,0,0.8438921079807795,0.07018151522200065,2.3543275526552462e-05,2.3543275526552462e-05,2.3543275526552462e-05,2.3543275526552462e-05,2.3543275526552462e-05,0.027851552773105772,0.057933564370110734,2.3543275526552462e-05,9.670035506945618,12.180968709710092,1.5556552533046644,1.1805625377622877,#1f77b4,A
10.913550161649402,340.5740721044572,1,0,1,0,0,0,0,0,0,0,0,0.19510369177805081,0.3618576983983346,0.00012138973443145987,0.00012138973443145987,0.00012138973443145987,0.00012138973443145987,0.00012138973443145987,0.14360332277545987,0.2987069486412041,0.00012138973443145987,8.229628768401847,13.552333554824253,0.7263934677220724,0.9596666369224779,#ff7f0e,B
21.400575013909176,342.8263359531184,0,1,0,0,0,0,0,0,0,0,0,0.1848589601538872,0.36646342831454914,0.00012293478469256242,0.00012293478469256242,0.00012293478469256242,0.00012293478469256242,0.00012293478469256242,0.14543110790398484,0.302508894919057,0.00012293478469256242,12.080239569870262,10.028846773881632,3.1544995903397934,1.0641871403740146,#1f77b4,A
37.3791681720388,346.18821361886484,8,0,0,0,0,0,0,0,0,1,0,0.17202135156095139,0.3722348394279139,0.00012487087743135754,0.00012487087743135754,0.00012487087743135754,0.00012487087743135754,0.00012487087743135754,0.147721493922165,0.30727308982400936,0.00012487087743135754,12.451710566625824,9.504357847206144,3.6700468237270036,1.0465540943716525,#bcbd22,i
46.07563607972848,342.796618398252,1,0,1,0,0,0,0,0,0,0,0,0.16011142715034116,0.3775891910273664,0.00012666706228962386,0.00012666706228962386,0.00012666706228962386,0.00012666706228962386,0.00012666706228962386,0.14984636976256527,0.3116930096856119,0.00012666706228962386,11.92099798182066,10.275558302636666,3.167701683677203,1.0292467470777444,#ff7f0e,B
56.9145638404535,341.3593758265824,8,0,0,0,0,0,0,0,0,1,0,0.1499899908771757,0.3821394909813862,0.00012819351786994406,0.00012819351786994406,0.00012819351786994406,0.00012819351786994406,0.00012819351786994406,0.15165215749601557,0.3154491995378208,0.00012819351786994406,14.385456976026912,7.59307842543414,5.7687380546024425,1.042709825592293,#bcbd22,i
73.57703310285953,339.9369539459732,8,0,0,0,0,0,0,0,0,1,0,0.13837777463956927,0.38736000174547003,0.00012994480412985697,0.00012994480412985697,0.00012994480412985697,0.00012994480412985697,0.00012994480412985697,0.1537239185657006,0.3197586362240937,0.00012994480412985697,14.348949386218866,7.659367614848037,2.870160514980741,1.0053397632899927,#bcbd22,i
82.46786663436039,344.77394440966486,7,0,0,0,0,0,0,0,1,0,0,0.14065962417068417,0.38633414933319526,0.00012960066898379512,0.00012960066898379512,0.00012960066898379512,0.00012960066898379512,0.00012960066898379512,0.15331680876609724,0.3189118137157343,0.00012960066898379512,12.857703089343877,9.251235202523715,3.780966485181846,1.032864665385201,#7f7f7f,h
98.13226801274485,342.3106291804562,1,0,1,0,0,0,0,0,0,0,0,0.1338070181534655,0.38941487938014874,0.00013063413878120438,0.00013063413878120438,0.00013063413878120438,0.00013063413878120438,0.00013063413878120438,0.1545393972954415,0.3214549003378676,0.00013063413878120438,11.057772597426247,11.330637091596216,2.847323517078318,1.0548179569115352,#ff7f0e,B
107.1393185150677,343.616803279744,1,0,1,0,0,0,0,0,0,0,0,0.13491696434686642,0.3889158802285968,0.00013046674321450365,0.00013046674321450365,0.00013046674321450365,0.00013046674321450365,0.00013046674321450365,0.15434136935091478,0.32104298561394606,0.00013046674321450365,12.992597905369008,9.06265510365701,3.1362582823023817,1.055443069331008,#ff7f0e,B
120.2762526478628,344.1479153147417,1,0,1,0,0,0,0,0,0,0,0,0.13693772107480223,0.38800740745872025,0.00013016198455174298,0.00013016198455174298,0.00013016198455174298,0.00013016198455174298,0.00013016198455174298,0.1539808416932672,0.3202930578655119,0.00013016198455174298,12.663429627131192,9.558637181119026,0.4045989604346604,1.0235104891193567,#ff7f0e,B
130.33486140535035,341.3219399676946,1,0,1,0,0,0,0,0,0,0,0,0.13613536462497458,0.38836812331151266,0.0001302829912396468,0.0001302829912396468,0.0001302829912396468,0.0001302829912396468,0.0001302829912396468,0.15412399187431364,0.320590822241373,0.0001302829912396468,14.85550884264816,6.953920620106996,2.0096595118281835,1.1300360509816343,#ff7f0e,B
140.9837352552713,345.12471163680846,0,1,0,0,0,0,0,0,0,0,0,0.14532709594835927,0.38423579134899766,0.000128896748300136,0.000128896748300136,0.000128896748300136,0.000128896748300136,0.000128896748300136,0.15248407484821475,0.31717965736424336,0.000128896748300136,9.377407823195416,12.201281263824304,1.5302787341752082,1.0712006587223912,#1f77b4,A
156.24657823135323,342.6174105588119,8,0,0,0,0,0,0,0,0,1,0,0.1513276778133436,0.381538106292508,0.00012799177578183264,0.00012799177578183264,0.00012799177578183264,0.00012799177578183264,0.00012799177578183264,0.15141349782407423,0.3149527674150016,0.00012799177578183264,12.936162962356283,9.619306016880932,1.5993916645873048,1.0244380403361493,#bcbd22,i
169.67321737156834,344.3334759000244,8,0,0,0,0,0,0,0,0,1,0,0.16396821180527948,0.3758552941213948,0.0001260854046770346,0.0001260854046770346,0.0001260854046770346,0.0001260854046770346,0.0001260854046770346,0.14915827231942752,0.31026170932546027,0.0001260854046770346,11.94126906962903,9.48398374579843,2.6354532098182895,1.0286478458463126,#bcbd22,i
185.5844796261633,341.6632300271723,1,0,1,0,0,0,0,0,0,0,0,0.1763365171726029,0.3702948679303564,0.0001242200894947309,0.0001242200894947309,0.0001242200894947309,0.0001242200894947309,0.0001242200894947309,0.14695161572316018,0.30567167863654193,0.0001242200894947309,14.73288853051963,7.373964213292248,1.3373952393076969,0.9514442081310364,#ff7f0e,B
189.78376817310323,340.7504575211401,1,0,1,0,0,0,0,0,0,0,0,0.17992709413265354,0.3686806501716041,0.00012367857976337297,0.00012367857976337297,0.00012367857976337297,0.00012367857976337297,0.00012367857976337297,0.1463110129810712,0.3043391712357223,0.00012367857976337297,13.964351529639757,8.440392342374913,3.340494535024434,1.0047896467362334,#ff7f0e,B
201.0774470415564,339.58287183540585,0,1,0,0,0,0,0,0,0,0,0,0.19218257057630353,0.36317094854498,0.00012183028077674691,0.00012183028077674691,0.00012183028077674691,0.00012183028077674691,0.00012183028077674691,0.14412448644153186,0.29979101275216097,0.00012183028077674691,11.928614852295421,10.620595730426885,0.9446608757242486,0.9776043657016199,#1f77b4,A
215.51852804103845,342.7464452218679,0,1,0,0,0,0,0,0,0,0,0,0.21535112259535566,0.35275504922577916,0.0001183361358191598,0.0001183361358191598,0.0001183361358191598,0.0001183361358191598,0.0001183361358191598,0.13999093405739726,0.29119287730620025,0.0001183361358191598,11.102630633375608,10.712809543161462,1.159921876547502,1.0038469284714011,#1f77b4,A
222.80236542771772,344.38978720696304,7,0,0,0,0,0,0,0,1,0,0,0.2280666596508524,0.3470385178840401,0.00011641845319277296,0.00011641845319277296,0.00011641845319277296,0.00011641845319277296,0.00011641845319277296,0.13772232709101978,0.28647398465458396,0.00011641845319277296,14.251238210168303,7.502712829874008,5.868380193567232,0.9730107662358934,#7f7f7f,h
239.08469231034056,342.8334315408129,0,1,0,0,0,0,0,0,0,0,0,0.25281309914938005,0.335913246778906,0.00011268634051171678,0.00011268634051171678,0.00011268634051171678,0.00011268634051171678,0.00011268634051171678,0.13330726032707765,0.2772902757012302,0.00011268634051171678,11.49779450476647,10.645671591316217,1.3162634176915897,1.0109532399413186,#1f77b4,A
249.1806365266462,340.1271893574377,0,1,0,0,0,0,0,0,0,0,0,0.2678614757522382,0.32914793941382353,0.000110416832724458,0.000110416832724458,0.000110416832724458,0.000110416832724458,0.000110416832724458,0.13062244632001546,0.2717056375172469,0.000110416832724458,14.872476284186455,6.793078519747337,6.178941134742016,1.073982015452937,#1f77b4,A
269.73411781052897,343.78133482782255,1,0,1,0,0,0,0,0,0,0,0,0.3120010676422142,0.30930407758169154,0.00010375995868651659,0.00010375995868651659,0.00010375995868651659,0.00010375995868651659,0.00010375995868651659,0.122747404533135,0.2553248904905282,0.00010375995868651659,12.935728892972849,9.106243912948008,3.6834426196036,1.0194872629476983,#ff7f0e,B
276.3852101710539,340.9855808117097,1,0,1,0,0,0,0,0,0,0,0,0.32294348671049483,0.30438468791805795,0.00010210968730227772,0.00010210968730227772,0.00010210968730227772,0.00010210968730227772,0.00010210968730227772,0.12079514345135643,0.251264023795954,0.00010210968730227772,12.248761442711055,10.437467337540129,2.1629354305551955,0.9167532286103248,#ff7f0e,B
284.96826911114835,345.67348173452325,0,1,0,0,0,0,0,0,0,0,0,0.3466107570935577,0.29374457949574795,9.854032856976185e-05,9.854032856976185e-05,9.854032856976185e-05,9.854032856976185e-05,9.854032856976185e-05,0.11657261362568752,0.24248080781324152,9.854032856976185e-05,16.130492317249626,5.834153912955146,2.4443269011863813,1.0251850762586263,#1f77b4,A
301.181808329748,343.98242168539656,0,1,0,0,0,0,0,0,0,0,0,0.38171926330263245,0.27796082807178857,9.324546983892052e-05,9.324546983892052e-05,9.324546983892052e-05,9.324546983892052e-05,9.324546983892052e-05,0.11030882772207139,0.2294516080840922,9.324546983892052e-05,12.99159963543474,9.285372243181365,0.13769922986601513,1.0505103219194267,#1f77b4,A
308.1298108511488,339.03273831822884,0,1,0,0,0,0,0,0,0,0,0,0.39320494357608926,0.2727972041542191,9.151326699003245e-05,9.151326699003245e-05,9.151326699003245e-05,9.151326699003245e-05,9.151326699003245e-05,0.10825964221238644,0.22518913045497183,9.151326699003245e-05,8.148716237535906,13.735996652875711,5.449270017569477,0.9741428806539149,#1f77b4,A
323.69696733552945,346.1296712680147,0,1,0,0,0,0,0,0,0,0,0,0.4383426076113767,0.25250463845095317,8.470586957233047e-05,8.470586957233047e-05,8.470586957233047e-05,8.470586957233047e-05,8.470586957233047e-05,0.10020653217624044,0.20843798654355733,8.470586957233047e-05,11.354669199457867,10.846810192281549,2.193547188476314,1.17357269130493,#1f77b4,A
335.307925743031,343.2249135412955,1,0,1,0,0,0,0,0,0,0,0,0.464581794077341,0.24070827222906443,8.074862955983523e-05,8.074862955983523e-05,8.074862955983523e-05,8.074862955983523e-05,8.074862955983523e-05,0.09552514113872086,0.19870030077705,8.074862955983523e-05,13.147029093865722,8.423144530161629,3.5507401595623636,1.1575158172797357,#ff7f0e,B
409.4253012315511,345.72550662893013,0,1,0,0,0,0,0,0,0,0,0,0.652935190134781,0.15603012712299974,5.234227647664445e-05,5.234227647664445e-05,5.234227647664445e-05,5.234227647664445e-05,5.234227647664445e-05,0.06192059698361054,0.12880003209909582,5.234227647664445e-05,15.341255540224832,6.447929130584645,2.495781973075243,1.013496470642951,#1f77b4,A
418.57007274124305,342.3078104450482,1,0,1,0,0,0,0,0,0,0,0,0.6720713376528378,0.14742707822543222,4.9456275085492636e-05,4.9456275085492636e-05,4.9456275085492636e-05,4.9456275085492636e-05,4.9456275085492636e-05,0.0585064747660683,0.12169837170447673,4.9456275085492636e-05,14.24085025700825,7.355896332611175,4.767788660835082,0.9790983194985032,#ff7f0e,B
429.3461820228703,347.3986277101614,0,1,0,0,0,0,0,0,0,0,0,0.6995841800155173,0.13505811378607172,4.5306949770232076e-05,4.5306949770232076e-05,4.5306949770232076e-05,4.5306949770232076e-05,4.5306949770232076e-05,0.05359784797535568,0.1114880165237344,4.5306949770232076e-05,7.436654177215613,14.985328769026449,1.304293600101041,1.0007183525587218,#1f77b4,A
443.4739532049883,335.826581619837,0,1,0,0,0,0,0,0,0,0,0,0.7237031856843813,0.1242149184702876,4.1669462974738906e-05,4.1669462974738906e-05,4.1669462974738906e-05,4.1669462974738906e-05,4.1669462974738906e-05,0.049294723062601124,0.1025371560041579,4.1669462974738906e-05,10.51332123072668,11.872415243986014,5.742282695584477,0.8595887315791606,#1f77b4,A
458.4246935538939,344.18336321863717,0,1,0,0,0,0,0,0,0,0,0,0.7581035500256379,0.1087495267950448,3.648140204182038e-05,3.648140204182038e-05,3.648140204182038e-05,3.648140204182038e-05,3.648140204182038e-05,0.04315727830898959,0.08977075645731848,3.648140204182038e-05,14.799448299403926,6.923778316870911,2.4086493301110794,0.9927700169498243,#1f77b4,A
470.6939558611768,339.811567083997,1,0,1,0,0,0,0,0,0,0,0,0.7792312282562327,0.09925114428423013,3.32950496839192e-05,3.32950496839192e-05,3.32950496839192e-05,3.32950496839192e-05,3.32950496839192e-05,0.03938784271156364,0.08193001444909075,3.32950496839192e-05,11.108380113425605,10.779031774697158,3.928537995914385,0.9694502703558584,#ff7f0e,B
478.04969882257376,347.96468287699173,8,0,0,0,0,0,0,0,0,1,0,0.7956696844532343,0.09186089803273763,3.0815898255546864e-05,3.0815898255546864e-05,3.0815898255546864e-05,3.0815898255546864e-05,3.0815898255546864e-05,0.03645502154307502,0.07582950058062422,3.0815898255546864e-05,9.801734136593254,12.467921269082703,4.372209279898985,1.0777095581368745,#bcbd22,i
491.2235906235741,345.0529001027103,0,1,0,0,0,0,0,0,0,0,0,0.8163201029581811,0.08257707745256825,2.77015234067478e-05,2.77015234067478e-05,2.77015234067478e-05,2.77015234067478e-05,2.77015234067478e-05,0.032770734904253966,0.06816587554373989,2.77015234067478e-05,16.846042004589435,5.721721409619606,2.565016813928705,0.9859249690230252,#1f77b4,A
501.8966906167924,341.2604614754116,0,1,0,0,0,0,0,0,0,0,0,0.8314716623768711,0.075765382129338,2.5416454193145725e-05,2.5416454193145725e-05,2.5416454193145725e-05,2.5416454193145725e-05,2.5416454193145725e-05,0.030067511823801116,0.0625429449439994,2.5416454193145725e-05,10.189815521770733,11.944346072501531,0.6491170579300869,1.030341083857736,#1f77b4,A
516.7744122948839,343.99472908358126,0,1,0,0,0,0,0,0,0,0,0,0.8532834860439,0.06595942795933023,2.2126923038183333e-05,2.2126923038183333e-05,2.2126923038183333e-05,2.2126923038183333e-05,2.2126923038183333e-05,0.026176016332535166,0.05444830812515205,2.2126923038183333e-05,18.061225989822127,3.4391303469623145,1.875334541239441,1.136408377077612,#1f77b4,A
7.047141139008937,350.8704338497233,7,0,0,0,0,0,0,0,1,0,0,0.21235352150032238,0.3541026824822433,0.00011878821641282207,0.00011878821641282207,0.00011878821641282207,0.00011878821641282207,0.00011878821641282207,0.1405257426696433,0.2923053240489601,0.00011878821641282207,14.413921777109948,7.091406995219515,3.088243416804206,0.9189315321507321,#7f7f7f,h
16.923425085574305,354.4960650129692,1,0,1,0,0,0,0,0,0,0,0,0.20450513325182124,0.3576310869223292,0.00011997186423859621,0.00011997186423859621,0.00011997186423859621,0.00011997186423859621,0.00011997186423859621,0.14192599089963745,0.2952179577404228,0.00011997186423859621,12.196111647671957,9.654995787632151,4.165324274069261,0.7581810393799395,#ff7f0e,B
36.83472373179383,355.4208836510692,8,0,0,0,0,0,0,0,0,1,0,0.18433885396585645,0.3666972527540465,0.00012301322405350404,0.00012301322405350404,0.00012301322405350404,0.00012301322405350404,0.00012301322405350404,0.1455239011942936,0.3027019127411157,0.00012301322405350404,15.173355715314,6.929480080367335,4.61309882628672,0.8956733113362627,#bcbd22,i
36.87415713541566,354.4464348518719,8,0,0,0,0,0,0,0,0,1,0,0.183007880100081,0.36729561944398925,0.00012321395371576156,0.00012321395371576156,0.00012321395371576156,0.00012321395371576156,0.00012321395371576156,0.1457613631725637,0.3031958535607043,0.00012321395371576156,10.681564074243326,11.26244486481147,3.5436124413117542,1.0904909293072436,#bcbd22,i
52.33598827677149,357.6447103900939,8,0,0,0,0,0,0,0,0,1,0,0.17423315775473175,0.3712404764392793,0.00012453730581010118,0.00012453730581010118,0.00012453730581010118,0.00012453730581010118,0.00012453730581010118,0.14732688070861474,0.30645226126214237,0.00012453730581010118,9.440506130576765,12.814780471951744,3.0822637809456284,0.9634588970283928,#bcbd22,i
66.56417107841246,351.8404574558631,1,0,1,0,0,0,0,0,0,0,0,0.15709067626317613,0.37894723174925626,0.00012712263419898767,0.00012712263419898767,0.00012712263419898767,0.00012712263419898767,0.00012712263419898767,0.15038530858020263,0.3128140476017921,0.00012712263419898767,9.897389773385148,12.10437076308376,0.09443060804044387,0.9493810931313758,#ff7f0e,B
80.22718501840839,350.64776109932995,7,0,0,0,0,0,0,0,1,0,0,0.1490947147462747,0.3825419807888925,0.0001283285381584741,0.0001283285381584741,0.0001283285381584741,0.0001283285381584741,0.0001283285381584741,0.15181188568197648,0.31578144755352294,0.0001283285381584741,13.081420866566258,9.169034203355775,2.7643867868227496,0.9781845505298777,#7f7f7f,h
92.04909070485168,350.6884430614275,1,0,1,0,0,0,0,0,0,0,0,0.14568627227760322,0.38407431623910865,0.00012884257943543176,0.00012884257943543176,0.00012884257943543176,0.00012884257943543176,0.00012884257943543176,0.15241999340838844,0.31704636259790303,0.00012884257943543176,14.174481060072171,8.256342453665322,4.122768917536392,0.8087557012174462,#ff7f0e,B
98.60971088276948,351.87253416145876,8,0,0,0,0,0,0,0,0,1,0,0.14621339561210506,0.3838373370970174,0.00012876308178966776,0.00012876308178966776,0.00012876308178966776,0.00012876308178966776,0.00012876308178966776,0.15232594817352563,0.31685074062623014,0.00012876308178966776,14.700589321381234,7.245785145957831,6.257210039298267,1.0820524561705107,#bcbd22,i
112.99659536250931,350.2437842781436,1,0,1,0,0,0,0,0,0,0,0,0.14383743022440443,0.38490550122932243,0.000129121410936522,0.000129121410936522,0.000129121410936522,0.000129121410936522,0.000129121410936522,0.15274984939035072,0.31773249068991843,0.000129121410936522,9.279502276704237,12.78308202474321,6.1848210746461385,1.0315389237829955,#ff7f0e,B
125.14818293168676,355.3391723143188,8,0,0,0,0,0,0,0,0,1,0,0.1529063896324226,0.38082836390774283,0.0001277536837363055,0.0001277536837363055,0.0001277536837363055,0.0001277536837363055,0.0001277536837363055,0.15113183637202282,0.3143668879850132,0.0001277536837363055,15.638469069484689,6.037175315712577,4.8016263423035115,0.9954204006451083,#bcbd22,i
138.27927897659046,351.610364110468,1,0,1,0,0,0,0,0,0,0,0,0.1524693006836139,0.3810248662390315,0.00012781960292474856,0.00012781960292474856,0.00012781960292474856,0.00012781960292474856,0.00012781960292474856,0.15120981837387348,0.31452909708555166,0.00012781960292474856,9.100591584217334,13.265397274158563,4.28002669100731,0.9364576696752528,#ff7f0e,B
151.93792793217355,356.68856651889087,0,1,0,0,0,0,0,0,0,0,0,0.16666230199452048,0.37464411043823215,0.00012567909781580823,0.00012567909781580823,0.00012567909781580823,0.00012567909781580823,0.00012567909781580823,0.14867761375623145,0.30926189922374653,0.00012567909781580823,16.6525487138447,5.510075139090436,2.4906064630961646,1.0819768875565183,#1f77b4,A
165.83333203022772,355.9806790944086,8,0,0,0,0,0,0,0,0,1,0,0.17565921467346404,0.3705993632062749,0.00012432223628017444,0.00012432223628017444,0.00012432223628017444,0.00012432223628017444,0.00012432223628017444,0.1470724547534886,0.3059230339487209,0.00012432223628017444,9.169158971613527,13.13077332473776,3.736629522012575,0.9784907385119659,#bcbd22,i
175.0570315829323,353.47949652642257,1,0,1,0,0,0,0,0,0,0,0,0.18034736532445828,0.3684917086090499,0.00012361519693027852,0.00012361519693027852,0.00012361519693027852,0.00012361519693027852,0.00012361519693027852,0.1462360314722812,0.3041832034122605,0.00012361519693027852,10.863878939325357,11.517185102668549,3.0861108071067367,1.0994439949920018,#ff7f0e,B
183.8059316499056,350.8526443529272,7,0,0,0,0,0,0,0,1,0,0,0.18559513622270118,0.3661324652138916,0.00012282375894107707,0.00012282375894107707,0.00012282375894107707,0.00012282375894107707,0.00012282375894107707,0.14529976511044787,0.3022356908989468,0.00012282375894107707,12.389002983154775,9.406669859817306,6.266990998454468,1.0000852196382868,#7f7f7f,h
198.30153086720418,352.96955386749664,0,1,0,0,0,0,0,0,0,0,0,0.20473500904775604,0.35752774152791666,0.00011993719572100494,0.00011993719572100494,0.00011993719572100494,0.00011993719572100494,0.00011993719572100494,0.1418849782526857,0.2951326479969581,0.00011993719572100494,8.81382244371505,12.827463408424647,4.096851061903047,0.9799268634564549,#1f77b4,A
212.08581474805268,352.27473117030763,8,0,0,0,0,0,0,0,0,1,0,0.221895528935664,0.349812876685668,0.00011734914688711151,0.00011734914688711151,0.00011734914688711151,0.00011734914688711151,0.00011734914688711151,0.13882333211108305,0.28876416738591243,0.00011734914688711151,15.595046212778279,6.401296171165431,3.6218284874250415,1.0425912186756756,#bcbd22,i
220.30024556556427,347.54335597952974,1,0,1,0,0,0,0,0,0,0,0,0.22797326184405828,0.3470805067900107,0.00011643253890151259,0.00011643253890151259,0.00011643253890151259,0.00011643253890151259,0.00011643253890151259,0.137738990399397,0.2865086457327779,0.00011643253890151259,14.880825664636221,7.436642400741344,1.6164236669299024,0.9507447251502906,#ff7f0e,B
230.73489185634364,355.1964417603241,8,0,0,0,0,0,0,0,0,1,0,0.25367250171364875,0.3355268846714801,0.00011255673046383774,0.00011255673046383774,0.00011255673046383774,0.00011255673046383774,0.00011255673046383774,0.13315393242313514,0.27697134080861746,0.00011255673046383774,12.697904370935834,9.513814368860228,4.148561270408236,0.9835352533570703,#bcbd22,i
248.91040722973915,349.30656206116765,1,0,1,0,0,0,0,0,0,0,0,0.2777463950990345,0.3247039705110633,0.00010892604723802101,0.00010892604723802101,0.00010892604723802101,0.00010892604723802101,0.00010892604723802101,0.1288588560922219,0.26803722201392755,0.00010892604723802101,14.32335793198526,7.640376542312882,3.8302409910880586,0.8963982505494784,#ff7f0e,B
256.6234122425413,355.07346528865423,1,0,1,0,0,0,0,0,0,0,0,0.2991975834320203,0.3150601473765894,0.00010569090498630336,0.00010569090498630336,0.00010569090498630336,0.00010569090498630336,0.00010569090498630336,0.1250317023450469,0.26007642141611054,0.00010569090498630336,14.271112408756949,7.230103297806927,4.493645753914187,1.052976179485741,#ff7f0e,B
271.76345517772467,351.88876805477656,1,0,1,0,0,0,0,0,0,0,0,0.32546260340641503,0.30325216716939474,0.00010172976891577708,0.00010172976891577708,0.00010172976891577708,0.00010172976891577708,0.00010172976891577708,0.12034570229440428,0.25032914851596577,0.00010172976891577708,13.199027547535568,9.068718724387086,5.495926112507398,1.0282472465440442,#ff7f0e,B
284.54582168065224,356.4109740721162,0,1,0,0,0,0,0,0,0,0,0,0.3581190020868721,0.28857081114403305,9.68047226423367e-05,9.68047226423367e-05,9.68047226423367e-05,9.68047226423367e-05,9.68047226423367e-05,0.11451940229464402,0.23820995613823875,9.68047226423367e-05,6.9800660707597695,15.216322747980746,2.9668304668889753,1.0084751621336334,#1f77b4,A
292.70547271174036,356.5057408175165,0,1,0,0,0,0,0,0,0,0,0,0.3763323459484284,0.28038262761956295,9.405789307947005e-05,9.405789307947005e-05,9.405789307947005e-05,9.405789307947005e-05,9.405789307947005e-05,0.11126991950952227,0.23145075956363326,9.405789307947005e-05,15.13482466675784,6.869079916871534,4.567511875204982,1.110745145164387,#1f77b4,A
305.06597989272836,355.3645859677426,1,0,1,0,0,0,0,0,0,0,0,0.40341378205364953,0.26820761074065724,8.997362992251488e-05,8.997362992251488e-05,8.997362992251488e-05,8.997362992251488e-05,8.997362992251488e-05,0.10643826085918298,0.2214005045665716,8.997362992251488e-05,17.21194871495153,4.916101204362239,4.913137567035423,1.0679077574918718,#ff7f0e,B
315.45026222068935,352.6875158101885,0,1,0,0,0,0,0,0,0,0,0,0.42511722460114826,0.25845038153318506,8.670044417152903e-05,8.670044417152903e-05,8.670044417152903e-05,8.670044417152903e-05,8.670044417152903e-05,0.10256610188211362,0.21334608931809873,8.670044417152903e-05,13.748995657438606,8.510547142769308,5.083967444726643,0.9704452409792202,#1f77b4,A
334.81350577873235,348.5957291386899,1,0,1,0,0,0,0,0,0,0,0,0.4686052215105168,0.23889945763298315,8.014183986204537e-05,8.014183986204537e-05,8.014183986204537e-05,8.014183986204537e-05,8.014183986204537e-05,0.09480731259056026,0.19720715722629895,8.014183986204537e-05,13.496385950368193,8.659676977340041,0.16194491508859243,1.050721095232016,#ff7f0e,B
341.101644257126,357.12273405535103,0,1,0,0,0,0,0,0,0,0,0,0.493236032581756,0.22782616966670505,7.642716558135636e-05,7.642716558135636e-05,7.642716558135636e-05,7.642716558135636e-05,7.642716558135636e-05,0.09041287534894436,0.18806635940861313,7.642716558135636e-05,16.94301505554559,4.882674431611417,3.057787183854592,1.0082720812849082,#1f77b4,A
409.5638204287777,353.29491167403114,0,1,0,0,0,0,0,0,0,0,0,0.6586861724467912,0.15344465468176866,5.1474947097139574e-05,5.1474947097139574e-05,5.1474947097139574e-05,5.1474947097139574e-05,5.1474947097139574e-05,0.06089455156534654,0.12666577162285217,5.1474947097139574e-05,10.000147313286467,12.070365443728104,0.14716607472678353,0.9091514240949572,#1f77b4,A
426.38735100913067,351.8252572932479,0,1,0,0,0,0,0,0,0,0,0,0.695872565652409,0.1367267464000607,4.586671365192463e-05,4.586671365192463e-05,4.586671365192463e-05,4.586671365192463e-05,4.586671365192463e-05,0.05426004526705609,0.11286544239786674,4.586671365192463e-05,9.441917895984183,11.46494317796003,5.5612765964656505,1.0868298484305738,#1f77b4,A
435.1382388973128,352.3375912181718,0,1,0,0,0,0,0,0,0,0,0,0.7151725624392281,0.1280500356920549,4.295600147626717e-05,4.295600147626717e-05,4.295600147626717e-05,4.295600147626717e-05,4.295600147626717e-05,0.05081669034066886,0.10570297551847535,4.295600147626717e-05,9.168276939002867,12.649908296436083,5.812298331746363,0.9422945069169794,#1f77b4,A
446.32249581627536,351.4863332389518,0,1,0,0,0,0,0,0,0,0,0,0.7379138292068563,0.11782623125022951,3.9526297171051026e-05,3.9526297171051026e-05,3.9526297171051026e-05,3.9526297171051026e-05,3.9526297171051026e-05,0.04675937085914036,0.09726341090000955,3.9526297171051026e-05,13.71876961813252,8.250934108523701,0.9628328478401689,0.8582458875048382,#1f77b4,A
462.03169219783075,352.0626451154786,0,1,0,0,0,0,0,0,0,0,0,0.7688237962903878,0.10393001948707782,3.48646374550944e-05,3.48646374550944e-05,3.48646374550944e-05,3.48646374550944e-05,3.48646374550944e-05,0.04124465556632568,0.08579234083070923,3.48646374550944e-05,11.09985051324044,11.242320011065296,5.476146591171216,1.053815514726559,#1f77b4,A
476.18547550086646,351.7300310345983,1,0,1,0,0,0,0,0,0,0,0,0.7940844884401368,0.09257355552035555,3.105496820913756e-05,3.105496820913756e-05,3.105496820913756e-05,3.105496820913756e-05,3.105496820913756e-05,0.03673783985446019,0.07641778637499833,3.105496820913756e-05,14.688632220222905,7.340000612965629,1.6013671634844773,0.9748018623822106,#ff7f0e,B
485.95678796404775,352.0746678831532,0,1,0,0,0,0,0,0,0,0,0,0.810565456879185,0.08516419701564028,2.8569405334073933e-05,2.8569405334073933e-05,2.8569405334073933e-05,2.8569405334073933e-05,2.8569405334073933e-05,0.033797433983253716,0.07030149568910578,2.8569405334073933e-05,15.959992516544023,5.690089064217891,0.781745165012118,0.9937943493649153,#1f77b4,A
501.03245583319864,353.07720638092815,0,1,0,0,0,0,0,0,0,0,0,0.834176802168341,0.07454923087011449,2.5008480895799675e-05,2.5008480895799675e-05,2.5008480895799675e-05,2.5008480895799675e-05,2.5008480895799675e-05,0.02958488187673886,0.061539034198596576,2.5008480895799675e-05,8.389548473851104,13.532556268705125,2.7501276496707154,0.8715560920297513,#1f77b4,A
507.6773591632898,353.01610327053885,0,1,0,0,0,0,0,0,0,0,0,0.8436495506955801,0.0702905618408701,2.35798565918823e-05,2.35798565918823e-05,2.35798565918823e-05,2.35798565918823e-05,2.35798565918823e-05,0.02789482795248262,0.05802358037067204,2.35798565918823e-05,14.390478254076394,7.287779927305154,0.9629409270433209,1.0127357735213198,#1f77b4,A
11.174609844665566,368.3940532495468,8,0,0,0,0,0,0,0,0,1,0,0.23079708295149695,0.34581099990298864,0.00011600666678505184,0.00011600666678505184,0.00011600666678505184,0.00011600666678505184,0.00011600666678505184,0.1372351862574107,0.28546069088704756,0.00011600666678505184,12.69357696881676,8.79999433676132,2.2867658793719072,1.1591569638094477,#bcbd22,i
22.252081905038313,363.7870223432512,0,1,0,0,0,0,0,0,0,0,0,0.21095753874624854,0.3547302752556637,0.00011899875033384633,0.00011899875033384633,0.00011899875033384633,0.00011899875033384633,0.00011899875033384633,0.14077480302682777,0.29282339046890216,0.00011899875033384633,15.286045837508203,6.759652235252615,5.246897898200658,1.1397634947844006,#1f77b4,A
33.627936401038355,364.7796104392626,1,0,1,0,0,0,0,0,0,0,0,0.2004160985455992,0.35946939661806265,0.00012058854844002562,0.00012058854844002562,0.00012058854844002562,0.00012058854844002562,0.00012058854844002562,0.14265552458585207,0.29673544895948656,0.00012058854844002562,13.622066297140977,8.011081749708948,0.6795348460371301,0.9432960205799049,#ff7f0e,B
50.85261067169141,365.86470710463243,8,0,0,0,0,0,0,0,0,1,0,0.18705191480160446,0.3654775404263715,0.0001226040561507771,0.0001226040561507771,0.0001226040561507771,0.0001226040561507771,0.0001226040561507771,0.14503985803627983,0.30169506239847405,0.0001226040561507771,13.47288517658424,8.200933093232466,4.870559411791144,1.034895775408375,#bcbd22,i
61.02106682202998,364.522753642443,1,0,1,0,0,0,0,0,0,0,0,0.17807020557467676,0.36951545263362057,0.00012395862479106052,0.00012395862479106052,0.00012395862479106052,0.00012395862479106052,0.00012395862479106052,0.14664230455766972,0.305028285484917,0.00012395862479106052,14.450341996287651,7.3208420157987915,5.644087487071005,1.0845177115787454,#ff7f0e,B
71.21739849335528,367.30554235688436,8,0,0,0,0,0,0,0,0,1,0,0.17655539507079832,0.3701964668671856,0.00012418707961549125,0.00012418707961549125,0.00012418707961549125,0.00012418707961549125,0.00012418707961549125,0.14691256523536203,0.3055904503485909,0.00012418707961549125,15.307497192309683,6.773162351551278,4.4560859172276235,1.000691776085736,#bcbd22,i
83.73858676060627,364.5527762627725,0,1,0,0,0,0,0,0,0,0,0,0.1674195666600182,0.3743036665249773,0.00012556489160601435,0.00012556489160601435,0.00012556489160601435,0.00012556489160601435,0.00012556489160601435,0.1485425084997219,0.30898086896527216,0.00012556489160601435,13.86368618231495,7.897454848468313,2.1835233029154746,0.8929339859900106,#1f77b4,A
99.13643901329245,361.5970254161098,8,0,0,0,0,0,0,0,0,1,0,0.15981544113553758,0.37772225763107775,0.00012671170116219094,0.00012671170116219094,0.00012671170116219094,0.00012671170116219094,0.00012671170116219094,0.14989917727924373,0.3118028537467901,0.00012671170116219094,13.927025871625421,7.902251041121808,2.6203049020722586,0.890782405963998,#bcbd22,i
108.68755231935309,363.68481914325474,8,0,0,0,0,0,0,0,0,1,0,0.16251052157909146,0.3765106287587114,0.00012630524495662438,0.00012630524495662438,0.00012630524495662438,0.00012630524495662438,0.00012630524495662438,0.1494183420425951,0.31080267614948576,0.00012630524495662438,16.36842152924178,5.68426932945916,1.3923492203697998,0.9360101411928421,#bcbd22,i
120.87582992928321,367.4934543444711,8,0,0,0,0,0,0,0,0,1,0,0.1695837722770337,0.373330703355145,0.00012523849882421006,0.00012523849882421006,0.00012523849882421006,0.00012523849882421006,0.00012523849882421006,0.14815638780989132,0.30817770556461144,0.00012523849882421006,8.974462691833509,13.044291985776727,1.8940796046551691,1.048106580659458,#bcbd22,i
129.37314711417514,362.48419363144905,8,0,0,0,0,0,0,0,0,1,0,0.16428200448831173,0.3757142221635582,0.0001260380803073354,0.0001260380803073354,0.0001260380803073354,0.0001260380803073354,0.0001260380803073354,0.1491022878758591,0.31014525699005124,0.0001260380803073354,16.49442305691936,5.924124977929271,4.490736373898365,0.9497085897057425,#bcbd22,i
144.81639455518143,366.49267712164726,0,1,0,0,0,0,0,0,0,0,0,0.17665578792441458,0.37015133319397314,0.0001241719389548685,0.0001241719389548685,0.0001241719389548685,0.0001241719389548685,0.0001241719389548685,0.14689465392527784,0.30555319332223513,0.0001241719389548685,16.050472350505522,5.651688234470315,0.83826834177551,1.0198509338368154,#1f77b4,A
160.29418351959038,365.2621397942737,8,0,0,0,0,0,0,0,0,1,0,0.18449055056379385,0.3666290544268536,0.00012299034606344536,0.00012299034606344536,0.00012299034606344536,0.00012299034606344536,0.00012299034606344536,0.1454968366702114,0.30264561626239384,0.00012299034606344536,13.550056608739917,8.96206385123155,5.711983718335455,1.0656627029581707,#bcbd22,i
168.29650433649243,365.80279889878824,8,0,0,0,0,0,0,0,0,1,0,0.19151335061540717,0.36347181014951035,0.00012193120860123762,0.00012193120860123762,0.00012193120860123762,0.00012193120860123762,0.00012193120860123762,0.14424388344841424,0.30003936853469737,0.00012193120860123762,12.32157159550373,9.608474328757133,4.646879495098375,1.0122698814726814,#bcbd22,i
176.92242715189974,361.38764943108504,8,0,0,0,0,0,0,0,0,1,0,0.19283727594709102,0.36287661227311224,0.00012173154195749912,0.00012173154195749912,0.00012173154195749912,0.00012173154195749912,0.00012173154195749912,0.1440076790146327,0.29954804351305614,0.00012173154195749912,15.797877668976986,5.893111781268674,0.19321106909257227,1.0264949918613084,#bcbd22,i
193.89236425895012,360.4608511359323,7,0,0,0,0,0,0,0,1,0,0,0.20943237970016684,0.355415941889327,0.00011922876586464009,0.00011922876586464009,0.00011922876586464009,0.00011922876586464009,0.00011922876586464009,0.14104691001072264,0.2933893958042403,0.00011922876586464009,12.768727310148314,9.427865216671641,5.952941029953902,1.0609664961618843,#7f7f7f,h
200.56310504331339,363.70236754840306,1,0,1,0,0,0,0,0,0,0,0,0.2219634335122526,0.3497823487859323,0.00011733890591764183,0.00011733890591764183,0.00011733890591764183,0.00011733890591764183,0.00011733890591764183,0.1388112171060443,0.2887389671599152,0.00011733890591764183,13.509560668591247,8.58832882798209,5.649523549462169,1.140108589890392,#ff7f0e,B
216.92423596743527,363.13334365747284,1,0,1,0,0,0,0,0,0,0,0,0.2431309332811401,0.3402660636831501,0.00011414654790919299,0.00011414654790919299,0.00011414654790919299,0.00011414654790919299,0.00011414654790919299,0.1350346768602878,0.2808834468876266,0.00011414654790919299,12.783442643553498,9.386276779720228,2.299042625971487,1.0823931443947485,#ff7f0e,B
228.78603137471382,361.7957177443676,0,1,0,0,0,0,0,0,0,0,0,0.2592573424599494,0.33301610458995395,0.0001117144575796037,0.0001117144575796037,0.0001117144575796037,0.0001117144575796037,0.0001117144575796037,0.13215752868746364,0.27489873751682237,0.0001117144575796037,12.81319985620053,9.401329745914921,1.4821107379868048,1.0137078283618224,#1f77b4,A
237.08249229686268,364.9986751245297,0,1,0,0,0,0,0,0,0,0,0,0.27720731099843376,0.3249463268616812,0.00010900734873628815,0.00010900734873628815,0.00010900734873628815,0.00010900734873628815,0.00010900734873628815,0.12895503527370264,0.2682372827734397,0.00010900734873628815,14.810906110180396,6.830878130917935,3.015471037862122,1.0493997127331345,#1f77b4,A
251.96717587222633,361.8280152590477,1,0,1,0,0,0,0,0,0,0,0,0.299164794486435,0.3150748883218033,0.00010569585002252258,0.00010569585002252258,0.00010569585002252258,0.00010569585002252258,0.00010569585002252258,0.12503755229303182,0.26008858979827965,0.00010569585002252258,12.494028933905682,9.290183558468286,1.9564389922076848,1.1230027189035137,#ff7f0e,B
263.4175823498133,364.8229782376221,8,0,0,0,0,0,0,0,0,1,0,0.32504918247848025,0.30343802905486283,0.00010179211863230304,0.00010179211863230304,0.00010179211863230304,0.00010179211863230304,0.00010179211863230304,0.1204194616325327,0.2504825741220054,0.00010179211863230304,13.249098128607763,8.607956017507728,2.7115276421335794,0.9621147578236965,#bcbd22,i
276.819483575123,365.94398832196055,0,1,0,0,0,0,0,0,0,0,0,0.35379155373750193,0.2905163045990871,9.745736298933625e-05,9.745736298933625e-05,9.745736298933625e-05,9.745736298933625e-05,9.745736298933625e-05,0.11529147188393361,0.23981592560118745,9.745736298933625e-05,14.638695738557228,7.54052770430762,1.2565383555969065,0.9960769942694624,#1f77b4,A
288.3645704543315,363.4933733764343,0,1,0,0,0,0,0,0,0,0,0,0.3753767958076712,0.2808122148485103,9.420200354020597e-05,9.420200354020597e-05,9.420200354020597e-05,9.420200354020597e-05,9.420200354020597e-05,0.1114404013143085,0.23180537600789322,9.420200354020597e-05,13.190322545120546,8.635896517401791,3.725463615643439,1.0623748382752287,#1f77b4,A
299.71283318182515,362.76388359840684,1,0,1,0,0,0,0,0,0,0,0,0.3999430031571396,0.2697679708147603,9.049707241344766e-05,9.049707241344766e-05,9.049707241344766e-05,9.049707241344766e-05,9.049707241344766e-05,0.10705749016495474,0.22268855342826474,9.049707241344766e-05,16.184393074714624,5.613307733858501,1.3860638901392437,1.0076333882325395,#ff7f0e,B
314.08899082466877,366.1545314771794,8,0,0,0,0,0,0,0,0,1,0,0.4377120109190127,0.2527881361703313,8.480097246227728e-05,8.480097246227728e-05,8.480097246227728e-05,8.480097246227728e-05,8.480097246227728e-05,0.10031903832073359,0.20867200875471106,8.480097246227728e-05,15.080884064919477,7.572248823455877,6.131029178651776,1.0280276708100908,#bcbd22,i
323.36438617942594,361.8586030699944,8,0,0,0,0,0,0,0,0,1,0,0.45477171053246573,0.2451185971571175,8.222812875010376e-05,8.222812875010376e-05,8.222812875010376e-05,8.222812875010376e-05,8.222812875010376e-05,0.09727537974630379,0.20234094379115766,8.222812875010376e-05,8.419466787880436,13.544289939937405,0.9864422745587952,1.1108040486194866,#bcbd22,i
336.92101986817323,364.4564092231901,0,1,0,0,0,0,0,0,0,0,0,0.4909845355519961,0.22883837648740796,7.676672314141021e-05,7.676672314141021e-05,7.676672314141021e-05,7.676672314141021e-05,7.676672314141021e-05,0.09081456989194374,0.18890191772931283,7.676672314141021e-05,15.232798266632265,7.324846648284541,2.3993095413496026,1.0547013750738206,#1f77b4,A
352.3704241738884,365.66883964198513,8,0,0,0,0,0,0,0,0,1,0,0.5305677101870929,0.21104294579346244,7.07970211961623e-05,7.07970211961623e-05,7.07970211961623e-05,7.07970211961623e-05,7.07970211961623e-05,0.08375244854097584,0.17421211335076117,7.07970211961623e-05,11.460696223531523,10.392652326901205,0.23353551295393363,0.9734224644126916,#bcbd22,i
416.2263236328064,363.31049426403524,0,1,0,0,0,0,0,0,0,0,0,0.6814514339749836,0.14321006290157096,4.8041624043045045e-05,4.8041624043045045e-05,4.8041624043045045e-05,4.8041624043045045e-05,4.8041624043045045e-05,0.056832951125748,0.11821730225275773,4.8041624043045045e-05,14.973689017950665,6.885435796193479,1.4503075499481843,1.0523986086977317,#1f77b4,A
429.3107533243543,366.77697275034575,1,0,1,0,0,0,0,0,0,0,0,0.7124551622742424,0.1292716988544846,4.336582381114754e-05,4.336582381114754e-05,4.336582381114754e-05,4.336582381114754e-05,4.336582381114754e-05,0.051301507687968095,0.10671143623972561,4.336582381114754e-05,13.199392496745611,8.22712791059057,1.9087380561779734,1.0446904337853915,#ff7f0e,B
442.7448581662939,366.80366265292867,0,1,0,0,0,0,0,0,0,0,0,0.7400216244084505,0.11687862854345364,3.920841187682846e-05,3.920841187682846e-05,3.920841187682846e-05,3.920841187682846e-05,3.920841187682846e-05,0.04638331447574338,0.09648118210035148,3.920841187682846e-05,10.738404365307767,11.4867388888957,0.011539432445982165,0.9226072002980282,#1f77b4,A
455.3210585468963,364.588294959314,8,0,0,0,0,0,0,0,0,1,0,0.7629993847973114,0.10654850352767219,3.5743040992472966e-05,3.5743040992472966e-05,3.5743040992472966e-05,3.5743040992472966e-05,3.5743040992472966e-05,0.04228380164647881,0.0879538517818197,3.5743040992472966e-05,10.836489366365187,10.410635969261504,6.157985111883421,0.9629719004024843,#bcbd22,i
468.8627275019289,366.10933863056533,0,1,0,0,0,0,0,0,0,0,0,0.7883379685095404,0.09515702180619597,3.1921624598483125e-05,3.1921624598483125e-05,3.1921624598483125e-05,3.1921624598483125e-05,3.1921624598483125e-05,0.037763089129429786,0.0785503908064545,3.1921624598483125e-05,16.03818030660498,5.861808164741186,2.993690221000043,1.0541442609016127,#1f77b4,A
485.9404847492217,363.9872218002482,8,0,0,0,0,0,0,0,0,1,0,0.8156043342534444,0.08289886600276554,2.7809471439425934e-05,2.7809471439425934e-05,2.7809471439425934e-05,2.7809471439425934e-05,2.7809471439425934e-05,0.03289843677502793,0.06843150613930982,2.7809471439425934e-05,12.026860482747066,10.304954158076862,2.1694007105401347,0.9864545152579391,#bcbd22,i
490.92516807464,360.1379584920347,0,1,0,0,0,0,0,0,0,0,0,0.8217174624956569,0.08015058340642629,2.6887525337439222e-05,2.6887525337439222e-05,2.6887525337439222e-05,2.6887525337439222e-05,2.6887525337439222e-05,0.03180778010389131,0.06616284884117893,2.6887525337439222e-05,13.158862135803979,9.36591222964601,0.5670154396868352,0.8578873457296866,#1f77b4,A
505.3262313059656,366.84234967744874,0,1,0,0,0,0,0,0,0,0,0,0.8453171038164405,0.06954087902072485,2.332836602294301e-05,2.332836602294301e-05,2.332836602294301e-05,2.332836602294301e-05,2.332836602294301e-05,0.027597316128146566,0.057404730837705045,2.332836602294301e-05,12.103863436566552,10.116697525088302,0.03564130415185881,0.9873535435100591,#1f77b4,A
514.8457918137556,363.38014441584454,0,1,0,0,0,0,0,0,0,0,0,0.8567585274041877,0.06439715160692364,2.1602837707495054e-05,2.1602837707495054e-05,2.1602837707495054e-05,2.1602837707495054e-05,2.1602837707495054e-05,0.025556026551214694,0.05315867741057214,2.1602837707495054e-05,12.345258275473697,9.492943450506345,5.371026008697014,0.9621359426254918,#1f77b4,A
6.991596996569703,373.53641509662054,8,0,0,0,0,0,0,0,0,1,0,0.24384240001423085,0.339946209172832,0.0001140392486746152,0.0001140392486746152,0.0001140392486746152,0.0001140392486746152,0.0001140392486746152,0.1349077425137485,0.2806194128068011,0.0001140392486746152,16.65349299957202,5.014494351551532,3.4520849892605368,1.0789591963833862,#bcbd22,i
19.69995501915439,371.6004670081464,8,0,0,0,0,0,0,0,0,1,0,0.22531143246513421,0.3482771869620372,0.00011683398037677944,0.00011683398037677944,0.00011683398037677944,0.00011683398037677944,0.00011683398037677944,0.13821389324038436,0.2874964834498353,0.00011683398037677944,19.72655718762904,2.5212074418640085,3.616543771307753,0.9146830489817367,#bcbd22,i
30.569511494499878,371.3261620540714,8,0,0,0,0,0,0,0,0,1,0,0.2131516534467977,0.3537438658418641,0.00011866784683970534,0.00011866784683970534,0.00011866784683970534,0.00011866784683970534,0.00011866784683970534,0.14038334619154252,0.2920091274384036,0.00011866784683970534,19.307797194059724,2.4395641827196886,4.923826332005734,0.9685623499703789,#bcbd22,i
38.39547639586073,375.2819527757891,7,0,0,0,0,0,0,0,1,0,0,0.2117491181189266,0.35437440445967305,0.00011887936898142954,0.00011887936898142954,0.00011887936898142954,0.00011887936898142954,0.00011887936898142954,0.1406335756078473,0.29252962559931006,0.00011887936898142954,12.099547704341676,10.288871217641296,3.8228250153500483,1.0348252585814115,#7f7f7f,h
52.6810868005112,373.59450848578564,8,0,0,0,0,0,0,0,0,1,0,0.19742995993210813,0.3608118766800762,0.00012103890032953539,0.00012103890032953539,0.00012103890032953539,0.00012103890032953539,0.00012103890032953539,0.14318828815152512,0.29784364183395257,0.00012103890032953539,10.432910198489301,11.57279319581056,4.829118854627596,0.9159473103946802,#bcbd22,i
64.40839336021492,371.3078176564311,1,0,1,0,0,0,0,0,0,0,0,0.1862622807830347,0.36583253664839155,0.0001227231441163114,0.0001227231441163114,0.0001227231441163114,0.0001227231441163114,0.0001227231441163114,0.14518073838035003,0.30198810532315995,0.0001227231441163114,11.328433653235352,10.725379636267336,5.295604307801751,0.8995594914196974,#ff7f0e,B
74.49198199050156,369.2838031856972,8,0,0,0,0,0,0,0,0,1,0,0.178045161164368,0.3695267118636351,0.00012396240184194934,0.00012396240184194934,0.00012396240184194934,0.00012396240184194934,0.00012396240184194934,0.14664677278606209,0.3050375797745137,0.00012396240184194934,13.26887727277418,8.550456977126604,3.8497253800523215,1.0864554333221186,#bcbd22,i
92.17948437737475,370.89543889618164,7,0,0,0,0,0,0,0,1,0,0,0.17488660946675805,0.37094670377550526,0.0001244387560603056,0.0001244387560603056,0.0001244387560603056,0.0001244387560603056,0.0001244387560603056,0.14721029694973584,0.3062097572712682,0.0001244387560603056,13.145511318921747,8.861282032709132,2.065998641672625,0.95443604802258,#7f7f7f,h
99.51109853883752,368.8105870265465,8,0,0,0,0,0,0,0,0,1,0,0.17057053791731008,0.37288708255604136,0.00012508968062515053,0.00012508968062515053,0.00012508968062515053,0.00012508968062515053,0.00012508968062515053,0.14798033677909783,0.30781150466342694,0.00012508968062515053,15.317556675732977,6.974954489456063,3.5970859222407054,0.9257191936278186,#bcbd22,i
115.22246066110094,374.02593959905425,7,0,0,0,0,0,0,0,1,0,0,0.17887333974596675,0.36915438714014104,0.00012383750081177295,0.00012383750081177295,0.00012383750081177295,0.00012383750081177295,0.00012383750081177295,0.14649901562162462,0.30473023248702785,0.00012383750081177295,12.547374794580497,9.463348703887279,2.863127452977442,0.9951177302905264,#7f7f7f,h
128.07568147992083,377.3698038440115,0,1,0,0,0,0,0,0,0,0,0,0.18686670247819823,0.3655608064376306,0.00012263198878572905,0.00012263198878572905,0.00012263198878572905,0.00012263198878572905,0.00012263198878572905,0.1450729021747464,0.3017637969763449,0.00012263198878572905,11.746829472182771,10.723280954077971,0.03596314057299123,1.0230253710463575,#1f77b4,A
139.4849729326656,370.0227775891267,0,1,0,0,0,0,0,0,0,0,0,0.17943068820755537,0.3689038196701997,0.00012375344478983953,0.00012375344478983953,0.00012375344478983953,0.00012375344478983953,0.00012375344478983953,0.14639957785528088,0.3045233935978562,0.00012375344478983953,18.557929006098657,3.6853251894189145,4.966591418276558,0.9008906548332617,#1f77b4,A
149.94795154286254,371.43386866355496,0,1,0,0,0,0,0,0,0,0,0,0.1870058744768699,0.3654982388017669,0.00012261099968218056,0.00012261099968218056,0.00012261099968218056,0.00012261099968218056,0.00012261099968218056,0.14504807219199903,0.30171214853090556,0.00012261099968218056,8.891773297938698,13.067860608135387,2.5670077757304375,1.0809592804082735,#1f77b4,A
159.08025469849744,373.00904791272,7,0,0,0,0,0,0,0,1,0,0,0.19533900397740028,0.3617519089568974,0.00012135424602743102,0.00012135424602743102,0.00012135424602743102,0.00012135424602743102,0.00012135424602743102,0.14356134020780364,0.2986196213813724,0.00012135424602743102,19.17261435383489,3.2580714752094706,1.708780903077748,1.1010105811124948,#7f7f7f,h
170.15700553556044,374.3901040105907,7,0,0,0,0,0,0,0,1,0,0,0.20608759079728936,0.3569196605691868,0.00011973320728461195,0.00011973320728461195,0.00011973320728461195,0.00011973320728461195,0.00011973320728461195,0.14164366116429267,0.29463068822516664,0.00011973320728461195,11.398897144866586,10.485753471912679,3.922459445083407,0.8763518621214406,#7f7f7f,h
189.78816728810534,375.3621271121128,8,0,0,0,0,0,0,0,0,1,0,0.22668962843122795,0.34765759060516704,0.00011662612895466496,0.00011662612895466496,0.00011662612895466496,0.00011662612895466496,0.00011662612895466496,0.13796800626321085,0.28698501792631853,0.00011662612895466496,9.660909751727269,13.017129491561485,3.847087618930893,0.9797360911455776,#bcbd22,i
193.0550311923189,373.8389610260146,1,0,1,0,0,0,0,0,0,0,0,0.22797921274107535,0.3470778314418,0.00011643164142217129,0.00011643164142217129,0.00011643164142217129,0.00011643164142217129,0.00011643164142217129,0.13773792868675597,0.2865064372814886,0.00011643164142217129,14.697991193484446,7.313771209609667,4.097918813913111,0.930745655289829,#ff7f0e,B
207.70097994597987,375.17124915915826,8,0,0,0,0,0,0,0,0,1,0,0.24803257753816885,0.33806242864209246,0.00011340731070738173,0.00011340731070738173,0.00011340731070738173,0.00011340731070738173,0.00011340731070738173,0.13416016371470324,0.27906438624045315,0.00011340731070738173,12.438437604311215,10.27835362118503,3.3107155027301287,1.065084800113834,#bcbd22,i
223.57515488036708,373.50116588160466,1,0,1,0,0,0,0,0,0,0,0,0.26796272924158065,0.3291024188241103,0.00011040156226780911,0.00011040156226780911,0.00011040156226780911,0.00011040156226780911,0.00011040156226780911,0.13060438146201617,0.2716680610983569,0.00011040156226780911,5.439804526764102,16.173589566442242,2.3421371382710428,1.0212920530941185,#ff7f0e,B
233.71680899799722,378.61257076612344,1,0,1,0,0,0,0,0,0,0,0,0.29169018156937243,0.31843525437014764,0.00010682312724781454,0.00010682312724781454,0.00010682312724781454,0.00010682312724781454,0.00010682312724781454,0.12637111444307036,0.2628625108536042,0.00010682312724781454,10.925134613838663,11.017587018411671,1.1312808873526374,1.0426465313329683,#ff7f0e,B
246.88052787033317,374.4056792977506,1,0,1,0,0,0,0,0,0,0,0,0.3076846700783769,0.3112446029287063,0.00010441093241893766,0.00010441093241893766,0.00010441093241893766,0.00010441093241893766,0.00010441093241893766,0.1235175025274426,0.2569267588706493,0.00010441093241893766,10.169307879630322,11.97951654437238,2.0479735204515865,1.028692873657407,#ff7f0e,B
260.8472394599101,376.66019936316826,7,0,0,0,0,0,0,0,1,0,0,0.3368756125403766,0.2981212140580013,0.00010000852590138443,0.00010000852590138443,0.00010000852590138443,0.00010000852590138443,0.00010000852590138443,0.1183094822027425,0.24609364004313433,0.00010000852590138443,10.573515069719416,11.53477406522695,1.3900138445323555,0.9494687302305325,#7f7f7f,h
270.2122525376513,377.646164962935,1,0,1,0,0,0,0,0,0,0,0,0.35674559341685597,0.2891882552734401,9.701185207257065e-05,9.701185207257065e-05,9.701185207257065e-05,9.701185207257065e-05,9.701185207257065e-05,0.11476443515978278,0.23871964503712897,9.701185207257065e-05,7.546688199271341,14.210832534611004,5.425688726535745,1.01249255072777,#ff7f0e,B
282.5421267228813,372.68034086917896,1,0,1,0,0,0,0,0,0,0,0,0.37512192160502855,0.2809267987910722,9.424044217069321e-05,9.424044217069321e-05,9.424044217069321e-05,9.424044217069321e-05,9.424044217069321e-05,0.11148587398204897,0.231899962968451,9.424044217069321e-05,8.901026759199073,13.05388333277099,0.0918245486457381,1.0312551007421131,#ff7f0e,B
293.09812606286175,374.87706077555055,0,1,0,0,0,0,0,0,0,0,0,0.40111210819374415,0.26924237558788344,9.032075485742647e-05,9.032075485742647e-05,9.032075485742647e-05,9.032075485742647e-05,9.032075485742647e-05,0.10684890756094073,0.222254684127886,9.032075485742647e-05,13.333078863042664,8.987873724436385,1.1908512499139308,1.0662635947426644,#1f77b4,A
305.04076738353945,375.0727869830495,1,0,1,0,0,0,0,0,0,0,0,0.4282590183304791,0.25703792351079574,8.62266172915363e-05,8.62266172915363e-05,8.62266172915363e-05,8.62266172915363e-05,8.62266172915363e-05,0.1020055675444617,0.21218013091008595,8.62266172915363e-05,10.67865199976447,11.40625305280672,5.776058377266332,0.9444990041304607,#ff7f0e,B
318.8941164653921,375.4861932745427,1,0,1,0,0,0,0,0,0,0,0,0.4610479467515044,0.24229698601338404,8.12815836609079e-05,8.12815836609079e-05,8.12815836609079e-05,8.12815836609079e-05,8.12815836609079e-05,0.09615562262184887,0.20001175511083602,8.12815836609079e-05,6.7496281860488905,15.419409981631256,3.640347693637811,1.0591422486978859,#ff7f0e,B
326.78790703748695,379.51589448001164,0,1,0,0,0,0,0,0,0,0,0,0.48506126358513474,0.23150130528832852,7.766003623488434e-05,7.766003623488434e-05,7.766003623488434e-05,7.766003623488434e-05,7.766003623488434e-05,0.09187135388692096,0.19110011702172128,7.766003623488434e-05,15.689592916907465,6.4783954459156625,2.347588431752128,1.0151592907840956,#1f77b4,A
341.9012980350308,375.84382725291897,8,0,0,0,0,0,0,0,0,1,0,0.516690810606773,0.21728159155659096,7.288985369841426e-05,7.288985369841426e-05,7.288985369841426e-05,7.288985369841426e-05,7.288985369841426e-05,0.08622825675279423,0.17936200196113453,7.288985369841426e-05,14.029000001436268,8.149948286438002,5.029342088332187,0.8429656717273175,#bcbd22,i
426.99882962549765,374.2154355167565,0,1,0,0,0,0,0,0,0,0,0,0.7131110701235504,0.1289768219836531,4.32669036411507e-05,4.32669036411507e-05,4.32669036411507e-05,4.32669036411507e-05,4.32669036411507e-05,0.05118448572422802,0.10646802074600853,4.32669036411507e-05,11.450672875963358,10.210800585060257,3.2088385815788465,0.8871080142520658,#1f77b4,A
439.821077689883,376.66141370243173,7,0,0,0,0,0,0,0,1,0,0,0.7409192952078085,0.11647506216346473,3.9073030438464334e-05,3.9073030438464334e-05,3.9073030438464334e-05,3.9073030438464334e-05,3.9073030438464334e-05,0.0462231590517096,0.0961480453936454,3.9073030438464334e-05,13.58970431088569,8.923258738474924,0.7919997573272135,0.9430780565918851,#7f7f7f,h
448.4839030830223,371.576671500707,8,0,0,0,0,0,0,0,0,1,0,0.7542965613893262,0.11046103687615018,3.705554971130958e-05,3.705554971130958e-05,3.705554971130958e-05,3.705554971130958e-05,3.705554971130958e-05,0.04383649153479161,0.09118357690070966,3.705554971130958e-05,13.183292217335923,8.986484521519793,5.898072302950872,1.0092494309427025,#bcbd22,i
461.2798672818085,372.8947563438345,0,1,0,0,0,0,0,0,0,0,0,0.778737388949093,0.09947315990690739,3.3369527628137936e-05,3.3369527628137936e-05,3.3369527628137936e-05,3.3369527628137936e-05,3.3369527628137936e-05,0.039475949669811695,0.0821132843076405,3.3369527628137936e-05,13.92967391677301,7.7258269275323395,1.0589740472661444,0.9634117891934163,#1f77b4,A
472.74353025413564,378.0015154610757,0,1,0,0,0,0,0,0,0,0,0,0.8012524426373706,0.08935105420988344,2.9973939451107282e-05,2.9973939451107282e-05,2.9973939451107282e-05,2.9973939451107282e-05,2.9973939451107282e-05,0.0354589893619037,0.07375767015333434,2.9973939451107282e-05,9.750669156724605,12.495671561316403,3.340382286051873,1.0486373291754658,#1f77b4,A
485.8971407588393,372.810503601729,0,1,0,0,0,0,0,0,0,0,0,0.8195682220084806,0.08111681869419075,2.7211661166244835e-05,2.7211661166244835e-05,2.7211661166244835e-05,2.7211661166244835e-05,2.7211661166244835e-05,0.03219123083195387,0.06696045849755791,2.7211661166244835e-05,15.307171265528812,7.577972138545175,6.276340327780031,0.9879609904410671,#1f77b4,A
496.18152747178016,371.4874579042958,8,0,0,0,0,0,0,0,0,1,0,0.8343084477319577,0.07449004689800764,2.4988626884987e-05,2.4988626884987e-05,2.4988626884987e-05,2.4988626884987e-05,2.4988626884987e-05,0.029561394701843293,0.0614901789060472,2.4988626884987e-05,11.199370634917415,10.556301612949706,0.9429686042627181,1.1212971949281298,#bcbd22,i
509.79749992890066,372.6485707174332,0,1,0,0,0,0,0,0,0,0,0,0.853491204602486,0.06586604380691605,2.2095596145010023e-05,2.2095596145010023e-05,2.2095596145010023e-05,2.2095596145010023e-05,2.2095596145010023e-05,0.026138956807090212,0.05437122120578415,2.2095596145010023e-05,8.595330885983365,13.474491035336253,5.423846911971556,0.9370140527064241,#1f77b4,A
9.630774464117374,382.1142629199799,1,0,1,0,0,0,0,0,0,0,0,0.25397094308541884,0.33539271421151845,0.00011251172128875212,0.00011251172128875212,0.00011251172128875212,0.00011251172128875212,0.00011251172128875212,0.13310068684081344,0.2768605855341813,0.00011251172128875212,18.896909320349863,3.185345562235823,0.7945993233401478,0.9786326052349074,#ff7f0e,B
27.655487995692738,385.1543777610261,0,1,0,0,0,0,0,0,0,0,0,0.23825340785956228,0.342458855605417,0.00011488214764988004,0.00011488214764988004,0.00011488214764988004,0.00011488214764988004,0.00011488214764988004,0.13590488691132857,0.28269355673745045,0.00011488214764988004,8.57542639139829,13.851858451798536,1.3885181983876596,1.087191784330242,#1f77b4,A
34.42890530724799,383.7360865921112,1,0,1,0,0,0,0,0,0,0,0,0.2291403149145691,0.3465558340667171,0.00011625653081096776,0.00011625653081096776,0.00011625653081096776,0.00011625653081096776,0.00011625653081096776,0.13753077389117263,0.28607553794232876,0.00011625653081096776,12.71802150480277,9.629131375718693,0.8886779235522428,0.9213238480186638,#ff7f0e,B
50.6692249426177,385.94503582917895,8,0,0,0,0,0,0,0,0,1,0,0.21910336889218696,0.35106814968986944,0.000117770244067836,0.000117770244067836,0.000117770244067836,0.000117770244067836,0.000117770244067836,0.13932148753292853,0.28980037242025697,0.000117770244067836,9.007315253576717,13.18934001169793,5.805670474456464,1.0625857514085957,#bcbd22,i
55.309564217358414,384.7763520761145,0,1,0,0,0,0,0,0,0,0,0,0.2138081561754658,0.35344872153077533,0.00011856883695349702,0.00011856883695349702,0.00011856883695349702,0.00011856883695349702,0.00011856883695349702,0.14026621809406603,0.29176549117761835,0.00011856883695349702,14.566870045302052,7.6994506596272325,5.118408901336866,1.064082354553876,#1f77b4,A
71.47810268798897,380.84595303507723,7,0,0,0,0,0,0,0,1,0,0,0.19786351590195178,0.36061696267218235,0.00012097351396423231,0.00012097351396423231,0.00012097351396423231,0.00012097351396423231,0.00012097351396423231,0.1431109364762314,0.29768274386548843,0.00012097351396423231,13.421759103048267,8.861113297189391,3.8602929806369,1.027267389527506,#7f7f7f,h
83.99028008566434,380.9141618003819,7,0,0,0,0,0,0,0,1,0,0,0.19310486531979085,0.36275631196420055,0.00012169118569973411,0.00012169118569973411,0.00012169118569973411,0.00012169118569973411,0.00012169118569973411,0.14395993780540295,0.2994487377960446,0.00012169118569973411,11.146195329938562,10.676932004552269,1.5871241994201783,0.9477281428543447,#7f7f7f,h
97.55706832261879,384.33635976616154,1,0,1,0,0,0,0,0,0,0,0,0.19597622146960672,0.3614654347207087,0.00012125814462733278,0.00012125814462733278,0.00012125814462733278,0.00012125814462733278,0.00012125814462733278,0.1434476528318314,0.2983831421097277,0.00012125814462733278,12.663960828014934,9.549743009239224,4.033200464748885,1.0150743977133374,#ff7f0e,B
107.2911734618428,381.8646490133121,7,0,0,0,0,0,0,0,1,0,0,0.1912232758644558,0.36360221922291586,0.00012197495597170456,0.00012197495597170456,0.00012197495597170456,0.00012197495597170456,0.00012197495597170456,0.1442956363234919,0.30014701885294265,0.00012197495597170456,17.384370421893568,4.007127702601115,4.7263175972031455,0.9837440294358902,#7f7f7f,h
121.31610557130497,385.0358039608727,1,0,1,0,0,0,0,0,0,0,0,0.19804610373114576,0.3605348765563029,0.00012094597714008509,0.00012094597714008509,0.00012094597714008509,0.00012094597714008509,0.00012094597714008509,0.14307836057955656,0.2976149832697938,0.00012094597714008509,15.819828070042178,6.074791181342405,5.343710711832834,1.0955703096602556,#ff7f0e,B
133.85999412865743,389.0926822293787,1,0,1,0,0,0,0,0,0,0,0,0.20859855785158993,0.3557908036596174,0.00011935451797920188,0.00011935451797920188,0.00011935451797920188,0.00011935451797920188,0.00011935451797920188,0.14119567400284846,0.29369883737771324,0.00011935451797920188,9.576758495651895,12.505035930922034,2.45149033632676,1.0410114647701276,#ff7f0e,B
143.28629731513007,387.62811700230424,0,1,0,0,0,0,0,0,0,0,0,0.21003916534184,0.3551431489177676,0.00011913725401752744,0.00011913725401752744,0.00011913725401752744,0.00011913725401752744,0.00011913725401752744,0.14093865204821665,0.2931642101677154,0.00011913725401752744,9.740959980273047,12.433068809101837,6.209670110221138,1.0214866568387824,#1f77b4,A
157.17220542490193,385.76403228313546,0,1,0,0,0,0,0,0,0,0,0,0.21486272917900517,0.352974616536187,0.0001184097924461107,0.0001184097924461107,0.0001184097924461107,0.0001184097924461107,0.0001184097924461107,0.1400780694022773,0.2913741261275009,0.0001184097924461107,17.993890708562006,3.914037498536019,2.131278019446712,0.8856631516823246,#1f77b4,A
167.27180953689412,384.05927821403566,1,0,1,0,0,0,0,0,0,0,0,0.219408578901745,0.3509309362495062,0.0001177242140865482,0.0001177242140865482,0.0001177242140865482,0.0001177242140865482,0.0001177242140865482,0.1392670343430342,0.2896871052208444,0.0001177242140865482,13.339514555682292,8.301450581694201,2.645847134644457,1.0138781310227496,#ff7f0e,B
175.83780213291266,387.0057258609971,8,0,0,0,0,0,0,0,0,1,0,0.2317384913668159,0.3453877703777189,0.00011586468909629892,0.00011586468909629892,0.00011586468909629892,0.00011586468909629892,0.00011586468909629892,0.137067227509001,0.28511132261154104,0.00011586468909629892,12.092047197457362,10.287566838625892,3.457461551423026,1.0626492488376693,#bcbd22,i
192.06274039140501,389.08421727614535,0,1,0,0,0,0,0,0,0,0,0,0.2517184058001002,0.3364053887005125,0.0001128514357340399,0.0001128514357340399,0.0001128514357340399,0.0001128514357340399,0.0001128514357340399,0.13350256697809715,0.2776965299065496,0.0001128514357340399,14.431882373872034,7.805539123332542,3.2693823442590624,1.0311652368702546,#1f77b4,A
203.499577293882,381.6666189006006,0,1,0,0,0,0,0,0,0,0,0,0.2528921173134261,0.33587772253723497,0.00011267442345625158,0.00011267442345625158,0.00011267442345625158,0.00011267442345625158,0.00011267442345625158,0.1332931625224279,0.2772609510858377,0.00011267442345625158,14.240707110822422,7.457320313911448,4.6319085595539855,1.0217953694267563,#1f77b4,A
212.87332574190208,390.03034304052517,8,0,0,0,0,0,0,0,0,1,0,0.2791525699965983,0.3240717956498045,0.00010871397619776921,0.00010871397619776921,0.00010871397619776921,0.00010871397619776921,0.00010871397619776921,0.1286079773322737,0.2675153731638129,0.00010871397619776921,14.543144528974546,7.797492195424537,6.2375798908112445,1.026813237353757,#bcbd22,i
223.90135535658604,386.3700605009392,0,1,0,0,0,0,0,0,0,0,0,0.2888020013586437,0.31973369521642586,0.000107258705626283,0.000107258705626283,0.000107258705626283,0.000107258705626283,0.000107258705626283,0.12688640103439688,0.2639343501564561,0.000107258705626283,17.090423538094317,5.001618906737365,2.9278095695548862,0.850784960153484,#1f77b4,A
241.2049277559711,382.3454509170032,1,0,1,0,0,0,0,0,0,0,0,0.310009445646776,0.3101994522330448,0.00010406032342001691,0.00010406032342001691,0.00010406032342001691,0.00010406032342001691,0.00010406032342001691,0.1231027341990019,0.25606400598034706,0.00010406032342001691,11.678608408325363,10.374428497116302,2.7358533556853137,0.9544853465488701,#ff7f0e,B
250.31728419835358,384.3525278059126,0,1,0,0,0,0,0,0,0,0,0,0.3291540404131219,0.3015926057011827,0.00010117304806448477,0.00010117304806448477,0.00010117304806448477,0.00010117304806448477,0.00010117304806448477,0.11968710488929109,0.2489592107076883,0.00010117304806448477,11.837997506887506,10.14975642884047,5.744270170048714,1.129181554452829,#1f77b4,A
264.9536019315624,385.77986146471017,8,0,0,0,0,0,0,0,0,1,0,0.35880410357364706,0.2882628096727359,9.670139965937768e-05,9.670139965937768e-05,9.670139965937768e-05,9.670139965937768e-05,9.670139965937768e-05,0.11439717182975749,0.23795570652554457,9.670139965937768e-05,9.685175482930962,12.25124219882927,2.13445136045939,1.0319268141246176,#bcbd22,i
278.0928637030762,382.3300972463918,8,0,0,0,0,0,0,0,0,1,0,0.3798332776260091,0.27880871174225014,9.352990312316919e-05,9.352990312316919e-05,9.352990312316919e-05,9.352990312316919e-05,9.352990312316919e-05,0.11064531057968165,0.23015152063294034,9.352990312316919e-05,11.857894582057591,10.584550568061347,5.186915242705084,0.8510029286770172,#bcbd22,i
287.33437051986203,383.0640324433211,0,1,0,0,0,0,0,0,0,0,0,0.40040208611647854,0.2695615806234478,9.04278362174967e-05,9.04278362174967e-05,9.04278362174967e-05,9.04278362174967e-05,9.04278362174967e-05,0.10697558416325317,0.22251818207911486,9.04278362174967e-05,11.081675392678378,10.841390501687783,2.869366262118783,1.019145683567282,#1f77b4,A
300.3971195796637,383.54119732288206,1,0,1,0,0,0,0,0,0,0,0,0.4296979189882852,0.25639103611059316,8.600961074430742e-05,8.600961074430742e-05,8.600961074430742e-05,8.600961074430742e-05,8.600961074430742e-05,0.10174885010956436,0.21164613712666155,8.600961074430742e-05,12.488744797103728,9.334502767657465,6.247593619763002,0.991445193622924,#ff7f0e,B
312.8043208170253,387.0087836802054,0,1,0,0,0,0,0,0,0,0,0,0.46279225692938447,0.2415127954787602,8.10185170433867e-05,8.10185170433867e-05,8.10185170433867e-05,8.10185170433867e-05,8.10185170433867e-05,0.0958444164019467,0.19936442008718555,8.10185170433867e-05,9.46144937062164,12.584868043447937,5.676716324204125,1.102635206401154,#1f77b4,A
327.1341813170071,385.7164126749843,1,0,1,0,0,0,0,0,0,0,0,0.4942244567740259,0.2273818032314226,7.627809724922493e-05,7.627809724922493e-05,7.627809724922493e-05,7.627809724922493e-05,7.627809724922493e-05,0.09023652841223723,0.1876995429983245,7.627809724922493e-05,16.52355338205493,5.7896045815412585,5.67146845532286,1.1094350372438682,#ff7f0e,B
338.5087349412698,382.1575628089074,1,0,1,0,0,0,0,0,0,0,0,0.5164592346962485,0.21738570127250234,7.292477861730405e-05,7.292477861730405e-05,7.292477861730405e-05,7.292477861730405e-05,7.292477861730405e-05,0.08626957272093379,0.1794479426380952,7.292477861730405e-05,13.948298750231837,7.97468078298734,5.93722634130164,0.8561720401908227,#ff7f0e,B
351.8421427635103,382.81896533302785,0,1,0,0,0,0,0,0,0,0,0,0.5492357599164829,0.20265033988923745,6.79816155645808e-05,6.79816155645808e-05,6.79816155645808e-05,6.79816155645808e-05,6.79816155645808e-05,0.08042184068068661,0.16728416981965638,6.79816155645808e-05,16.173886994071744,6.1412464555448825,2.832151328782799,0.9831862416292242,#1f77b4,A
358.16205084228227,383.5190641731744,1,0,1,0,0,0,0,0,0,0,0,0.5652095757049725,0.1954689822946932,6.557253847400738e-05,6.557253847400738e-05,6.557253847400738e-05,6.557253847400738e-05,6.557253847400738e-05,0.0775719170306442,0.1613560897382806,6.557253847400738e-05,12.176154958626956,9.860632549046763,2.354641937564114,0.9372356113711077,#ff7f0e,B
369.8317335308298,384.8291250047696,1,0,1,0,0,0,0,0,0,0,0,0.5944670229130061,0.18231569484688226,6.116010210120752e-05,6.116010210120752e-05,6.116010210120752e-05,6.116010210120752e-05,6.116010210120752e-05,0.07235203144775647,0.1504982901791533,6.116010210120752e-05,9.17557032926261,12.26959553956165,4.593561509725615,1.0079468221218728,#ff7f0e,B
387.0292648535099,385.45756822986357,0,1,0,0,0,0,0,0,0,0,0,0.6352022533316646,0.16400233376860246,5.5016653868160276e-05,5.5016653868160276e-05,5.5016653868160276e-05,5.5016653868160276e-05,5.5016653868160276e-05,0.0650843692875534,0.1353809436883353,5.5016653868160276e-05,14.730998869296103,7.101785254754967,0.43694260779080957,0.9778356221815296,#1f77b4,A
397.752738174568,383.3742802141658,1,0,1,0,0,0,0,0,0,0,0,0.6574435140372997,0.1540033173409971,5.166235754091533e-05,5.166235754091533e-05,5.166235754091533e-05,5.166235754091533e-05,5.166235754091533e-05,0.06111625698858579,0.12712693748721418,5.166235754091533e-05,18.32982109571703,3.5902516556857376,1.1953085928337603,1.0307115353506302,#ff7f0e,B
409.7881150446665,382.7162206215125,0,1,0,0,0,0,0,0,0,0,0,0.6834482264370872,0.14231236376053108,4.774047953012592e-05,4.774047953012592e-05,4.774047953012592e-05,4.774047953012592e-05,4.774047953012592e-05,0.056476698985537636,0.11747626793897986,4.774047953012592e-05,13.230453871081968,8.475914813705915,0.7344827226097241,1.0747834403427432,#1f77b4,A
419.5049558601442,382.51486067463486,0,1,0,0,0,0,0,0,0,0,0,0.7040629489741264,0.13304459103728095,4.463148813758124e-05,4.463148813758124e-05,4.463148813758124e-05,4.463148813758124e-05,4.463148813758124e-05,0.05279878094295545,0.10982589011610755,4.463148813758124e-05,15.022505058206429,6.373712044295696,4.159037090669603,1.029423416838447,#1f77b4,A
432.1573638564659,382.82767256752857,0,1,0,0,0,0,0,0,0,0,0,0.7302801753668458,0.12125809741821067,4.067756001437174e-05,4.067756001437174e-05,4.067756001437174e-05,4.067756001437174e-05,4.067756001437174e-05,0.04812130785046083,0.1000963540036662,4.067756001437174e-05,12.576672329137633,9.891278017928943,2.5115770044087697,0.8876066385480804,#1f77b4,A
442.4309195843281,386.7976776841281,0,1,0,0,0,0,0,0,0,0,0,0.7532200573412046,0.1109450014231251,3.721790173004944e-05,3.721790173004944e-05,3.721790173004944e-05,3.721790173004944e-05,3.721790173004944e-05,0.04402855299253795,0.09158308083199887,3.721790173004944e-05,16.169913676869445,5.819242414732123,2.8833244717305844,1.0553527535005238,#1f77b4,A
459.31695840276655,380.7819725243324,0,1,0,0,0,0,0,0,0,0,0,0.779992040874451,0.0989091053158201,3.318030839273132e-05,3.318030839273132e-05,3.318030839273132e-05,3.318030839273132e-05,3.318030839273132e-05,0.03925210445699623,0.08164766750159629,3.318030839273132e-05,7.335996253862205,14.900770498812772,0.24640253378491467,0.9967542022699127,#1f77b4,A
469.70048902038985,382.99234010676264,8,0,0,0,0,0,0,0,0,1,0,0.799022370739012,0.09035362892188159,3.0310265798662796e-05,3.0310265798662796e-05,3.0310265798662796e-05,3.0310265798662796e-05,3.0310265798662796e-05,0.0358568614000304,0.07458527734348493,3.0310265798662796e-05,16.397081881282443,6.004081640479541,2.0853336976505608,1.0024951037446976,#bcbd22,i
481.909988767762,384.578326455624,0,1,0,0,0,0,0,0,0,0,0,0.8192720198941426,0.0812499824498948,2.7256332629674674e-05,2.7256332629674674e-05,2.7256332629674674e-05,2.7256332629674674e-05,2.7256332629674674e-05,0.032244076903426164,0.06707038275593907,2.7256332629674674e-05,12.294197083274781,9.81845386657918,0.7946211427366618,0.9494236308027466,#1f77b4,A
493.2947630499593,382.6193764046093,0,1,0,0,0,0,0,0,0,0,0,0.8351038462632357,0.07413245912067772,2.486866954949808e-05,2.486866954949808e-05,2.486866954949808e-05,2.486866954949808e-05,2.486866954949808e-05,0.029419485898366786,0.06119499669958759,2.486866954949808e-05,13.25032346694905,9.281414849726252,5.869483560568337,1.0538247688331968,#1f77b4,A
504.50026688351176,384.3511330669739,0,1,0,0,0,0,0,0,0,0,0,0.851199744657645,0.06689621677844448,2.2441180677233097e-05,2.2441180677233097e-05,2.2441180677233097e-05,2.2441180677233097e-05,2.2441180677233097e-05,0.02654778122176966,0.05522161025722603,2.2441180677233097e-05,11.64280883688026,10.400605310450569,0.2629684053978211,0.9944684463669555,#1f77b4,A
514.3835801402713,382.91703171830864,0,1,0,0,0,0,0,0,0,0,0,0.8631775430530195,0.06151135103243276,2.0634759463173786e-05,2.0634759463173786e-05,2.0634759463173786e-05,2.0634759463173786e-05,2.0634759463173786e-05,0.02441079583428233,0.050776501522623224,2.0634759463173786e-05,12.13886662297463,9.806660034228733,1.5140051820144969,1.1397775912598669,#1f77b4,A
11.467597236313257,395.1514152622167,1,0,1,0,0,0,0,0,0,0,0,0.27390884231390267,0.3264292213342128,0.00010950480441294572,0.00010950480441294572,0.00010950480441294572,0.00010950480441294572,0.00010950480441294572,0.12954352233511784,0.26946138518996265,0.00010950480441294572,16.04435686650739,5.372396836985352,5.8073736263273315,1.011338153543291,#ff7f0e,B
21.249136036634958,398.49090464439956,0,1,0,0,0,0,0,0,0,0,0,0.2685215567931132,0.3288511863988482,0.00011031728317821637,0.00011031728317821637,0.00011031728317821637,0.00011031728317821637,0.00011031728317821637,0.1305046798079785,0.271460673300662,0.00011031728317821637,14.464412142804745,8.109226960516226,3.873778124826162,1.1518403200009735,#1f77b4,A
31.430699035953495,397.8167281981399,7,0,0,0,0,0,0,0,1,0,0,0.25667636295693813,0.3341764370365471,0.00011210370575137838,0.00011210370575137838,0.00011210370575137838,0.00011210370575137838,0.00011210370575137838,0.13261800692405354,0.2758565708476188,0.00011210370575137838,12.982747293551043,8.965842951063085,5.384689981136212,1.1008685104888953,#7f7f7f,h
46.09537879793814,394.5643088241788,1,0,1,0,0,0,0,0,0,0,0,0.23775105481943784,0.34268469875195146,0.00011495790958531026,0.00011495790958531026,0.00011495790958531026,0.00011495790958531026,0.00011495790958531026,0.13599451282342595,0.2828799861473302,0.00011495790958531026,16.253062862248157,5.974204590227408,2.055201269025772,0.9067447679244147,#ff7f0e,B
53.42793921941413,387.88760860063354,0,1,0,0,0,0,0,0,0,0,0,0.22044631054974004,0.3504644026328617,0.00011756770949350378,0.00011756770949350378,0.00011756770949350378,0.00011756770949350378,0.00011756770949350378,0.1390818903545737,0.2893019902055131,0.00011756770949350378,11.06537292842059,10.394576768675563,4.147714408243371,0.93761563189937,#1f77b4,A
66.0295777331643,394.5464195003435,7,0,0,0,0,0,0,0,1,0,0,0.22442852438323846,0.3486741164586053,0.00011696713538879019,0.00011696713538879019,0.00011696713538879019,0.00011696713538879019,0.00011696713538879019,0.13837141481548712,0.28782414152998764,0.00011696713538879019,18.040340181558147,3.6776064816001823,2.069238371673775,1.1329949707973679,#7f7f7f,h
76.87437026227553,398.4650780511697,8,0,0,0,0,0,0,0,0,1,0,0.2265938824334717,0.34770063518870536,0.00011664056880377568,0.00011664056880377568,0.00011664056880377568,0.00011664056880377568,0.00011664056880377568,0.13798508851750846,0.28702055044714414,0.00011664056880377568,13.242443459040699,9.236981179668794,6.273016678976655,0.9075441272254616,#bcbd22,i
89.59543110727324,401.2185264666917,7,0,0,0,0,0,0,0,1,0,0,0.2278404321418865,0.347140223115972,0.00011645257149714825,0.00011645257149714825,0.00011645257149714825,0.00011645257149714825,0.00011645257149714825,0.1377626888390597,0.28655794047375177,0.00011645257149714825,9.302833914911757,12.526153370326034,3.947434968419562,1.0431035099461274,#7f7f7f,h
101.59647387864676,392.93926500663196,0,1,0,0,0,0,0,0,0,0,0,0.2107224760315065,0.3548359525361618,0.0001190342011120718,0.0001190342011120718,0.0001190342011120718,0.0001190342011120718,0.0001190342011120718,0.14081674108338582,0.2929106251419186,0.0001190342011120718,10.8268199004331,10.776408238682956,5.105415314418435,0.9703395295177686,#1f77b4,A
112.66358355700334,393.89378227066294,0,1,0,0,0,0,0,0,0,0,0,0.21251611133614565,0.3540295868757993,0.00011876369556859625,0.00011876369556859625,0.00011876369556859625,0.00011876369556859625,0.00011876369556859625,0.14049673465900236,0.29224498495528706,0.00011876369556859625,14.791319032095076,6.873249488000666,3.0779227544939958,1.0377568606663259,#1f77b4,A
127.06803570286297,395.95003492091587,1,0,1,0,0,0,0,0,0,0,0,0.2187936676234271,0.35120738226822734,0.00011781695139446158,0.00011781695139446158,0.00011781695139446158,0.00011781695139446158,0.00011781695139446158,0.13937674201826705,0.28991530638136054,0.00011781695139446158,10.195985390307932,11.760115240943499,6.160284618365287,1.045303164440838,#ff7f0e,B
140.3078686150543,398.3969848327624,8,0,0,0,0,0,0,0,0,1,0,0.22804563665555436,0.34704796920418446,0.00011642162375746572,0.00011642162375746572,0.00011642162375746572,0.00011642162375746572,0.00011642162375746572,0.13772607784990468,0.28648178654746465,0.00011642162375746572,17.563217246576908,4.4971891950268,0.9671218187502166,1.0680952255308906,#bcbd22,i
150.93132042165647,396.41264286777204,7,0,0,0,0,0,0,0,1,0,0,0.2298245813909492,0.3462482079915261,0.00011615333375937287,0.00011615333375937287,0.00011615333375937287,0.00011615333375937287,0.00011615333375937287,0.13740869240232953,0.28582159821229264,0.00011615333375937287,15.116404684889677,6.940397696368567,3.3707761338660314,1.0207891536481393,#7f7f7f,h
165.67531148825162,396.3299700275834,8,0,0,0,0,0,0,0,0,1,0,0.23967080690849119,0.34182163469594307,0.00011466838384903348,0.00011466838384903348,0.00011466838384903348,0.00011466838384903348,0.00011466838384903348,0.13565200562581914,0.28216754246631065,0.00011466838384903348,14.969587355528455,7.003528823428154,2.3520904399155027,1.1083857383814408,#bcbd22,i
171.0320826251701,399.3691512373381,7,0,0,0,0,0,0,0,1,0,0,0.24958522039109862,0.3373644060975029,0.00011317315023023852,0.00011317315023023852,0.00011317315023023852,0.00011317315023023852,0.00011317315023023852,0.13388315328430775,0.2784881813253719,0.00011317315023023852,8.509085160710539,13.279998068349949,0.3968158587453671,0.9165077664947601,#7f7f7f,h
187.5213298921605,396.01247615154733,7,0,0,0,0,0,0,0,1,0,0,0.2590208325209334,0.33312243249990514,0.0001117501266196953,0.0001117501266196953,0.0001117501266196953,0.0001117501266196953,0.0001117501266196953,0.13219972494649126,0.27498650927261886,0.0001117501266196953,15.34107340747159,6.858707323609252,6.230077046396973,1.0643096798591216,#7f7f7f,h
201.75232551676953,392.777732579508,0,1,0,0,0,0,0,0,0,0,0,0.26948167758636205,0.3284195443390195,0.00011017248339851299,0.00011017248339851299,0.00011017248339851299,0.00011017248339851299,0.00011017248339851299,0.13033338254301663,0.2711043606308824,0.00011017248339851299,13.046840375323812,9.092543859158221,5.373526315782679,0.9865475733079472,#1f77b4,A
207.47221976764533,394.67034514031025,1,0,1,0,0,0,0,0,0,0,0,0.2800371310803997,0.32367412301221443,0.00010858057188971834,0.00010858057188971834,0.00010858057188971834,0.00010858057188971834,0.00010858057188971834,0.12845016084146094,0.26718710163426307,0.00010858057188971834,15.103056730555748,7.255838121579475,4.615692548331302,0.9991419470687453,#ff7f0e,B
222.75240580584327,394.9814271854041,1,0,1,0,0,0,0,0,0,0,0,0.3017728255926509,0.3139023942703257,0.00010530252208681383,0.00010530252208681383,0.00010530252208681383,0.00010530252208681383,0.00010530252208681383,0.12457224772034506,0.25912071728384356,0.00010530252208681383,12.392803837076675,9.896521233215163,1.4564830500776371,0.9121383872544546,#ff7f0e,B
235.3624984146816,393.7892763769416,1,0,1,0,0,0,0,0,0,0,0,0.3192293043953541,0.30605447500772615,0.00010266983846741536,0.00010266983846741536,0.00010266983846741536,0.00010266983846741536,0.00010266983846741536,0.12145779889703376,0.2526424026687622,0.00010266983846741536,10.131746723723326,11.584833655057144,2.586165122372838,1.0076996720993232,#ff7f0e,B
246.87990195830284,395.38491715133557,7,0,0,0,0,0,0,0,1,0,0,0.34133867460910516,0.2961147526647705,9.933543308962632e-05,9.933543308962632e-05,9.933543308962632e-05,9.933543308962632e-05,9.933543308962632e-05,0.11751321747115331,0.24443734265609188,9.933543308962632e-05,14.338819876817682,7.321289857826445,1.939425274303657,1.036157390284109,#7f7f7f,h
258.43620665691867,394.58244288815365,0,1,0,0,0,0,0,0,0,0,0,0.36078317808592825,0.28737307600063605,9.640292726360163e-05,9.640292726360163e-05,9.640292726360163e-05,9.640292726360163e-05,9.640292726360163e-05,0.11404408078799085,0.23722124756150254,9.640292726360163e-05,15.799201032505,6.246225577139172,2.4897089164790205,1.0256074486841606,#1f77b4,A
270.98030660843284,395.55884792108515,0,1,0,0,0,0,0,0,0,0,0,0.38646133729692134,0.27582893112595586,9.2530298087054e-05,9.2530298087054e-05,9.2530298087054e-05,9.2530298087054e-05,9.2530298087054e-05,0.10946278385844346,0.22769176592977058,9.2530298087054e-05,14.251719798210756,7.72618506323389,0.47511535910644026,0.9850279181848894,#1f77b4,A
280.4676950156275,395.88384876329997,1,0,1,0,0,0,0,0,0,0,0,0.4060844070825707,0.26700697630317727,8.957086193896755e-05,8.957086193896755e-05,8.957086193896755e-05,8.957086193896755e-05,8.957086193896755e-05,0.10596178876691047,0.22040940267530165,8.957086193896755e-05,14.562993554522874,7.669116421620595,0.36622060923807215,0.9648408935859827,#ff7f0e,B
294.52261183612484,396.23042528602787,1,0,1,0,0,0,0,0,0,0,0,0.43618114175656303,0.25347636990431066,8.503184915928921e-05,8.503184915928921e-05,8.503184915928921e-05,8.503184915928921e-05,8.503184915928921e-05,0.10059216405906402,0.20924013318467027,8.503184915928921e-05,12.70988979105158,8.645785260890555,5.624695855855319,0.8828382740970773,#ff7f0e,B
302.73620240845656,393.7479884958889,1,0,1,0,0,0,0,0,0,0,0,0.4501968689972517,0.2471753113096882,8.29180794845694e-05,8.29180794845694e-05,8.29180794845694e-05,8.29180794845694e-05,8.29180794845694e-05,0.09809158729865312,0.20403872391704928,8.29180794845694e-05,12.996880663626786,9.04474089996322,5.787271853155582,0.9993419430527318,#ff7f0e,B
319.5866802043282,398.19095663778285,8,0,0,0,0,0,0,0,0,1,0,0.49472662464564165,0.22715604333120135,7.620236323982162e-05,7.620236323982162e-05,7.620236323982162e-05,7.620236323982162e-05,7.620236323982162e-05,0.09014693553646112,0.18751318230676225,7.620236323982162e-05,19.969298903063056,1.7228361166678599,4.087467631500047,1.1070322033548174,#bcbd22,i
324.687560500603,392.073550988998,8,0,0,0,0,0,0,0,0,1,0,0.497430608301559,0.22594041183650626,7.579456430405013e-05,7.579456430405013e-05,7.579456430405013e-05,7.579456430405013e-05,7.579456430405013e-05,0.08966451185808867,0.1865097006175243,7.579456430405013e-05,15.967244414510015,5.965041809665424,2.8113246523441666,1.0450068260479197,#bcbd22,i
342.403568452089,395.0455031594103,0,1,0,0,0,0,0,0,0,0,0,0.5427746555975346,0.2055550622914737,6.895604137496233e-05,6.895604137496233e-05,6.895604137496233e-05,6.895604137496233e-05,6.895604137496233e-05,0.08157458052993606,0.16968196533226318,6.895604137496233e-05,13.611001939633876,8.257620828846942,2.836934763183914,1.0619330222149204,#1f77b4,A
350.1962896619966,391.4625665799225,0,1,0,0,0,0,0,0,0,0,0,0.5562504382629156,0.19949674689158076,6.692370297025199e-05,6.692370297025199e-05,6.692370297025199e-05,6.692370297025199e-05,6.692370297025199e-05,0.07917033647019336,0.1646809361569326,6.692370297025199e-05,10.323077003006857,11.963746866264723,3.788693267474937,1.054355305727618,#1f77b4,A
366.1072590413986,393.0566857070498,0,1,0,0,0,0,0,0,0,0,0,0.5954679430642748,0.18186571059609205,6.1009149201922686e-05,6.1009149201922686e-05,6.1009149201922686e-05,6.1009149201922686e-05,6.1009149201922686e-05,0.07217345507948762,0.15012683636433857,6.1009149201922686e-05,14.82118540404529,6.759917322915144,6.211308745863665,1.0055062837575752,#1f77b4,A
380.2963938958885,397.75511970129645,0,1,0,0,0,0,0,0,0,0,0,0.6334775211594205,0.16477772260791942,5.5276767845843776e-05,5.5276767845843776e-05,5.5276767845843776e-05,5.5276767845843776e-05,5.5276767845843776e-05,0.06539208255235822,0.1360210130725932,5.5276767845843776e-05,15.404718687676567,6.415093099266471,1.62262547498283,0.8674617064395931,#1f77b4,A
387.5105387371118,396.811719464473,0,1,0,0,0,0,0,0,0,0,0,0.6485254525298292,0.1580126154062368,5.300732720592516e-05,5.300732720592516e-05,5.300732720592516e-05,5.300732720592516e-05,5.300732720592516e-05,0.06270734798019392,0.13043654011985598,5.300732720592516e-05,15.176356220525218,7.388406970025862,5.216971956223961,1.0532562569922248,#1f77b4,A
401.2045023342867,396.60358239777935,0,1,0,0,0,0,0,0,0,0,0,0.6782165275183116,0.1446643816665964,4.8529493637768346e-05,4.8529493637768346e-05,4.8529493637768346e-05,4.8529493637768346e-05,4.8529493637768346e-05,0.05741009791012414,0.11941781594246284,4.8529493637768346e-05,13.140488251399702,8.98561856106177,5.1532882301725405,0.9025797853650034,#1f77b4,A
412.2130463258154,393.2785222710746,0,1,0,0,0,0,0,0,0,0,0,0.6983173064881434,0.13562766284983938,4.5498012195883033e-05,4.5498012195883033e-05,4.5498012195883033e-05,4.5498012195883033e-05,4.5498012195883033e-05,0.053823873671099365,0.11195816891704403,4.5498012195883033e-05,11.828893513112398,10.610052335433185,5.619042327059893,1.064073908288452,#1f77b4,A
424.4516872065816,397.5064410344666,0,1,0,0,0,0,0,0,0,0,0,0.7270383018017952,0.12271554839017594,4.11664803474663e-05,4.11664803474663e-05,4.11664803474663e-05,4.11664803474663e-05,4.11664803474663e-05,0.04869969765198482,0.10129945327323231,4.11664803474663e-05,15.408145833296937,6.453848433697011,5.904814210760188,0.9735928453568656,#1f77b4,A
440.5777412434111,395.5578914028832,0,1,0,0,0,0,0,0,0,0,0,0.7563138874662447,0.10955410642603258,3.6751308439188355e-05,3.6751308439188355e-05,3.6751308439188355e-05,3.6751308439188355e-05,3.6751308439188355e-05,0.04347657594714598,0.09043492230918514,3.6751308439188355e-05,13.582629224068771,8.29141586682585,1.7159613813726085,0.9268052731823371,#1f77b4,A
452.40847136278734,398.7464621677806,0,1,0,0,0,0,0,0,0,0,0,0.7798484284272383,0.09897366924670031,3.320196717865211e-05,3.320196717865211e-05,3.320196717865211e-05,3.320196717865211e-05,3.320196717865211e-05,0.03927772666994592,0.08170096385226362,3.320196717865211e-05,11.822947002159655,9.832340065551922,1.3540081922905352,1.0670015762323533,#1f77b4,A
464.75110020645644,389.3109481562265,0,1,0,0,0,0,0,0,0,0,0,0.7945661174720442,0.09235702927817041,3.098233174692427e-05,3.098233174692427e-05,3.098233174692427e-05,3.098233174692427e-05,3.098233174692427e-05,0.03665191135830411,0.0762390479002052,3.098233174692427e-05,13.965742948709213,7.920994798939603,5.994897293644706,1.0419960497353298,#1f77b4,A
476.003009304778,393.8244239804605,0,1,0,0,0,0,0,0,0,0,0,0.8152525313509275,0.08305702623694033,2.786252828721189e-05,2.786252828721189e-05,2.786252828721189e-05,2.786252828721189e-05,2.786252828721189e-05,0.03296120270555525,0.06856206453603826,2.786252828721189e-05,12.848005611368865,9.214166908703053,4.709203795692727,1.0785892731173796,#1f77b4,A
484.623262941319,396.41945150218714,0,1,0,0,0,0,0,0,0,0,0,0.829523783426742,0.07664109119453473,2.5710221857434696e-05,2.5710221857434696e-05,2.5710221857434696e-05,2.5710221857434696e-05,2.5710221857434696e-05,0.03041503719662989,0.0632658268501193,2.5710221857434696e-05,11.043053711966795,10.896192882231684,1.8195224477458103,0.962669580996052,#1f77b4,A
497.7241439925691,393.69630270916315,0,1,0,0,0,0,0,0,0,0,0,0.8463672995396183,0.0690687419225974,2.3169981671274927e-05,2.3169981671274927e-05,2.3169981671274927e-05,2.3169981671274927e-05,2.3169981671274927e-05,0.027409948396585893,0.05701499025032446,2.3169981671274927e-05,16.544771942744482,5.3687018333701015,0.41840078132297553,0.8838717368875995,#1f77b4,A
509.57226499080735,393.8750201497333,0,1,0,0,0,0,0,0,0,0,0,0.8616291357852784,0.062207469382542416,2.0868281154232725e-05,2.0868281154232725e-05,2.0868281154232725e-05,2.0868281154232725e-05,2.0868281154232725e-05,0.024687050584597678,0.051351134559794405,2.0868281154232725e-05,12.584401938147183,9.39723971659703,3.415409154717217,1.0014103631034377,#1f77b4,A
11.963032725994786,404.6200002801237,0,1,0,0,0,0,0,0,0,0,0,0.2906737813925458,0.3188921979849726,0.000106976414753647,0.000106976414753647,0.000106976414753647,0.000106976414753647,0.000106976414753647,0.12655245263678666,0.26323970949685427,0.000106976414753647,15.578127608648701,6.608351205534293,2.0719401733175062,0.8609374492824006,#1f77b4,A
23.240424634543235,399.9181147408391,0,1,0,0,0,0,0,0,0,0,0,0.26896955389744936,0.3286497800817757,0.00011024971888581507,0.00011024971888581507,0.00011024971888581507,0.00011024971888581507,0.00011024971888581507,0.13042475165807985,0.2712944160490516,0.00011024971888581507,12.473246327587844,9.653342674559074,5.2393638563186125,0.9295292781516022,#1f77b4,A
35.38505372011945,408.8224100118897,1,0,1,0,0,0,0,0,0,0,0,0.273768040778664,0.3264925215617725,0.00010952603927362971,0.00010952603927362971,0.00010952603927362971,0.00010952603927362971,0.00010952603927362971,0.12956864304707244,0.2695136383765228,0.00010952603927362971,12.679250622453957,9.693666190199895,0.8260442474683559,1.0153282065938305,#ff7f0e,B
43.262955863768,406.46880170449367,1,0,1,0,0,0,0,0,0,0,0,0.2623177527474104,0.3316402341685557,0.0001112529044723881,0.0001112529044723881,0.0001112529044723881,0.0001112529044723881,0.0001112529044723881,0.1316115141488873,0.27376298150798056,0.0001112529044723881,15.286150008231578,6.685357158457334,6.040783246231688,0.981094438648588,#ff7f0e,B
60.10491050934655,408.8943833706045,1,0,1,0,0,0,0,0,0,0,0,0.2550236858449692,0.33491943204077784,0.00011235295280801606,0.00011235295280801606,0.00011235295280801606,0.00011235295280801606,0.00011235295280801606,0.1329128646868851,0.2764698997101849,0.00011235295280801606,11.701414693319801,10.244025530367434,0.3403692158860459,0.9868400486154966,#ff7f0e,B
67.68595813029377,406.11894119706074,8,0,0,0,0,0,0,0,0,1,0,0.2453442575708579,0.3392710182032476,0.00011381274733762238,0.00011381274733762238,0.00011381274733762238,0.00011381274733762238,0.00011381274733762238,0.1346397927998984,0.280062054941631,0.00011381274733762238,13.836765393422697,7.523395093915748,4.100759557618152,1.023277471492162,#bcbd22,i
81.83496133156956,403.26269184743296,8,0,0,0,0,0,0,0,0,1,0,0.23389162447827283,0.3444197850806088,0.00011553996620475937,0.00011553996620475937,0.00011553996620475937,0.00011553996620475937,0.00011553996620475937,0.13668308228926937,0.28431226835427603,0.00011553996620475937,14.011352415425282,8.416873719703428,2.3323113357631677,1.0715521971418105,#bcbd22,i
131.4761648820514,402.91044356876387,7,0,0,0,0,0,0,0,1,0,0,0.23318364101304453,0.3447380736161812,0.00011564674011333373,0.00011564674011333373,0.00011564674011333373,0.00011564674011333373,0.00011564674011333373,0.13680939517831897,0.2845750097514306,0.00011564674011333373,11.12557023897369,11.246222966617509,2.5080307309400807,0.961038060819885,#7f7f7f,h
147.96942491426327,403.66881006454156,1,0,1,0,0,0,0,0,0,0,0,0.2417856968401533,0.34087084240727217,0.0001143494285692865,0.0001143494285692865,0.0001143494285692865,0.0001143494285692865,0.0001143494285692865,0.13527468345600827,0.28138268072480965,0.0001143494285692865,12.435970465147124,9.577989338169063,5.10983986063068,1.1143075467554622,#ff7f0e,B
159.48353744623333,409.50577127564605,1,0,1,0,0,0,0,0,0,0,0,0.2602244878221398,0.33258130449060713,0.00011156859839566454,0.00011156859839566454,0.00011156859839566454,0.00011156859839566454,0.00011156859839566454,0.1319849781536884,0.27453981794285814,0.00011156859839566454,13.963497464473948,7.9972767457101535,0.2890168138436634,1.048265818154274,#ff7f0e,B
167.48979314518547,407.64421192474686,0,1,0,0,0,0,0,0,0,0,0,0.26246451299815343,0.3315742550778235,0.00011123077095322446,0.00011123077095322446,0.00011123077095322446,0.00011123077095322446,0.00011123077095322446,0.13158533032937816,0.27370851696859405,0.00011123077095322446,12.601979645774742,9.850670879571302,0.1716161403344895,0.9044141868852024,#1f77b4,A
181.6281590841728,409.02077509802467,8,0,0,0,0,0,0,0,0,1,0,0.2775534658614714,0.32479070581987907,0.00010895514369264828,0.00010895514369264828,0.00010895514369264828,0.00010895514369264828,0.00010895514369264828,0.12889327702233622,0.2681088204338326,0.00010895514369264828,11.605147961071749,10.229296023180042,5.594934633330372,1.0948320678644752,#bcbd22,i
192.141363164922,404.3054903681341,1,0,1,0,0,0,0,0,0,0,0,0.27932552657412313,0.3239940394613033,0.00010868789190243892,0.00010868789190243892,0.00010868789190243892,0.00010868789190243892,0.00010868789190243892,0.12857711976841765,0.2674511868444173,0.00010868789190243892,12.929963696641035,8.681102980975705,1.9456068860110953,0.9272703647656559,#ff7f0e,B
202.44609743842412,406.7112845025051,0,1,0,0,0,0,0,0,0,0,0,0.2958609085116388,0.31656021824864977,0.00010619412270308475,0.00010619412270308475,0.00010619412270308475,0.00010619412270308475,0.00010619412270308475,0.12562700586513237,0.26131470263804396,0.00010619412270308475,9.105041619587817,12.56963196773045,5.885187967111288,1.0385436334507168,#1f77b4,A
215.83817107720637,403.9483162941812,0,1,0,0,0,0,0,0,0,0,0,0.3080979270428509,0.31105881475638636,0.000104348607430418,0.000104348607430418,0.000104348607430418,0.000104348607430418,0.000104348607430418,0.12344377244239642,0.2567733941134728,0.000104348607430418,14.15882211994253,7.2053100989663665,2.243919194542346,0.9617046815263252,#1f77b4,A
225.54128269597294,406.21195812252483,1,0,1,0,0,0,0,0,0,0,0,0.32626679198165276,0.3028906276469226,0.0001016084859174778,0.0001016084859174778,0.0001016084859174778,0.0001016084859174778,0.0001016084859174778,0.1202022252398288,0.2500307042157647,0.0001016084859174778,12.682549434486406,9.631618076294691,1.7404482301603776,0.9847205280990737,#ff7f0e,B
240.1150191343203,409.77419078194754,0,1,0,0,0,0,0,0,0,0,0,0.35577581396595265,0.28962423958157235,9.71581085143009e-05,9.71581085143009e-05,9.71581085143009e-05,9.71581085143009e-05,9.71581085143009e-05,0.11493745564712594,0.2390795421539074,9.71581085143009e-05,9.825679976138899,11.90677799066203,1.4770426719504095,0.9492723481219233,#1f77b4,A
254.28876150512727,407.08038169141753,1,0,1,0,0,0,0,0,0,0,0,0.3751110002623904,0.2809317087053929,9.424208926345417e-05,9.424208926345417e-05,9.424208926345417e-05,9.424208926345417e-05,9.424208926345417e-05,0.11148782248283842,0.23190401601342234,9.424208926345417e-05,10.510610992440673,11.61946773041152,2.7429587100766093,1.0948133229926809,#ff7f0e,B
263.86601391777447,404.9291270453171,8,0,0,0,0,0,0,0,0,1,0,0.38883592451885624,0.27476138657642885,9.217217678706667e-05,9.217217678706667e-05,9.217217678706667e-05,9.217217678706667e-05,9.217217678706667e-05,0.10903912852320681,0.22681052732039678,9.217217678706667e-05,14.975563563689084,6.892944117292159,4.527052251207568,0.9543366050848803,#bcbd22,i
275.8884366276589,405.0217468618453,7,0,0,0,0,0,0,0,1,0,0,0.41225790886388597,0.2642315515399766,8.863981065435854e-05,8.863981065435854e-05,8.863981065435854e-05,8.863981065435854e-05,8.863981065435854e-05,0.10486036071971669,0.21811834001208233,8.863981065435854e-05,12.843719042938515,9.023507596962412,5.130733385877285,0.910846544665001,#7f7f7f,h
286.11107674837916,401.8288182724694,0,1,0,0,0,0,0,0,0,0,0,0.4275593527626932,0.2573524725644089,8.633213674366561e-05,8.633213674366561e-05,8.633213674366561e-05,8.633213674366561e-05,8.633213674366561e-05,0.10213039641911231,0.212439785432896,8.633213674366561e-05,10.15476186519142,12.122416219210345,1.7079224861864022,0.9421205690474143,#1f77b4,A
294.4306828675193,400.3176419064785,0,1,0,0,0,0,0,0,0,0,0,0.4425659700974021,0.2506059389376293,8.406892684399349e-05,8.406892684399349e-05,8.406892684399349e-05,8.406892684399349e-05,8.406892684399349e-05,0.09945303277503297,0.20687064462842916,8.406892684399349e-05,17.713739643870383,4.433217256568219,2.4650827405276865,0.9841685479465132,#1f77b4,A
310.22541600811843,406.17586444193046,0,1,0,0,0,0,0,0,0,0,0,0.48626076642817356,0.23096204410204754,7.747913426020866e-05,7.747913426020866e-05,7.747913426020866e-05,7.747913426020866e-05,7.747913426020866e-05,0.09165734794332339,0.19065496672040777,7.747913426020866e-05,14.342159501299841,8.05408934320065,5.9885628473129415,0.9290013448875444,#1f77b4,A
323.87855807109946,406.20473830002754,1,0,1,0,0,0,0,0,0,0,0,0.5165863835940618,0.217328538869039,7.290560276722105e-05,7.290560276722105e-05,7.290560276722105e-05,7.290560276722105e-05,7.290560276722105e-05,0.08624688780608604,0.17940075611369316,7.290560276722105e-05,11.835442268806373,9.485885901062302,4.125632605490287,1.0929222895729818,#ff7f0e,B
341.6758847444208,408.673280530139,7,0,0,0,0,0,0,0,1,0,0,0.5603138571427256,0.19766995331772685,6.631088199733149e-05,6.631088199733149e-05,6.631088199733149e-05,6.631088199733149e-05,6.631088199733149e-05,0.07844537295997529,0.1631729512870278,6.631088199733149e-05,13.881658355825733,7.927148773672246,5.296767823123091,1.0160232446361566,#7f7f7f,h
349.5012995696845,402.8806247220873,0,1,0,0,0,0,0,0,0,0,0,0.5698906413589004,0.19336451290369042,6.486656764176115e-05,6.486656764176115e-05,6.486656764176115e-05,6.486656764176115e-05,6.486656764176115e-05,0.07673675779936377,0.1596188885316249,6.486656764176115e-05,14.138233725882165,7.591689802529823,5.7106223879976294,0.8623166837592412,#1f77b4,A
359.6623365614292,403.55494867253856,0,1,0,0,0,0,0,0,0,0,0,0.5939575078169929,0.1825447578430217,6.123694417584768e-05,6.123694417584768e-05,6.123694417584768e-05,6.123694417584768e-05,6.123694417584768e-05,0.07244293515801639,0.15068737751632003,6.123694417584768e-05,9.429094370877824,12.469688891233035,0.6854799383885644,0.9434595711476095,#1f77b4,A
375.06746159443884,404.8550297295693,7,0,0,0,0,0,0,0,1,0,0,0.6302380131446812,0.16623411009806432,5.576533142053213e-05,5.576533142053213e-05,5.576533142053213e-05,5.576533142053213e-05,5.576533142053213e-05,0.0659700503108421,0.13722323445725895,5.576533142053213e-05,12.85584056399488,8.922418187734637,5.674719671064962,0.9435132799117723,#7f7f7f,h
382.91142714862974,399.8099692681294,0,1,0,0,0,0,0,0,0,0,0,0.6416867429301271,0.1610870980327417,5.403870122725304e-05,5.403870122725304e-05,5.403870122725304e-05,5.403870122725304e-05,5.403870122725304e-05,0.06392745721909014,0.13297446961003564,5.403870122725304e-05,8.173492978982432,13.62148284916451,0.48019407019192184,0.9105678961374738,#1f77b4,A
393.08586188199547,403.9546551573576,0,1,0,0,0,0,0,0,0,0,0,0.6685732233599339,0.14899972748948775,4.9983840140381654e-05,4.9983840140381654e-05,4.9983840140381654e-05,4.9983840140381654e-05,4.9983840140381654e-05,0.05913058104010466,0.12299656506896264,4.9983840140381654e-05,15.48504247420596,6.943182910324352,2.677341766820707,1.0340083956302841,#1f77b4,A
407.85436370324334,401.05246933346467,0,1,0,0,0,0,0,0,0,0,0,0.6967155777955892,0.1363477529437143,4.5739575511100876e-05,4.5739575511100876e-05,4.5739575511100876e-05,4.5739575511100876e-05,4.5739575511100876e-05,0.05410964161423235,0.11255259019270072,4.5739575511100876e-05,12.550060601761952,9.747300959340983,2.4513846706174527,1.044302453692704,#1f77b4,A
417.0408303680769,405.52188361043477,1,0,1,0,0,0,0,0,0,0,0,0.719672801666942,0.1260268605419761,4.227730182371468e-05,4.227730182371468e-05,4.227730182371468e-05,4.227730182371468e-05,4.227730182371468e-05,0.05001379275027896,0.10403288122914094,4.227730182371468e-05,12.292730814765044,9.89929807553045,1.167133556586125,1.0582059251215712,#ff7f0e,B
430.81948224826556,403.63256939250726,1,0,1,0,0,0,0,0,0,0,0,0.7446134451471585,0.1148142810405565,3.851590043860263e-05,3.851590043860263e-05,3.851590043860263e-05,3.851590043860263e-05,3.851590043860263e-05,0.04556407762630947,0.09477710078259907,3.851590043860263e-05,13.731105271148037,7.975466885727746,2.6459833429145565,0.9242480290756776,#ff7f0e,B
442.06331470655164,406.81654239662254,1,0,1,0,0,0,0,0,0,0,0,0.7677866407674816,0.10439629409483392,3.5021055160336445e-05,3.5021055160336445e-05,3.5021055160336445e-05,3.5021055160336445e-05,3.5021055160336445e-05,0.041429696767040704,0.08617724203891393,3.5021055160336445e-05,17.05385034830659,5.191912599584711,0.301101684180813,1.017979692732976,#ff7f0e,B
454.95011644495116,406.94788417422996,0,1,0,0,0,0,0,0,0,0,0,0.7899836534409049,0.09441717028063885,3.1673432061462034e-05,3.1673432061462034e-05,3.1673432061462034e-05,3.1673432061462034e-05,3.1673432061462034e-05,0.0374694788569366,0.07793965682836063,3.1673432061462034e-05,9.814096738004332,12.292206985695678,4.481323693145473,1.006760162229239,#1f77b4,A
467.01233660048774,405.0041354552056,0,1,0,0,0,0,0,0,0,0,0,0.8080830138947386,0.08628023034264437,2.894379280677752e-05,2.894379280677752e-05,2.894379280677752e-05,2.894379280677752e-05,2.894379280677752e-05,0.03424033210258436,0.07122276090238391,2.894379280677752e-05,16.134274132372063,6.43560228336354,5.457971440075178,1.0828392761301613,#1f77b4,A
480.36236581553976,406.8436254868557,0,1,0,0,0,0,0,0,0,0,0,0.8291625469335218,0.07680349249353319,2.576470142397148e-05,2.576470142397148e-05,2.576470142397148e-05,2.576470142397148e-05,2.576470142397148e-05,0.030479486194847843,0.06339988616872415,2.576470142397148e-05,11.477800406046144,10.23712101345563,5.457451879963735,0.8691056524395546,#1f77b4,A
493.56415454123123,407.49774796412703,0,1,0,0,0,0,0,0,0,0,0,0.8476003023309585,0.06851442014520052,2.2984027431125763e-05,2.2984027431125763e-05,2.2984027431125763e-05,2.2984027431125763e-05,2.2984027431125763e-05,0.027189965653443126,0.05655740770496341,2.2984027431125763e-05,15.966197979730847,5.630594893934117,6.184412480761401,1.0302441046058919,#1f77b4,A
504.7375888777699,401.5964494227627,0,1,0,0,0,0,0,0,0,0,0,0.8590110988630376,0.06338446175451408,2.1263118108355537e-05,2.1263118108355537e-05,2.1263118108355537e-05,2.1263118108355537e-05,2.1263118108355537e-05,0.02515414031695551,0.05232272035598384,2.1263118108355537e-05,13.96209640641944,8.506709129207296,0.062467211641196806,1.0243351084852632,#1f77b4,A
512.6257115129215,408.0746460715631,0,1,0,0,0,0,0,0,0,0,0,0.871238667005999,0.057887306878749344,1.9419028087744395e-05,1.9419028087744395e-05,1.9419028087744395e-05,1.9419028087744395e-05,1.9419028087744395e-05,0.022972592958794433,0.04778491898705944,1.9419028087744395e-05,12.365495541865823,9.434468924988845,5.441391511989661,0.9457036928585296,#1f77b4,A
5.305908005028472,418.7537221696176,0,1,0,0,0,0,0,0,0,0,0,0.3266252555737937,0.30272947296266456,0.0001015544245435979,0.0001015544245435979,0.0001015544245435979,0.0001015544245435979,0.0001015544245435979,0.12013827096099843,0.2498976739549549,0.0001015544245435979,15.753151877749291,6.0560494681856225,5.92028653042895,0.9651812711989762,#1f77b4,A
19.26410466346633,413.37639598263155,8,0,0,0,0,0,0,0,0,1,0,0.29916361953134224,0.31507541654704335,0.00010569602722234973,0.00010569602722234973,0.00010569602722234973,0.00010569602722234973,0.00010569602722234973,0.12503776191935723,0.26008902583860805,0.00010569602722234973,12.231192886939889,9.838052147216063,3.115872408535426,0.9750615791762255,#bcbd22,i
31.02070085255778,422.3945557047644,1,0,1,0,0,0,0,0,0,0,0,0.30540897896415337,0.31226768669794064,0.0001047541387887294,0.0001047541387887294,0.0001047541387887294,0.0001047541387887294,0.0001047541387887294,0.12392351359032722,0.2577712959145342,0.0001047541387887294,14.130260690207699,7.471365018371439,2.728071083413653,0.9420168686250077,#ff7f0e,B
43.56827759059259,413.44255816292554,8,0,0,0,0,0,0,0,0,1,0,0.27585119106247824,0.32555599848492545,0.00010921187078117925,0.00010921187078117925,0.00010921187078117925,0.00010921187078117925,0.00010921187078117925,0.12919698361772658,0.26874055560985716,0.00010921187078117925,14.397118550950431,7.432211964904191,6.169629501098125,1.055954307900888,#bcbd22,i
56.86067120284354,417.2294566889641,0,1,0,0,0,0,0,0,0,0,0,0.2738962136541305,0.3264348988080841,0.00010950670899325041,0.00010950670899325041,0.00010950670899325041,0.00010950670899325041,0.00010950670899325041,0.1295457754421168,0.26946607184138277,0.00010950670899325041,13.27439959143745,8.77704649651946,2.511131107106495,0.9378054637183647,#1f77b4,A
69.6619810438098,412.8308194859345,0,1,0,0,0,0,0,0,0,0,0,0.25769837013420727,0.33371697267929323,0.00011194957263066646,0.00011194957263066646,0.00011194957263066646,0.00011194957263066646,0.00011194957263066646,0.13243566837304138,0.2754772913773404,0.00011194957263066646,15.173969775661895,6.703590721064464,6.169263985102588,0.9576598031688512,#1f77b4,A
141.84720001239208,415.86194816280073,0,1,0,0,0,0,0,0,0,0,0,0.2629968701089288,0.3313349229839086,0.00011115048398005835,0.00011115048398005835,0.00011115048398005835,0.00011115048398005835,0.00011115048398005835,0.13149035132496534,0.2735109526779857,0.00011115048398005835,11.988849855482147,10.017400622999599,5.295842293864685,1.0185229760642993,#1f77b4,A
146.52705390885413,415.32327436075195,1,0,1,0,0,0,0,0,0,0,0,0.2641639924363914,0.33081021912472713,0.00011097446544458675,0.00011097446544458675,0.00011097446544458675,0.00011097446544458675,0.00011097446544458675,0.13128212246045567,0.27307781918542745,0.00011097446544458675,8.580529184850858,14.04559462105931,1.6824949343060527,1.057028630825982,#ff7f0e,B
160.74151947001081,414.2685121386836,0,1,0,0,0,0,0,0,0,0,0,0.27064350380109603,0.32789722145629785,0.00010999726359166157,0.00010999726359166157,0.00010999726359166157,0.00010999726359166157,0.00010999726359166157,0.13012609856964122,0.270673192591087,0.00010999726359166157,12.640159779788245,9.038324254423188,5.948367310475189,1.0532606736255246,#1f77b4,A
176.13436915876912,416.5358085900889,7,0,0,0,0,0,0,0,1,0,0,0.2874890153878508,0.32032397507802685,0.0001074567224598536,0.0001074567224598536,0.0001074567224598536,0.0001074567224598536,0.0001074567224598536,0.12712065375271275,0.2644216154463301,0.0001074567224598536,12.547486751856903,9.78835396685704,3.322220121589708,0.9179533047754745,#7f7f7f,h
189.97392950190385,417.62402619144746,8,0,0,0,0,0,0,0,0,1,0,0.3031953418357892,0.31326287282089404,0.00010508798654078748,0.00010508798654078748,0.00010508798654078748,0.00010508798654078748,0.00010508798654078748,0.12431845346494838,0.25859280395881035,0.00010508798654078748,18.151571738529704,3.448203070978708,2.284264065341882,1.0298963436380768,#bcbd22,i
202.1719121918809,416.6084519002976,8,0,0,0,0,0,0,0,0,1,0,0.3149455484858263,0.3079803256273526,0.00010331588937722296,0.00010331588937722296,0.00010331588937722296,0.00010331588937722296,0.00010331588937722296,0.12222207322191794,0.2542321573283249,0.00010331588937722296,18.019524096970855,3.9701216452560226,0.8071502400778251,0.888049583898859,#bcbd22,i
212.21239859411338,416.0546978408707,0,1,0,0,0,0,0,0,0,0,0,0.3265310056712562,0.302771844945811,0.0001015686387604137,0.0001015686387604137,0.0001015686387604137,0.0001015686387604137,0.0001015686387604137,0.12015508629365365,0.24993265125639025,0.0001015686387604137,11.561043356050925,11.094230177675824,5.99203055591045,1.0635362015632355,#1f77b4,A
218.4213459096977,419.23721285561925,0,1,0,0,0,0,0,0,0,0,0,0.34132449711118507,0.2961211264507029,9.933757125660489e-05,9.933757125660489e-05,9.933757125660489e-05,9.933757125660489e-05,9.933757125660489e-05,0.11751574690977687,0.24444260410045413,9.933757125660489e-05,15.895656916785361,6.2813218458429985,1.8494783482162567,1.0483792308998574,#1f77b4,A
233.7453349730468,415.9014469374582,8,0,0,0,0,0,0,0,0,1,0,0.3573097446511997,0.2889346294770199,9.692677009639961e-05,9.692677009639961e-05,9.692677009639961e-05,9.692677009639961e-05,9.692677009639961e-05,0.11466378369577161,0.23851028155507317,9.692677009639961e-05,10.480897154214288,11.516171871805144,4.549669411632098,1.0155340563903594,#bcbd22,i
242.9497271180066,417.3814820468863,0,1,0,0,0,0,0,0,0,0,0,0.37497697025118737,0.2809919646549791,9.42623028826491e-05,9.42623028826491e-05,9.42623028826491e-05,9.42623028826491e-05,9.42623028826491e-05,0.11151173507227859,0.231953756203884,9.42623028826491e-05,14.380096265804177,8.40592177565097,5.207418833076722,1.0308217096236065,#1f77b4,A
262.6010257081478,414.27049026375374,1,0,1,0,0,0,0,0,0,0,0,0.403438666174996,0.2681964235718442,8.996987704546603e-05,8.996987704546603e-05,8.996987704546603e-05,8.996987704546603e-05,8.996987704546603e-05,0.10643382122829738,0.22139126976218618,8.996987704546603e-05,11.63089288926903,10.561385563024013,2.344108736519014,0.848313700604706,#ff7f0e,B
271.37256041420125,414.7403842827346,8,0,0,0,0,0,0,0,0,1,0,0.4207970635484141,0.2603925988340796,8.73519854912448e-05,8.73519854912448e-05,8.73519854912448e-05,8.73519854912448e-05,8.73519854912448e-05,0.10333687132876337,0.2149493543753747,8.73519854912448e-05,14.500204431482183,7.4756486416407,4.378915176454587,0.939974599500645,#bcbd22,i
281.18160157001296,417.4155006523195,7,0,0,0,0,0,0,0,1,0,0,0.44478654731593886,0.24960763275432513,8.373403242829107e-05,8.373403242829107e-05,8.373403242829107e-05,8.373403242829107e-05,8.373403242829107e-05,0.09905685470364105,0.2060465610310804,8.373403242829107e-05,17.46792873462901,5.120050549027437,1.39721583809605,0.9278478499786887,#7f7f7f,h
293.1661806168411,418.36991755144464,1,0,1,0,0,0,0,0,0,0,0,0.4706531580070069,0.23797876563885045,7.983298210620476e-05,7.983298210620476e-05,7.983298210620476e-05,7.983298210620476e-05,7.983298210620476e-05,0.09444193573055304,0.19644714273048178,7.983298210620476e-05,21.108631885224764,0.6489154380210268,3.157626072820122,0.9268883079539575,#ff7f0e,B
305.16786278454487,417.3339616016085,1,0,1,0,0,0,0,0,0,0,0,0.4938610668844983,0.22754517263404342,7.633290157834688e-05,7.633290157834688e-05,7.633290157834688e-05,7.633290157834688e-05,7.633290157834688e-05,0.09030136160263232,0.18783440146886193,7.633290157834688e-05,7.475661045335921,14.336958093365212,1.135734418481713,0.9040133301397635,#ff7f0e,B
319.98398069075733,415.33141527712974,0,1,0,0,0,0,0,0,0,0,0,0.5223801447589991,0.21472383431417755,7.203182173233757e-05,7.203182173233757e-05,7.203182173233757e-05,7.203182173233757e-05,7.203182173233757e-05,0.08521321011846993,0.17725061987743704,7.203182173233757e-05,12.476636610008477,9.549750762422224,3.6146460741035007,0.9330171749158,#1f77b4,A
329.82093497494395,415.9985011439706,0,1,0,0,0,0,0,0,0,0,0,0.5449802075654295,0.20456351101878295,6.86234129793254e-05,6.86234129793254e-05,6.86234129793254e-05,6.86234129793254e-05,6.86234129793254e-05,0.08118108314659758,0.16886345779076903,6.86234129793254e-05,10.089217253463724,11.909181756022592,0.19174818884008094,1.0558470237036883,#1f77b4,A
339.7427864284897,416.9182785176398,0,1,0,0,0,0,0,0,0,0,0,0.5682248621945181,0.19411339820519682,6.5117790673002e-05,6.5117790673002e-05,6.5117790673002e-05,6.5117790673002e-05,6.5117790673002e-05,0.07703395312821827,0.16023707972746057,6.5117790673002e-05,11.554995298958328,10.283156797037815,0.10319897238808061,0.9004018511322036,#1f77b4,A
350.9347420096038,416.649101856388,0,1,0,0,0,0,0,0,0,0,0,0.592464589326854,0.18321593007132034,6.146209737532792e-05,6.146209737532792e-05,6.146209737532792e-05,6.146209737532792e-05,6.146209737532792e-05,0.07270929003333039,0.1512414179836507,6.146209737532792e-05,14.787904226637869,7.124615094888709,0.7365729982785605,0.9193651588657956,#1f77b4,A
361.8242065127748,416.48330681637367,0,1,0,0,0,0,0,0,0,0,0,0.616098690216268,0.1725907336774371,5.789774107105564e-05,5.789774107105564e-05,5.789774107105564e-05,5.789774107105564e-05,5.789774107105564e-05,0.06849267805006441,0.1424705116091879,5.789774107105564e-05,10.102922660131606,12.020480248105796,4.8822587767331695,0.8538338216800474,#1f77b4,A
383.54414916703274,416.576874250539,8,0,0,0,0,0,0,0,0,1,0,0.6628838545210562,0.15155750032599927,5.0841877337695545e-05,5.0841877337695545e-05,5.0841877337695545e-05,5.0841877337695545e-05,5.0841877337695545e-05,0.06014563386295088,0.1251079600253045,5.0841877337695545e-05,15.587233978209927,6.589427262881537,5.279328734426509,1.0821501208290398,#bcbd22,i
392.2505541723624,416.586750129003,8,0,0,0,0,0,0,0,0,1,0,0.6810512984167437,0.14338995207570815,4.810197013813229e-05,4.810197013813229e-05,4.810197013813229e-05,4.810197013813229e-05,4.810197013813229e-05,0.056904340191813944,0.11836579749422405,4.810197013813229e-05,9.516839165276302,12.205284927002685,2.0265440574807907,0.96899440374046,#bcbd22,i
398.40415630760356,416.4024880619353,8,0,0,0,0,0,0,0,0,1,0,0.6934369243971601,0.1378217390466249,4.6234042762674984e-05,4.6234042762674984e-05,4.6234042762674984e-05,4.6234042762674984e-05,4.6234042762674984e-05,0.05469459338682061,0.11376933891212493,4.6234042762674984e-05,15.356603502982166,6.8735117937693895,1.1835912858690563,0.9660535817238302,#bcbd22,i
419.6212073195985,412.7200376489295,0,1,0,0,0,0,0,0,0,0,0,0.7315302327928963,0.12069610837883205,4.048903369436935e-05,4.048903369436935e-05,4.048903369436935e-05,4.048903369436935e-05,4.048903369436935e-05,0.04789828235238418,0.09963244227298969,4.048903369436935e-05,15.04080165373882,6.839138564122175,5.7935752530969395,1.0587248524058486,#1f77b4,A
426.05775338436115,416.27041464752364,8,0,0,0,0,0,0,0,0,1,0,0.7469281534220595,0.11377365630384893,3.8166809729766325e-05,3.8166809729766325e-05,3.8166809729766325e-05,3.8166809729766325e-05,3.8166809729766325e-05,0.04515110542586995,0.09391808398909615,3.8166809729766325e-05,14.71708743278202,7.110832254931168,4.569007015360331,1.0288422348096606,#bcbd22,i
440.38590419930273,418.6266777728297,0,1,0,0,0,0,0,0,0,0,0,0.7744306190746277,0.10140935692804934,3.401904936898724e-05,3.401904936898724e-05,3.401904936898724e-05,3.401904936898724e-05,3.401904936898724e-05,0.04024432996685834,0.08371157973347622,3.401904936898724e-05,11.447479801705496,10.429797323992544,4.371969479289472,0.9347924733711697,#1f77b4,A
445.0784548351553,416.6226353656126,8,0,0,0,0,0,0,0,0,1,0,0.7807707480593312,0.09855902147673554,3.306286834808579e-05,3.306286834808579e-05,3.306286834808579e-05,3.306286834808579e-05,3.306286834808579e-05,0.03911317359338588,0.08135867965967827,3.306286834808579e-05,13.418760184971221,8.920273404145968,1.8379309477874497,1.1076988388016176,#bcbd22,i
465.0910415950164,414.7515508167668,0,1,0,0,0,0,0,0,0,0,0,0.8115106936332694,0.084739246381899,2.842685027775026e-05,2.842685027775026e-05,2.842685027775026e-05,2.842685027775026e-05,2.842685027775026e-05,0.03362879221249441,0.06995070666985913,2.842685027775026e-05,10.583410844972995,11.297237267467656,3.1820329856404546,1.0298300863398575,#1f77b4,A
473.51650286295126,418.2773464184283,0,1,0,0,0,0,0,0,0,0,0,0.8262383896091096,0.07811810759160148,2.6205705659449785e-05,2.6205705659449785e-05,2.6205705659449785e-05,2.6205705659449785e-05,2.6205705659449785e-05,0.031001191542250964,0.06448507702225512,2.6205705659449785e-05,15.74779363526271,6.4764521155660155,0.59454368568776,1.0125287935557739,#1f77b4,A
485.93757058089767,416.0145503546205,7,0,0,0,0,0,0,0,1,0,0,0.8420636724583257,0.07100352603639666,2.3819029434514044e-05,2.3819029434514044e-05,2.3819029434514044e-05,2.3819029434514044e-05,2.3819029434514044e-05,0.02817776798098201,0.05861211934684641,2.3819029434514044e-05,13.018658109640771,8.597505074895782,2.617545582609532,0.9675612344512398,#7f7f7f,h
499.0008438396287,422.10490042073025,0,1,0,0,0,0,0,0,0,0,0,0.8618023839921122,0.06212958208608422,2.0842152877082638e-05,2.0842152877082638e-05,2.0842152877082638e-05,2.0842152877082638e-05,2.0842152877082638e-05,0.02465614099051442,0.05128684001316483,2.0842152877082638e-05,16.3878671135734,5.4997672909051,5.077952385802417,1.0792999427053793,#1f77b4,A
510.70705414109096,420.1428209302556,0,1,0,0,0,0,0,0,0,0,0,0.8743469928195939,0.056489895046576984,1.8950248642261792e-05,1.8950248642261792e-05,1.8950248642261792e-05,1.8950248642261792e-05,1.8950248642261792e-05,0.02241802970568715,0.046631380935413996,1.8950248642261792e-05,11.583166790160456,10.311191998397723,5.326541465229729,1.0070514733596003,#1f77b4,A
11.529370065152602,425.3203747848376,1,0,1,0,0,0,0,0,0,0,0,0.3325256732357229,0.3000768187848187,0.0001006645582021811,0.0001006645582021811,0.0001006645582021811,0.0001006645582021811,0.0001006645582021811,0.11908556445289052,0.24770795617702215,0.0001006645582021811,15.632517612421967,6.9509243328231305,1.989191147353331,1.0655607156378064,#ff7f0e,B
21.895460658269656,427.1576721800188,1,0,1,0,0,0,0,0,0,0,0,0.3247356710263941,0.30357897457954064,0.00010183940058840254,0.00010183940058840254,0.00010183940058840254,0.00010183940058840254,0.00010183940058840254,0.12047539590106877,0.25059892208914136,0.00010183940058840254,12.21006701183887,10.229934090885852,2.8682156716803067,1.0017800434906297,#ff7f0e,B
37.42930362055967,429.1517143913138,1,0,1,0,0,0,0,0,0,0,0,0.31396068858975873,0.30842308965993165,0.00010346442016313277,0.00010346442016313277,0.00010346442016313277,0.00010346442016313277,0.00010346442016313277,0.12239778424469083,0.254597650984326,0.00010346442016313277,14.963498046649914,6.716287596491647,2.2329860006150897,0.9006390664143896,#ff7f0e,B
49.93216266011064,431.44197266892434,1,0,1,0,0,0,0,0,0,0,0,0.3090107928875678,0.31064841713107555,0.00010421093436454629,0.00010421093436454629,0.00010421093436454629,0.00010421093436454629,0.00010421093436454629,0.12328090603686008,0.25643461833799863,0.00010421093436454629,13.38630861268525,8.829647373243217,3.2583521878152046,0.968136901572514,#ff7f0e,B
60.16085088632696,422.3030468984538,8,0,0,0,0,0,0,0,0,1,0,0.2824734228392912,0.3225788379183533,0.00010821314467382923,0.00010821314467382923,0.00010821314467382923,0.00010821314467382923,0.00010821314467382923,0.1280154966639097,0.2662829637100802,0.00010821314467382923,13.848646424975046,7.5056775797426445,4.976535515466551,1.0828503809534509,#bcbd22,i
129.79949604584937,425.361067865495,8,0,0,0,0,0,0,0,0,1,0,0.27853174690164983,0.32435089944734435,0.00010880760509114951,0.00010880760509114951,0.00010880760509114951,0.00010880760509114951,0.00010880760509114951,0.12871873974772977,0.2677457682724048,0.00010880760509114951,13.462949065947612,8.118452606926922,2.2614979370200197,1.0866093587282912,#bcbd22,i
147.01695542231067,426.4183974234567,0,1,0,0,0,0,0,0,0,0,0,0.2878330751918018,0.32016929591314897,0.0001074048333807219,0.0001074048333807219,0.0001074048333807219,0.0001074048333807219,0.0001074048333807219,0.12705926928545141,0.2642939306089933,0.0001074048333807219,15.138828381847402,6.822161246993387,0.5416054783349462,0.94877237923375,#1f77b4,A
151.57785930338602,429.1236669260576,8,0,0,0,0,0,0,0,0,1,0,0.2962192607943758,0.3163991136058251,0.00010614007811623548,0.00010614007811623548,0.00010614007811623548,0.00010614007811623548,0.00010614007811623548,0.125563071445258,0.2611817136855273,0.00010614007811623548,13.54212975524551,7.994884383959502,6.002940318363033,0.9949466709795255,#bcbd22,i
169.79084622822518,425.8437787299477,8,0,0,0,0,0,0,0,0,1,0,0.3016234964392724,0.31396952826410024,0.00010532504303278704,0.00010532504303278704,0.00010532504303278704,0.00010532504303278704,0.00010532504303278704,0.12459888986343028,0.25917613517468646,0.00010532504303278704,18.19028158242601,4.191900511062128,3.2957669475737514,1.0252373016168168,#bcbd22,i
179.9187365819881,430.0650014673768,8,0,0,0,0,0,0,0,0,1,0,0.31948780204847615,0.3059382620684385,0.00010263085336940574,0.00010263085336940574,0.00010263085336940574,0.00010263085336940574,0.00010263085336940574,0.12141167976151425,0.2525464710010351,0.00010263085336940574,16.75138584598408,4.803703656378738,2.3689417305433547,1.0355763993071907,#bcbd22,i
187.5675696818781,426.1631579152584,0,1,0,0,0,0,0,0,0,0,0,0.3185047092853494,0.3063802316500402,0.00010277911764670276,0.00010277911764670276,0.00010277911764670276,0.00010277911764670276,0.00010277911764670276,0.12158707550620783,0.2529113088522037,0.00010277911764670276,10.451321331773766,11.285205930337487,5.099882484439698,0.9914243542262584,#1f77b4,A
204.05468340950432,430.76083716600954,8,0,0,0,0,0,0,0,0,1,0,0.34669445064890847,0.29370695333570646,9.852770639923659e-05,9.852770639923659e-05,9.852770639923659e-05,9.852770639923659e-05,9.852770639923659e-05,0.11655768167417963,0.24244974810246342,9.852770639923659e-05,18.45322481423785,4.02958538580839,6.119919448565221,1.0440589338673052,#bcbd22,i
212.20229056683925,432.202983589627,1,0,1,0,0,0,0,0,0,0,0,0.3599719109618311,0.28773779783040926,9.652527780707083e-05,9.652527780707083e-05,9.652527780707083e-05,9.652527780707083e-05,9.652527780707083e-05,0.11418882074205566,0.23752231879850147,9.652527780707083e-05,15.589208699052937,6.099041014957864,4.778288092732416,1.0212599089556385,#ff7f0e,B
228.25649815486878,423.3874534287683,7,0,0,0,0,0,0,0,1,0,0,0.3638612357679197,0.28598927182987915,9.5938712679977e-05,9.5938712679977e-05,9.5938712679977e-05,9.5938712679977e-05,9.5938712679977e-05,0.11349491773889504,0.23607894238686244,9.5938712679977e-05,20.426398652316674,1.830644064778835,1.4342494577405025,0.98979775438713,#7f7f7f,h
237.14070629233512,427.5761618949506,0,1,0,0,0,0,0,0,0,0,0,0.3859746347667348,0.2760477382636941,9.260369970448361e-05,9.260369970448361e-05,9.260369970448361e-05,9.260369970448361e-05,9.260369970448361e-05,0.10954961752859967,0.22787238724235845,9.260369970448361e-05,10.4917015409797,10.517306914486198,5.535775588105152,0.9367782787946769,#1f77b4,A
254.91298384204043,425.65943244655404,1,0,1,0,0,0,0,0,0,0,0,0.41152096472929633,0.26456285994040923,8.875095224101392e-05,8.875095224101392e-05,8.875095224101392e-05,8.875095224101392e-05,8.875095224101392e-05,0.10499184054556022,0.21839182907087662,8.875095224101392e-05,13.881506175463096,8.432031263659658,1.1797646466892877,0.9532187699877174,#ff7f0e,B
263.141284370324,424.8397390447008,1,0,1,0,0,0,0,0,0,0,0,0.4245305220519129,0.2587141457372724,8.678892720457891e-05,8.678892720457891e-05,8.678892720457891e-05,8.678892720457891e-05,8.678892720457891e-05,0.10267077677587386,0.21356382187128872,8.678892720457891e-05,14.394909786580516,7.515345766112489,1.2437061417924373,1.0950309823263338,#ff7f0e,B
275.282630707537,426.564870901606,8,0,0,0,0,0,0,0,0,1,0,0.45040221435739874,0.2470829940774676,8.288711050324799e-05,8.288711050324799e-05,8.288711050324799e-05,8.288711050324799e-05,8.288711050324799e-05,0.09805495118076758,0.20396251772089627,8.288711050324799e-05,9.546631429141296,12.976376179308634,0.9412239162521435,1.028604700553953,#bcbd22,i
287.8424707631282,433.49758254912916,1,0,1,0,0,0,0,0,0,0,0,0.4877845810188109,0.23027698189599444,7.72493214922894e-05,7.72493214922894e-05,7.72493214922894e-05,7.72493214922894e-05,7.72493214922894e-05,0.0913854808266846,0.19008946032906865,7.72493214922894e-05,12.408396556790116,9.071713057084835,2.6207632005104005,0.9828584662374371,#ff7f0e,B
299.06120733408824,419.74032148112195,1,0,1,0,0,0,0,0,0,0,0,0.4852305712163407,0.23142518955873234,7.763450225220934e-05,7.763450225220934e-05,7.763450225220934e-05,7.763450225220934e-05,7.763450225220934e-05,0.09184114733961282,0.19103728487131547,7.763450225220934e-05,12.700649530493752,9.364269841384232,6.1898125086047715,1.0254202876815077,#ff7f0e,B
314.61024166383964,424.9982633447678,7,0,0,0,0,0,0,0,1,0,0,0.5269093189594,0.21268765085170774,7.134875827712583e-05,7.134875827712583e-05,7.134875827712583e-05,7.134875827712583e-05,7.134875827712583e-05,0.08440515017588657,0.17556978746281612,7.134875827712583e-05,14.484495428613627,7.086126994151928,3.552741290943483,0.9104974707683743,#7f7f7f,h
325.3533019641553,429.3671955957143,8,0,0,0,0,0,0,0,0,1,0,0.5569377551714947,0.19918774943182282,6.682004587038639e-05,6.682004587038639e-05,6.682004587038639e-05,6.682004587038639e-05,6.682004587038639e-05,0.07904771074702421,0.1644258643738789,6.682004587038639e-05,16.062736140717153,5.378175594690687,2.4649034410634667,0.8765252394070555,#bcbd22,i
336.7029669746221,427.42420016060396,0,1,0,0,0,0,0,0,0,0,0,0.5778693406083548,0.18977752447160018,6.366326707607621e-05,6.366326707607621e-05,6.366326707607621e-05,6.366326707607621e-05,6.366326707607621e-05,0.07531326049673556,0.1566578948202751,6.366326707607621e-05,14.140214657422257,7.582082881206637,4.696644619451306,1.1297309485256164,#1f77b4,A
345.1981310255581,430.4436224969894,0,1,0,0,0,0,0,0,0,0,0,0.6006023751013553,0.17955742101823624,6.02348043141752e-05,6.02348043141752e-05,6.02348043141752e-05,6.02348043141752e-05,6.02348043141752e-05,0.0712574097534513,0.1482213853004715,6.02348043141752e-05,12.777972183056082,9.540924060691122,5.252138586440339,0.9525633020056797,#1f77b4,A
358.7221141166386,428.80484143768285,1,0,1,0,0,0,0,0,0,0,0,0.6266880911221538,0.16783005059306394,5.63007098129607e-05,5.63007098129607e-05,5.63007098129607e-05,5.63007098129607e-05,5.63007098129607e-05,0.06660339971600407,0.13854065430927354,5.63007098129607e-05,13.215770715410946,8.47209481073091,6.055839868498678,1.0043368240442785,#ff7f0e,B
371.2218425800609,424.3945803096679,0,1,0,0,0,0,0,0,0,0,0,0.6468855924859651,0.15874984823375432,5.325464126762011e-05,5.325464126762011e-05,5.325464126762011e-05,5.325464126762011e-05,5.325464126762011e-05,0.06299991902168141,0.13104511241034644,5.325464126762011e-05,11.48921688699079,10.92512628284225,5.6717054555574045,1.0050522884462156,#1f77b4,A
385.4767515421082,428.45497687117694,0,1,0,0,0,0,0,0,0,0,0,0.6814273277382796,0.14322090035633575,4.804525960410018e-05,4.804525960410018e-05,4.804525960410018e-05,4.804525960410018e-05,4.804525960410018e-05,0.05683725197252157,0.11822624837455685,4.804525960410018e-05,14.322059354244544,7.981023030495198,3.6693646661712003,1.0829368691915346,#1f77b4,A
391.30617560049313,426.06781793306914,0,1,0,0,0,0,0,0,0,0,0,0.6902288813851709,0.1392639807973012,4.6717860970427615e-05,4.6717860970427615e-05,4.6717860970427615e-05,4.6717860970427615e-05,4.6717860970427615e-05,0.05526694740487614,0.11495988324613891,4.6717860970427615e-05,10.263158092896472,11.857626683545224,2.186506155697403,1.017078438465112,#1f77b4,A
406.477238001948,426.3017858514745,0,1,0,0,0,0,0,0,0,0,0,0.7201688565741127,0.1258038488507127,4.2202489735710474e-05,4.2202489735710474e-05,4.2202489735710474e-05,4.2202489735710474e-05,4.2202489735710474e-05,0.04992529050195055,0.1038487891340896,4.2202489735710474e-05,14.492313068048878,7.986781895442294,3.094844623598982,1.0549863994295818,#1f77b4,A
415.58087104899084,424.66756778805643,0,1,0,0,0,0,0,0,0,0,0,0.7356231474623987,0.11885605436576203,3.987176433966234e-05,3.987176433966234e-05,3.987176433966234e-05,3.987176433966234e-05,3.987176433966234e-05,0.04716805643337581,0.09811351115168992,3.987176433966234e-05,14.938099875913805,7.117437717569954,4.544267416207837,1.08640725382636,#1f77b4,A
430.3544844530435,428.82626036107064,0,1,0,0,0,0,0,0,0,0,0,0.7660879132546522,0.10515999200439101,3.527724726800014e-05,3.527724726800014e-05,3.527724726800014e-05,3.527724726800014e-05,3.527724726800014e-05,0.04173277048329571,0.08680766077328711,3.527724726800014e-05,11.482177233308828,10.410807399461934,3.4028304948837436,1.0631787273601745,#1f77b4,A
446.6741025887963,426.4935720401537,0,1,0,0,0,0,0,0,0,0,0,0.7912755610446239,0.09383636663270266,3.1478594143430004e-05,3.1478594143430004e-05,3.1478594143430004e-05,3.1478594143430004e-05,3.1478594143430004e-05,0.037238986776505764,0.07746021398051572,3.1478594143430004e-05,16.45123903485802,5.741610474541648,0.4130871094075486,1.0590839190675136,#1f77b4,A
454.88038543371135,425.7422900361363,0,1,0,0,0,0,0,0,0,0,0,0.8036322672138776,0.08828115509983508,2.96150282840599e-05,2.96150282840599e-05,2.96150282840599e-05,2.96150282840599e-05,2.96150282840599e-05,0.03503439961870492,0.07287448789707436,2.96150282840599e-05,17.405113345409184,4.195154316125386,5.514017919486715,1.0259082769032635,#1f77b4,A
466.85725131473527,422.426093540641,0,1,0,0,0,0,0,0,0,0,0,0.8192995914183338,0.08123758710383185,2.725217445431065e-05,2.725217445431065e-05,2.725217445431065e-05,2.725217445431065e-05,2.725217445431065e-05,0.03223915780708119,0.06706015062320789,2.725217445431065e-05,13.813148308821447,8.202257951168875,4.570451143915199,1.0221583959542822,#1f77b4,A
481.68658192778076,429.3058526482023,0,1,0,0,0,0,0,0,0,0,0,0.844151176138525,0.07006504580061977,2.3504204388385767e-05,2.3504204388385767e-05,2.3504204388385767e-05,2.3504204388385767e-05,2.3504204388385767e-05,0.027805331852600115,0.05783742098108052,2.3504204388385767e-05,11.900717023950913,9.754678746963554,6.0413490184033805,0.9316379918651113,#1f77b4,A
492.31168905379525,422.90388038994075,0,1,0,0,0,0,0,0,0,0,0,0.8540566766024712,0.06561182423312317,2.201031497872121e-05,2.201031497872121e-05,2.201031497872121e-05,2.201031497872121e-05,2.201031497872121e-05,0.026038069702372515,0.054161367571306705,2.201031497872121e-05,16.282277446483015,5.17179692807178,2.991506546960307,0.9202800887152092,#1f77b4,A
501.8068594949684,431.0572123711954,0,1,0,0,0,0,0,0,0,0,0,0.8695386832397685,0.058651569562873776,1.9675409656168614e-05,1.9675409656168614e-05,1.9675409656168614e-05,1.9675409656168614e-05,1.9675409656168614e-05,0.02327589080598503,0.04841580393256595,1.9675409656168614e-05,12.346377500370549,9.797208024460383,2.956416393200985,1.1319354533560588,#1f77b4,A
519.0415792526076,428.58874112319523,0,1,0,0,0,0,0,0,0,0,0,0.8868226354242608,0.050881213191712966,1.706874548815999e-05,1.706874548815999e-05,1.706874548815999e-05,1.706874548815999e-05,1.706874548815999e-05,0.02019222283653969,0.04200151607367078,1.706874548815999e-05,8.97164762488934,13.17495078285596,5.010981852837745,1.0399967525038052,#1f77b4,A
8.667238481309848,439.82660293803247,1,0,1,0,0,0,0,0,0,0,0,0.367365681637049,0.28441377607544105,9.541019273394401e-05,9.541019273394401e-05,9.541019273394401e-05,9.541019273394401e-05,9.541019273394401e-05,0.11286968183440171,0.23477839929633704,9.541019273394401e-05,14.401933710028894,7.594962394349799,5.041383654404737,0.9129473959921298,#ff7f0e,B
16.111481923733734,433.7057308634101,0,1,0,0,0,0,0,0,0,0,0,0.3452178536461894,0.29437078790347443,9.875039808783248e-05,9.875039808783248e-05,9.875039808783248e-05,9.875039808783248e-05,9.875039808783248e-05,0.11682112459698225,0.2429977314644817,9.875039808783248e-05,10.087117067079262,11.763955616859361,1.6238752160876568,1.02760061622152,#1f77b4,A
27.24380909125957,438.55175961233897,0,1,0,0,0,0,0,0,0,0,0,0.34423986210892016,0.29481046412401957,9.889789302820274e-05,9.889789302820274e-05,9.889789302820274e-05,9.889789302820274e-05,9.889789302820274e-05,0.11699561022073744,0.24336067618780932,9.889789302820274e-05,13.609352313083836,8.1934646592243,6.131552884204732,0.9915598610724141,#1f77b4,A
41.44441125510534,436.60318118484423,0,1,0,0,0,0,0,0,0,0,0,0.32704545376694477,0.30254056421815706,0.00010149105271973169,0.00010149105271973169,0.00010149105271973169,0.00010149105271973169,0.00010149105271973169,0.12006330247605891,0.24974173322219384,0.00010149105271973169,7.84577627452644,13.804807094458099,2.0265201157904262,1.0444462788930715,#1f77b4,A
52.589280375547645,438.4277177379356,8,0,0,0,0,0,0,0,0,1,0,0.322828153567646,0.3044365383057341,0.00010212708116958536,0.00010212708116958536,0.00010212708116958536,0.00010212708116958536,0.00010212708116958536,0.12081572029134201,0.25130682534793747,0.00010212708116958536,10.977554802917082,11.289359935998014,1.4019206966013575,0.8663485001514017,#bcbd22,i
126.26533710381746,439.1698465967928,1,0,1,0,0,0,0,0,0,0,0,0.308466133823395,0.31089327982128806,0.00010429307664608026,0.00010429307664608026,0.00010429307664608026,0.00010429307664608026,0.00010429307664608026,0.12337807985986812,0.25663674803526143,0.00010429307664608026,8.222320594910727,14.004783925793134,2.0650593234559347,1.0306433327478428,#ff7f0e,B
140.71959635532755,435.2024957297723,0,1,0,0,0,0,0,0,0,0,0,0.30431387841624946,0.3127600116840679,0.00010491929542235772,0.00010491929542235772,0.00010491929542235772,0.00010491929542235772,0.00010491929542235772,0.1241188928905499,0.25817770123628586,0.00010491929542235772,12.323476467155253,9.650763041338628,3.711614722946567,0.9624640487649821,#1f77b4,A
150.0154557829938,434.6705720885175,0,1,0,0,0,0,0,0,0,0,0,0.30767407266238717,0.3112493672151366,0.00010441253065898364,0.00010441253065898364,0.00010441253065898364,0.00010441253065898364,0.00010441253065898364,0.12351939323576544,0.2569306917024457,0.00010441253065898364,13.609148589537156,8.514890501830969,0.5056839585135016,0.9898718345559789,#1f77b4,A
164.58643222386715,436.28467517479424,8,0,0,0,0,0,0,0,0,1,0,0.3206229825225013,0.30542791832676397,0.00010245965211668994,0.00010245965211668994,0.00010245965211668994,0.00010245965211668994,0.00010245965211668994,0.12120914971341382,0.2521251915243002,0.00010245965211668994,14.632138673505075,6.986442585694572,0.5577599641129573,0.9344327818262028,#bcbd22,i
170.42936335724528,437.5767938199678,1,0,1,0,0,0,0,0,0,0,0,0.328001231503367,0.3021108746688949,0.00010134690793435394,0.00010134690793435394,0.00010134690793435394,0.00010134690793435394,0.00010134690793435394,0.11989278006542888,0.24938703231437506,0.00010134690793435394,11.365110830316976,11.019673149694139,3.11988962521497,0.9853665024563901,#ff7f0e,B
185.82204864273683,432.6033339249459,8,0,0,0,0,0,0,0,0,1,0,0.33068102587178355,0.3009061179661594,0.00010094275708487107,0.00010094275708487107,0.00010094275708487107,0.00010094275708487107,0.00010094275708487107,0.11941467205110556,0.24839252756811148,0.00010094275708487107,14.591985051531141,7.492787093527869,5.112063587824363,0.989493286853807,#bcbd22,i
198.90784875706004,438.95251565204336,7,0,0,0,0,0,0,0,1,0,0,0.3586293042455513,0.2883413943076761,9.67277618675273e-05,9.67277618675273e-05,9.67277618675273e-05,9.67277618675273e-05,9.67277618675273e-05,0.11442835816280074,0.23802057671240798,9.67277618675273e-05,10.793916353114295,11.443667040616994,5.50501917693946,0.9198287065967106,#7f7f7f,h
211.52926237191912,437.1355970139364,1,0,1,0,0,0,0,0,0,0,0,0.3698065301268033,0.2833164424094513,9.504207829866513e-05,9.504207829866513e-05,9.504207829866513e-05,9.504207829866513e-05,9.504207829866513e-05,0.11243420468046253,0.23387257031312106,9.504207829866513e-05,13.757517034506886,7.905551398130739,1.250325844331507,1.0058793925458485,#ff7f0e,B
220.97609003963007,434.77597937725125,8,0,0,0,0,0,0,0,0,1,0,0.37724224524988154,0.2799735636648208,9.392066741023192e-05,9.392066741023192e-05,9.392066741023192e-05,9.392066741023192e-05,9.392066741023192e-05,0.11110758237150183,0.23111308470895703,9.392066741023192e-05,15.578756172850435,6.5591852509745125,4.896447600716035,0.97000331547569,#bcbd22,i
235.36074280613892,437.94432539797634,0,1,0,0,0,0,0,0,0,0,0,0.404923411046659,0.2675289259619268,8.974595654312455e-05,8.974595654312455e-05,8.974595654312455e-05,8.974595654312455e-05,8.974595654312455e-05,0.10616892462625441,0.2208402626254961,8.974595654312455e-05,10.18930624310855,11.829464027130822,5.984652580501429,0.9995548495538117,#1f77b4,A
249.47931315395445,435.83466526390606,0,1,0,0,0,0,0,0,0,0,0,0.42291776328603575,0.25943919462758497,8.70321540106808e-05,8.70321540106808e-05,8.70321540106808e-05,8.70321540106808e-05,8.70321540106808e-05,0.10295851261867724,0.21416233654321515,8.70321540106808e-05,11.277976936509702,10.403168667192972,2.228083096723808,0.9192930753990936,#1f77b4,A
257.67139828741074,437.6237833567145,1,0,1,0,0,0,0,0,0,0,0,0.44045021693827646,0.2515571193079711,8.438801231063776e-05,8.438801231063776e-05,8.438801231063776e-05,8.438801231063776e-05,8.438801231063776e-05,0.099830508955157,0.20765582672429117,8.438801231063776e-05,9.731676947125077,11.730953970505439,4.795054362802235,0.9168665696858879,#ff7f0e,B
270.8440757184692,437.205010058385,0,1,0,0,0,0,0,0,0,0,0,0.46294289382971904,0.2414450735604308,8.099579887069745e-05,8.099579887069745e-05,8.099579887069745e-05,8.099579887069745e-05,8.099579887069745e-05,0.0958175409408473,0.1993085168753157,8.099579887069745e-05,21.15654297069652,1.421393221113092,2.431805326225111,0.9486508715751928,#1f77b4,A
281.9591059437064,433.64070845441057,0,1,0,0,0,0,0,0,0,0,0,0.47670450674465,0.23525825729007993,7.892035322629547e-05,7.892035322629547e-05,7.892035322629547e-05,7.892035322629547e-05,7.892035322629547e-05,0.09336230127686851,0.1942014125685671,7.892035322629547e-05,15.507296031987817,6.764988779868311,5.469567161848321,0.932747045593586,#1f77b4,A
294.3589791128073,434.21803211916233,1,0,1,0,0,0,0,0,0,0,0,0.5019312243326391,0.2239170672867204,7.511580782422682e-05,7.511580782422682e-05,7.511580782422682e-05,7.511580782422682e-05,7.511580782422682e-05,0.08886154704138047,0.1848394664918127,7.511580782422682e-05,9.215973948159359,12.770517695065617,5.411731066092936,0.9708905922765243,#ff7f0e,B
308.1265799222491,438.74015959464367,1,0,1,0,0,0,0,0,0,0,0,0.5377205964821148,0.20782721856849476,6.971826489065692e-05,6.971826489065692e-05,6.971826489065692e-05,6.971826489065692e-05,6.971826489065692e-05,0.08247628634603332,0.17155758901347556,6.971826489065692e-05,10.392077004697391,10.868257559353722,0.011059842165193368,1.1109967481905725,#ff7f0e,B
318.58448004677774,437.818582441771,0,1,0,0,0,0,0,0,0,0,0,0.5572713526215927,0.1990377738334122,6.676973466202227e-05,6.676973466202227e-05,6.676973466202227e-05,6.676973466202227e-05,6.676973466202227e-05,0.07898819289135241,0.16430206224511346,6.676973466202227e-05,10.135129954704102,12.131909907697642,4.4465373427809185,1.046607242196499,#1f77b4,A
327.6126319990505,431.76381440407505,0,1,0,0,0,0,0,0,0,0,0,0.565665757438289,0.19526389640924036,6.550373982392766e-05,6.550373982392766e-05,6.550373982392766e-05,6.550373982392766e-05,6.550373982392766e-05,0.07749052864306608,0.1611867950698954,6.550373982392766e-05,12.522473266529873,9.132502020592371,2.7931495334919587,0.9714401078325612,#1f77b4,A
339.0287997616622,437.1704621968481,8,0,0,0,0,0,0,0,0,1,0,0.598263757655586,0.18060879461470725,6.058750086375468e-05,6.058750086375468e-05,6.058750086375468e-05,6.058750086375468e-05,6.058750086375468e-05,0.07167464764171483,0.14908927508221123,6.058750086375468e-05,14.198091670168,7.4425269025533565,5.684037021593231,0.987276599517255,#bcbd22,i
355.7145426415919,440.6227333772134,0,1,0,0,0,0,0,0,0,0,0,0.6377695870997189,0.16284813604295753,5.4629463665996285e-05,5.4629463665996285e-05,5.4629463665996285e-05,5.4629463665996285e-05,5.4629463665996285e-05,0.06462632561658513,0.13442817445810462,5.4629463665996285e-05,16.82760784824523,5.743981862225253,2.887840081847449,1.0435823188411224,#1f77b4,A
368.52683493479765,435.17958700083494,1,0,1,0,0,0,0,0,0,0,0,0.6559346261577987,0.15468166893689936,5.1889919149918636e-05,5.1889919149918636e-05,5.1889919149918636e-05,5.1889919149918636e-05,5.1889919149918636e-05,0.061385460997821405,0.12768690439192487,5.1889919149918636e-05,17.608789518480318,4.4104688961737715,1.3428729002743858,1.0428268022318636,#ff7f0e,B
377.3745497732092,440.17720218979485,0,1,0,0,0,0,0,0,0,0,0,0.6803548870223612,0.14370303814870408,4.820699881493915e-05,4.820699881493915e-05,4.820699881493915e-05,4.820699881493915e-05,4.820699881493915e-05,0.057028588482221865,0.11862424435314294,4.820699881493915e-05,15.680042274440314,6.217843372486541,0.4325988703946595,1.0639082183083535,#1f77b4,A
388.74023666544076,435.51900392316765,0,1,0,0,0,0,0,0,0,0,0,0.6965936773849609,0.136402555781761,4.5757959815168536e-05,4.5757959815168536e-05,4.5757959815168536e-05,4.5757959815168536e-05,4.5757959815168536e-05,0.054131390134923955,0.11259782893876656,4.5757959815168536e-05,12.168736330734598,9.400861520926666,3.543602776986767,0.98866017902021,#1f77b4,A
404.34755827914245,429.8549935240973,0,1,0,0,0,0,0,0,0,0,0,0.719986676882973,0.12588575147973136,4.2229965006873176e-05,4.2229965006873176e-05,4.2229965006873176e-05,4.2229965006873176e-05,4.2229965006873176e-05,0.04995779358181645,0.10391639826471788,4.2229965006873176e-05,12.503483200847779,9.307395470349245,2.6504324178228997,1.0225251406662645,#1f77b4,A
406.90484839301814,434.46340075305903,8,0,0,0,0,0,0,0,0,1,0,0.7298253298612742,0.12146258257498407,4.074615714243003e-05,4.074615714243003e-05,4.074615714243003e-05,4.074615714243003e-05,4.074615714243003e-05,0.04820245783870455,0.10026515278145251,4.074615714243003e-05,11.537412979052188,10.19322016597837,2.4183405908400335,1.0996400419720922,#bcbd22,i
423.49671450725975,438.747874758072,0,1,0,0,0,0,0,0,0,0,0,0.7637193385400812,0.10622483350750797,3.563446179693541e-05,3.563446179693541e-05,3.563446179693541e-05,3.563446179693541e-05,3.563446179693541e-05,0.042155353113853655,0.08768666806701184,3.563446179693541e-05,10.34757296008808,11.394814865960878,0.7746174062847481,0.9751498152051259,#1f77b4,A
437.94928301062725,434.3136403021507,0,1,0,0,0,0,0,0,0,0,0,0.7836963366452233,0.09724376292561653,3.262164825815619e-05,3.262164825815619e-05,3.262164825815619e-05,3.262164825815619e-05,3.262164825815619e-05,0.03859121289147037,0.08027295764735694,3.262164825815619e-05,15.278700828370772,6.807549555264642,0.590671183997942,0.970759044934829,#1f77b4,A
448.101184416657,431.4266862225186,0,1,0,0,0,0,0,0,0,0,0,0.7974872771570323,0.09104376183059021,3.0541779597820176e-05,3.0541779597820176e-05,3.0541779597820176e-05,3.0541779597820176e-05,3.0541779597820176e-05,0.036130740826351614,0.0751549695076414,3.0541779597820176e-05,8.101942719492447,13.868657388102998,2.1261085682453773,0.8588125556614226,#1f77b4,A
463.17459087660126,438.8690153260885,0,1,0,0,0,0,0,0,0,0,0,0.8254218737498372,0.07848518909828035,2.6328847786334688e-05,2.6328847786334688e-05,2.6328847786334688e-05,2.6328847786334688e-05,2.6328847786334688e-05,0.031146867934716372,0.06478809612962244,2.6328847786334688e-05,14.238098265136694,7.80394251269165,0.2331897482874937,1.0230390515128096,#1f77b4,A
473.0088940099439,437.9412050377955,0,1,0,0,0,0,0,0,0,0,0,0.8381621803685216,0.0727575220896977,2.4407429559885043e-05,2.4407429559885043e-05,2.4407429559885043e-05,2.4407429559885043e-05,2.4407429559885043e-05,0.028873841776023403,0.060060011187559784,2.4407429559885043e-05,11.910385054755194,10.459009863516952,5.49548854981731,1.0439213760093644,#1f77b4,A
487.47891357848874,436.38685193676133,0,1,0,0,0,0,0,0,0,0,0,0.8555813649073212,0.06492636923086656,2.1780370442355293e-05,2.1780370442355293e-05,2.1780370442355293e-05,2.1780370442355293e-05,2.1780370442355293e-05,0.02576604670445703,0.05359553693384563,2.1780370442355293e-05,12.06388847897931,10.076059872828159,6.157629355201742,0.9682023179690181,#1f77b4,A
501.11195615299147,434.821974291295,0,1,0,0,0,0,0,0,0,0,0,0.8706418655098462,0.05815561127223805,1.9509034184661916e-05,1.9509034184661916e-05,1.9509034184661916e-05,1.9509034184661916e-05,1.9509034184661916e-05,0.02307906962791263,0.04800639938402426,1.9509034184661916e-05,9.93155294996426,11.715162212201676,2.836059783680824,1.0581555192477055,#1f77b4,A
508.5222793171318,434.5986044566411,0,1,0,0,0,0,0,0,0,0,0,0.8786037780252917,0.054576169661856536,1.8308265295619743e-05,1.8308265295619743e-05,1.8308265295619743e-05,1.8308265295619743e-05,1.8308265295619743e-05,0.021658567283464252,0.045051635436735134,1.8308265295619743e-05,6.5912811525134,15.787044947320636,3.052018298460648,0.9718078519814037,#1f77b4,A
13.628044812126825,447.4223190081953,0,1,0,0,0,0,0,0,0,0,0,0.3788090965816184,0.27926915340620256,9.368436409375438e-05,9.368436409375438e-05,9.368436409375438e-05,9.368436409375438e-05,9.368436409375438e-05,0.11082803697511413,0.23053160685212337,9.368436409375438e-05,11.826603325940257,10.742196296784995,1.3733193511180988,1.1524209612100937,#1f77b4,A
25.997126800463707,442.7909271889246,0,1,0,0,0,0,0,0,0,0,0,0.35508427684956484,0.2899351343225935,9.726240208112492e-05,9.726240208112492e-05,9.726240208112492e-05,9.726240208112492e-05,9.726240208112492e-05,0.11506083430686335,0.23933618010813654,9.726240208112492e-05,12.454291004219575,9.378082264813075,2.3326459885803206,0.9900111541028771,#1f77b4,A
36.31764127846515,449.6984107705363,8,0,0,0,0,0,0,0,0,1,0,0.36155169057306663,0.2870275753977062,9.628702472340093e-05,9.628702472340093e-05,9.628702472340093e-05,9.628702472340093e-05,9.628702472340093e-05,0.11390696878285383,0.23693604309767136,9.628702472340093e-05,16.23281584902454,6.3125757637239435,2.2292950874996573,1.089799341762789,#bcbd22,i
49.16884342071321,447.1323762464609,7,0,0,0,0,0,0,0,1,0,0,0.34538047167127567,0.294297679623967,9.872587299226753e-05,9.872587299226753e-05,9.872587299226753e-05,9.872587299226753e-05,9.872587299226753e-05,0.11679211155703279,0.24293738190942535,9.872587299226753e-05,13.140088210166642,8.61443002194557,0.31755910523562647,0.8885142554133255,#7f7f7f,h
58.051873413389345,446.84811046893293,1,0,1,0,0,0,0,0,0,0,0,0.3388553904493531,0.2972311641594428,9.97099474234495e-05,9.97099474234495e-05,9.97099474234495e-05,9.97099474234495e-05,9.97099474234495e-05,0.11795626566642256,0.2453589200399021,9.97099474234495e-05,15.747094591787556,6.185430092233385,1.1720730893062299,0.9874392394912146,#ff7f0e,B
71.74946071973152,451.9140107214278,1,0,1,0,0,0,0,0,0,0,0,0.34384246114424016,0.29498912390535004,9.895782670794842e-05,9.895782670794842e-05,9.895782670794842e-05,9.895782670794842e-05,9.895782670794842e-05,0.11706651140194471,0.24350815658787364,9.895782670794842e-05,14.104581066544204,8.23371628414606,1.103063823067467,0.956642164076558,#ff7f0e,B
135.69010844516768,451.7740708066586,0,1,0,0,0,0,0,0,0,0,0,0.34113581457686215,0.2962059525666892,9.936602724838825e-05,9.936602724838825e-05,9.936602724838825e-05,9.936602724838825e-05,9.936602724838825e-05,0.1175494101762147,0.24451262651640243,9.936602724838825e-05,12.800771737404274,8.763187835465539,4.48906605140882,1.0078779780833451,#1f77b4,A
144.4846231137511,447.5531125534046,0,1,0,0,0,0,0,0,0,0,0,0.3346717403008083,0.2991120101742576,0.00010034090097025931,0.00010034090097025931,0.00010034090097025931,0.00010034090097025931,0.00010034090097025931,0.11870267990205136,0.2469115242167265,0.00010034090097025931,15.783862154763247,5.588062911285613,5.916544471509191,1.012566575828651,#1f77b4,A
153.9479004800624,447.6026684677657,0,1,0,0,0,0,0,0,0,0,0,0.33979966127912237,0.29680664777685395,9.956753804215865e-05,9.956753804215865e-05,9.956753804215865e-05,9.956753804215865e-05,9.956753804215865e-05,0.11778779622834729,0.24500848948708373,9.956753804215865e-05,11.129324429216394,10.891834439569033,0.1388133310195767,0.9450760102119422,#1f77b4,A
169.88589506096233,446.4746273850496,0,1,0,0,0,0,0,0,0,0,0,0.3480538113504505,0.2930958247596039,9.832269560111081e-05,9.832269560111081e-05,9.832269560111081e-05,9.832269560111081e-05,9.832269560111081e-05,0.11631515513803072,0.2419452725779602,9.832269560111081e-05,15.860962697226778,6.014353643394986,0.5336362945845818,0.9709820969093668,#1f77b4,A
181.8053396147452,450.6442180836192,0,1,0,0,0,0,0,0,0,0,0,0.3679719862590795,0.28414119935616006,9.531875343138896e-05,9.531875343138896e-05,9.531875343138896e-05,9.531875343138896e-05,9.531875343138896e-05,0.11276150969166927,0.23455339217213483,9.531875343138896e-05,13.017257161764114,9.049230163571888,3.203018566520898,1.1005185631721925,#1f77b4,A
193.78874913720287,448.4132047673121,7,0,0,0,0,0,0,0,1,0,0,0.3745652730587075,0.28117705159970263,9.432439263551636e-05,9.432439263551636e-05,9.432439263551636e-05,9.432439263551636e-05,9.432439263551636e-05,0.11158518687496871,0.23210654211043347,9.432439263551636e-05,10.436135147680915,11.777605264238886,3.616510699535497,1.0599664548820817,#7f7f7f,h
203.8967817446325,445.0629737542624,0,1,0,0,0,0,0,0,0,0,0,0.37814838355107233,0.27956619054514004,9.378400895296698e-05,9.378400895296698e-05,9.378400895296698e-05,9.378400895296698e-05,9.378400895296698e-05,0.1109459162418202,0.23077680560787142,9.378400895296698e-05,12.312074271611197,9.688282110042435,2.305136557258417,1.1563853838907054,#1f77b4,A
217.44203879156856,446.10365544525763,0,1,0,0,0,0,0,0,0,0,0,0.39738732689881423,0.2709169276670201,9.088250449845323e-05,9.088250449845323e-05,9.088250449845323e-05,9.088250449845323e-05,9.088250449845323e-05,0.10751345399394177,0.22363699641283585,9.088250449845323e-05,11.440189842968444,10.618113691862806,4.814407183905468,0.9458744830605859,#1f77b4,A
233.8921380006008,439.50760494564184,0,1,0,0,0,0,0,0,0,0,0,0.4060575641850079,0.26701904408014576,8.957491022714226e-05,8.957491022714226e-05,8.957491022714226e-05,8.957491022714226e-05,8.957491022714226e-05,0.10596657786737416,0.22041936440570312,8.957491022714226e-05,11.152569630176442,10.859325890924024,4.6530782955180845,1.0363153123194773,#1f77b4,A
240.4407443681538,445.62875779717706,1,0,1,0,0,0,0,0,0,0,0,0.4292682050738522,0.2565842228434162,8.607441767337603e-05,8.607441767337603e-05,8.607441767337603e-05,8.607441767337603e-05,8.607441767337603e-05,0.10182551631529196,0.21180560926097003,8.607441767337603e-05,15.153539035329722,6.822454087351724,5.860258451638842,1.1689012224701865,#ff7f0e,B
248.69944529972165,445.49982227353604,0,1,0,0,0,0,0,0,0,0,0,0.44202877631033133,0.2508474454589016,8.414994325627514e-05,8.414994325627514e-05,8.414994325627514e-05,8.414994325627514e-05,8.414994325627514e-05,0.09954887470151444,0.20707000386927304,8.414994325627514e-05,8.11271819570398,14.176349958678973,1.4459480329288938,0.9674578948979963,#1f77b4,A
262.44247736080683,444.83418858041983,0,1,0,0,0,0,0,0,0,0,0,0.46360287043266907,0.2411483674976733,8.089626507517022e-05,8.089626507517022e-05,8.089626507517022e-05,8.089626507517022e-05,8.089626507517022e-05,0.09569979306181031,0.19906359141693264,8.089626507517022e-05,14.396182285125732,7.510253750376774,1.1819707458988045,1.0009525645916133,#1f77b4,A
274.08234616444724,447.9128285289869,0,1,0,0,0,0,0,0,0,0,0,0.4904568293636832,0.22907561766342419,7.684630868976329e-05,7.684630868976329e-05,7.684630868976329e-05,7.684630868976329e-05,7.684630868976329e-05,0.09090871911503857,0.18909775600522497,7.684630868976329e-05,11.006409519531877,11.042674456976728,1.0164322750223387,0.9831424635014145,#1f77b4,A
286.6891048686093,447.2499992759399,0,1,0,0,0,0,0,0,0,0,0,0.51221736103354,0.21929272286622428,7.356451309260088e-05,7.356451309260088e-05,7.356451309260088e-05,7.356451309260088e-05,7.356451309260088e-05,0.08702637474193586,0.18102215427923185,7.356451309260088e-05,15.494276191214656,6.360414758496624,5.476274766713432,1.1526627803592955,#1f77b4,A
302.7044230957291,447.49895975414347,0,1,0,0,0,0,0,0,0,0,0,0.5431981944116238,0.20536465170208057,6.889216573826403e-05,6.889216573826403e-05,6.889216573826403e-05,6.889216573826403e-05,6.889216573826403e-05,0.08149901603745871,0.1695247848538642,6.889216573826403e-05,12.45421104281219,9.967043173649785,6.039914851799915,0.9156138628163668,#1f77b4,A
311.3543425684007,447.3073841583369,7,0,0,0,0,0,0,0,1,0,0,0.5597151268238431,0.19793912485316487,6.640117898796612e-05,6.640117898796612e-05,6.640117898796612e-05,6.640117898796612e-05,6.640117898796612e-05,0.07855219375460415,0.16339514749390038,6.640117898796612e-05,14.867482450935704,7.0805513943864975,0.4317482950440761,1.0127947058203208,#7f7f7f,h
323.06333159472194,447.33867440067894,0,1,0,0,0,0,0,0,0,0,0,0.5829097592029034,0.18751150057142937,6.290310074363505e-05,6.290310074363505e-05,6.290310074363505e-05,6.290310074363505e-05,6.290310074363505e-05,0.07441398831600408,0.15478733330461833,6.290310074363505e-05,13.160592117963247,8.782747000488175,6.170054195185705,1.0518837468994786,#1f77b4,A
332.0062316378454,443.79916174901,0,1,0,0,0,0,0,0,0,0,0,0.5947713475818006,0.18217887942967753,6.111420564181443e-05,6.111420564181443e-05,6.111420564181443e-05,6.111420564181443e-05,6.111420564181443e-05,0.07229773621345727,0.1503853515406189,6.111420564181443e-05,10.165422291717547,12.351077282561338,1.0835355366068642,0.9676446201927008,#1f77b4,A
351.2790064353351,446.5116045849715,0,1,0,0,0,0,0,0,0,0,0,0.6377978684744068,0.16283542156899664,5.462519843514894e-05,5.462519843514894e-05,5.462519843514894e-05,5.462519843514894e-05,5.462519843514894e-05,0.06462127987424995,0.13441767889109793,5.462519843514894e-05,11.78570249667616,9.870455271556876,4.5144752400811745,0.8285217191444094,#1f77b4,A
364.187979441285,445.4298296811496,0,1,0,0,0,0,0,0,0,0,0,0.6617153521559377,0.1520828246095079,5.101810400234232e-05,5.101810400234232e-05,5.101810400234232e-05,5.101810400234232e-05,5.101810400234232e-05,0.060354108943017945,0.12554160566686068,5.101810400234232e-05,16.996122786586078,5.057177161750366,5.802585941246448,0.9376610955829338,#1f77b4,A
374.4060943148315,447.74275711743303,0,1,0,0,0,0,0,0,0,0,0,0.6847760466237832,0.14171541487191358,4.7540225487226874e-05,4.7540225487226874e-05,4.7540225487226874e-05,4.7540225487226874e-05,4.7540225487226874e-05,0.05623979966209634,0.11698349748859854,4.7540225487226874e-05,15.491312011494257,6.686593766922888,2.356182500392533,0.9631449137242759,#1f77b4,A
387.10591369765655,448.91922100570736,0,1,0,0,0,0,0,0,0,0,0,0.7102141468847596,0.1302791934381112,4.3703800591768496e-05,4.3703800591768496e-05,4.3703800591768496e-05,4.3703800591768496e-05,4.3703800591768496e-05,0.05170133217844444,0.10754310469442395,4.3703800591768496e-05,18.925404212295522,3.121764069333285,2.1611720841337627,0.9312919840822553,#1f77b4,A
394.19958651075865,447.703115694926,0,1,0,0,0,0,0,0,0,0,0,0.7217263210285315,0.12510365865595457,4.196760209294531e-05,4.196760209294531e-05,4.196760209294531e-05,4.196760209294531e-05,4.196760209294531e-05,0.049647419839015605,0.10327079486321891,4.196760209294531e-05,10.657822254330167,12.011469163694631,5.013863789317272,0.9688923754677743,#1f77b4,A
411.4349402106777,449.6292142824623,0,1,0,0,0,0,0,0,0,0,0,0.7543289176320436,0.1104464904614147,3.7050669932795856e-05,3.7050669932795856e-05,3.7050669932795856e-05,3.7050669932795856e-05,3.7050669932795856e-05,0.043830718786278235,0.09117156909991245,3.7050669932795856e-05,7.467414235060533,14.358109607380353,5.823002260270686,0.9535849002268761,#1f77b4,A
419.48118112782333,449.1643558490101,0,1,0,0,0,0,0,0,0,0,0,0.7673590109622559,0.10458854387347621,3.508554777629351e-05,3.508554777629351e-05,3.508554777629351e-05,3.508554777629351e-05,3.508554777629351e-05,0.04150599114225526,0.0863359407345873,3.508554777629351e-05,13.503177276838802,8.214547068656493,3.4344715197521225,0.8057563358679274,#1f77b4,A
431.32434262344526,444.0394005354795,0,1,0,0,0,0,0,0,0,0,0,0.7817156129571237,0.09813423801864214,3.292036937294428e-05,3.292036937294428e-05,3.292036937294428e-05,3.292036937294428e-05,3.292036937294428e-05,0.03894459816632641,0.08100802864088841,3.292036937294428e-05,12.337626062446855,9.343299360666457,3.0597951689952754,1.119235140711186,#1f77b4,A
442.60448990598036,446.75400194507824,1,0,1,0,0,0,0,0,0,0,0,0.8016946173903438,0.08915226545067734,2.9907253251546514e-05,2.9907253251546514e-05,2.9907253251546514e-05,2.9907253251546514e-05,2.9907253251546514e-05,0.03538009999053268,0.07359357364813504,2.9907253251546514e-05,14.353616388755993,7.6060106538844305,1.8655207719130165,1.0842912101462785,#ff7f0e,B
452.79787738324046,448.216528368946,0,1,0,0,0,0,0,0,0,0,0,0.8177972721515748,0.08191298564470785,2.7478745423714427e-05,2.7478745423714427e-05,2.7478745423714427e-05,2.7478745423714427e-05,2.7478745423714427e-05,0.032507189895652995,0.06761767983470393,2.7478745423714427e-05,11.787437851106088,9.998158599554547,5.7866601431885485,0.9303387757334028,#1f77b4,A
468.59660791545315,447.7694237924387,0,1,0,0,0,0,0,0,0,0,0,0.8389520085704991,0.07240243856853032,2.4288312308749346e-05,2.4288312308749346e-05,2.4288312308749346e-05,2.4288312308749346e-05,2.4288312308749346e-05,0.028732926787263607,0.05976689619901552,2.4288312308749346e-05,12.0321524804169,9.988902104671599,0.6615334938600684,1.0459201099594997,#1f77b4,A
480.73495508964623,439.9857116396009,0,1,0,0,0,0,0,0,0,0,0,0.8493944762678284,0.06770781233163366,2.271344065429993e-05,2.271344065429993e-05,2.271344065429993e-05,2.271344065429993e-05,2.271344065429993e-05,0.026869863130496822,0.05589156762526589,2.271344065429993e-05,15.273274430925577,6.728356710009789,4.515640235775068,0.9702097902898703,#1f77b4,A
492.4447603348489,446.0612965438888,0,1,0,0,0,0,0,0,0,0,0,0.8668433156089724,0.059863327546176355,2.0081909173629147e-05,2.0081909173629147e-05,2.0081909173629147e-05,2.0081909173629147e-05,2.0081909173629147e-05,0.023756777280342655,0.04941608810859993,2.0081909173629147e-05,12.479055341688374,9.448191356350799,2.387207685018449,1.0382827581659755,#1f77b4,A
501.17962074573575,445.07822723880815,0,1,0,0,0,0,0,0,0,0,0,0.8759080200211935,0.05578810314551007,1.8714823686889187e-05,1.8714823686889187e-05,1.8714823686889187e-05,1.8714823686889187e-05,1.8714823686889187e-05,0.02213952340518231,0.046052064485116874,1.8714823686889187e-05,15.393118293426303,6.740368091393674,4.119542120279729,1.1705893192006658,#1f77b4,A
518.8817858131338,444.4990139193044,0,1,0,0,0,0,0,0,0,0,0,0.8934205095361676,0.04791500311462346,1.6073692860788627e-05,1.6073692860788627e-05,1.6073692860788627e-05,1.6073692860788627e-05,1.6073692860788627e-05,0.01901508158735391,0.0395529636037967,1.6073692860788627e-05,13.217427291915229,8.61552097042592,1.5494031754030293,1.1152391314443781,#1f77b4,A
4.958780554876195,456.06829019329354,7,0,0,0,0,0,0,0,1,0,0,0.40895325367574903,0.2657172272825113,8.913819934316032e-05,8.913819934316032e-05,8.913819934316032e-05,8.913819934316032e-05,8.913819934316032e-05,0.10544995152886409,0.2193447383164077,8.913819934316032e-05,12.845849234517326,9.563891420348709,4.293329161792755,0.9869109308151286,#7f7f7f,h
20.41717874992955,455.68469086784097,0,1,0,0,0,0,0,0,0,0,0,0.3908055003882535,0.27387592321469917,9.187513692082961e-05,9.187513692082961e-05,9.187513692082961e-05,9.187513692082961e-05,9.187513692082961e-05,0.10868773215523364,0.2260795934198979,9.187513692082961e-05,14.820420103028685,7.694265685403959,0.7350063714976169,1.0682865543498932,#1f77b4,A
30.439759965103438,457.8010375773473,1,0,1,0,0,0,0,0,0,0,0,0.3861065818151642,0.27598841875288577,9.258380022550194e-05,9.258380022550194e-05,9.258380022550194e-05,9.258380022550194e-05,9.258380022550194e-05,0.10952607656513474,0.22782342006507605,9.258380022550194e-05,17.310296726218432,4.861548122255845,3.177707336003928,1.0803697391601368,#ff7f0e,B
44.51373152904186,458.7404439373693,0,1,0,0,0,0,0,0,0,0,0,0.37663834593186285,0.2802450590301874,9.401174395896123e-05,9.401174395896123e-05,9.401174395896123e-05,9.401174395896123e-05,9.401174395896123e-05,0.11121532537864898,0.23133719919517043,9.401174395896123e-05,12.883200654848315,8.786152977958812,2.4371930740010472,0.9655480711683414,#1f77b4,A
57.46368037771839,459.9899250032563,1,0,1,0,0,0,0,0,0,0,0,0.37095171414393824,0.28280160136912025,9.486936837032374e-05,9.486936837032374e-05,9.486936837032374e-05,9.486936837032374e-05,9.486936837032374e-05,0.1122298898782075,0.23344757839814106,9.486936837032374e-05,15.217428914671094,6.889056395828585,6.160970970265999,0.976587464852905,#ff7f0e,B
65.79619863339471,456.5030370394969,7,0,0,0,0,0,0,0,1,0,0,0.3577917324936181,0.28871794192418576,9.685407952049225e-05,9.685407952049225e-05,9.685407952049225e-05,9.685407952049225e-05,9.685407952049225e-05,0.11457779118344202,0.2383314099212732,9.685407952049225e-05,13.935131781589702,7.710533431716518,6.222444405837154,1.116904577305249,#7f7f7f,h
80.32726414207185,457.96951665528957,8,0,0,0,0,0,0,0,0,1,0,0.35539086626653726,0.2897973007412416,9.72161640657114e-05,9.72161640657114e-05,9.72161640657114e-05,9.72161640657114e-05,9.72161640657114e-05,0.11500613501385457,0.2392224009936168,9.72161640657114e-05,11.284814187679464,10.366320138955713,6.144998691100822,1.1724752722267773,#bcbd22,i
87.94554986082984,458.5423603184858,7,0,0,0,0,0,0,0,1,0,0,0.3546933478461591,0.290110884500554,9.732135969767799e-05,9.732135969767799e-05,9.732135969767799e-05,9.732135969767799e-05,9.732135969767799e-05,0.11513058081120808,0.23948125868353815,9.732135969767799e-05,7.198558288273053,14.539330481024162,0.15525457360438213,0.9943136343455882,#7f7f7f,h
99.24893954295608,458.82326018916393,0,1,0,0,0,0,0,0,0,0,0,0.35356650231322667,0.29061748109794516,9.749130392352519e-05,9.749130392352519e-05,9.749130392352519e-05,9.749130392352519e-05,9.749130392352519e-05,0.11533162380411416,0.2398994449608193,9.749130392352519e-05,14.64902372461568,7.399593186759686,4.903837550750943,1.1036197395036507,#1f77b4,A
126.29740090265759,458.59252607133214,0,1,0,0,0,0,0,0,0,0,0,0.35501462717466653,0.2899664467671847,9.727290623607357e-05,9.727290623607357e-05,9.727290623607357e-05,9.727290623607357e-05,9.727290623607357e-05,0.1150732606587343,0.23936202796164283,9.727290623607357e-05,14.406191802574032,7.684444768519779,1.6797642295382933,0.8885436476246472,#1f77b4,A
138.97058736815467,456.73870665136843,7,0,0,0,0,0,0,0,1,0,0,0.35448277531366273,0.29020555171566825,9.735311701043638e-05,9.735311701043638e-05,9.735311701043638e-05,9.735311701043638e-05,9.735311701043638e-05,0.11516814952042295,0.23955940474782886,9.735311701043638e-05,13.034513387516602,8.669017541282754,1.2380377078646259,0.9933376344487007,#7f7f7f,h
152.56835369922362,455.5529631648808,8,0,0,0,0,0,0,0,0,1,0,0.35811118734283676,0.28857432442302466,9.680590121613987e-05,9.680590121613987e-05,9.680590121613987e-05,9.680590121613987e-05,9.680590121613987e-05,0.11452079654033584,0.2382128562861476,9.680590121613987e-05,13.701893329808838,8.09718730460209,5.6231195681596935,0.9104192574097203,#bcbd22,i
163.8866345075304,457.6799685246247,8,0,0,0,0,0,0,0,0,1,0,0.37042364106784376,0.2830390074870886,9.494900925053739e-05,9.494900925053739e-05,9.494900925053739e-05,9.494900925053739e-05,9.494900925053739e-05,0.11232410455855939,0.23364355283063468,9.494900925053739e-05,9.415248020521663,12.407584958179832,6.282549158657961,1.0140300441982402,#bcbd22,i
175.65138757149964,460.3780082063531,0,1,0,0,0,0,0,0,0,0,0,0.3859776531953044,0.27604638126701797,9.26032444828125e-05,9.26032444828125e-05,9.26032444828125e-05,9.26032444828125e-05,9.26032444828125e-05,0.10954907900411187,0.227871267066283,9.26032444828125e-05,15.66127808627071,6.6958030688864145,3.3811605925215544,0.9292140753524051,#1f77b4,A
189.7119517286681,459.489867643953,0,1,0,0,0,0,0,0,0,0,0,0.3965959783965875,0.271272694670449,9.100185103234447e-05,9.100185103234447e-05,9.100185103234447e-05,9.100185103234447e-05,9.100185103234447e-05,0.10765464022281679,0.22393067560355598,9.100185103234447e-05,13.677728455149534,8.497881370299979,0.3142262300357644,1.0042062617015366,#1f77b4,A
198.8885557306179,455.5854276640012,7,0,0,0,0,0,0,0,1,0,0,0.3968482279780782,0.2711592906803351,9.09638082318063e-05,9.09638082318063e-05,9.09638082318063e-05,9.09638082318063e-05,9.09638082318063e-05,0.10760963581951562,0.22383706267228332,9.09638082318063e-05,13.448099530678386,8.35309257620485,3.3329489108072137,0.9403911780336209,#7f7f7f,h
212.11953958504444,451.7409950357165,0,1,0,0,0,0,0,0,0,0,0,0.4033905340890368,0.2682180623415421,8.997713604401341e-05,8.997713604401341e-05,8.997713604401341e-05,8.997713604401341e-05,8.997713604401341e-05,0.10644240857974285,0.22140913217301067,8.997713604401341e-05,16.170797285486312,6.056119218823408,3.5498044244561533,0.9962158798051551,#1f77b4,A
219.39287422092286,454.7949588574679,0,1,0,0,0,0,0,0,0,0,0,0.41973030410349144,0.2608721824941633,8.751286788615565e-05,8.751286788615565e-05,8.751286788615565e-05,8.751286788615565e-05,8.751286788615565e-05,0.10352719423039478,0.21534524196421378,8.751286788615565e-05,15.792359807568216,6.3275179469337415,1.1361269500487345,1.01891711540283,#1f77b4,A
232.54985007293268,455.25776135566133,8,0,0,0,0,0,0,0,0,1,0,0.4388769259412201,0.2522644246506482,8.462528681962168e-05,8.462528681962168e-05,8.462528681962168e-05,8.462528681962168e-05,8.462528681962168e-05,0.10011120326641483,0.20823969442036025,8.462528681962168e-05,14.237352628868095,7.911196628076919,3.8273809538044676,0.8936710399963368,#bcbd22,i
245.57422979104655,458.49748126753013,0,1,0,0,0,0,0,0,0,0,0,0.46552785164513383,0.24028295258162982,8.060595071320825e-05,8.060595071320825e-05,8.060595071320825e-05,8.060595071320825e-05,8.060595071320825e-05,0.0953563529247803,0.19834920714371104,8.060595071320825e-05,14.28251167676175,7.580391816513323,2.2067945626713636,0.9765879792633582,#1f77b4,A
258.86664472808184,457.9079512760106,0,1,0,0,0,0,0,0,0,0,0,0.4853648354271497,0.23136482831989416,7.761425331240524e-05,7.761425331240524e-05,7.761425331240524e-05,7.761425331240524e-05,7.761425331240524e-05,0.0918171929661053,0.1909874577664912,7.761425331240524e-05,16.199745263033787,5.714191150296511,0.23898201510348183,0.9912153669706841,#1f77b4,A
269.2789610934278,459.0369595904379,1,0,1,0,0,0,0,0,0,0,0,0.505214052884808,0.22244120415753038,7.462071090048433e-05,7.462071090048433e-05,7.462071090048433e-05,7.462071090048433e-05,7.462071090048433e-05,0.08827585037041959,0.1836211683213338,7.462071090048433e-05,11.840222240631237,9.745021741991062,5.898531861831456,0.9790124491953025,#ff7f0e,B
284.9585458069062,459.5731064527255,0,1,0,0,0,0,0,0,0,0,0,0.5337507937873878,0.20961192505992446,7.031696722030664e-05,7.031696722030664e-05,7.031696722030664e-05,7.031696722030664e-05,7.031696722030664e-05,0.08318454758652268,0.17303083176230954,7.031696722030664e-05,13.596695308219568,8.38478469828606,6.002308272412943,0.9850164932784545,#1f77b4,A
291.2668906083191,452.62378655760773,8,0,0,0,0,0,0,0,0,1,0,0.5313517741828017,0.21069045368983813,7.067877326876554e-05,7.067877326876554e-05,7.067877326876554e-05,7.067877326876554e-05,7.067877326876554e-05,0.08361256195694952,0.17392113753026658,7.067877326876554e-05,10.928642959661099,10.788337140387346,2.87592367457225,0.864317203785509,#bcbd22,i
307.5972340866549,453.0606454069573,0,1,0,0,0,0,0,0,0,0,0,0.5630543885126955,0.1964378910461061,6.5897571149954e-05,6.5897571149954e-05,6.5897571149954e-05,6.5897571149954e-05,6.5897571149954e-05,0.07795642872345872,0.16215590629027699,6.5897571149954e-05,15.180589354426756,6.653094176512751,4.684561611574036,1.0498583685159388,#1f77b4,A
317.38608215104324,459.90632978196226,8,0,0,0,0,0,0,0,0,1,0,0.5943230912730998,0.18238040227740626,6.118180902589593e-05,6.118180902589593e-05,6.118180902589593e-05,6.118180902589593e-05,6.118180902589593e-05,0.07237771060857755,0.15055170498616668,6.118180902589593e-05,12.68205352571221,9.44561008195894,6.108643785727561,0.9671087954126933,#bcbd22,i
331.5004810060927,457.72874805722284,0,1,0,0,0,0,0,0,0,0,0,0.6173662217819309,0.17202088877901556,5.770657940393424e-05,5.770657940393424e-05,5.770657940393424e-05,5.770657940393424e-05,5.770657940393424e-05,0.06826653495226054,0.14200011500975207,5.770657940393424e-05,9.722867914301377,12.343145565943951,0.5808924171109652,0.9523901908245523,#1f77b4,A
338.8602920654779,459.17797898542096,7,0,0,0,0,0,0,0,1,0,0,0.6338739264583465,0.16459951044861745,5.521698432656013e-05,5.521698432656013e-05,5.521698432656013e-05,5.521698432656013e-05,5.521698432656013e-05,0.06532135901007069,0.1358739021763722,5.521698432656013e-05,13.047241178237218,9.099578041987911,0.6684506161644586,0.9944618035862847,#7f7f7f,h
352.5165054525474,456.37285652167435,7,0,0,0,0,0,0,0,1,0,0,0.655431645030173,0.15490779445309513,5.196577580981743e-05,5.196577580981743e-05,5.196577580981743e-05,5.196577580981743e-05,5.196577580981743e-05,0.06147519896839312,0.1278735668928243,5.196577580981743e-05,14.512703304538631,7.589523788694082,2.923441807865712,1.0541998381905464,#7f7f7f,h
365.93568039055975,460.57003210530144,1,0,1,0,0,0,0,0,0,0,0,0.6868853111108656,0.14076715161761186,4.722211860399537e-05,4.722211860399537e-05,4.722211860399537e-05,4.722211860399537e-05,4.722211860399537e-05,0.05586348114024,0.11620072341897177,4.722211860399537e-05,9.736092151276704,12.4832465771044,5.413795681847408,0.9793121179284965,#ff7f0e,B
375.67235826612637,457.914678771577,0,1,0,0,0,0,0,0,0,0,0,0.7010168689113756,0.1344140190112774,4.509088004446127e-05,4.509088004446127e-05,4.509088004446127e-05,4.509088004446127e-05,4.509088004446127e-05,0.05334223879458608,0.11095632800179293,4.509088004446127e-05,11.392720334693115,10.995945253687312,1.3310485392364455,0.9736277408347902,#1f77b4,A
389.7718502922267,460.6091805960022,0,1,0,0,0,0,0,0,0,0,0,0.7297194555714277,0.12151018054065016,4.076212448107519e-05,4.076212448107519e-05,4.076212448107519e-05,4.076212448107519e-05,4.076212448107519e-05,0.04822134710389707,0.10030444403640874,4.076212448107519e-05,13.597193238019619,8.778010691205727,5.443039182808566,1.0344070596106802,#1f77b4,A
398.5189270203452,455.74824764990194,0,1,0,0,0,0,0,0,0,0,0,0.7390145873348515,0.1173313627825506,3.936028729441743e-05,3.936028729441743e-05,3.936028729441743e-05,3.936028729441743e-05,3.936028729441743e-05,0.046562982177595,0.09685490598049727,3.936028729441743e-05,17.308409901821445,4.76456580014734,1.7684985505963802,0.9858935355342021,#1f77b4,A
416.8584971389454,454.9709436518304,0,1,0,0,0,0,0,0,0,0,0,0.7690210357550996,0.10384134642695196,3.4834890957320425e-05,3.4834890957320425e-05,3.4834890957320425e-05,3.4834890957320425e-05,3.4834890957320425e-05,0.04120946563909433,0.08571914283234104,3.4834890957320425e-05,13.1469925134275,8.614816755102707,6.029282185272971,1.0457148706030404,#1f77b4,A
423.8981140612237,456.28234611826525,7,0,0,0,0,0,0,0,1,0,0,0.7816195780922566,0.09817741246833439,3.2934852787296285e-05,3.2934852787296285e-05,3.2934852787296285e-05,3.2934852787296285e-05,3.2934852787296285e-05,0.03896173195804135,0.08104366836386213,3.2934852787296285e-05,14.16724172207503,7.078753644068045,4.610773117624074,1.02718539394022,#7f7f7f,h
443.00435079642085,461.0288434970654,0,1,0,0,0,0,0,0,0,0,0,0.8144411747177649,0.08342178830735585,2.7984892329912613e-05,2.7984892329912613e-05,2.7984892329912613e-05,2.7984892329912613e-05,2.7984892329912613e-05,0.03310595862912956,0.06886316899095557,2.7984892329912613e-05,9.87944718174153,12.037595828654267,1.6554747578575952,1.0024156334864414,#1f77b4,A
448.3555613041309,459.00393454422476,7,0,0,0,0,0,0,0,1,0,0,0.8202087750678133,0.08082884488516105,2.7115056715500613e-05,2.7115056715500613e-05,2.7115056715500613e-05,2.7115056715500613e-05,2.7115056715500613e-05,0.0320769483501053,0.0667227413558069,2.7115056715500613e-05,10.124513871905613,11.849932857405598,5.191213575442493,0.9543548941383376,#7f7f7f,h
465.642028190658,458.45199062919363,0,1,0,0,0,0,0,0,0,0,0,0.8426045789785719,0.07076035037952533,2.3737453089618077e-05,2.3737453089618077e-05,2.3737453089618077e-05,2.3737453089618077e-05,2.3737453089618077e-05,0.0280812636575991,0.0584113822649234,2.3737453089618077e-05,15.538312305557627,6.176525157918098,4.8206929970831975,0.9620947843444059,#1f77b4,A
476.9694842681586,455.5382999096745,0,1,0,0,0,0,0,0,0,0,0,0.8545254166252243,0.06540109251023139,2.1939622361177508e-05,2.1939622361177508e-05,2.1939622361177508e-05,2.1939622361177508e-05,2.1939622361177508e-05,0.02595444076272192,0.053987412366800824,2.1939622361177508e-05,11.05359379587892,10.457870842760007,3.1518654389373486,1.0643505071656745,#1f77b4,A
488.5056415312865,460.74621008962583,0,1,0,0,0,0,0,0,0,0,0,0.8707862823643521,0.05809068570350633,1.9487254082757108e-05,1.9487254082757108e-05,1.9487254082757108e-05,1.9487254082757108e-05,1.9487254082757108e-05,0.023053303898886473,0.04795280450788791,1.9487254082757108e-05,13.84415241515948,8.164952521029997,0.4266733054963556,1.0178099892571417,#1f77b4,A
503.1768491812859,456.631260026278,0,1,0,0,0,0,0,0,0,0,0,0.8838127237496064,0.052234380922572814,1.752268269114711e-05,1.752268269114711e-05,1.752268269114711e-05,1.752268269114711e-05,1.752268269114711e-05,0.02072922780640521,0.04311853142438454,1.752268269114711e-05,9.720966600644125,11.987261732061942,5.8355108644826075,0.9310201268946315,#1f77b4,A
510.8639142867877,460.365341958614,0,1,0,0,0,0,0,0,0,0,0,0.8930232569232712,0.04809359620135676,1.61336041669894e-05,1.61336041669894e-05,1.61336041669894e-05,1.61336041669894e-05,1.61336041669894e-05,0.019085956300792774,0.03970038894868404,1.61336041669894e-05,13.214529859571828,9.323481923866007,5.552706880775304,1.07429968472728,#1f77b4,A
11.454639505938463,466.7197788724656,0,1,0,0,0,0,0,0,0,0,0,0.4268716052582451,0.2576616636074004,8.643585878347154e-05,8.643585878347154e-05,8.643585878347154e-05,8.643585878347154e-05,8.643585878347154e-05,0.10225309896583859,0.21269501701538815,8.643585878347154e-05,16.798430089067306,5.18115843746409,2.745208910182565,1.0349073215125517,#1f77b4,A
25.37311248876936,470.0467863220802,1,0,1,0,0,0,0,0,0,0,0,0.4207738996524789,0.2604030126401605,8.735547893399925e-05,8.735547893399925e-05,8.735547893399925e-05,8.735547893399925e-05,8.735547893399925e-05,0.10334100405044534,0.21495795078289057,8.735547893399925e-05,14.676202535483183,7.046440458868355,5.843811727436383,0.9939255177874546,#ff7f0e,B
33.97460140642832,462.63987645219544,0,1,0,0,0,0,0,0,0,0,0,0.394716319727263,0.2721177339045831,9.128533011450797e-05,9.128533011450797e-05,9.128533011450797e-05,9.128533011450797e-05,9.128533011450797e-05,0.1079899942651224,0.2246282401219497,9.128533011450797e-05,12.786457111119347,9.379057459220608,0.90461912979387,1.0147910893801393,#1f77b4,A
46.76902124327988,463.11283524817054,0,1,0,0,0,0,0,0,0,0,0,0.3857248933248077,0.27616001466805506,9.264136424214196e-05,9.264136424214196e-05,9.264136424214196e-05,9.264136424214196e-05,9.264136424214196e-05,0.10959417444919824,0.22796506937210034,9.264136424214196e-05,11.494417353807174,10.218061362884681,0.7733049358092762,1.0757482465827517,#1f77b4,A
59.68394845758364,470.2794439735271,0,1,0,0,0,0,0,0,0,0,0,0.39543303804094243,0.27179551843814465,9.117723886738553e-05,9.117723886738553e-05,9.117723886738553e-05,9.117723886738553e-05,9.117723886738553e-05,0.10786212297252586,0.22436225711478736,9.117723886738553e-05,10.90667670907014,11.46086145623067,5.303594359691336,1.0895985958837575,#1f77b4,A
74.21859486008452,470.59085882317464,0,1,0,0,0,0,0,0,0,0,0,0.3893250713368058,0.2745414805588285,9.209840653651098e-05,9.209840653651098e-05,9.209840653651098e-05,9.209840653651098e-05,9.209840653651098e-05,0.10895185876228837,0.22662899890246901,9.209840653651098e-05,9.281465430289826,12.78142873944451,0.5561857957844119,1.0264918760753339,#1f77b4,A
84.4014222107443,470.47307678996435,0,1,0,0,0,0,0,0,0,0,0,0.38567749924218453,0.2761813216531668,9.264851193936016e-05,9.264851193936016e-05,9.264851193936016e-05,9.264851193936016e-05,9.264851193936016e-05,0.1096026301318434,0.2279826579007834,9.264851193936016e-05,12.320153168244909,9.69035970310514,1.4853082557127377,1.0592750819375392,#1f77b4,A
95.54080679494392,469.6579234970611,0,1,0,0,0,0,0,0,0,0,0,0.38134470057164516,0.2781292204552006,9.33019591903787e-05,9.33019591903787e-05,9.33019591903787e-05,9.33019591903787e-05,9.33019591903787e-05,0.11037565428371451,0.22959061293391603,9.33019591903787e-05,15.18013670525265,6.883108167981142,4.59495453046548,0.9414807655327396,#1f77b4,A
108.09196319081283,471.2781438838066,1,0,1,0,0,0,0,0,0,0,0,0.38476852013337615,0.27658997191636975,9.278559883054727e-05,9.278559883054727e-05,9.278559883054727e-05,9.278559883054727e-05,9.278559883054727e-05,0.10976480309626772,0.2283199912606182,9.278559883054727e-05,11.672580915363563,10.611045795544653,5.230456163578916,0.839666737313932,#ff7f0e,B
118.78452791193862,466.61033423358157,7,0,0,0,0,0,0,0,1,0,0,0.3736945883318527,0.2815684858354823,9.445570419290214e-05,9.445570419290214e-05,9.445570419290214e-05,9.445570419290214e-05,9.445570419290214e-05,0.11174052765438236,0.2324296639527515,9.445570419290214e-05,13.00931028180337,9.23784035031737,2.356380892968227,1.006314814149662,#7f7f7f,h
132.30804041145072,466.94430219448554,7,0,0,0,0,0,0,0,1,0,0,0.3776293211501084,0.279799545728683,9.386229089607295e-05,9.386229089607295e-05,9.386229089607295e-05,9.386229089607295e-05,9.386229089607295e-05,0.11103852330778001,0.2309694360676744,9.386229089607295e-05,12.131163766331243,9.641395023122017,3.3761714084666474,1.149677560305186,#7f7f7f,h
141.00430716661037,469.9739469403533,0,1,0,0,0,0,0,0,0,0,0,0.38847525141932415,0.2749235345902014,9.222657138587608e-05,9.222657138587608e-05,9.222657138587608e-05,9.222657138587608e-05,9.222657138587608e-05,0.10910347700511626,0.22694437755665434,9.222657138587608e-05,10.951404332681511,11.114800041328722,0.6042825880215514,0.8617730574647227,#1f77b4,A
156.75428012145173,463.4387173738675,0,1,0,0,0,0,0,0,0,0,0,0.3799878719135048,0.27873921069908786,9.350658812058796e-05,9.350658812058796e-05,9.350658812058796e-05,9.350658812058796e-05,9.350658812058796e-05,0.11061772907242438,0.23009414878587925,9.350658812058796e-05,13.223692364586855,9.043132587053675,6.243568341045542,0.9450977791136188,#1f77b4,A
169.9863117239864,468.703761457004,8,0,0,0,0,0,0,0,0,1,0,0.402110073094871,0.2687937199306071,9.017024765161316e-05,9.017024765161316e-05,9.017024765161316e-05,9.017024765161316e-05,9.017024765161316e-05,0.10667085844535726,0.22188432704285277,9.017024765161316e-05,13.681337600631473,8.355644580520558,1.0497796808909134,1.0069942471777689,#bcbd22,i
177.05259467436102,466.2316821679994,1,0,1,0,0,0,0,0,0,0,0,0.4015423236349216,0.26904896338339207,9.025587229103944e-05,9.025587229103944e-05,9.025587229103944e-05,9.025587229103944e-05,9.025587229103944e-05,0.10677215187672226,0.22209502587081614,9.025587229103944e-05,14.87972278754191,6.914997732188081,5.004605138026834,1.0203809656121015,#ff7f0e,B
191.67066544878352,465.133091043772,0,1,0,0,0,0,0,0,0,0,0,0.4122232762766208,0.2642471213322459,8.864503373778904e-05,8.864503373778904e-05,8.864503373778904e-05,8.864503373778904e-05,8.864503373778904e-05,0.10486653959587353,0.21813119259242073,8.864503373778904e-05,7.39831254556826,14.568997602599996,1.562712317155247,1.0502451602484653,#1f77b4,A
201.2319791411101,470.38805564201806,0,1,0,0,0,0,0,0,0,0,0,0.43501131901640877,0.25400228778958717,8.520827495514505e-05,8.520827495514505e-05,8.520827495514505e-05,8.520827495514505e-05,8.520827495514505e-05,0.1008008747101488,0.20967426883368956,8.520827495514505e-05,10.01582358534,11.774427818928528,0.3228409181889753,1.0004444617031172,#1f77b4,A
218.2625360838256,471.4981405888238,8,0,0,0,0,0,0,0,0,1,0,0.4575577762155533,0.24386606399803612,8.180795068502338e-05,8.180795068502338e-05,8.180795068502338e-05,8.180795068502338e-05,8.180795068502338e-05,0.09677831163271476,0.20130700044912803,8.180795068502338e-05,21.200916756241345,1.7621211298170902,2.904178007567801,0.9149968737202887,#bcbd22,i
228.81933285325218,470.42365009766394,1,0,1,0,0,0,0,0,0,0,0,0.4686941634862163,0.23885947193757257,8.012842615558442e-05,8.012842615558442e-05,8.012842615558442e-05,8.012842615558442e-05,8.012842615558442e-05,0.0947914442568206,0.19717414976198833,8.012842615558442e-05,14.644562084864145,6.860345806779989,6.000413635592504,0.990080233062308,#ff7f0e,B
237.11832261016107,468.4110633249748,1,0,1,0,0,0,0,0,0,0,0,0.47550352487054637,0.2357981834052113,7.910147825975065e-05,7.910147825975065e-05,7.910147825975065e-05,7.910147825975065e-05,7.910147825975065e-05,0.09357657109765524,0.19464711175655303,7.910147825975065e-05,12.2357836520751,9.4186571864191,4.945856068078802,1.0296716297315727,#ff7f0e,B
255.24168281153743,466.1619536318334,7,0,0,0,0,0,0,0,1,0,0,0.49762748125715595,0.225851903548095,7.576487308102858e-05,7.576487308102858e-05,7.576487308102858e-05,7.576487308102858e-05,7.576487308102858e-05,0.08962938732055559,0.1864366386352097,7.576487308102858e-05,13.319086053561897,8.600632361057542,0.7677851180227437,0.9744426064151821,#7f7f7f,h
264.6103572115177,467.553217877635,0,1,0,0,0,0,0,0,0,0,0,0.5157050446262287,0.21772476293809187,7.303852113466372e-05,7.303852113466372e-05,7.303852113466372e-05,7.303852113466372e-05,7.303852113466372e-05,0.08640412943209387,0.17972783187626185,7.303852113466372e-05,11.053762034917883,11.136410773577447,2.083943441517275,1.059136675481849,#1f77b4,A
275.2420778563652,468.45937044742516,0,1,0,0,0,0,0,0,0,0,0,0.5352943200445835,0.20891800106854613,7.008418165459423e-05,7.008418165459423e-05,7.008418165459423e-05,7.008418165459423e-05,7.008418165459423e-05,0.08290916366804697,0.17245801012836057,7.008418165459423e-05,8.325653663784347,13.53929204204503,2.739687926508475,1.0955257181360536,#1f77b4,A
291.7646669100268,466.10905652079356,8,0,0,0,0,0,0,0,0,1,0,0.5591006999922327,0.19821535307890012,6.649384323447204e-05,6.649384323447204e-05,6.649384323447204e-05,6.649384323447204e-05,6.649384323447204e-05,0.07866181499863331,0.16362316887026787,6.649384323447204e-05,12.229513224543348,9.382533942460027,5.838608860077555,0.9431290177793906,#bcbd22,i
303.3749472458499,465.2158982029552,0,1,0,0,0,0,0,0,0,0,0,0.5782520451987513,0.1896054717477488,6.360554981719532e-05,6.360554981719532e-05,6.360554981719532e-05,6.360554981719532e-05,6.360554981719532e-05,0.07524498132802646,0.15651586842599213,6.360554981719532e-05,9.35295626635764,12.536655180931543,1.3951159622022433,1.0118472542252497,#1f77b4,A
313.86088349248007,463.95821878971185,8,0,0,0,0,0,0,0,0,1,0,0.5951610833052601,0.18200366571527196,6.105542798873543e-05,6.105542798873543e-05,6.105542798873543e-05,6.105542798873543e-05,6.105542798873543e-05,0.07222820260481541,0.15024071580612486,6.105542798873543e-05,12.072884825517207,10.424083999210389,1.753053748190222,1.0270977207823782,#bcbd22,i
324.5120197584975,467.7788469189932,0,1,0,0,0,0,0,0,0,0,0,0.6217818665293515,0.17003574481832542,5.704063779411631e-05,5.704063779411631e-05,5.704063779411631e-05,5.704063779411631e-05,5.704063779411631e-05,0.06747873004938146,0.14036141477555525,5.704063779411631e-05,12.986550113643693,8.989119255282924,5.642395593411268,1.119131950174941,#1f77b4,A
332.44542416038786,463.64701290436756,0,1,0,0,0,0,0,0,0,0,0,0.6292916183728818,0.16665958134249886,5.5908061122287056e-05,5.5908061122287056e-05,5.5908061122287056e-05,5.5908061122287056e-05,5.5908061122287056e-05,0.06613889868609196,0.13757445323116416,5.5908061122287056e-05,15.289500640652129,6.370459146767533,4.464554838021715,1.082253163112472,#1f77b4,A
348.99414909474626,467.78882768313446,1,0,1,0,0,0,0,0,0,0,0,0.6667512125321265,0.14981884995019903,5.025862511362583e-05,5.025862511362583e-05,5.025862511362583e-05,5.025862511362583e-05,5.025862511362583e-05,0.05945565000406149,0.1236727357622643,5.025862511362583e-05,13.186918474603393,8.51710391589762,2.6669572425887966,1.027245603123024,#ff7f0e,B
354.58453134333143,467.31168943510914,1,0,1,0,0,0,0,0,0,0,0,0.6761826697023813,0.14557874430017448,4.883622812968431e-05,4.883622812968431e-05,4.883622812968431e-05,4.883622812968431e-05,4.883622812968431e-05,0.05777296296173068,0.12017260566625917,4.883622812968431e-05,15.369199239657013,6.711370788754942,4.349244199452971,1.0198855756217502,#ff7f0e,B
373.79313154494196,465.4509024106171,8,0,0,0,0,0,0,0,0,1,0,0.7079889241585546,0.13127958810498205,4.403939561565658e-05,4.403939561565658e-05,4.403939561565658e-05,4.403939561565658e-05,4.403939561565658e-05,0.05209833906508904,0.10836891229697208,4.403939561565658e-05,13.27216203035977,9.254494117181622,4.28841625453359,0.8915670637855378,#bcbd22,i
386.75422255494436,466.4929831173242,0,1,0,0,0,0,0,0,0,0,0,0.7319573226386462,0.12050410135008326,4.042462251192958e-05,4.042462251192958e-05,4.042462251192958e-05,4.042462251192958e-05,4.042462251192958e-05,0.0478220843125287,0.09947394396293834,4.042462251192958e-05,12.04306997742684,9.846393468066191,3.8619042563199293,0.9588834091284995,#1f77b4,A
393.1906079401446,464.2635745821326,1,0,1,0,0,0,0,0,0,0,0,0.7401248917313654,0.11683220259341741,3.919283770562649e-05,3.919283770562649e-05,3.919283770562649e-05,3.919283770562649e-05,3.919283770562649e-05,0.046364890325261796,0.09644285832298133,3.919283770562649e-05,9.57364205351904,12.363397322033972,4.376669656345031,0.9501471055124178,#ff7f0e,B
412.56616138311784,465.9266125309538,0,1,0,0,0,0,0,0,0,0,0,0.7737289451602605,0.10172480887519555,3.4124871708153855e-05,3.4124871708153855e-05,3.4124871708153855e-05,3.4124871708153855e-05,3.4124871708153855e-05,0.040369517155045005,0.08397197957847619,3.4124871708153855e-05,16.093067550080402,5.6158993973916935,2.8067441375189213,0.9622690435170834,#1f77b4,A
421.141739808568,466.0885949624635,0,1,0,0,0,0,0,0,0,0,0,0.787152213362016,0.09569010243306038,3.210045322645498e-05,3.210045322645498e-05,3.210045322645498e-05,3.210045322645498e-05,3.210045322645498e-05,0.03797464231639746,0.07899043916838025,3.210045322645498e-05,17.280396282596495,4.914459936282499,6.101890406931666,1.0003852878075956,#1f77b4,A
435.0960481664517,463.3638028222198,8,0,0,0,0,0,0,0,0,1,0,0.8052225276639782,0.08756622079034704,2.937519454182139e-05,2.937519454182139e-05,2.937519454182139e-05,2.937519454182139e-05,2.937519454182139e-05,0.034750677749961795,0.07228432262765679,2.937519454182139e-05,15.822766525268671,6.407047172201162,5.800409847494289,0.9554491938678669,#bcbd22,i
442.40244427082973,469.0110458000318,1,0,1,0,0,0,0,0,0,0,0,0.8204288299249701,0.08072991469586979,2.7081869334222092e-05,2.7081869334222092e-05,2.7081869334222092e-05,2.7081869334222092e-05,2.7081869334222092e-05,0.03203768787846711,0.06664107628386705,2.7081869334222092e-05,12.311926784842708,9.337560439461619,3.180570969800022,1.0072767835175462,#ff7f0e,B
456.50104307217316,470.3477506601564,0,1,0,0,0,0,0,0,0,0,0,0.8398689291269753,0.07199021806411031,2.4150027735061332e-05,2.4150027735061332e-05,2.4150027735061332e-05,2.4150027735061332e-05,2.4150027735061332e-05,0.02856933697167337,0.05942661566999083,2.4150027735061332e-05,13.889837402810652,8.144318237585207,2.3132753659485537,0.943401002107386,#1f77b4,A
469.3227728626846,470.07913640603726,0,1,0,0,0,0,0,0,0,0,0,0.8551332311776589,0.06512783697066604,2.1847955339785995e-05,2.1847955339785995e-05,2.1847955339785995e-05,2.1847955339785995e-05,2.1847955339785995e-05,0.025845999229981084,0.053761844888800064,2.1847955339785995e-05,18.333435622915083,3.4760585405423936,4.08465653162113,1.160537793898598,#1f77b4,A
481.5776910170556,469.50660721984855,0,1,0,0,0,0,0,0,0,0,0,0.8685054575361207,0.05911607743951506,1.9831234689148127e-05,1.9831234689148127e-05,1.9831234689148127e-05,1.9831234689148127e-05,1.9831234689148127e-05,0.023460230878992495,0.048799246736368304,1.9831234689148127e-05,11.765535789981959,10.801313850274441,4.4330859625136565,1.0615744866273962,#1f77b4,A
494.1361607348568,470.3357188220774,0,1,0,0,0,0,0,0,0,0,0,0.8819977198461484,0.05305035327625551,1.779641092120931e-05,1.779641092120931e-05,1.779641092120931e-05,1.779641092120931e-05,1.779641092120931e-05,0.021053046649559294,0.04379210176162754,1.779641092120931e-05,12.646222944053209,8.930092208406913,6.247793150431428,1.006376835056621,#1f77b4,A
501.7741116373249,466.3724551508454,0,1,0,0,0,0,0,0,0,0,0,0.887365715745567,0.050637060257842856,1.698684130335382e-05,1.698684130335382e-05,1.698684130335382e-05,1.698684130335382e-05,1.698684130335382e-05,0.0200953306805228,0.041799972267359785,1.698684130335382e-05,10.93649641770972,10.743374682866442,0.7959350980923025,0.9370671992073267,#1f77b4,A
512.3122164089654,472.02070255073784,0,1,0,0,0,0,0,0,0,0,0,0.899725430176695,0.045080496298946116,1.5122821755593929e-05,1.5122821755593929e-05,1.5122821755593929e-05,1.5122821755593929e-05,1.5122821755593929e-05,0.0178902068120966,0.037213129780828975,1.5122821755593929e-05,10.887245838450507,10.608527420061204,2.2782798417230876,0.9607637944709126,#1f77b4,A
4.569222964565495,478.02035831436876,0,1,0,0,0,0,0,0,0,0,0,0.4621570433028953,0.24179836883588085,8.111431623222535e-05,8.111431623222535e-05,8.111431623222535e-05,8.111431623222535e-05,8.111431623222535e-05,0.09595774626382386,0.19960015569954448,8.111431623222535e-05,10.046716163243032,11.873642782712308,2.6029824294891455,0.9185665364737449,#1f77b4,A
20.1101008854723,478.4137915170195,0,1,0,0,0,0,0,0,0,0,0,0.4466898918455173,0.24875194505430973,8.344698118377992e-05,8.344698118377992e-05,8.344698118377992e-05,8.344698118377992e-05,8.344698118377992e-05,0.09871727481484999,0.2053402063977736,8.344698118377992e-05,11.88274848539402,9.825807134837339,2.04792158345218,1.0864701765505203,#1f77b4,A
32.03722764202334,479.0978018152908,1,0,1,0,0,0,0,0,0,0,0,0.4374780744736818,0.2528933071132395,8.483625338316432e-05,8.483625338316432e-05,8.483625338316432e-05,8.483625338316432e-05,8.483625338316432e-05,0.10036077543708594,0.20875882545525629,8.483625338316432e-05,15.07388080023618,6.865990667899216,3.3384773774753014,1.2061278448274186,#ff7f0e,B
43.900928894531916,480.28319584938686,0,1,0,0,0,0,0,0,0,0,0,0.43115222403067244,0.2557372233523131,8.57902809982585e-05,8.57902809982585e-05,8.57902809982585e-05,8.57902809982585e-05,8.57902809982585e-05,0.10148938434449267,0.2111064265861011,8.57902809982585e-05,13.412077686685748,8.524065685658307,1.6053901910460822,1.0538193803737161,#1f77b4,A
55.75277506426117,476.5444904699821,0,1,0,0,0,0,0,0,0,0,0,0.41371823908754596,0.26357503003747,8.841957222585324e-05,8.841957222585324e-05,8.841957222585324e-05,8.841957222585324e-05,8.841957222585324e-05,0.10459981998878631,0.21757639345242888,8.841957222585324e-05,6.85290822328406,15.200088271967491,5.097356091330786,1.0847551716058275,#1f77b4,A
65.10804443082414,479.77767379919817,0,1,0,0,0,0,0,0,0,0,0,0.4170141104486761,0.2620933032451184,8.792250826225737e-05,8.792250826225737e-05,8.792250826225737e-05,8.792250826225737e-05,8.792250826225737e-05,0.10401179632155769,0.21635325493465712,8.792250826225737e-05,9.699559754206469,12.00597526306196,5.987398920334993,1.0725435387065851,#1f77b4,A
74.77985295347314,479.3734702382192,1,0,1,0,0,0,0,0,0,0,0,0.41180023334758176,0.26443730898631046,8.87088345880163e-05,8.87088345880163e-05,8.87088345880163e-05,8.87088345880163e-05,8.87088345880163e-05,0.10494201561640709,0.21828818904176067,8.87088345880163e-05,12.102553175159398,9.604901859891774,2.5330986443648986,1.0790635156016617,#ff7f0e,B
87.78200963715993,478.3138833283057,1,0,1,0,0,0,0,0,0,0,0,0.40514337806069173,0.2674300352643195,8.971278240982998e-05,8.971278240982998e-05,8.971278240982998e-05,8.971278240982998e-05,8.971278240982998e-05,0.10612967982690137,0.2207586301532231,8.971278240982998e-05,14.235237799842361,7.949657339604299,5.720603092294536,0.9677106372359918,#ff7f0e,B
101.98071727508633,481.51591770351206,1,0,1,0,0,0,0,0,0,0,0,0.41156667424524085,0.26454231028691266,8.874405860024934e-05,8.874405860024934e-05,8.874405860024934e-05,8.874405860024934e-05,8.874405860024934e-05,0.10498368541016569,0.2183748657056677,8.874405860024934e-05,9.305707553627375,12.69490838580344,1.396865049247521,0.8976478549729839,#ff7f0e,B
112.03791665561107,475.55399971494427,7,0,0,0,0,0,0,0,1,0,0,0.3959946836630468,0.27154301909126677,9.109253477293828e-05,9.109253477293828e-05,9.109253477293828e-05,9.109253477293828e-05,9.109253477293828e-05,0.10776191854031177,0.22415382349634114,9.109253477293828e-05,9.118771725643482,13.50167421002241,6.141801208511507,1.0192719379837705,#7f7f7f,h
124.07713366794152,471.72193802460856,7,0,0,0,0,0,0,0,1,0,0,0.3877116472396478,0.2752668285625093,9.234173368396958e-05,9.234173368396958e-05,9.234173368396958e-05,9.234173368396958e-05,9.234173368396958e-05,0.10923971330831062,0.22722776048704077,9.234173368396958e-05,11.383073412399437,10.517417109800967,1.0299841321936505,1.0935790112987287,#7f7f7f,h
141.21046875796554,478.58501667227796,0,1,0,0,0,0,0,0,0,0,0,0.4107531278235936,0.2649080568218026,8.886675289398979e-05,8.886675289398979e-05,8.886675289398979e-05,8.886675289398979e-05,8.886675289398979e-05,0.10512883201872558,0.21867678281810343,8.886675289398979e-05,10.459667288465026,11.562654609867229,2.6625911033384613,0.9533502200295668,#1f77b4,A
151.0326002290974,477.35116544588783,0,1,0,0,0,0,0,0,0,0,0,0.41209868695047336,0.2643031330275963,8.866382356830462e-05,8.866382356830462e-05,8.866382356830462e-05,8.866382356830462e-05,8.866382356830462e-05,0.10488876785190401,0.2181774292282043,8.866382356830462e-05,10.891189331926128,10.806290088180152,5.116353228797464,0.9377750226197975,#1f77b4,A
167.23306106040445,481.3606810146075,0,1,0,0,0,0,0,0,0,0,0,0.43231153965140967,0.25521602915878455,8.561543982444989e-05,8.561543982444989e-05,8.561543982444989e-05,8.561543982444989e-05,8.561543982444989e-05,0.1012825482917204,0.21067619025870635,8.561543982444989e-05,12.75944106583194,8.500685039827687,5.3981915765216995,1.1839654081538316,#1f77b4,A
174.12614944440023,475.7592461232885,0,1,0,0,0,0,0,0,0,0,0,0.4230776463467078,0.25936731590760975,8.700804138638768e-05,8.700804138638768e-05,8.700804138638768e-05,8.700804138638768e-05,8.700804138638768e-05,0.10292998752975148,0.21410300196718965,8.700804138638768e-05,16.432288901583423,5.5488600187374955,4.589367430566576,0.9740518893727219,#1f77b4,A
186.95638221671067,476.5766128532351,0,1,0,0,0,0,0,0,0,0,0,0.43606059569960665,0.25353056386479444,8.505002920768959e-05,8.505002920768959e-05,8.505002920768959e-05,8.505002920768959e-05,8.505002920768959e-05,0.10061367094653466,0.20928486931338205,8.505002920768959e-05,10.308108645334674,11.642006041599704,3.894519941283477,1.04809545284316,#1f77b4,A
200.57582142233693,477.10183651729545,1,0,1,0,0,0,0,0,0,0,0,0.45083384679719063,0.24688894483209028,8.282201423345136e-05,8.282201423345136e-05,8.282201423345136e-05,8.282201423345136e-05,8.282201423345136e-05,0.097977942686706,0.20380233359816147,8.282201423345136e-05,17.815925849250412,3.909281608527585,2.8945538688549886,0.9463099874744236,#ff7f0e,B
208.78545440536163,474.6959003388674,1,0,1,0,0,0,0,0,0,0,0,0.4539573899256234,0.24548469174289297,8.235093980190893e-05,8.235093980190893e-05,8.235093980190893e-05,8.235093980190893e-05,8.235093980190893e-05,0.09742066447894915,0.20264314821326915,8.235093980190893e-05,10.364032204292965,11.282827138711006,1.776194140656784,1.0873950879091365,#ff7f0e,B
223.01045802876502,478.60667859729455,0,1,0,0,0,0,0,0,0,0,0,0.4805800532296106,0.23351592561734108,7.833586606468072e-05,7.833586606468072e-05,7.833586606468072e-05,7.833586606468072e-05,7.833586606468072e-05,0.09267085649432087,0.19276314946185868,7.833586606468072e-05,9.544883564501667,12.275167719571972,1.0651080925855796,0.9285973825442077,#1f77b4,A
233.64809220588404,481.7108147458742,0,1,0,0,0,0,0,0,0,0,0,0.5018289101301073,0.22396306474187516,7.513123825140989e-05,7.513123825140989e-05,7.513123825140989e-05,7.513123825140989e-05,7.513123825140989e-05,0.08887980114355566,0.1848774365544516,7.513123825140989e-05,14.53703695399652,7.814304864127461,0.4045017958837341,1.032997035855276,#1f77b4,A
247.49529992592628,476.7080980159063,0,1,0,0,0,0,0,0,0,0,0,0.5096110471222761,0.22046444491737677,7.395758205105174e-05,7.395758205105174e-05,7.395758205105174e-05,7.395758205105174e-05,7.395758205105174e-05,0.08749137294609056,0.18198938952144048,7.395758205105174e-05,15.507594169573956,6.382630687591397,6.094070894183323,0.991678734342014,#1f77b4,A
253.88834625171572,478.70831697733763,8,0,0,0,0,0,0,0,0,1,0,0.5236523679039353,0.21415188021975096,7.183995250878161e-05,7.183995250878161e-05,7.183995250878161e-05,7.183995250878161e-05,7.183995250878161e-05,0.08498622998567675,0.17677848217506056,7.183995250878161e-05,14.146680538639666,8.28661304570476,0.30189710692173066,1.0875689636806811,#bcbd22,i
274.3974415849404,481.1420509220339,0,1,0,0,0,0,0,0,0,0,0,0.5609418958223911,0.19738760560559587,6.621616489183778e-05,6.621616489183778e-05,6.621616489183778e-05,6.621616489183778e-05,6.621616489183778e-05,0.07833332319616061,0.1629398783859405,6.621616489183778e-05,14.33328432251864,7.439289658765859,3.060210944724463,1.0611189934587117,#1f77b4,A
281.30378168457486,475.9564134854263,0,1,0,0,0,0,0,0,0,0,0,0.5612633700537478,0.19724308024963996,6.616768203613021e-05,6.616768203613021e-05,6.616768203613021e-05,6.616768203613021e-05,6.616768203613021e-05,0.07827596827064037,0.1628205753331937,6.616768203613021e-05,13.046209457610667,9.14520100644725,0.11497311019914891,1.040045610267683,#1f77b4,A
295.09317264221323,477.9315610644681,0,1,0,0,0,0,0,0,0,0,0,0.588639719959763,0.18493547880289465,6.203894171162826e-05,6.203894171162826e-05,6.203894171162826e-05,6.203894171162826e-05,6.203894171162826e-05,0.07339169339968513,0.1526608741867988,6.203894171162826e-05,11.293395382192108,10.143668701394875,0.6100621217712536,0.9730640483810936,#1f77b4,A
306.936130787382,482.4017196866915,0,1,0,0,0,0,0,0,0,0,0,0.6176599802731805,0.1718888236043553,5.766227647338838e-05,5.766227647338838e-05,5.766227647338838e-05,5.766227647338838e-05,5.766227647338838e-05,0.06821412485296438,0.1418910976100418,5.766227647338838e-05,16.572387370984515,5.057280910346514,3.1128664894898193,0.8956644080836926,#1f77b4,A
317.50597507534735,475.8400711675771,0,1,0,0,0,0,0,0,0,0,0,0.6237147623532532,0.16916677172584474,5.674912979693617e-05,5.674912979693617e-05,5.674912979693617e-05,5.674912979693617e-05,5.674912979693617e-05,0.06713387784909657,0.13964409329240005,5.674912979693617e-05,9.47082791114251,12.314516091535154,1.6844828495291833,0.9855494697547182,#1f77b4,A
331.2010589844646,476.8708147001821,0,1,0,0,0,0,0,0,0,0,0,0.6498200366150865,0.15743060849094873,5.281208563666516e-05,5.281208563666516e-05,5.281208563666516e-05,5.281208563666516e-05,5.281208563666516e-05,0.06247637838279804,0.12995610399669685,5.281208563666516e-05,8.998881121383066,12.717009342862838,3.5457844476899014,0.98665875811223,#1f77b4,A
340.98672258609855,475.12420685697043,7,0,0,0,0,0,0,0,1,0,0,0.6642158990591874,0.150958652293266,5.064098620292052e-05,5.064098620292052e-05,5.064098620292052e-05,5.064098620292052e-05,5.064098620292052e-05,0.05990798086366778,0.12461362186599682,5.064098620292052e-05,7.530721034268475,14.749064910706359,3.955436085195994,1.0560109518196057,#7f7f7f,h
351.617386005364,477.2890282600642,1,0,1,0,0,0,0,0,0,0,0,0.6864056992745844,0.14098277098799367,4.7294450844610395e-05,4.7294450844610395e-05,4.7294450844610395e-05,4.7294450844610395e-05,4.7294450844610395e-05,0.05594904974408243,0.11637871328758523,4.7294450844610395e-05,7.902566801824245,14.545197563035243,0.9119823076574973,1.019509021937324,#ff7f0e,B
365.08778916310774,480.81686451427265,0,1,0,0,0,0,0,0,0,0,0,0.7147663112042217,0.12823267429453014,4.3017269901809925e-05,4.3017269901809925e-05,4.3017269901809925e-05,4.3017269901809925e-05,4.3017269901809925e-05,0.050889170518093864,0.10585374036302872,4.3017269901809925e-05,13.549787829727142,8.394211354826878,6.0083048243260455,1.0280050343638893,#1f77b4,A
376.3283839023798,476.15025472111734,0,1,0,0,0,0,0,0,0,0,0,0.7270517066305386,0.12270952197357171,4.116445870991539e-05,4.116445870991539e-05,4.116445870991539e-05,4.116445870991539e-05,4.116445870991539e-05,0.04869730606697051,0.10129447857593264,4.116445870991539e-05,14.562909625876484,6.996058514496111,0.4597787370957861,0.9949099553096634,#1f77b4,A
390.1092960370876,477.924750315734,0,1,0,0,0,0,0,0,0,0,0,0.7519523083219254,0.11151494408229462,3.740909619224819e-05,3.740909619224819e-05,3.740909619224819e-05,3.740909619224819e-05,3.740909619224819e-05,0.044254734886720375,0.09205355813115412,3.740909619224819e-05,17.763733762580568,4.769628136530419,2.5165706942508974,1.0947319994798035,#1f77b4,A
398.6613383621421,476.3115750782737,0,1,0,0,0,0,0,0,0,0,0,0.7635579351646291,0.10629739571627725,3.5658803706175596e-05,3.5658803706175596e-05,3.5658803706175596e-05,3.5658803706175596e-05,3.5658803706175596e-05,0.04218414944548712,0.0877465668506057,3.5658803706175596e-05,15.139567453770631,6.75257665252079,5.550462354761441,1.0149425746182756,#1f77b4,A
411.1719141376692,476.69404619550244,0,1,0,0,0,0,0,0,0,0,0,0.7831925363754924,0.09747025670400193,3.2697628456256906e-05,3.2697628456256906e-05,3.2697628456256906e-05,3.2697628456256906e-05,3.2697628456256906e-05,0.03868109700698892,0.08045992414199607,3.2697628456256906e-05,15.358426752637916,6.451830985114642,2.124168010969162,1.1350100469390472,#1f77b4,A
425.52294934917603,476.6781747482366,0,1,0,0,0,0,0,0,0,0,0,0.8040623903078818,0.08808778441191584,2.955015964493119e-05,2.955015964493119e-05,2.955015964493119e-05,2.955015964493119e-05,2.955015964493119e-05,0.034957660410349,0.07271486391117969,2.955015964493119e-05,13.685473544824495,8.270862521742794,5.066035322543206,0.924253538582701,#1f77b4,A
436.2977381057661,476.3710032875128,7,0,0,0,0,0,0,0,1,0,0,0.8186272646481083,0.08153984543842799,2.7353570829539694e-05,2.7353570829539694e-05,2.7353570829539694e-05,2.7353570829539694e-05,2.7353570829539694e-05,0.032359109106657534,0.06730965938101025,2.7353570829539694e-05,12.687949779100267,9.524609028502214,5.278395413873289,1.0037097436508244,#7f7f7f,h
450.25359122891285,478.3822267988574,0,1,0,0,0,0,0,0,0,0,0,0.8383609471776569,0.07266816238045683,2.4377452716994498e-05,2.4377452716994498e-05,2.4377452716994498e-05,2.4377452716994498e-05,2.4377452716994498e-05,0.02883837935191018,0.05998624637283579,2.4377452716994498e-05,15.259306315802542,6.699148264669813,5.670361103215214,0.967100179317315,#1f77b4,A
461.01989493796196,478.5464688677946,0,1,0,0,0,0,0,0,0,0,0,0.8514394156353094,0.06678846775852139,2.2405034907855767e-05,2.2405034907855767e-05,2.2405034907855767e-05,2.2405034907855767e-05,2.2405034907855767e-05,0.02650502099487593,0.05513266540099451,2.2405034907855767e-05,14.404003973185754,7.2349799928435505,6.171123411703946,0.9808225082762838,#1f77b4,A
470.7194761315779,475.4783358483256,0,1,0,0,0,0,0,0,0,0,0,0.8603849794312576,0.06276680547355866,2.1055917509205744e-05,2.1055917509205744e-05,2.1055917509205744e-05,2.1055917509205744e-05,2.1055917509205744e-05,0.02490902325941901,0.05181285632984901,2.1055917509205744e-05,13.553522380093884,8.834063057333616,2.630512809567807,1.0640841082268513,#1f77b4,A
484.6647355423217,478.99571657914106,0,1,0,0,0,0,0,0,0,0,0,0.8774477372690116,0.05509589157267869,1.848261257360265e-05,1.848261257360265e-05,1.848261257360265e-05,1.848261257360265e-05,1.848261257360265e-05,0.021864819060457303,0.04548065642153333,1.848261257360265e-05,10.460455266522596,11.616269924305472,1.2828496591215712,1.0782789832129942,#1f77b4,A
496.42332248252853,476.7843186843405,7,0,0,0,0,0,0,0,1,0,0,0.8876901139755755,0.050491220358123486,1.6937917467340907e-05,1.6937917467340907e-05,1.6937917467340907e-05,1.6937917467340907e-05,1.6937917467340907e-05,0.020037454077964277,0.04167958408264481,1.6937917467340907e-05,12.59058786054739,9.625260893235211,4.514351626324736,0.9852814506166439,#7f7f7f,h
514.1625728360111,475.7912502186762,0,1,0,0,0,0,0,0,0,0,0,0.9030200958301874,0.043599311557273965,1.4625939629743474e-05,1.4625939629743474e-05,1.4625939629743474e-05,1.4625939629743474e-05,1.4625939629743474e-05,0.017302398257822628,0.03599043871603432,1.4625939629743474e-05,14.48565148655366,7.293007259172256,0.7722035428198563,1.0187274259578842,#1f77b4,A
13.678539800592361,488.71793161667506,1,0,1,0,0,0,0,0,0,0,0,0.4789964714878821,0.234227857376047,7.857469256334346e-05,7.857469256334346e-05,7.857469256334346e-05,7.857469256334346e-05,7.857469256334346e-05,0.09295338679999647,0.19335083618021534,7.857469256334346e-05,12.542591982930054,9.006826281397244,0.5022884884644037,0.9943122866982956,#ff7f0e,B
23.522039328486777,489.02290585126417,1,0,1,0,0,0,0,0,0,0,0,0.47028394907057736,0.23814475111374947,7.988866402980802e-05,7.988866402980802e-05,7.988866402980802e-05,7.988866402980802e-05,7.988866402980802e-05,0.09450780710991974,0.19658416072110435,7.988866402980802e-05,14.591335948617356,7.4222792271413915,2.5786059601644924,1.053112534382633,#ff7f0e,B
33.3434714493217,491.3968382164653,0,1,0,0,0,0,0,0,0,0,0,0.46791211655920906,0.23921105722645514,8.024636988052473e-05,8.024636988052473e-05,8.024636988052473e-05,8.024636988052473e-05,8.024636988052473e-05,0.09493097097117816,0.19746437702340655,8.024636988052473e-05,22.789268866057558,-0.9087289631849861,1.6164903876359484,1.0500822603247526,#1f77b4,A
43.505992262053425,483.29272656819796,0,1,0,0,0,0,0,0,0,0,0,0.4391855638777596,0.25212567011517084,8.457873985851705e-05,8.457873985851705e-05,8.457873985851705e-05,8.457873985851705e-05,8.457873985851705e-05,0.10005613849251917,0.20812515507496007,8.457873985851705e-05,8.985108452812607,12.47803276174724,0.04696086073331043,0.9994379869492528,#1f77b4,A
55.45818066622767,489.52486497208446,1,0,1,0,0,0,0,0,0,0,0,0.447647341634076,0.24832150379960236,8.330258422931819e-05,8.330258422931819e-05,8.330258422931819e-05,8.330258422931819e-05,8.330258422931819e-05,0.09854645408971628,0.2049848849707816,8.330258422931819e-05,16.58592354528159,5.041505736022962,4.9404196984863376,0.9503849042753196,#ff7f0e,B
72.77134163859796,486.0968505491934,1,0,1,0,0,0,0,0,0,0,0,0.43020883589799763,0.25616134290025905,8.593255725635734e-05,8.593255725635734e-05,8.593255725635734e-05,8.593255725635734e-05,8.593255725635734e-05,0.10165769629863554,0.21145652955913932,8.593255725635734e-05,11.853532290086497,10.287549238326404,4.182171346053278,0.9867206178668231,#ff7f0e,B
83.8781059940853,487.5048598470069,8,0,0,0,0,0,0,0,0,1,0,0.43030362992298393,0.256118726295669,8.591826097818935e-05,8.591826097818935e-05,8.591826097818935e-05,8.591826097818935e-05,8.591826097818935e-05,0.10164078388789612,0.2114213503271515,8.591826097818935e-05,15.305548402458896,6.358920974600991,4.750936361079982,0.9830681903573849,#bcbd22,i
91.43754912877199,489.15384755213154,1,0,1,0,0,0,0,0,0,0,0,0.4330331519405815,0.254891613504956,8.550661049668392e-05,8.550661049668392e-05,8.550661049668392e-05,8.550661049668392e-05,8.550661049668392e-05,0.10115380385417945,0.21040839103686998,8.550661049668392e-05,12.639272009561262,9.024719237945051,4.323023212292514,0.924598971565374,#ff7f0e,B
109.45722309277896,489.2810191886537,0,1,0,0,0,0,0,0,0,0,0,0.43207686507396187,0.2553215319441751,8.56508320660881e-05,8.56508320660881e-05,8.56508320660881e-05,8.56508320660881e-05,8.56508320660881e-05,0.10132441709984913,0.21076328088918525,8.56508320660881e-05,8.45599627489943,13.181569358431247,6.016270583075278,1.0122259547793544,#1f77b4,A
120.49903025384636,491.2165865494543,0,1,0,0,0,0,0,0,0,0,0,0.43829447268496896,0.2525262784976332,8.471312899925752e-05,8.471312899925752e-05,8.471312899925752e-05,8.471312899925752e-05,8.471312899925752e-05,0.10021512003445658,0.20845585000850736,8.471312899925752e-05,14.064674372631625,7.919704551705526,3.4245478914127814,0.9332434857438263,#1f77b4,A
136.619050997597,487.08696930413186,0,1,0,0,0,0,0,0,0,0,0,0.4313480510918044,0.25564918526728075,8.576074751089816e-05,8.576074751089816e-05,8.576074751089816e-05,8.576074751089816e-05,8.576074751089816e-05,0.10145444640729417,0.21103375274812383,8.576074751089816e-05,10.899174958125904,10.969739181393429,2.362213333259531,0.9242642460240295,#1f77b4,A
146.48046180117683,489.65778254400493,0,1,0,0,0,0,0,0,0,0,0,0.4420799410600455,0.2508244432928069,8.414222688918956e-05,8.414222688918956e-05,8.414222688918956e-05,8.414222688918956e-05,8.414222688918956e-05,0.09953974628585034,0.2070510159995201,8.414222688918956e-05,14.442720081488702,7.458635390297872,2.3167490466829994,1.0833019920412925,#1f77b4,A
160.6375381232415,493.04234001736586,0,1,0,0,0,0,0,0,0,0,0,0.4584855550251704,0.2434489619424771,8.16680285333619e-05,8.16680285333619e-05,8.16680285333619e-05,8.16680285333619e-05,8.16680285333619e-05,0.09661278457227118,0.20096269028842262,8.16680285333619e-05,12.471477207500486,10.012733507927733,2.0630192226634367,1.059691015780967,#1f77b4,A
169.21349423129985,489.4132812419188,8,0,0,0,0,0,0,0,0,1,0,0.45456638203756994,0.24521090680721738,8.225909518790704e-05,8.225909518790704e-05,8.225909518790704e-05,8.225909518790704e-05,8.225909518790704e-05,0.09731201285522274,0.20241714372840794,8.225909518790704e-05,13.186259941029016,9.143010201240378,1.6527244040276488,0.9110885048048463,#bcbd22,i
180.09105179374305,487.49950284470486,1,0,1,0,0,0,0,0,0,0,0,0.45788196395090713,0.24372031873052036,8.175905859457814e-05,8.175905859457814e-05,8.175905859457814e-05,8.175905859457814e-05,8.175905859457814e-05,0.09672047258497113,0.201186690381576,8.175905859457814e-05,13.783583814402181,8.145209678889497,1.0032397079857807,0.9687825076206621,#ff7f0e,B
190.2879969536076,486.4807500252592,1,0,1,0,0,0,0,0,0,0,0,0.4641796835153744,0.24088904930676844,8.080927351338625e-05,8.080927351338625e-05,8.080927351338625e-05,8.080927351338625e-05,8.080927351338625e-05,0.09559688256955085,0.19884952896676175,8.080927351338625e-05,13.967973182740552,7.799779664126041,3.6247594021779865,1.0221782848163807,#ff7f0e,B
201.31411841831166,485.4871074830274,7,0,0,0,0,0,0,0,1,0,0,0.4725031992950035,0.2371470415079544,7.955396974356448e-05,7.955396974356448e-05,7.955396974356448e-05,7.955396974356448e-05,7.955396974356448e-05,0.09411186579046925,0.19576056958763893,7.955396974356448e-05,14.210833396020837,7.891227106653546,1.661013319916375,0.9319583937253195,#7f7f7f,h
214.3022629293183,489.8915638350037,8,0,0,0,0,0,0,0,0,1,0,0.4976244916535951,0.22585324758589534,7.57653239554811e-05,7.57653239554811e-05,7.57653239554811e-05,7.57653239554811e-05,7.57653239554811e-05,0.08962992070231011,0.18643774811396882,7.57653239554811e-05,12.867778253788932,9.35520100417431,1.3923434837622979,0.8792386646963946,#bcbd22,i
227.21162917619318,491.7523773071981,0,1,0,0,0,0,0,0,0,0,0,0.5175577265613188,0.2168918516499561,7.2759110525136e-05,7.2759110525136e-05,7.2759110525136e-05,7.2759110525136e-05,7.2759110525136e-05,0.08607358836834728,0.17904027875670941,7.2759110525136e-05,10.357855994913214,11.636940663280557,5.002373506165273,1.0334761196263698,#1f77b4,A
240.87228428452434,487.42666360082654,0,1,0,0,0,0,0,0,0,0,0,0.525069562464901,0.2135147512420478,7.162621954760851e-05,7.162621954760851e-05,7.162621954760851e-05,7.162621954760851e-05,7.162621954760851e-05,0.08473338518331473,0.17625254379192554,7.162621954760851e-05,17.44350868060595,4.299973884794549,3.635977962091402,1.002734111241467,#1f77b4,A
251.07103429677358,488.02031543824296,8,0,0,0,0,0,0,0,0,1,0,0.5407180618115078,0.20647964634826593,6.926620477237062e-05,6.926620477237062e-05,6.926620477237062e-05,6.926620477237062e-05,6.926620477237062e-05,0.0819415019560333,0.1704451926550178,6.926620477237062e-05,10.374084832612372,11.53426707885021,5.193377052387356,1.0726468232071749,#bcbd22,i
265.2920497287848,488.64251128379004,1,0,1,0,0,0,0,0,0,0,0,0.5630741794110596,0.19642899364049216,6.589458640288533e-05,6.589458640288533e-05,6.589458640288533e-05,6.589458640288533e-05,6.589458640288533e-05,0.0779528977857009,0.16214856164376673,6.589458640288533e-05,16.379702960794972,6.1919307662950684,2.165566320885827,0.9245338174108513,#ff7f0e,B
273.4004956321095,488.74425990566493,8,0,0,0,0,0,0,0,0,1,0,0.5757237327747685,0.1907421266251909,6.398685504940021e-05,6.398685504940021e-05,6.398685504940021e-05,6.398685504940021e-05,6.398685504940021e-05,0.07569606311507174,0.15745415635409674,6.398685504940021e-05,17.110598986372512,5.288529418937574,5.5328720702761744,1.0155141336282487,#bcbd22,i
289.44823089228584,492.8191788724281,0,1,0,0,0,0,0,0,0,0,0,0.6095116316281107,0.1755520814132647,5.889116256464951e-05,5.889116256464951e-05,5.889116256464951e-05,5.889116256464951e-05,5.889116256464951e-05,0.06966788967784163,0.14491505030478544,5.889116256464951e-05,11.679910391445302,10.649246890854153,4.56233094970685,1.0767813597293594,#1f77b4,A
299.3966055818567,484.4757163128295,1,0,1,0,0,0,0,0,0,0,0,0.6089513964265383,0.17580394667656904,5.897565394775487e-05,5.897565394775487e-05,5.897565394775487e-05,5.897565394775487e-05,5.897565394775487e-05,0.06976784247382278,0.1451229604987743,5.897565394775487e-05,13.685984182691287,8.185754895067005,5.929172553915243,0.9504116543728959,#ff7f0e,B
315.7849800389448,488.6855657013779,0,1,0,0,0,0,0,0,0,0,0,0.644459882392162,0.15984037612232857,5.362047261892228e-05,5.362047261892228e-05,5.362047261892228e-05,5.362047261892228e-05,5.362047261892228e-05,0.06343269530106342,0.13194532334808795,5.362047261892228e-05,11.42671839791091,10.971064984489082,3.219395014807521,0.9506890208037133,#1f77b4,A
321.2673779773391,486.5504566888542,0,1,0,0,0,0,0,0,0,0,0,0.6497688481365355,0.15745362132483032,5.2819805582394565e-05,5.2819805582394565e-05,5.2819805582394565e-05,5.2819805582394565e-05,5.2819805582394565e-05,0.06248551103197617,0.12997510067251386,5.2819805582394565e-05,7.505412618265848,14.65934724780243,0.8957580129013517,1.058364662919431,#1f77b4,A
334.9893375288301,487.16425822734226,7,0,0,0,0,0,0,0,1,0,0,0.6740155474055441,0.14655301872344106,4.9163060788011564e-05,4.9163060788011564e-05,4.9163060788011564e-05,4.9163060788011564e-05,4.9163060788011564e-05,0.058159604022831476,0.12097685148278116,4.9163060788011564e-05,7.813042501927553,14.280746617925457,1.5699896103570674,0.9564348285778461,#7f7f7f,h
349.1978718407668,490.44749432547457,8,0,0,0,0,0,0,0,0,1,0,0.7029955309466157,0.13352447077671933,4.4792469856050416e-05,4.4792469856050416e-05,4.4792469856050416e-05,4.4792469856050416e-05,4.4792469856050416e-05,0.05298922134375664,0.11022202211306892,4.4792469856050416e-05,11.949079946123035,10.601261570527374,3.8905818212607897,0.9576875957436188,#bcbd22,i
356.5542789852168,488.1723032711548,7,0,0,0,0,0,0,0,1,0,0,0.711530900418224,0.12968721979118197,4.3505215556520514e-05,4.3505215556520514e-05,4.3505215556520514e-05,4.3505215556520514e-05,4.3505215556520514e-05,0.05146640728097558,0.10705444121556772,4.3505215556520514e-05,15.973150051657191,6.318990901523124,0.9476785519818115,0.988696182213029,#7f7f7f,h
373.4939546262591,487.5815215531847,0,1,0,0,0,0,0,0,0,0,0,0.7380683446509173,0.11775676565275585,3.950299405917375e-05,3.950299405917375e-05,3.950299405917375e-05,3.950299405917375e-05,3.950299405917375e-05,0.04673180341851396,0.09720606831271975,3.950299405917375e-05,11.005670947038148,10.490316904425622,3.322429280688014,0.9040258371033496,#1f77b4,A
381.5794964660969,485.7301916418977,0,1,0,0,0,0,0,0,0,0,0,0.7483866198982846,0.11311797268735355,3.7946852380704206e-05,3.7946852380704206e-05,3.7946852380704206e-05,3.7946852380704206e-05,3.7946852380704206e-05,0.04489089721022348,0.0933768290891057,3.7946852380704206e-05,15.201602718171587,6.374459494141403,5.430786655470629,1.0394795438728648,#1f77b4,A
396.39660468949177,487.942266132007,0,1,0,0,0,0,0,0,0,0,0,0.773857924060681,0.10166682375640268,3.4105419867824366e-05,3.4105419867824366e-05,3.4105419867824366e-05,3.4105419867824366e-05,3.4105419867824366e-05,0.040346505745402376,0.08392411391753302,3.4105419867824366e-05,15.201818364526527,7.0354010205637465,1.5544077706315818,0.9905026617532338,#1f77b4,A
404.164934110954,492.5448728439546,0,1,0,0,0,0,0,0,0,0,0,0.7904336002784677,0.09421488742087285,3.160557372174531e-05,3.160557372174531e-05,3.160557372174531e-05,3.160557372174531e-05,3.160557372174531e-05,0.03738920285083945,0.07777267600669904,3.160557372174531e-05,13.380186740105096,8.641887984522757,1.8890704239244327,1.0514389335302148,#1f77b4,A
423.9390835488387,491.0929033331314,0,1,0,0,0,0,0,0,0,0,0,0.8159115204293481,0.0827607641361562,2.7763143424334903e-05,2.7763143424334903e-05,2.7763143424334903e-05,2.7763143424334903e-05,2.7763143424334903e-05,0.03284363101294418,0.06831750556018956,2.7763143424334903e-05,18.754894254286324,3.642307929926544,1.506837329600717,0.9483571303234359,#1f77b4,A
435.1278281702448,490.06791349288744,0,1,0,0,0,0,0,0,0,0,0,0.8293426927775711,0.07672250422232613,2.573753288568307e-05,2.573753288568307e-05,2.573753288568307e-05,2.573753288568307e-05,2.573753288568307e-05,0.030447345978119968,0.06333303182383922,2.573753288568307e-05,7.514746396200369,14.241281583716429,3.3235127070502255,0.9291944705267718,#1f77b4,A
439.6109948766186,484.96117793748516,0,1,0,0,0,0,0,0,0,0,0,0.8305073715028582,0.076198898934786,2.5561882879941208e-05,2.5561882879941208e-05,2.5561882879941208e-05,2.5561882879941208e-05,2.5561882879941208e-05,0.030239553082055087,0.06290080518219032,2.5561882879941208e-05,12.893540561986054,8.770837807298268,1.8865298455581012,0.9246650184264197,#1f77b4,A
455.0645018451558,489.3745543605201,0,1,0,0,0,0,0,0,0,0,0,0.8526336435886636,0.06625157800744413,2.2224928461065466e-05,2.2224928461065466e-05,2.2224928461065466e-05,2.2224928461065466e-05,2.2224928461065466e-05,0.02629195615596262,0.05468947267631056,2.2224928461065466e-05,11.071969771242093,10.601878596426017,6.114382428661483,0.9781776618722537,#1f77b4,A
469.3200048944292,483.24285003617047,0,1,0,0,0,0,0,0,0,0,0,0.864078225721069,0.06110643060489585,2.0498923792460845e-05,2.0498923792460845e-05,2.0498923792460845e-05,2.0498923792460845e-05,2.0498923792460845e-05,0.024250103056123025,0.05044224707429338,2.0498923792460845e-05,12.944861190074548,9.534361594799346,5.562618501732606,1.053012389472809,#1f77b4,A
472.8011204183433,492.267621828547,0,1,0,0,0,0,0,0,0,0,0,0.8737017426857918,0.056779980522089865,1.904756147819371e-05,1.904756147819371e-05,1.904756147819371e-05,1.904756147819371e-05,1.904756147819371e-05,0.022533150202934914,0.04687084121944033,1.904756147819371e-05,12.022608234138557,9.641669793372563,5.097331632752623,0.9050604981240302,#1f77b4,A
491.14350568303746,487.9573356100434,0,1,0,0,0,0,0,0,0,0,0,0.8888311948448524,0.04997822397234609,1.6765826351663532e-05,1.6765826351663532e-05,1.6765826351663532e-05,1.6765826351663532e-05,1.6765826351663532e-05,0.019833871327354,0.04125611489644872,1.6765826351663532e-05,13.487648152914629,8.528931784393349,3.268647100063657,1.1366421941476115,#1f77b4,A
502.2174985319417,486.838659507792,0,1,0,0,0,0,0,0,0,0,0,0.8981098501055474,0.045806813565099164,1.5366474054388587e-05,1.5366474054388587e-05,1.5366474054388587e-05,1.5366474054388587e-05,1.5366474054388587e-05,0.01817844601018587,0.037812691473942846,1.5366474054388587e-05,16.267922842248964,5.223662135696738,4.216298611917604,1.0033970544644164,#1f77b4,A
518.6699614662449,489.9690830725565,0,1,0,0,0,0,0,0,0,0,0,0.9128245051809167,0.039191537579962014,1.3147296188114106e-05,1.3147296188114106e-05,1.3147296188114106e-05,1.3147296188114106e-05,1.3147296188114106e-05,0.015553171995712201,0.032351901465367344,1.3147296188114106e-05,11.542949272653813,10.295189091584815,3.076678435077703,0.8885767065704692,#1f77b4,A
11.575841509717431,496.2006198727657,1,0,1,0,0,0,0,0,0,0,0,0.5000031994923735,0.224783850528273,7.540658120825992e-05,7.540658120825992e-05,7.540658120825992e-05,7.540658120825992e-05,7.540658120825992e-05,0.08920553019874865,0.1855549802928553,7.540658120825992e-05,12.481084116458632,9.80559417239565,1.9004994984368981,1.0699239802816352,#ff7f0e,B
18.673013837406792,500.420311947299,7,0,0,0,0,0,0,0,1,0,0,0.5038806531801575,0.22304066143325874,7.482180641351544e-05,7.482180641351544e-05,7.482180641351544e-05,7.482180641351544e-05,7.482180641351544e-05,0.08851374514794551,0.1841160093996531,7.482180641351544e-05,13.37857516152586,8.763777698842896,5.90844468417956,1.0195200436945426,#7f7f7f,h
32.36168129519699,498.9285250757495,0,1,0,0,0,0,0,0,0,0,0,0.4882249734251776,0.2300789944273821,7.718290409577694e-05,7.718290409577694e-05,7.718290409577694e-05,7.718290409577694e-05,7.718290409577694e-05,0.09130690944769645,0.18992602527468083,7.718290409577694e-05,15.816858870964255,6.040881747875967,4.283648405718806,1.0200742553006692,#1f77b4,A
48.47948647832315,498.17301253487057,1,0,1,0,0,0,0,0,0,0,0,0.4746656199102535,0.23617488082239588,7.922784616524343e-05,7.922784616524343e-05,7.922784616524343e-05,7.922784616524343e-05,7.922784616524343e-05,0.09372606356673377,0.1949580686231508,7.922784616524343e-05,16.88650950249927,4.781552877082127,1.6512293000986897,1.0003420264278002,#ff7f0e,B
54.06081885755018,498.39590512656025,1,0,1,0,0,0,0,0,0,0,0,0.4718645922342604,0.23743414045327352,7.965028071022923e-05,7.965028071022923e-05,7.965028071022923e-05,7.965028071022923e-05,7.965028071022923e-05,0.09422580108242416,0.1959975645453087,7.965028071022923e-05,21.073559167498576,1.177223660301847,2.9740810446153585,1.106508279155723,#ff7f0e,B
68.07074250596172,498.6805010403275,8,0,0,0,0,0,0,0,0,1,0,0.4655756947643534,0.240261443722876,8.059873529492737e-05,8.059873529492737e-05,8.059873529492737e-05,8.059873529492737e-05,8.059873529492737e-05,0.09534781712852718,0.19833145197200805,8.059873529492737e-05,11.19926389978198,10.241334052416141,3.8654219235445746,0.9985811844401656,#bcbd22,i
77.25765064026044,500.32187736989016,8,0,0,0,0,0,0,0,0,1,0,0.466517352332056,0.23983810218602464,8.0456720030475e-05,8.0456720030475e-05,8.0456720030475e-05,8.0456720030475e-05,8.0456720030475e-05,0.0951798139282918,0.19798199123297816,8.0456720030475e-05,14.55328107406467,7.323922120679989,4.712839703036738,1.0802302716419778,#bcbd22,i
92.79293108081531,495.9115995002367,7,0,0,0,0,0,0,0,1,0,0,0.45090246784053273,0.2468580948299822,8.28116652106733e-05,8.28116652106733e-05,8.28116652106733e-05,8.28116652106733e-05,8.28116652106733e-05,0.09796569985525605,0.20377686748251414,8.28116652106733e-05,14.072329801839015,7.650815628986521,4.73706691790839,0.9454554573676016,#7f7f7f,h
100.56149033374055,492.3212074803787,7,0,0,0,0,0,0,0,1,0,0,0.44038126368434943,0.25158811866218384,8.439841143546519e-05,8.439841143546519e-05,8.439841143546519e-05,8.439841143546519e-05,8.439841143546519e-05,0.09984281105702894,0.20768141612738453,8.439841143546519e-05,12.199298542830515,9.367580519619516,4.006559354340779,0.9346485559688387,#7f7f7f,h
116.55898719645249,501.33746700929856,8,0,0,0,0,0,0,0,0,1,0,0.4649969989137536,0.24052160835083128,8.068601080470852e-05,8.068601080470852e-05,8.068601080470852e-05,8.068601080470852e-05,8.068601080470852e-05,0.09545106352955272,0.19854621314056928,8.068601080470852e-05,12.71194742945901,9.047235643953552,6.0725461286152935,1.0265941848594748,#bcbd22,i
121.82297747473531,504.30980025526134,0,1,0,0,0,0,0,0,0,0,0,0.4737630875077464,0.23658063283612182,7.936396080204466e-05,7.936396080204466e-05,7.936396080204466e-05,7.936396080204466e-05,7.936396080204466e-05,0.0938870863600909,0.19529300953075496,7.936396080204466e-05,13.199809135139336,8.704989626756028,1.5102962230929673,1.042286147698924,#1f77b4,A
139.79936859744552,494.1658527184174,0,1,0,0,0,0,0,0,0,0,0,0.45130188143812744,0.24667853022810932,8.275142799745075e-05,8.275142799745075e-05,8.275142799745075e-05,8.275142799745075e-05,8.275142799745075e-05,0.09789443959577855,0.20362864016954876,8.275142799745075e-05,13.822509531046009,8.54510983512925,0.13516611606130033,0.9164836533422595,#1f77b4,A
144.6837736099915,499.1923197154858,8,0,0,0,0,0,0,0,0,1,0,0.4666672412351125,0.23977071654526386,8.04341146663425e-05,8.04341146663425e-05,8.04341146663425e-05,8.04341146663425e-05,8.04341146663425e-05,0.09515307191903392,0.19792636561212504,8.04341146663425e-05,12.09740867378946,9.812855158200136,2.060763919598336,1.076510157626542,#bcbd22,i
156.13825153690942,499.5795630892285,0,1,0,0,0,0,0,0,0,0,0,0.4732082991369794,0.23683004936455343,7.94476307261147e-05,7.94476307261147e-05,7.94476307261147e-05,7.94476307261147e-05,7.94476307261147e-05,0.09398606737499379,0.19549889833864342,7.94476307261147e-05,14.900493116939131,7.160980491472589,0.9725228531677458,1.0513018208907263,#1f77b4,A
175.1104988112849,502.18834882497436,8,0,0,0,0,0,0,0,0,1,0,0.49218883806775154,0.22829695750949025,7.658509730828168e-05,7.658509730828168e-05,7.658509730828168e-05,7.658509730828168e-05,7.658509730828168e-05,0.09059970762816762,0.18845498621024867,7.658509730828168e-05,11.778102699857033,10.686767013929515,0.5955911991886642,1.003205524615087,#bcbd22,i
185.43288726456151,500.65436717111754,0,1,0,0,0,0,0,0,0,0,0,0.49628653657556465,0.2264547528234664,7.596710648317384e-05,7.596710648317384e-05,7.596710648317384e-05,7.596710648317384e-05,7.596710648317384e-05,0.08986862821403192,0.18693427974754143,7.596710648317384e-05,14.95452286544132,7.251573438823468,2.8330671778714316,0.9543397139419854,#1f77b4,A
192.1394205421249,497.099243656226,0,1,0,0,0,0,0,0,0,0,0,0.4929950733218297,0.22793449786042916,7.646350564189899e-05,7.646350564189899e-05,7.646350564189899e-05,7.646350564189899e-05,7.646350564189899e-05,0.09045586542111335,0.1881557823622835,7.646350564189899e-05,17.59482337216398,4.382629837233899,0.29093641475279586,0.9419251475178628,#1f77b4,A
210.30483457746394,497.2331500917591,8,0,0,0,0,0,0,0,0,1,0,0.5114196974793501,0.21965132893121347,7.368481202554386e-05,7.368481202554386e-05,7.368481202554386e-05,7.368481202554386e-05,7.368481202554386e-05,0.08716868765313776,0.1813181770636338,7.368481202554386e-05,12.64537703788012,8.978412143587068,1.49377277995622,0.9472240099778875,#bcbd22,i
220.16588991840405,500.5653551139848,0,1,0,0,0,0,0,0,0,0,0,0.5306306679943672,0.21101464181566576,7.078752626939046e-05,7.078752626939046e-05,7.078752626939046e-05,7.078752626939046e-05,7.078752626939046e-05,0.08374121609994346,0.17418874893187639,7.078752626939046e-05,16.725598490210334,5.580715315070951,1.0585465216245102,1.1073504835181223,#1f77b4,A
236.15908670227068,503.4547720217879,0,1,0,0,0,0,0,0,0,0,0,0.5567799361549874,0.1992587002182702,6.684384720765972e-05,6.684384720765972e-05,6.684384720765972e-05,6.684384720765972e-05,6.684384720765972e-05,0.07907586758528541,0.1644844329576542,6.684384720765972e-05,13.627852498765316,8.224706182324978,4.584235532499371,0.8945912605317737,#1f77b4,A
245.70929040032988,497.7921097080019,0,1,0,0,0,0,0,0,0,0,0,0.5558422891683888,0.19968023871585713,6.698525761982236e-05,6.698525761982236e-05,6.698525761982236e-05,6.698525761982236e-05,6.698525761982236e-05,0.07924315524891451,0.1648324053205646,6.698525761982236e-05,15.363522329517021,7.125689012719775,3.5947992928871986,1.005113000660279,#1f77b4,A
262.060134325664,497.6725459638633,1,0,1,0,0,0,0,0,0,0,0,0.5783430248306689,0.1895645699820547,6.359182880338963e-05,6.359182880338963e-05,6.359182880338963e-05,6.359182880338963e-05,6.359182880338963e-05,0.07522874945155385,0.1564821047623238,6.359182880338963e-05,14.312039965745146,7.421414457003461,5.312996709216512,0.9364126292283453,#ff7f0e,B
264.10625338339713,504.8634997302942,7,0,0,0,0,0,0,0,1,0,0,0.5972102782395965,0.18108240796450947,6.074638044268904e-05,6.074638044268904e-05,6.074638044268904e-05,6.074638044268904e-05,6.074638044268904e-05,0.07186260122414088,0.14948023428849966,6.074638044268904e-05,12.761182131113012,9.455039700820455,4.270292709896983,1.060376489714068,#7f7f7f,h
281.5423365657128,494.1677568313693,0,1,0,0,0,0,0,0,0,0,0,0.5999087350326319,0.17986926118475402,6.033941503592085e-05,6.033941503592085e-05,6.033941503592085e-05,6.033941503592085e-05,6.033941503592085e-05,0.07138116360554568,0.14847880368625294,6.033941503592085e-05,15.395866141222815,6.720794368189004,1.9766255203599283,1.0416235173821216,#1f77b4,A
292.77907567462523,501.11224185848505,8,0,0,0,0,0,0,0,0,1,0,0.6315488857732529,0.16564478033294602,5.5567633308824414e-05,5.5567633308824414e-05,5.5567633308824414e-05,5.5567633308824414e-05,5.5567633308824414e-05,0.06573617463856525,0.13673675345475134,5.5567633308824414e-05,6.5706972281497915,14.962921892907719,0.7779766502076433,1.0264630313491914,#bcbd22,i
308.8429089585063,497.58805574832166,0,1,0,0,0,0,0,0,0,0,0,0.6498078895680733,0.1574360694458936,5.2813917582961785e-05,5.2813917582961785e-05,5.2813917582961785e-05,5.2813917582961785e-05,5.2813917582961785e-05,0.06247854556420412,0.12996061191568123,5.2813917582961785e-05,13.018262048597226,8.940207012995536,5.523535471923459,1.0667159631728074,#1f77b4,A
319.23762616080876,496.69642506048245,0,1,0,0,0,0,0,0,0,0,0,0.6648009557824626,0.15069562800410666,5.0552751383676944e-05,5.0552751383676944e-05,5.0552751383676944e-05,5.0552751383676944e-05,5.0552751383676944e-05,0.059803599605341325,0.12439650009912255,5.0552751383676944e-05,10.443884649471862,11.96185705784005,2.786007157108817,1.0236896390945762,#1f77b4,A
328.8442498540964,495.78065479593744,0,1,0,0,0,0,0,0,0,0,0,0.6786712498447226,0.1444599518875493,4.846091508686768e-05,4.846091508686768e-05,4.846091508686768e-05,4.846091508686768e-05,4.846091508686768e-05,0.05732896989854568,0.11924906287798243,4.846091508686768e-05,14.246390630432622,7.250571491908372,3.9349760058474983,1.1335254898685125,#1f77b4,A
343.04352542000805,497.5029597403376,1,0,1,0,0,0,0,0,0,0,0,0.704328173530787,0.13292535388008225,4.459148852748371e-05,4.459148852748371e-05,4.459148852748371e-05,4.459148852748371e-05,4.459148852748371e-05,0.052751461645762616,0.1097274620114987,4.459148852748371e-05,16.39747940102859,5.313935571270319,3.7582661702412987,1.0475760303162183,#ff7f0e,B
353.5190936283677,498.4085045308377,8,0,0,0,0,0,0,0,0,1,0,0.7222491098091771,0.12486862820174481,4.188875815913898e-05,4.188875815913898e-05,4.188875815913898e-05,4.188875815913898e-05,4.188875815913898e-05,0.04955414794145107,0.10307678149794991,4.188875815913898e-05,16.387839465254775,6.031974788139236,0.4390114791733763,0.9782222887011635,#bcbd22,i
368.5954348322709,502.2164428811305,1,0,1,0,0,0,0,0,0,0,0,0.7507848700146612,0.11203978999669878,3.758516238193813e-05,3.758516238193813e-05,3.758516238193813e-05,3.758516238193813e-05,3.758516238193813e-05,0.04446302012588251,0.09248680888771504,3.758516238193813e-05,18.237487341720037,3.5719185950849086,2.4693382924886227,1.0379267357512476,#ff7f0e,B
375.33059716201944,499.87200597365876,0,1,0,0,0,0,0,0,0,0,0,0.7575816083134956,0.10898417643217806,3.6560118225729474e-05,3.6560118225729474e-05,3.6560118225729474e-05,3.6560118225729474e-05,3.6560118225729474e-05,0.043250399079197165,0.08996445546501705,3.6560118225729474e-05,12.208245653417277,9.666775577469386,2.2334495800322522,1.0483800609069251,#1f77b4,A
389.09516913945106,500.34683782459024,1,0,1,0,0,0,0,0,0,0,0,0.77819357507167,0.0997176426260246,3.345154244356975e-05,3.345154244356975e-05,3.345154244356975e-05,3.345154244356975e-05,3.345154244356975e-05,0.03957297270119063,0.08231510034567494,3.345154244356975e-05,13.094397760252681,8.763431357581075,0.45340672778369734,1.0336589316071945,#ff7f0e,B
406.88118794678434,494.1272867980854,0,1,0,0,0,0,0,0,0,0,0,0.7959866440566555,0.09171840232067142,3.0768096269512274e-05,3.0768096269512274e-05,3.0768096269512274e-05,3.0768096269512274e-05,3.0768096269512274e-05,0.036398472082266146,0.0757118729619936,3.0768096269512274e-05,11.922532691883669,10.03906550383544,6.011236061846549,0.9275484670509838,#1f77b4,A
415.2311679544286,500.857744548018,0,1,0,0,0,0,0,0,0,0,0,0.8142796249807072,0.08349441631599695,2.8009256312550705e-05,2.8009256312550705e-05,2.8009256312550705e-05,2.8009256312550705e-05,2.8009256312550705e-05,0.03313478107345944,0.06892312209114689,2.8009256312550705e-05,13.955601634147252,8.042157406932352,0.540556852034224,0.9201147676299509,#1f77b4,A
423.19135351274633,494.7144763498881,0,1,0,0,0,0,0,0,0,0,0,0.8184505904175023,0.0816192729743733,2.7380215799475734e-05,2.7380215799475734e-05,2.7380215799475734e-05,2.7380215799475734e-05,2.7380215799475734e-05,0.03239062994518632,0.06737522536732289,2.7380215799475734e-05,11.845429759662535,9.719335987325541,4.625120226582459,1.0387749792682148,#1f77b4,A
441.8737795060134,500.5099711037341,0,1,0,0,0,0,0,0,0,0,0,0.8464253397939879,0.06904264873190173,2.316122838095377e-05,2.316122838095377e-05,2.316122838095377e-05,2.316122838095377e-05,2.316122838095377e-05,0.027399593306995984,0.05699345079598226,2.316122838095377e-05,14.428777574786881,7.308783695174611,5.159847379709123,1.0491049970537347,#1f77b4,A
450.55429063978517,497.3012075887801,0,1,0,0,0,0,0,0,0,0,0,0.8536472372365863,0.06579589612543962,2.2072064219440673e-05,2.2072064219440673e-05,2.2072064219440673e-05,2.2072064219440673e-05,2.2072064219440673e-05,0.026111118681247932,0.054313315570555645,2.2072064219440673e-05,15.868398333552031,6.091370894787387,5.029052775420851,0.9740042551402581,#1f77b4,A
460.72232822796207,503.82401951854166,0,1,0,0,0,0,0,0,0,0,0,0.8693037213771618,0.058757201503219225,1.971084522446733e-05,1.971084522446733e-05,1.971084522446733e-05,1.971084522446733e-05,1.971084522446733e-05,0.02331781086929159,0.048503001178111085,1.971084522446733e-05,16.183900735494746,6.044057184191801,3.5930279507053253,0.9679445473014744,#1f77b4,A
475.83682898519595,502.88797366791033,8,0,0,0,0,0,0,0,0,1,0,0.8833944110690947,0.05242244199607371,1.758577015306988e-05,1.758577015306988e-05,1.758577015306988e-05,1.758577015306988e-05,1.758577015306988e-05,0.020803859892882807,0.04327377242014692,1.758577015306988e-05,14.176613843430394,8.164925251101705,0.5623540925294969,1.1148757456063068,#bcbd22,i
483.4849076361994,501.1462595036371,0,1,0,0,0,0,0,0,0,0,0,0.8893498264583517,0.04974506245817244,1.668760937739311e-05,1.668760937739311e-05,1.668760937739311e-05,1.668760937739311e-05,1.668760937739311e-05,0.01974134111913432,0.04106364430718768,1.668760937739311e-05,12.936106460841051,8.827842062338005,1.7060959407957563,0.9366582837805077,#1f77b4,A
497.90841628969406,498.42551222731083,0,1,0,0,0,0,0,0,0,0,0,0.9003332498849766,0.04480723844146359,1.5031153956627822e-05,1.5031153956627822e-05,1.5031153956627822e-05,1.5031153956627822e-05,1.5031153956627822e-05,0.017781764359489728,0.036987560389429734,1.5031153956627822e-05,14.483842052166468,7.141492811227528,5.470597826233959,1.0430566403170416,#1f77b4,A
509.64219809766774,498.5124928207323,0,1,0,0,0,0,0,0,0,0,0,0.9097426176849559,0.04057706352239826,1.3612088361790876e-05,1.3612088361790876e-05,1.3612088361790876e-05,1.3612088361790876e-05,1.3612088361790876e-05,0.016103018330351805,0.03349562793121353,1.3612088361790876e-05,19.14032782108897,2.860820684658368,1.8555637336823083,0.8654800984347404,#1f77b4,A
10.984251224911237,508.04217337585305,0,1,0,0,0,0,0,0,0,0,0,0.5305575963359942,0.21104749268334522,7.079854650779117e-05,7.079854650779117e-05,7.079854650779117e-05,7.079854650779117e-05,7.079854650779117e-05,0.0837542529754216,0.17421586672566158,7.079854650779117e-05,12.755765209770614,9.097149926335407,5.508122151706615,1.0644075381444935,#1f77b4,A
18.906130607902114,509.4716673767185,0,1,0,0,0,0,0,0,0,0,0,0.5268427440045315,0.2127175809926385,7.135879872085594e-05,7.135879872085594e-05,7.135879872085594e-05,7.135879872085594e-05,7.135879872085594e-05,0.08441702796018635,0.17559449424979176,7.135879872085594e-05,15.905214072671905,5.900371264481239,1.8566692262894324,1.0939655949525766,#1f77b4,A
34.80663807079417,509.49708227114195,0,1,0,0,0,0,0,0,0,0,0,0.513892738077154,0.21853952264060567,7.331184256557806e-05,7.331184256557806e-05,7.331184256557806e-05,7.331184256557806e-05,7.331184256557806e-05,0.08672746703431265,0.18040040119202036,7.331184256557806e-05,16.9228252250161,4.927316273351796,4.838341841226219,0.9819064695677497,#1f77b4,A
48.23687741713841,510.60079064357745,1,0,1,0,0,0,0,0,0,0,0,0.5076902879436093,0.22132796173124597,7.424725967067031e-05,7.424725967067031e-05,7.424725967067031e-05,7.424725967067031e-05,7.424725967067031e-05,0.08783405982077352,0.18270220694583947,7.424725967067031e-05,12.273629280558218,9.504686021745993,3.2485257018728695,1.0200585107332127,#ff7f0e,B
62.51536081824923,508.4115465540546,1,0,1,0,0,0,0,0,0,0,0,0.4941232164712464,0.22742731789284518,7.629336571715384e-05,7.629336571715384e-05,7.629336571715384e-05,7.629336571715384e-05,7.629336571715384e-05,0.0902545909175928,0.18773711452351835,7.629336571715384e-05,11.877656702266636,9.55801328163424,2.951547649925762,1.0109476327750495,#ff7f0e,B
72.31892167328641,508.0475769265932,1,0,1,0,0,0,0,0,0,0,0,0.4890268569482282,0.2297184911885538,7.706196873191229e-05,7.706196873191229e-05,7.706196873191229e-05,7.706196873191229e-05,7.706196873191229e-05,0.09116384364255756,0.18962843640778007,7.706196873191229e-05,12.063365162639439,10.353954754473758,0.8760641680087777,0.9957385461296511,#ff7f0e,B
86.50602081515689,506.61704904548225,0,1,0,0,0,0,0,0,0,0,0,0.4809865613197124,0.23333317154037225,7.827455890176091e-05,7.827455890176091e-05,7.827455890176091e-05,7.827455890176091e-05,7.827455890176091e-05,0.09259833049081274,0.19261228929521104,7.827455890176091e-05,10.45218575119227,12.196567471771628,1.3577842124185002,1.0198505463621974,#1f77b4,A
98.46073735994709,511.9154117306053,8,0,0,0,0,0,0,0,0,1,0,0.49353029856711556,0.22769387633762453,7.638278611352904e-05,7.638278611352904e-05,7.638278611352904e-05,7.638278611352904e-05,7.638278611352904e-05,0.09036037470650654,0.18795715367157856,7.638278611352904e-05,14.317427618475136,7.550777899431743,3.380306565602204,0.9970325306497793,#bcbd22,i
109.7331941612892,504.5132925274174,1,0,1,0,0,0,0,0,0,0,0,0.47311267502749055,0.23687303915071303,7.94620521927528e-05,7.94620521927528e-05,7.94620521927528e-05,7.94620521927528e-05,7.94620521927528e-05,0.09400312788293726,0.1955343856252296,7.94620521927528e-05,13.003476549689887,8.77572665542443,1.2653407495583393,0.9775576502723005,#ff7f0e,B
118.14169967842827,509.1214750486291,1,0,1,0,0,0,0,0,0,0,0,0.4862777878405106,0.23095439177586738,7.747656719075877e-05,7.747656719075877e-05,7.747656719075877e-05,7.747656719075877e-05,7.747656719075877e-05,0.09165431111566628,0.19064864986432484,7.747656719075877e-05,8.304666423330106,13.713567213177145,3.2307381116547864,0.855576423311268,#ff7f0e,B
128.88383921467374,509.5257445358312,0,1,0,0,0,0,0,0,0,0,0,0.4893148524082505,0.22958901690317252,7.70185349478925e-05,7.70185349478925e-05,7.70185349478925e-05,7.70185349478925e-05,7.70185349478925e-05,0.09111246173835316,0.18952155774004706,7.70185349478925e-05,16.58130077509618,6.014134909927921,5.3538592653663875,0.9509057384815404,#1f77b4,A
144.2841225381616,510.4331676971792,1,0,1,0,0,0,0,0,0,0,0,0.4966752867077125,0.22627998220191645,7.59084774711885e-05,7.59084774711885e-05,7.59084774711885e-05,7.59084774711885e-05,7.59084774711885e-05,0.08979927044690635,0.1867900097781408,7.59084774711885e-05,14.914642976637056,6.91817954739204,4.359709281603671,0.8238659822502774,#ff7f0e,B
155.47561755053775,511.8740737673312,0,1,0,0,0,0,0,0,0,0,0,0.5056357348951506,0.22225162833247067,7.455711529602301e-05,7.455711529602301e-05,7.455711529602301e-05,7.455711529602301e-05,7.455711529602301e-05,0.08820061715438751,0.18346467692570956,7.455711529602301e-05,7.062293030906252,14.827840040675593,2.4979236232572806,0.98242312405264,#1f77b4,A
170.79455667557704,510.81833234547935,1,0,1,0,0,0,0,0,0,0,0,0.5118550970447004,0.21945558609702215,7.361914761999299e-05,7.361914761999299e-05,7.361914761999299e-05,7.361914761999299e-05,7.361914761999299e-05,0.08709100705790991,0.18115659491413558,7.361914761999299e-05,20.35460013205477,2.13956482897729,6.260547982913958,1.1177129110769362,#ff7f0e,B
180.31209637256242,510.2157642322934,0,1,0,0,0,0,0,0,0,0,0,0.5170545119351134,0.2171180821402432,7.283500239991945e-05,7.283500239991945e-05,7.283500239991945e-05,7.283500239991945e-05,7.283500239991945e-05,0.08616336799791476,0.179227027911812,7.283500239991945e-05,13.168074076609212,8.604737253854946,3.093247704886636,0.9227431373473982,#1f77b4,A
193.79378242498285,505.21448585470955,0,1,0,0,0,0,0,0,0,0,0,0.5152981743656289,0.21790767983626078,7.309988291801123e-05,7.309988291801123e-05,7.309988291801123e-05,7.309988291801123e-05,7.309988291801123e-05,0.08647672005123809,0.17987882644884878,7.309988291801123e-05,12.59422054587278,9.329631284537676,1.532082062307738,1.0512361262690375,#1f77b4,A
201.79099623268831,507.4893633043625,1,0,1,0,0,0,0,0,0,0,0,0.5285469530295533,0.21195141875647755,7.110177992371373e-05,7.110177992371373e-05,7.110177992371373e-05,7.110177992371373e-05,7.110177992371373e-05,0.0841129762752705,0.17496204125862774,7.110177992371373e-05,16.217734474350095,6.081874525200744,3.90481415222704,0.964228738650374,#ff7f0e,B
220.3454194427852,507.75906261774753,0,1,0,0,0,0,0,0,0,0,0,0.5484965389424945,0.20298267188967414,6.809310053078345e-05,6.809310053078345e-05,6.809310053078345e-05,6.809310053078345e-05,6.809310053078345e-05,0.08055372672246096,0.16755850384163706,6.809310053078345e-05,11.998852709997296,10.34653073120977,3.1602598130493202,1.0761468298729264,#1f77b4,A
228.6990056615414,506.32694690354896,7,0,0,0,0,0,0,0,1,0,0,0.5545937944771682,0.2002415251956353,6.717354825733485e-05,6.717354825733485e-05,6.717354825733485e-05,6.717354825733485e-05,6.717354825733485e-05,0.07946590193602894,0.16529573710106893,6.717354825733485e-05,8.776663540381492,13.087268334294183,2.7475432951470515,1.0088204498783,#7f7f7f,h
238.91520349325,508.52147492274224,7,0,0,0,0,0,0,0,1,0,0,0.5722024589597445,0.19232518772898882,6.451791288741047e-05,6.451791288741047e-05,6.451791288741047e-05,6.451791288741047e-05,6.451791288741047e-05,0.07632430133044811,0.15876094450292177,6.451791288741047e-05,10.154575313103503,12.199911198398691,1.6007411535637468,0.9704049872480459,#7f7f7f,h
251.64567515992385,506.0195645153286,8,0,0,0,0,0,0,0,0,1,0,0.582763320385249,0.18757733515530228,6.292518578614793e-05,6.292518578614793e-05,6.292518578614793e-05,6.292518578614793e-05,6.292518578614793e-05,0.0744401147879281,0.15484167855622077,6.292518578614793e-05,15.092438140459734,6.406837863241026,6.061356251238716,1.088652773091893,#bcbd22,i
268.59276691109545,509.0109530827267,8,0,0,0,0,0,0,0,0,1,0,0.6125760546039091,0.17417440700524997,5.8429004287342826e-05,5.8429004287342826e-05,5.8429004287342826e-05,5.8429004287342826e-05,5.8429004287342826e-05,0.06912115922670209,0.1437778051378023,5.8429004287342826e-05,16.261186255269767,5.6783641104582285,0.28546640960897113,1.0674365139014375,#bcbd22,i
273.9427177813713,508.1561024729506,0,1,0,0,0,0,0,0,0,0,0,0.6182761846847101,0.17161179623098852,5.7569344142717826e-05,5.7569344142717826e-05,5.7569344142717826e-05,5.7569344142717826e-05,5.7569344142717826e-05,0.06810418646698749,0.14166241655183923,5.7569344142717826e-05,15.40261167615873,6.3796512100014855,1.396952254523512,1.0047621363864685,#1f77b4,A
290.4416571031983,508.22500191530366,8,0,0,0,0,0,0,0,0,1,0,0.6423650499095652,0.16078215117203426,5.3936402951989504e-05,5.3936402951989504e-05,5.3936402951989504e-05,5.3936402951989504e-05,5.3936402951989504e-05,0.06380643897721948,0.13272274152282673,5.3936402951989504e-05,14.035947667574046,8.056819738054653,2.909818780268288,0.9415076369434772,#bcbd22,i
300.94643948342,508.7816057211982,0,1,0,0,0,0,0,0,0,0,0,0.6590681062578259,0.1532729484776403,5.141734608267556e-05,5.141734608267556e-05,5.141734608267556e-05,5.141734608267556e-05,5.141734608267556e-05,0.06082640991308068,0.12652403127429812,5.141734608267556e-05,16.455127444530035,5.665591297474915,2.6097243538132364,0.9785870882588492,#1f77b4,A
309.7633596482623,510.1601388709384,0,1,0,0,0,0,0,0,0,0,0,0.6748598040804155,0.14617346576226312,4.903573495422659e-05,4.903573495422659e-05,4.903573495422659e-05,4.903573495422659e-05,4.903573495422659e-05,0.0580089783303682,0.12066353741655282,4.903573495422659e-05,13.286260789129713,8.829560081032245,5.7345250259600205,0.9912674962095115,#1f77b4,A
324.89504027724854,507.49432104974306,8,0,0,0,0,0,0,0,0,1,0,0.6928804701053599,0.13807190452413814,4.631796393117206e-05,4.631796393117206e-05,4.631796393117206e-05,4.631796393117206e-05,4.631796393117206e-05,0.05479387162236353,0.11397584596385854,4.631796393117206e-05,17.617218368548752,4.99335194034179,0.11997655231302388,0.9772301440043563,#bcbd22,i
339.7405457076046,506.36367393219274,0,1,0,0,0,0,0,0,0,0,0,0.7135552138749328,0.1287771480206944,4.3199920488812916e-05,4.3199920488812916e-05,4.3199920488812916e-05,4.3199920488812916e-05,4.3199920488812916e-05,0.051105245059514984,0.10630319352121136,4.3199920488812916e-05,15.328841798931997,6.620877125647866,0.3046733192315923,0.9816990277809864,#1f77b4,A
344.5741872642068,517.2049791031753,0,1,0,0,0,0,0,0,0,0,0,0.7378857640821185,0.11783884850457543,3.953052978835085e-05,3.953052978835085e-05,3.953052978835085e-05,3.953052978835085e-05,3.953052978835085e-05,0.04676437801984578,0.09727382621399233,3.953052978835085e-05,13.416580301395472,8.443154726932415,0.7002910237326977,1.0179117835248268,#1f77b4,A
365.7445824443568,508.2692999091406,0,1,0,0,0,0,0,0,0,0,0,0.7550570079196839,0.11011916249007127,3.6940863631343044e-05,3.6940863631343044e-05,3.6940863631343044e-05,3.6940863631343044e-05,3.6940863631343044e-05,0.04370081859476559,0.09090136581293613,3.6940863631343044e-05,14.473967582413211,7.182697187135193,0.828214736282208,1.046800466022546,#1f77b4,A
373.6359653170362,506.97999213804366,7,0,0,0,0,0,0,0,1,0,0,0.7646326227842654,0.10581424778210627,3.5496725630512905e-05,3.5496725630512905e-05,3.5496725630512905e-05,3.5496725630512905e-05,3.5496725630512905e-05,0.041992412060746775,0.08734773701833377,3.5496725630512905e-05,15.619019167449366,6.302295248722465,2.8244075364171075,0.9487200383728258,#7f7f7f,h
384.70872099627076,503.0145189554873,7,0,0,0,0,0,0,0,1,0,0,0.7752690742742302,0.10103241213946035,3.389259847963301e-05,3.389259847963301e-05,3.389259847963301e-05,3.389259847963301e-05,3.389259847963301e-05,0.04009473932837293,0.08340041866628325,3.389259847963301e-05,16.48645557096513,5.438445101462333,3.1655663888805967,0.9217715529920893,#7f7f7f,h
398.5118124604185,507.6938810831936,0,1,0,0,0,0,0,0,0,0,0,0.7997852186911912,0.0900106749272067,3.019521755035948e-05,3.019521755035948e-05,3.019521755035948e-05,3.019521755035948e-05,3.019521755035948e-05,0.03572076001704914,0.0743021750584511,3.019521755035948e-05,13.261580292356465,8.628614735006755,0.4001001598550421,0.9811896962378107,#1f77b4,A
407.35939621272377,507.108204433977,0,1,0,0,0,0,0,0,0,0,0,0.8106678782874076,0.08511815136396123,2.855395873875822e-05,2.855395873875822e-05,2.855395873875822e-05,2.855395873875822e-05,2.855395873875822e-05,0.03377916075427519,0.07026348584111271,2.855395873875822e-05,15.450214255497668,6.3324179394264934,2.299319100389609,1.0248784329671428,#1f77b4,A
421.00022718082244,508.1245334042098,0,1,0,0,0,0,0,0,0,0,0,0.8286904407811541,0.07701573752926087,2.583590170141597e-05,2.583590170141597e-05,2.583590170141597e-05,2.583590170141597e-05,2.583590170141597e-05,0.03056371569309536,0.06357509058545228,2.583590170141597e-05,11.34841346455436,10.88961064440919,4.012072407423509,1.1140736297899823,#1f77b4,A
429.84984102552977,506.6222566971859,0,1,0,0,0,0,0,0,0,0,0,0.8378061970252113,0.07291756172705569,2.446111687720171e-05,2.446111687720171e-05,2.446111687720171e-05,2.446111687720171e-05,2.446111687720171e-05,0.02893735354819824,0.06019212099743379,2.446111687720171e-05,16.504583579160883,5.417371469382383,2.3462086264414026,0.8870778480924608,#1f77b4,A
445.5570465484031,508.0769505540532,0,1,0,0,0,0,0,0,0,0,0,0.8566611112192146,0.0644409470574943,2.1617529444433675e-05,2.1617529444433675e-05,2.1617529444433675e-05,2.1617529444433675e-05,2.1617529444433675e-05,0.02557340678729156,0.0531948297584764,2.1617529444433675e-05,9.015732138664344,12.653920994767496,1.4247235007911605,0.9359205023356852,#1f77b4,A
455.3771162650663,511.4590087811484,0,1,0,0,0,0,0,0,0,0,0,0.8694037558268684,0.05871222895785955,1.9695758616217517e-05,1.9695758616217517e-05,1.9695758616217517e-05,1.9695758616217517e-05,1.9695758616217517e-05,0.02329996350283814,0.04846587715986724,1.9695758616217517e-05,10.898334394560855,11.206996987591028,1.9946176195874206,1.0317197991019074,#1f77b4,A
470.5984806925804,508.8729122976076,0,1,0,0,0,0,0,0,0,0,0,0.8822999091489488,0.05291449785677451,1.7750836505175408e-05,1.7750836505175408e-05,1.7750836505175408e-05,1.7750836505175408e-05,1.7750836505175408e-05,0.02099913239060922,0.04367995558375386,1.7750836505175408e-05,15.233571713799607,6.69163318584757,5.321496310549567,0.9829815206052465,#1f77b4,A
476.4361383198968,507.04230211295675,0,1,0,0,0,0,0,0,0,0,0,0.8865090664963817,0.05102218455581626,1.7116036112421068e-05,1.7116036112421068e-05,1.7116036112421068e-05,1.7116036112421068e-05,1.7116036112421068e-05,0.02024816735945858,0.04211788537078252,1.7116036112421068e-05,12.342599935664106,9.444289913296478,4.885512614710251,0.8358976204214723,#1f77b4,A
496.246350438439,512.9258567536152,0,1,0,0,0,0,0,0,0,0,0,0.9063960087402728,0.0420816004395065,1.4116804269780344e-05,1.4116804269780344e-05,1.4116804269780344e-05,1.4116804269780344e-05,1.4116804269780344e-05,0.016700094201589043,0.03473759579210653,1.4116804269780344e-05,16.54775386065254,5.186499613427081,3.9908294864230647,1.1410558299706532,#1f77b4,A
503.3399109819448,506.9739078259194,0,1,0,0,0,0,0,0,0,0,0,0.9088996331075638,0.04095604458597734,1.37392223453044e-05,1.37392223453044e-05,1.37392223453044e-05,1.37392223453044e-05,1.37392223453044e-05,0.01625341706510257,0.03380846990637551,1.37392223453044e-05,16.793496300574407,4.849503323061213,1.9637079624327576,0.9194482118751747,#1f77b4,A
514.0381566717192,514.4028797394847,0,1,0,0,0,0,0,0,0,0,0,0.9199615288291357,0.035982941734283735,1.2070932193845795e-05,1.2070932193845795e-05,1.2070932193845795e-05,1.2070932193845795e-05,1.2070932193845795e-05,0.014279839890516191,0.02970326395198119,1.2070932193845795e-05,11.479009219617454,10.350977255233682,0.789946754456741,0.9987147262901797,#1f77b4,A
5.228548467310478,516.9225839316705,8,0,0,0,0,0,0,0,0,1,0,0.5584948868760804,0.1984877088315994,6.6585208410997e-05,6.6585208410997e-05,6.6585208410997e-05,6.6585208410997e-05,6.6585208410997e-05,0.0787698994507197,0.16384799359057584,6.6585208410997e-05,11.945100987384869,10.123876932825493,4.2552690978002055,0.9885834933430259,#bcbd22,i
17.09091120600719,519.6644285907292,8,0,0,0,0,0,0,0,0,1,0,0.554468347143898,0.20029792262574356,6.719246748744592e-05,6.719246748744592e-05,6.719246748744592e-05,6.719246748744592e-05,6.719246748744592e-05,0.07948828327099955,0.16534229215387952,6.719246748744592e-05,9.917387530959553,12.528066133670562,3.4024837187907164,1.0082927141999365,#bcbd22,i
26.76403980109039,517.9360948899271,0,1,0,0,0,0,0,0,0,0,0,0.5420088355139243,0.20589935246899357,6.907153786267412e-05,6.907153786267412e-05,6.907153786267412e-05,6.907153786267412e-05,6.907153786267412e-05,0.08171121217743076,0.1699661706119333,6.907153786267412e-05,9.16839294351759,12.752897809290614,4.48071788706779,1.0718577132923564,#1f77b4,A
47.9468428996668,518.382907443805,0,1,0,0,0,0,0,0,0,0,0,0.5284714369259121,0.2119853685748287,7.111316881899463e-05,7.111316881899463e-05,7.111316881899463e-05,7.111316881899463e-05,7.111316881899463e-05,0.08412644926961171,0.17499006621620494,7.111316881899463e-05,7.592675317845641,14.432808175898769,2.31192345059428,1.0493086268434937,#1f77b4,A
54.66690912565675,522.052743196436,0,1,0,0,0,0,0,0,0,0,0,0.5344483662940445,0.2092983169850125,7.021176343136525e-05,7.021176343136525e-05,7.021176343136525e-05,7.021176343136525e-05,7.021176343136525e-05,0.08306009213951711,0.17277195400030304,7.021176343136525e-05,8.136754600412171,13.796445731781972,2.524825431866791,0.86572901761261,#1f77b4,A
67.03184889577267,518.0569633595697,7,0,0,0,0,0,0,0,1,0,0,0.5180166988652323,0.2166855112060673,7.268989101758656e-05,7.268989101758656e-05,7.268989101758656e-05,7.268989101758656e-05,7.268989101758656e-05,0.08599170210892389,0.1788699484731529,7.268989101758656e-05,11.926984596966749,9.177118531826563,5.184958916591236,1.029857763724963,#7f7f7f,h
77.43102570833484,518.6580083647985,0,1,0,0,0,0,0,0,0,0,0,0.51594048610948,0.2176189153744161,7.300301323279601e-05,7.300301323279601e-05,7.300301323279601e-05,7.300301323279601e-05,7.300301323279601e-05,0.08636212379861198,0.17964045663757927,7.300301323279601e-05,14.021420428035118,7.7697531081296765,1.9096240548437942,0.956265913003391,#1f77b4,A
87.55617487369318,518.0193866269525,0,1,0,0,0,0,0,0,0,0,0,0.5116741110808654,0.21953695206136672,7.364644286021388e-05,7.364644286021388e-05,7.364644286021388e-05,7.364644286021388e-05,7.364644286021388e-05,0.08712329716225875,0.18122376103783613,7.364644286021388e-05,9.581020977837133,12.160924033141539,1.0703637493243054,0.9308882714021771,#1f77b4,A
103.66470509507369,516.4655838284376,0,1,0,0,0,0,0,0,0,0,0,0.505590440732696,0.22227199125525865,7.456394629561317e-05,7.456394629561317e-05,7.456394629561317e-05,7.456394629561317e-05,7.456394629561317e-05,0.08820869818565122,0.18348148614811477,7.456394629561317e-05,11.081756713602012,10.879780957199142,2.4669022181977156,0.9852621130955033,#1f77b4,A
114.60898698367208,518.376721219394,1,0,1,0,0,0,0,0,0,0,0,0.5110631599699583,0.21981161770533703,7.373858291893462e-05,7.373858291893462e-05,7.373858291893462e-05,7.373858291893462e-05,7.373858291893462e-05,0.08723229829530353,0.18145049253137652,7.373858291893462e-05,14.610056379670489,7.633413460059867,4.533518403102577,0.911227957665778,#ff7f0e,B
126.54156180255367,517.910134336008,7,0,0,0,0,0,0,0,1,0,0,0.511517569866592,0.21960732838552538,7.367005148685827e-05,7.367005148685827e-05,7.367005148685827e-05,7.367005148685827e-05,7.367005148685827e-05,0.0871512260250096,0.1812818554134403,7.367005148685827e-05,10.103622535568691,11.787838340494401,4.199726307898531,0.8874070277961477,#7f7f7f,h
138.13994907295282,521.0481548517868,1,0,1,0,0,0,0,0,0,0,0,0.5230617775241757,0.21441739227805368,7.192902188159968e-05,7.192902188159968e-05,7.192902188159968e-05,7.192902188159968e-05,7.192902188159968e-05,0.08509159851584203,0.1769976575501158,7.192902188159968e-05,10.464768280138049,11.489050306146977,2.6002413878738606,1.0118578942251084,#ff7f0e,B
149.693108256996,519.6961036740963,0,1,0,0,0,0,0,0,0,0,0,0.5238162928002839,0.21407818440937504,7.181523031856746e-05,7.181523031856746e-05,7.181523031856746e-05,7.181523031856746e-05,7.181523031856746e-05,0.08495698378394759,0.17671764762395817,7.181523031856746e-05,14.588983942800501,7.651539545261321,1.0979411620005235,1.0288486534720291,#1f77b4,A
160.9936282820311,522.658547155848,0,1,0,0,0,0,0,0,0,0,0,0.5372528580559651,0.20803750000302274,6.978880645328282e-05,6.978880645328282e-05,6.978880645328282e-05,6.978880645328282e-05,6.978880645328282e-05,0.0825597365886283,0.17173117251312683,6.978880645328282e-05,11.58763848185725,11.031565702700382,2.5404446890115264,0.9931596313172528,#1f77b4,A
175.6464235448018,515.7880310007897,8,0,0,0,0,0,0,0,0,1,0,0.528224825655172,0.2120962377463203,7.115036128261649e-05,7.115036128261649e-05,7.115036128261649e-05,7.115036128261649e-05,7.115036128261649e-05,0.084170447729476,0.17508158670080765,7.115036128261649e-05,13.853717742930687,7.768576051071722,1.8476255012217042,1.0901239210206553,#bcbd22,i
189.5796183138573,515.4641244189573,8,0,0,0,0,0,0,0,0,1,0,0.5380083351715484,0.2076978597196154,6.96748698312694e-05,6.96748698312694e-05,6.96748698312694e-05,6.96748698312694e-05,6.96748698312694e-05,0.08242495025283506,0.17145080563647536,6.96748698312694e-05,12.151508436770923,9.777431440472663,3.3378283601997643,0.9018794867160589,#bcbd22,i
196.82215740876677,520.7617726044577,0,1,0,0,0,0,0,0,0,0,0,0.5576949612850736,0.19884733184178763,6.67058484910489e-05,6.67058484910489e-05,6.67058484910489e-05,6.67058484910489e-05,6.67058484910489e-05,0.07891261593689125,0.16414485584474356,6.67058484910489e-05,12.516946443583354,9.854125002659035,6.201217263510206,0.9891959093120314,#1f77b4,A
206.3215049190436,518.6045088682702,0,1,0,0,0,0,0,0,0,0,0,0.5609088000867964,0.19740248447457154,6.622115619632457e-05,6.622115619632457e-05,6.622115619632457e-05,6.622115619632457e-05,6.622115619632457e-05,0.07833922787922665,0.1629521606216664,6.622115619632457e-05,11.943843301573317,10.251016604027718,3.7993327595784008,0.894519423231082,#1f77b4,A
224.7404703441556,516.0050071675417,0,1,0,0,0,0,0,0,0,0,0,0.5734757984025975,0.19175273177986274,6.43258753103582e-05,6.43258753103582e-05,6.43258753103582e-05,6.43258753103582e-05,6.43258753103582e-05,0.07609712203648546,0.15828839252861857,6.43258753103582e-05,17.49632369469453,4.574914561532339,1.9655515570392283,0.9278166531751857,#1f77b4,A
240.1824901753075,520.7293546883353,1,0,1,0,0,0,0,0,0,0,0,0.6023307605295599,0.17878038978252606,5.997413937388157e-05,5.997413937388157e-05,5.997413937388157e-05,5.997413937388157e-05,5.997413937388157e-05,0.07094904470320584,0.14757996014786248,5.997413937388157e-05,18.337160723090847,3.513741152545848,0.7190159387444938,0.9317849561755179,#ff7f0e,B
242.32679852216862,517.0209813646079,1,0,1,0,0,0,0,0,0,0,0,0.596275480048926,0.18150266572726487,6.0887361216179406e-05,6.0887361216179406e-05,6.0887361216179406e-05,6.0887361216179406e-05,6.0887361216179406e-05,0.07202938062781526,0.14982714942810035,6.0887361216179406e-05,16.589897552320142,5.273309780060568,5.922255941160391,0.9576701107818462,#ff7f0e,B
261.83535321380793,523.5022536857621,0,1,0,0,0,0,0,0,0,0,0,0.635123445821035,0.16403776330669545,5.502853915411425e-05,5.502853915411425e-05,5.502853915411425e-05,5.502853915411425e-05,5.502853915411425e-05,0.06509842950906332,0.13541019012764657,5.502853915411425e-05,14.373925275321318,7.456709269519722,3.6480829949199935,1.0504060105892854,#1f77b4,A
271.29470806495425,522.1033414118183,7,0,0,0,0,0,0,0,1,0,0,0.6443432805602105,0.1598927968752976,5.363805782246983e-05,5.363805782246983e-05,5.363805782246983e-05,5.363805782246983e-05,5.363805782246983e-05,0.06345349849066546,0.131988595726247,5.363805782246983e-05,16.42961308332159,5.476213705189532,0.9549043768050359,0.8980302179356139,#7f7f7f,h
280.0702151019055,524.5460309488105,8,0,0,0,0,0,0,0,0,1,0,0.661022654179867,0.15239424123888726,5.11225726432065e-05,5.11225726432065e-05,5.11225726432065e-05,5.11225726432065e-05,5.11225726432065e-05,0.06047769471428758,0.12579867443043757,5.11225726432065e-05,14.799778485993334,7.079058262396332,1.2238690499179743,0.9417278371002544,#bcbd22,i
293.3854364873625,514.773849448118,0,1,0,0,0,0,0,0,0,0,0,0.6597292449429859,0.15297571997691203,5.131763702873372e-05,5.131763702873372e-05,5.131763702873372e-05,5.131763702873372e-05,5.131763702873372e-05,0.060708454704397605,0.1262786745528722,5.131763702873372e-05,4.9210154650437685,16.61896390910735,0.8049932857095269,0.9938073556759727,#1f77b4,A
307.786838345494,521.7475008868935,0,1,0,0,0,0,0,0,0,0,0,0.6934662739155981,0.13780854436666093,4.6229616440659966e-05,4.6229616440659966e-05,4.6229616440659966e-05,4.6229616440659966e-05,4.6229616440659966e-05,0.054689357074606794,0.11375844694379657,4.6229616440659966e-05,15.071086233235802,7.043694775814002,1.9640882643755635,1.0919522089057454,#1f77b4,A
320.9425989342182,524.781473656121,0,1,0,0,0,0,0,0,0,0,0,0.7171606718866956,0.12715624017892246,4.265616648462426e-05,4.265616648462426e-05,4.265616648462426e-05,4.265616648462426e-05,4.265616648462426e-05,0.050461987356220206,0.10496516357853675,4.265616648462426e-05,14.34499261389508,7.610172104731728,2.073209310847087,0.9598457215316616,#1f77b4,A
327.55632654570013,520.5259060407586,8,0,0,0,0,0,0,0,0,1,0,0.7191403437309283,0.12626623796395195,4.235760400275123e-05,4.235760400275123e-05,4.235760400275123e-05,4.235760400275123e-05,4.235760400275123e-05,0.050108789743144706,0.10423048293723917,4.235760400275123e-05,17.731852857060677,4.248986537593382,2.885273245676248,0.9928207215972876,#bcbd22,i
342.2601546599119,520.1704325192014,0,1,0,0,0,0,0,0,0,0,0,0.7392431856390462,0.11722859171083756,3.932581144062822e-05,3.932581144062822e-05,3.932581144062822e-05,3.932581144062822e-05,3.932581144062822e-05,0.046522197450757585,0.09677007032997534,3.932581144062822e-05,15.269563072208785,6.1461402534146945,3.590769462726304,1.0560322662580572,#1f77b4,A
352.2452875264074,521.0601494633481,0,1,0,0,0,0,0,0,0,0,0,0.7544364380937577,0.11039815242531072,3.703445432817677e-05,3.703445432817677e-05,3.703445432817677e-05,3.703445432817677e-05,3.703445432817677e-05,0.0438115358239378,0.09113166693026997,3.703445432817677e-05,12.179081451587633,9.734317699639151,2.7400980979096725,1.1444533376209147,#1f77b4,A
360.53760110001014,520.7485864218174,0,1,0,0,0,0,0,0,0,0,0,0.7653000519793325,0.10551419125320415,3.5396067878808116e-05,3.5396067878808116e-05,3.5396067878808116e-05,3.5396067878808116e-05,3.5396067878808116e-05,0.041873334548339185,0.08710004581108588,3.5396067878808116e-05,9.277454085075457,12.533556794098216,3.4904252055627336,0.9465978202113665,#1f77b4,A
380.85826316280856,517.2954349649292,0,1,0,0,0,0,0,0,0,0,0,0.7879133209739159,0.0953479308441704,3.1985667446052365e-05,3.1985667446052365e-05,3.1985667446052365e-05,3.1985667446052365e-05,3.1985667446052365e-05,0.037838851431357706,0.07870798274509165,3.1985667446052365e-05,17.968747694106753,3.3850007976785776,2.4391729044670094,0.9333763089766945,#1f77b4,A
390.51936326709745,516.2481493864744,0,1,0,0,0,0,0,0,0,0,0,0.7992409981991201,0.09025534044830634,3.0277293689024728e-05,3.0277293689024728e-05,3.0277293689024728e-05,3.0277293689024728e-05,3.0277293689024728e-05,0.035817855593442874,0.07450414199619725,3.0277293689024728e-05,9.429529479865534,12.553210752118805,4.865449172832443,0.9008756226966422,#1f77b4,A
400.9598069001951,519.4399620441587,0,1,0,0,0,0,0,0,0,0,0,0.8159499008947444,0.08274350940814974,2.775735510793412e-05,2.775735510793412e-05,2.775735510793412e-05,2.775735510793412e-05,2.775735510793412e-05,0.03283678346959694,0.06830326209604536,2.775735510793412e-05,12.600341414628597,9.5470850433846,4.763125746378123,1.1035699358616289,#1f77b4,A
414.8791548469053,520.8625440576478,0,1,0,0,0,0,0,0,0,0,0,0.8338786960328542,0.07468325061770678,2.5053439512517803e-05,2.5053439512517803e-05,2.5053439512517803e-05,2.5053439512517803e-05,2.5053439512517803e-05,0.029638067648817136,0.061649665062712924,2.5053439512517803e-05,13.152728112749005,8.742157778211032,1.19906945743516,1.0125623742008376,#1f77b4,A
427.4676468891793,515.3963056749228,0,1,0,0,0,0,0,0,0,0,0,0.8430041734826842,0.0705807044474049,2.367718859313695e-05,2.367718859313695e-05,2.367718859313695e-05,2.367718859313695e-05,2.367718859313695e-05,0.02800997112219147,0.058263087815317895,2.367718859313695e-05,12.929270917418055,9.018044793863812,0.2559489276078976,0.9560141587692511,#1f77b4,A
435.22831011094297,520.644283725031,0,1,0,0,0,0,0,0,0,0,0,0.8559834340891502,0.06474561075645487,2.1719732729513488e-05,2.1719732729513488e-05,2.1719732729513488e-05,2.1719732729513488e-05,2.1719732729513488e-05,0.02569431265634852,0.053446324100813354,2.1719732729513488e-05,12.977243798470623,8.35270341367041,5.37573402383008,1.053580491520508,#1f77b4,A
445.7862597785798,524.4534826391473,8,0,0,0,0,0,0,0,0,1,0,0.8696660030973964,0.058594330300907944,1.9656208022930356e-05,1.9656208022930356e-05,1.9656208022930356e-05,1.9656208022930356e-05,1.9656208022930356e-05,0.02325317538982036,0.04836855396286801,1.9656208022930356e-05,9.123218877862918,12.596285961915502,3.646682389631412,1.0861765991185586,#bcbd22,i
461.0632367543007,520.8562802348238,0,1,0,0,0,0,0,0,0,0,0,0.8814403205667294,0.05330094359239862,1.7880474607189597e-05,1.7880474607189597e-05,1.7880474607189597e-05,1.7880474607189597e-05,1.7880474607189597e-05,0.02115249348242421,0.043998959509923226,1.7880474607189597e-05,12.5611808602277,9.880692404352896,5.8174957167167065,0.9450641484419047,#1f77b4,A
470.68264085365325,520.1225962755382,0,1,0,0,0,0,0,0,0,0,0,0.8895157616648337,0.04967046287150822,1.6662584004010282e-05,1.6662584004010282e-05,1.6662584004010282e-05,1.6662584004010282e-05,1.6662584004010282e-05,0.019711736253547447,0.041002063705196906,1.6662584004010282e-05,13.591663456234953,8.192208094199524,2.8436079301690222,1.231696987003127,#1f77b4,A
483.96488963551167,521.0588252090485,0,1,0,0,0,0,0,0,0,0,0,0.9010962045674689,0.04446423646398012,1.491608961188546e-05,1.491608961188546e-05,1.491608961188546e-05,1.491608961188546e-05,1.491608961188546e-05,0.017645643934518257,0.036704418495460134,1.491608961188546e-05,13.969829627156894,7.848539879475425,6.266221452102533,1.0022077411388814,#1f77b4,A
493.237992084513,518.0155394146092,0,1,0,0,0,0,0,0,0,0,0,0.9066880433500175,0.04195031027125049,1.4072761324919418e-05,1.4072761324919418e-05,1.4072761324919418e-05,1.4072761324919418e-05,1.4072761324919418e-05,0.016647991663788244,0.03462921814608732,1.4072761324919418e-05,14.305077625740436,7.59127781453339,4.929479245338347,0.9428486701907964,#1f77b4,A
512.4069306861962,521.3501961216781,0,1,0,0,0,0,0,0,0,0,0,0.9218459182341753,0.03513577570056056,1.1786739649903264e-05,1.1786739649903264e-05,1.1786739649903264e-05,1.1786739649903264e-05,1.1786739649903264e-05,0.013943641827234315,0.02900394379920844,1.1786739649903264e-05,16.860487286124933,5.400236706924277,3.2836705215501647,1.0715414189154635,#1f77b4,A
70.46690712143916,192.284929359477,3,0,0,0,1,0,0,0,0,0,0,0.0005259401024920997,0.00023450276574954863,0.00023450276574954863,0.37949886845627867,0.37949886845627867,0.23906930639007395,0.00023450276574954863,0.00023450276574954863,0.00023450276574954863,0.00023450276574954863,9.554805989460741,12.411456296928488,4.124881567201059,0.9813805470175546,#d62728,d
74.06595931987988,192.1287414565857,3,0,0,0,1,0,0,0,0,0,0,0.0005171565039440779,0.00023450482661159134,0.00023450482661159134,0.3795022035760618,0.3795022035760618,0.23907140738388327,0.00023450482661159134,0.00023450482661159134,0.00023450482661159134,0.00023450482661159134,16.605595535733677,5.425001278502112,2.118304137595203,1.0974546559360125,#d62728,d
82.34674866474559,188.8603804194588,3,0,0,0,1,0,0,0,0,0,0,0.0005157385343346347,0.000234505159304363,0.000234505159304363,0.37950274197709083,0.37950274197709083,0.23907174655527816,0.000234505159304363,0.000234505159304363,0.000234505159304363,0.000234505159304363,15.124416247970734,7.018924280382156,1.252893224713529,0.9761116816432289,#d62728,d
89.69130528270507,189.43463102909058,4,0,0,0,0,1,0,0,0,0,0,0.0005008978236157148,0.0002345086413234057,0.0002345086413234057,0.3795083769736864,0.3795083769736864,0.2390752963806916,0.0002345086413234057,0.0002345086413234057,0.0002345086413234057,0.0002345086413234057,15.806296091825972,6.749863871296122,1.2223961103885042,0.8976430295554009,#9467bd,e
97.46339204472451,194.69750846409923,4,0,0,0,0,1,0,0,0,0,0,0.00046576231693625214,0.0002345168850325953,0.0002345168850325953,0.379521717875229,0.379521717875229,0.23908370062203066,0.0002345168850325953,0.0002345168850325953,0.0002345168850325953,0.0002345168850325953,13.626123896795116,7.792904669797933,4.215305291716232,1.058132048350491,#9467bd,e
107.96168184159708,190.41153484289876,3,0,0,0,1,0,0,0,0,0,0,0.0004844464666732289,0.00023451250124219514,0.00023451250124219514,0.37951462353034526,0.37951462353034526,0.23907923146480356,0.00023451250124219514,0.00023451250124219514,0.00023451250124219514,0.00023451250124219514,16.602620463162136,5.351197549141835,3.7201081094838617,1.0292062670433422,#d62728,d
116.35438067765536,189.6120626180291,3,0,0,0,1,0,0,0,0,0,0,0.0004922742009117914,0.00023451066465092965,0.00023451066465092965,0.37951165135087084,0.37951165135087084,0.23907735910906158,0.00023451066465092965,0.00023451066465092965,0.00023451066465092965,0.00023451066465092965,13.497037575585544,8.408773900450448,3.9351272256465,0.9794640464765034,#d62728,d
122.62623713288347,191.429500364951,4,0,0,0,0,1,0,0,0,0,0,0.0004890672101610495,0.0002345114170948709,0.0002345114170948709,0.3795128690406638,0.3795128690406638,0.2390781262055628,0.0002345114170948709,0.0002345114170948709,0.0002345114170948709,0.0002345114170948709,10.603720633944825,11.419481924184238,3.033786615092256,1.0233550949782255,#9467bd,e
128.69397738617366,188.46419672804268,3,0,0,0,1,0,0,0,0,0,0,0.0005135886571875675,0.00023450566372179332,0.00023450566372179332,0.3795035582823631,0.3795035582823631,0.239072260795376,0.00023450566372179332,0.00023450566372179332,0.00023450566372179332,0.00023450566372179332,10.001222023802631,11.759297395310751,1.3640997417310492,1.0515497809556709,#d62728,d
60.863724183973005,201.38704696055493,5,0,0,0,0,0,1,0,0,0,0,0.0005140192920829567,0.00023450556268357931,0.00023450556268357931,0.37950339477091033,0.37950339477091033,0.2390721577896154,0.00023450556268357931,0.00023450556268357931,0.00023450556268357931,0.00023450556268357931,16.8617461572459,4.881572270070877,5.2118697442233035,1.076908893521849,#8c564b,f
69.73858305269182,196.32888893438908,5,0,0,0,0,0,1,0,0,0,0,0.0005083628511176916,0.00023450688983263086,0.00023450688983263086,0.3795055425134401,0.3795055425134401,0.2390735107826269,0.00023450688983263086,0.00023450688983263086,0.00023450688983263086,0.00023450688983263086,13.210466438125698,8.823360756072427,5.846071491300917,1.0542303544099758,#8c564b,f
79.80421947665972,199.49128467854578,5,0,0,0,0,0,1,0,0,0,0,0.0004682886645301939,0.00023451629228534774,0.00023451629228534774,0.37952075862466744,0.37952075862466744,0.23908309633204336,0.00023451629228534774,0.00023451629228534774,0.00023451629228534774,0.00023451629228534774,15.985426283733924,5.808610812501121,4.057092868913759,0.8639002530292172,#8c564b,f
86.9274582464779,195.7229344063217,3,0,0,0,1,0,0,0,0,0,0,0.00047291697907994563,0.00023451520636165427,0.00023451520636165427,0.37951900126026455,0.37951900126026455,0.2390819892618416,0.00023451520636165427,0.00023451520636165427,0.00023451520636165427,0.00023451520636165427,18.071874460233953,3.9489059562803988,0.8219109679822798,1.0091391285513613,#d62728,d
95.78800988196454,199.61420917334763,3,0,0,0,1,0,0,0,0,0,0,0.00044318381420451207,0.00023452218254010405,0.00023452218254010405,0.3795302909003649,0.3795302909003649,0.23908910128944566,0.00023452218254010405,0.00023452218254010405,0.00023452218254010405,0.00023452218254010405,10.621358974057376,11.504162029017927,3.068228664292032,1.0137540900366455,#d62728,d
101.54902326779361,197.78477861728035,4,0,0,0,0,1,0,0,0,0,0,0.00044815396592085,0.00023452101641246705,0.00023452101641246705,0.3795284037408796,0.3795284037408796,0.23908791245346564,0.00023452101641246705,0.00023452101641246705,0.00023452101641246705,0.00023452101641246705,14.03031018234048,7.72926318197008,2.864699085870348,0.9787001874602008,#9467bd,e
110.46235075370484,201.6318459657775,4,0,0,0,0,1,0,0,0,0,0,0.0004293428620511492,0.00023452542998962856,0.00023452542998962856,0.37953554629006564,0.37953554629006564,0.23909241197750036,0.00023452542998962856,0.00023452542998962856,0.00023452542998962856,0.00023452542998962856,8.825029767377519,13.225545747664956,5.915252990118289,1.0140063238869597,#9467bd,e
118.9091898455032,197.052449118348,5,0,0,0,0,0,1,0,0,0,0,0.0004566973724929664,0.00023451901190574653,0.00023451901190574653,0.37952515982164553,0.37952515982164553,0.23908586891240205,0.00023451901190574653,0.00023451901190574653,0.00023451901190574653,0.00023451901190574653,13.626309802462037,8.868749958904614,4.442859569628732,1.014298973275162,#8c564b,f
125.15753796429604,197.89789766580768,3,0,0,0,1,0,0,0,0,0,0,0.00046036839245955775,0.0002345181505884099,0.0002345181505884099,0.3795237659406242,0.3795237659406242,0.23908499082238213,0.0002345181505884099,0.0002345181505884099,0.0002345181505884099,0.0002345181505884099,13.202982999926338,8.798896925591702,3.1363189577337693,1.0261563992996998,#d62728,d
137.31750477886916,195.19131741941732,3,0,0,0,1,0,0,0,0,0,0,0.0004970647712336447,0.00023450954065778657,0.00023450954065778657,0.3795098323781837,0.3795098323781837,0.2390762132280727,0.00023450954065778657,0.00023450954065778657,0.00023450954065778657,0.00023450954065778657,16.78622650933157,5.297544272756585,2.442071468520074,1.0064659992095288,#d62728,d
143.18514173683047,200.47300694356713,4,0,0,0,0,1,0,0,0,0,0,0.000487946101668844,0.00023451168013625704,0.00023451168013625704,0.3795132947239519,0.3795132947239519,0.23907839436923042,0.00023451168013625704,0.00023451168013625704,0.00023451168013625704,0.00023451168013625704,8.468714999655402,12.978764313126968,0.8828162856107349,0.983603471455067,#9467bd,e
52.610174117424805,206.24498864873337,4,0,0,0,0,1,0,0,0,0,0,0.0005258836515509559,0.00023450277899441646,0.00023450277899441646,0.3794988898906201,0.3794988898906201,0.23906931989286292,0.00023450277899441646,0.00023450277899441646,0.00023450277899441646,0.00023450277899441646,15.57979674104269,6.0984054453775105,5.493112548626887,0.8929479901375241,#9467bd,e
60.37231046330478,205.43104064763378,5,0,0,0,0,0,1,0,0,0,0,0.0004988900603539096,0.00023450911239720018,0.00023450911239720018,0.3795091393185201,0.3795091393185201,0.23907577662784324,0.00023450911239720018,0.00023450911239720018,0.00023450911239720018,0.00023450911239720018,16.71383712778272,5.171139559451554,2.7530267910198614,1.0922442054372137,#8c564b,f
63.82453476512726,204.2879483528541,4,0,0,0,0,1,0,0,0,0,0,0.000491501337692431,0.0002345108459848629,0.0002345108459848629,0.37951194480592776,0.37951194480592776,0.2390775439741633,0.0002345108459848629,0.0002345108459848629,0.0002345108459848629,0.0002345108459848629,14.546256770848798,6.830866618915708,1.4743168390613828,0.944965465901423,#9467bd,e
74.0816825867944,204.59985954069134,3,0,0,0,1,0,0,0,0,0,0,0.0004593672758192526,0.00023451838547656798,0.00023451838547656798,0.379524146063178,0.379524146063178,0.23908523028458573,0.00023451838547656798,0.00023451838547656798,0.00023451838547656798,0.00023451838547656798,12.109486301567632,10.231853209355368,5.854728304379931,0.9969719411739462,#d62728,d
84.11989600611749,205.32228016683317,4,0,0,0,0,1,0,0,0,0,0,0.00043353825348226233,0.00023452444564102612,0.00023452444564102612,0.3795339533059505,0.3795339533059505,0.23909140846039098,0.00023452444564102612,0.00023452444564102612,0.00023452444564102612,0.00023452444564102612,14.371869248985123,7.184946073573108,3.47416695614338,1.0481357221847714,#9467bd,e
92.5633289113382,206.774704430608,4,0,0,0,0,1,0,0,0,0,0,0.0004141162191227273,0.00023452900255846557,0.00023452900255846557,0.37954132782456823,0.37954132782456823,0.23909605411601062,0.00023452900255846557,0.00023452900255846557,0.00023452900255846557,0.00023452900255846557,12.492978242650304,9.702051692478316,0.15155884107476494,0.9975294120605115,#9467bd,e
97.61278591812733,203.0215299777125,4,0,0,0,0,1,0,0,0,0,0,0.0004258192667183851,0.0002345262567172887,0.0002345262567172887,0.37953688419416476,0.37953688419416476,0.23909325480426896,0.0002345262567172887,0.0002345262567172887,0.0002345262567172887,0.0002345262567172887,17.304089195064396,4.685596890707481,3.900692281300394,1.117684267332967,#9467bd,e
106.73495891420153,204.69407881018032,5,0,0,0,0,0,1,0,0,0,0,0.00041470782486164063,0.00023452886375227984,0.00023452886375227984,0.37954110319271683,0.37954110319271683,0.23909591260681162,0.00023452886375227984,0.00023452886375227984,0.00023452886375227984,0.00023452886375227984,12.086280158618205,9.842529305046106,3.8632699781583177,1.0411253394835187,#8c564b,f
114.05949568626426,205.66128336322436,3,0,0,0,1,0,0,0,0,0,0,0.0004127108076008373,0.00023452933230478127,0.00023452933230478127,0.37954186145730934,0.37954186145730934,0.23909639028357232,0.00023452933230478127,0.00023452933230478127,0.00023452933230478127,0.00023452933230478127,14.205192495803482,7.752160793386421,2.2705802315040367,0.9266487470816476,#d62728,d
122.2528211391503,203.3942580504909,3,0,0,0,1,0,0,0,0,0,0,0.0004308219352339741,0.00023452508296035982,0.00023452508296035982,0.3795349846880974,0.3795349846880974,0.23909205819042964,0.00023452508296035982,0.00023452508296035982,0.00023452508296035982,0.00023452508296035982,10.582232791954738,11.539614593243373,5.5203617348451655,0.9167739147857479,#d62728,d
131.36691274351656,206.29116894779884,4,0,0,0,0,1,0,0,0,0,0,0.00043348894078460484,0.0002345244572110753,0.0002345244572110753,0.37953397202991124,0.37953397202991124,0.23909142025574706,0.0002345244572110753,0.0002345244572110753,0.0002345244572110753,0.0002345244572110753,13.181922176931264,8.912995557791563,3.043740299697778,1.1210692962433382,#9467bd,e
136.36784758096562,207.1640382474738,5,0,0,0,0,0,1,0,0,0,0,0.00044111745748306265,0.00023452266736145722,0.00023452266736145722,0.37953107549305126,0.37953107549305126,0.23908959555186624,0.00023452266736145722,0.00023452266736145722,0.00023452266736145722,0.00023452266736145722,12.173986832506195,9.63961527272253,0.7355677917906575,1.036588772841414,#8c564b,f
146.7255616110333,203.25716538019338,5,0,0,0,0,0,1,0,0,0,0,0.0004865013514782063,0.00023451201911245373,0.00023451201911245373,0.3795138432935292,0.3795138432935292,0.23907873994640932,0.00023451201911245373,0.00023451201911245373,0.00023451201911245373,0.00023451201911245373,10.777977938880765,10.676725652959506,3.410272642124829,0.814210630863354,#8c564b,f
47.941158134553696,213.97098490392554,4,0,0,0,0,1,0,0,0,0,0,0.0005182048334589432,0.00023450458064605756,0.00023450458064605756,0.3795018055268471,0.3795018055268471,0.23907115662859105,0.00023450458064605756,0.00023450458064605756,0.00023450458064605756,0.00023450458064605756,12.036953606393585,9.600754207994267,4.471775056346993,1.0940117196565347,#9467bd,e
54.923895869988826,212.08783716360693,4,0,0,0,0,1,0,0,0,0,0,0.000494627571795646,0.00023451011248854425,0.00023451011248854425,0.37951075777931825,0.37951075777931825,0.23907679619425726,0.00023451011248854425,0.00023451011248854425,0.00023451011248854425,0.00023451011248854425,16.746849505274188,5.43797841194694,1.7656288494314325,1.0608531975026922,#9467bd,e
60.38573463690602,208.94942134666678,4,0,0,0,0,1,0,0,0,0,0,0.0004850509692880791,0.00023451235941006487,0.00023451235941006487,0.3795143940015686,0.3795143940015686,0.2390790868707349,0.00023451235941006487,0.00023451235941006487,0.00023451235941006487,0.00023451235941006487,12.536226454760147,9.3320627831691,4.799750870638383,0.9691704548049576,#9467bd,e
69.2455150133362,211.10989607972672,5,0,0,0,0,0,1,0,0,0,0,0.0004470740596903103,0.0002345212697867246,0.0002345212697867246,0.3795288137797281,0.3795288137797281,0.23908817076175387,0.0002345212697867246,0.0002345212697867246,0.0002345212697867246,0.0002345212697867246,14.726532018830028,7.848204754352256,4.984362962865636,0.9844532025470646,#8c564b,f
77.05437099397211,208.9653989332061,5,0,0,0,0,0,1,0,0,0,0,0.0004337527559103641,0.00023452439531314404,0.00023452439531314404,0.37953387185968596,0.37953387185968596,0.23909135715245938,0.00023452439531314404,0.00023452439531314404,0.00023452439531314404,0.00023452439531314404,13.684544014266647,8.178038618672756,6.280425429245761,0.9352458076383555,#8c564b,f
89.80674501328821,211.19380423024757,3,0,0,0,1,0,0,0,0,0,0,0.0003992728909966703,0.0002345324851916205,0.0002345324851916205,0.37954696381498954,0.37954696381498954,0.23909960456749504,0.0002345324851916205,0.0002345324851916205,0.0002345324851916205,0.0002345324851916205,16.327274523566782,5.229844149713538,2.7661122341444817,1.0200816403029933,#d62728,d
96.52248118832118,211.60973181089273,5,0,0,0,0,0,1,0,0,0,0,0.0003894026075219494,0.00023453480101838023,0.00023453480101838023,0.3795507115474824,0.3795507115474824,0.2391019654910236,0.00023453480101838023,0.00023453480101838023,0.00023453480101838023,0.00023453480101838023,9.654887268882527,12.121214492341208,5.745502784175439,0.9183514897616766,#8c564b,f
102.58215925614053,212.63969484694863,3,0,0,0,1,0,0,0,0,0,0,0.0003811700260368965,0.00023453673259740261,0.00023453673259740261,0.3795538374468763,0.3795538374468763,0.2391039346842467,0.00023453673259740261,0.00023453673259740261,0.00023453673259740261,0.00023453673259740261,13.224876384254879,8.744499945067824,4.461532288053698,1.0036941719403032,#d62728,d
114.03661346206998,211.00688520760048,3,0,0,0,1,0,0,0,0,0,0,0.0003896430505288205,0.00023453474460415955,0.00023453474460415955,0.3795506202516171,0.3795506202516171,0.2391019079782324,0.00023453474460415955,0.00023453474460415955,0.00023453474460415955,0.00023453474460415955,13.034124473042931,9.375836174351354,4.373503487569524,1.0788021051492618,#d62728,d
118.3331105614766,211.409658149004,3,0,0,0,1,0,0,0,0,0,0,0.0003916586806288394,0.00023453427168459905,0.00023453427168459905,0.3795498549197563,0.3795498549197563,0.23910142584937155,0.00023453427168459905,0.00023453427168459905,0.00023453427168459905,0.00023453427168459905,12.153826746471836,10.165414398958212,0.49271832702127,0.8566575114711547,#d62728,d
126.59177895012573,211.73058236367777,5,0,0,0,0,0,1,0,0,0,0,0.00040197272993927244,0.0002345318517387631,0.0002345318517387631,0.37954593869001146,0.37954593869001146,0.2390989587792257,0.0002345318517387631,0.0002345318517387631,0.0002345318517387631,0.0002345318517387631,10.920832011303673,10.98523808415715,4.95273774742571,1.0744859036439987,#8c564b,f
136.23818785294728,211.65414883393422,3,0,0,0,1,0,0,0,0,0,0,0.0004228823301056573,0.00023452694579946315,0.00023452694579946315,0.37953799934478843,0.37953799934478843,0.23909395730514124,0.00023452694579946315,0.00023452694579946315,0.00023452694579946315,0.00023452694579946315,19.64753502209111,2.235279943592971,2.5274133542184702,1.0209623959486727,#d62728,d
141.64146737165768,212.47697579626237,3,0,0,0,1,0,0,0,0,0,0,0.0004344131937787991,0.00023452424035713972,0.00023452424035713972,0.3795336210923736,0.3795336210923736,0.23909119917895166,0.00023452424035713972,0.00023452424035713972,0.00023452424035713972,0.00023452424035713972,15.49952227181891,6.116518217648432,3.7835878744016185,1.0765460155818587,#d62728,d
153.36411324562704,212.8774070646881,4,0,0,0,0,1,0,0,0,0,0,0.0004719135843653132,0.00023451544178430822,0.00023451544178430822,0.3795193822478,0.3795193822478,0.23908222926894943,0.00023451544178430822,0.00023451544178430822,0.00023451544178430822,0.00023451544178430822,17.723710091909986,4.291855290129334,0.8828916313658328,0.9884415035055163,#9467bd,e
50.20607140180595,218.41553114612594,3,0,0,0,1,0,0,0,0,0,0,0.0004938965650437146,0.00023451028400185505,0.00023451028400185505,0.3795110353415345,0.3795110353415345,0.2390769710474967,0.00023451028400185505,0.00023451028400185505,0.00023451028400185505,0.00023451028400185505,16.609433438529297,5.612259896019436,5.577691304157542,0.9454399483816981,#d62728,d
59.36278834497118,220.35005706682108,4,0,0,0,0,1,0,0,0,0,0,0.000450089290791039,0.00023452056233461463,0.00023452056233461463,0.3795276689007994,0.3795276689007994,0.239087449533223,0.00023452056233461463,0.00023452056233461463,0.00023452056233461463,0.00023452056233461463,12.594585210459787,9.714489030309437,1.947139761648701,1.041769425767809,#9467bd,e
66.44526192447019,218.705193336133,3,0,0,0,1,0,0,0,0,0,0,0.0004295292647650469,0.00023452538625467462,0.00023452538625467462,0.37953547551322225,0.37953547551322225,0.23909236739088294,0.00023452538625467462,0.00023452538625467462,0.00023452538625467462,0.00023452538625467462,13.206515789434174,8.988113820085367,2.000877362229908,1.0371628812089824,#d62728,d
75.6516268684229,218.8103733754576,5,0,0,0,0,0,1,0,0,0,0,0.00040093899464402187,0.0002345320942801111,0.0002345320942801111,0.3795463311978219,0.3795463311978219,0.239099206043652,0.0002345320942801111,0.0002345320942801111,0.0002345320942801111,0.0002345320942801111,14.14354687606817,7.8617409010418005,0.9194819123907975,0.9346570114066112,#8c564b,f
81.15195138613893,218.33648185558812,5,0,0,0,0,0,1,0,0,0,0,0.0003886126449433042,0.00023453498636427056,0.00023453498636427056,0.37955101149514153,0.37955101149514153,0.23910215444620841,0.00023453498636427056,0.00023453498636427056,0.00023453498636427056,0.00023453498636427056,11.28627584533203,10.715502617034483,6.148143916927014,0.9576840246998508,#8c564b,f
91.86090539290707,218.77087709822564,3,0,0,0,1,0,0,0,0,0,0,0.0003667455661409961,0.000234540116953111,0.000234540116953111,0.3795593143936308,0.3795593143936308,0.2391073849444993,0.000234540116953111,0.000234540116953111,0.000234540116953111,0.000234540116953111,8.799731292257407,13.446914226581468,3.407157786801609,1.1194520118172606,#d62728,d
99.7644300892461,218.4945150803362,3,0,0,0,1,0,0,0,0,0,0,0.00035932738277084085,0.00023454185745302682,0.00023454185745302682,0.37956213106722736,0.37956213106722736,0.2391091593376768,0.00023454185745302682,0.00023454185745302682,0.00023454185745302682,0.00023454185745302682,10.544585484194556,11.943508775998882,0.27519542030777056,1.0021477939529655,#d62728,d
105.3229206303544,218.30639987155305,3,0,0,0,1,0,0,0,0,0,0,0.0003577434483442765,0.00023454222908548704,0.00023454222908548704,0.37956273248485956,0.37956273248485956,0.23910953820704411,0.00023454222908548704,0.00023454222908548704,0.00023454222908548704,0.00023454222908548704,15.436593029925046,6.837113356183558,3.5759907606110075,1.062827051408051,#d62728,d
112.9319298310612,217.36368008938913,5,0,0,0,0,0,1,0,0,0,0,0.0003632446359712269,0.00023454093836293088,0.00023454093836293088,0.3795606436918,0.3795606436918,0.23910822234987175,0.00023454093836293088,0.00023454093836293088,0.00023454093836293088,0.00023454093836293088,15.265410694603673,7.16672013238615,5.910153749270379,0.9724978845682721,#8c564b,f
123.2174390057665,220.54058376709514,5,0,0,0,0,0,1,0,0,0,0,0.00036283072673685187,0.00023454103547686722,0.00023454103547686722,0.3795608008525432,0.3795608008525432,0.23910832135493607,0.00023454103547686722,0.00023454103547686722,0.00023454103547686722,0.00023454103547686722,13.704616651548168,8.190859149559383,5.150527475014445,1.063829978016479,#8c564b,f
131.4549715608248,220.2772737181814,4,0,0,0,0,1,0,0,0,0,0,0.0003800051676359012,0.00023453700590366205,0.00023453700590366205,0.37955427974194206,0.37955427974194206,0.23910421331267853,0.00023453700590366205,0.00023453700590366205,0.00023453700590366205,0.00023453700590366205,15.978337709842034,5.6811100051930294,5.7398388152753625,1.0862938759819716,#9467bd,e
138.4165438129094,220.5957813072502,5,0,0,0,0,0,1,0,0,0,0,0.00039684754840897744,0.0002345330542404508,0.0002345330542404508,0.37954788471409495,0.37954788471409495,0.2391001846975789,0.0002345330542404508,0.0002345330542404508,0.0002345330542404508,0.0002345330542404508,11.146302795099952,10.846820413182026,3.907968986084491,1.1034671011626935,#8c564b,f
149.8570141645026,215.36644719512995,3,0,0,0,1,0,0,0,0,0,0,0.0004505784565449193,0.00023452044756352975,0.00023452044756352975,0.3795274831652636,0.3795274831652636,0.23908733252716735,0.00023452044756352975,0.00023452044756352975,0.00023452044756352975,0.00023452044756352975,11.595878365123237,9.744817837559786,3.789680914920637,1.0269581960296343,#d62728,d
153.1155037397896,217.58782078370172,4,0,0,0,0,1,0,0,0,0,0,0.00045511328316492753,0.00023451938357455068,0.00023451938357455068,0.3795257612980936,0.3795257612980936,0.23908624781882107,0.00023451938357455068,0.00023451938357455068,0.00023451938357455068,0.00023451938357455068,10.992057069948368,11.114816827382844,5.343128230959642,1.0109042245015716,#9467bd,e
44.24035150406584,223.94735468884147,3,0,0,0,1,0,0,0,0,0,0,0.0005060991948014843,0.00023450742094563133,0.00023450742094563133,0.3795064020204999,0.3795064020204999,0.23907405223814548,0.00023450742094563133,0.00023450742094563133,0.00023450742094563133,0.00023450742094563133,17.08635562751685,4.741602587139642,4.479352437837491,1.1775832748142012,#d62728,d
53.882365223974524,225.6964780693152,4,0,0,0,0,1,0,0,0,0,0,0.00045759745740344424,0.00023451880072227578,0.00023451880072227578,0.3795248180606947,0.3795248180606947,0.2390856536164941,0.00023451880072227578,0.00023451880072227578,0.00023451880072227578,0.00023451880072227578,8.417902733666464,13.4961743039827,5.945667026213125,0.9831550656475414,#9467bd,e
63.178023933730785,224.1594773139468,3,0,0,0,1,0,0,0,0,0,0,0.00042467327237354514,0.000234526525597547,0.000234526525597547,0.3795373193265755,0.3795373193265755,0.23909352892051083,0.000234526525597547,0.000234526525597547,0.000234526525597547,0.000234526525597547,15.85977689728653,6.045190230312436,1.8923026018504698,0.9893038102383167,#d62728,d
71.32383403074185,227.10736083062895,4,0,0,0,0,1,0,0,0,0,0,0.00038842927140930706,0.00023453502938849963,0.00023453502938849963,0.3795510811218097,0.3795510811218097,0.23910219830826082,0.00023453502938849963,0.00023453502938849963,0.00023453502938849963,0.00023453502938849963,16.426272795788567,5.132254969205897,3.061094080793616,0.9397377051298214,#9467bd,e
76.82624209123709,226.53088826965237,3,0,0,0,1,0,0,0,0,0,0,0.0003733635293345808,0.00023453856420578635,0.00023453856420578635,0.3795568015624886,0.3795568015624886,0.23910580196007386,0.00023453856420578635,0.00023453856420578635,0.00023453856420578635,0.00023453856420578635,17.086357689424872,4.782642243156803,5.3909828461498375,0.8433629973282045,#d62728,d
85.66411433445293,226.20479538225746,3,0,0,0,1,0,0,0,0,0,0,0.0003521951006030022,0.00023454353087304,0.00023454353087304,0.3795648391845471,0.3795648391845471,0.23911086534468515,0.00023454353087304,0.00023454353087304,0.00023454353087304,0.00023454353087304,17.182675993075396,5.214472723043677,3.7768704583103725,1.0500117955705985,#d62728,d
97.55920547033159,226.045297776811,3,0,0,0,1,0,0,0,0,0,0,0.0003335299754622972,0.00023454791019977207,0.00023454791019977207,0.3795719263058188,0.3795719263058188,0.23911532995132184,0.00023454791019977207,0.00023454791019977207,0.00023454791019977207,0.00023454791019977207,15.92789383178634,6.037787932907706,3.890635747009812,0.9192989078240704,#d62728,d
101.01399808146863,225.41890224328222,3,0,0,0,1,0,0,0,0,0,0,0.0003328581052262963,0.00023454806783810897,0.00023454806783810897,0.37957218141398474,0.37957218141398474,0.239115490659396,0.00023454806783810897,0.00023454806783810897,0.00023454806783810897,0.00023454806783810897,12.809632613196662,9.076342704913824,3.1920018936073853,0.9919184030926538,#d62728,d
112.72386413219928,227.6428616634755,3,0,0,0,1,0,0,0,0,0,0,0.00032526442105725674,0.00023454984951510425,0.00023454984951510425,0.37957506472498326,0.37957506472498326,0.2391173070315062,0.00023454984951510425,0.00023454984951510425,0.00023454984951510425,0.00023454984951510425,16.008489782125594,6.0268847442314835,5.803323806745808,0.9670520033143659,#d62728,d
120.77873157290473,223.00779166350793,4,0,0,0,0,1,0,0,0,0,0,0.0003502970664542842,0.00023454397620151343,0.00023454397620151343,0.3795655598653937,0.3795655598653937,0.2391113193451696,0.00023454397620151343,0.00023454397620151343,0.00023454397620151343,0.00023454397620151343,12.778849530913634,9.270160951937056,1.3871121984855124,1.0815587431810485,#9467bd,e
129.59338057198372,223.41845384853488,5,0,0,0,0,0,1,0,0,0,0,0.00036523757103209533,0.00023454047076822035,0.00023454047076822035,0.37955988697721293,0.37955988697721293,0.23910774564955328,0.00023454047076822035,0.00023454047076822035,0.00023454047076822035,0.00023454047076822035,18.108731538100162,4.164756112065547,2.690679648686253,1.0405937479464011,#8c564b,f
133.11015103834396,224.32344355006677,3,0,0,0,1,0,0,0,0,0,0,0.0003707099621535528,0.0002345391868020778,0.0002345391868020778,0.3795578091181452,0.3795578091181452,0.23910643668036416,0.0002345391868020778,0.0002345391868020778,0.0002345391868020778,0.0002345391868020778,12.705554736390933,9.035690766739304,3.3718425865059385,1.054720135061677,#d62728,d
145.19721220013534,224.1714912160489,4,0,0,0,0,1,0,0,0,0,0,0.0004069045291731526,0.000234530694609622,0.000234530694609622,0.37954406609290886,0.37954406609290886,0.23909777911697194,0.000234530694609622,0.000234530694609622,0.000234530694609622,0.000234530694609622,16.3497656967027,5.492631606185844,5.161351115637042,1.0947398164253659,#9467bd,e
152.0661110933634,225.88580169822026,5,0,0,0,0,0,1,0,0,0,0,0.0004268881372684887,0.00023452600593229059,0.00023452600593229059,0.37953647834554843,0.37953647834554843,0.23909299913566157,0.00023452600593229059,0.00023452600593229059,0.00023452600593229059,0.00023452600593229059,10.91672253113749,10.468983298123208,6.235064646900103,1.0367268526520124,#8c564b,f
156.7915894780717,227.09736233835775,5,0,0,0,0,0,1,0,0,0,0,0.00044259276492435536,0.00023452232121573,0.00023452232121573,0.3795305153209297,0.3795305153209297,0.23908924266554246,0.00023452232121573,0.00023452232121573,0.00023452232121573,0.00023452232121573,11.930717006871879,10.06309193129117,5.005248763462466,1.1632241317445118,#8c564b,f
51.37442121852871,233.77351618478482,3,0,0,0,1,0,0,0,0,0,0,0.00045066093039593084,0.00023452042821300637,0.00023452042821300637,0.37952745185006054,0.37952745185006054,0.2390873127998256,0.00023452042821300637,0.00023452042821300637,0.00023452042821300637,0.00023452042821300637,10.499241106512832,11.214317194752441,2.2991498084630186,0.9999748118492497,#d62728,d
57.82255690667925,231.72006074665455,3,0,0,0,1,0,0,0,0,0,0,0.00042695763716407654,0.00023452598962579662,0.00023452598962579662,0.3795364519565376,0.3795364519565376,0.2390929825116265,0.00023452598962579662,0.00023452598962579662,0.00023452598962579662,0.00023452598962579662,14.061377787631558,7.979071003780688,4.250761860127399,0.9794197962890453,#d62728,d
64.25579037119635,233.24033157426717,5,0,0,0,0,0,1,0,0,0,0,0.000398325542012238,0.00023453270746447966,0.00023453270746447966,0.3795473235220415,0.3795473235220415,0.2390998311687383,0.00023453270746447966,0.00023453270746447966,0.00023453270746447966,0.00023453270746447966,14.858334412911104,7.31379180225988,5.930427802748055,1.0553283733722825,#8c564b,f
73.91032506898273,233.30847218978386,4,0,0,0,0,1,0,0,0,0,0,0.0003644224040729624,0.00023454066202771787,0.00023454066202771787,0.37956019649493933,0.37956019649493933,0.23910794063350269,0.00023454066202771787,0.00023454066202771787,0.00023454066202771787,0.00023454066202771787,11.08674142793952,10.615606766323063,6.094663860561098,1.0271182868490698,#9467bd,e
80.3197993643711,231.3209683966267,3,0,0,0,1,0,0,0,0,0,0,0.00035032233048415916,0.000234543970273911,0.000234543970273911,0.37956555027267774,0.37956555027267774,0.23911131330213725,0.000234543970273911,0.000234543970273911,0.000234543970273911,0.000234543970273911,9.72598472295971,12.31918009534274,2.995639012894041,0.9976071391935444,#d62728,d
92.3326456374531,235.54107891105207,5,0,0,0,0,0,1,0,0,0,0,0.0003108960187200037,0.00023455322071824265,0.00023455322071824265,0.37958052038676304,0.37958052038676304,0.23912074388306492,0.00023455322071824265,0.00023455322071824265,0.00023455322071824265,0.00023455322071824265,12.960526362714921,8.881736695386996,4.175758931743448,1.059366708502688,#8c564b,f
95.96720067234504,233.61297633461126,4,0,0,0,0,1,0,0,0,0,0,0.00031060569207879904,0.0002345532888364691,0.0002345532888364691,0.3795806306233727,0.3795806306233727,0.23912081332777743,0.0002345532888364691,0.0002345532888364691,0.0002345532888364691,0.0002345532888364691,13.665345545753999,8.30837692139164,5.815372790724464,0.888897625187511,#9467bd,e
106.7860101495642,232.7948155320856,3,0,0,0,1,0,0,0,0,0,0,0.00030551202958833577,0.00023455448394296536,0.00023455448394296536,0.37958256467972196,0.37958256467972196,0.2391220317069305,0.00023455448394296536,0.00023455448394296536,0.00023455448394296536,0.00023455448394296536,11.535605471750221,10.466350268521323,3.621675559572551,1.0853326783377037,#d62728,d
113.8600631631779,234.2507862092791,4,0,0,0,0,1,0,0,0,0,0,0.0003043137812912483,0.00023455476508336804,0.00023455476508336804,0.37958301965288344,0.37958301965288344,0.23912231832206213,0.00023455476508336804,0.00023455476508336804,0.00023455476508336804,0.00023455476508336804,10.811252029788253,10.509211444910548,3.797076499778716,1.0358635436028367,#9467bd,e
124.63823909812537,230.7594039690857,5,0,0,0,0,0,1,0,0,0,0,0.00033170064940713715,0.0002345483394075291,0.0002345483394075291,0.3795726208983009,0.3795726208983009,0.2391157675171665,0.0002345483394075291,0.0002345483394075291,0.0002345483394075291,0.0002345483394075291,10.788715166174427,10.725665988112844,2.0675326653813992,1.0130691773512757,#8c564b,f
133.17234579533795,235.15203377871984,3,0,0,0,1,0,0,0,0,0,0,0.0003409159020758034,0.00023454617726813537,0.00023454617726813537,0.37956912188006653,0.37956912188006653,0.2391135632738028,0.00023454617726813537,0.00023454617726813537,0.00023454617726813537,0.00023454617726813537,11.920064795742988,10.293657119255169,2.466902233037923,0.8457023625680203,#d62728,d
137.76516832330984,234.12816096683162,3,0,0,0,1,0,0,0,0,0,0,0.00035703791013002884,0.00023454239462321254,0.00023454239462321254,0.3795630003767086,0.3795630003767086,0.23910970696833395,0.00023454239462321254,0.00023454239462321254,0.00023454239462321254,0.00023454239462321254,9.542454094316804,12.541515089007953,0.35740078805898123,1.1412048436780418,#d62728,d
144.3494099428371,231.06593544910143,3,0,0,0,1,0,0,0,0,0,0,0.0003858558535106325,0.00023453563317967228,0.00023453563317967228,0.3795520582448985,0.3795520582448985,0.2391028138572348,0.00023453563317967228,0.00023453563317967228,0.00023453563317967228,0.00023453563317967228,12.1048173908172,10.40701540409503,3.753959932660499,1.0715863091918385,#d62728,d
155.3106077062037,234.60794021491586,5,0,0,0,0,0,1,0,0,0,0,0.00041996209061447584,0.00023452763096405604,0.00023452763096405604,0.379539108155539,0.379539108155539,0.23909465581214376,0.00023452763096405604,0.00023452763096405604,0.00023452763096405604,0.00023452763096405604,12.600681792736225,9.354416212938272,2.1611328553922977,1.020735957362359,#8c564b,f
57.52239785923837,245.48386115760115,3,0,0,0,1,0,0,0,0,0,0,0.00040638917462151923,0.0002345308155252841,0.0002345308155252841,0.37954426177229367,0.37954426177229367,0.2390979023872599,0.0002345308155252841,0.0002345308155252841,0.0002345308155252841,0.0002345308155252841,9.264608052348516,12.515090002261156,0.3962842901965082,1.0846263845209232,#d62728,d
63.71127776136863,238.6036797068123,4,0,0,0,0,1,0,0,0,0,0,0.0003902195390480007,0.00023453460934486913,0.00023453460934486913,0.37955040135975243,0.37955040135975243,0.23910177008499842,0.00023453460934486913,0.00023453460934486913,0.00023453460934486913,0.00023453460934486913,13.957778358610641,7.639756130057021,4.2462053478155415,0.9374510586445034,#9467bd,e
69.83382912147107,238.589839994611,4,0,0,0,0,1,0,0,0,0,0,0.00036737537106064984,0.00023453996918439794,0.00023453996918439794,0.3795590752576052,0.3795590752576052,0.23910723429824304,0.00023453996918439794,0.00023453996918439794,0.00023453996918439794,0.00023453996918439794,14.002879820472838,7.70735152160805,3.937248293147542,0.9417896512154773,#9467bd,e
78.90869795699952,240.12901133723386,3,0,0,0,1,0,0,0,0,0,0,0.00033424887115636833,0.00023454774152803233,0.00023454774152803233,0.37957165334215387,0.37957165334215387,0.2391151579949882,0.00023454774152803233,0.00023454774152803233,0.00023454774152803233,0.00023454774152803233,16.461460947923115,5.61699250255924,4.612136606470412,0.9873338175044026,#d62728,d
86.55260072429267,238.20665941670416,3,0,0,0,1,0,0,0,0,0,0,0.00031674792259200776,0.00023455184770847888,0.00023455184770847888,0.3795782984272477,0.3795782984272477,0.23911934413628225,0.00023455184770847888,0.00023455184770847888,0.00023455184770847888,0.00023455184770847888,18.349104844631754,3.725748570347241,1.6140107127298031,0.9426760791482318,#d62728,d
96.29315257431985,239.707225426687,4,0,0,0,0,1,0,0,0,0,0,0.0002924009255247254,0.0002345575601510315,0.0002345575601510315,0.3795875429471488,0.3795875429471488,0.23912516781889204,0.0002345575601510315,0.0002345575601510315,0.0002345575601510315,0.0002345575601510315,13.616112875797475,8.225061415024042,2.90025589541448,1.0746292920999567,#9467bd,e
99.28598288020505,239.89952371151526,5,0,0,0,0,0,1,0,0,0,0,0.00028754684298867324,0.0002345586990458018,0.0002345586990458018,0.3795893860353326,0.3795893860353326,0.23912632889169183,0.0002345586990458018,0.0002345586990458018,0.0002345586990458018,0.0002345586990458018,17.905434695019927,4.418061603514509,3.1914918126014293,0.8948066018315202,#8c564b,f
109.7236664570653,240.80930607107084,3,0,0,0,1,0,0,0,0,0,0,0.00028085717443928823,0.00023456026861707908,0.00023456026861707908,0.3795919260928956,0.3795919260928956,0.23912792902768762,0.00023456026861707908,0.00023456026861707908,0.00023456026861707908,0.00023456026861707908,12.080083377215146,9.495312766930283,5.480733472673137,1.0388250527498422,#d62728,d
116.22153800988598,240.6753918490573,4,0,0,0,0,1,0,0,0,0,0,0.0002883339001330399,0.0002345585143816023,0.0002345585143816023,0.3795890871908626,0.3795890871908626,0.2391261406314726,0.0002345585143816023,0.0002345585143816023,0.0002345585143816023,0.0002345585143816023,11.75168652730623,10.984710632691936,4.972602234609279,1.0550961568060895,#9467bd,e
127.63278094856798,238.4757279110925,3,0,0,0,1,0,0,0,0,0,0,0.00031810237019828924,0.00023455152991963123,0.00023455152991963123,0.3795777841454323,0.3795777841454323,0.23911902015903982,0.00023455152991963123,0.00023455152991963123,0.00023455152991963123,0.00023455152991963123,14.403283185530112,8.216213472932102,3.9810902976137315,1.000800897539631,#d62728,d
137.01652294829938,238.55775027120112,5,0,0,0,0,0,1,0,0,0,0,0.00034520882915308485,0.00023454517003511835,0.00023454517003511835,0.3795674918618064,0.3795674918618064,0.23911253642664396,0.00023454517003511835,0.00023454517003511835,0.00023454517003511835,0.00023454517003511835,12.880278892813372,9.15238776951021,5.7774823917036375,0.8874585474984803,#8c564b,f
142.57558922248478,239.90929127468974,4,0,0,0,0,1,0,0,0,0,0,0.0003615179384798625,0.0002345413434913415,0.0002345413434913415,0.3795612993163634,0.3795612993163634,0.2391086353674659,0.0002345413434913415,0.0002345413434913415,0.0002345413434913415,0.0002345413434913415,16.18946352524446,6.09110227250077,4.069017238242136,1.013463103561757,#9467bd,e
150.1367330168171,242.91373762215505,4,0,0,0,0,1,0,0,0,0,0,0.0003855316360907118,0.0002345357092495622,0.0002345357092495622,0.37955218134978835,0.37955218134978835,0.23910289140845584,0.0002345357092495622,0.0002345357092495622,0.0002345357092495622,0.0002345357092495622,11.499099105688845,10.646361211702224,3.530497507805781,0.9623082666842843,#9467bd,e
155.97635209940412,240.0459761902164,4,0,0,0,0,1,0,0,0,0,0,0.0004135397974391283,0.00023452913780207463,0.00023452913780207463,0.37954154669105555,0.37954154669105555,0.23909619199325785,0.00023452913780207463,0.00023452913780207463,0.00023452913780207463,0.00023452913780207463,18.058473195151166,4.2583171696168565,2.1455409137470993,1.0172854234965885,#9467bd,e
58.941157348048655,245.59659340898583,4,0,0,0,0,1,0,0,0,0,0,0.00040022203241892143,0.0002345322624982085,0.0002345322624982085,0.3795466034273515,0.3795466034273515,0.2390993775375094,0.0002345322624982085,0.0002345322624982085,0.0002345322624982085,0.0002345322624982085,14.66277782222939,7.731474331538195,5.994554917291221,0.9401903729353368,#9467bd,e
67.77979433556366,246.7784191092122,4,0,0,0,0,1,0,0,0,0,0,0.00036346364371352076,0.00023454088697798418,0.00023454088697798418,0.379560560534874,0.379560560534874,0.23910816996429105,0.00023454088697798418,0.00023454088697798418,0.00023454088697798418,0.00023454088697798418,18.21340658565867,4.090134714465895,1.1271095678935281,0.9004265206575377,#9467bd,e
75.79417404350073,248.12622375068588,4,0,0,0,0,1,0,0,0,0,0,0.00033287676874367735,0.00023454806345915945,0.00023454806345915945,0.3795721743274739,0.3795721743274739,0.23911548619517392,0.00023454806345915945,0.00023454806345915945,0.00023454806345915945,0.00023454806345915945,10.914890818960075,11.428563022649772,6.202412974142745,1.011100311236161,#9467bd,e
83.78546951364706,245.42348669160953,4,0,0,0,0,1,0,0,0,0,0,0.00031027265898215785,0.00023455336697474739,0.00023455336697474739,0.3795807570755623,0.3795807570755623,0.23912089298766517,0.00023455336697474739,0.00023455336697474739,0.00023455336697474739,0.00023455336697474739,9.516778044976807,12.512917630768893,4.375539751473432,1.0321914054779762,#9467bd,e
90.50530576692327,250.00410187880257,5,0,0,0,0,0,1,0,0,0,0,0.0002843066887952898,0.00023455945927075436,0.00023455945927075436,0.3795906163172372,0.3795906163172372,0.23912710392072625,0.00023455945927075436,0.00023455945927075436,0.00023455945927075436,0.00023455945927075436,12.410253158600115,9.566048388783484,0.655971061069359,0.9532978070703461,#8c564b,f
99.51934162151728,247.61614509092723,3,0,0,0,1,0,0,0,0,0,0,0.0002669542038191873,0.00023456353061775858,0.00023456353061775858,0.3795972050309193,0.3795972050309193,0.2391312545502562,0.00023456353061775858,0.00023456353061775858,0.00023456353061775858,0.00023456353061775858,17.35098989657697,4.999745195586487,4.15301467092549,0.9226800844333258,#d62728,d
104.90641493006885,248.0793069517362,3,0,0,0,1,0,0,0,0,0,0,0.0002592240160665649,0.00023456534432206617,0.00023456534432206617,0.3796001401721329,0.3796001401721329,0.2391331035733559,0.00023456534432206617,0.00023456534432206617,0.00023456534432206617,0.00023456534432206617,13.949728893884057,8.142866675680878,0.8606273138690443,0.9326787338110869,#d62728,d
115.15906394740702,247.20973629788958,3,0,0,0,1,0,0,0,0,0,0,0.00027020750191563325,0.00023456276730890238,0.00023456276730890238,0.3795959697582935,0.3795959697582935,0.2391304763772644,0.00023456276730890238,0.00023456276730890238,0.00023456276730890238,0.00023456276730890238,16.12672641828986,5.913915148809011,0.9838560949648596,0.9672223751848417,#d62728,d
123.28527220189332,247.41494009376873,4,0,0,0,0,1,0,0,0,0,0,0.0002890342705398257,0.00023455835005637966,0.00023455835005637966,0.3795888212612227,0.3795888212612227,0.23912597310629705,0.00023455835005637966,0.00023455835005637966,0.00023455835005637966,0.00023455835005637966,10.488970405011473,11.60203760610944,3.0698548593612633,1.045491375737186,#9467bd,e
131.14523348693444,248.20822490961774,3,0,0,0,1,0,0,0,0,0,0,0.00031124418609797955,0.00023455313902906599,0.00023455313902906599,0.3795803881881085,0.3795803881881085,0.23912066060313114,0.00023455313902906599,0.00023455313902906599,0.00023455313902906599,0.00023455313902906599,11.468857547429035,10.621733614776371,5.300923215369996,0.9042459773515051,#d62728,d
136.13609215048822,245.7046313287918,4,0,0,0,0,1,0,0,0,0,0,0.0003306173117670446,0.000234548593586885,0.000234548593586885,0.3795730322400505,0.3795730322400505,0.23911602664623102,0.000234548593586885,0.000234548593586885,0.000234548593586885,0.000234548593586885,12.24043101045873,9.545055786742084,4.270813830888131,0.9837059948788579,#9467bd,e
146.81463341003587,245.27282729747574,4,0,0,0,0,1,0,0,0,0,0,0.00036963319728759557,0.00023453943943928897,0.00023453943943928897,0.3795582179642219,0.3795582179642219,0.2391066942372533,0.00023453943943928897,0.00023453943943928897,0.00023453943943928897,0.00023453943943928897,14.773385574658416,7.3105253959570975,2.20592355825335,0.8814839814732932,#9467bd,e
153.94704026556315,247.31593697459903,4,0,0,0,0,1,0,0,0,0,0,0.0003963966320133492,0.00023453316003723546,0.00023453316003723546,0.3795480559264043,0.3795480559264043,0.23910029255457516,0.00023453316003723546,0.00023453316003723546,0.00023453316003723546,0.00023453316003723546,14.989943236398032,7.356662096445521,3.4149327950902175,1.0910583418274296,#9467bd,e
164.23970002043714,247.4623556944953,4,0,0,0,0,1,0,0,0,0,0,0.00044237463292249267,0.00023452237239520506,0.00023452237239520506,0.3795305981453382,0.3795305981453382,0.23908929484165034,0.00023452237239520506,0.00023452237239520506,0.00023452237239520506,0.00023452237239520506,17.502438341419595,3.897353578346978,4.708726263077772,1.0834018950766464,#9467bd,e
57.65593840939136,256.0883578012298,3,0,0,0,1,0,0,0,0,0,0,0.0003999261786084864,0.00023453233191325344,0.00023453233191325344,0.3795467157626194,0.3795467157626194,0.23909944830429372,0.00023453233191325344,0.00023453233191325344,0.00023453233191325344,0.00023453233191325344,7.132814126433543,15.237553625555183,1.2911862871879913,1.0406451325991852,#d62728,d
63.478204346979936,254.18090422714863,3,0,0,0,1,0,0,0,0,0,0,0.00037574805651770655,0.00023453800473331794,0.00023453800473331794,0.3795558961609339,0.3795558961609339,0.23910523159283514,0.00023453800473331794,0.00023453800473331794,0.00023453800473331794,0.00023453800473331794,15.73452832667362,6.493436381570009,0.019159714772600485,1.0854349745508052,#d62728,d
70.8124332333451,253.79966341947753,3,0,0,0,1,0,0,0,0,0,0,0.00034714244708870557,0.00023454471635775742,0.00023454471635775742,0.3795667576698468,0.3795667576698468,0.23911207391469166,0.00023454471635775742,0.00023454471635775742,0.00023454471635775742,0.00023454471635775742,15.683236067164929,6.277420947058848,3.8090372696608994,1.0440601238854643,#d62728,d
79.77898701524275,252.51830685516094,3,0,0,0,1,0,0,0,0,0,0,0.0003156956317802639,0.00023455209460343656,0.00023455209460343656,0.37957869798056115,0.37957869798056115,0.2391195958390973,0.00023455209460343656,0.00023455209460343656,0.00023455209460343656,0.00023455209460343656,17.641072637863566,4.564383537467196,3.907022813680027,1.0577268609053978,#d62728,d
89.0472699624593,255.65918588925916,3,0,0,0,1,0,0,0,0,0,0,0.00028441129643725347,0.0002345594347270645,0.0002345594347270645,0.3795905765978654,0.3795905765978654,0.23912707889908996,0.0002345594347270645,0.0002345594347270645,0.0002345594347270645,0.0002345594347270645,10.546454497663007,11.668297196724303,3.641597228148895,1.0446209310452008,#d62728,d
93.95600060086682,254.47622850432637,3,0,0,0,1,0,0,0,0,0,0,0.00027023482347158194,0.0002345627608985505,0.0002345627608985505,0.3795959593843379,0.3795959593843379,0.23913046984208186,0.0002345627608985505,0.0002345627608985505,0.0002345627608985505,0.0002345627608985505,7.734738190595865,14.69285423336214,1.7620773178417437,0.9663361771301877,#d62728,d
104.77327032407483,254.31974330030937,4,0,0,0,0,1,0,0,0,0,0,0.00024334680344513952,0.00023456906953157533,0.00023456906953157533,0.3796061687270157,0.3796061687270157,0.23913690132495455,0.00023456906953157533,0.00023456906953157533,0.00023456906953157533,0.00023456906953157533,14.384178024584337,8.156339569007624,2.2255345017159724,1.0465853782185375,#9467bd,e
108.94757447176465,253.04204408924107,3,0,0,0,1,0,0,0,0,0,0,0.00024668087204747133,0.00023456828727184511,0.00023456828727184511,0.3796049027859445,0.3796049027859445,0.2391361038320528,0.00023456828727184511,0.00023456828727184511,0.00023456828727184511,0.00023456828727184511,12.700660010948164,9.64602079762597,3.2412829151054163,0.9240825779710424,#d62728,d
115.40089311199918,254.96315322699775,5,0,0,0,0,0,1,0,0,0,0,0.0002585607729170988,0.0002345654999362628,0.0002345654999362628,0.3796003920046063,0.3796003920046063,0.2391332622178731,0.0002345654999362628,0.0002345654999362628,0.0002345654999362628,0.0002345654999362628,13.120982800238602,9.21229277047537,4.251580205204724,1.0703499478995047,#8c564b,f
125.55346366692774,253.73539646159767,4,0,0,0,0,1,0,0,0,0,0,0.00028887082273998485,0.00023455838840551015,0.00023455838840551015,0.3795888833221181,0.3795888833221181,0.23912601220221133,0.00023455838840551015,0.00023455838840551015,0.00023455838840551015,0.00023455838840551015,13.31283796921686,8.380016505677526,1.7272918102286876,0.9132929392675253,#9467bd,e
135.89402519287685,252.81524900256704,3,0,0,0,1,0,0,0,0,0,0,0.0003233064257075362,0.00023455030891204436,0.00023455030891204436,0.379575808173012,0.379575808173012,0.23911777537441667,0.00023455030891204436,0.00023455030891204436,0.00023455030891204436,0.00023455030891204436,12.593203001062284,9.40740100726111,2.2431250255072532,0.9877037639882357,#d62728,d
141.36380312303575,253.62807577396217,3,0,0,0,1,0,0,0,0,0,0,0.0003426034252825878,0.0002345457813310369,0.0002345457813310369,0.37956848112992286,0.37956848112992286,0.23911315962650592,0.0002345457813310369,0.0002345457813310369,0.0002345457813310369,0.0002345457813310369,13.442734038924815,8.420941289391354,1.998531852021575,1.153459639082185,#d62728,d
150.80269387874367,253.44823696368147,4,0,0,0,0,1,0,0,0,0,0,0.00037954571672517326,0.00023453711370286727,0.00023453711370286727,0.37955445419479455,0.37955445419479455,0.23910432321108907,0.00023453711370286727,0.00023453711370286727,0.00023453711370286727,0.00023453711370286727,10.485286642121153,11.802282064236337,2.1249457729752845,0.976892374308885,#9467bd,e
160.3668881151844,254.43993472837258,3,0,0,0,1,0,0,0,0,0,0,0.0004207575548671542,0.000234527444327329,0.000234527444327329,0.379538806118902,0.379538806118902,0.23909446554098537,0.000234527444327329,0.000234527444327329,0.000234527444327329,0.000234527444327329,12.415909575265848,9.644333952410411,3.643114345082378,0.9667339888692128,#d62728,d
168.63189583044291,251.34654893743976,4,0,0,0,0,1,0,0,0,0,0,0.00046132718151019856,0.00023451792563141183,0.00023451792563141183,0.37952340188979544,0.37952340188979544,0.23908476148473096,0.00023451792563141183,0.00023451792563141183,0.00023451792563141183,0.00023451792563141183,12.990191572425465,9.290000717293276,2.3857577428170456,1.0806080152305417,#9467bd,e
57.952130856010484,259.6876384768116,4,0,0,0,0,1,0,0,0,0,0,0.00039889558880657194,0.00023453257371658644,0.00023453257371658644,0.3795471070760905,0.3795471070760905,0.23909969481633342,0.00023453257371658644,0.00023453257371658644,0.00023453257371658644,0.00023453257371658644,14.518958059484396,7.412414394716088,5.261242454689444,0.8770662193672744,#9467bd,e
68.3557580079755,257.1585437147757,3,0,0,0,1,0,0,0,0,0,0,0.0003559586666081634,0.00023454264784198125,0.00023454264784198125,0.3795634101639275,0.3795634101639275,0.23910996511810548,0.00023454264784198125,0.00023454264784198125,0.00023454264784198125,0.00023454264784198125,16.624959738369846,5.735940580940535,3.153828741346586,0.945932264735891,#d62728,d
75.72859737278738,261.736610339239,4,0,0,0,0,1,0,0,0,0,0,0.0003297728379460918,0.00023454879172253912,0.00023454879172253912,0.37957335288555033,0.37957335288555033,0.2391162286402384,0.00023454879172253912,0.00023454879172253912,0.00023454879172253912,0.00023454879172253912,15.44942240957475,6.287053881716873,3.505380550200017,0.9081093151186862,#9467bd,e
82.69122195047727,259.9818049807438,5,0,0,0,0,0,1,0,0,0,0,0.00030514972249774365,0.0002345545689496886,0.0002345545689496886,0.37958270224720514,0.37958270224720514,0.23912211836901442,0.0002345545689496886,0.0002345545689496886,0.0002345545689496886,0.0002345545689496886,11.381499877430098,10.645584074135847,2.006776491391098,0.8929491300781894,#8c564b,f
91.38282256058248,260.44075532813883,4,0,0,0,0,1,0,0,0,0,0,0.00027819687007871505,0.00023456089279408904,0.00023456089279408904,0.37959293620664947,0.37959293620664947,0.23912856535947824,0.00023456089279408904,0.00023456089279408904,0.00023456089279408904,0.00023456089279408904,15.107030190118278,6.830561890101921,1.7135023570675672,0.8863159277757228,#9467bd,e
98.56400831209915,261.65061414714063,3,0,0,0,1,0,0,0,0,0,0,0.0002596247602569773,0.00023456525029699358,0.00023456525029699358,0.37959998801013795,0.37959998801013795,0.23913300771730567,0.00023456525029699358,0.00023456525029699358,0.00023456525029699358,0.00023456525029699358,19.044096148439145,3.376664540351886,2.981894828769574,1.0103112364041114,#d62728,d
106.93289333481735,261.8267941456791,4,0,0,0,0,1,0,0,0,0,0,0.000246986327868209,0.0002345682156039173,0.0002345682156039173,0.3796047868048071,0.3796047868048071,0.23913603076851458,0.0002345682156039173,0.0002345682156039173,0.0002345682156039173,0.0002345682156039173,21.945797648185142,0.2522746188834276,4.544828016546404,1.0619081565282804,#9467bd,e
113.24737113582228,262.80031905989154,3,0,0,0,1,0,0,0,0,0,0,0.0002578062644695006,0.0002345656769636864,0.0002345656769636864,0.37960067849038287,0.37960067849038287,0.23913344269260325,0.0002345656769636864,0.0002345656769636864,0.0002345656769636864,0.0002345656769636864,10.533799868565959,11.520950274415924,0.7296403890937379,0.9396064443895922,#d62728,d
123.00034768583951,258.73592454481786,5,0,0,0,0,0,1,0,0,0,0,0.00028030911965904414,0.0002345603972050704,0.0002345603972050704,0.3795921341885104,0.3795921341885104,0.23912806011971036,0.0002345603972050704,0.0002345603972050704,0.0002345603972050704,0.0002345603972050704,9.886076559855034,12.354441973569662,2.9547957329182117,0.9977470742215855,#8c564b,f
129.57083982564956,261.70947425676883,4,0,0,0,0,1,0,0,0,0,0,0.00030231561949604636,0.00023455523390440724,0.00023455523390440724,0.37958377835205404,0.37958377835205404,0.23912279627258992,0.00023455523390440724,0.00023455523390440724,0.00023455523390440724,0.00023455523390440724,15.389406121915838,6.597099615375624,1.0139485872772303,1.1053281942150006,#9467bd,e
136.98711896455197,261.73573188396807,4,0,0,0,0,1,0,0,0,0,0,0.000327325130877398,0.00023454936601866182,0.00023454936601866182,0.37957428227641715,0.37957428227641715,0.23911681411979677,0.00023454936601866182,0.00023454936601866182,0.00023454936601866182,0.00023454936601866182,14.706167583038154,7.119658135972439,0.7127876584960113,1.0488796638902564,#9467bd,e
146.09428237555778,260.3411661248232,5,0,0,0,0,0,1,0,0,0,0,0.00036053782364026306,0.00023454157345192763,0.00023454157345192763,0.3795616714645636,0.3795616714645636,0.23910886980614146,0.00023454157345192763,0.00023454157345192763,0.00023454157345192763,0.00023454157345192763,12.23147775107039,9.888338579635708,4.472144754606819,1.058060208075576,#8c564b,f
154.9059657648843,257.8056267472314,3,0,0,0,1,0,0,0,0,0,0,0.00039624016325834105,0.0002345331967488994,0.0002345331967488994,0.3795481153373664,0.3795481153373664,0.23910032998113603,0.0002345331967488994,0.0002345331967488994,0.0002345331967488994,0.0002345331967488994,10.88140234268627,11.04591502784847,1.068128914114196,0.9482533146881013,#d62728,d
163.49787532980048,261.85753191378353,4,0,0,0,0,1,0,0,0,0,0,0.00043596564828875874,0.0002345238761106916,0.0002345238761106916,0.3795330316276206,0.3795330316276206,0.23909082783942642,0.0002345238761106916,0.0002345238761106916,0.0002345238761106916,0.0002345238761106916,7.975819194875181,14.204245232414696,5.977354354593711,0.9846317855459863,#9467bd,e
171.78012806976665,262.6588318645847,4,0,0,0,0,1,0,0,0,0,0,0.0004772476345235667,0.00023451419027657532,0.00023451419027657532,0.3795173569165977,0.3795173569165977,0.23908095339024202,0.00023451419027657532,0.00023451419027657532,0.00023451419027657532,0.00023451419027657532,11.294700201812683,10.378450983698054,4.053477322009519,0.9574558578423745,#9467bd,e
63.13959299984292,266.1510897948337,5,0,0,0,0,0,1,0,0,0,0,0.00038057209663950947,0.00023453687288728405,0.00023453687288728405,0.37955406447981166,0.37955406447981166,0.23910407770603387,0.00023453687288728405,0.00023453687288728405,0.00023453687288728405,0.00023453687288728405,17.3427764757222,4.662424229929159,5.344875055035803,0.9672863739657371,#8c564b,f
67.50503315101165,268.400405012187,5,0,0,0,0,0,1,0,0,0,0,0.0003655687134288704,0.0002345403930735497,0.0002345403930735497,0.37955976124291935,0.37955976124291935,0.2391076664419117,0.0002345403930735497,0.0002345403930735497,0.0002345403930735497,0.0002345403930735497,11.103852612662886,10.794677875615191,4.847834773409816,1.1141144223397548,#8c564b,f
79.06159664656963,265.27615565475935,4,0,0,0,0,1,0,0,0,0,0,0.0003209525011469459,0.00023455086120433686,0.00023455086120433686,0.3795767019547949,0.3795767019547949,0.2391183384216578,0.00023455086120433686,0.00023455086120433686,0.00023455086120433686,0.00023455086120433686,9.283449462586495,12.27132628386788,2.486581758260609,0.9614556725380385,#9467bd,e
84.46370605832439,267.296895535872,4,0,0,0,0,1,0,0,0,0,0,0.0003060944633499281,0.00023455434728876547,0.00023455434728876547,0.3795823435304572,0.3795823435304572,0.2391218923916236,0.00023455434728876547,0.00023455434728876547,0.00023455434728876547,0.00023455434728876547,15.266835481049638,6.782520812999303,1.4166564779928352,1.016153161174637,#9467bd,e
97.81774822786375,267.57473054532534,5,0,0,0,0,0,1,0,0,0,0,0.00027238989678338686,0.00023456225526196397,0.00023456225526196397,0.3795951411060893,0.3795951411060893,0.23912995435908682,0.00023456225526196397,0.00023456225526196397,0.00023456225526196397,0.00023456225526196397,13.00270674028019,8.534010016339357,2.8180611486294698,1.0478827323327966,#8c564b,f
104.83219355783878,268.4793854218927,4,0,0,0,0,1,0,0,0,0,0,0.0002659443955733237,0.00023456376754519474,0.00023456376754519474,0.37959758845366337,0.37959758845366337,0.23913149609144932,0.00023456376754519474,0.00023456376754519474,0.00023456376754519474,0.00023456376754519474,7.903899425776686,14.012797213044738,1.8564188134042516,0.980142378165523,#9467bd,e
112.38003391239616,267.3751720655623,4,0,0,0,0,1,0,0,0,0,0,0.0002665383638697966,0.00023456362818469117,0.00023456362818469117,0.3795973629247522,0.3795973629247522,0.2391313540171381,0.00023456362818469117,0.00023456362818469117,0.00023456362818469117,0.00023456362818469117,15.30386342415965,7.036948268061285,4.551750663067855,0.9872626441820312,#9467bd,e
117.81756459470532,270.09971565121594,3,0,0,0,1,0,0,0,0,0,0,0.00028254644207596503,0.00023455987227069167,0.00023455987227069167,0.3795912846803943,0.3795912846803943,0.2391275249631316,0.00023455987227069167,0.00023455987227069167,0.00023455987227069167,0.00023455987227069167,11.050073929771994,11.244477659865922,1.3888059420598333,1.0669511316557947,#d62728,d
129.07540907754702,264.5294726685717,3,0,0,0,1,0,0,0,0,0,0,0.0003031292925042261,0.00023455504299542973,0.00023455504299542973,0.3795834694015787,0.3795834694015787,0.23912260164598628,0.00023455504299542973,0.00023455504299542973,0.00023455504299542973,0.00023455504299542973,12.375618108926645,9.389297153732464,1.207437410588118,1.0350707101451802,#d62728,d
133.55257968466083,270.5874794715947,4,0,0,0,0,1,0,0,0,0,0,0.00032524216021386887,0.00023454985473808057,0.00023454985473808057,0.3795750731773936,0.3795750731773936,0.23911731235619105,0.00023454985473808057,0.00023454985473808057,0.00023454985473808057,0.00023454985473808057,14.375012456180638,7.463221163748081,4.475810879993728,0.9707317117965806,#9467bd,e
141.97150364278602,266.0037667398653,4,0,0,0,0,1,0,0,0,0,0,0.0003484052081901446,0.00023454442008096282,0.00023454442008096282,0.3795662782012659,0.3795662782012659,0.23911177186841276,0.00023454442008096282,0.00023454442008096282,0.00023454442008096282,0.00023454442008096282,18.586706029891246,3.461855078422832,3.265750859396947,1.0290552442276117,#9467bd,e
151.70974633004107,268.7962679625095,3,0,0,0,1,0,0,0,0,0,0,0.00038896523508911816,0.00023453490363739682,0.00023453490363739682,0.3795508776171684,0.3795508776171684,0.23910207010837017,0.00023453490363739682,0.00023453490363739682,0.00023453490363739682,0.00023453490363739682,14.218028435894515,7.556134275643241,2.0296300327353602,0.9558877954818411,#d62728,d
156.80465822917418,266.90566228955316,5,0,0,0,0,0,1,0,0,0,0,0.0004086939013148803,0.00023453027477609854,0.00023453027477609854,0.3795433866708705,0.3795433866708705,0.239097351107908,0.00023453027477609854,0.00023453027477609854,0.00023453027477609854,0.00023453027477609854,14.896933715860527,6.9613764655238155,5.07000498613331,0.83706053346925,#8c564b,f
165.31069397115573,266.1962744373439,5,0,0,0,0,0,1,0,0,0,0,0.00044708569011247027,0.00023452126705792326,0.00023452126705792326,0.37952880936367345,0.37952880936367345,0.23908816797981378,0.00023452126705792326,0.00023452126705792326,0.00023452126705792326,0.00023452126705792326,8.639521518833108,13.45270105674249,2.7643487426548767,0.9543118073478911,#8c564b,f
59.80085281644176,272.98938717627794,4,0,0,0,0,1,0,0,0,0,0,0.0004019592254868713,0.00023453185490726099,0.00023453185490726099,0.3795459438176327,0.3795459438176327,0.23909896200942468,0.00023453185490726099,0.00023453185490726099,0.00023453185490726099,0.00023453185490726099,13.775119407373456,8.526825346593156,5.389796222739237,1.0736414065319053,#9467bd,e
63.193510916229144,272.86285609611724,5,0,0,0,0,0,1,0,0,0,0,0.0003880287578537148,0.00023453512335945922,0.00023453512335945922,0.37955123319623285,0.37955123319623285,0.23910229410914427,0.00023453512335945922,0.00023453512335945922,0.00023453512335945922,0.00023453512335945922,7.5218541212918435,14.323961852706168,2.3949850883791455,1.0627951218154466,#8c564b,f
76.58189854707204,275.0664996935669,4,0,0,0,0,1,0,0,0,0,0,0.0003435228106106752,0.00023454556561918318,0.00023454556561918318,0.37956813204063117,0.37956813204063117,0.23911293971403247,0.00023454556561918318,0.00023454556561918318,0.00023454556561918318,0.00023454556561918318,11.551725081888549,10.351355996438098,2.814988974659487,1.0769209572267604,#9467bd,e
78.48108281988515,277.4738827013569,4,0,0,0,0,1,0,0,0,0,0,0.00034253743443027183,0.00023454579681421754,0.00023454579681421754,0.37956850618655497,0.37956850618655497,0.23911317541119503,0.00023454579681421754,0.00023454579681421754,0.00023454579681421754,0.00023454579681421754,14.019626366579816,8.271292626988524,0.3219269503883358,1.03098394036734,#9467bd,e
92.96086214487497,271.7220162136767,3,0,0,0,1,0,0,0,0,0,0,0.0002918029453474709,0.0002345577004528272,0.0002345577004528272,0.3795877699993652,0.3795877699993652,0.23912531085282548,0.0002345577004528272,0.0002345577004528272,0.0002345577004528272,0.0002345577004528272,11.53791378650686,10.8049530732359,1.9779921540358287,1.0311822507783586,#d62728,d
99.08175041209702,272.972883295278,3,0,0,0,1,0,0,0,0,0,0,0.0002841088102989913,0.00023455950569822712,0.00023455950569822712,0.3795906914514187,0.3795906914514187,0.23912715125229472,0.00023455950569822712,0.00023455950569822712,0.00023455950569822712,0.00023455950569822712,6.429834237535896,15.68477534195852,3.4372899031241246,1.0057990095761544,#d62728,d
103.74082843957773,277.197632167201,4,0,0,0,0,1,0,0,0,0,0,0.00029259893722683843,0.00023455751369230518,0.00023455751369230518,0.3795874677623892,0.3795874677623892,0.23912512045546142,0.00023455751369230518,0.00023455751369230518,0.00023455751369230518,0.00023455751369230518,13.631854158659829,8.091830180135089,2.1248402355530875,1.0820582399457634,#9467bd,e
115.75926138722889,273.47944652914845,5,0,0,0,0,0,1,0,0,0,0,0.0002875506668823474,0.00023455869814861628,0.00023455869814861628,0.37958938458340563,0.37958938458340563,0.23912632797703517,0.00023455869814861628,0.00023455869814861628,0.00023455869814861628,0.00023455869814861628,13.84782871702068,8.126717366557186,3.9572419380308492,1.1037218679641319,#8c564b,f
123.29373497081149,273.27333684058607,5,0,0,0,0,0,1,0,0,0,0,0.00030181298037402555,0.00023455535183669683,0.00023455535183669683,0.3795839692034084,0.3795839692034084,0.23912291650140932,0.00023455535183669683,0.00023455535183669683,0.00023455535183669683,0.00023455535183669683,10.967876790125803,11.663782264372148,0.2814758732809924,0.8728765078111165,#8c564b,f
132.38924607200335,273.03430737606755,4,0,0,0,0,1,0,0,0,0,0,0.0003258837495848935,0.00023454970420442686,0.00023454970420442686,0.37957482956682864,0.37957482956682864,0.23911715889115168,0.00023454970420442686,0.00023454970420442686,0.00023454970420442686,0.00023454970420442686,8.242332368859438,14.269714185409118,3.919484180606314,0.9505718931109245,#9467bd,e
138.46065193239073,274.1435412808811,4,0,0,0,0,1,0,0,0,0,0,0.00034715466317270644,0.0002345447134915445,0.0002345447134915445,0.3795667530314172,0.3795667530314172,0.23911207099266413,0.0002345447134915445,0.0002345447134915445,0.0002345447134915445,0.0002345447134915445,11.246288668795001,10.636417844676396,5.727519796771661,1.0824212370962158,#9467bd,e
142.98347397491779,276.108888398018,3,0,0,0,1,0,0,0,0,0,0,0.00036622050588360026,0.0002345402401459856,0.0002345402401459856,0.37955951375825814,0.37955951375825814,0.2391075105363446,0.0002345402401459856,0.0002345402401459856,0.0002345402401459856,0.0002345402401459856,14.902947558239195,6.957140232242406,1.6987003606561502,0.984372662538372,#d62728,d
157.24648993888684,275.6127794022067,5,0,0,0,0,0,1,0,0,0,0,0.0004212213976148322,0.0002345273354976839,0.0002345273354976839,0.3795386299984753,0.3795386299984753,0.2390943545920689,0.0002345273354976839,0.0002345273354976839,0.0002345273354976839,0.0002345273354976839,13.706255878175833,8.240053016499397,5.188352108767848,1.0440658002244825,#8c564b,f
162.6459652980426,271.66948552460656,3,0,0,0,1,0,0,0,0,0,0,0.0004398556301882051,0.0002345229634191564,0.0002345229634191564,0.3795315546070671,0.3795315546070671,0.2390898973747832,0.0002345229634191564,0.0002345229634191564,0.0002345229634191564,0.0002345229634191564,16.436497241393905,5.000842472166362,2.6897091447644463,0.916218424303052,#d62728,d
172.4204412296504,274.0247273406996,3,0,0,0,1,0,0,0,0,0,0,0.0004906619531207555,0.00023451104292644597,0.00023451104292644597,0.37951226351904693,0.37951226351904693,0.23907774475084717,0.00023451104292644597,0.00023451104292644597,0.00023451104292644597,0.00023451104292644597,11.926427922101269,10.045413151481789,2.262693255617768,0.9258871566642424,#d62728,d
60.62426191878577,281.3189245134235,4,0,0,0,0,1,0,0,0,0,0,0.00041320086458253037,0.000234529217324591,0.000234529217324591,0.3795416753833756,0.3795416753833756,0.23909627306433934,0.000234529217324591,0.000234529217324591,0.000234529217324591,0.000234529217324591,12.244966433993525,9.94511819358237,3.013668238184574,0.9696782872958276,#9467bd,e
70.11661099468141,279.7913236546797,5,0,0,0,0,0,1,0,0,0,0,0.00037466344756299303,0.00023453825921095759,0.00023453825921095759,0.37955630798539997,0.37955630798539997,0.239105491025992,0.00023453825921095759,0.00023453825921095759,0.00023453825921095759,0.00023453825921095759,14.202520448076317,7.890597392912607,0.5787139408443283,0.8867307806065001,#8c564b,f
77.22037916915755,281.71096844308465,4,0,0,0,0,1,0,0,0,0,0,0.0003562041283434352,0.00023454259025023567,0.00023454259025023567,0.3795633169624584,0.3795633169624584,0.23910990640485905,0.00023454259025023567,0.00023454259025023567,0.00023454259025023567,0.00023454259025023567,9.817708210725888,12.316893174010628,6.157181443719534,0.8727120196261596,#9467bd,e
87.78117517997555,281.79130836147937,4,0,0,0,0,1,0,0,0,0,0,0.00032903528310684096,0.00023454896477220256,0.00023454896477220256,0.379573632934066,0.379573632934066,0.23911640505974835,0.00023454896477220256,0.00023454896477220256,0.00023454896477220256,0.00023454896477220256,13.446453737418453,8.623837426026855,4.773849220456766,0.9171061950567518,#9467bd,e
94.89650800524221,282.5404291797924,5,0,0,0,0,0,1,0,0,0,0,0.0003182645612661034,0.00023455149186536297,0.00023455149186536297,0.3795777225617162,0.3795777225617162,0.23911898136372972,0.00023455149186536297,0.00023455149186536297,0.00023455149186536297,0.00023455149186536297,16.25443713123297,6.01729046232927,5.537692210317297,1.007344791413689,#8c564b,f
101.93022457968164,280.9201123878602,5,0,0,0,0,0,1,0,0,0,0,0.00030553776132388576,0.0002345544779056269,0.0002345544779056269,0.37958255490941883,0.37958255490941883,0.2391220255520252,0.0002345544779056269,0.0002345544779056269,0.0002345544779056269,0.0002345544779056269,15.035016039039684,7.180867532477216,5.044525052737015,0.9270351472598259,#8c564b,f
111.31908606404424,281.12282367274275,4,0,0,0,0,1,0,0,0,0,0,0.0003060974279979336,0.00023455434659318147,0.00023455434659318147,0.3795823424047846,0.3795823424047846,0.23912189168249426,0.00023455434659318147,0.00023455434659318147,0.00023455434659318147,0.00023455434659318147,10.950098958020849,11.511931183907123,0.7791768794093774,0.9731047879970293,#9467bd,e
114.99391525419948,282.95787173226967,3,0,0,0,1,0,0,0,0,0,0,0.0003151905076401683,0.00023455221311877644,0.00023455221311877644,0.3795788897754734,0.3795788897754734,0.23911971666232093,0.00023455221311877644,0.00023455221311877644,0.00023455221311877644,0.00023455221311877644,14.226218856510236,8.030304700432808,4.702799442007974,0.949873532562176,#d62728,d
126.84438184392015,281.1920643922818,3,0,0,0,1,0,0,0,0,0,0,0.0003300841206381046,0.00023454871868747485,0.00023454871868747485,0.3795732346919582,0.3795732346919582,0.23911615418294108,0.00023454871868747485,0.00023454871868747485,0.00023454871868747485,0.00023454871868747485,13.09760930772821,8.574733808461275,3.2641577530744668,1.0736994872628065,#d62728,d
136.36200610005127,281.13339878037476,4,0,0,0,0,1,0,0,0,0,0,0.0003553039143676957,0.00023454280146398848,0.00023454280146398848,0.379563658772415,0.379563658772415,0.2391101217316388,0.00023454280146398848,0.00023454280146398848,0.00023454280146398848,0.00023454280146398848,12.641334253815375,9.524098228137374,0.3958896369376507,0.9385621472514967,#9467bd,e
144.02329668329264,280.16629212420673,3,0,0,0,1,0,0,0,0,0,0,0.0003780162122259999,0.00023453747256464233,0.00023453747256464233,0.37955503494546133,0.37955503494546133,0.23910468906108395,0.00023453747256464233,0.00023453747256464233,0.00023453747256464233,0.00023453747256464233,12.165064969736992,9.428545766042014,3.123931865436755,0.9689566159610684,#d62728,d
154.72424409532596,280.3349373487092,3,0,0,0,1,0,0,0,0,0,0,0.0004190319153507651,0.00023452784920751095,0.00023452784920751095,0.3795394613417538,0.3795394613417538,0.23909487830551704,0.00023452784920751095,0.00023452784920751095,0.00023452784920751095,0.00023452784920751095,15.037602246706731,7.307960910914093,1.700098886506029,1.0690417634341156,#d62728,d
158.69297880232637,282.6630273381644,4,0,0,0,0,1,0,0,0,0,0,0.00044046615125035646,0.0002345228201749409,0.0002345228201749409,0.3795313227930946,0.3795313227930946,0.23908975134113136,0.0002345228201749409,0.0002345228201749409,0.0002345228201749409,0.0002345228201749409,12.000739131420659,10.104150948641422,0.8630288669661418,1.0020777036300375,#9467bd,e
166.94638368673452,280.8778502581451,3,0,0,0,1,0,0,0,0,0,0,0.00047442701402329726,0.00023451485206794643,0.00023451485206794643,0.3795184279021602,0.3795184279021602,0.2390816280688692,0.00023451485206794643,0.00023451485206794643,0.00023451485206794643,0.00023451485206794643,12.57534474675163,8.94499891677951,5.879913320480566,1.0115911172559604,#d62728,d
68.08877663568822,289.9740520814789,4,0,0,0,0,1,0,0,0,0,0,0.00040721639646119245,0.00023453062143739622,0.00023453062143739622,0.37954394767734645,0.37954394767734645,0.23909770451984205,0.00023453062143739622,0.00023453062143739622,0.00023453062143739622,0.00023453062143739622,14.345282203208109,7.562633682939589,2.102164404510805,0.9759610316602432,#9467bd,e
73.2578661349855,286.78321620659585,4,0,0,0,0,1,0,0,0,0,0,0.0003815173652268189,0.00023453665110254043,0.00023453665110254043,0.3795537055626835,0.3795537055626835,0.23910385160241138,0.00023453665110254043,0.00023453665110254043,0.00023453665110254043,0.00023453665110254043,14.608513706491905,7.2606863226047835,3.2807609674819678,0.8452046198600502,#9467bd,e
78.62021560684671,289.60273361133994,5,0,0,0,0,0,1,0,0,0,0,0.00037427432393355946,0.00023453835050954246,0.00023453835050954246,0.37955645573508445,0.37955645573508445,0.2391055841024608,0.00023453835050954246,0.00023453835050954246,0.00023453835050954246,0.00023453835050954246,17.10084558991373,5.295038008664079,4.951102179105789,0.937436708338579,#8c564b,f
91.92822252797345,287.48183276057284,3,0,0,0,1,0,0,0,0,0,0,0.0003387545316028563,0.0002345466843822007,0.0002345466843822007,0.37956994254933824,0.37956994254933824,0.23911408026304798,0.0002345466843822007,0.0002345466843822007,0.0002345466843822007,0.0002345466843822007,11.06518162793114,11.116051981277918,0.013604414609855082,1.0694075337753297,#d62728,d
96.53758072251323,286.41529722072323,3,0,0,0,1,0,0,0,0,0,0,0.0003287529837810889,0.00023454903100701078,0.00023454903100701078,0.37957374012271555,0.37957374012271555,0.23911647258436627,0.00023454903100701078,0.00023454903100701078,0.00023454903100701078,0.00023454903100701078,16.581219450719843,5.8027549715716695,1.9139932258248142,1.0358876639922194,#d62728,d
107.29431476578652,289.3369864878356,3,0,0,0,1,0,0,0,0,0,0,0.00033312472890108046,0.00023454800528121866,0.00023454800528121866,0.3795720801773575,0.3795720801773575,0.23911542688431714,0.00023454800528121866,0.00023454800528121866,0.00023454800528121866,0.00023454800528121866,16.799018584734736,4.8276830600354375,3.38607115783642,0.9380732797229885,#d62728,d
117.02119474081505,287.91190422745626,4,0,0,0,0,1,0,0,0,0,0,0.00033403304590988344,0.0002345477921662822,0.0002345477921662822,0.37957173529069066,0.37957173529069066,0.23911520961933147,0.0002345477921662822,0.0002345477921662822,0.0002345477921662822,0.0002345477921662822,13.480511222484598,9.442911493434863,2.6993440442951173,1.0326183621841187,#9467bd,e
121.10915398142444,289.02633508773454,3,0,0,0,1,0,0,0,0,0,0,0.00034335837441070544,0.0002345456042002182,0.0002345456042002182,0.37956819447682066,0.37956819447682066,0.2391129790463672,0.0002345456042002182,0.0002345456042002182,0.0002345456042002182,0.0002345456042002182,16.35071697557103,5.77199865523889,5.50158260115168,0.9386028689027047,#d62728,d
128.96987037646227,284.5038944462905,4,0,0,0,0,1,0,0,0,0,0,0.00034441362233549695,0.00023454535661144438,0.00023454535661144438,0.3795677938006956,0.3795677938006956,0.2391127266362251,0.00023454535661144438,0.00023454535661144438,0.00023454535661144438,0.00023454535661144438,14.274000236099072,7.548719448295747,3.901035734978132,1.131222219057905,#9467bd,e
137.0012144648389,285.24187286726817,4,0,0,0,0,1,0,0,0,0,0,0.000367797584498587,0.00023453987012207817,0.00023453987012207817,0.37955891494376776,0.37955891494376776,0.2391071333068539,0.00023453987012207817,0.00023453987012207817,0.00023453987012207817,0.00023453987012207817,11.080335611336071,10.717711395640805,1.3388015905948192,0.9222498910171057,#9467bd,e
146.34673834012978,286.49877442477805,5,0,0,0,0,0,1,0,0,0,0,0.0004012383713005231,0.0002345320240385143,0.0002345320240385143,0.37954621752493445,0.37954621752493445,0.23909913443422015,0.0002345320240385143,0.0002345320240385143,0.0002345320240385143,0.0002345320240385143,14.382010339579766,7.82179339646005,4.631581836719394,1.0009165548044556,#8c564b,f
153.80247940191737,288.14299936339864,3,0,0,0,1,0,0,0,0,0,0,0.0004332267473517459,0.0002345245187285149,0.0002345245187285149,0.37953407158438196,0.37953407158438196,0.23909148297113372,0.0002345245187285149,0.0002345245187285149,0.0002345245187285149,0.0002345245187285149,12.719597954742278,9.41598384882474,0.11616442120344866,0.940913284710781,#d62728,d
161.46306936220108,287.3250795529382,3,0,0,0,1,0,0,0,0,0,0,0.0004631260682169722,0.00023451750356552243,0.00023451750356552243,0.37952271885509037,0.37952271885509037,0.2390843311998296,0.00023451750356552243,0.00023451750356552243,0.00023451750356552243,0.00023451750356552243,14.581164061578114,7.364603036404067,6.028219098021382,1.0397777214033075,#d62728,d
60.68985377256813,296.35850754906045,5,0,0,0,0,0,1,0,0,0,0,0.00045287218460501454,0.0002345199093949113,0.0002345199093949113,0.3795266122400057,0.3795266122400057,0.2390867838786347,0.0002345199093949113,0.0002345199093949113,0.0002345199093949113,0.0002345199093949113,11.967208409553734,9.92652928829472,5.655748521888079,1.1002204009614382,#8c564b,f
74.1617741695856,296.66976176414823,3,0,0,0,1,0,0,0,0,0,0,0.00040952693392237423,0.00023453007932485245,0.00023453007932485245,0.379543070369583,0.379543070369583,0.2390971518505829,0.00023453007932485245,0.00023453007932485245,0.00023453007932485245,0.00023453007932485245,10.045803816019408,12.010029697874145,4.070681713602083,0.9532354445139958,#d62728,d
80.15611859076367,294.0708835046772,3,0,0,0,1,0,0,0,0,0,0,0.00038484338464108965,0.00023453587073136038,0.00023453587073136038,0.3795524426778776,0.3795524426778776,0.2391030560348361,0.00023453587073136038,0.00023453587073136038,0.00023453587073136038,0.00023453587073136038,11.667346368158526,10.540547107200084,1.3328110926939583,0.9791711253464013,#d62728,d
87.78805181249164,293.73610273051816,3,0,0,0,1,0,0,0,0,0,0,0.0003673291461141267,0.0002345399800299799,0.0002345399800299799,0.3795590928091512,0.3795590928091512,0.2391072453550242,0.0002345399800299799,0.0002345399800299799,0.0002345399800299799,0.0002345399800299799,18.460558905761925,3.630845509450051,2.724447326930491,1.0803104909100991,#d62728,d
94.27984662938182,296.49503858477664,3,0,0,0,1,0,0,0,0,0,0,0.00036763710401937724,0.0002345399077749976,0.0002345399077749976,0.3795589758779758,0.3795589758779758,0.23910717169299958,0.0002345399077749976,0.0002345399077749976,0.0002345399077749976,0.0002345399077749976,15.310868655758695,7.155385792957444,0.4389049638519595,1.0329492099403534,#d62728,d
102.95408586396488,295.37497294599984,3,0,0,0,1,0,0,0,0,0,0,0.00035642110303145673,0.00023454253934229667,0.00023454253934229667,0.37956323457748015,0.37956323457748015,0.23910985450557495,0.00023454253934229667,0.00023454253934229667,0.00023454253934229667,0.00023454253934229667,16.457686028855303,5.214854892474939,6.201471227669275,1.0632404109435605,#d62728,d
110.01436709982993,294.77027273007684,5,0,0,0,0,0,1,0,0,0,0,0.00035393824173918573,0.00023454312188652006,0.00023454312188652006,0.3795641773163553,0.3795641773163553,0.2391104483938516,0.00023454312188652006,0.00023454312188652006,0.00023454312188652006,0.00023454312188652006,13.003187714164731,9.329129476442944,5.588878252346243,1.0950629625498165,#8c564b,f
119.35490158293021,297.04778130169063,3,0,0,0,1,0,0,0,0,0,0,0.00037002447764159223,0.00023453934763468002,0.00023453934763468002,0.37955806939563214,0.37955806939563214,0.2391066006449065,0.00023453934763468002,0.00023453934763468002,0.00023453934763468002,0.00023453934763468002,12.229129356788757,10.00567950305712,0.03187969182976281,1.0835633634411015,#d62728,d
128.21996860751022,295.6134295594587,4,0,0,0,0,1,0,0,0,0,0,0.00037903335277628835,0.00023453723391685571,0.00023453723391685571,0.3795546487386518,0.3795546487386518,0.2391044457660395,0.00023453723391685571,0.00023453723391685571,0.00023453723391685571,0.00023453723391685571,15.376932489774292,6.57500001756331,5.967412731865246,0.9729847471129249,#9467bd,e
137.7113121688821,293.14433035182986,5,0,0,0,0,0,1,0,0,0,0,0.0003934341025810152,0.000234533855124155,0.000234533855124155,0.3795491807945849,0.3795491807945849,0.2391010011771247,0.000234533855124155,0.000234533855124155,0.000234533855124155,0.000234533855124155,9.112659727457386,13.1204584879234,0.07280173833382293,1.0526275510664787,#8c564b,f
141.1376793094225,295.0725082409726,4,0,0,0,0,1,0,0,0,0,0,0.00040964700819592307,0.00023453005115228615,0.00023453005115228615,0.3795430247775534,0.3795430247775534,0.23909712312940398,0.00023453005115228615,0.00023453005115228615,0.00023453005115228615,0.00023453005115228615,13.504886321880992,9.103429243272945,5.118336685852556,0.8731223734376673,#9467bd,e
149.6125909264129,293.1993815654107,4,0,0,0,0,1,0,0,0,0,0,0.00043165832030283674,0.00023452488672253858,0.00023452488672253858,0.3795346671138851,0.3795346671138851,0.23909185813121214,0.00023452488672253858,0.00023452488672253858,0.00023452488672253858,0.00023452488672253858,9.90131814170529,12.290031643903205,4.3800590981484175,0.8768576801371415,#9467bd,e
157.3801200495258,294.5566049110852,5,0,0,0,0,0,1,0,0,0,0,0.00046550211844382725,0.00023451694608196978,0.00023451694608196978,0.3795218166722238,0.3795218166722238,0.2390837628602374,0.00023451694608196978,0.00023451694608196978,0.00023451694608196978,0.00023451694608196978,9.782733236705704,12.245403404189107,6.253055330416133,0.9525982959470883,#8c564b,f
67.23813935106385,300.31676795457275,3,0,0,0,1,0,0,0,0,0,0,0.0004433255121283543,0.0002345221492940636,0.0002345221492940636,0.37953023709786626,0.37953023709786626,0.2390890673959954,0.0002345221492940636,0.0002345221492940636,0.0002345221492940636,0.0002345221492940636,13.540680980030206,8.361023496920119,0.3934599347542641,1.0063771311037601,#d62728,d
73.26842495576605,301.5725232599722,5,0,0,0,0,0,1,0,0,0,0,0.0004296310358478417,0.00023452536237651578,0.00023452536237651578,0.379535436870888,0.379535436870888,0.23909234304773774,0.00023452536237651578,0.00023452536237651578,0.00023452536237651578,0.00023452536237651578,9.196948988460436,12.685648092217884,3.705278534112112,1.0538728215962434,#8c564b,f
81.21466646843733,301.9040175625839,4,0,0,0,0,1,0,0,0,0,0,0.0004109347741938526,0.00023452974900868857,0.00023452974900868857,0.3795425358146492,0.3795425358146492,0.23909681510207614,0.00023452974900868857,0.00023452974900868857,0.00023452974900868857,0.00023452974900868857,12.592240122915598,9.431950806600515,1.2956072539593515,1.0412974524491334,#9467bd,e
90.51760907804787,302.5269944885997,5,0,0,0,0,0,1,0,0,0,0,0.0003963556640946135,0.00023453316964938112,0.00023453316964938112,0.37954807148186437,0.37954807148186437,0.23910030235390095,0.00023453316964938112,0.00023453316964938112,0.00023453316964938112,0.00023453316964938112,10.561964926701728,11.186275914288908,2.66625348029807,1.0307383920494169,#8c564b,f
98.01606395829188,299.77864818074477,4,0,0,0,0,1,0,0,0,0,0,0.00037672875863350574,0.00023453777463494145,0.00023453777463494145,0.3795555237897457,0.3795555237897457,0.23910499701368598,0.00023453777463494145,0.00023453777463494145,0.00023453777463494145,0.00023453777463494145,14.100607441465474,7.653818769222911,2.8327679985737686,1.095446388538291,#9467bd,e
107.02166784767208,302.6486764393611,3,0,0,0,1,0,0,0,0,0,0,0.00038499505564985734,0.00023453583514537328,0.00023453583514537328,0.3795523850886129,0.3795523850886129,0.2391030197558727,0.00023453583514537328,0.00023453583514537328,0.00023453583514537328,0.00023453583514537328,11.95224386893342,10.418756320481512,0.7139791612708507,0.9625073715456263,#d62728,d
115.40942993604476,303.0350015070309,3,0,0,0,1,0,0,0,0,0,0,0.0003900630497926667,0.00023453464606134296,0.00023453464606134296,0.37955046077849847,0.37955046077849847,0.23910180751646284,0.00023453464606134296,0.00023453464606134296,0.00023453464606134296,0.00023453464606134296,14.519160027391314,7.7928190434537425,4.88552043363223,1.0268602460118381,#d62728,d
122.97490908090616,303.30472946076276,3,0,0,0,1,0,0,0,0,0,0,0.00039964997611866487,0.0002345323967175844,0.0002345323967175844,0.379546820636309,0.379546820636309,0.23909951437057828,0.0002345323967175844,0.0002345323967175844,0.0002345323967175844,0.0002345323967175844,14.704537897151516,6.960260783104532,0.7727640728680787,0.8555809808238982,#d62728,d
131.23960188376034,301.5853632343733,4,0,0,0,0,1,0,0,0,0,0,0.00040762218962598544,0.00023453052622770217,0.00023453052622770217,0.37954379359826323,0.37954379359826323,0.23909760745610192,0.00023453052622770217,0.00023453052622770217,0.00023453052622770217,0.00023453052622770217,15.56830930285631,5.9165330368692,3.5985834360257103,1.0673454722228046,#9467bd,e
142.73927256608204,302.2055679357532,4,0,0,0,0,1,0,0,0,0,0,0.0004395197911765154,0.0002345230422157758,0.0002345230422157758,0.37953168212465865,0.37953168212465865,0.2390899777058321,0.0002345230422157758,0.0002345230422157758,0.0002345230422157758,0.0002345230422157758,11.393891068648346,10.534925556178598,1.8382573140158467,1.1582430391358938,#9467bd,e
148.0109160898093,301.42167954536575,5,0,0,0,0,0,1,0,0,0,0,0.00045336847351244296,0.00023451979295254817,0.00023451979295254817,0.3795264237998186,0.3795264237998186,0.23908666516875549,0.00023451979295254817,0.00023451979295254817,0.00023451979295254817,0.00023451979295254817,10.152918242097732,11.734974164780835,4.761141676352578,1.0165407053925277,#8c564b,f
69.3126267403078,308.9634849790516,3,0,0,0,1,0,0,0,0,0,0,0.00047019760106832825,0.00023451584439888848,0.00023451584439888848,0.3795200338041992,0.3795200338041992,0.23908263972376065,0.00023451584439888848,0.00023451584439888848,0.00023451584439888848,0.00023451584439888848,13.816795823038552,8.163684656459795,2.5727009798447273,1.0255453591069752,#d62728,d
82.11345295457889,306.39296275017415,5,0,0,0,0,0,1,0,0,0,0,0.00042705857772968523,0.0002345259659424988,0.0002345259659424988,0.3795364136295495,0.3795364136295495,0.2390929583671369,0.0002345259659424988,0.0002345259659424988,0.0002345259659424988,0.0002345259659424988,6.3728941430204635,15.853008883557173,2.1879169450729354,1.1902258454714039,#8c564b,f
86.32605046254488,309.60604111028346,5,0,0,0,0,0,1,0,0,0,0,0.00043283670300096373,0.00023452461024312516,0.00023452461024312516,0.3795342196836631,0.3795342196836631,0.23909157626783462,0.00023452461024312516,0.00023452461024312516,0.00023452461024312516,0.00023452461024312516,16.247269209268104,5.459237524970158,2.364797089860216,0.9681514761737605,#8c564b,f
95.17759114135723,307.50083550963916,3,0,0,0,1,0,0,0,0,0,0,0.00041163196356993714,0.00023452958542981894,0.00023452958542981894,0.37954227109284205,0.37954227109284205,0.23909664833778757,0.00023452958542981894,0.00023452958542981894,0.00023452958542981894,0.00023452958542981894,12.898742335493754,8.787576781291275,0.5430675993163667,0.9881506697272806,#d62728,d
102.41986533044239,307.99121676877627,5,0,0,0,0,0,1,0,0,0,0,0.0004088187310928599,0.00023453024548776647,0.00023453024548776647,0.37954333927318273,0.37954333927318273,0.23909732124923572,0.00023453024548776647,0.00023453024548776647,0.00023453024548776647,0.00023453024548776647,17.54609118578688,4.308638631471017,4.759519832428769,0.9693730696086224,#8c564b,f
111.74442459913628,311.2752603284846,5,0,0,0,0,0,1,0,0,0,0,0.0004239302628473901,0.00023452669992702274,0.00023452669992702274,0.37953760144622795,0.37953760144622795,0.2390937066447552,0.00023452669992702274,0.00023452669992702274,0.00023452669992702274,0.00023452669992702274,13.406586212674807,8.66479994599278,3.6456084505778743,1.053196641839657,#8c564b,f
118.60399899669353,308.61568858979535,4,0,0,0,0,1,0,0,0,0,0,0.0004169029023685411,0.00023452834872966235,0.00023452834872966235,0.37954026972493266,0.37954026972493266,0.23909538755500873,0.00023452834872966235,0.00023452834872966235,0.00023452834872966235,0.00023452834872966235,12.783152384858068,9.143768326497023,1.4008792177835283,1.0026815835341865,#9467bd,e
126.4330438957502,309.19583596100665,5,0,0,0,0,0,1,0,0,0,0,0.0004299495913001691,0.00023452528763507163,0.00023452528763507163,0.3795353159158391,0.3795353159158391,0.23909226685083168,0.00023452528763507163,0.00023452528763507163,0.00023452528763507163,0.00023452528763507163,11.259658008537007,10.584669750408677,0.6329154811601487,0.9690924110667241,#8c564b,f
133.40140117128374,314.9146612488398,4,0,0,0,0,1,0,0,0,0,0,0.00046889495242954254,0.00023451615003434298,0.00023451615003434298,0.37952052841802075,0.37952052841802075,0.23908295131094337,0.00023451615003434298,0.00023451615003434298,0.00023451615003434298,0.00023451615003434298,14.349757931167115,7.604188197633285,5.247605265858871,1.0027221784598324,#9467bd,e
143.17230106414627,309.8340906734541,5,0,0,0,0,0,1,0,0,0,0,0.00047111134808552,0.00023451563000993,0.00023451563000993,0.379519686855766,0.379519686855766,0.23908242115994355,0.00023451563000993,0.00023451563000993,0.00023451563000993,0.00023451563000993,14.317633445032596,7.820633813350932,4.794403432025849,1.0431507108220497,#8c564b,f
75.57250724799425,318.2502407281414,3,0,0,0,1,0,0,0,0,0,0,0.0004947570209010185,0.00023451008211639705,0.00023451008211639705,0.3795107086276784,0.3795107086276784,0.2390767652306644,0.00023451008211639705,0.00023451008211639705,0.00023451008211639705,0.00023451008211639705,12.887275421235419,9.424097556609642,0.8051298926887019,0.9791443351813423,#d62728,d
81.94293442827107,316.20817060675734,5,0,0,0,0,0,1,0,0,0,0,0.00047096029746786786,0.00023451566545035714,0.00023451566545035714,0.37951974420946905,0.37951974420946905,0.23908245729051247,0.00023451566545035714,0.00023451566545035714,0.00023451566545035714,0.00023451566545035714,12.292641823307811,9.757902859624242,5.966904402020248,0.9700335818932619,#8c564b,f
89.6179713540047,313.56422878946285,5,0,0,0,0,0,1,0,0,0,0,0.0004455930224526966,0.00023452161727681195,0.00023452161727681195,0.3795293761274451,0.3795293761274451,0.23908852501861688,0.00023452161727681195,0.00023452161727681195,0.00023452161727681195,0.00023452161727681195,14.513754580314945,6.9830367010319945,3.961901977594182,0.9665586122776394,#8c564b,f
100.26972638086971,315.59338943315373,3,0,0,0,1,0,0,0,0,0,0,0.00044488521341208407,0.00023452178334733273,0.00023452178334733273,0.3795296448815236,0.3795296448815236,0.23908869432307728,0.00023452178334733273,0.00023452178334733273,0.00023452178334733273,0.00023452178334733273,16.630307737433245,5.315657510268638,1.8117514864564257,1.170914782581442,#d62728,d
108.91682440638442,316.1595898269447,4,0,0,0,0,1,0,0,0,0,0,0.0004461197034522889,0.00023452149370366883,0.00023452149370366883,0.3795291761474242,0.3795291761474242,0.23908839903909795,0.00023452149370366883,0.00023452149370366883,0.00023452149370366883,0.00023452149370366883,14.92925561345277,6.6772352985060275,3.178309962370116,0.9279722209404363,#9467bd,e
113.84476552450779,315.9629624242933,3,0,0,0,1,0,0,0,0,0,0,0.00044705884786715893,0.0002345212733558163,0.0002345212733558163,0.3795288195556355,0.3795288195556355,0.23908817440034755,0.0002345212733558163,0.0002345212733558163,0.0002345212733558163,0.0002345212733558163,14.643389942451954,7.75438502572797,1.5851757468864327,1.0231663931846575,#d62728,d
124.0523259923597,319.22398091798004,3,0,0,0,1,0,0,0,0,0,0,0.00047309568312128516,0.00023451516443301034,0.00023451516443301034,0.3795189334065961,0.3795189334065961,0.23908194651670897,0.00023451516443301034,0.00023451516443301034,0.00023451516443301034,0.00023451516443301034,13.071519373191427,9.273907385738516,4.381352535074941,0.9323404619965987,#d62728,d
129.74612169608523,314.01064069042627,3,0,0,0,1,0,0,0,0,0,0,0.00045740046015235524,0.00023451884694298533,0.00023451884694298533,0.3795248928602687,0.3795248928602687,0.23908570073727298,0.00023451884694298533,0.00023451884694298533,0.00023451884694298533,0.00023451884694298533,14.029140351825346,7.92367874936585,1.756759353129565,1.040640043365829,#d62728,d
138.30931031468103,318.03788614396797,3,0,0,0,1,0,0,0,0,0,0,0.0004949045874062337,0.00023451004749343386,0.00023451004749343386,0.3795106525968878,0.3795106525968878,0.23907672993347817,0.00023451004749343386,0.00023451004749343386,0.00023451004749343386,0.00023451004749343386,13.823489453144497,8.140020753349337,4.717861735191725,0.9771270985573318,#d62728,d
70.15175379517035,321.7520519578464,3,0,0,0,1,0,0,0,0,0,0,0.0005261077070852234,0.00023450272642512566,0.00023450272642512566,0.3794988048170547,0.3794988048170547,0.23906926629987504,0.00023450272642512566,0.00023450272642512566,0.00023450272642512566,0.00023450272642512566,14.253504739446003,7.880704027912101,5.972482454231955,0.9555388602696073,#d62728,d
79.96690387053503,322.157011424138,4,0,0,0,0,1,0,0,0,0,0,0.000504089224510173,0.0002345078925372527,0.0002345078925372527,0.37950716520333955,0.37950716520333955,0.23907453301320777,0.0002345078925372527,0.0002345078925372527,0.0002345078925372527,0.0002345078925372527,11.959056061832285,9.452992758259231,2.1632823910278356,1.0544563571811278,#9467bd,e
86.0475165268357,324.75270177354207,3,0,0,0,1,0,0,0,0,0,0,0.0005062825860573975,0.0002345073779172443,0.0002345073779172443,0.37950633238710285,0.37950633238710285,0.2390740083718541,0.0002345073779172443,0.0002345073779172443,0.0002345073779172443,0.0002345073779172443,8.77435589340312,13.081188001930085,2.981649036402017,0.9297974212752271,#d62728,d
95.08535029605359,322.81725191378405,3,0,0,0,1,0,0,0,0,0,0,0.00048473862188554265,0.00023451243269493807,0.00023451243269493807,0.3795145125994298,0.3795145125994298,0.2390791615827058,0.00023451243269493807,0.00023451243269493807,0.00023451243269493807,0.00023451243269493807,10.854434897662294,11.96577942558803,1.3593238344246577,1.0061640054082093,#d62728,d
104.85192785500044,327.8897701612558,3,0,0,0,1,0,0,0,0,0,0,0.0005067142025806289,0.00023450727664871463,0.00023450727664871463,0.37950616850292734,0.37950616850292734,0.2390739051312929,0.00023450727664871463,0.00023450727664871463,0.00023450727664871463,0.00023450727664871463,11.307853329223514,10.65686168426072,5.994501948084331,1.050127729466096,#d62728,d
109.06037155158465,321.448156011823,4,0,0,0,0,1,0,0,0,0,0,0.0004725347469950562,0.0002345152960433025,0.0002345152960433025,0.3795191463932395,0.3795191463932395,0.23908208068988668,0.0002345152960433025,0.0002345152960433025,0.0002345152960433025,0.0002345152960433025,10.519104776163193,11.092275382525388,6.029059224992087,0.8700901658160582,#9467bd,e
117.04434780316024,323.440675681154,4,0,0,0,0,1,0,0,0,0,0,0.0004868791824015076,0.00023451193046343315,0.00023451193046343315,0.37951369983166894,0.37951369983166894,0.23907864957110053,0.00023451193046343315,0.00023451193046343315,0.00023451193046343315,0.00023451193046343315,14.651910287781796,6.991158753676882,6.249699474706107,1.0515736177101973,#9467bd,e
126.49529442690236,326.19423991540475,3,0,0,0,1,0,0,0,0,0,0,0.0005125793190732025,0.00023450590053892436,0.00023450590053892436,0.3795039415265989,0.3795039415265989,0.23907250222411597,0.00023450590053892436,0.00023450590053892436,0.00023450590053892436,0.00023450590053892436,16.47315038937599,5.381153428463245,2.308316802988537,1.0127022657113418,#d62728,d
73.0986545654149,328.98926350732347,5,0,0,0,0,0,1,0,0,0,0,0.0005560256617456314,0.00023449570689015731,0.00023449570689015731,0.3794874450125379,0.3794874450125379,0.23906211007145828,0.00023449570689015731,0.00023449570689015731,0.00023449570689015731,0.00023449570689015731,14.904898615216753,7.677531795712239,3.3268534886119254,1.1754057111850291,#8c564b,f
84.80676021846891,330.09968506665194,3,0,0,0,1,0,0,0,0,0,0,0.0005373489803655026,0.0002345000889282856,0.0002345000889282856,0.37949453652169723,0.37949453652169723,0.23906657744229098,0.0002345000889282856,0.0002345000889282856,0.0002345000889282856,0.0002345000889282856,14.245584704569387,7.918386995985513,4.174565664457466,1.0314395758118504,#d62728,d
92.37577864571278,331.042599830909,4,0,0,0,0,1,0,0,0,0,0,0.0005321459074540085,0.0002345013097053293,0.0002345013097053293,0.37949651212102653,0.37949651212102653,0.23906782199188156,0.0002345013097053293,0.0002345013097053293,0.0002345013097053293,0.0002345013097053293,18.439567605301605,3.5049295594303524,6.183692242763159,0.988514199745291,#9467bd,e
101.45853956064249,328.56725696814084,4,0,0,0,0,1,0,0,0,0,0,0.000511393938461887,0.00023450617866023132,0.00023450617866023132,0.3795043916139186,0.3795043916139186,0.23907278576136015,0.00023450617866023132,0.00023450617866023132,0.00023450617866023132,0.00023450617866023132,12.431683079313514,9.609606739217432,4.2460994706150945,0.9947518265410236,#9467bd,e
106.45072723071223,330.378979816639,3,0,0,0,1,0,0,0,0,0,0,0.000520481120953993,0.00023450404656945203,0.00023450404656945203,0.3795009412237468,0.3795009412237468,0.23907061215175626,0.00023450404656945203,0.00023450404656945203,0.00023450404656945203,0.00023450404656945203,12.338686621249964,9.899076302125378,1.0265903515871726,0.9459124487028794,#d62728,d
113.83827137998384,330.4166568563673,3,0,0,0,1,0,0,0,0,0,0,0.0005226557092237549,0.00023450353635414575,0.00023450353635414575,0.3795001155356966,0.3795001155356966,0.23907009200087875,0.00023450353635414575,0.00023450353635414575,0.00023450353635414575,0.00023450353635414575,15.714660682704034,6.401184915990045,4.434410442118154,1.0159030595081602,#d62728,d
124.09487480433594,330.2276786784915,4,0,0,0,0,1,0,0,0,0,0,0.0005312725219721556,0.0002345015146244155,0.0002345015146244155,0.37949684374424253,0.37949684374424253,0.2390680309014168,0.0002345015146244155,0.0002345015146244155,0.0002345015146244155,0.0002345015146244155,11.342721636440555,10.546155404183171,4.47274829900575,1.0074206521020441,#9467bd,e
78.54174821301827,335.9010032598685,5,0,0,0,0,0,1,0,0,0,0,0.000582805387983653,0.00023448942366568876,0.00023448942366568876,0.3794772767888564,0.3794772767888564,0.2390557044919301,0.00023448942366568876,0.00023448942366568876,0.00023448942366568876,0.00023448942366568876,18.03207523899154,4.221752220471878,4.850731095324704,1.1078005113429066,#8c564b,f
373.57132279575234,322.66715525956533,2,0,0,1,0,0,0,0,0,0,0,0.004666608211253906,0.00023479013460601906,0.44090907346039077,0.31365330625631505,0.23936227126396326,0.00023479013460601906,0.00023479013460601906,0.00023479013460601906,0.00023479013460601906,0.00023479013460601906,12.963286826789494,9.137297264863362,0.47717572774699046,0.999650477641198,#2ca02c,C
378.5009774684302,323.99945603253065,4,0,0,0,0,1,0,0,0,0,0,0.0049317959287466006,0.00023472757922467688,0.44079160159440367,0.31356973927759585,0.2392984977234652,0.00023472757922467688,0.00023472757922467688,0.00023472757922467688,0.00023472757922467688,0.00023472757922467688,12.54998752115421,9.38997650406902,4.899225408775389,1.0018699400050548,#9467bd,e
361.8090516481289,331.8192073656377,2,0,0,1,0,0,0,0,0,0,0,0.0042340751716201394,0.00023489216523358062,0.4411006753330088,0.31378960773988374,0.23946628876364487,0.00023489216523358062,0.00023489216523358062,0.00023489216523358062,0.00023489216523358062,0.00023489216523358062,20.41348339393937,1.4852106057206897,3.7139328437771626,0.9871527303129688,#2ca02c,C
365.68690987678207,331.8172970078689,4,0,0,0,0,1,0,0,0,0,0,0.0044083146214577516,0.00023485106372506242,0.44102349139140495,0.3137347007308627,0.23942438687348325,0.00023485106372506242,0.00023485106372506242,0.00023485106372506242,0.00023485106372506242,0.00023485106372506242,2.6091132634439216,19.368130915305223,6.116825301418073,0.978543547663071,#9467bd,e
374.7928516707591,328.4028838567995,2,0,0,1,0,0,0,0,0,0,0,0.004800110732639105,0.0002347586425700592,0.4408499350114106,0.3136112364256719,0.23933016597441725,0.0002347586425700592,0.0002347586425700592,0.0002347586425700592,0.0002347586425700592,0.0002347586425700592,13.404719409116469,8.235259298842506,5.6563110414404365,1.0218880652310103,#2ca02c,C
383.35768574417426,327.79709435297775,4,0,0,0,0,1,0,0,0,0,0,0.005241935391729604,0.0002346544201336013,0.44065421717186193,0.31347200693105975,0.23922391398410645,0.0002346544201336013,0.0002346544201336013,0.0002346544201336013,0.0002346544201336013,0.0002346544201336013,13.353792925235814,8.010460692117755,3.46935660641406,0.9649299139641243,#9467bd,e
360.9213227711581,336.9914466503151,3,0,0,0,1,0,0,0,0,0,0,0.0042641355295151605,0.0002348850742673429,0.4410873593077888,0.3137801350036942,0.2394590597129568,0.0002348850742673429,0.0002348850742673429,0.0002348850742673429,0.0002348850742673429,0.0002348850742673429,15.346216525004067,6.934724406681387,2.0321691033170786,0.9219009016796381,#d62728,d
365.1718655112706,339.5329575221181,2,0,0,1,0,0,0,0,0,0,0,0.004492632242590763,0.00023483117396171397,0.44098614068608666,0.31370813023612976,0.23940410979098156,0.00023483117396171397,0.00023483117396171397,0.00023483117396171397,0.00023483117396171397,0.00023483117396171397,13.504516487279481,8.526266490604119,4.266684071860076,0.9846171854135698,#2ca02c,C
372.1949365320934,334.5800040993136,2,0,0,1,0,0,0,0,0,0,0,0.004756498561703655,0.0002347689302862846,0.4408692541682252,0.3136249796615764,0.2393406540263363,0.0002347689302862846,0.0002347689302862846,0.0002347689302862846,0.0002347689302862846,0.0002347689302862846,8.78694669578974,13.323508184310061,3.6481386835326717,0.9231265830840135,#2ca02c,C
379.48691702513946,335.61314591026843,3,0,0,0,1,0,0,0,0,0,0,0.005147125569112205,0.00023467678491227544,0.44069621567345957,0.31350188376888605,0.23924671427862795,0.00023467678491227544,0.00023467678491227544,0.00023467678491227544,0.00023467678491227544,0.00023467678491227544,11.246642326500693,10.681400772384633,3.010144439191219,1.0160886645076508,#d62728,d
385.6322048403726,335.9119807771119,2,0,0,1,0,0,0,0,0,0,0,0.0054918861232141625,0.00023459545901929101,0.44054349492910516,0.3133932414902758,0.23916380470284876,0.00023459545901929101,0.00023459545901929101,0.00023459545901929101,0.00023459545901929101,0.00023459545901929101,12.705906665634236,9.120258231095496,3.5427353605136114,1.0185911304038255,#2ca02c,C
347.0057428018948,340.77376380437937,4,0,0,0,0,1,0,0,0,0,0,0.0037433381861271793,0.00023500792564494686,0.44131806017247205,0.3139442506758808,0.23958430341120904,0.00023500792564494686,0.00023500792564494686,0.00023500792564494686,0.00023500792564494686,0.00023500792564494686,11.309308533563035,10.093141219583623,5.617379986862104,1.0697311550675077,#9467bd,e
354.3437939118517,341.1445850628425,4,0,0,0,0,1,0,0,0,0,0,0.004040955667360394,0.00023493772037598242,0.44118622269070096,0.3138504643046422,0.23951273101459952,0.00023493772037598242,0.00023493772037598242,0.00023493772037598242,0.00023493772037598242,0.00023493772037598242,12.558021923933726,9.534001977251371,6.14237167474065,0.9567605431844702,#9467bd,e
363.2095875453753,342.38766421180225,2,0,0,1,0,0,0,0,0,0,0,0.004445123350301246,0.00023484238087922285,0.4410071859979925,0.3137231014219315,0.23941553494405837,0.00023484238087922285,0.00023484238087922285,0.00023484238087922285,0.00023484238087922285,0.00023484238087922285,15.432013812080351,6.6663873270184295,2.3551232191854345,1.009306487377971,#2ca02c,C
368.89973261709844,343.4457579279105,2,0,0,1,0,0,0,0,0,0,0,0.0047299001886581885,0.00023477520460164382,0.4408810366163092,0.31363336144371645,0.23934705052326546,0.00023477520460164382,0.00023477520460164382,0.00023477520460164382,0.00023477520460164382,0.00023477520460164382,13.271742333010652,8.892846408074385,3.337179707242708,0.9105281776465831,#2ca02c,C
377.4526832279145,341.4903759243283,4,0,0,0,0,1,0,0,0,0,0,0.005132604289173818,0.000234680210350726,0.4407026482558846,0.3135064597707577,0.23925020642163888,0.000234680210350726,0.000234680210350726,0.000234680210350726,0.000234680210350726,0.000234680210350726,11.244683805590817,10.590601510826101,0.8287897167040319,1.0482724799122733,#9467bd,e
384.7726245754891,341.1554847454236,4,0,0,0,0,1,0,0,0,0,0,0.005530444621362618,0.00023458636341871622,0.44052641442941237,0.31338109078727683,0.23915453198099548,0.00023458636341871622,0.00023458636341871622,0.00023458636341871622,0.00023458636341871622,0.00023458636341871622,12.014726034283004,9.911243563592173,4.06008169850112,0.9891062890950599,#9467bd,e
389.7607885357265,341.7695487554415,2,0,0,1,0,0,0,0,0,0,0,0.005834863925334425,0.00023451455366135663,0.4403915639015742,0.3132851609993618,0.23908132385132108,0.00023451455366135663,0.00023451455366135663,0.00023451455366135663,0.00023451455366135663,0.00023451455366135663,19.064263957877227,2.74007247928703,6.08930903487672,0.9656097471399729,#2ca02c,C
351.7874173088047,345.85066011189497,2,0,0,1,0,0,0,0,0,0,0,0.004003706967658079,0.00023494650700696369,0.44120272298076335,0.3138622022588912,0.23952168875020438,0.00023494650700696369,0.00023494650700696369,0.00023494650700696369,0.00023494650700696369,0.00023494650700696369,14.541180027568057,7.214465793527011,1.923140679904003,1.0220708700853651,#2ca02c,C
358.9273169098222,347.54463678800875,2,0,0,1,0,0,0,0,0,0,0,0.004332780973962664,0.00023486888142856653,0.44105695100484393,0.31375850318586507,0.2394425515463159,0.00023486888142856653,0.00023486888142856653,0.00023486888142856653,0.00023486888142856653,0.00023486888142856653,12.110491374828353,9.792928020159824,2.998031186551195,0.9601577027760304,#2ca02c,C
365.5653030632704,345.8716244699833,2,0,0,1,0,0,0,0,0,0,0,0.004609181380042922,0.00023480368107551487,0.44093451218388774,0.3136714028213713,0.23937608152780407,0.00023480368107551487,0.00023480368107551487,0.00023480368107551487,0.00023480368107551487,0.00023480368107551487,10.73935448981354,11.427669069545413,2.840947153539231,1.013213585333931,#2ca02c,C
369.83184720138047,346.50643156174675,2,0,0,1,0,0,0,0,0,0,0,0.004825857641173219,0.0002347525691074684,0.4408385297419,0.3136031229603203,0.2393239742415209,0.0002347525691074684,0.0002347525691074684,0.0002347525691074684,0.0002347525691074684,0.0002347525691074684,10.852118525065313,11.197698777750878,1.5382502342164583,0.9142386640136995,#2ca02c,C
380.75121998403085,347.4507433211831,3,0,0,0,1,0,0,0,0,0,0,0.005415692370705657,0.00023461343243559072,0.4405772469534009,0.3134172519601219,0.2391821281207176,0.00023461343243559072,0.00023461343243559072,0.00023461343243559072,0.00023461343243559072,0.00023461343243559072,14.737428116769436,6.610854161697521,3.9300868676443033,1.0073690752094981,#d62728,d
386.0544462134183,348.03382814355007,2,0,0,1,0,0,0,0,0,0,0,0.005730387902838937,0.00023453919860905674,0.4404378443003404,0.31331808388746196,0.23910644871726394,0.00023453919860905674,0.00023453919860905674,0.00023453919860905674,0.00023453919860905674,0.00023453919860905674,13.673542236942598,8.025910994287912,2.2125014793221136,0.9967299497544057,#2ca02c,C
394.56906405166995,350.17023216828954,2,0,0,1,0,0,0,0,0,0,0,0.00629961539598049,0.00023440492299764987,0.440185690028556,0.31313870671926014,0.23896955831777744,0.00023440492299764987,0.00023440492299764987,0.00023440492299764987,0.00023440492299764987,0.00023440492299764987,9.517502765751782,13.135398929557727,3.8554220830505788,0.9092371493531195,#2ca02c,C
402.09489882335436,349.1469857042675,2,0,0,1,0,0,0,0,0,0,0,0.006784665618696921,0.00023429050404213023,0.4399708242900567,0.31298585581793353,0.23885291124862018,0.00023429050404213023,0.00023429050404213023,0.00023429050404213023,0.00023429050404213023,0.00023429050404213023,13.778780661276302,7.771914136078868,4.627495365977891,1.0595345490035164,#2ca02c,C
353.63967475910846,354.2857588767222,4,0,0,0,0,1,0,0,0,0,0,0.004213505657880279,0.00023489701739561958,0.4411097871394843,0.3137960896845726,0.23947123541324808,0.00023489701739561958,0.00023489701739561958,0.00023489701739561958,0.00023489701739561958,0.00023489701739561958,11.45283381601107,10.220705945397112,2.525914101217801,1.0544900278192975,#9467bd,e
361.42888283847753,354.8856372573239,3,0,0,0,1,0,0,0,0,0,0,0.004568936975694273,0.00023481317436609684,0.440952339500021,0.31368408479364956,0.2393857596839978,0.00023481317436609684,0.00023481317436609684,0.00023481317436609684,0.00023481317436609684,0.00023481317436609684,9.098203294906236,12.861042552790101,2.706044876158523,0.9372479573771325,#d62728,d
368.98663882960227,354.43555849946756,0,1,0,0,0,0,0,0,0,0,0,0.004923966579050828,0.00023472942609737714,0.4407950698105296,0.31357220649253925,0.2393003805608553,0.00023472942609737714,0.00023472942609737714,0.00023472942609737714,0.00023472942609737714,0.00023472942609737714,12.158185502074721,10.296992334062518,3.418718952005771,0.9506124463209906,#1f77b4,A
375.58574900926965,355.9036890829088,4,0,0,0,0,1,0,0,0,0,0,0.005294234631972512,0.0002346420832163857,0.4406310498494869,0.31345552619229206,0.23921133682650964,0.0002346420832163857,0.0002346420832163857,0.0002346420832163857,0.0002346420832163857,0.0002346420832163857,12.717573098427081,9.637212885595012,3.433292482808774,1.00638615951225,#9467bd,e
382.4299074655032,351.69959792343525,3,0,0,0,1,0,0,0,0,0,0,0.005591073931604951,0.0002345720615134146,0.4404995570836988,0.31336198504464785,0.23913995157052748,0.0002345720615134146,0.0002345720615134146,0.0002345720615134146,0.0002345720615134146,0.0002345720615134146,9.93671174117255,11.660210202817987,1.840779659464076,0.8873518941943425,#d62728,d
389.3277056567228,352.3500582354125,2,0,0,1,0,0,0,0,0,0,0,0.006013860525360111,0.000234472329984184,0.4403122726553235,0.31322875489878305,0.2390382779401881,0.000234472329984184,0.000234472329984184,0.000234472329984184,0.000234472329984184,0.000234472329984184,18.042528177156793,3.9854522489564475,4.9367736323018026,0.8818440951318369,#2ca02c,C
398.14705234000525,353.7640898737433,3,0,0,0,1,0,0,0,0,0,0,0.006614936862772113,0.00023433054151879767,0.4400460101012952,0.3130393413996509,0.23889372838672898,0.00023433054151879767,0.00023433054151879767,0.00023433054151879767,0.00023433054151879767,0.00023433054151879767,12.655830505777885,9.003356879812973,4.576286747242103,0.9039841719248735,#d62728,d
404.9745769104107,355.3213959884481,2,0,0,1,0,0,0,0,0,0,0,0.007132396453288239,0.00023420847748687357,0.4398167877819298,0.3128762775330527,0.23876928736636832,0.00023420847748687357,0.00023420847748687357,0.00023420847748687357,0.00023420847748687357,0.00023420847748687357,14.182839566445368,7.884296307570758,5.290679670440298,1.0363537975156267,#2ca02c,C
350.93780856980135,359.83493098665815,2,0,0,1,0,0,0,0,0,0,0,0.004194821804313867,0.0002349014247474979,0.4411180636432494,0.31380197741273796,0.23947572859077285,0.0002349014247474979,0.0002349014247474979,0.0002349014247474979,0.0002349014247474979,0.0002349014247474979,15.005002444459862,6.8672059336862,5.9319402076675125,1.0497581515588257,#2ca02c,C
356.45282872783974,361.2905693199759,4,0,0,0,0,1,0,0,0,0,0,0.00445951261196522,0.00023483898658268782,0.44100081189653023,0.3137185670221689,0.23941207454939853,0.00023483898658268782,0.00023483898658268782,0.00023483898658268782,0.00023483898658268782,0.00023483898658268782,13.761078282548018,8.040533940825343,0.1515636171357362,0.9615239021848728,#9467bd,e
366.62017842531384,361.54478521311296,3,0,0,0,1,0,0,0,0,0,0,0.004942936452734617,0.000234724951275943,0.4407866666066398,0.31356622863260886,0.2392958185999204,0.000234724951275943,0.000234724951275943,0.000234724951275943,0.000234724951275943,0.000234724951275943,15.83404490799374,5.933228445066786,4.090497850786244,0.9524767317728136,#d62728,d
370.7666374166467,359.00629540725953,3,0,0,0,1,0,0,0,0,0,0,0.0051020826744634816,0.00023468741012326992,0.44071616860692825,0.31351607785997804,0.23925754639745,0.00023468741012326992,0.00023468741012326992,0.00023468741012326992,0.00023468741012326992,0.00023468741012326992,15.462766085088758,6.639244046116714,4.356473967727191,1.0714622846583883,#d62728,d
380.18133811330813,358.2859909712558,3,0,0,0,1,0,0,0,0,0,0,0.005596753526822434,0.00023457072174833024,0.44049704115779337,0.3133601952686463,0.2391385857158075,0.00023457072174833024,0.00023457072174833024,0.00023457072174833024,0.00023457072174833024,0.00023457072174833024,12.016731196460327,10.051406949776535,2.2302791856866833,0.9901366007945983,#d62728,d
386.67749084543,359.44253647395624,4,0,0,0,0,1,0,0,0,0,0,0.006004114963685289,0.00023447462887393923,0.4403165897078848,0.3132318259578531,0.2390406215968929,0.00023447462887393923,0.00023447462887393923,0.00023447462887393923,0.00023447462887393923,0.00023447462887393923,13.12148169327328,9.371392040182938,1.571266910940628,0.921862357366727,#9467bd,e
392.5228736440134,359.2839208161718,4,0,0,0,0,1,0,0,0,0,0,0.006368049594588,0.00023438877998985437,0.44015537530250537,0.3131171414700368,0.2389531009524906,0.00023438877998985437,0.00023438877998985437,0.00023438877998985437,0.00023438877998985437,0.00023438877998985437,4.695038452476123,16.972832504503724,3.1866799770182253,1.0424276719675643,#9467bd,e
400.9994905810489,359.7496813706151,2,0,0,1,0,0,0,0,0,0,0,0.006954166578315489,0.00023425052030054877,0.43989573938717635,0.31293244202026876,0.23881214889199634,0.00023425052030054877,0.00023425052030054877,0.00023425052030054877,0.00023425052030054877,0.00023425052030054877,12.496029641472258,9.456006097724028,4.389547178966998,0.9334364841166225,#2ca02c,C
406.13627888324316,359.64532811747904,4,0,0,0,0,1,0,0,0,0,0,0.007325860707194998,0.00023416284102115167,0.43973108770832486,0.3128153123294527,0.2387227622084609,0.00023416284102115167,0.00023416284102115167,0.00023416284102115167,0.00023416284102115167,0.00023416284102115167,8.121858405983733,13.891445477832892,0.6004950752222066,0.9719551345473112,#9467bd,e
352.6906675930497,364.49928329457066,3,0,0,0,1,0,0,0,0,0,0,0.0043544943581392765,0.00023486375943784904,0.4410473324909088,0.31375166078030214,0.23943732981358173,0.00023486375943784904,0.00023486375943784904,0.00023486375943784904,0.00023486375943784904,0.00023486375943784904,20.308608452710455,1.621086529412433,5.923707650995308,1.082899311301167,#d62728,d
361.2533898088095,365.9771972739926,2,0,0,1,0,0,0,0,0,0,0,0.004771565413396817,0.0002347653761523971,0.44086257991045913,0.31362023173702425,0.2393370306817647,0.0002347653761523971,0.0002347653761523971,0.0002347653761523971,0.0002347653761523971,0.0002347653761523971,14.50154844936012,7.024088930289067,2.0438897629820167,0.85382757130739,#2ca02c,C
368.97630244065283,366.4313359689315,2,0,0,1,0,0,0,0,0,0,0,0.005163418348126385,0.00023467294159323337,0.4406889983589813,0.3134967495253772,0.23924279611751506,0.00023467294159323337,0.00023467294159323337,0.00023467294159323337,0.00023467294159323337,0.00023467294159323337,13.896868786995492,8.403747856692961,0.1546143559742892,0.9237697235597703,#2ca02c,C
377.779892561199,366.0858751681906,2,0,0,1,0,0,0,0,0,0,0,0.005631265913092625,0.00023456258058891089,0.44048175298964903,0.3133493195920642,0.23913028602122022,0.00023456258058891089,0.00023456258058891089,0.00023456258058891089,0.00023456258058891089,0.00023456258058891089,7.735106159171846,14.758208290923173,6.203995880318772,1.1384899396611181,#2ca02c,C
382.9647692424226,364.04879209968703,2,0,0,1,0,0,0,0,0,0,0,0.005885033902416814,0.0002345027190180406,0.4403693397922522,0.3132693512422327,0.23906925874854973,0.0002345027190180406,0.0002345027190180406,0.0002345027190180406,0.0002345027190180406,0.0002345027190180406,13.284880988635637,8.473196641837516,3.4263877465119617,1.1232439998416301,#2ca02c,C
388.6503282482846,366.45181371400196,3,0,0,0,1,0,0,0,0,0,0,0.006291010532366654,0.00023440695280706127,0.44018950177894484,0.3131414183171474,0.23897162765425856,0.00023440695280706127,0.00023440695280706127,0.00023440695280706127,0.00023440695280706127,0.00023440695280706127,13.265337059838176,8.138439367596147,0.11063831417205616,0.9638334857654156,#d62728,d
393.4110602901974,366.5920162038018,3,0,0,0,1,0,0,0,0,0,0,0.006604081791607154,0.0002343331021317953,0.44005081864023216,0.3130427620916408,0.23889633886328912,0.0002343331021317953,0.0002343331021317953,0.0002343331021317953,0.0002343331021317953,0.0002343331021317953,14.131182412180635,7.938215167498975,1.287606368032439,1.001378007480373,#d62728,d
404.8580546004808,364.0751598011381,2,0,0,1,0,0,0,0,0,0,0,0.007346423995143204,0.00023415799032772057,0.43972197865972734,0.31280883234665935,0.23871781705606415,0.00023415799032772057,0.00023415799032772057,0.00023415799032772057,0.00023415799032772057,0.00023415799032772057,12.546135062294834,9.76201873918621,0.8278388657952673,1.1779767869237823,#2ca02c,C
356.2077977358459,371.01198407328366,4,0,0,0,0,1,0,0,0,0,0,0.004640163111739981,0.00023479637276554007,0.4409207880119375,0.31366163973830735,0.23936863090098107,0.00023479637276554007,0.00023479637276554007,0.00023479637276554007,0.00023479637276554007,0.00023479637276554007,18.00999804591113,4.455119097144741,5.196509113913176,1.0403554544334899,#9467bd,e
364.7242620881069,373.16290921745843,4,0,0,0,0,1,0,0,0,0,0,0.005095390389746132,0.00023468898877263762,0.4407191331302512,0.3135181867586097,0.23925915578831652,0.00023468898877263762,0.00023468898877263762,0.00023468898877263762,0.00023468898877263762,0.00023468898877263762,11.491363359607533,10.350621127290669,5.716428026847592,0.9251665308741596,#9467bd,e
372.9060307848984,372.9771604119509,4,0,0,0,0,1,0,0,0,0,0,0.005520582851800164,0.00023458868972085992,0.4405307829593103,0.3133841984662257,0.23915690358389818,0.00023458868972085992,0.00023458868972085992,0.00023458868972085992,0.00023458868972085992,0.00023458868972085992,13.796848227851674,8.55075326906856,3.0230115371709347,1.041934857707473,#9467bd,e
379.3672018399862,370.80938727593474,2,0,0,1,0,0,0,0,0,0,0,0.005833319643598876,0.00023451491794343493,0.4403922479817375,0.3132856476393924,0.23908169522717038,0.00023451491794343493,0.00023451491794343493,0.00023451491794343493,0.00023451491794343493,0.00023451491794343493,10.380018713050497,11.884008450624751,2.9919325782852884,1.0196614671655069,#2ca02c,C
386.5629637205487,372.79326693077957,3,0,0,0,1,0,0,0,0,0,0,0.006319676370240919,0.00023440019079546935,0.44017680349300226,0.3131323850274979,0.23896473396404594,0.00023440019079546935,0.00023440019079546935,0.00023440019079546935,0.00023440019079546935,0.00023440019079546935,14.809238257765148,6.925943429393155,0.3163085011323891,1.0225722382695703,#d62728,d
395.4774621726856,372.67082491769776,4,0,0,0,0,1,0,0,0,0,0,0.006906099800590031,0.00023426185881818048,0.43991703182909175,0.31294758900908587,0.23882370820788348,0.00023426185881818048,0.00023426185881818048,0.00023426185881818048,0.00023426185881818048,0.00023426185881818048,12.866963665123222,9.096931216787251,2.3894292212642427,0.9622773406141263,#9467bd,e
400.47447530990064,373.8992867077253,3,0,0,0,1,0,0,0,0,0,0,0.007296933036099094,0.00023416966479682973,0.4397439019801714,0.31282442812899924,0.2387297188655097,0.00023416966479682973,0.00023416966479682973,0.00023416966479682973,0.00023416966479682973,0.00023416966479682973,16.97327900539527,4.950899465608097,4.762154102615504,1.0337052086280394,#d62728,d
404.22372396435475,372.3058513257093,2,0,0,1,0,0,0,0,0,0,0,0.007529700051248324,0.00023411475716560826,0.4396407917159842,0.3127510776873369,0.2386737420019973,0.00023411475716560826,0.00023411475716560826,0.00023411475716560826,0.00023411475716560826,0.00023411475716560826,12.47438819825747,9.506601215235507,1.1992755684198972,0.9864674488717524,#2ca02c,C
362.08602621914747,376.6087758419647,3,0,0,0,1,0,0,0,0,0,0,0.005042685793105818,0.000234701421309757,0.4407424800158912,0.31353479523485245,0.23927183042785133,0.000234701421309757,0.000234701421309757,0.000234701421309757,0.000234701421309757,0.000234701421309757,18.31280606681206,3.3030952053858136,3.060115475974092,1.0319841978309656,#d62728,d
368.3596835336142,377.9847581013738,2,0,0,1,0,0,0,0,0,0,0,0.005396656036501017,0.0002346179229344599,0.4405856795977244,0.31342325076334854,0.23918670606437883,0.0002346179229344599,0.0002346179229344599,0.0002346179229344599,0.0002346179229344599,0.0002346179229344599,15.226714118992,6.262638479193005,0.30689430463620726,0.940128710452505,#2ca02c,C
375.75791180938563,378.98236110732597,3,0,0,0,1,0,0,0,0,0,0,0.005830163097056305,0.0002345156625441825,0.44039364625695143,0.3132866423425416,0.2390824543277451,0.0002345156625441825,0.0002345156625441825,0.0002345156625441825,0.0002345156625441825,0.0002345156625441825,15.17901705512169,6.540987272735911,5.580485698807454,1.1212836693763635,#d62728,d
382.3391013302981,376.4638448872261,2,0,0,1,0,0,0,0,0,0,0,0.006153870976782789,0.0002344393027864561,0.4402502513477688,0.3131846342640676,0.23900460759422187,0.0002344393027864561,0.0002344393027864561,0.0002344393027864561,0.0002344393027864561,0.0002344393027864561,11.180374901188873,10.513128115684808,3.3355122211065,0.8509423505802033,#2ca02c,C
390.9678137860485,379.2397808049692,3,0,0,0,1,0,0,0,0,0,0,0.006784215689227642,0.00023429061017641803,0.43997102359813484,0.31298599760144724,0.23885301944969187,0.00023429061017641803,0.00023429061017641803,0.00023429061017641803,0.00023429061017641803,0.00023429061017641803,14.753822316588169,7.56437896724957,6.2298732900142655,1.1497725969068624,#d62728,d
396.5980390943501,378.8728370503237,4,0,0,0,0,1,0,0,0,0,0,0.007163705100793256,0.00023420109206041977,0.4398029187940342,0.3128664114310155,0.23876175812135467,0.00023420109206041977,0.00023420109206041977,0.00023420109206041977,0.00023420109206041977,0.00023420109206041977,18.47547452456797,3.4889687103466005,4.08688803325162,0.9911345012253922,#9467bd,e
304.91201068356287,190.70778520659263,2,0,0,1,0,0,0,0,0,0,0,0.00228703455178885,0.00023535145448578987,0.4419631681246318,0.31440316670702323,0.23993452188919934,0.00023535145448578987,0.00023535145448578987,0.00023535145448578987,0.00023535145448578987,0.00023535145448578987,15.172549707276977,6.9840434849181525,4.454118437295866,1.0559528844970192,#2ca02c,C
292.855435294761,199.8676807359529,4,0,0,0,0,1,0,0,0,0,0,0.0019586004898805675,0.0002354289291070985,0.4421086566203696,0.3145066641182973,0.24001350519636797,0.0002354289291070985,0.0002354289291070985,0.0002354289291070985,0.0002354289291070985,0.0002354289291070985,7.027462731130732,14.73591323372988,1.7954693477296741,0.9831785702071123,#9467bd,e
299.1854579073516,201.3893322639572,3,0,0,0,1,0,0,0,0,0,0,0.002082070202525561,0.00023539980371987566,0.4420539624675843,0.31446775586513,0.23998381264199892,0.00023539980371987566,0.00023539980371987566,0.00023539980371987566,0.00023539980371987566,0.00023539980371987566,15.963340086849524,6.402845632498363,1.8437291615839144,1.0442765461828296,#d62728,d
307.00576476950306,199.65303247174813,3,0,0,0,1,0,0,0,0,0,0,0.002270843863693909,0.00023535527372250853,0.44197034021525555,0.314408268779247,0.2399384154990267,0.00023535527372250853,0.00023535527372250853,0.00023535527372250853,0.00023535527372250853,0.00023535527372250853,15.671827631591993,5.926758989228861,0.5817833813540895,0.8752655424546832,#d62728,d
287.03396556407563,207.1510323312044,3,0,0,0,1,0,0,0,0,0,0,0.0018028584480606095,0.00023546566724455515,0.4421776466491621,0.3145557421525951,0.2400509587462728,0.00023546566724455515,0.00023546566724455515,0.00023546566724455515,0.00023546566724455515,0.00023546566724455515,16.901175568993306,5.022327060999525,4.333702277489056,0.8845263155880665,#d62728,d
296.5070006140162,205.50011549638938,4,0,0,0,0,1,0,0,0,0,0,0.0020003219388687226,0.0002354190873950604,0.4420901750085111,0.31449351669400216,0.2400034718338056,0.0002354190873950604,0.0002354190873950604,0.0002354190873950604,0.0002354190873950604,0.0002354190873950604,10.16520151920427,12.24882928858198,4.280606687289485,1.0539896452275674,#9467bd,e
299.0289656863208,205.75370410934846,4,0,0,0,0,1,0,0,0,0,0,0.0020524405050684064,0.00023540679309721563,0.4420670877204499,0.3144770928899374,0.23999093812551903,0.00023540679309721563,0.00023540679309721563,0.00023540679309721563,0.00023540679309721563,0.00023540679309721563,16.763066708107566,5.084595270051629,0.7771681492771786,0.9748639889058845,#9467bd,e
309.35388582869484,204.22443306079427,2,0,0,1,0,0,0,0,0,0,0,0.0022970648269623325,0.00023534908843469835,0.4419587249507469,0.3144000059279348,0.23993210976330595,0.00023534908843469835,0.00023534908843469835,0.00023534908843469835,0.00023534908843469835,0.00023534908843469835,15.695702040499592,6.860837255367693,5.698183203974727,0.9789548004163322,#2ca02c,C
286.2144942335371,212.72685206196323,2,0,0,1,0,0,0,0,0,0,0,0.0017601835110732829,0.00023547573387577866,0.44219655063357804,0.3145691900437146,0.24006122140793734,0.00023547573387577866,0.00023547573387577866,0.00023547573387577866,0.00023547573387577866,0.00023547573387577866,18.26258377534537,4.1331695710139424,5.8831220594215905,0.920274579525259,#2ca02c,C
290.805734189486,213.5138709842621,2,0,0,1,0,0,0,0,0,0,0,0.0018438717000907104,0.00023545599258976686,0.4421594787517506,0.31454281789806315,0.24004109569411475,0.00023545599258976686,0.00023545599258976686,0.00023545599258976686,0.00023545599258976686,0.00023545599258976686,12.768118254465335,9.245062404658231,4.958219195895998,0.9927202094018701,#2ca02c,C
298.7291953919527,211.79073412454755,3,0,0,0,1,0,0,0,0,0,0,0.002013539371588752,0.00023541596952236256,0.4420843199994636,0.31448935156550645,0.24000029324586486,0.00023541596952236256,0.00023541596952236256,0.00023541596952236256,0.00023541596952236256,0.00023541596952236256,14.444247377942954,7.396678281288083,2.038230848463573,1.111608326930229,#d62728,d
305.63318814217104,211.73023126342713,3,0,0,0,1,0,0,0,0,0,0,0.0021663705081779146,0.00023537991804109228,0.44201661943261306,0.31444119082691824,0.23996353972360226,0.00023537991804109228,0.00023537991804109228,0.00023537991804109228,0.00023537991804109228,0.00023537991804109228,13.472472210099841,8.905404815053544,4.567857466957422,1.027370528897082,#d62728,d
313.2039080296185,211.69473378068585,2,0,0,1,0,0,0,0,0,0,0,0.002347439158296104,0.0002353372055860648,0.4419364103173408,0.314384131773904,0.2399199955165009,0.0002353372055860648,0.0002353372055860648,0.0002353372055860648,0.0002353372055860648,0.0002353372055860648,16.506234158887114,5.42005667011414,4.201659946071891,1.009926395932772,#2ca02c,C
275.88771495550844,217.00461764013357,2,0,0,1,0,0,0,0,0,0,0,0.0015612408138185267,0.00023552266265668026,0.4422846775275835,0.31463188163556133,0.24010906404665427,0.00023552266265668026,0.00023552266265668026,0.00023552266265668026,0.00023552266265668026,0.00023552266265668026,15.470422971299396,6.310658502918756,5.625528342601497,1.060622622459362,#2ca02c,C
281.48281304683724,218.35664063799186,2,0,0,1,0,0,0,0,0,0,0,0.0016510857293256444,0.00023550146905463733,0.4422448783620193,0.3146035693584574,0.24008745773542758,0.00023550146905463733,0.00023550146905463733,0.00023550146905463733,0.00023550146905463733,0.00023550146905463733,8.089586016938362,14.014474634143752,6.161413152564566,1.0171758961189046,#2ca02c,C
285.1953699640183,217.76161800385574,2,0,0,1,0,0,0,0,0,0,0,0.0017197808999220821,0.00023548526448591276,0.4422144480315705,0.31458192187073203,0.24007093761041773,0.00023548526448591276,0.00023548526448591276,0.00023548526448591276,0.00023548526448591276,0.00023548526448591276,13.613567694611731,8.60951045554609,3.6685072520519912,1.063927212556565,#2ca02c,C
297.03284134911195,219.158116364684,2,0,0,1,0,0,0,0,0,0,0,0.0019442764530578115,0.00023543230801768408,0.4421150018287749,0.3145111779641558,0.24001694990546327,0.00023543230801768408,0.00023543230801768408,0.00023543230801768408,0.00023543230801768408,0.00023543230801768408,9.088732421971997,12.552013864769382,1.001459433940269,0.9656738830921319,#2ca02c,C
303.22226077685025,217.92927607014667,2,0,0,1,0,0,0,0,0,0,0,0.0020821436381922333,0.0002353997863970668,0.44205392993732656,0.31446773272379874,0.23998379498185796,0.0002353997863970668,0.0002353997863970668,0.0002353997863970668,0.0002353997863970668,0.0002353997863970668,14.881354543799494,6.89106646475567,0.7922115156262418,1.0332277852626512,#2ca02c,C
307.9923739746878,216.88903902412594,4,0,0,0,0,1,0,0,0,0,0,0.002195451121899638,0.00023537305818763368,0.44200373741081267,0.3144320268315002,0.23995654628621976,0.00023537305818763368,0.00023537305818763368,0.00023537305818763368,0.00023537305818763368,0.00023537305818763368,10.815201125047697,11.239358754962485,1.9434728421342475,1.021863292246939,#9467bd,e
271.54291671669534,223.23361653102052,2,0,0,1,0,0,0,0,0,0,0,0.0014692996813889987,0.0002355443507373144,0.44232540526750147,0.3146608544806456,0.2401311744655978,0.0002355443507373144,0.0002355443507373144,0.0002355443507373144,0.0002355443507373144,0.0002355443507373144,15.617605548093222,6.583929004396415,3.3096892185864983,0.9995260490265729,#2ca02c,C
277.48758624172723,223.01328803577192,2,0,0,1,0,0,0,0,0,0,0,0.0015660371673966004,0.00023552153124030105,0.4422825528567651,0.3146303701900797,0.24010791059787448,0.00023552153124030105,0.00023552153124030105,0.00023552153124030105,0.00023552153124030105,0.00023552153124030105,10.192066681135538,12.057770817482897,4.485907557950581,0.9618973470392618,#2ca02c,C
286.04899291427336,224.09476136708847,4,0,0,0,0,1,0,0,0,0,0,0.0017119938311045372,0.0002354871013849367,0.44221789751827084,0.3145843757619617,0.24007281027991126,0.0002354871013849367,0.0002354871013849367,0.0002354871013849367,0.0002354871013849367,0.0002354871013849367,11.317129614275164,10.420322413679923,3.868725351298424,1.0715009102295598,#9467bd,e
294.08109502653724,220.5523674732161,3,0,0,0,1,0,0,0,0,0,0,0.001878582570330473,0.00023544780460977636,0.4421441026599178,0.31453187967444535,0.2400327482672057,0.00023544780460977636,0.00023544780460977636,0.00023544780460977636,0.00023544780460977636,0.00023544780460977636,9.847456106199328,11.558109806172055,3.80714900484079,1.0865395094480716,#d62728,d
299.4860260211247,222.02861230432146,2,0,0,1,0,0,0,0,0,0,0,0.0019842087303233408,0.00023542288835505482,0.44209731277753284,0.3144985943505707,0.24000734681100078,0.00023542288835505482,0.00023542288835505482,0.00023542288835505482,0.00023542288835505482,0.00023542288835505482,13.456420736520444,9.044116980086576,2.2390391840820243,0.9808827802657705,#2ca02c,C
305.4316109832359,223.38233447176137,2,0,0,1,0,0,0,0,0,0,0,0.002109076972868206,0.00023539343306729196,0.44204199910918884,0.3144592453872547,0.23997731793184246,0.00023539343306729196,0.00023539343306729196,0.00023539343306729196,0.00023539343306729196,0.00023539343306729196,13.636552156942026,8.246392473274524,2.99097750760307,1.0314454911417805,#2ca02c,C
312.9757419234127,225.58442786804494,3,0,0,0,1,0,0,0,0,0,0,0.002277995280091775,0.0002353535867681347,0.4419671723074933,0.3144060151972652,0.23993669569409917,0.0002353535867681347,0.0002353535867681347,0.0002353535867681347,0.0002353535867681347,0.0002353535867681347,5.269344895057899,17.376497132755627,1.2964967480553866,0.8823378548019093,#d62728,d
274.02994620830685,228.85928374239376,2,0,0,1,0,0,0,0,0,0,0,0.0014919902235783912,0.0002355389982438696,0.4423153538957545,0.314653704149272,0.24012571774148958,0.0002355389982438696,0.0002355389982438696,0.0002355389982438696,0.0002355389982438696,0.0002355389982438696,12.08812076696555,9.689924412664999,2.5464212464300893,0.8950160168619024,#2ca02c,C
279.7867480970105,230.00955029903423,2,0,0,1,0,0,0,0,0,0,0,0.0015837984907054385,0.00023551734150495726,0.4422746850120127,0.3146247731732156,0.24010363927459438,0.00023551734150495726,0.00023551734150495726,0.00023551734150495726,0.00023551734150495726,0.00023551734150495726,16.08649883227223,5.818030409968443,1.3003992022274076,0.9572334618489637,#2ca02c,C
288.79005293418055,229.71981527713987,3,0,0,0,1,0,0,0,0,0,0,0.0017453469510152165,0.00023547923368595467,0.4422031228776146,0.31457386539787635,0.240064789370936,0.00023547923368595467,0.00023547923368595467,0.00023547923368595467,0.00023547923368595467,0.00023547923368595467,15.469485123653206,6.817491637958456,3.8080797730428197,0.9865134112732734,#d62728,d
297.5972079718799,229.25520554288508,4,0,0,0,0,1,0,0,0,0,0,0.0019199418922816144,0.0002354380483202273,0.44212578146174353,0.31451884636502203,0.24002280199058937,0.0002354380483202273,0.0002354380483202273,0.0002354380483202273,0.0002354380483202273,0.0002354380483202273,16.033898677492964,5.874898028076964,2.1538959903247608,0.9682687466032218,#9467bd,e
302.33446566148046,231.72106377476433,3,0,0,0,1,0,0,0,0,0,0,0.0020129383393132885,0.00023541611130043416,0.4420845862424993,0.31448954096512066,0.2400004377848221,0.00023541611130043416,0.00023541611130043416,0.00023541611130043416,0.00023541611130043416,0.00023541611130043416,10.675775155512506,10.839493932757174,4.081686414249021,0.980242851455161,#d62728,d
310.433418417115,227.79636656613724,3,0,0,0,1,0,0,0,0,0,0,0.00220886322401937,0.00023536989439418716,0.4419977961678407,0.3144278003580307,0.23995332088330223,0.00023536989439418716,0.00023536989439418716,0.00023536989439418716,0.00023536989439418716,0.00023536989439418716,13.55886396255261,8.338911422912087,2.5618535547932204,0.9821045287903523,#d62728,d
278.0791804143461,234.49490985829087,4,0,0,0,0,1,0,0,0,0,0,0.001544217088180923,0.00023552667839941223,0.4422922186340707,0.3146372462177959,0.24011315798911378,0.00023552667839941223,0.00023552667839941223,0.00023552667839941223,0.00023552667839941223,0.00023552667839941223,14.222670581435182,7.6764139891860275,4.791966727431345,0.9862381422272805,#9467bd,e
284.98039253425105,232.16579826525896,2,0,0,1,0,0,0,0,0,0,0,0.0016689506415399145,0.00023549725488360875,0.44223696462983997,0.31459793969825695,0.24008316150061945,0.00023549725488360875,0.00023549725488360875,0.00023549725488360875,0.00023549725488360875,0.00023549725488360875,11.195911273511369,11.131708357206938,3.43718438736802,1.1363571839770126,#2ca02c,C
294.4824355212524,235.76800298647828,4,0,0,0,0,1,0,0,0,0,0,0.0018398009880703388,0.00023545695283387313,0.4421612819805783,0.3145441006765719,0.2400420746373341,0.00023545695283387313,0.00023545695283387313,0.00023545695283387313,0.00023545695283387313,0.00023545695283387313,11.130711564534554,10.659887481751895,3.4603912050295893,0.8498778476901142,#9467bd,e
299.4422897481152,234.77609905693086,2,0,0,1,0,0,0,0,0,0,0,0.001943300509905905,0.00023543253823383667,0.4421154341484322,0.3145114855071347,0.24001718460468202,0.00023543253823383667,0.00023543253823383667,0.00023543253823383667,0.00023543253823383667,0.00023543253823383667,17.121950497301274,5.042164695187589,5.011485478438091,1.0473153695417314,#2ca02c,C
303.58654279690853,237.0927624831282,3,0,0,0,1,0,0,0,0,0,0,0.0020266868776460394,0.00023541286814473134,0.4420784959662685,0.3144852084725711,0.23999713147420398,0.00023541286814473134,0.00023541286814473134,0.00023541286814473134,0.00023541286814473134,0.00023541286814473134,11.263691374965859,10.669914564092348,0.561757171345893,1.0483074774379306,#d62728,d
314.35716687703984,232.3147060711872,2,0,0,1,0,0,0,0,0,0,0,0.002289446626348416,0.0002353508854992421,0.44196209963284017,0.3144024066047633,0.23993394182261082,0.0002353508854992421,0.0002353508854992421,0.0002353508854992421,0.0002353508854992421,0.0002353508854992421,13.898695236953918,7.992532616261282,4.676515882371413,0.8841974350811654,#2ca02c,C
281.79856648860215,239.9812189349778,3,0,0,0,1,0,0,0,0,0,0,0.0015965791345014444,0.0002355143266668116,0.4422690234900937,0.31462074568733417,0.24010056572762764,0.0002355143266668116,0.0002355143266668116,0.0002355143266668116,0.0002355143266668116,0.0002355143266668116,9.662388785133803,12.115338013329335,1.1746850959518154,1.0724000195336238,#d62728,d
286.8658878040555,240.2883574083398,2,0,0,1,0,0,0,0,0,0,0,0.0016859545492252889,0.00023549324381575226,0.4422294323022353,0.3145925813611321,0.24007907232407066,0.00023549324381575226,0.00023549324381575226,0.00023549324381575226,0.00023549324381575226,0.00023549324381575226,12.581086114456292,9.382504761270853,5.468632119261144,1.0981401029361813,#2ca02c,C
291.9252333765545,239.51452242865588,4,0,0,0,0,1,0,0,0,0,0,0.001782150001598588,0.00023547055217956525,0.4421868199995366,0.31456226787830044,0.24005593880704476,0.00023547055217956525,0.00023547055217956525,0.00023547055217956525,0.00023547055217956525,0.00023547055217956525,12.457113334867167,9.714945665615705,5.116012177353025,0.9796790675215116,#9467bd,e
301.7253442700795,242.49744669232814,4,0,0,0,0,1,0,0,0,0,0,0.0019760842583619598,0.0002354248048444253,0.44210091172581933,0.31450115456558336,0.2400093006207268,0.0002354248048444253,0.0002354248048444253,0.0002354248048444253,0.0002354248048444253,0.0002354248048444253,13.416759215304795,8.40369626015683,1.312878937761827,1.0733926552226123,#9467bd,e
304.45075436755246,243.25854017069403,2,0,0,1,0,0,0,0,0,0,0,0.002034057666971449,0.0002354111294422703,0.442075230881505,0.3144828857609443,0.23999535891348361,0.0002354111294422703,0.0002354111294422703,0.0002354111294422703,0.0002354111294422703,0.0002354111294422703,17.49049378268735,4.405275269629392,1.1297928537966266,0.917686483846258,#2ca02c,C
285.759950012148,247.39231770578496,2,0,0,1,0,0,0,0,0,0,0,0.001656456575409648,0.00023550020212067792,0.44224249920465347,0.3146018768766764,0.24008616613009426,0.00023550020212067792,0.00023550020212067792,0.00023550020212067792,0.00023550020212067792,0.00023550020212067792,16.65415869417128,5.557854727712833,4.686833721380955,0.9221519280626265,#2ca02c,C
293.2936687933349,247.1642522582592,3,0,0,0,1,0,0,0,0,0,0,0.0017977043087061785,0.00023546688305935932,0.44217992981058923,0.3145573663449137,0.24005219823699267,0.00023546688305935932,0.00023546688305935932,0.00023546688305935932,0.00023546688305935932,0.00023546688305935932,14.15419019004152,7.610522043330669,3.1405365442206405,0.9572171420370665,#d62728,d
297.3051016393404,249.57848465542676,3,0,0,0,1,0,0,0,0,0,0,0.0018753791295967913,0.00023544856027243898,0.4421455217081457,0.3145328891550734,0.24003351864510739,0.00023544856027243898,0.00023544856027243898,0.00023544856027243898,0.00023544856027243898,0.00023544856027243898,17.672068235427353,4.429955823926787,5.745644197982188,1.0767109742566088,#d62728,d
308.68064312150034,247.45354982787964,4,0,0,0,0,1,0,0,0,0,0,0.002123788129067414,0.00023538996283875075,0.44203548241608603,0.31445460955084176,0.2399737801265304,0.00023538996283875075,0.00023538996283875075,0.00023538996283875075,0.00023538996283875075,0.00023538996283875075,11.008239569589845,10.922100820985312,1.135563138265933,1.0026163988775671,#9467bd,e
313.65837312663245,248.74148885180807,3,0,0,0,1,0,0,0,0,0,0,0.002240204036129646,0.00023536250138039426,0.4419839129317883,0.3144179241201588,0.23994578390319904,0.00023536250138039426,0.00023536250138039426,0.00023536250138039426,0.00023536250138039426,0.00023536250138039426,13.157011282441337,8.734237938611576,3.7244473228671873,1.081478322636649,#d62728,d
286.319941604067,253.70878814295438,2,0,0,1,0,0,0,0,0,0,0,0.0016623927698157096,0.00023549880182616842,0.4422398696113965,0.31460000624014656,0.24008473856724202,0.00023549880182616842,0.00023549880182616842,0.00023549880182616842,0.00023549880182616842,0.00023549880182616842,13.638871856485093,8.553648882295448,2.637356320806622,1.0058392576204387,#2ca02c,C
297.4385295947159,253.71854660909233,2,0,0,1,0,0,0,0,0,0,0,0.0018756899208307249,0.00023544848695960106,0.44214538403500414,0.3145327912173383,0.24003344390462722,0.00023544848695960106,0.00023544848695960106,0.00023544848695960106,0.00023544848695960106,0.00023544848695960106,13.185188980734546,8.372632465444534,5.421867449535751,0.8983820293060324,#2ca02c,C
300.37469156204486,256.42614767192464,3,0,0,0,1,0,0,0,0,0,0,0.0019358484704708075,0.0002354342961024629,0.4421187352250663,0.31451383382261017,0.24001897670479586,0.0002354342961024629,0.0002354342961024629,0.0002354342961024629,0.0002354342961024629,0.0002354342961024629,8.898634503431579,13.713437392636335,0.180209831852881,1.0632239159094048,#d62728,d
310.8451430777051,255.30152923624766,3,0,0,0,1,0,0,0,0,0,0,0.0021690480777165483,0.0002353792864266829,0.44201543333284576,0.31444034706085405,0.23996289580958158,0.0002353792864266829,0.0002353792864266829,0.0002353792864266829,0.0002353792864266829,0.0002353792864266829,15.85286680187229,6.336652232688481,1.0257372752594065,1.034841353018569,#d62728,d
293.64741501605687,260.8094860043749,4,0,0,0,0,1,0,0,0,0,0,0.0018001834156916503,0.00023546629826046918,0.4421788316250234,0.31455658511913653,0.24005160205014348,0.00023546629826046918,0.00023546629826046918,0.00023546629826046918,0.00023546629826046918,0.00023546629826046918,15.576353464872787,6.57048962429093,4.106455983322143,0.9872983194983053,#9467bd,e
298.7911401017147,262.7774980751575,2,0,0,1,0,0,0,0,0,0,0,0.001904564923007767,0.00023544167560804406,0.44213259309423886,0.31452369201502506,0.24002649991363798,0.00023544167560804406,0.00023544167560804406,0.00023544167560804406,0.00023544167560804406,0.00023544167560804406,9.270456073511024,12.976646187713378,5.2164914835483245,0.9991345688205223,#2ca02c,C
305.49159591123134,263.2789073331624,4,0,0,0,0,1,0,0,0,0,0,0.002048550936323837,0.0002354077106112633,0.44206881070710485,0.31447831858587677,0.2399918735065849,0.0002354077106112633,0.0002354077106112633,0.0002354077106112633,0.0002354077106112633,0.0002354077106112633,17.343518567538435,4.6066762802353365,0.2579868651481133,0.9945543129090199,#9467bd,e
295.4685261518144,266.44743725970835,2,0,0,1,0,0,0,0,0,0,0,0.0018400241596639518,0.00023545690018971497,0.44216118312085817,0.3145440303498766,0.2400420209680209,0.00023545690018971497,0.00023545690018971497,0.00023545690018971497,0.00023545690018971497,0.00023545690018971497,13.091905236938857,9.324779923292347,1.5453596675373604,0.9406406862374912,#2ca02c,C
89.70501894939382,410.19629830389647,2,0,0,1,0,0,0,0,0,0,0,0.0012588056652778116,0.0002355940043697397,0.4424186491216494,0.3147271861687464,0.2401817950176656,0.0002355940043697397,0.0002355940043697397,0.0002355940043697397,0.0002355940043697397,0.0002355940043697397,9.960881002071755,11.803980363176088,1.3031411785856435,0.9824551747407112,#2ca02c,C
95.78372912955844,407.43016289503095,3,0,0,0,1,0,0,0,0,0,0,0.001214327812057632,0.00023560449629257753,0.44243835175517365,0.314741202201799,0.2401924912527719,0.00023560449629257753,0.00023560449629257753,0.00023560449629257753,0.00023560449629257753,0.00023560449629257753,17.216859408788782,5.001440508544542,4.171353068356679,0.922036628297621,#d62728,d
104.4292450478823,406.49429950233065,4,0,0,0,0,1,0,0,0,0,0,0.0011971053527245648,0.00023560855891478872,0.4424459808959719,0.31474662940976394,0.24019663298760838,0.00023560855891478872,0.00023560855891478872,0.00023560855891478872,0.00023560855891478872,0.00023560855891478872,16.591918092865402,5.709444698452422,0.2222466002738056,1.1064670803958083,#9467bd,e
109.79609077385268,406.8342728236388,2,0,0,1,0,0,0,0,0,0,0,0.0012017261951317794,0.00023560746889990554,0.44244393397243736,0.31474517327204093,0.24019552174654799,0.00023560746889990554,0.00023560746889990554,0.00023560746889990554,0.00023560746889990554,0.00023560746889990554,19.467168028417237,2.632886671708808,0.12181589874164585,1.015851709772199,#2ca02c,C
119.09305475718836,410.0723000469092,2,0,0,1,0,0,0,0,0,0,0,0.0012511155891743067,0.00023559581838906063,0.442422055642879,0.314729609495257,0.24018364436191297,0.00023559581838906063,0.00023559581838906063,0.00023559581838906063,0.00023559581838906063,0.00023559581838906063,16.652972004284024,5.286444213586678,5.199830216608706,0.9542827840313095,#2ca02c,C
123.32493933723318,409.5949346158849,2,0,0,1,0,0,0,0,0,0,0,0.0012500944206122605,0.00023559605927347797,0.4424225079963198,0.314729931289842,0.2401838899371427,0.00023559605927347797,0.00023559605927347797,0.00023559605927347797,0.00023559605927347797,0.00023559605927347797,9.678166972881556,12.360867457117688,4.060725802723995,1.0631120284055755,#2ca02c,C
77.4320118986102,412.53346418635243,2,0,0,1,0,0,0,0,0,0,0,0.0013165545208970802,0.00023558038193760182,0.4423930677489812,0.3147089881261137,0.24016790731194007,0.00023558038193760182,0.00023558038193760182,0.00023558038193760182,0.00023558038193760182,0.00023558038193760182,15.06252875971912,6.8927521252821915,4.785097640523835,1.0293669713164024,#2ca02c,C
85.09416703286487,414.05844504127595,4,0,0,0,0,1,0,0,0,0,0,0.0013204703322518896,0.00023557945823316,0.44239133313747253,0.3147077541605015,0.24016696561993267,0.00023557945823316,0.00023557945823316,0.00023557945823316,0.00023557945823316,0.00023557945823316,16.67802364302147,4.9326992744224185,0.7289476880285644,0.9880902022126963,#9467bd,e
95.28709127013407,415.67014301987786,2,0,0,1,0,0,0,0,0,0,0,0.0013282628799287078,0.0002355776200417228,0.44238788122376765,0.3147052985427526,0.24016509163285837,0.0002355776200417228,0.0002355776200417228,0.0002355776200417228,0.0002355776200417228,0.0002355776200417228,11.441369897577113,10.556153130793346,5.0544511436400175,0.983238317259564,#2ca02c,C
98.40286807672501,414.30705639647016,2,0,0,1,0,0,0,0,0,0,0,0.0013060183789523473,0.00023558286731808424,0.44239773500984175,0.3147123083158948,0.24017044109096033,0.00023558286731808424,0.00023558286731808424,0.00023558286731808424,0.00023558286731808424,0.00023558286731808424,13.538284841263929,8.4135621434309,0.5677814549469198,1.0187771943375499,#2ca02c,C
109.50702856228531,414.5837768109162,2,0,0,1,0,0,0,0,0,0,0,0.0013071915657683576,0.0002355825905739373,0.4423972153159218,0.3147119386167299,0.24017015895769403,0.0002355825905739373,0.0002355825905739373,0.0002355825905739373,0.0002355825905739373,0.0002355825905739373,10.513030254414874,11.601081644598233,5.164382848315338,0.8885845027092399,#2ca02c,C
114.20858276092082,415.76028135774493,2,0,0,1,0,0,0,0,0,0,0,0.0013262014278329964,0.0002355781063196062,0.44238879439812817,0.31470594815550634,0.24016558738017263,0.0002355781063196062,0.0002355781063196062,0.0002355781063196062,0.0002355781063196062,0.0002355781063196062,14.372474112990044,7.617666654983811,2.3722389820989056,1.0031804151829624,#2ca02c,C
123.16756251919244,416.90306989491387,2,0,0,1,0,0,0,0,0,0,0,0.0013525551278362688,0.00023557188972040218,0.4423771203343958,0.3146976434756812,0.24015924972332212,0.00023557188972040218,0.00023557188972040218,0.00023557188972040218,0.00023557188972040218,0.00023557188972040218,11.275630925832289,10.713839695844548,5.835440400843226,0.9778078544021609,#2ca02c,C
126.01875922975978,416.2383023154218,2,0,0,1,0,0,0,0,0,0,0,0.0013475276142073066,0.00023557307566534426,0.44237934740363133,0.31469922776521164,0.24016045876251538,0.00023557307566534426,0.00023557307566534426,0.00023557307566534426,0.00023557307566534426,0.00023557307566534426,14.48556306978221,7.471780220038845,2.238075205435032,1.0750070621501746,#2ca02c,C
73.8068818216493,418.50264398270883,2,0,0,1,0,0,0,0,0,0,0,0.0014137318197133225,0.00023555745869272937,0.4423500205116073,0.31467836524003534,0.24014453767604538,0.00023555745869272937,0.00023555745869272937,0.00023555745869272937,0.00023555745869272937,0.00023555745869272937,14.165705995852047,7.923321109176748,3.4985697143289505,1.0753640823671813,#2ca02c,C
84.1215711147187,419.71107605984855,3,0,0,0,1,0,0,0,0,0,0,0.0014053202189428602,0.000235559442913186,0.44235374665114274,0.31468101593618836,0.24014656053580474,0.000235559442913186,0.000235559442913186,0.000235559442913186,0.000235559442913186,0.000235559442913186,4.7966682082108,17.031873563043003,0.5884553154078119,1.007512034973563,#d62728,d
91.27633335518681,420.8198259671642,2,0,0,1,0,0,0,0,0,0,0,0.0014095018808686066,0.00023555845649700168,0.44235189427413973,0.3146796981947165,0.24014555491085082,0.00023555845649700168,0.00023555845649700168,0.00023555845649700168,0.00023555845649700168,0.00023555845649700168,12.694800683320581,8.853718184823864,3.9560541628980825,1.0273723896671094,#2ca02c,C
95.09311538146842,420.9951139772337,4,0,0,0,0,1,0,0,0,0,0,0.00140737177375785,0.00023555895896998152,0.4423528378610428,0.314680369442304,0.2401460671686333,0.00023555895896998152,0.00023555895896998152,0.00023555895896998152,0.00023555895896998152,0.00023555895896998152,16.13927109193314,5.831904988323081,5.568835982110403,1.0986044289435715,#9467bd,e
102.60911335816905,421.11523762466754,4,0,0,0,0,1,0,0,0,0,0,0.0014037146060308667,0.0002355598216627335,0.4423544578995618,0.31468152190313625,0.24014694666085243,0.0002355598216627335,0.0002355598216627335,0.0002355598216627335,0.0002355598216627335,0.0002355598216627335,16.13253976546339,5.752061852683988,2.790256832449811,1.039836066790526,#9467bd,e
109.47854291272425,420.6011054509947,2,0,0,1,0,0,0,0,0,0,0,0.0013954783039092995,0.00023556176453182608,0.44235810638595546,0.31468411735850127,0.24014892736400062,0.00023556176453182608,0.00023556176453182608,0.00023556176453182608,0.00023556176453182608,0.00023556176453182608,14.829199840544083,6.828725570276329,0.7647913439656395,1.0251460362439149,#2ca02c,C
118.28165566713214,420.8688480555735,2,0,0,1,0,0,0,0,0,0,0,0.0014054111348738474,0.0002355594214669411,0.44235370637754273,0.3146809872864087,0.24014653867193086,0.0002355594214669411,0.0002355594214669411,0.0002355594214669411,0.0002355594214669411,0.0002355594214669411,11.496452595421395,10.184000584126693,0.6313590430058513,1.008996477617793,#2ca02c,C
124.60372809432734,422.21290613734186,4,0,0,0,0,1,0,0,0,0,0,0.0014347621723875463,0.00023555249782295857,0.44234070456441954,0.31467173807399984,0.240139480201813,0.00023555249782295857,0.00023555249782295857,0.00023555249782295857,0.00023555249782295857,0.00023555249782295857,17.296985978544154,4.7135718801321795,4.640785483052934,0.9911287078451332,#9467bd,e
71.984385534987,427.42546009217585,2,0,0,1,0,0,0,0,0,0,0,0.0015607354769575307,0.00023552278186107005,0.44228490137982135,0.31463204087926655,0.24010918557234587,0.00023552278186107005,0.00023552278186107005,0.00023552278186107005,0.00023552278186107005,0.00023552278186107005,12.56233473835722,9.547571704273919,2.225153505467871,0.9756213277680851,#2ca02c,C
80.85339453500791,428.30688032121117,2,0,0,1,0,0,0,0,0,0,0,0.0015492410161644296,0.00023552549330029145,0.44228999315319106,0.31463566305818785,0.24011194981221276,0.00023552549330029145,0.00023552549330029145,0.00023552549330029145,0.00023552549330029145,0.00023552549330029145,15.839889748350503,5.931345643940582,0.8907080312954087,1.0006245854641274,#2ca02c,C
85.98301019326442,427.3048441891497,4,0,0,0,0,1,0,0,0,0,0,0.00152112877125188,0.00023553212472431635,0.44230244621058823,0.31464452189748315,0.24011871037188862,0.00023553212472431635,0.00023553212472431635,0.00023553212472431635,0.00023553212472431635,0.00023553212472431635,13.343999700779385,8.97047678858097,4.884186566810456,0.9892510395367493,#9467bd,e
91.43416826748117,426.7420890452692,3,0,0,0,1,0,0,0,0,0,0,0.001502514390757879,0.0002355365156881259,0.4423106919394308,0.31465038773302534,0.24012318684221504,0.0002355365156881259,0.0002355365156881259,0.0002355365156881259,0.0002355365156881259,0.0002355365156881259,17.555532641748144,4.694984480773064,4.796874570356686,1.0161975764287876,#d62728,d
101.03435344224617,425.9137044263103,4,0,0,0,0,1,0,0,0,0,0,0.0014795322007495535,0.00023554193697865038,0.4423208725042408,0.314657629969587,0.24012871370310845,0.00023554193697865038,0.00023554193697865038,0.00023554193697865038,0.00023554193697865038,0.00023554193697865038,17.755757933534518,4.683755405597116,2.2724467628640728,1.046467923830272,#9467bd,e
106.39789596000466,426.65128797489683,2,0,0,1,0,0,0,0,0,0,0,0.0014898969747424347,0.00023553949202231611,0.44231628115531635,0.31465436378193745,0.2401262211354276,0.00023553949202231611,0.00023553949202231611,0.00023553949202231611,0.00023553949202231611,0.00023553949202231611,11.148364263500403,11.188033068510748,5.006874279707259,0.9520062274199872,#2ca02c,C
115.8484895170087,427.5851832554838,4,0,0,0,0,1,0,0,0,0,0,0.0015090946399266062,0.00023553496346692966,0.4423077770451973,0.31464831413946887,0.24012160439416344,0.00023553496346692966,0.00023553496346692966,0.00023553496346692966,0.00023553496346692966,0.00023553496346692966,14.54003313559942,8.030637019237195,1.4640929234841726,1.09414089915055,#9467bd,e
120.13024621912515,428.5068263332819,2,0,0,1,0,0,0,0,0,0,0,0.0015289199205583551,0.000235530286862742,0.4422989949163281,0.314642066720394,0.2401168367211007,0.000235530286862742,0.000235530286862742,0.000235530286862742,0.000235530286862742,0.000235530286862742,7.114826262317309,14.497585534187184,5.143663778221988,1.0499617273774118,#2ca02c,C
129.06230655386273,427.7014662400611,2,0,0,1,0,0,0,0,0,0,0,0.0015310536938112848,0.0002355297835249525,0.44229804970541126,0.31464139431751775,0.24011632358166785,0.0002355297835249525,0.0002355297835249525,0.0002355297835249525,0.0002355297835249525,0.0002355297835249525,9.967535797867031,11.961881497337641,3.7102601474328685,0.9060714292998023,#2ca02c,C
67.4128409121712,432.60098761935075,2,0,0,1,0,0,0,0,0,0,0,0.0016661429753146457,0.00023549791718664847,0.44223820835935224,0.3145988244608919,0.24008383670087913,0.00023549791718664847,0.00023549791718664847,0.00023549791718664847,0.00023549791718664847,0.00023549791718664847,16.008632695584915,6.101569861480506,2.3534091152783905,0.9943094812539965,#2ca02c,C
75.1100756809706,432.0928739098172,3,0,0,0,1,0,0,0,0,0,0,0.0016299291425792269,0.00023550645970188275,0.4422542502279056,0.3146102363038617,0.240092545567,0.00023550645970188275,0.00023550645970188275,0.00023550645970188275,0.00023550645970188275,0.00023550645970188275,9.949223361366272,11.859553110602238,5.171568319404601,1.0935927144850974,#d62728,d
84.83353765733285,432.7971638511827,2,0,0,1,0,0,0,0,0,0,0,0.0016163751432688998,0.00023550965696759172,0.44226025432796584,0.31461450749252245,0.24009580509399508,0.00023550965696759172,0.00023550965696759172,0.00023550965696759172,0.00023550965696759172,0.00023550965696759172,13.371412118260935,8.639450356631816,1.8351258063184543,0.9613705451060358,#2ca02c,C
90.38320485269622,432.4104744526776,3,0,0,0,1,0,0,0,0,0,0,0.001599182647951599,0.00023551371252156293,0.44226787019541625,0.3146199252581109,0.24009993962294968,0.00023551371252156293,0.00023551371252156293,0.00023551371252156293,0.00023551371252156293,0.00023551371252156293,12.1256699609424,10.017301474625473,2.9700332117105415,1.028208847123162,#d62728,d
97.02514291206273,432.57785247066613,2,0,0,1,0,0,0,0,0,0,0,0.0015935659498901597,0.0002355150374497777,0.4422703582593741,0.31462169521371747,0.24010129035187738,0.0002355150374497777,0.0002355150374497777,0.0002355150374497777,0.0002355150374497777,0.0002355150374497777,10.588987057080242,11.416873136590459,3.136493120906273,0.9036489006459684,#2ca02c,C
102.90648651302055,431.6248559355594,3,0,0,0,1,0,0,0,0,0,0,0.0015732997250256086,0.0002355198180687172,0.44227933571607486,0.3146280815848435,0.24010616406520152,0.0002355198180687172,0.0002355198180687172,0.0002355198180687172,0.0002355198180687172,0.0002355198180687172,12.012428318133729,10.10814252690297,5.858443206884762,0.9653316088290523,#d62728,d
111.54949407754269,432.3590291432698,4,0,0,0,0,1,0,0,0,0,0,0.0015863374047988563,0.00023551674259811192,0.44227356033331733,0.3146239731007913,0.24010302870506162,0.00023551674259811192,0.00023551674259811192,0.00023551674259811192,0.00023551674259811192,0.00023551674259811192,12.694498205431843,9.434635957653972,2.4673572180787913,1.0057217479562766,#9467bd,e
119.18208000596105,432.7414395879591,2,0,0,1,0,0,0,0,0,0,0,0.0015994529135068308,0.00023551364876836566,0.44226775047418865,0.3146198400909843,0.24009987462826785,0.00023551364876836566,0.00023551364876836566,0.00023551364876836566,0.00023551364876836566,0.00023551364876836566,14.925491761783551,6.746779308105136,5.826431864209919,0.9222964038388445,#2ca02c,C
124.88082296556122,432.00667637671654,4,0,0,0,0,1,0,0,0,0,0,0.0015953666611810008,0.00023551461267828924,0.4422695605870029,0.3146211277666142,0.24010085730869005,0.00023551461267828924,0.00023551461267828924,0.00023551461267828924,0.00023551461267828924,0.00023551461267828924,11.045039807690227,11.208987583019894,3.4509117017987876,0.9518478084999551,#9467bd,e
65.6408517670955,437.06700236571766,2,0,0,1,0,0,0,0,0,0,0,0.0017542849451209594,0.00023547712529407662,0.4421991635583229,0.3145710488226206,0.240062639921729,0.00023547712529407662,0.00023547712529407662,0.00023547712529407662,0.00023547712529407662,0.00023547712529407662,15.681870327307976,6.4836465041637235,4.460632538680635,1.0543657343333994,#2ca02c,C
71.03607771086848,437.5525335633861,4,0,0,0,0,1,0,0,0,0,0,0.0017419753924266634,0.000235480029006097,0.44220461639806274,0.3145749278564528,0.24006560017857906,0.000235480029006097,0.000235480029006097,0.000235480029006097,0.000235480029006097,0.000235480029006097,16.52871306214043,5.65893982380923,2.541532534155438,1.010605746508439,#9467bd,e
77.76604124200422,440.8437460088935,2,0,0,1,0,0,0,0,0,0,0,0.0017814757892431943,0.00023547071122015508,0.44218711865961113,0.3145624803387043,0.2400561009446783,0.00023547071122015508,0.00023547071122015508,0.00023547071122015508,0.00023547071122015508,0.00023547071122015508,12.142193700124489,9.965550064771827,5.345902685691218,0.9432963401311041,#2ca02c,C
86.61528503883837,440.4942105549557,3,0,0,0,1,0,0,0,0,0,0,0.001752363157672707,0.00023547757862633431,0.4422000148645588,0.31457165442371066,0.24006310208185774,0.00023547757862633431,0.00023547757862633431,0.00023547757862633431,0.00023547757862633431,0.00023547757862633431,9.684483876121025,12.567372979815717,0.5586980198964417,1.0218969219178373,#d62728,d
95.29690336878447,436.9193868228063,3,0,0,0,1,0,0,0,0,0,0,0.0016722257785199987,0.00023549648230845074,0.44223551382187626,0.3145969076244305,0.24008237388088044,0.00023549648230845074,0.00023549648230845074,0.00023549648230845074,0.00023549648230845074,0.00023549648230845074,16.92721926980177,4.846966378549923,3.807459443031632,0.9688473591626906,#d62728,d
97.63609704913007,440.9440819349258,2,0,0,1,0,0,0,0,0,0,0,0.0017443213113672946,0.00023547947562506068,0.44220357721164033,0.31457418860140723,0.24006503602139267,0.00023547947562506068,0.00023547947562506068,0.00023547947562506068,0.00023547947562506068,0.00023547947562506068,6.140102190486154,15.736894913866374,6.213883544355214,0.9785841420642947,#2ca02c,C
106.650537184689,439.6469326057423,3,0,0,0,1,0,0,0,0,0,0,0.001715752579761837,0.00023548621473016307,0.44221623248181013,0.3145831912905539,0.240071906359051,0.00023548621473016307,0.00023548621473016307,0.00023548621473016307,0.00023548621473016307,0.00023548621473016307,15.898888117197805,6.470970956725806,4.2910573156727505,1.0699420714938863,#d62728,d
115.73467750231782,437.19689320707226,3,0,0,0,1,0,0,0,0,0,0,0.0016748122512009072,0.00023549587218296524,0.4422343680758552,0.3145960925651603,0.2400817518742437,0.00023549587218296524,0.00023549587218296524,0.00023549587218296524,0.00023549587218296524,0.00023549587218296524,12.395410930517581,9.537640865449404,1.9416599037018705,0.9297912727476385,#d62728,d
121.8583979862299,438.13271357129406,3,0,0,0,1,0,0,0,0,0,0,0.0016994133874534138,0.00023549006899768095,0.44222347035627635,0.3145883401599994,0.24007583568184257,0.00023549006899768095,0.00023549006899768095,0.00023549006899768095,0.00023549006899768095,0.00023549006899768095,17.05243550353678,5.167282374192312,3.9244322276684334,0.9733277344097413,#d62728,d
69.49696659888173,446.83881744164324,4,0,0,0,0,1,0,0,0,0,0,0.0019293538192328456,0.00023543582813188236,0.44212161220144763,0.3145158804422158,0.2400205385678703,0.00023543582813188236,0.00023543582813188236,0.00023543582813188236,0.00023543582813188236,0.00023543582813188236,8.950605631819032,13.513694496804094,5.898923256191237,1.0516362210568544,#9467bd,e
71.79706996234964,446.37168426252504,3,0,0,0,1,0,0,0,0,0,0,0.0019108246420187515,0.0002354401989970097,0.4421298201872591,0.31452171942817103,0.24002499454812698,0.0002354401989970097,0.0002354401989970097,0.0002354401989970097,0.0002354401989970097,0.0002354401989970097,7.814749330460723,14.28699924785459,0.755671259921109,0.9058538534725407,#d62728,d
82.14966580073661,446.19083423584885,2,0,0,1,0,0,0,0,0,0,0,0.001874142833645007,0.00023544885190345967,0.4421460693579153,0.3145332787414331,0.24003381595514384,0.00023544885190345967,0.00023544885190345967,0.00023544885190345967,0.00023544885190345967,0.00023544885190345967,20.827121902573356,1.2614489707136984,3.3489190137937284,1.004934452509084,#2ca02c,C
88.18406551561677,446.187619834818,3,0,0,0,1,0,0,0,0,0,0,0.0018602350521124604,0.00023545213262319135,0.4421522301751047,0.31453766141531536,0.24003716056128616,0.00023545213262319135,0.00023545213262319135,0.00023545213262319135,0.00023545213262319135,0.00023545213262319135,16.215482334616567,5.548058331668095,0.853512511998733,1.0711532567527529,#d62728,d
94.42643908457015,444.3109765432652,3,0,0,0,1,0,0,0,0,0,0,0.0018127906765127713,0.00023546332432179733,0.4421732469076479,0.31455261227036846,0.2400485701990979,0.00023546332432179733,0.00023546332432179733,0.00023546332432179733,0.00023546332432179733,0.00023546332432179733,14.243999734662916,7.761354026568603,5.52871704877368,1.0617611553786386,#d62728,d
103.80943079194265,444.6437274036173,3,0,0,0,1,0,0,0,0,0,0,0.0018118644793198686,0.00023546354280332864,0.44217365719102586,0.31455290413720843,0.2400487929351837,0.00023546354280332864,0.00023546354280332864,0.00023546354280332864,0.00023546354280332864,0.00023546354280332864,14.443403862122834,8.061811058880666,0.02935311095357348,0.9108815470605945,#d62728,d
109.4885443672757,444.1254439160846,2,0,0,1,0,0,0,0,0,0,0,0.0018016643479067233,0.00023546594892196913,0.4421781756071944,0.3145561184420518,0.24005124590887308,0.00023546594892196913,0.00023546594892196913,0.00023546594892196913,0.00023546594892196913,0.00023546594892196913,15.019018930019232,7.468199409592592,1.0417728829552986,0.9373264121135794,#2ca02c,C
118.5893171478632,443.29341695225764,2,0,0,1,0,0,0,0,0,0,0,0.001792417959855199,0.00023546813006118655,0.44218227153768597,0.3145590321996,0.24005346952204962,0.00023546813006118655,0.00023546813006118655,0.00023546813006118655,0.00023546813006118655,0.00023546813006118655,14.615982042036645,7.458671160947844,0.2777667949876776,1.07308691214644,#2ca02c,C
91.80941488335448,452.63016130283887,2,0,0,1,0,0,0,0,0,0,0,0.0019877046983144127,0.00023542206368786094,0.44209576414667157,0.3144974926876224,0.2400065060848225,0.00023542206368786094,0.00023542206368786094,0.00023542206368786094,0.00023542206368786094,0.00023542206368786094,18.33155400031497,3.8633802382719447,5.470218912976073,1.0036049889886514,#2ca02c,C
98.48687344494377,450.46694145506785,2,0,0,1,0,0,0,0,0,0,0,0.0019333193969671412,0.00023543489268800224,0.4421198555446139,0.31451463079402975,0.24001958490781913,0.00023543489268800224,0.00023543489268800224,0.00023543489268800224,0.00023543489268800224,0.00023543489268800224,16.720188325773897,5.618614034668886,1.4544723707582123,0.9455493632636316,#2ca02c,C
107.03850961831317,451.9876786452627,3,0,0,0,1,0,0,0,0,0,0,0.001961791262752699,0.0002354281764326697,0.44210724318370376,0.3145056586296147,0.24001273786489086,0.0002354281764326697,0.0002354281764326697,0.0002354281764326697,0.0002354281764326697,0.0002354281764326697,11.344357327115201,10.5523362677047,2.121915451681964,1.0924762466510827,#d62728,d
115.9566531489285,452.9717140678771,3,0,0,0,1,0,0,0,0,0,0,0.001987563966663865,0.000235422096885183,0.4420958264874532,0.31449753703552413,0.24000653992860568,0.000235422096885183,0.000235422096885183,0.000235422096885183,0.000235422096885183,0.000235422096885183,14.386550963213292,7.485975497252465,1.3895324379939844,0.9575429325111499,#d62728,d
119.88556404979708,451.36918154877435,3,0,0,0,1,0,0,0,0,0,0,0.0019581282103202043,0.00023542904051357042,0.44210886582900766,0.3145068129448581,0.24001361877229052,0.00023542904051357042,0.00023542904051357042,0.00023542904051357042,0.00023542904051357042,0.00023542904051357042,14.54726204933343,7.971861216517051,2.4002075367215663,1.0886595534739023,#d62728,d
